ISO-10303-21;
HEADER;
/* Generated by software containing ST-Developer
 * from STEP Tools, Inc. (www.steptools.com) 
 */
/* OPTION: using custom renumber hook */

FILE_DESCRIPTION(
/* description */ ('STEP AP242 Edition 2',
'CAx-IF Rec.Pracs.---Representation and Presentation of Product Manufa
cturing Information (PMI)---4.0---2014-10-13',
'CAx-IF Rec.Pracs.---3D Tessellated Geometry---0.4---2014-09-14','2;1',
'CAx-IF Rec.Pracs.---User Defined Attributes---1.5---2016-08-15'),
/* implementation_level */ '2;1');

FILE_NAME(
/* name */ '6a6a84a1be776e17aefb6d6c',
/* time_stamp */ '2026-07-29T22:54:27Z',
/* author */ (''),
/* organization */ (''),
/* preprocessor_version */ 'ST-DEVELOPER v20',
/* originating_system */ 'ONSHAPE BY PTC INC, 1.218',
/* authorisation */ '  ');

FILE_SCHEMA (('AP242_MANAGED_MODEL_BASED_3D_ENGINEERING_MIM_LF { 1 0 10303 442 3 1 4 }'));
ENDSEC;

DATA;
#10=(
BOUNDED_SURFACE()
B_SPLINE_SURFACE(3,3,((#5831,#5832,#5833,#5834),(#5835,#5836,#5837,#5838),
(#5839,#5840,#5841,#5842),(#5843,#5844,#5845,#5846)),
 .SURF_OF_REVOLUTION.,.F.,.F.,.F.)
B_SPLINE_SURFACE_WITH_KNOTS((4,4),(4,4),(0.,1.),(0.,1.),
 .PIECEWISE_BEZIER_KNOTS.)
GEOMETRIC_REPRESENTATION_ITEM()
RATIONAL_B_SPLINE_SURFACE(((1.,0.953340071414186,0.953340071414186,1.),
(1.,0.953340071414186,0.953340071414186,1.),(1.,0.953340071414186,0.953340071414186,
1.),(1.,0.953340071414186,0.953340071414186,1.)))
REPRESENTATION_ITEM('')
SURFACE()
);
#11=(
BOUNDED_SURFACE()
B_SPLINE_SURFACE(3,3,((#5898,#5899,#5900,#5901),(#5902,#5903,#5904,#5905),
(#5906,#5907,#5908,#5909),(#5910,#5911,#5912,#5913)),
 .SURF_OF_REVOLUTION.,.F.,.F.,.F.)
B_SPLINE_SURFACE_WITH_KNOTS((4,4),(4,4),(0.,1.),(0.,1.),
 .PIECEWISE_BEZIER_KNOTS.)
GEOMETRIC_REPRESENTATION_ITEM()
RATIONAL_B_SPLINE_SURFACE(((1.,0.953340071414186,0.953340071414186,1.),
(1.,0.953340071414186,0.953340071414186,1.),(1.,0.953340071414186,0.953340071414186,
1.),(1.,0.953340071414186,0.953340071414186,1.)))
REPRESENTATION_ITEM('')
SURFACE()
);
#12=(
BOUNDED_SURFACE()
B_SPLINE_SURFACE(3,3,((#5931,#5932,#5933,#5934),(#5935,#5936,#5937,#5938),
(#5939,#5940,#5941,#5942),(#5943,#5944,#5945,#5946)),
 .SURF_OF_REVOLUTION.,.F.,.F.,.F.)
B_SPLINE_SURFACE_WITH_KNOTS((4,4),(4,4),(0.,1.),(0.,1.),
 .PIECEWISE_BEZIER_KNOTS.)
GEOMETRIC_REPRESENTATION_ITEM()
RATIONAL_B_SPLINE_SURFACE(((1.,0.95335606062296,0.95335606062296,1.),(1.,
0.95335606062296,0.95335606062296,1.),(1.,0.95335606062296,0.95335606062296,
1.),(1.,0.95335606062296,0.95335606062296,1.)))
REPRESENTATION_ITEM('')
SURFACE()
);
#13=(
BOUNDED_SURFACE()
B_SPLINE_SURFACE(3,3,((#5979,#5980,#5981,#5982),(#5983,#5984,#5985,#5986),
(#5987,#5988,#5989,#5990),(#5991,#5992,#5993,#5994)),
 .SURF_OF_REVOLUTION.,.F.,.F.,.F.)
B_SPLINE_SURFACE_WITH_KNOTS((4,4),(4,4),(0.,1.),(0.,1.),
 .PIECEWISE_BEZIER_KNOTS.)
GEOMETRIC_REPRESENTATION_ITEM()
RATIONAL_B_SPLINE_SURFACE(((1.,0.95334007141419,0.95334007141419,1.),(1.,
0.95334007141419,0.95334007141419,1.),(1.,0.95334007141419,0.95334007141419,
1.),(1.,0.95334007141419,0.95334007141419,1.)))
REPRESENTATION_ITEM('')
SURFACE()
);
#14=(
BOUNDED_SURFACE()
B_SPLINE_SURFACE(3,3,((#6012,#6013,#6014,#6015),(#6016,#6017,#6018,#6019),
(#6020,#6021,#6022,#6023),(#6024,#6025,#6026,#6027)),
 .SURF_OF_REVOLUTION.,.F.,.F.,.F.)
B_SPLINE_SURFACE_WITH_KNOTS((4,4),(4,4),(0.,1.),(0.,1.),
 .PIECEWISE_BEZIER_KNOTS.)
GEOMETRIC_REPRESENTATION_ITEM()
RATIONAL_B_SPLINE_SURFACE(((1.,0.95335606062296,0.95335606062296,1.),(1.,
0.95335606062296,0.95335606062296,1.),(1.,0.95335606062296,0.95335606062296,
1.),(1.,0.95335606062296,0.95335606062296,1.)))
REPRESENTATION_ITEM('')
SURFACE()
);
#15=(
BOUNDED_SURFACE()
B_SPLINE_SURFACE(3,3,((#6044,#6045,#6046,#6047),(#6048,#6049,#6050,#6051),
(#6052,#6053,#6054,#6055),(#6056,#6057,#6058,#6059)),
 .SURF_OF_REVOLUTION.,.F.,.F.,.F.)
B_SPLINE_SURFACE_WITH_KNOTS((4,4),(4,4),(0.,1.),(0.,1.),
 .PIECEWISE_BEZIER_KNOTS.)
GEOMETRIC_REPRESENTATION_ITEM()
RATIONAL_B_SPLINE_SURFACE(((1.,0.95334007141419,0.95334007141419,1.),(1.,
0.95334007141419,0.95334007141419,1.),(1.,0.95334007141419,0.95334007141419,
1.),(1.,0.95334007141419,0.95334007141419,1.)))
REPRESENTATION_ITEM('')
SURFACE()
);
#16=(
BOUNDED_CURVE()
B_SPLINE_CURVE(3,(#5528,#5529,#5530,#5531,#5532,#5533,#5534,#5535,#5536,
#5537,#5538,#5539,#5540,#5541),.UNSPECIFIED.,.F.,.F.)
B_SPLINE_CURVE_WITH_KNOTS((4,3,2,2,3,4),(-0.764546769248222,2.36036476902219,
2.39756609685875,2.76957937522427,3.1415926535898,6.26650419186021),
 .UNSPECIFIED.)
CURVE()
GEOMETRIC_REPRESENTATION_ITEM()
RATIONAL_B_SPLINE_CURVE((1.,1.,1.,1.,1.,1.,1.,1.,1.,1.,1.,1.,1.,1.))
REPRESENTATION_ITEM('')
);
#17=(
BOUNDED_CURVE()
B_SPLINE_CURVE(3,(#5545,#5546,#5547,#5548,#5549,#5550,#5551,#5552,#5553,
#5554,#5555,#5556,#5557,#5558),.UNSPECIFIED.,.F.,.F.)
B_SPLINE_CURVE_WITH_KNOTS((4,3,2,2,3,4),(-3.12491153827038,0.,0.372013278365522,
0.744026556731044,0.781227884567596,3.90613942283798),.UNSPECIFIED.)
CURVE()
GEOMETRIC_REPRESENTATION_ITEM()
RATIONAL_B_SPLINE_CURVE((1.,1.,1.,1.,1.,1.,1.,1.,1.,1.,1.,1.,1.,1.))
REPRESENTATION_ITEM('')
);
#18=(
BOUNDED_CURVE()
B_SPLINE_CURVE(3,(#5575,#5576,#5577,#5578,#5579,#5580,#5581,#5582,#5583,
#5584,#5585,#5586,#5587,#5588),.UNSPECIFIED.,.F.,.F.)
B_SPLINE_CURVE_WITH_KNOTS((4,3,2,2,3,4),(2.37772364834138,5.50209297541195,
5.53928784835327,5.91123657776643,6.28318530717959,9.40755463425017),
 .UNSPECIFIED.)
CURVE()
GEOMETRIC_REPRESENTATION_ITEM()
RATIONAL_B_SPLINE_CURVE((1.,1.,1.,1.,1.,1.,1.,1.,1.,1.,1.,1.,1.,1.))
REPRESENTATION_ITEM('')
);
#19=(
BOUNDED_CURVE()
B_SPLINE_CURVE(3,(#5592,#5593,#5594,#5595,#5596,#5597,#5598,#5599,#5600,
#5601),.UNSPECIFIED.,.F.,.F.)
B_SPLINE_CURVE_WITH_KNOTS((4,3,3,4),(0.156824142963792,3.1415926535898,
3.8877847812463,6.87255329187229),.PIECEWISE_BEZIER_KNOTS.)
CURVE()
GEOMETRIC_REPRESENTATION_ITEM()
RATIONAL_B_SPLINE_CURVE((1.,1.,1.,1.,1.,1.,1.,1.,1.,1.))
REPRESENTATION_ITEM('')
);
#20=(
BOUNDED_CURVE()
B_SPLINE_CURVE(3,(#5614,#5615,#5616,#5617,#5618,#5619,#5620,#5621,#5622,
#5623,#5624,#5625,#5626,#5627),.UNSPECIFIED.,.F.,.F.)
B_SPLINE_CURVE_WITH_KNOTS((4,3,2,2,3,4),(-3.12491153827038,0.,0.372013278365522,
0.744026556731044,0.781227884567596,3.90613942283798),.UNSPECIFIED.)
CURVE()
GEOMETRIC_REPRESENTATION_ITEM()
RATIONAL_B_SPLINE_CURVE((1.,1.,1.,1.,1.,1.,1.,1.,1.,1.,1.,1.,1.,1.))
REPRESENTATION_ITEM('')
);
#21=(
BOUNDED_CURVE()
B_SPLINE_CURVE(3,(#5631,#5632,#5633,#5634,#5635,#5636,#5637,#5638,#5639,
#5640,#5641,#5642,#5643,#5644),.UNSPECIFIED.,.F.,.F.)
B_SPLINE_CURVE_WITH_KNOTS((4,3,2,2,3,4),(-0.764546769248222,2.36036476902219,
2.39756609685875,2.76957937522427,3.1415926535898,6.26650419186021),
 .UNSPECIFIED.)
CURVE()
GEOMETRIC_REPRESENTATION_ITEM()
RATIONAL_B_SPLINE_CURVE((1.,1.,1.,1.,1.,1.,1.,1.,1.,1.,1.,1.,1.,1.))
REPRESENTATION_ITEM('')
);
#22=(
BOUNDED_CURVE()
B_SPLINE_CURVE(3,(#5661,#5662,#5663,#5664,#5665,#5666,#5667,#5668,#5669,
#5670),.UNSPECIFIED.,.F.,.F.)
B_SPLINE_CURVE_WITH_KNOTS((4,3,3,4),(0.156824142963792,3.1415926535898,
3.8877847812463,6.87255329187229),.PIECEWISE_BEZIER_KNOTS.)
CURVE()
GEOMETRIC_REPRESENTATION_ITEM()
RATIONAL_B_SPLINE_CURVE((1.,1.,1.,1.,1.,1.,1.,1.,1.,1.))
REPRESENTATION_ITEM('')
);
#23=(
BOUNDED_CURVE()
B_SPLINE_CURVE(3,(#5671,#5672,#5673,#5674,#5675,#5676,#5677,#5678,#5679,
#5680,#5681,#5682,#5683,#5684),.UNSPECIFIED.,.F.,.F.)
B_SPLINE_CURVE_WITH_KNOTS((4,3,2,2,3,4),(2.37772364834138,5.50209297541195,
5.53928784835327,5.91123657776643,6.28318530717959,9.40755463425017),
 .UNSPECIFIED.)
CURVE()
GEOMETRIC_REPRESENTATION_ITEM()
RATIONAL_B_SPLINE_CURVE((1.,1.,1.,1.,1.,1.,1.,1.,1.,1.,1.,1.,1.,1.))
REPRESENTATION_ITEM('')
);
#24=(
BOUNDED_CURVE()
B_SPLINE_CURVE(3,(#6153,#6154,#6155,#6156,#6157,#6158,#6159,#6160,#6161,
#6162,#6163,#6164,#6165,#6166,#6167,#6168,#6169,#6170),.UNSPECIFIED.,.T.,
 .F.)
B_SPLINE_CURVE_WITH_KNOTS((4,2,2,2,2,2,2,2,4),(0.,0.785398163397448,1.5707963267949,
2.35619449019234,3.1415926535898,3.92699081698724,4.71238898038469,5.49778714378214,
6.28318530717959),.UNSPECIFIED.)
CURVE()
GEOMETRIC_REPRESENTATION_ITEM()
RATIONAL_B_SPLINE_CURVE((1.,1.,1.,1.,1.,1.,1.,1.,1.,1.,1.,1.,1.,1.,1.,1.,
1.,1.))
REPRESENTATION_ITEM('')
);
#25=(
BOUNDED_CURVE()
B_SPLINE_CURVE(3,(#6185,#6186,#6187,#6188,#6189,#6190,#6191,#6192,#6193,
#6194,#6195,#6196,#6197,#6198,#6199,#6200,#6201,#6202),.UNSPECIFIED.,.T.,
 .F.)
B_SPLINE_CURVE_WITH_KNOTS((4,2,2,2,2,2,2,2,4),(0.,0.785398163397448,1.5707963267949,
2.35619449019234,3.1415926535898,3.92699081698724,4.71238898038469,5.49778714378214,
6.28318530717959),.UNSPECIFIED.)
CURVE()
GEOMETRIC_REPRESENTATION_ITEM()
RATIONAL_B_SPLINE_CURVE((1.,1.,1.,1.,1.,1.,1.,1.,1.,1.,1.,1.,1.,1.,1.,1.,
1.,1.))
REPRESENTATION_ITEM('')
);
#26=(
BOUNDED_CURVE()
B_SPLINE_CURVE(3,(#6217,#6218,#6219,#6220,#6221,#6222,#6223,#6224,#6225,
#6226,#6227,#6228,#6229,#6230,#6231,#6232,#6233,#6234),.UNSPECIFIED.,.T.,
 .F.)
B_SPLINE_CURVE_WITH_KNOTS((4,2,2,2,2,2,2,2,4),(1.15463194561016E-14,0.78539816339746,
1.57079632679491,2.35619449019236,3.14159265358981,3.92699081698726,4.7123889803847,
5.49778714378215,6.2831853071796),.UNSPECIFIED.)
CURVE()
GEOMETRIC_REPRESENTATION_ITEM()
RATIONAL_B_SPLINE_CURVE((1.,1.,1.,1.,1.,1.,1.,1.,1.,1.,1.,1.,1.,1.,1.,1.,
1.,1.))
REPRESENTATION_ITEM('')
);
#27=(
BOUNDED_CURVE()
B_SPLINE_CURVE(3,(#6249,#6250,#6251,#6252,#6253,#6254,#6255,#6256,#6257,
#6258,#6259,#6260,#6261,#6262,#6263,#6264,#6265,#6266),.UNSPECIFIED.,.T.,
 .F.)
B_SPLINE_CURVE_WITH_KNOTS((4,2,2,2,2,2,2,2,4),(0.,0.785398163397448,1.5707963267949,
2.35619449019234,3.1415926535898,3.92699081698724,4.71238898038469,5.49778714378214,
6.28318530717959),.UNSPECIFIED.)
CURVE()
GEOMETRIC_REPRESENTATION_ITEM()
RATIONAL_B_SPLINE_CURVE((1.,1.,1.,1.,1.,1.,1.,1.,1.,1.,1.,1.,1.,1.,1.,1.,
1.,1.))
REPRESENTATION_ITEM('')
);
#28=(
BOUNDED_CURVE()
B_SPLINE_CURVE(3,(#6286,#6287,#6288,#6289,#6290,#6291,#6292,#6293,#6294,
#6295,#6296,#6297,#6298,#6299,#6300,#6301,#6302,#6303),.UNSPECIFIED.,.T.,
 .F.)
B_SPLINE_CURVE_WITH_KNOTS((4,2,2,2,2,2,2,2,4),(0.,0.785398163397448,1.5707963267949,
2.35619449019234,3.1415926535898,3.92699081698724,4.71238898038469,5.49778714378214,
6.28318530717959),.UNSPECIFIED.)
CURVE()
GEOMETRIC_REPRESENTATION_ITEM()
RATIONAL_B_SPLINE_CURVE((1.,1.,1.,1.,1.,1.,1.,1.,1.,1.,1.,1.,1.,1.,1.,1.,
1.,1.))
REPRESENTATION_ITEM('')
);
#29=(
BOUNDED_CURVE()
B_SPLINE_CURVE(3,(#6318,#6319,#6320,#6321,#6322,#6323,#6324,#6325,#6326,
#6327,#6328,#6329,#6330,#6331,#6332,#6333,#6334,#6335),.UNSPECIFIED.,.T.,
 .F.)
B_SPLINE_CURVE_WITH_KNOTS((4,2,2,2,2,2,2,2,4),(0.,0.785398163397448,1.5707963267949,
2.35619449019234,3.1415926535898,3.92699081698724,4.71238898038469,5.49778714378214,
6.28318530717959),.UNSPECIFIED.)
CURVE()
GEOMETRIC_REPRESENTATION_ITEM()
RATIONAL_B_SPLINE_CURVE((1.,1.,1.,1.,1.,1.,1.,1.,1.,1.,1.,1.,1.,1.,1.,1.,
1.,1.))
REPRESENTATION_ITEM('')
);
#30=CONICAL_SURFACE('',#2463,0.00750791121965297,0.78539816339745);
#31=CONICAL_SURFACE('',#2464,0.00750791121965297,0.78539816339745);
#32=CONICAL_SURFACE('',#2468,0.00600791121965296,0.78539816339745);
#33=CONICAL_SURFACE('',#2469,0.00600791121965296,0.78539816339745);
#34=CONICAL_SURFACE('',#2526,0.006,0.785398163397448);
#35=CONICAL_SURFACE('',#2529,0.00599757934277726,0.78539816339745);
#36=CONICAL_SURFACE('',#2530,0.0075,0.785398163397449);
#37=CONICAL_SURFACE('',#2533,0.00749757934277727,0.78539816339745);
#38=CONICAL_SURFACE('',#2534,0.006,0.785398163397448);
#39=CONICAL_SURFACE('',#2535,0.01,0.785398163397449);
#40=CONICAL_SURFACE('',#2537,0.00600791121965296,0.78539816339745);
#41=CONICAL_SURFACE('',#2538,0.0075,0.785398163397449);
#42=CONICAL_SURFACE('',#2539,0.0115,0.785398163397449);
#43=CONICAL_SURFACE('',#2541,0.00750791121965297,0.78539816339745);
#44=CONICAL_SURFACE('',#2589,0.0320985391255456,0.785398163397449);
#45=CONICAL_SURFACE('',#2590,0.0335985391255456,0.785398163397449);
#46=CONTEXT_DEPENDENT_SHAPE_REPRESENTATION(#62,#7572);
#47=CONTEXT_DEPENDENT_SHAPE_REPRESENTATION(#63,#7574);
#48=CONTEXT_DEPENDENT_SHAPE_REPRESENTATION(#64,#7576);
#49=CONTEXT_DEPENDENT_SHAPE_REPRESENTATION(#65,#7578);
#50=CONTEXT_DEPENDENT_SHAPE_REPRESENTATION(#66,#7579);
#51=CONTEXT_DEPENDENT_SHAPE_REPRESENTATION(#67,#7581);
#52=CONTEXT_DEPENDENT_SHAPE_REPRESENTATION(#68,#7583);
#53=CONTEXT_DEPENDENT_SHAPE_REPRESENTATION(#69,#7585);
#54=NEXT_ASSEMBLY_USAGE_OCCURRENCE('NAUO1','Part 2','Part 2',#7586,#7587,
'');
#55=NEXT_ASSEMBLY_USAGE_OCCURRENCE('NAUO2','Part 1','Part 1',#7586,#7588,
'');
#56=NEXT_ASSEMBLY_USAGE_OCCURRENCE('NAUO3','Part 4','Part 4',#7586,#7589,
'');
#57=NEXT_ASSEMBLY_USAGE_OCCURRENCE('NAUO4','Part 5','Part 5',#7586,#7590,
'');
#58=NEXT_ASSEMBLY_USAGE_OCCURRENCE('NAUO5','Part 4','Part 4',#7586,#7589,
'');
#59=NEXT_ASSEMBLY_USAGE_OCCURRENCE('NAUO6','Part 6','Part 6',#7586,#7591,
'');
#60=NEXT_ASSEMBLY_USAGE_OCCURRENCE('NAUO7','Part 7','Part 7',#7586,#7592,
'');
#61=NEXT_ASSEMBLY_USAGE_OCCURRENCE('NAUO8','Part 3','Part 3',#7586,#7593,
'');
#62=(
REPRESENTATION_RELATIONSHIP(' ',' ',#2434,#2433)
REPRESENTATION_RELATIONSHIP_WITH_TRANSFORMATION(#70)
SHAPE_REPRESENTATION_RELATIONSHIP()
);
#63=(
REPRESENTATION_RELATIONSHIP(' ',' ',#2435,#2433)
REPRESENTATION_RELATIONSHIP_WITH_TRANSFORMATION(#71)
SHAPE_REPRESENTATION_RELATIONSHIP()
);
#64=(
REPRESENTATION_RELATIONSHIP(' ',' ',#2436,#2433)
REPRESENTATION_RELATIONSHIP_WITH_TRANSFORMATION(#72)
SHAPE_REPRESENTATION_RELATIONSHIP()
);
#65=(
REPRESENTATION_RELATIONSHIP(' ',' ',#2437,#2433)
REPRESENTATION_RELATIONSHIP_WITH_TRANSFORMATION(#73)
SHAPE_REPRESENTATION_RELATIONSHIP()
);
#66=(
REPRESENTATION_RELATIONSHIP(' ',' ',#2436,#2433)
REPRESENTATION_RELATIONSHIP_WITH_TRANSFORMATION(#74)
SHAPE_REPRESENTATION_RELATIONSHIP()
);
#67=(
REPRESENTATION_RELATIONSHIP(' ',' ',#2438,#2433)
REPRESENTATION_RELATIONSHIP_WITH_TRANSFORMATION(#75)
SHAPE_REPRESENTATION_RELATIONSHIP()
);
#68=(
REPRESENTATION_RELATIONSHIP(' ',' ',#2439,#2433)
REPRESENTATION_RELATIONSHIP_WITH_TRANSFORMATION(#76)
SHAPE_REPRESENTATION_RELATIONSHIP()
);
#69=(
REPRESENTATION_RELATIONSHIP(' ',' ',#2440,#2433)
REPRESENTATION_RELATIONSHIP_WITH_TRANSFORMATION(#77)
SHAPE_REPRESENTATION_RELATIONSHIP()
);
#70=ITEM_DEFINED_TRANSFORMATION(' ',' ',#2441,#2451);
#71=ITEM_DEFINED_TRANSFORMATION(' ',' ',#2441,#2462);
#72=ITEM_DEFINED_TRANSFORMATION(' ',' ',#2441,#2542);
#73=ITEM_DEFINED_TRANSFORMATION(' ',' ',#2441,#2556);
#74=ITEM_DEFINED_TRANSFORMATION(' ',' ',#2441,#2557);
#75=ITEM_DEFINED_TRANSFORMATION(' ',' ',#2441,#2563);
#76=ITEM_DEFINED_TRANSFORMATION(' ',' ',#2441,#2569);
#77=ITEM_DEFINED_TRANSFORMATION(' ',' ',#2441,#2591);
#78=SHAPE_REPRESENTATION_RELATIONSHIP('','',#2434,#85);
#79=SHAPE_REPRESENTATION_RELATIONSHIP('','',#2435,#86);
#80=SHAPE_REPRESENTATION_RELATIONSHIP('','',#2436,#87);
#81=SHAPE_REPRESENTATION_RELATIONSHIP('','',#2437,#88);
#82=SHAPE_REPRESENTATION_RELATIONSHIP('','',#2438,#89);
#83=SHAPE_REPRESENTATION_RELATIONSHIP('','',#2439,#90);
#84=SHAPE_REPRESENTATION_RELATIONSHIP('','',#2440,#91);
#85=ADVANCED_BREP_SHAPE_REPRESENTATION('',(#2418),#7552);
#86=ADVANCED_BREP_SHAPE_REPRESENTATION('',(#2419),#7553);
#87=ADVANCED_BREP_SHAPE_REPRESENTATION('',(#2420),#7554);
#88=ADVANCED_BREP_SHAPE_REPRESENTATION('',(#2421),#7555);
#89=ADVANCED_BREP_SHAPE_REPRESENTATION('',(#2422),#7556);
#90=ADVANCED_BREP_SHAPE_REPRESENTATION('',(#2423),#7557);
#91=ADVANCED_BREP_SHAPE_REPRESENTATION('',(#2424),#7558);
#92=B_SPLINE_SURFACE_WITH_KNOTS('',3,1,((#3023,#3024),(#3025,#3026),(#3027,
#3028),(#3029,#3030)),.SURF_OF_LINEAR_EXTRUSION.,.F.,.F.,.F.,(4,4),(2,2),
(-2.97051714718044E-14,1.),(0.,1.),.PIECEWISE_BEZIER_KNOTS.);
#93=B_SPLINE_SURFACE_WITH_KNOTS('',3,1,((#3031,#3032),(#3033,#3034),(#3035,
#3036),(#3037,#3038)),.SURF_OF_LINEAR_EXTRUSION.,.F.,.F.,.F.,(4,4),(2,2),
(-2.30208109608183E-14,1.),(0.,1.),.PIECEWISE_BEZIER_KNOTS.);
#94=B_SPLINE_SURFACE_WITH_KNOTS('',3,3,((#3222,#3223,#3224,#3225,#3226,
#3227,#3228,#3229),(#3230,#3231,#3232,#3233,#3234,#3235,#3236,#3237),(#3238,
#3239,#3240,#3241,#3242,#3243,#3244,#3245),(#3246,#3247,#3248,#3249,#3250,
#3251,#3252,#3253),(#3254,#3255,#3256,#3257,#3258,#3259,#3260,#3261),(#3262,
#3263,#3264,#3265,#3266,#3267,#3268,#3269),(#3270,#3271,#3272,#3273,#3274,
#3275,#3276,#3277),(#3278,#3279,#3280,#3281,#3282,#3283,#3284,#3285)),
 .UNSPECIFIED.,.F.,.F.,.F.,(4,2,2,4),(4,2,2,4),(0.,0.25,0.5,1.),(0.,0.25,
0.5,1.),.UNSPECIFIED.);
#95=B_SPLINE_SURFACE_WITH_KNOTS('',3,3,((#3313,#3314,#3315,#3316,#3317,
#3318,#3319,#3320),(#3321,#3322,#3323,#3324,#3325,#3326,#3327,#3328),(#3329,
#3330,#3331,#3332,#3333,#3334,#3335,#3336),(#3337,#3338,#3339,#3340,#3341,
#3342,#3343,#3344),(#3345,#3346,#3347,#3348,#3349,#3350,#3351,#3352),(#3353,
#3354,#3355,#3356,#3357,#3358,#3359,#3360),(#3361,#3362,#3363,#3364,#3365,
#3366,#3367,#3368),(#3369,#3370,#3371,#3372,#3373,#3374,#3375,#3376)),
 .UNSPECIFIED.,.F.,.F.,.F.,(4,2,2,4),(4,2,2,4),(0.,0.25,0.5,1.),(0.,0.25,
0.5,1.),.UNSPECIFIED.);
#96=B_SPLINE_SURFACE_WITH_KNOTS('',3,3,((#3394,#3395,#3396,#3397,#3398,
#3399,#3400,#3401),(#3402,#3403,#3404,#3405,#3406,#3407,#3408,#3409),(#3410,
#3411,#3412,#3413,#3414,#3415,#3416,#3417),(#3418,#3419,#3420,#3421,#3422,
#3423,#3424,#3425),(#3426,#3427,#3428,#3429,#3430,#3431,#3432,#3433),(#3434,
#3435,#3436,#3437,#3438,#3439,#3440,#3441),(#3442,#3443,#3444,#3445,#3446,
#3447,#3448,#3449),(#3450,#3451,#3452,#3453,#3454,#3455,#3456,#3457)),
 .UNSPECIFIED.,.F.,.F.,.F.,(4,2,2,4),(4,2,2,4),(0.,0.25,0.5,1.),(0.,0.25,
0.5,1.),.UNSPECIFIED.);
#97=B_SPLINE_SURFACE_WITH_KNOTS('',3,3,((#3485,#3486,#3487,#3488,#3489,
#3490,#3491,#3492),(#3493,#3494,#3495,#3496,#3497,#3498,#3499,#3500),(#3501,
#3502,#3503,#3504,#3505,#3506,#3507,#3508),(#3509,#3510,#3511,#3512,#3513,
#3514,#3515,#3516),(#3517,#3518,#3519,#3520,#3521,#3522,#3523,#3524),(#3525,
#3526,#3527,#3528,#3529,#3530,#3531,#3532),(#3533,#3534,#3535,#3536,#3537,
#3538,#3539,#3540),(#3541,#3542,#3543,#3544,#3545,#3546,#3547,#3548)),
 .UNSPECIFIED.,.F.,.F.,.F.,(4,2,2,4),(4,2,2,4),(0.,0.25,0.5,1.),(0.,0.25,
0.5,1.),.UNSPECIFIED.);
#98=B_SPLINE_SURFACE_WITH_KNOTS('',3,3,((#3566,#3567,#3568,#3569,#3570,
#3571,#3572,#3573),(#3574,#3575,#3576,#3577,#3578,#3579,#3580,#3581),(#3582,
#3583,#3584,#3585,#3586,#3587,#3588,#3589),(#3590,#3591,#3592,#3593,#3594,
#3595,#3596,#3597),(#3598,#3599,#3600,#3601,#3602,#3603,#3604,#3605),(#3606,
#3607,#3608,#3609,#3610,#3611,#3612,#3613),(#3614,#3615,#3616,#3617,#3618,
#3619,#3620,#3621),(#3622,#3623,#3624,#3625,#3626,#3627,#3628,#3629)),
 .UNSPECIFIED.,.F.,.F.,.F.,(4,2,2,4),(4,2,2,4),(0.,0.25,0.5,1.),(0.,0.25,
0.5,1.),.UNSPECIFIED.);
#99=B_SPLINE_SURFACE_WITH_KNOTS('',3,3,((#3657,#3658,#3659,#3660,#3661,
#3662,#3663,#3664),(#3665,#3666,#3667,#3668,#3669,#3670,#3671,#3672),(#3673,
#3674,#3675,#3676,#3677,#3678,#3679,#3680),(#3681,#3682,#3683,#3684,#3685,
#3686,#3687,#3688),(#3689,#3690,#3691,#3692,#3693,#3694,#3695,#3696),(#3697,
#3698,#3699,#3700,#3701,#3702,#3703,#3704),(#3705,#3706,#3707,#3708,#3709,
#3710,#3711,#3712),(#3713,#3714,#3715,#3716,#3717,#3718,#3719,#3720)),
 .UNSPECIFIED.,.F.,.F.,.F.,(4,2,2,4),(4,2,2,4),(0.,0.25,0.5,1.),(0.,0.25,
0.5,1.),.UNSPECIFIED.);
#100=B_SPLINE_SURFACE_WITH_KNOTS('',3,3,((#3738,#3739,#3740,#3741,#3742,
#3743,#3744,#3745),(#3746,#3747,#3748,#3749,#3750,#3751,#3752,#3753),(#3754,
#3755,#3756,#3757,#3758,#3759,#3760,#3761),(#3762,#3763,#3764,#3765,#3766,
#3767,#3768,#3769),(#3770,#3771,#3772,#3773,#3774,#3775,#3776,#3777),(#3778,
#3779,#3780,#3781,#3782,#3783,#3784,#3785),(#3786,#3787,#3788,#3789,#3790,
#3791,#3792,#3793),(#3794,#3795,#3796,#3797,#3798,#3799,#3800,#3801)),
 .UNSPECIFIED.,.F.,.F.,.F.,(4,2,2,4),(4,2,2,4),(0.,0.25,0.5,1.),(0.,0.25,
0.5,1.),.UNSPECIFIED.);
#101=B_SPLINE_SURFACE_WITH_KNOTS('',3,3,((#3829,#3830,#3831,#3832,#3833,
#3834,#3835,#3836),(#3837,#3838,#3839,#3840,#3841,#3842,#3843,#3844),(#3845,
#3846,#3847,#3848,#3849,#3850,#3851,#3852),(#3853,#3854,#3855,#3856,#3857,
#3858,#3859,#3860),(#3861,#3862,#3863,#3864,#3865,#3866,#3867,#3868),(#3869,
#3870,#3871,#3872,#3873,#3874,#3875,#3876),(#3877,#3878,#3879,#3880,#3881,
#3882,#3883,#3884),(#3885,#3886,#3887,#3888,#3889,#3890,#3891,#3892)),
 .UNSPECIFIED.,.F.,.F.,.F.,(4,2,2,4),(4,2,2,4),(0.,0.25,0.5,1.),(0.,0.25,
0.5,1.),.UNSPECIFIED.);
#102=B_SPLINE_SURFACE_WITH_KNOTS('',3,3,((#3910,#3911,#3912,#3913,#3914,
#3915,#3916,#3917),(#3918,#3919,#3920,#3921,#3922,#3923,#3924,#3925),(#3926,
#3927,#3928,#3929,#3930,#3931,#3932,#3933),(#3934,#3935,#3936,#3937,#3938,
#3939,#3940,#3941),(#3942,#3943,#3944,#3945,#3946,#3947,#3948,#3949),(#3950,
#3951,#3952,#3953,#3954,#3955,#3956,#3957),(#3958,#3959,#3960,#3961,#3962,
#3963,#3964,#3965),(#3966,#3967,#3968,#3969,#3970,#3971,#3972,#3973)),
 .UNSPECIFIED.,.F.,.F.,.F.,(4,2,2,4),(4,2,2,4),(0.,0.25,0.5,1.),(0.,0.25,
0.5,1.),.UNSPECIFIED.);
#103=B_SPLINE_SURFACE_WITH_KNOTS('',3,3,((#4001,#4002,#4003,#4004,#4005,
#4006,#4007,#4008),(#4009,#4010,#4011,#4012,#4013,#4014,#4015,#4016),(#4017,
#4018,#4019,#4020,#4021,#4022,#4023,#4024),(#4025,#4026,#4027,#4028,#4029,
#4030,#4031,#4032),(#4033,#4034,#4035,#4036,#4037,#4038,#4039,#4040),(#4041,
#4042,#4043,#4044,#4045,#4046,#4047,#4048),(#4049,#4050,#4051,#4052,#4053,
#4054,#4055,#4056),(#4057,#4058,#4059,#4060,#4061,#4062,#4063,#4064)),
 .UNSPECIFIED.,.F.,.F.,.F.,(4,2,2,4),(4,2,2,4),(0.,0.25,0.5,1.),(0.,0.25,
0.5,1.),.UNSPECIFIED.);
#104=B_SPLINE_SURFACE_WITH_KNOTS('',3,3,((#4082,#4083,#4084,#4085,#4086,
#4087,#4088,#4089),(#4090,#4091,#4092,#4093,#4094,#4095,#4096,#4097),(#4098,
#4099,#4100,#4101,#4102,#4103,#4104,#4105),(#4106,#4107,#4108,#4109,#4110,
#4111,#4112,#4113),(#4114,#4115,#4116,#4117,#4118,#4119,#4120,#4121),(#4122,
#4123,#4124,#4125,#4126,#4127,#4128,#4129),(#4130,#4131,#4132,#4133,#4134,
#4135,#4136,#4137),(#4138,#4139,#4140,#4141,#4142,#4143,#4144,#4145)),
 .UNSPECIFIED.,.F.,.F.,.F.,(4,2,2,4),(4,2,2,4),(0.,0.25,0.5,1.),(0.,0.25,
0.5,1.),.UNSPECIFIED.);
#105=B_SPLINE_SURFACE_WITH_KNOTS('',3,3,((#4173,#4174,#4175,#4176,#4177,
#4178,#4179,#4180),(#4181,#4182,#4183,#4184,#4185,#4186,#4187,#4188),(#4189,
#4190,#4191,#4192,#4193,#4194,#4195,#4196),(#4197,#4198,#4199,#4200,#4201,
#4202,#4203,#4204),(#4205,#4206,#4207,#4208,#4209,#4210,#4211,#4212),(#4213,
#4214,#4215,#4216,#4217,#4218,#4219,#4220),(#4221,#4222,#4223,#4224,#4225,
#4226,#4227,#4228),(#4229,#4230,#4231,#4232,#4233,#4234,#4235,#4236)),
 .UNSPECIFIED.,.F.,.F.,.F.,(4,2,2,4),(4,2,2,4),(0.,0.25,0.5,1.),(0.,0.25,
0.5,1.),.UNSPECIFIED.);
#106=B_SPLINE_SURFACE_WITH_KNOTS('',3,3,((#4254,#4255,#4256,#4257,#4258,
#4259,#4260,#4261),(#4262,#4263,#4264,#4265,#4266,#4267,#4268,#4269),(#4270,
#4271,#4272,#4273,#4274,#4275,#4276,#4277),(#4278,#4279,#4280,#4281,#4282,
#4283,#4284,#4285),(#4286,#4287,#4288,#4289,#4290,#4291,#4292,#4293),(#4294,
#4295,#4296,#4297,#4298,#4299,#4300,#4301),(#4302,#4303,#4304,#4305,#4306,
#4307,#4308,#4309),(#4310,#4311,#4312,#4313,#4314,#4315,#4316,#4317)),
 .UNSPECIFIED.,.F.,.F.,.F.,(4,2,2,4),(4,2,2,4),(0.,0.25,0.5,1.),(0.,0.25,
0.5,1.),.UNSPECIFIED.);
#107=B_SPLINE_SURFACE_WITH_KNOTS('',3,3,((#4345,#4346,#4347,#4348,#4349,
#4350,#4351,#4352),(#4353,#4354,#4355,#4356,#4357,#4358,#4359,#4360),(#4361,
#4362,#4363,#4364,#4365,#4366,#4367,#4368),(#4369,#4370,#4371,#4372,#4373,
#4374,#4375,#4376),(#4377,#4378,#4379,#4380,#4381,#4382,#4383,#4384),(#4385,
#4386,#4387,#4388,#4389,#4390,#4391,#4392),(#4393,#4394,#4395,#4396,#4397,
#4398,#4399,#4400),(#4401,#4402,#4403,#4404,#4405,#4406,#4407,#4408)),
 .UNSPECIFIED.,.F.,.F.,.F.,(4,2,2,4),(4,2,2,4),(0.,0.25,0.5,1.),(0.,0.25,
0.5,1.),.UNSPECIFIED.);
#108=B_SPLINE_SURFACE_WITH_KNOTS('',3,3,((#4426,#4427,#4428,#4429,#4430,
#4431,#4432,#4433),(#4434,#4435,#4436,#4437,#4438,#4439,#4440,#4441),(#4442,
#4443,#4444,#4445,#4446,#4447,#4448,#4449),(#4450,#4451,#4452,#4453,#4454,
#4455,#4456,#4457),(#4458,#4459,#4460,#4461,#4462,#4463,#4464,#4465),(#4466,
#4467,#4468,#4469,#4470,#4471,#4472,#4473),(#4474,#4475,#4476,#4477,#4478,
#4479,#4480,#4481),(#4482,#4483,#4484,#4485,#4486,#4487,#4488,#4489)),
 .UNSPECIFIED.,.F.,.F.,.F.,(4,2,2,4),(4,2,2,4),(0.,0.25,0.5,1.),(0.,0.25,
0.5,1.),.UNSPECIFIED.);
#109=B_SPLINE_SURFACE_WITH_KNOTS('',3,3,((#4517,#4518,#4519,#4520,#4521,
#4522,#4523,#4524),(#4525,#4526,#4527,#4528,#4529,#4530,#4531,#4532),(#4533,
#4534,#4535,#4536,#4537,#4538,#4539,#4540),(#4541,#4542,#4543,#4544,#4545,
#4546,#4547,#4548),(#4549,#4550,#4551,#4552,#4553,#4554,#4555,#4556),(#4557,
#4558,#4559,#4560,#4561,#4562,#4563,#4564),(#4565,#4566,#4567,#4568,#4569,
#4570,#4571,#4572),(#4573,#4574,#4575,#4576,#4577,#4578,#4579,#4580)),
 .UNSPECIFIED.,.F.,.F.,.F.,(4,2,2,4),(4,2,2,4),(0.,0.25,0.5,1.),(0.,0.25,
0.5,1.),.UNSPECIFIED.);
#110=B_SPLINE_SURFACE_WITH_KNOTS('',3,1,((#4598,#4599),(#4600,#4601),(#4602,
#4603),(#4604,#4605)),.SURF_OF_LINEAR_EXTRUSION.,.F.,.F.,.F.,(4,4),(2,2),
(-6.58277163619668E-16,1.00000000000007),(0.,1.),
 .PIECEWISE_BEZIER_KNOTS.);
#111=B_SPLINE_SURFACE_WITH_KNOTS('',3,1,((#4614,#4615),(#4616,#4617),(#4618,
#4619),(#4620,#4621)),.SURF_OF_LINEAR_EXTRUSION.,.F.,.F.,.F.,(4,4),(2,2),
(-3.60875607851283E-16,1.00000000000017),(0.,1.),
 .PIECEWISE_BEZIER_KNOTS.);
#112=B_SPLINE_SURFACE_WITH_KNOTS('',3,1,((#4630,#4631),(#4632,#4633),(#4634,
#4635),(#4636,#4637)),.SURF_OF_LINEAR_EXTRUSION.,.F.,.F.,.F.,(4,4),(2,2),
(-2.43227005814447E-14,1.),(0.,1.),.PIECEWISE_BEZIER_KNOTS.);
#113=B_SPLINE_SURFACE_WITH_KNOTS('',3,3,((#4642,#4643,#4644,#4645,#4646,
#4647,#4648,#4649),(#4650,#4651,#4652,#4653,#4654,#4655,#4656,#4657),(#4658,
#4659,#4660,#4661,#4662,#4663,#4664,#4665),(#4666,#4667,#4668,#4669,#4670,
#4671,#4672,#4673),(#4674,#4675,#4676,#4677,#4678,#4679,#4680,#4681),(#4682,
#4683,#4684,#4685,#4686,#4687,#4688,#4689),(#4690,#4691,#4692,#4693,#4694,
#4695,#4696,#4697),(#4698,#4699,#4700,#4701,#4702,#4703,#4704,#4705)),
 .UNSPECIFIED.,.F.,.F.,.F.,(4,2,2,4),(4,2,2,4),(0.,0.25,0.5,1.),(0.,0.25,
0.5,1.),.UNSPECIFIED.);
#114=B_SPLINE_SURFACE_WITH_KNOTS('',3,3,((#4710,#4711,#4712,#4713,#4714,
#4715,#4716,#4717),(#4718,#4719,#4720,#4721,#4722,#4723,#4724,#4725),(#4726,
#4727,#4728,#4729,#4730,#4731,#4732,#4733),(#4734,#4735,#4736,#4737,#4738,
#4739,#4740,#4741),(#4742,#4743,#4744,#4745,#4746,#4747,#4748,#4749),(#4750,
#4751,#4752,#4753,#4754,#4755,#4756,#4757),(#4758,#4759,#4760,#4761,#4762,
#4763,#4764,#4765),(#4766,#4767,#4768,#4769,#4770,#4771,#4772,#4773)),
 .UNSPECIFIED.,.F.,.F.,.F.,(4,2,2,4),(4,2,2,4),(0.,0.25,0.5,1.),(0.,0.25,
0.5,1.),.UNSPECIFIED.);
#115=B_SPLINE_SURFACE_WITH_KNOTS('',3,1,((#4778,#4779),(#4780,#4781),(#4782,
#4783),(#4784,#4785)),.SURF_OF_LINEAR_EXTRUSION.,.F.,.F.,.F.,(4,4),(2,2),
(-2.47295504115719E-15,0.999999999999998),(0.,1.),
 .PIECEWISE_BEZIER_KNOTS.);
#116=B_SPLINE_SURFACE_WITH_KNOTS('',3,1,((#4790,#4791),(#4792,#4793),(#4794,
#4795),(#4796,#4797)),.SURF_OF_LINEAR_EXTRUSION.,.F.,.F.,.F.,(4,4),(2,2),
(-2.80795682889173E-17,1.00000000000022),(0.,1.),
 .PIECEWISE_BEZIER_KNOTS.);
#117=B_SPLINE_SURFACE_WITH_KNOTS('',3,1,((#4798,#4799),(#4800,#4801),(#4802,
#4803),(#4804,#4805)),.SURF_OF_LINEAR_EXTRUSION.,.F.,.F.,.F.,(4,4),(2,2),
(-2.26129738577824E-13,1.),(0.,1.),.PIECEWISE_BEZIER_KNOTS.);
#118=B_SPLINE_SURFACE_WITH_KNOTS('',3,1,((#4810,#4811),(#4812,#4813),(#4814,
#4815),(#4816,#4817)),.SURF_OF_LINEAR_EXTRUSION.,.F.,.F.,.F.,(4,4),(2,2),
(-1.11007675833579E-15,1.00000000000008),(0.,1.),
 .PIECEWISE_BEZIER_KNOTS.);
#119=B_SPLINE_SURFACE_WITH_KNOTS('',3,1,((#4818,#4819),(#4820,#4821),(#4822,
#4823),(#4824,#4825)),.SURF_OF_LINEAR_EXTRUSION.,.F.,.F.,.F.,(4,4),(2,2),
(-1.31080470728991E-16,0.999999999999965),(0.,1.),
 .PIECEWISE_BEZIER_KNOTS.);
#120=B_SPLINE_SURFACE_WITH_KNOTS('',3,1,((#4830,#4831),(#4832,#4833),(#4834,
#4835),(#4836,#4837)),.SURF_OF_LINEAR_EXTRUSION.,.F.,.F.,.F.,(4,4),(2,2),
(-1.12539111513368E-15,0.999999999999999),(0.,1.),
 .PIECEWISE_BEZIER_KNOTS.);
#121=B_SPLINE_SURFACE_WITH_KNOTS('',3,1,((#4842,#4843),(#4844,#4845),(#4846,
#4847),(#4848,#4849)),.SURF_OF_LINEAR_EXTRUSION.,.F.,.F.,.F.,(4,4),(2,2),
(-1.75953356685116E-13,1.),(0.,1.),.PIECEWISE_BEZIER_KNOTS.);
#122=B_SPLINE_SURFACE_WITH_KNOTS('',3,1,((#4850,#4851),(#4852,#4853),(#4854,
#4855),(#4856,#4857)),.SURF_OF_LINEAR_EXTRUSION.,.F.,.F.,.F.,(4,4),(2,2),
(-2.3640901548646E-16,1.),(0.,1.),.PIECEWISE_BEZIER_KNOTS.);
#123=B_SPLINE_SURFACE_WITH_KNOTS('',3,3,((#4862,#4863,#4864,#4865,#4866,
#4867,#4868,#4869),(#4870,#4871,#4872,#4873,#4874,#4875,#4876,#4877),(#4878,
#4879,#4880,#4881,#4882,#4883,#4884,#4885),(#4886,#4887,#4888,#4889,#4890,
#4891,#4892,#4893),(#4894,#4895,#4896,#4897,#4898,#4899,#4900,#4901),(#4902,
#4903,#4904,#4905,#4906,#4907,#4908,#4909),(#4910,#4911,#4912,#4913,#4914,
#4915,#4916,#4917),(#4918,#4919,#4920,#4921,#4922,#4923,#4924,#4925)),
 .UNSPECIFIED.,.F.,.F.,.F.,(4,2,2,4),(4,2,2,4),(0.,0.25,0.5,1.),(0.,0.25,
0.5,1.),.UNSPECIFIED.);
#124=B_SPLINE_SURFACE_WITH_KNOTS('',3,3,((#4930,#4931,#4932,#4933,#4934,
#4935,#4936,#4937),(#4938,#4939,#4940,#4941,#4942,#4943,#4944,#4945),(#4946,
#4947,#4948,#4949,#4950,#4951,#4952,#4953),(#4954,#4955,#4956,#4957,#4958,
#4959,#4960,#4961),(#4962,#4963,#4964,#4965,#4966,#4967,#4968,#4969),(#4970,
#4971,#4972,#4973,#4974,#4975,#4976,#4977),(#4978,#4979,#4980,#4981,#4982,
#4983,#4984,#4985),(#4986,#4987,#4988,#4989,#4990,#4991,#4992,#4993)),
 .UNSPECIFIED.,.F.,.F.,.F.,(4,2,2,4),(4,2,2,4),(0.,0.25,0.5,1.),(0.,0.25,
0.5,1.),.UNSPECIFIED.);
#125=B_SPLINE_SURFACE_WITH_KNOTS('',3,3,((#4998,#4999,#5000,#5001,#5002,
#5003,#5004,#5005),(#5006,#5007,#5008,#5009,#5010,#5011,#5012,#5013),(#5014,
#5015,#5016,#5017,#5018,#5019,#5020,#5021),(#5022,#5023,#5024,#5025,#5026,
#5027,#5028,#5029),(#5030,#5031,#5032,#5033,#5034,#5035,#5036,#5037),(#5038,
#5039,#5040,#5041,#5042,#5043,#5044,#5045),(#5046,#5047,#5048,#5049,#5050,
#5051,#5052,#5053),(#5054,#5055,#5056,#5057,#5058,#5059,#5060,#5061)),
 .UNSPECIFIED.,.F.,.F.,.F.,(4,2,2,4),(4,2,2,4),(0.,0.25,0.5,1.),(0.,0.25,
0.5,1.),.UNSPECIFIED.);
#126=B_SPLINE_SURFACE_WITH_KNOTS('',3,3,((#5066,#5067,#5068,#5069,#5070,
#5071,#5072,#5073),(#5074,#5075,#5076,#5077,#5078,#5079,#5080,#5081),(#5082,
#5083,#5084,#5085,#5086,#5087,#5088,#5089),(#5090,#5091,#5092,#5093,#5094,
#5095,#5096,#5097),(#5098,#5099,#5100,#5101,#5102,#5103,#5104,#5105),(#5106,
#5107,#5108,#5109,#5110,#5111,#5112,#5113),(#5114,#5115,#5116,#5117,#5118,
#5119,#5120,#5121),(#5122,#5123,#5124,#5125,#5126,#5127,#5128,#5129)),
 .UNSPECIFIED.,.F.,.F.,.F.,(4,2,2,4),(4,2,2,4),(0.,0.25,0.5,1.),(0.,0.25,
0.5,1.),.UNSPECIFIED.);
#127=B_SPLINE_SURFACE_WITH_KNOTS('',3,1,((#5134,#5135),(#5136,#5137),(#5138,
#5139),(#5140,#5141)),.SURF_OF_LINEAR_EXTRUSION.,.F.,.F.,.F.,(4,4),(2,2),
(-6.95930164877231E-16,0.999999999999999),(0.,1.),
 .PIECEWISE_BEZIER_KNOTS.);
#128=B_SPLINE_SURFACE_WITH_KNOTS('',3,1,((#5142,#5143),(#5144,#5145),(#5146,
#5147),(#5148,#5149)),.SURF_OF_LINEAR_EXTRUSION.,.F.,.F.,.F.,(4,4),(2,2),
(-8.47552561975814E-15,1.00000000000008),(0.,1.),
 .PIECEWISE_BEZIER_KNOTS.);
#129=B_SPLINE_SURFACE_WITH_KNOTS('',3,1,((#5154,#5155),(#5156,#5157),(#5158,
#5159),(#5160,#5161)),.SURF_OF_LINEAR_EXTRUSION.,.F.,.F.,.F.,(4,4),(2,2),
(5.07559378333779E-15,1.),(0.,1.),.PIECEWISE_BEZIER_KNOTS.);
#130=B_SPLINE_SURFACE_WITH_KNOTS('',3,1,((#5162,#5163),(#5164,#5165),(#5166,
#5167),(#5168,#5169)),.SURF_OF_LINEAR_EXTRUSION.,.F.,.F.,.F.,(4,4),(2,2),
(3.16802036804943E-16,1.),(0.,1.),.PIECEWISE_BEZIER_KNOTS.);
#131=B_SPLINE_SURFACE_WITH_KNOTS('',3,3,((#5174,#5175,#5176,#5177,#5178,
#5179,#5180,#5181),(#5182,#5183,#5184,#5185,#5186,#5187,#5188,#5189),(#5190,
#5191,#5192,#5193,#5194,#5195,#5196,#5197),(#5198,#5199,#5200,#5201,#5202,
#5203,#5204,#5205),(#5206,#5207,#5208,#5209,#5210,#5211,#5212,#5213),(#5214,
#5215,#5216,#5217,#5218,#5219,#5220,#5221),(#5222,#5223,#5224,#5225,#5226,
#5227,#5228,#5229),(#5230,#5231,#5232,#5233,#5234,#5235,#5236,#5237)),
 .UNSPECIFIED.,.F.,.F.,.F.,(4,2,2,4),(4,2,2,4),(0.,0.25,0.5,1.),(0.,0.25,
0.5,1.),.UNSPECIFIED.);
#132=B_SPLINE_SURFACE_WITH_KNOTS('',3,3,((#5242,#5243,#5244,#5245,#5246,
#5247,#5248,#5249),(#5250,#5251,#5252,#5253,#5254,#5255,#5256,#5257),(#5258,
#5259,#5260,#5261,#5262,#5263,#5264,#5265),(#5266,#5267,#5268,#5269,#5270,
#5271,#5272,#5273),(#5274,#5275,#5276,#5277,#5278,#5279,#5280,#5281),(#5282,
#5283,#5284,#5285,#5286,#5287,#5288,#5289),(#5290,#5291,#5292,#5293,#5294,
#5295,#5296,#5297),(#5298,#5299,#5300,#5301,#5302,#5303,#5304,#5305)),
 .UNSPECIFIED.,.F.,.F.,.F.,(4,2,2,4),(4,2,2,4),(0.,0.25,0.5,1.),(0.,0.25,
0.5,1.),.UNSPECIFIED.);
#133=B_SPLINE_SURFACE_WITH_KNOTS('',3,1,((#5310,#5311),(#5312,#5313),(#5314,
#5315),(#5316,#5317)),.SURF_OF_LINEAR_EXTRUSION.,.F.,.F.,.F.,(4,4),(2,2),
(3.01851621789667E-16,1.00000000000001),(0.,1.),
 .PIECEWISE_BEZIER_KNOTS.);
#134=B_SPLINE_SURFACE_WITH_KNOTS('',2,3,((#5793,#5794,#5795,#5796),(#5797,
#5798,#5799,#5800),(#5801,#5802,#5803,#5804)),.UNSPECIFIED.,.F.,.F.,.F.,
(3,3),(4,4),(0.,1.),(3.1415926535898,3.85784241423431),
 .PIECEWISE_BEZIER_KNOTS.);
#135=B_SPLINE_SURFACE_WITH_KNOTS('',3,1,((#5819,#5820),(#5821,#5822),(#5823,
#5824),(#5825,#5826)),.SURF_OF_LINEAR_EXTRUSION.,.F.,.F.,.F.,(4,4),(2,2),
(5.68405673081222E-17,1.00000000000003),(0.,1.),
 .PIECEWISE_BEZIER_KNOTS.);
#136=B_SPLINE_SURFACE_WITH_KNOTS('',2,3,((#5864,#5865,#5866,#5867),(#5868,
#5869,#5870,#5871),(#5872,#5873,#5874,#5875)),.UNSPECIFIED.,.F.,.F.,.F.,
(3,3),(4,4),(0.,1.),(3.1415926535898,3.85783794507308),
 .PIECEWISE_BEZIER_KNOTS.);
#137=B_SPLINE_SURFACE_WITH_KNOTS('',3,1,((#5886,#5887),(#5888,#5889),(#5890,
#5891),(#5892,#5893)),.SURF_OF_LINEAR_EXTRUSION.,.F.,.F.,.F.,(4,4),(2,2),
(5.81174716057464E-17,1.00000000000002),(0.,1.),
 .PIECEWISE_BEZIER_KNOTS.);
#138=B_SPLINE_SURFACE_WITH_KNOTS('',3,1,((#5967,#5968),(#5969,#5970),(#5971,
#5972),(#5973,#5974)),.SURF_OF_LINEAR_EXTRUSION.,.F.,.F.,.F.,(4,4),(2,2),
(-8.63287374033533E-14,1.00000000000067),(0.,1.),
 .PIECEWISE_BEZIER_KNOTS.);
#139=B_SPLINE_SURFACE_WITH_KNOTS('',3,1,((#6032,#6033),(#6034,#6035),(#6036,
#6037),(#6038,#6039)),.SURF_OF_LINEAR_EXTRUSION.,.F.,.F.,.F.,(4,4),(2,2),
(-8.63794631980144E-14,1.00000000000069),(0.,1.),
 .PIECEWISE_BEZIER_KNOTS.);
#140=B_SPLINE_SURFACE_WITH_KNOTS('',2,3,((#6485,#6486,#6487,#6488,#6489,
#6490,#6491,#6492,#6493,#6494,#6495,#6496,#6497,#6498,#6499,#6500,#6501,
#6502),(#6503,#6504,#6505,#6506,#6507,#6508,#6509,#6510,#6511,#6512,#6513,
#6514,#6515,#6516,#6517,#6518,#6519,#6520),(#6521,#6522,#6523,#6524,#6525,
#6526,#6527,#6528,#6529,#6530,#6531,#6532,#6533,#6534,#6535,#6536,#6537,
#6538)),.UNSPECIFIED.,.F.,.T.,.F.,(3,3),(4,2,2,2,2,2,2,2,4),(0.,1.),(0.,
0.785398163397448,1.5707963267949,2.35619449019234,3.1415926535898,3.92699081698724,
4.71238898038469,5.49778714378214,6.28318530717959),.UNSPECIFIED.);
#141=B_SPLINE_SURFACE_WITH_KNOTS('',2,3,((#6551,#6552,#6553,#6554,#6555,
#6556,#6557,#6558,#6559,#6560,#6561,#6562,#6563,#6564,#6565,#6566,#6567,
#6568),(#6569,#6570,#6571,#6572,#6573,#6574,#6575,#6576,#6577,#6578,#6579,
#6580,#6581,#6582,#6583,#6584,#6585,#6586),(#6587,#6588,#6589,#6590,#6591,
#6592,#6593,#6594,#6595,#6596,#6597,#6598,#6599,#6600,#6601,#6602,#6603,
#6604)),.UNSPECIFIED.,.F.,.T.,.F.,(3,3),(4,2,2,2,2,2,2,2,4),(0.,1.),(1.15463194561016E-14,
0.78539816339746,1.57079632679491,2.35619449019236,3.14159265358981,3.92699081698726,
4.7123889803847,5.49778714378215,6.2831853071796),.UNSPECIFIED.);
#142=B_SPLINE_SURFACE_WITH_KNOTS('',2,3,((#6617,#6618,#6619,#6620,#6621,
#6622,#6623,#6624,#6625,#6626,#6627,#6628,#6629,#6630,#6631,#6632,#6633,
#6634),(#6635,#6636,#6637,#6638,#6639,#6640,#6641,#6642,#6643,#6644,#6645,
#6646,#6647,#6648,#6649,#6650,#6651,#6652),(#6653,#6654,#6655,#6656,#6657,
#6658,#6659,#6660,#6661,#6662,#6663,#6664,#6665,#6666,#6667,#6668,#6669,
#6670)),.UNSPECIFIED.,.F.,.T.,.F.,(3,3),(4,2,2,2,2,2,2,2,4),(0.,1.),(0.,
0.785398163397448,1.5707963267949,2.35619449019234,3.1415926535898,3.92699081698724,
4.71238898038469,5.49778714378214,6.28318530717959),.UNSPECIFIED.);
#143=B_SPLINE_SURFACE_WITH_KNOTS('',2,3,((#6683,#6684,#6685,#6686,#6687,
#6688,#6689,#6690,#6691,#6692,#6693,#6694,#6695,#6696,#6697,#6698,#6699,
#6700),(#6701,#6702,#6703,#6704,#6705,#6706,#6707,#6708,#6709,#6710,#6711,
#6712,#6713,#6714,#6715,#6716,#6717,#6718),(#6719,#6720,#6721,#6722,#6723,
#6724,#6725,#6726,#6727,#6728,#6729,#6730,#6731,#6732,#6733,#6734,#6735,
#6736)),.UNSPECIFIED.,.F.,.T.,.F.,(3,3),(4,2,2,2,2,2,2,2,4),(0.,1.),(0.,
0.785398163397448,1.5707963267949,2.35619449019234,3.1415926535898,3.92699081698724,
4.71238898038469,5.49778714378214,6.28318530717959),.UNSPECIFIED.);
#144=B_SPLINE_SURFACE_WITH_KNOTS('',2,3,((#6749,#6750,#6751,#6752,#6753,
#6754,#6755,#6756,#6757,#6758,#6759,#6760,#6761,#6762,#6763,#6764,#6765,
#6766),(#6767,#6768,#6769,#6770,#6771,#6772,#6773,#6774,#6775,#6776,#6777,
#6778,#6779,#6780,#6781,#6782,#6783,#6784),(#6785,#6786,#6787,#6788,#6789,
#6790,#6791,#6792,#6793,#6794,#6795,#6796,#6797,#6798,#6799,#6800,#6801,
#6802)),.UNSPECIFIED.,.F.,.T.,.F.,(3,3),(4,2,2,2,2,2,2,2,4),(0.,1.),(0.,
0.785398163397448,1.5707963267949,2.35619449019234,3.1415926535898,3.92699081698724,
4.71238898038469,5.49778714378214,6.28318530717959),.UNSPECIFIED.);
#145=B_SPLINE_SURFACE_WITH_KNOTS('',2,3,((#6815,#6816,#6817,#6818,#6819,
#6820,#6821,#6822,#6823,#6824,#6825,#6826,#6827,#6828,#6829,#6830,#6831,
#6832),(#6833,#6834,#6835,#6836,#6837,#6838,#6839,#6840,#6841,#6842,#6843,
#6844,#6845,#6846,#6847,#6848,#6849,#6850),(#6851,#6852,#6853,#6854,#6855,
#6856,#6857,#6858,#6859,#6860,#6861,#6862,#6863,#6864,#6865,#6866,#6867,
#6868)),.UNSPECIFIED.,.F.,.T.,.F.,(3,3),(4,2,2,2,2,2,2,2,4),(0.,1.),(0.,
0.785398163397448,1.5707963267949,2.35619449019234,3.1415926535898,3.92699081698724,
4.71238898038469,5.49778714378214,6.28318530717959),.UNSPECIFIED.);
#146=B_SPLINE_SURFACE_WITH_KNOTS('',3,3,((#6881,#6882,#6883,#6884,#6885,
#6886,#6887,#6888,#6889,#6890,#6891,#6892,#6893,#6894,#6895,#6896,#6897,
#6898,#6899),(#6900,#6901,#6902,#6903,#6904,#6905,#6906,#6907,#6908,#6909,
#6910,#6911,#6912,#6913,#6914,#6915,#6916,#6917,#6918),(#6919,#6920,#6921,
#6922,#6923,#6924,#6925,#6926,#6927,#6928,#6929,#6930,#6931,#6932,#6933,
#6934,#6935,#6936,#6937),(#6938,#6939,#6940,#6941,#6942,#6943,#6944,#6945,
#6946,#6947,#6948,#6949,#6950,#6951,#6952,#6953,#6954,#6955,#6956)),
 .UNSPECIFIED.,.F.,.T.,.F.,(4,4),(1,1,1,1,1,1,1,1,1,1,1,1,1,1,1,1,1,1,1,
1,1,1,1),(0.,0.999958477504365),(-1.17809724509617,-0.785398163397448,-0.392699081698725,
0.,0.392699081698724,0.785398163397448,1.17809724509617,1.5707963267949,
1.96349540849362,2.35619449019234,2.74889357189107,3.14159265358979,3.53429173528852,
3.92699081698724,4.31968989868597,4.71238898038469,5.10508806208341,5.49778714378214,
5.89048622548086,6.28318530717959,6.67588438887831,7.06858347057703,7.46128255227576),
 .UNSPECIFIED.);
#147=B_SPLINE_SURFACE_WITH_KNOTS('',3,3,((#6957,#6958,#6959,#6960,#6961,
#6962,#6963,#6964,#6965,#6966,#6967,#6968,#6969,#6970,#6971,#6972,#6973,
#6974,#6975),(#6976,#6977,#6978,#6979,#6980,#6981,#6982,#6983,#6984,#6985,
#6986,#6987,#6988,#6989,#6990,#6991,#6992,#6993,#6994),(#6995,#6996,#6997,
#6998,#6999,#7000,#7001,#7002,#7003,#7004,#7005,#7006,#7007,#7008,#7009,
#7010,#7011,#7012,#7013),(#7014,#7015,#7016,#7017,#7018,#7019,#7020,#7021,
#7022,#7023,#7024,#7025,#7026,#7027,#7028,#7029,#7030,#7031,#7032)),
 .UNSPECIFIED.,.F.,.T.,.F.,(4,4),(1,1,1,1,1,1,1,1,1,1,1,1,1,1,1,1,1,1,1,
1,1,1,1),(4.15224956746872E-5,1.),(-1.17809724509617,-0.785398163397448,
-0.392699081698725,0.,0.392699081698724,0.785398163397448,1.17809724509617,
1.5707963267949,1.96349540849362,2.35619449019234,2.74889357189107,3.14159265358979,
3.53429173528852,3.92699081698724,4.31968989868597,4.71238898038469,5.10508806208341,
5.49778714378214,5.89048622548086,6.28318530717959,6.67588438887831,7.06858347057703,
7.46128255227576),.UNSPECIFIED.);
#148=B_SPLINE_SURFACE_WITH_KNOTS('',3,3,((#7033,#7034,#7035,#7036,#7037,
#7038,#7039,#7040,#7041,#7042,#7043,#7044,#7045,#7046,#7047,#7048,#7049,
#7050,#7051),(#7052,#7053,#7054,#7055,#7056,#7057,#7058,#7059,#7060,#7061,
#7062,#7063,#7064,#7065,#7066,#7067,#7068,#7069,#7070),(#7071,#7072,#7073,
#7074,#7075,#7076,#7077,#7078,#7079,#7080,#7081,#7082,#7083,#7084,#7085,
#7086,#7087,#7088,#7089),(#7090,#7091,#7092,#7093,#7094,#7095,#7096,#7097,
#7098,#7099,#7100,#7101,#7102,#7103,#7104,#7105,#7106,#7107,#7108)),
 .UNSPECIFIED.,.F.,.T.,.F.,(4,4),(1,1,1,1,1,1,1,1,1,1,1,1,1,1,1,1,1,1,1,
1,1,1,1),(0.,0.999958477503941),(-1.17809724509617,-0.785398163397448,-0.392699081698725,
0.,0.392699081698724,0.785398163397448,1.17809724509617,1.5707963267949,
1.96349540849362,2.35619449019234,2.74889357189107,3.14159265358979,3.53429173528852,
3.92699081698724,4.31968989868597,4.71238898038469,5.10508806208341,5.49778714378214,
5.89048622548086,6.28318530717959,6.67588438887831,7.06858347057703,7.46128255227576),
 .UNSPECIFIED.);
#149=B_SPLINE_SURFACE_WITH_KNOTS('',3,3,((#7109,#7110,#7111,#7112,#7113,
#7114,#7115,#7116,#7117,#7118,#7119,#7120,#7121,#7122,#7123,#7124,#7125,
#7126,#7127),(#7128,#7129,#7130,#7131,#7132,#7133,#7134,#7135,#7136,#7137,
#7138,#7139,#7140,#7141,#7142,#7143,#7144,#7145,#7146),(#7147,#7148,#7149,
#7150,#7151,#7152,#7153,#7154,#7155,#7156,#7157,#7158,#7159,#7160,#7161,
#7162,#7163,#7164,#7165),(#7166,#7167,#7168,#7169,#7170,#7171,#7172,#7173,
#7174,#7175,#7176,#7177,#7178,#7179,#7180,#7181,#7182,#7183,#7184)),
 .UNSPECIFIED.,.F.,.T.,.F.,(4,4),(1,1,1,1,1,1,1,1,1,1,1,1,1,1,1,1,1,1,1,
1,1,1,1),(4.15224960586236E-5,1.),(-1.17809724509617,-0.785398163397448,
-0.392699081698725,0.,0.392699081698724,0.785398163397448,1.17809724509617,
1.5707963267949,1.96349540849362,2.35619449019234,2.74889357189107,3.14159265358979,
3.53429173528852,3.92699081698724,4.31968989868597,4.71238898038469,5.10508806208341,
5.49778714378214,5.89048622548086,6.28318530717959,6.67588438887831,7.06858347057703,
7.46128255227576),.UNSPECIFIED.);
#150=B_SPLINE_SURFACE_WITH_KNOTS('',3,3,((#7185,#7186,#7187,#7188,#7189,
#7190,#7191,#7192,#7193,#7194,#7195,#7196,#7197,#7198,#7199,#7200,#7201,
#7202,#7203),(#7204,#7205,#7206,#7207,#7208,#7209,#7210,#7211,#7212,#7213,
#7214,#7215,#7216,#7217,#7218,#7219,#7220,#7221,#7222),(#7223,#7224,#7225,
#7226,#7227,#7228,#7229,#7230,#7231,#7232,#7233,#7234,#7235,#7236,#7237,
#7238,#7239,#7240,#7241),(#7242,#7243,#7244,#7245,#7246,#7247,#7248,#7249,
#7250,#7251,#7252,#7253,#7254,#7255,#7256,#7257,#7258,#7259,#7260)),
 .UNSPECIFIED.,.F.,.T.,.F.,(4,4),(1,1,1,1,1,1,1,1,1,1,1,1,1,1,1,1,1,1,1,
1,1,1,1),(0.,0.999958477503965),(-1.17809724509617,-0.785398163397448,-0.392699081698725,
0.,0.392699081698724,0.785398163397448,1.17809724509617,1.5707963267949,
1.96349540849362,2.35619449019234,2.74889357189107,3.14159265358979,3.53429173528852,
3.92699081698724,4.31968989868597,4.71238898038469,5.10508806208341,5.49778714378214,
5.89048622548086,6.28318530717959,6.67588438887831,7.06858347057703,7.46128255227576),
 .UNSPECIFIED.);
#151=B_SPLINE_SURFACE_WITH_KNOTS('',3,3,((#7261,#7262,#7263,#7264,#7265,
#7266,#7267,#7268,#7269,#7270,#7271,#7272,#7273,#7274,#7275,#7276,#7277,
#7278,#7279),(#7280,#7281,#7282,#7283,#7284,#7285,#7286,#7287,#7288,#7289,
#7290,#7291,#7292,#7293,#7294,#7295,#7296,#7297,#7298),(#7299,#7300,#7301,
#7302,#7303,#7304,#7305,#7306,#7307,#7308,#7309,#7310,#7311,#7312,#7313,
#7314,#7315,#7316,#7317),(#7318,#7319,#7320,#7321,#7322,#7323,#7324,#7325,
#7326,#7327,#7328,#7329,#7330,#7331,#7332,#7333,#7334,#7335,#7336)),
 .UNSPECIFIED.,.F.,.T.,.F.,(4,4),(1,1,1,1,1,1,1,1,1,1,1,1,1,1,1,1,1,1,1,
1,1,1,1),(4.15224959881197E-5,1.),(-1.17809724509617,-0.785398163397448,
-0.392699081698725,0.,0.392699081698724,0.785398163397448,1.17809724509617,
1.5707963267949,1.96349540849362,2.35619449019234,2.74889357189107,3.14159265358979,
3.53429173528852,3.92699081698724,4.31968989868597,4.71238898038469,5.10508806208341,
5.49778714378214,5.89048622548086,6.28318530717959,6.67588438887831,7.06858347057703,
7.46128255227576),.UNSPECIFIED.);
#152=B_SPLINE_SURFACE_WITH_KNOTS('',3,1,((#7339,#7340),(#7341,#7342),(#7343,
#7344),(#7345,#7346),(#7347,#7348),(#7349,#7350),(#7351,#7352),(#7353,#7354),
(#7355,#7356),(#7357,#7358),(#7359,#7360),(#7361,#7362),(#7363,#7364),(#7365,
#7366),(#7367,#7368),(#7369,#7370),(#7371,#7372),(#7373,#7374),(#7375,#7376),
(#7377,#7378),(#7379,#7380),(#7381,#7382),(#7383,#7384),(#7385,#7386),(#7387,
#7388),(#7389,#7390),(#7391,#7392),(#7393,#7394),(#7395,#7396),(#7397,#7398),
(#7399,#7400),(#7401,#7402),(#7403,#7404),(#7405,#7406),(#7407,#7408)),
 .SURF_OF_LINEAR_EXTRUSION.,.T.,.F.,.F.,(1,1,1,1,1,1,1,1,1,1,1,1,1,1,1,
1,1,1,1,1,1,1,1,1,1,1,1,1,1,1,1,1,1,1,1,1,1,1,1),(2,2),(-0.0939629582909669,
-0.0625002585669777,-0.0310571520048157,0.,0.031043961179075,0.0624997420365445,
0.0939359236133718,0.12499973424947,0.15603704222567,0.187499741950282,
0.218935923527107,0.24999973416324,0.281037042139594,0.312499741864085,
0.34393592344132,0.374999734077048,0.406037042053874,0.437499741777864,
0.468935923355336,0.499999733990832,0.531037041967531,0.56249974169166,
0.59393592326881,0.624999733904608,0.656037041880889,0.68749974160541,0.718935923182381,
0.74999973381841,0.781037041795008,0.812499741519261,0.843935923096448,
0.874999733732209,0.906037041709033,0.937499741433022,0.968942847995184,
1.,1.03104396117907,1.06249974203654,1.09393592361337),(0.,1.),
 .UNSPECIFIED.);
#153=B_SPLINE_SURFACE_WITH_KNOTS('',3,1,((#7409,#7410),(#7411,#7412),(#7413,
#7414),(#7415,#7416),(#7417,#7418),(#7419,#7420),(#7421,#7422),(#7423,#7424),
(#7425,#7426),(#7427,#7428),(#7429,#7430),(#7431,#7432),(#7433,#7434),(#7435,
#7436),(#7437,#7438),(#7439,#7440),(#7441,#7442),(#7443,#7444),(#7445,#7446),
(#7447,#7448),(#7449,#7450),(#7451,#7452),(#7453,#7454),(#7455,#7456),(#7457,
#7458),(#7459,#7460),(#7461,#7462),(#7463,#7464),(#7465,#7466),(#7467,#7468),
(#7469,#7470),(#7471,#7472),(#7473,#7474),(#7475,#7476),(#7477,#7478)),
 .SURF_OF_LINEAR_EXTRUSION.,.T.,.F.,.F.,(1,1,1,1,1,1,1,1,1,1,1,1,1,1,1,
1,1,1,1,1,1,1,1,1,1,1,1,1,1,1,1,1,1,1,1,1,1,1,1),(2,2),(-0.0939629582913287,
-0.0625002585669912,-0.0310571520052031,0.,0.0310439611791843,0.0624997420366056,
0.0939359236138417,0.124999734249494,0.156037042225974,0.187499741950251,
0.218935923527336,0.249999734163244,0.281037042139796,0.312499741864067,
0.343935923441336,0.374999734077046,0.406037042053956,0.437499741777971,
0.468935923355448,0.499999733990824,0.531037041967188,0.562499741691534,
0.593935923268881,0.62499973390461,0.656037041881595,0.687499741605442,
0.718935923182785,0.749999733818399,0.781037041794537,0.81249974151921,
0.843935923095995,0.874999733732199,0.906037041708671,0.937499741433009,
0.968942847994797,1.,1.03104396117918,1.06249974203661,1.09393592361384),
(0.,1.),.UNSPECIFIED.);
#154=B_SPLINE_SURFACE_WITH_KNOTS('',3,1,((#7479,#7480),(#7481,#7482),(#7483,
#7484),(#7485,#7486),(#7487,#7488),(#7489,#7490),(#7491,#7492),(#7493,#7494),
(#7495,#7496),(#7497,#7498),(#7499,#7500),(#7501,#7502),(#7503,#7504),(#7505,
#7506),(#7507,#7508),(#7509,#7510),(#7511,#7512),(#7513,#7514),(#7515,#7516),
(#7517,#7518),(#7519,#7520),(#7521,#7522),(#7523,#7524),(#7525,#7526),(#7527,
#7528),(#7529,#7530),(#7531,#7532),(#7533,#7534),(#7535,#7536),(#7537,#7538),
(#7539,#7540),(#7541,#7542),(#7543,#7544),(#7545,#7546),(#7547,#7548)),
 .SURF_OF_LINEAR_EXTRUSION.,.T.,.F.,.F.,(1,1,1,1,1,1,1,1,1,1,1,1,1,1,1,
1,1,1,1,1,1,1,1,1,1,1,1,1,1,1,1,1,1,1,1,1,1,1,1),(2,2),(-0.0939629582911679,
-0.0625002585669769,-0.0310571520050058,0.,0.0310439611792887,0.0624997420364992,
0.0939359236137758,0.124999734249464,0.156037042226107,0.187499741950308,
0.218935923527686,0.24999973416326,0.281037042139902,0.312499741864058,
0.343935923441246,0.374999734077045,0.406037042053715,0.437499741777867,
0.468935923355218,0.499999733990839,0.531037041967603,0.562499741691654,
0.593935923269079,0.624999733904632,0.656037041881671,0.687499741605457,
0.718935923182828,0.749999733818412,0.781037041794908,0.812499741519231,
0.8439359230963,0.874999733732201,0.906037041708832,0.937499741433023,0.968942847994994,
1.,1.03104396117929,1.0624997420365,1.09393592361378),(0.,1.),
 .UNSPECIFIED.);
#155=CIRCLE('',#2446,0.0025);
#156=CIRCLE('',#2447,0.0025);
#157=CIRCLE('',#2465,0.00600791121965296);
#158=CIRCLE('',#2466,0.00750791121965297);
#159=CIRCLE('',#2467,0.00700791121965296);
#160=CIRCLE('',#2470,0.00750791121965297);
#161=CIRCLE('',#2472,0.00750791121965297);
#162=CIRCLE('',#2474,0.00750791121965297);
#163=CIRCLE('',#2476,0.00749757934277727);
#164=CIRCLE('',#2478,0.00749757934277727);
#165=CIRCLE('',#2480,0.01);
#166=CIRCLE('',#2481,0.01);
#167=CIRCLE('',#2488,0.00699757934277726);
#168=CIRCLE('',#2489,0.00700791121965296);
#169=CIRCLE('',#2491,0.00699757934277726);
#170=CIRCLE('',#2493,0.00749757934277727);
#171=CIRCLE('',#2496,0.00749757934277727);
#172=CIRCLE('',#2499,0.005);
#173=CIRCLE('',#2500,0.005);
#174=CIRCLE('',#2502,0.0075);
#175=CIRCLE('',#2503,0.0075);
#176=CIRCLE('',#2505,0.00599757934277726);
#177=CIRCLE('',#2506,0.006);
#178=CIRCLE('',#2508,0.00599757934277726);
#179=CIRCLE('',#2509,0.006);
#180=CIRCLE('',#2514,0.0075);
#181=CIRCLE('',#2515,0.0075);
#182=CIRCLE('',#2517,0.005);
#183=CIRCLE('',#2518,0.005);
#184=CIRCLE('',#2520,0.0115);
#185=CIRCLE('',#2521,0.00600791121965296);
#186=CIRCLE('',#2522,0.006);
#187=CIRCLE('',#2524,0.0115);
#188=CIRCLE('',#2525,0.006);
#189=CIRCLE('',#2544,0.005);
#190=CIRCLE('',#2545,0.005);
#191=CIRCLE('',#2547,0.0025);
#192=CIRCLE('',#2550,0.0025);
#193=CIRCLE('',#2552,0.005);
#194=CIRCLE('',#2553,0.005);
#195=CIRCLE('',#2559,0.005);
#196=CIRCLE('',#2560,0.005);
#197=CIRCLE('',#2565,0.005);
#198=CIRCLE('',#2566,0.005);
#199=CIRCLE('',#2575,0.0335985391255456);
#200=CIRCLE('',#2576,0.0335985391255456);
#201=CIRCLE('',#2580,0.005);
#202=CIRCLE('',#2581,0.005);
#203=CIRCLE('',#2583,0.005);
#204=CIRCLE('',#2584,0.005);
#205=CIRCLE('',#2586,0.0320985391255456);
#206=CIRCLE('',#2588,0.0320985391255456);
#207=CYLINDRICAL_SURFACE('',#2445,0.0025);
#208=CYLINDRICAL_SURFACE('',#2471,0.00750791121965297);
#209=CYLINDRICAL_SURFACE('',#2473,0.00750791121965297);
#210=CYLINDRICAL_SURFACE('',#2475,0.00749757934277727);
#211=CYLINDRICAL_SURFACE('',#2477,0.00749757934277727);
#212=CYLINDRICAL_SURFACE('',#2479,0.01);
#213=CYLINDRICAL_SURFACE('',#2483,0.00999999999999988);
#214=CYLINDRICAL_SURFACE('',#2484,0.01);
#215=CYLINDRICAL_SURFACE('',#2486,0.00999999999999988);
#216=CYLINDRICAL_SURFACE('',#2492,0.00749757934277727);
#217=CYLINDRICAL_SURFACE('',#2495,0.00749757934277727);
#218=CYLINDRICAL_SURFACE('',#2498,0.005);
#219=CYLINDRICAL_SURFACE('',#2501,0.0075);
#220=CYLINDRICAL_SURFACE('',#2510,0.00750791121965297);
#221=CYLINDRICAL_SURFACE('',#2511,0.00750791121965297);
#222=CYLINDRICAL_SURFACE('',#2513,0.0075);
#223=CYLINDRICAL_SURFACE('',#2516,0.005);
#224=CYLINDRICAL_SURFACE('',#2543,0.005);
#225=CYLINDRICAL_SURFACE('',#2549,0.0025);
#226=CYLINDRICAL_SURFACE('',#2551,0.005);
#227=CYLINDRICAL_SURFACE('',#2558,0.005);
#228=CYLINDRICAL_SURFACE('',#2564,0.005);
#229=CYLINDRICAL_SURFACE('',#2570,0.005);
#230=CYLINDRICAL_SURFACE('',#2571,0.005);
#231=CYLINDRICAL_SURFACE('',#2572,0.005);
#232=CYLINDRICAL_SURFACE('',#2573,0.005);
#233=CYLINDRICAL_SURFACE('',#2574,0.0335985391255456);
#234=CYLINDRICAL_SURFACE('',#2577,0.005);
#235=CYLINDRICAL_SURFACE('',#2578,0.005);
#236=CYLINDRICAL_SURFACE('',#2579,0.005);
#237=CYLINDRICAL_SURFACE('',#2582,0.005);
#238=B_SPLINE_CURVE_WITH_KNOTS('',3,(#2962,#2963,#2964,#2965),
 .UNSPECIFIED.,.F.,.F.,(4,4),(0.,1.),.UNSPECIFIED.);
#239=B_SPLINE_CURVE_WITH_KNOTS('',3,(#2969,#2970,#2971,#2972),
 .UNSPECIFIED.,.F.,.F.,(4,4),(0.,1.),.UNSPECIFIED.);
#240=B_SPLINE_CURVE_WITH_KNOTS('',3,(#2974,#2975,#2976,#2977),
 .UNSPECIFIED.,.F.,.F.,(4,4),(0.,1.),.UNSPECIFIED.);
#241=B_SPLINE_CURVE_WITH_KNOTS('',3,(#2985,#2986,#2987,#2988),
 .UNSPECIFIED.,.F.,.F.,(4,4),(0.,1.),.UNSPECIFIED.);
#242=B_SPLINE_CURVE_WITH_KNOTS('',3,(#3003,#3004,#3005,#3006),
 .UNSPECIFIED.,.F.,.F.,(4,4),(0.,1.),.UNSPECIFIED.);
#243=B_SPLINE_CURVE_WITH_KNOTS('',3,(#3007,#3008,#3009,#3010),
 .UNSPECIFIED.,.F.,.F.,(4,4),(0.,1.),.UNSPECIFIED.);
#244=B_SPLINE_CURVE_WITH_KNOTS('',3,(#3014,#3015,#3016,#3017),
 .UNSPECIFIED.,.F.,.F.,(4,4),(0.,1.),.UNSPECIFIED.);
#245=B_SPLINE_CURVE_WITH_KNOTS('',3,(#3019,#3020,#3021,#3022),
 .UNSPECIFIED.,.F.,.F.,(4,4),(0.,1.),.UNSPECIFIED.);
#246=B_SPLINE_CURVE_WITH_KNOTS('',3,(#3044,#3045,#3046,#3047),
 .UNSPECIFIED.,.F.,.F.,(4,4),(0.,1.),.UNSPECIFIED.);
#247=B_SPLINE_CURVE_WITH_KNOTS('',3,(#3053,#3054,#3055,#3056),
 .UNSPECIFIED.,.F.,.F.,(4,4),(0.,1.),.UNSPECIFIED.);
#248=B_SPLINE_CURVE_WITH_KNOTS('',3,(#3059,#3060,#3061,#3062),
 .UNSPECIFIED.,.F.,.F.,(4,4),(0.,1.),.UNSPECIFIED.);
#249=B_SPLINE_CURVE_WITH_KNOTS('',3,(#3064,#3065,#3066,#3067),
 .UNSPECIFIED.,.F.,.F.,(4,4),(0.,1.),.UNSPECIFIED.);
#250=B_SPLINE_CURVE_WITH_KNOTS('',3,(#3069,#3070,#3071,#3072),
 .UNSPECIFIED.,.F.,.F.,(4,4),(0.,1.),.UNSPECIFIED.);
#251=B_SPLINE_CURVE_WITH_KNOTS('',3,(#3074,#3075,#3076,#3077),
 .UNSPECIFIED.,.F.,.F.,(4,4),(0.,1.),.UNSPECIFIED.);
#252=B_SPLINE_CURVE_WITH_KNOTS('',3,(#3080,#3081,#3082,#3083),
 .UNSPECIFIED.,.F.,.F.,(4,4),(0.,1.),.UNSPECIFIED.);
#253=B_SPLINE_CURVE_WITH_KNOTS('',3,(#3085,#3086,#3087,#3088),
 .UNSPECIFIED.,.F.,.F.,(4,4),(0.,1.),.UNSPECIFIED.);
#254=B_SPLINE_CURVE_WITH_KNOTS('',3,(#3090,#3091,#3092,#3093),
 .UNSPECIFIED.,.F.,.F.,(4,4),(0.,1.),.UNSPECIFIED.);
#255=B_SPLINE_CURVE_WITH_KNOTS('',3,(#3095,#3096,#3097,#3098),
 .UNSPECIFIED.,.F.,.F.,(4,4),(0.,1.),.UNSPECIFIED.);
#256=B_SPLINE_CURVE_WITH_KNOTS('',3,(#3101,#3102,#3103,#3104),
 .UNSPECIFIED.,.F.,.F.,(4,4),(0.,1.),.UNSPECIFIED.);
#257=B_SPLINE_CURVE_WITH_KNOTS('',3,(#3106,#3107,#3108,#3109),
 .UNSPECIFIED.,.F.,.F.,(4,4),(0.,1.),.UNSPECIFIED.);
#258=B_SPLINE_CURVE_WITH_KNOTS('',3,(#3111,#3112,#3113,#3114),
 .UNSPECIFIED.,.F.,.F.,(4,4),(0.,1.),.UNSPECIFIED.);
#259=B_SPLINE_CURVE_WITH_KNOTS('',3,(#3116,#3117,#3118,#3119),
 .UNSPECIFIED.,.F.,.F.,(4,4),(0.,1.),.UNSPECIFIED.);
#260=B_SPLINE_CURVE_WITH_KNOTS('',3,(#3122,#3123,#3124,#3125),
 .UNSPECIFIED.,.F.,.F.,(4,4),(0.,1.),.UNSPECIFIED.);
#261=B_SPLINE_CURVE_WITH_KNOTS('',3,(#3127,#3128,#3129,#3130),
 .UNSPECIFIED.,.F.,.F.,(4,4),(0.,1.),.UNSPECIFIED.);
#262=B_SPLINE_CURVE_WITH_KNOTS('',3,(#3132,#3133,#3134,#3135),
 .UNSPECIFIED.,.F.,.F.,(4,4),(0.,1.),.UNSPECIFIED.);
#263=B_SPLINE_CURVE_WITH_KNOTS('',3,(#3137,#3138,#3139,#3140),
 .UNSPECIFIED.,.F.,.F.,(4,4),(0.,1.),.UNSPECIFIED.);
#264=B_SPLINE_CURVE_WITH_KNOTS('',3,(#3143,#3144,#3145,#3146),
 .UNSPECIFIED.,.F.,.F.,(4,4),(0.,1.),.UNSPECIFIED.);
#265=B_SPLINE_CURVE_WITH_KNOTS('',3,(#3148,#3149,#3150,#3151),
 .UNSPECIFIED.,.F.,.F.,(4,4),(0.,1.),.UNSPECIFIED.);
#266=B_SPLINE_CURVE_WITH_KNOTS('',3,(#3153,#3154,#3155,#3156),
 .UNSPECIFIED.,.F.,.F.,(4,4),(0.,1.),.UNSPECIFIED.);
#267=B_SPLINE_CURVE_WITH_KNOTS('',3,(#3161,#3162,#3163,#3164),
 .UNSPECIFIED.,.F.,.F.,(4,4),(0.,1.),.UNSPECIFIED.);
#268=B_SPLINE_CURVE_WITH_KNOTS('',3,(#3173,#3174,#3175,#3176),
 .UNSPECIFIED.,.F.,.F.,(4,4),(0.,1.),.UNSPECIFIED.);
#269=B_SPLINE_CURVE_WITH_KNOTS('',3,(#3178,#3179,#3180,#3181),
 .UNSPECIFIED.,.F.,.F.,(4,4),(0.,1.),.UNSPECIFIED.);
#270=B_SPLINE_CURVE_WITH_KNOTS('',3,(#3183,#3184,#3185,#3186),
 .UNSPECIFIED.,.F.,.F.,(4,4),(0.,1.),.UNSPECIFIED.);
#271=B_SPLINE_CURVE_WITH_KNOTS('',3,(#3188,#3189,#3190,#3191),
 .UNSPECIFIED.,.F.,.F.,(4,4),(0.,1.),.UNSPECIFIED.);
#272=B_SPLINE_CURVE_WITH_KNOTS('',3,(#3193,#3194,#3195,#3196),
 .UNSPECIFIED.,.F.,.F.,(4,4),(0.,1.),.UNSPECIFIED.);
#273=B_SPLINE_CURVE_WITH_KNOTS('',3,(#3198,#3199,#3200,#3201),
 .UNSPECIFIED.,.F.,.F.,(4,4),(0.,1.),.UNSPECIFIED.);
#274=B_SPLINE_CURVE_WITH_KNOTS('',3,(#3204,#3205,#3206,#3207),
 .UNSPECIFIED.,.F.,.F.,(4,4),(0.,1.),.UNSPECIFIED.);
#275=B_SPLINE_CURVE_WITH_KNOTS('',3,(#3208,#3209,#3210,#3211),
 .UNSPECIFIED.,.F.,.F.,(4,4),(0.,1.),.UNSPECIFIED.);
#276=B_SPLINE_CURVE_WITH_KNOTS('',3,(#3213,#3214,#3215,#3216),
 .UNSPECIFIED.,.F.,.F.,(4,4),(0.,1.),.UNSPECIFIED.);
#277=B_SPLINE_CURVE_WITH_KNOTS('',3,(#3218,#3219,#3220,#3221),
 .UNSPECIFIED.,.F.,.F.,(4,4),(0.,1.),.UNSPECIFIED.);
#278=B_SPLINE_CURVE_WITH_KNOTS('',3,(#3286,#3287,#3288,#3289,#3290,#3291,
#3292,#3293),.UNSPECIFIED.,.F.,.F.,(4,2,2,4),(0.,0.25,0.5,1.),
 .UNSPECIFIED.);
#279=B_SPLINE_CURVE_WITH_KNOTS('',3,(#3296,#3297,#3298,#3299),
 .UNSPECIFIED.,.F.,.F.,(4,4),(0.,1.),.UNSPECIFIED.);
#280=B_SPLINE_CURVE_WITH_KNOTS('',3,(#3300,#3301,#3302,#3303),
 .UNSPECIFIED.,.F.,.F.,(4,4),(0.,1.),.UNSPECIFIED.);
#281=B_SPLINE_CURVE_WITH_KNOTS('',3,(#3305,#3306,#3307,#3308,#3309,#3310,
#3311,#3312),.UNSPECIFIED.,.F.,.F.,(4,2,2,4),(0.,0.25,0.5,1.),
 .UNSPECIFIED.);
#282=B_SPLINE_CURVE_WITH_KNOTS('',3,(#3377,#3378,#3379,#3380),
 .UNSPECIFIED.,.F.,.F.,(4,4),(0.,1.),.UNSPECIFIED.);
#283=B_SPLINE_CURVE_WITH_KNOTS('',3,(#3381,#3382,#3383,#3384),
 .UNSPECIFIED.,.F.,.F.,(4,4),(0.,1.),.UNSPECIFIED.);
#284=B_SPLINE_CURVE_WITH_KNOTS('',3,(#3386,#3387,#3388,#3389,#3390,#3391,
#3392,#3393),.UNSPECIFIED.,.F.,.F.,(4,2,2,4),(0.,0.25,0.5,1.),
 .UNSPECIFIED.);
#285=B_SPLINE_CURVE_WITH_KNOTS('',3,(#3458,#3459,#3460,#3461,#3462,#3463,
#3464,#3465),.UNSPECIFIED.,.F.,.F.,(4,2,2,4),(0.,0.25,0.5,1.),
 .UNSPECIFIED.);
#286=B_SPLINE_CURVE_WITH_KNOTS('',3,(#3468,#3469,#3470,#3471),
 .UNSPECIFIED.,.F.,.F.,(4,4),(0.,1.),.UNSPECIFIED.);
#287=B_SPLINE_CURVE_WITH_KNOTS('',3,(#3472,#3473,#3474,#3475),
 .UNSPECIFIED.,.F.,.F.,(4,4),(0.,1.),.UNSPECIFIED.);
#288=B_SPLINE_CURVE_WITH_KNOTS('',3,(#3477,#3478,#3479,#3480,#3481,#3482,
#3483,#3484),.UNSPECIFIED.,.F.,.F.,(4,2,2,4),(0.,0.25,0.5,1.),
 .UNSPECIFIED.);
#289=B_SPLINE_CURVE_WITH_KNOTS('',3,(#3549,#3550,#3551,#3552),
 .UNSPECIFIED.,.F.,.F.,(4,4),(0.,1.),.UNSPECIFIED.);
#290=B_SPLINE_CURVE_WITH_KNOTS('',3,(#3553,#3554,#3555,#3556),
 .UNSPECIFIED.,.F.,.F.,(4,4),(0.,1.),.UNSPECIFIED.);
#291=B_SPLINE_CURVE_WITH_KNOTS('',3,(#3558,#3559,#3560,#3561,#3562,#3563,
#3564,#3565),.UNSPECIFIED.,.F.,.F.,(4,2,2,4),(0.,0.25,0.5,1.),
 .UNSPECIFIED.);
#292=B_SPLINE_CURVE_WITH_KNOTS('',3,(#3630,#3631,#3632,#3633,#3634,#3635,
#3636,#3637),.UNSPECIFIED.,.F.,.F.,(4,2,2,4),(0.,0.25,0.5,1.),
 .UNSPECIFIED.);
#293=B_SPLINE_CURVE_WITH_KNOTS('',3,(#3640,#3641,#3642,#3643),
 .UNSPECIFIED.,.F.,.F.,(4,4),(0.,1.),.UNSPECIFIED.);
#294=B_SPLINE_CURVE_WITH_KNOTS('',3,(#3644,#3645,#3646,#3647),
 .UNSPECIFIED.,.F.,.F.,(4,4),(0.,1.),.UNSPECIFIED.);
#295=B_SPLINE_CURVE_WITH_KNOTS('',3,(#3649,#3650,#3651,#3652,#3653,#3654,
#3655,#3656),.UNSPECIFIED.,.F.,.F.,(4,2,2,4),(0.,0.25,0.5,1.),
 .UNSPECIFIED.);
#296=B_SPLINE_CURVE_WITH_KNOTS('',3,(#3721,#3722,#3723,#3724),
 .UNSPECIFIED.,.F.,.F.,(4,4),(0.,1.),.UNSPECIFIED.);
#297=B_SPLINE_CURVE_WITH_KNOTS('',3,(#3725,#3726,#3727,#3728),
 .UNSPECIFIED.,.F.,.F.,(4,4),(0.,1.),.UNSPECIFIED.);
#298=B_SPLINE_CURVE_WITH_KNOTS('',3,(#3730,#3731,#3732,#3733,#3734,#3735,
#3736,#3737),.UNSPECIFIED.,.F.,.F.,(4,2,2,4),(0.,0.25,0.5,1.),
 .UNSPECIFIED.);
#299=B_SPLINE_CURVE_WITH_KNOTS('',3,(#3802,#3803,#3804,#3805,#3806,#3807,
#3808,#3809),.UNSPECIFIED.,.F.,.F.,(4,2,2,4),(0.,0.25,0.5,1.),
 .UNSPECIFIED.);
#300=B_SPLINE_CURVE_WITH_KNOTS('',3,(#3812,#3813,#3814,#3815),
 .UNSPECIFIED.,.F.,.F.,(4,4),(0.,1.),.UNSPECIFIED.);
#301=B_SPLINE_CURVE_WITH_KNOTS('',3,(#3816,#3817,#3818,#3819),
 .UNSPECIFIED.,.F.,.F.,(4,4),(0.,1.),.UNSPECIFIED.);
#302=B_SPLINE_CURVE_WITH_KNOTS('',3,(#3821,#3822,#3823,#3824,#3825,#3826,
#3827,#3828),.UNSPECIFIED.,.F.,.F.,(4,2,2,4),(0.,0.25,0.5,1.),
 .UNSPECIFIED.);
#303=B_SPLINE_CURVE_WITH_KNOTS('',3,(#3893,#3894,#3895,#3896),
 .UNSPECIFIED.,.F.,.F.,(4,4),(0.,1.),.UNSPECIFIED.);
#304=B_SPLINE_CURVE_WITH_KNOTS('',3,(#3897,#3898,#3899,#3900),
 .UNSPECIFIED.,.F.,.F.,(4,4),(0.,1.),.UNSPECIFIED.);
#305=B_SPLINE_CURVE_WITH_KNOTS('',3,(#3902,#3903,#3904,#3905,#3906,#3907,
#3908,#3909),.UNSPECIFIED.,.F.,.F.,(4,2,2,4),(0.,0.25,0.5,1.),
 .UNSPECIFIED.);
#306=B_SPLINE_CURVE_WITH_KNOTS('',3,(#3974,#3975,#3976,#3977,#3978,#3979,
#3980,#3981),.UNSPECIFIED.,.F.,.F.,(4,2,2,4),(0.,0.25,0.5,1.),
 .UNSPECIFIED.);
#307=B_SPLINE_CURVE_WITH_KNOTS('',3,(#3984,#3985,#3986,#3987),
 .UNSPECIFIED.,.F.,.F.,(4,4),(0.,1.),.UNSPECIFIED.);
#308=B_SPLINE_CURVE_WITH_KNOTS('',3,(#3988,#3989,#3990,#3991),
 .UNSPECIFIED.,.F.,.F.,(4,4),(0.,1.),.UNSPECIFIED.);
#309=B_SPLINE_CURVE_WITH_KNOTS('',3,(#3993,#3994,#3995,#3996,#3997,#3998,
#3999,#4000),.UNSPECIFIED.,.F.,.F.,(4,2,2,4),(0.,0.25,0.5,1.),
 .UNSPECIFIED.);
#310=B_SPLINE_CURVE_WITH_KNOTS('',3,(#4065,#4066,#4067,#4068),
 .UNSPECIFIED.,.F.,.F.,(4,4),(0.,1.),.UNSPECIFIED.);
#311=B_SPLINE_CURVE_WITH_KNOTS('',3,(#4069,#4070,#4071,#4072),
 .UNSPECIFIED.,.F.,.F.,(4,4),(0.,1.),.UNSPECIFIED.);
#312=B_SPLINE_CURVE_WITH_KNOTS('',3,(#4074,#4075,#4076,#4077,#4078,#4079,
#4080,#4081),.UNSPECIFIED.,.F.,.F.,(4,2,2,4),(0.,0.25,0.5,1.),
 .UNSPECIFIED.);
#313=B_SPLINE_CURVE_WITH_KNOTS('',3,(#4146,#4147,#4148,#4149,#4150,#4151,
#4152,#4153),.UNSPECIFIED.,.F.,.F.,(4,2,2,4),(0.,0.25,0.5,1.),
 .UNSPECIFIED.);
#314=B_SPLINE_CURVE_WITH_KNOTS('',3,(#4156,#4157,#4158,#4159),
 .UNSPECIFIED.,.F.,.F.,(4,4),(0.,1.),.UNSPECIFIED.);
#315=B_SPLINE_CURVE_WITH_KNOTS('',3,(#4160,#4161,#4162,#4163),
 .UNSPECIFIED.,.F.,.F.,(4,4),(0.,1.),.UNSPECIFIED.);
#316=B_SPLINE_CURVE_WITH_KNOTS('',3,(#4165,#4166,#4167,#4168,#4169,#4170,
#4171,#4172),.UNSPECIFIED.,.F.,.F.,(4,2,2,4),(0.,0.25,0.5,1.),
 .UNSPECIFIED.);
#317=B_SPLINE_CURVE_WITH_KNOTS('',3,(#4237,#4238,#4239,#4240),
 .UNSPECIFIED.,.F.,.F.,(4,4),(0.,1.),.UNSPECIFIED.);
#318=B_SPLINE_CURVE_WITH_KNOTS('',3,(#4241,#4242,#4243,#4244),
 .UNSPECIFIED.,.F.,.F.,(4,4),(0.,1.),.UNSPECIFIED.);
#319=B_SPLINE_CURVE_WITH_KNOTS('',3,(#4246,#4247,#4248,#4249,#4250,#4251,
#4252,#4253),.UNSPECIFIED.,.F.,.F.,(4,2,2,4),(0.,0.25,0.5,1.),
 .UNSPECIFIED.);
#320=B_SPLINE_CURVE_WITH_KNOTS('',3,(#4318,#4319,#4320,#4321,#4322,#4323,
#4324,#4325),.UNSPECIFIED.,.F.,.F.,(4,2,2,4),(0.,0.25,0.5,1.),
 .UNSPECIFIED.);
#321=B_SPLINE_CURVE_WITH_KNOTS('',3,(#4328,#4329,#4330,#4331),
 .UNSPECIFIED.,.F.,.F.,(4,4),(0.,1.),.UNSPECIFIED.);
#322=B_SPLINE_CURVE_WITH_KNOTS('',3,(#4332,#4333,#4334,#4335),
 .UNSPECIFIED.,.F.,.F.,(4,4),(0.,1.),.UNSPECIFIED.);
#323=B_SPLINE_CURVE_WITH_KNOTS('',3,(#4337,#4338,#4339,#4340,#4341,#4342,
#4343,#4344),.UNSPECIFIED.,.F.,.F.,(4,2,2,4),(0.,0.25,0.5,1.),
 .UNSPECIFIED.);
#324=B_SPLINE_CURVE_WITH_KNOTS('',3,(#4409,#4410,#4411,#4412),
 .UNSPECIFIED.,.F.,.F.,(4,4),(0.,1.),.UNSPECIFIED.);
#325=B_SPLINE_CURVE_WITH_KNOTS('',3,(#4413,#4414,#4415,#4416),
 .UNSPECIFIED.,.F.,.F.,(4,4),(0.,1.),.UNSPECIFIED.);
#326=B_SPLINE_CURVE_WITH_KNOTS('',3,(#4418,#4419,#4420,#4421,#4422,#4423,
#4424,#4425),.UNSPECIFIED.,.F.,.F.,(4,2,2,4),(0.,0.25,0.5,1.),
 .UNSPECIFIED.);
#327=B_SPLINE_CURVE_WITH_KNOTS('',3,(#4490,#4491,#4492,#4493,#4494,#4495,
#4496,#4497),.UNSPECIFIED.,.F.,.F.,(4,2,2,4),(0.,0.25,0.5,1.),
 .UNSPECIFIED.);
#328=B_SPLINE_CURVE_WITH_KNOTS('',3,(#4500,#4501,#4502,#4503),
 .UNSPECIFIED.,.F.,.F.,(4,4),(0.,1.),.UNSPECIFIED.);
#329=B_SPLINE_CURVE_WITH_KNOTS('',3,(#4504,#4505,#4506,#4507),
 .UNSPECIFIED.,.F.,.F.,(4,4),(0.,1.),.UNSPECIFIED.);
#330=B_SPLINE_CURVE_WITH_KNOTS('',3,(#4509,#4510,#4511,#4512,#4513,#4514,
#4515,#4516),.UNSPECIFIED.,.F.,.F.,(4,2,2,4),(0.,0.25,0.5,1.),
 .UNSPECIFIED.);
#331=B_SPLINE_CURVE_WITH_KNOTS('',3,(#4581,#4582,#4583,#4584),
 .UNSPECIFIED.,.F.,.F.,(4,4),(0.,1.),.UNSPECIFIED.);
#332=B_SPLINE_CURVE_WITH_KNOTS('',3,(#4585,#4586,#4587,#4588),
 .UNSPECIFIED.,.F.,.F.,(4,4),(0.,1.),.UNSPECIFIED.);
#333=B_SPLINE_CURVE_WITH_KNOTS('',3,(#4590,#4591,#4592,#4593,#4594,#4595,
#4596,#4597),.UNSPECIFIED.,.F.,.F.,(4,2,2,4),(0.,0.25,0.5,1.),
 .UNSPECIFIED.);
#334=B_SPLINE_CURVE_WITH_KNOTS('',3,(#4606,#4607,#4608,#4609),
 .UNSPECIFIED.,.F.,.F.,(4,4),(0.,1.),.UNSPECIFIED.);
#335=B_SPLINE_CURVE_WITH_KNOTS('',3,(#4610,#4611,#4612,#4613),
 .UNSPECIFIED.,.F.,.F.,(4,4),(0.,1.),.UNSPECIFIED.);
#336=B_SPLINE_CURVE_WITH_KNOTS('',3,(#4622,#4623,#4624,#4625),
 .UNSPECIFIED.,.F.,.F.,(4,4),(0.,1.),.UNSPECIFIED.);
#337=B_SPLINE_CURVE_WITH_KNOTS('',3,(#4626,#4627,#4628,#4629),
 .UNSPECIFIED.,.F.,.F.,(4,4),(0.,1.),.UNSPECIFIED.);
#338=B_SPLINE_CURVE_WITH_KNOTS('',3,(#4638,#4639,#4640,#4641),
 .UNSPECIFIED.,.F.,.F.,(4,4),(0.,1.),.UNSPECIFIED.);
#339=B_SPLINE_CURVE_WITH_KNOTS('',3,(#4706,#4707,#4708,#4709),
 .UNSPECIFIED.,.F.,.F.,(4,4),(0.,1.),.UNSPECIFIED.);
#340=B_SPLINE_CURVE_WITH_KNOTS('',3,(#4774,#4775,#4776,#4777),
 .UNSPECIFIED.,.F.,.F.,(4,4),(0.,1.),.UNSPECIFIED.);
#341=B_SPLINE_CURVE_WITH_KNOTS('',3,(#4786,#4787,#4788,#4789),
 .UNSPECIFIED.,.F.,.F.,(4,4),(0.,1.),.UNSPECIFIED.);
#342=B_SPLINE_CURVE_WITH_KNOTS('',3,(#4806,#4807,#4808,#4809),
 .UNSPECIFIED.,.F.,.F.,(4,4),(0.,1.),.UNSPECIFIED.);
#343=B_SPLINE_CURVE_WITH_KNOTS('',3,(#4826,#4827,#4828,#4829),
 .UNSPECIFIED.,.F.,.F.,(4,4),(0.,1.),.UNSPECIFIED.);
#344=B_SPLINE_CURVE_WITH_KNOTS('',3,(#4838,#4839,#4840,#4841),
 .UNSPECIFIED.,.F.,.F.,(4,4),(0.,1.),.UNSPECIFIED.);
#345=B_SPLINE_CURVE_WITH_KNOTS('',3,(#4858,#4859,#4860,#4861),
 .UNSPECIFIED.,.F.,.F.,(4,4),(0.,1.),.UNSPECIFIED.);
#346=B_SPLINE_CURVE_WITH_KNOTS('',3,(#4926,#4927,#4928,#4929),
 .UNSPECIFIED.,.F.,.F.,(4,4),(0.,1.),.UNSPECIFIED.);
#347=B_SPLINE_CURVE_WITH_KNOTS('',3,(#4994,#4995,#4996,#4997),
 .UNSPECIFIED.,.F.,.F.,(4,4),(0.,1.),.UNSPECIFIED.);
#348=B_SPLINE_CURVE_WITH_KNOTS('',3,(#5062,#5063,#5064,#5065),
 .UNSPECIFIED.,.F.,.F.,(4,4),(0.,1.),.UNSPECIFIED.);
#349=B_SPLINE_CURVE_WITH_KNOTS('',3,(#5130,#5131,#5132,#5133),
 .UNSPECIFIED.,.F.,.F.,(4,4),(0.,1.),.UNSPECIFIED.);
#350=B_SPLINE_CURVE_WITH_KNOTS('',3,(#5150,#5151,#5152,#5153),
 .UNSPECIFIED.,.F.,.F.,(4,4),(0.,1.),.UNSPECIFIED.);
#351=B_SPLINE_CURVE_WITH_KNOTS('',3,(#5170,#5171,#5172,#5173),
 .UNSPECIFIED.,.F.,.F.,(4,4),(0.,1.),.UNSPECIFIED.);
#352=B_SPLINE_CURVE_WITH_KNOTS('',3,(#5238,#5239,#5240,#5241),
 .UNSPECIFIED.,.F.,.F.,(4,4),(0.,1.),.UNSPECIFIED.);
#353=B_SPLINE_CURVE_WITH_KNOTS('',3,(#5306,#5307,#5308,#5309),
 .UNSPECIFIED.,.F.,.F.,(4,4),(0.,1.),.UNSPECIFIED.);
#354=B_SPLINE_CURVE_WITH_KNOTS('',3,(#5320,#5321,#5322,#5323),
 .UNSPECIFIED.,.F.,.F.,(4,4),(0.00175693877747036,0.0017802411927906),
 .UNSPECIFIED.);
#355=B_SPLINE_CURVE_WITH_KNOTS('',3,(#5326,#5327,#5328,#5329),
 .UNSPECIFIED.,.F.,.F.,(4,4),(0.000665415361517703,0.000689006775051703),
 .UNSPECIFIED.);
#356=B_SPLINE_CURVE_WITH_KNOTS('',3,(#5331,#5332,#5333,#5334,#5335,#5336,
#5337,#5338,#5339,#5340),.UNSPECIFIED.,.F.,.F.,(4,1,1,1,1,1,1,4),(0.000689006775061384,
0.000806248508074603,0.000923490241087823,0.00115797370711426,0.0013924571731407,
0.00162694063916714,0.00209590757122002,0.0025648745032729),
 .UNSPECIFIED.);
#357=B_SPLINE_CURVE_WITH_KNOTS('',3,(#5342,#5343,#5344,#5345),
 .UNSPECIFIED.,.F.,.F.,(4,4),(0.,0.00175693877747036),.UNSPECIFIED.);
#358=B_SPLINE_CURVE_WITH_KNOTS('',3,(#5353,#5354,#5355,#5356,#5357,#5358,
#5359,#5360,#5361,#5362,#5363,#5364,#5365,#5366,#5367),.UNSPECIFIED.,.F.,
 .F.,(4,1,1,1,1,1,1,1,1,1,1,1,4),(0.,0.000756733640352383,0.00151346728070477,
0.00170265069079286,0.00189183410088096,0.001986425805925,0.00208101751096905,
0.00212831336349108,0.0021756092160131,0.00227020092105715,0.00245938433114524,
0.00264856774123334,0.00302693456140953),.UNSPECIFIED.);
#359=B_SPLINE_CURVE_WITH_KNOTS('',3,(#5371,#5372,#5373,#5374),
 .UNSPECIFIED.,.F.,.F.,(4,4),(0.000341938997771167,0.000365241413348818),
 .UNSPECIFIED.);
#360=B_SPLINE_CURVE_WITH_KNOTS('',3,(#5377,#5378,#5379,#5380),
 .UNSPECIFIED.,.F.,.F.,(4,4),(0.00184963629155502,0.00187304420365617),
 .UNSPECIFIED.);
#361=B_SPLINE_CURVE_WITH_KNOTS('',3,(#5382,#5383,#5384,#5385,#5386,#5387),
 .UNSPECIFIED.,.F.,.F.,(4,1,1,4),(0.00187304420365631,0.00204004213830955,
0.00220704007296279,0.00254103594226927),.UNSPECIFIED.);
#362=B_SPLINE_CURVE_WITH_KNOTS('',3,(#5389,#5390,#5391,#5392),
 .UNSPECIFIED.,.F.,.F.,(4,4),(0.,0.000341938997771167),.UNSPECIFIED.);
#363=B_SPLINE_CURVE_WITH_KNOTS('',3,(#5401,#5402,#5403,#5404,#5405,#5406),
 .UNSPECIFIED.,.F.,.F.,(4,1,1,4),(0.00217859222124521,0.00256932433343746,
0.00276469038953357,0.0029600564456297),.UNSPECIFIED.);
#364=B_SPLINE_CURVE_WITH_KNOTS('',3,(#5413,#5414,#5415,#5416),
 .UNSPECIFIED.,.F.,.F.,(4,4),(0.00222661083583692,0.00321228224574581),
 .UNSPECIFIED.);
#365=B_SPLINE_CURVE_WITH_KNOTS('',3,(#5423,#5424,#5425,#5426),
 .UNSPECIFIED.,.F.,.F.,(4,4),(0.00222340953224758,0.00321120377880228),
 .UNSPECIFIED.);
#366=B_SPLINE_CURVE_WITH_KNOTS('',3,(#5433,#5434,#5435,#5436),
 .UNSPECIFIED.,.F.,.F.,(4,4),(0.00222340169154254,0.00321120338613282),
 .UNSPECIFIED.);
#367=B_SPLINE_CURVE_WITH_KNOTS('',3,(#5445,#5446,#5447,#5448),
 .UNSPECIFIED.,.F.,.F.,(4,4),(0.,1.),.UNSPECIFIED.);
#368=B_SPLINE_CURVE_WITH_KNOTS('',3,(#5452,#5453,#5454,#5455),
 .UNSPECIFIED.,.F.,.F.,(4,4),(0.,1.),.UNSPECIFIED.);
#369=B_SPLINE_CURVE_WITH_KNOTS('',3,(#5460,#5461,#5462,#5463),
 .UNSPECIFIED.,.F.,.F.,(4,4),(0.,1.),.UNSPECIFIED.);
#370=B_SPLINE_CURVE_WITH_KNOTS('',3,(#5464,#5465,#5466,#5467),
 .UNSPECIFIED.,.F.,.F.,(4,4),(0.,1.),.UNSPECIFIED.);
#371=B_SPLINE_CURVE_WITH_KNOTS('',3,(#5471,#5472,#5473,#5474),
 .UNSPECIFIED.,.F.,.F.,(4,4),(0.,1.),.UNSPECIFIED.);
#372=B_SPLINE_CURVE_WITH_KNOTS('',3,(#5475,#5476,#5477,#5478),
 .UNSPECIFIED.,.F.,.F.,(4,4),(0.,1.),.UNSPECIFIED.);
#373=B_SPLINE_CURVE_WITH_KNOTS('',3,(#5483,#5484,#5485,#5486),
 .UNSPECIFIED.,.F.,.F.,(4,4),(0.,1.),.UNSPECIFIED.);
#374=B_SPLINE_CURVE_WITH_KNOTS('',3,(#5489,#5490,#5491,#5492),
 .UNSPECIFIED.,.F.,.F.,(4,4),(0.,1.),.UNSPECIFIED.);
#375=B_SPLINE_CURVE_WITH_KNOTS('',3,(#5497,#5498,#5499,#5500),
 .UNSPECIFIED.,.F.,.F.,(4,4),(0.,1.),.UNSPECIFIED.);
#376=B_SPLINE_CURVE_WITH_KNOTS('',3,(#5501,#5502,#5503,#5504),
 .UNSPECIFIED.,.F.,.F.,(4,4),(0.,1.),.UNSPECIFIED.);
#377=B_SPLINE_CURVE_WITH_KNOTS('',3,(#5508,#5509,#5510,#5511),
 .UNSPECIFIED.,.F.,.F.,(4,4),(0.,1.),.UNSPECIFIED.);
#378=B_SPLINE_CURVE_WITH_KNOTS('',3,(#5512,#5513,#5514,#5515),
 .UNSPECIFIED.,.F.,.F.,(4,4),(0.,1.),.UNSPECIFIED.);
#379=B_SPLINE_CURVE_WITH_KNOTS('',3,(#5517,#5518,#5519,#5520),
 .UNSPECIFIED.,.F.,.F.,(4,4),(0.,1.),.UNSPECIFIED.);
#380=B_SPLINE_CURVE_WITH_KNOTS('',3,(#5523,#5524,#5525,#5526),
 .UNSPECIFIED.,.F.,.F.,(4,4),(0.,1.),.UNSPECIFIED.);
#381=B_SPLINE_CURVE_WITH_KNOTS('',3,(#5560,#5561,#5562,#5563),
 .UNSPECIFIED.,.F.,.F.,(4,4),(0.,1.),.UNSPECIFIED.);
#382=B_SPLINE_CURVE_WITH_KNOTS('',3,(#5565,#5566,#5567,#5568),
 .UNSPECIFIED.,.F.,.F.,(4,4),(0.,1.),.UNSPECIFIED.);
#383=B_SPLINE_CURVE_WITH_KNOTS('',3,(#5570,#5571,#5572,#5573),
 .UNSPECIFIED.,.F.,.F.,(4,4),(0.,1.),.UNSPECIFIED.);
#384=B_SPLINE_CURVE_WITH_KNOTS('',3,(#5603,#5604,#5605,#5606),
 .UNSPECIFIED.,.F.,.F.,(4,4),(0.,1.),.UNSPECIFIED.);
#385=B_SPLINE_CURVE_WITH_KNOTS('',3,(#5608,#5609,#5610,#5611),
 .UNSPECIFIED.,.F.,.F.,(4,4),(0.,1.),.UNSPECIFIED.);
#386=B_SPLINE_CURVE_WITH_KNOTS('',3,(#5646,#5647,#5648,#5649),
 .UNSPECIFIED.,.F.,.F.,(4,4),(0.,1.),.UNSPECIFIED.);
#387=B_SPLINE_CURVE_WITH_KNOTS('',3,(#5651,#5652,#5653,#5654),
 .UNSPECIFIED.,.F.,.F.,(4,4),(0.,1.),.UNSPECIFIED.);
#388=B_SPLINE_CURVE_WITH_KNOTS('',3,(#5656,#5657,#5658,#5659),
 .UNSPECIFIED.,.F.,.F.,(4,4),(0.,1.),.UNSPECIFIED.);
#389=B_SPLINE_CURVE_WITH_KNOTS('',3,(#5686,#5687,#5688,#5689),
 .UNSPECIFIED.,.F.,.F.,(4,4),(0.,1.),.UNSPECIFIED.);
#390=B_SPLINE_CURVE_WITH_KNOTS('',3,(#5691,#5692,#5693,#5694),
 .UNSPECIFIED.,.F.,.F.,(4,4),(0.,1.),.UNSPECIFIED.);
#391=B_SPLINE_CURVE_WITH_KNOTS('',3,(#5696,#5697,#5698,#5699),
 .UNSPECIFIED.,.F.,.F.,(4,4),(0.0022234095325875,0.00321120377880287),
 .UNSPECIFIED.);
#392=B_SPLINE_CURVE_WITH_KNOTS('',3,(#5711,#5712,#5713,#5714),
 .UNSPECIFIED.,.F.,.F.,(4,4),(0.00222340170108274,0.00321120339545208),
 .UNSPECIFIED.);
#393=B_SPLINE_CURVE_WITH_KNOTS('',3,(#5752,#5753,#5754,#5755,#5756,#5757),
 .UNSPECIFIED.,.F.,.F.,(4,1,1,4),(0.,0.000199701182487758,0.000399402364975517,
0.000798804729951034),.UNSPECIFIED.);
#394=B_SPLINE_CURVE_WITH_KNOTS('',3,(#5759,#5760,#5761,#5762),
 .UNSPECIFIED.,.F.,.F.,(4,4),(0.00222661084531215,0.00321228225507496),
 .UNSPECIFIED.);
#395=B_SPLINE_CURVE_WITH_KNOTS('',3,(#5805,#5806,#5807,#5808),
 .UNSPECIFIED.,.F.,.F.,(4,4),(0.,1.),.UNSPECIFIED.);
#396=B_SPLINE_CURVE_WITH_KNOTS('',3,(#5809,#5810,#5811,#5812,#5813,#5814,
#5815,#5816,#5817,#5818),.UNSPECIFIED.,.F.,.F.,(4,1,1,1,1,1,1,4),(0.,0.000462409072888912,
0.000924818145777825,0.00115602268222228,0.00138722721866674,0.00161843175511119,
0.00173403402333342,0.00184963629155565),.UNSPECIFIED.);
#397=B_SPLINE_CURVE_WITH_KNOTS('',3,(#5827,#5828,#5829,#5830),
 .UNSPECIFIED.,.F.,.F.,(4,4),(0.,1.),.UNSPECIFIED.);
#398=B_SPLINE_CURVE_WITH_KNOTS('',3,(#5847,#5848,#5849,#5850,#5851,#5852,
#5853,#5854,#5855,#5856,#5857,#5858,#5859,#5860,#5861,#5862,#5863),
 .UNSPECIFIED.,.F.,.F.,(4,1,1,1,1,1,1,1,1,1,1,1,1,1,4),(0.,0.000379205196015381,
0.000568807794023071,0.000758410392030761,0.000853211691034606,0.000900612340536529,
0.00092431266528749,0.000948012990038452,0.0010428142890423,0.00113761558804614,
0.00132721818605383,0.00151682078406152,0.0018960259800769,0.00227523117609228,
0.00303364156812305),.UNSPECIFIED.);
#399=B_SPLINE_CURVE_WITH_KNOTS('',3,(#5876,#5877,#5878,#5879,#5880,#5881),
 .UNSPECIFIED.,.F.,.F.,(4,1,1,4),(7.35440550730123E-9,0.000332711357961606,
0.000499063359739656,0.000665415361517705),.UNSPECIFIED.);
#400=B_SPLINE_CURVE_WITH_KNOTS('',3,(#5882,#5883,#5884,#5885),
 .UNSPECIFIED.,.F.,.F.,(4,4),(0.,1.),.UNSPECIFIED.);
#401=B_SPLINE_CURVE_WITH_KNOTS('',3,(#5894,#5895,#5896,#5897),
 .UNSPECIFIED.,.F.,.F.,(4,4),(0.,1.),.UNSPECIFIED.);
#402=B_SPLINE_CURVE_WITH_KNOTS('',3,(#5914,#5915,#5916,#5917,#5918,#5919,
#5920,#5921,#5922,#5923,#5924,#5925,#5926,#5927,#5928,#5929,#5930),
 .UNSPECIFIED.,.F.,.F.,(4,1,1,1,1,1,1,1,1,1,1,1,1,1,4),(0.,0.00076486722580418,
0.00114730083870627,0.00152973445160836,0.00172095125805941,0.00191216806451045,
0.00200777646773597,0.0021033848709615,0.00212728697176788,0.00215118907257426,
0.00219899327418702,0.00229460167741254,0.00248581848386358,0.00267703529031463,
0.00305946890321672),.UNSPECIFIED.);
#403=B_SPLINE_CURVE_WITH_KNOTS('',3,(#5947,#5948,#5949,#5950,#5951,#5952,
#5953,#5954,#5955,#5956,#5957,#5958,#5959,#5960,#5961,#5962),
 .UNSPECIFIED.,.F.,.F.,(4,1,1,1,1,1,1,1,1,1,1,1,1,4),(0.,0.000380763073867614,
0.000571144610801421,0.000761526147735227,0.000856716916202131,0.000904312300435583,
0.000951907684669034,0.00104709845313594,0.00114228922160284,0.00133267075853665,
0.00152305229547045,0.00190381536933807,0.00228457844320568,0.00304610459094091),
 .UNSPECIFIED.);
#404=B_SPLINE_CURVE_WITH_KNOTS('',3,(#5963,#5964,#5965,#5966),
 .UNSPECIFIED.,.F.,.F.,(4,4),(0.,1.),.UNSPECIFIED.);
#405=B_SPLINE_CURVE_WITH_KNOTS('',3,(#5975,#5976,#5977,#5978),
 .UNSPECIFIED.,.F.,.F.,(4,4),(0.,1.),.UNSPECIFIED.);
#406=B_SPLINE_CURVE_WITH_KNOTS('',3,(#5995,#5996,#5997,#5998,#5999,#6000,
#6001,#6002,#6003,#6004,#6005,#6006,#6007,#6008,#6009,#6010,#6011),
 .UNSPECIFIED.,.F.,.F.,(4,1,1,1,1,1,1,1,1,1,1,1,1,1,4),(0.,0.000764865111068995,
0.00114729766660349,0.00152973022213799,0.00172094649990524,0.00191216277767249,
0.00200777091655611,0.00210337905543974,0.00212728109016064,0.00215118312488155,
0.00219898719432336,0.00229459533320698,0.00248581161097423,0.00267702788874148,
0.00305946044427598),.UNSPECIFIED.);
#407=B_SPLINE_CURVE_WITH_KNOTS('',3,(#6028,#6029,#6030,#6031),
 .UNSPECIFIED.,.F.,.F.,(4,4),(0.,1.),.UNSPECIFIED.);
#408=B_SPLINE_CURVE_WITH_KNOTS('',3,(#6040,#6041,#6042,#6043),
 .UNSPECIFIED.,.F.,.F.,(4,4),(0.,1.),.UNSPECIFIED.);
#409=B_SPLINE_CURVE_WITH_KNOTS('',3,(#6060,#6061,#6062,#6063,#6064,#6065,
#6066,#6067,#6068,#6069,#6070,#6071,#6072,#6073,#6074,#6075,#6076),
 .UNSPECIFIED.,.F.,.F.,(4,1,1,1,1,1,1,1,1,1,1,1,1,1,4),(0.,0.000379213026591735,
0.000568819539887602,0.00075842605318347,0.000853229309831404,0.000900630938155371,
0.000924331752317354,0.000948032566479337,0.00104283582312727,0.0011376390797752,
0.00132724559307107,0.00151685210636694,0.00189606513295867,0.00227527815955041,
0.00303370421273388),.UNSPECIFIED.);
#410=B_SPLINE_CURVE_WITH_KNOTS('',3,(#6097,#6098,#6099,#6100),
 .UNSPECIFIED.,.F.,.F.,(4,4),(0.000365241413348818,0.00212218019056223),
 .UNSPECIFIED.);
#411=B_SPLINE_CURVE_WITH_KNOTS('',3,(#6108,#6109,#6110,#6111),
 .UNSPECIFIED.,.F.,.F.,(4,4),(0.0017802411927906,0.0021221801905622),
 .UNSPECIFIED.);
#412=B_SPLINE_CURVE_WITH_KNOTS('',3,(#6172,#6173,#6174,#6175,#6176,#6177,
#6178,#6179,#6180,#6181,#6182),.UNSPECIFIED.,.T.,.F.,(1,1,1,1,1,1,1,1,1,
1,1,1,1,1,1),(-0.375,-0.25,-0.125,0.,0.125,0.25,0.375,0.5,0.625,0.75,0.875,
1.,1.125,1.25,1.375),.UNSPECIFIED.);
#413=B_SPLINE_CURVE_WITH_KNOTS('',3,(#6204,#6205,#6206,#6207,#6208,#6209,
#6210,#6211,#6212,#6213,#6214),.UNSPECIFIED.,.T.,.F.,(1,1,1,1,1,1,1,1,1,
1,1,1,1,1,1),(-0.375,-0.25,-0.125,0.,0.125,0.25,0.375,0.5,0.625,0.75,0.875,
1.,1.125,1.25,1.375),.UNSPECIFIED.);
#414=B_SPLINE_CURVE_WITH_KNOTS('',3,(#6236,#6237,#6238,#6239,#6240,#6241,
#6242,#6243,#6244,#6245,#6246),.UNSPECIFIED.,.T.,.F.,(1,1,1,1,1,1,1,1,1,
1,1,1,1,1,1),(-0.375,-0.25,-0.125,0.,0.125,0.25,0.375,0.5,0.625,0.75,0.875,
1.,1.125,1.25,1.375),.UNSPECIFIED.);
#415=B_SPLINE_CURVE_WITH_KNOTS('',3,(#6268,#6269,#6270,#6271,#6272,#6273,
#6274,#6275,#6276,#6277,#6278),.UNSPECIFIED.,.T.,.F.,(1,1,1,1,1,1,1,1,1,
1,1,1,1,1,1),(-0.375,-0.25,-0.125,0.,0.125,0.25,0.375,0.5,0.625,0.75,0.875,
1.,1.125,1.25,1.375),.UNSPECIFIED.);
#416=B_SPLINE_CURVE_WITH_KNOTS('',3,(#6305,#6306,#6307,#6308,#6309,#6310,
#6311,#6312,#6313,#6314,#6315),.UNSPECIFIED.,.T.,.F.,(1,1,1,1,1,1,1,1,1,
1,1,1,1,1,1),(-0.375,-0.25,-0.125,0.,0.125,0.25,0.375,0.5,0.625,0.75,0.875,
1.,1.125,1.25,1.375),.UNSPECIFIED.);
#417=B_SPLINE_CURVE_WITH_KNOTS('',3,(#6337,#6338,#6339,#6340,#6341,#6342,
#6343,#6344,#6345,#6346,#6347),.UNSPECIFIED.,.T.,.F.,(1,1,1,1,1,1,1,1,1,
1,1,1,1,1,1),(-0.375,-0.25,-0.125,0.,0.125,0.25,0.375,0.5,0.625,0.75,0.875,
1.,1.125,1.25,1.375),.UNSPECIFIED.);
#418=B_SPLINE_CURVE_WITH_KNOTS('',3,(#6362,#6363,#6364,#6365,#6366,#6367,
#6368,#6369,#6370,#6371,#6372,#6373,#6374,#6375,#6376,#6377,#6378,#6379,
#6380),.UNSPECIFIED.,.T.,.F.,(1,1,1,1,1,1,1,1,1,1,1,1,1,1,1,1,1,1,1,1,1,
1,1),(-0.190789473684211,-0.128289473684211,-0.0657894736842105,0.,0.059375,
0.12171875,0.1842109375,0.246710546875,0.30921052734375,0.371710526367187,
0.434210526318359,0.496710526315918,0.559210526315796,0.62171052631579,
0.684210526315789,0.746710526315789,0.809210526315789,0.871710526315789,
0.934210526315789,1.,1.059375,1.12171875,1.1842109375),.UNSPECIFIED.);
#419=B_SPLINE_CURVE_WITH_KNOTS('',3,(#6382,#6383,#6384,#6385,#6386,#6387,
#6388,#6389,#6390,#6391,#6392,#6393,#6394,#6395,#6396,#6397,#6398,#6399,
#6400),.UNSPECIFIED.,.T.,.F.,(1,1,1,1,1,1,1,1,1,1,1,1,1,1,1,1,1,1,1,1,1,
1,1),(-0.190789473684211,-0.128289473684211,-0.0657894736842105,0.,0.059375,
0.12171875,0.1842109375,0.246710546875,0.30921052734375,0.371710526367187,
0.434210526318359,0.496710526315918,0.559210526315796,0.62171052631579,
0.684210526315789,0.746710526315789,0.809210526315789,0.871710526315789,
0.934210526315789,1.,1.059375,1.12171875,1.1842109375),.UNSPECIFIED.);
#420=B_SPLINE_CURVE_WITH_KNOTS('',3,(#6402,#6403,#6404,#6405,#6406,#6407,
#6408,#6409,#6410,#6411,#6412,#6413,#6414,#6415,#6416,#6417,#6418,#6419,
#6420),.UNSPECIFIED.,.T.,.F.,(1,1,1,1,1,1,1,1,1,1,1,1,1,1,1,1,1,1,1,1,1,
1,1),(-0.190789473684211,-0.128289473684211,-0.0657894736842105,0.,0.059375,
0.12171875,0.1842109375,0.246710546875,0.30921052734375,0.371710526367187,
0.434210526318359,0.496710526315918,0.559210526315796,0.62171052631579,
0.684210526315789,0.746710526315789,0.809210526315789,0.871710526315789,
0.934210526315789,1.,1.059375,1.12171875,1.1842109375),.UNSPECIFIED.);
#421=B_SPLINE_CURVE_WITH_KNOTS('',3,(#6425,#6426,#6427,#6428,#6429,#6430,
#6431,#6432,#6433,#6434,#6435,#6436,#6437,#6438,#6439,#6440,#6441,#6442,
#6443),.UNSPECIFIED.,.T.,.F.,(1,1,1,1,1,1,1,1,1,1,1,1,1,1,1,1,1,1,1,1,1,
1,1),(-0.190789473684211,-0.128289473684211,-0.0657894736842105,0.,0.059375,
0.12171875,0.1842109375,0.246710546875,0.30921052734375,0.371710526367187,
0.434210526318359,0.496710526315918,0.559210526315796,0.62171052631579,
0.684210526315789,0.746710526315789,0.809210526315789,0.871710526315789,
0.934210526315789,1.,1.059375,1.12171875,1.1842109375),.UNSPECIFIED.);
#422=B_SPLINE_CURVE_WITH_KNOTS('',3,(#6445,#6446,#6447,#6448,#6449,#6450,
#6451,#6452,#6453,#6454,#6455,#6456,#6457,#6458,#6459,#6460,#6461,#6462,
#6463),.UNSPECIFIED.,.T.,.F.,(1,1,1,1,1,1,1,1,1,1,1,1,1,1,1,1,1,1,1,1,1,
1,1),(-0.190789473684211,-0.128289473684211,-0.0657894736842105,0.,0.059375,
0.12171875,0.1842109375,0.246710546875,0.30921052734375,0.371710526367187,
0.434210526318359,0.496710526315918,0.559210526315796,0.62171052631579,
0.684210526315789,0.746710526315789,0.809210526315789,0.871710526315789,
0.934210526315789,1.,1.059375,1.12171875,1.1842109375),.UNSPECIFIED.);
#423=B_SPLINE_CURVE_WITH_KNOTS('',3,(#6465,#6466,#6467,#6468,#6469,#6470,
#6471,#6472,#6473,#6474,#6475,#6476,#6477,#6478,#6479,#6480,#6481,#6482,
#6483),.UNSPECIFIED.,.T.,.F.,(1,1,1,1,1,1,1,1,1,1,1,1,1,1,1,1,1,1,1,1,1,
1,1),(-0.190789473684211,-0.128289473684211,-0.0657894736842105,0.,0.059375,
0.12171875,0.1842109375,0.246710546875,0.30921052734375,0.371710526367187,
0.434210526318359,0.496710526315918,0.559210526315796,0.62171052631579,
0.684210526315789,0.746710526315789,0.809210526315789,0.871710526315789,
0.934210526315789,1.,1.059375,1.12171875,1.1842109375),.UNSPECIFIED.);
#424=B_SPLINE_CURVE_WITH_KNOTS('',3,(#6539,#6540,#6541,#6542,#6543,#6544,
#6545,#6546,#6547,#6548,#6549),.UNSPECIFIED.,.T.,.F.,(1,1,1,1,1,1,1,1,1,
1,1,1,1,1,1),(-0.375,-0.25,-0.125,0.,0.125,0.25,0.375,0.5,0.625,0.75,0.875,
1.,1.125,1.25,1.375),.UNSPECIFIED.);
#425=B_SPLINE_CURVE_WITH_KNOTS('',3,(#6605,#6606,#6607,#6608,#6609,#6610,
#6611,#6612,#6613,#6614,#6615),.UNSPECIFIED.,.T.,.F.,(1,1,1,1,1,1,1,1,1,
1,1,1,1,1,1),(-0.375,-0.25,-0.125,0.,0.125,0.25,0.375,0.5,0.625,0.75,0.875,
1.,1.125,1.25,1.375),.UNSPECIFIED.);
#426=B_SPLINE_CURVE_WITH_KNOTS('',3,(#6671,#6672,#6673,#6674,#6675,#6676,
#6677,#6678,#6679,#6680,#6681),.UNSPECIFIED.,.T.,.F.,(1,1,1,1,1,1,1,1,1,
1,1,1,1,1,1),(-0.375,-0.25,-0.125,0.,0.125,0.25,0.375,0.5,0.625,0.75,0.875,
1.,1.125,1.25,1.375),.UNSPECIFIED.);
#427=B_SPLINE_CURVE_WITH_KNOTS('',3,(#6737,#6738,#6739,#6740,#6741,#6742,
#6743,#6744,#6745,#6746,#6747),.UNSPECIFIED.,.T.,.F.,(1,1,1,1,1,1,1,1,1,
1,1,1,1,1,1),(-0.375,-0.25,-0.125,0.,0.125,0.25,0.375,0.5,0.625,0.75,0.875,
1.,1.125,1.25,1.375),.UNSPECIFIED.);
#428=B_SPLINE_CURVE_WITH_KNOTS('',3,(#6803,#6804,#6805,#6806,#6807,#6808,
#6809,#6810,#6811,#6812,#6813),.UNSPECIFIED.,.T.,.F.,(1,1,1,1,1,1,1,1,1,
1,1,1,1,1,1),(-0.375,-0.25,-0.125,0.,0.125,0.25,0.375,0.5,0.625,0.75,0.875,
1.,1.125,1.25,1.375),.UNSPECIFIED.);
#429=B_SPLINE_CURVE_WITH_KNOTS('',3,(#6869,#6870,#6871,#6872,#6873,#6874,
#6875,#6876,#6877,#6878,#6879),.UNSPECIFIED.,.T.,.F.,(1,1,1,1,1,1,1,1,1,
1,1,1,1,1,1),(-0.375,-0.25,-0.125,0.,0.125,0.25,0.375,0.5,0.625,0.75,0.875,
1.,1.125,1.25,1.375),.UNSPECIFIED.);
#430=ORIENTED_EDGE('',*,*,#1072,.F.);
#431=ORIENTED_EDGE('',*,*,#1073,.T.);
#432=ORIENTED_EDGE('',*,*,#1074,.T.);
#433=ORIENTED_EDGE('',*,*,#1075,.T.);
#434=ORIENTED_EDGE('',*,*,#1074,.F.);
#435=ORIENTED_EDGE('',*,*,#1076,.T.);
#436=ORIENTED_EDGE('',*,*,#1077,.F.);
#437=ORIENTED_EDGE('',*,*,#1078,.T.);
#438=ORIENTED_EDGE('',*,*,#1079,.T.);
#439=ORIENTED_EDGE('',*,*,#1080,.T.);
#440=ORIENTED_EDGE('',*,*,#1081,.F.);
#441=ORIENTED_EDGE('',*,*,#1078,.F.);
#442=ORIENTED_EDGE('',*,*,#1082,.T.);
#443=ORIENTED_EDGE('',*,*,#1083,.T.);
#444=ORIENTED_EDGE('',*,*,#1084,.F.);
#445=ORIENTED_EDGE('',*,*,#1085,.T.);
#446=ORIENTED_EDGE('',*,*,#1086,.F.);
#447=ORIENTED_EDGE('',*,*,#1087,.T.);
#448=ORIENTED_EDGE('',*,*,#1072,.T.);
#449=ORIENTED_EDGE('',*,*,#1088,.T.);
#450=ORIENTED_EDGE('',*,*,#1089,.T.);
#451=ORIENTED_EDGE('',*,*,#1083,.F.);
#452=ORIENTED_EDGE('',*,*,#1084,.T.);
#453=ORIENTED_EDGE('',*,*,#1077,.T.);
#454=ORIENTED_EDGE('',*,*,#1090,.T.);
#455=ORIENTED_EDGE('',*,*,#1086,.T.);
#456=ORIENTED_EDGE('',*,*,#1082,.F.);
#457=ORIENTED_EDGE('',*,*,#1085,.F.);
#458=ORIENTED_EDGE('',*,*,#1089,.F.);
#459=ORIENTED_EDGE('',*,*,#1091,.T.);
#460=ORIENTED_EDGE('',*,*,#1079,.F.);
#461=ORIENTED_EDGE('',*,*,#1081,.T.);
#462=ORIENTED_EDGE('',*,*,#1087,.F.);
#463=ORIENTED_EDGE('',*,*,#1090,.F.);
#464=ORIENTED_EDGE('',*,*,#1076,.F.);
#465=ORIENTED_EDGE('',*,*,#1073,.F.);
#466=ORIENTED_EDGE('',*,*,#1088,.F.);
#467=ORIENTED_EDGE('',*,*,#1075,.F.);
#468=ORIENTED_EDGE('',*,*,#1080,.F.);
#469=ORIENTED_EDGE('',*,*,#1091,.F.);
#470=ORIENTED_EDGE('',*,*,#1092,.T.);
#471=ORIENTED_EDGE('',*,*,#1093,.T.);
#472=ORIENTED_EDGE('',*,*,#1094,.F.);
#473=ORIENTED_EDGE('',*,*,#1095,.T.);
#474=ORIENTED_EDGE('',*,*,#1096,.T.);
#475=ORIENTED_EDGE('',*,*,#1097,.T.);
#476=ORIENTED_EDGE('',*,*,#1098,.T.);
#477=ORIENTED_EDGE('',*,*,#1099,.T.);
#478=ORIENTED_EDGE('',*,*,#1100,.T.);
#479=ORIENTED_EDGE('',*,*,#1101,.T.);
#480=ORIENTED_EDGE('',*,*,#1102,.T.);
#481=ORIENTED_EDGE('',*,*,#1103,.T.);
#482=ORIENTED_EDGE('',*,*,#1104,.T.);
#483=ORIENTED_EDGE('',*,*,#1105,.T.);
#484=ORIENTED_EDGE('',*,*,#1106,.T.);
#485=ORIENTED_EDGE('',*,*,#1107,.T.);
#486=ORIENTED_EDGE('',*,*,#1108,.T.);
#487=ORIENTED_EDGE('',*,*,#1109,.T.);
#488=ORIENTED_EDGE('',*,*,#1110,.T.);
#489=ORIENTED_EDGE('',*,*,#1111,.T.);
#490=ORIENTED_EDGE('',*,*,#1112,.T.);
#491=ORIENTED_EDGE('',*,*,#1113,.T.);
#492=ORIENTED_EDGE('',*,*,#1114,.T.);
#493=ORIENTED_EDGE('',*,*,#1115,.T.);
#494=ORIENTED_EDGE('',*,*,#1116,.F.);
#495=ORIENTED_EDGE('',*,*,#1117,.T.);
#496=ORIENTED_EDGE('',*,*,#1118,.T.);
#497=ORIENTED_EDGE('',*,*,#1119,.F.);
#498=ORIENTED_EDGE('',*,*,#1120,.T.);
#499=ORIENTED_EDGE('',*,*,#1095,.F.);
#500=ORIENTED_EDGE('',*,*,#1121,.F.);
#501=ORIENTED_EDGE('',*,*,#1119,.T.);
#502=ORIENTED_EDGE('',*,*,#1094,.T.);
#503=ORIENTED_EDGE('',*,*,#1122,.T.);
#504=ORIENTED_EDGE('',*,*,#1123,.T.);
#505=ORIENTED_EDGE('',*,*,#1124,.T.);
#506=ORIENTED_EDGE('',*,*,#1125,.T.);
#507=ORIENTED_EDGE('',*,*,#1126,.T.);
#508=ORIENTED_EDGE('',*,*,#1116,.T.);
#509=ORIENTED_EDGE('',*,*,#1121,.T.);
#510=ORIENTED_EDGE('',*,*,#1127,.T.);
#511=ORIENTED_EDGE('',*,*,#1128,.T.);
#512=ORIENTED_EDGE('',*,*,#1092,.F.);
#513=ORIENTED_EDGE('',*,*,#1120,.F.);
#514=ORIENTED_EDGE('',*,*,#1118,.F.);
#515=ORIENTED_EDGE('',*,*,#1129,.T.);
#516=ORIENTED_EDGE('',*,*,#1130,.T.);
#517=ORIENTED_EDGE('',*,*,#1131,.T.);
#518=ORIENTED_EDGE('',*,*,#1132,.F.);
#519=ORIENTED_EDGE('',*,*,#1133,.T.);
#520=ORIENTED_EDGE('',*,*,#1134,.T.);
#521=ORIENTED_EDGE('',*,*,#1135,.T.);
#522=ORIENTED_EDGE('',*,*,#1135,.F.);
#523=ORIENTED_EDGE('',*,*,#1136,.T.);
#524=ORIENTED_EDGE('',*,*,#1137,.F.);
#525=ORIENTED_EDGE('',*,*,#1138,.T.);
#526=ORIENTED_EDGE('',*,*,#1139,.F.);
#527=ORIENTED_EDGE('',*,*,#1140,.T.);
#528=ORIENTED_EDGE('',*,*,#1141,.T.);
#529=ORIENTED_EDGE('',*,*,#1142,.T.);
#530=ORIENTED_EDGE('',*,*,#1142,.F.);
#531=ORIENTED_EDGE('',*,*,#1143,.T.);
#532=ORIENTED_EDGE('',*,*,#1144,.F.);
#533=ORIENTED_EDGE('',*,*,#1145,.T.);
#534=ORIENTED_EDGE('',*,*,#1146,.F.);
#535=ORIENTED_EDGE('',*,*,#1147,.T.);
#536=ORIENTED_EDGE('',*,*,#1148,.T.);
#537=ORIENTED_EDGE('',*,*,#1149,.T.);
#538=ORIENTED_EDGE('',*,*,#1149,.F.);
#539=ORIENTED_EDGE('',*,*,#1150,.T.);
#540=ORIENTED_EDGE('',*,*,#1151,.F.);
#541=ORIENTED_EDGE('',*,*,#1152,.T.);
#542=ORIENTED_EDGE('',*,*,#1153,.F.);
#543=ORIENTED_EDGE('',*,*,#1154,.T.);
#544=ORIENTED_EDGE('',*,*,#1155,.T.);
#545=ORIENTED_EDGE('',*,*,#1156,.T.);
#546=ORIENTED_EDGE('',*,*,#1156,.F.);
#547=ORIENTED_EDGE('',*,*,#1157,.T.);
#548=ORIENTED_EDGE('',*,*,#1158,.F.);
#549=ORIENTED_EDGE('',*,*,#1159,.T.);
#550=ORIENTED_EDGE('',*,*,#1160,.F.);
#551=ORIENTED_EDGE('',*,*,#1161,.T.);
#552=ORIENTED_EDGE('',*,*,#1162,.T.);
#553=ORIENTED_EDGE('',*,*,#1163,.T.);
#554=ORIENTED_EDGE('',*,*,#1163,.F.);
#555=ORIENTED_EDGE('',*,*,#1164,.T.);
#556=ORIENTED_EDGE('',*,*,#1165,.F.);
#557=ORIENTED_EDGE('',*,*,#1166,.T.);
#558=ORIENTED_EDGE('',*,*,#1167,.F.);
#559=ORIENTED_EDGE('',*,*,#1168,.T.);
#560=ORIENTED_EDGE('',*,*,#1169,.T.);
#561=ORIENTED_EDGE('',*,*,#1170,.T.);
#562=ORIENTED_EDGE('',*,*,#1170,.F.);
#563=ORIENTED_EDGE('',*,*,#1171,.T.);
#564=ORIENTED_EDGE('',*,*,#1172,.F.);
#565=ORIENTED_EDGE('',*,*,#1173,.T.);
#566=ORIENTED_EDGE('',*,*,#1174,.F.);
#567=ORIENTED_EDGE('',*,*,#1175,.T.);
#568=ORIENTED_EDGE('',*,*,#1176,.F.);
#569=ORIENTED_EDGE('',*,*,#1177,.T.);
#570=ORIENTED_EDGE('',*,*,#1177,.F.);
#571=ORIENTED_EDGE('',*,*,#1178,.F.);
#572=ORIENTED_EDGE('',*,*,#1179,.F.);
#573=ORIENTED_EDGE('',*,*,#1180,.T.);
#574=ORIENTED_EDGE('',*,*,#1181,.F.);
#575=ORIENTED_EDGE('',*,*,#1182,.T.);
#576=ORIENTED_EDGE('',*,*,#1183,.F.);
#577=ORIENTED_EDGE('',*,*,#1184,.T.);
#578=ORIENTED_EDGE('',*,*,#1184,.F.);
#579=ORIENTED_EDGE('',*,*,#1185,.F.);
#580=ORIENTED_EDGE('',*,*,#1186,.F.);
#581=ORIENTED_EDGE('',*,*,#1187,.T.);
#582=ORIENTED_EDGE('',*,*,#1188,.F.);
#583=ORIENTED_EDGE('',*,*,#1129,.F.);
#584=ORIENTED_EDGE('',*,*,#1189,.F.);
#585=ORIENTED_EDGE('',*,*,#1113,.F.);
#586=ORIENTED_EDGE('',*,*,#1182,.F.);
#587=ORIENTED_EDGE('',*,*,#1190,.F.);
#588=ORIENTED_EDGE('',*,*,#1128,.F.);
#589=ORIENTED_EDGE('',*,*,#1175,.F.);
#590=ORIENTED_EDGE('',*,*,#1191,.F.);
#591=ORIENTED_EDGE('',*,*,#1097,.F.);
#592=ORIENTED_EDGE('',*,*,#1189,.T.);
#593=ORIENTED_EDGE('',*,*,#1117,.F.);
#594=ORIENTED_EDGE('',*,*,#1192,.F.);
#595=ORIENTED_EDGE('',*,*,#1114,.F.);
#596=ORIENTED_EDGE('',*,*,#1188,.T.);
#597=ORIENTED_EDGE('',*,*,#1181,.T.);
#598=ORIENTED_EDGE('',*,*,#1187,.F.);
#599=ORIENTED_EDGE('',*,*,#1193,.F.);
#600=ORIENTED_EDGE('',*,*,#1191,.T.);
#601=ORIENTED_EDGE('',*,*,#1174,.T.);
#602=ORIENTED_EDGE('',*,*,#1180,.F.);
#603=ORIENTED_EDGE('',*,*,#1194,.F.);
#604=ORIENTED_EDGE('',*,*,#1190,.T.);
#605=ORIENTED_EDGE('',*,*,#1096,.F.);
#606=ORIENTED_EDGE('',*,*,#1195,.F.);
#607=ORIENTED_EDGE('',*,*,#1093,.F.);
#608=ORIENTED_EDGE('',*,*,#1192,.T.);
#609=ORIENTED_EDGE('',*,*,#1126,.F.);
#610=ORIENTED_EDGE('',*,*,#1171,.F.);
#611=ORIENTED_EDGE('',*,*,#1169,.F.);
#612=ORIENTED_EDGE('',*,*,#1115,.F.);
#613=ORIENTED_EDGE('',*,*,#1183,.T.);
#614=ORIENTED_EDGE('',*,*,#1112,.F.);
#615=ORIENTED_EDGE('',*,*,#1168,.F.);
#616=ORIENTED_EDGE('',*,*,#1196,.F.);
#617=ORIENTED_EDGE('',*,*,#1111,.F.);
#618=ORIENTED_EDGE('',*,*,#1185,.T.);
#619=ORIENTED_EDGE('',*,*,#1186,.T.);
#620=ORIENTED_EDGE('',*,*,#1110,.F.);
#621=ORIENTED_EDGE('',*,*,#1164,.F.);
#622=ORIENTED_EDGE('',*,*,#1162,.F.);
#623=ORIENTED_EDGE('',*,*,#1130,.F.);
#624=ORIENTED_EDGE('',*,*,#1193,.T.);
#625=ORIENTED_EDGE('',*,*,#1155,.F.);
#626=ORIENTED_EDGE('',*,*,#1131,.F.);
#627=ORIENTED_EDGE('',*,*,#1161,.F.);
#628=ORIENTED_EDGE('',*,*,#1197,.F.);
#629=ORIENTED_EDGE('',*,*,#1106,.F.);
#630=ORIENTED_EDGE('',*,*,#1157,.F.);
#631=ORIENTED_EDGE('',*,*,#1176,.T.);
#632=ORIENTED_EDGE('',*,*,#1127,.F.);
#633=ORIENTED_EDGE('',*,*,#1154,.F.);
#634=ORIENTED_EDGE('',*,*,#1198,.F.);
#635=ORIENTED_EDGE('',*,*,#1100,.F.);
#636=ORIENTED_EDGE('',*,*,#1178,.T.);
#637=ORIENTED_EDGE('',*,*,#1179,.T.);
#638=ORIENTED_EDGE('',*,*,#1103,.F.);
#639=ORIENTED_EDGE('',*,*,#1150,.F.);
#640=ORIENTED_EDGE('',*,*,#1148,.F.);
#641=ORIENTED_EDGE('',*,*,#1098,.F.);
#642=ORIENTED_EDGE('',*,*,#1194,.T.);
#643=ORIENTED_EDGE('',*,*,#1195,.T.);
#644=ORIENTED_EDGE('',*,*,#1099,.F.);
#645=ORIENTED_EDGE('',*,*,#1147,.F.);
#646=ORIENTED_EDGE('',*,*,#1199,.F.);
#647=ORIENTED_EDGE('',*,*,#1122,.F.);
#648=ORIENTED_EDGE('',*,*,#1196,.T.);
#649=ORIENTED_EDGE('',*,*,#1167,.T.);
#650=ORIENTED_EDGE('',*,*,#1173,.F.);
#651=ORIENTED_EDGE('',*,*,#1200,.F.);
#652=ORIENTED_EDGE('',*,*,#1197,.T.);
#653=ORIENTED_EDGE('',*,*,#1160,.T.);
#654=ORIENTED_EDGE('',*,*,#1166,.F.);
#655=ORIENTED_EDGE('',*,*,#1201,.F.);
#656=ORIENTED_EDGE('',*,*,#1198,.T.);
#657=ORIENTED_EDGE('',*,*,#1153,.T.);
#658=ORIENTED_EDGE('',*,*,#1159,.F.);
#659=ORIENTED_EDGE('',*,*,#1202,.F.);
#660=ORIENTED_EDGE('',*,*,#1199,.T.);
#661=ORIENTED_EDGE('',*,*,#1146,.T.);
#662=ORIENTED_EDGE('',*,*,#1152,.F.);
#663=ORIENTED_EDGE('',*,*,#1203,.F.);
#664=ORIENTED_EDGE('',*,*,#1172,.T.);
#665=ORIENTED_EDGE('',*,*,#1125,.F.);
#666=ORIENTED_EDGE('',*,*,#1143,.F.);
#667=ORIENTED_EDGE('',*,*,#1141,.F.);
#668=ORIENTED_EDGE('',*,*,#1108,.F.);
#669=ORIENTED_EDGE('',*,*,#1200,.T.);
#670=ORIENTED_EDGE('',*,*,#1165,.T.);
#671=ORIENTED_EDGE('',*,*,#1109,.F.);
#672=ORIENTED_EDGE('',*,*,#1140,.F.);
#673=ORIENTED_EDGE('',*,*,#1204,.F.);
#674=ORIENTED_EDGE('',*,*,#1107,.F.);
#675=ORIENTED_EDGE('',*,*,#1201,.T.);
#676=ORIENTED_EDGE('',*,*,#1158,.T.);
#677=ORIENTED_EDGE('',*,*,#1105,.F.);
#678=ORIENTED_EDGE('',*,*,#1136,.F.);
#679=ORIENTED_EDGE('',*,*,#1134,.F.);
#680=ORIENTED_EDGE('',*,*,#1101,.F.);
#681=ORIENTED_EDGE('',*,*,#1202,.T.);
#682=ORIENTED_EDGE('',*,*,#1151,.T.);
#683=ORIENTED_EDGE('',*,*,#1102,.F.);
#684=ORIENTED_EDGE('',*,*,#1133,.F.);
#685=ORIENTED_EDGE('',*,*,#1205,.F.);
#686=ORIENTED_EDGE('',*,*,#1123,.F.);
#687=ORIENTED_EDGE('',*,*,#1203,.T.);
#688=ORIENTED_EDGE('',*,*,#1204,.T.);
#689=ORIENTED_EDGE('',*,*,#1139,.T.);
#690=ORIENTED_EDGE('',*,*,#1145,.F.);
#691=ORIENTED_EDGE('',*,*,#1206,.F.);
#692=ORIENTED_EDGE('',*,*,#1205,.T.);
#693=ORIENTED_EDGE('',*,*,#1132,.T.);
#694=ORIENTED_EDGE('',*,*,#1138,.F.);
#695=ORIENTED_EDGE('',*,*,#1207,.F.);
#696=ORIENTED_EDGE('',*,*,#1144,.T.);
#697=ORIENTED_EDGE('',*,*,#1124,.F.);
#698=ORIENTED_EDGE('',*,*,#1207,.T.);
#699=ORIENTED_EDGE('',*,*,#1137,.T.);
#700=ORIENTED_EDGE('',*,*,#1104,.F.);
#701=ORIENTED_EDGE('',*,*,#1206,.T.);
#702=ORIENTED_EDGE('',*,*,#1208,.T.);
#703=ORIENTED_EDGE('',*,*,#1209,.F.);
#704=ORIENTED_EDGE('',*,*,#1210,.F.);
#705=ORIENTED_EDGE('',*,*,#1211,.T.);
#706=ORIENTED_EDGE('',*,*,#1212,.F.);
#707=ORIENTED_EDGE('',*,*,#1213,.T.);
#708=ORIENTED_EDGE('',*,*,#1214,.F.);
#709=ORIENTED_EDGE('',*,*,#1215,.F.);
#710=ORIENTED_EDGE('',*,*,#1216,.F.);
#711=ORIENTED_EDGE('',*,*,#1217,.T.);
#712=ORIENTED_EDGE('',*,*,#1218,.F.);
#713=ORIENTED_EDGE('',*,*,#1219,.F.);
#714=ORIENTED_EDGE('',*,*,#1220,.T.);
#715=ORIENTED_EDGE('',*,*,#1221,.F.);
#716=ORIENTED_EDGE('',*,*,#1222,.T.);
#717=ORIENTED_EDGE('',*,*,#1223,.T.);
#718=ORIENTED_EDGE('',*,*,#1224,.T.);
#719=ORIENTED_EDGE('',*,*,#1225,.F.);
#720=ORIENTED_EDGE('',*,*,#1226,.T.);
#721=ORIENTED_EDGE('',*,*,#1227,.T.);
#722=ORIENTED_EDGE('',*,*,#1228,.T.);
#723=ORIENTED_EDGE('',*,*,#1229,.T.);
#724=ORIENTED_EDGE('',*,*,#1230,.T.);
#725=ORIENTED_EDGE('',*,*,#1231,.F.);
#726=ORIENTED_EDGE('',*,*,#1232,.T.);
#727=ORIENTED_EDGE('',*,*,#1233,.T.);
#728=ORIENTED_EDGE('',*,*,#1234,.F.);
#729=ORIENTED_EDGE('',*,*,#1235,.T.);
#730=ORIENTED_EDGE('',*,*,#1236,.T.);
#731=ORIENTED_EDGE('',*,*,#1237,.T.);
#732=ORIENTED_EDGE('',*,*,#1222,.F.);
#733=ORIENTED_EDGE('',*,*,#1238,.T.);
#734=ORIENTED_EDGE('',*,*,#1239,.F.);
#735=ORIENTED_EDGE('',*,*,#1240,.T.);
#736=ORIENTED_EDGE('',*,*,#1241,.F.);
#737=ORIENTED_EDGE('',*,*,#1242,.T.);
#738=ORIENTED_EDGE('',*,*,#1239,.T.);
#739=ORIENTED_EDGE('',*,*,#1243,.T.);
#740=ORIENTED_EDGE('',*,*,#1244,.F.);
#741=ORIENTED_EDGE('',*,*,#1245,.T.);
#742=ORIENTED_EDGE('',*,*,#1241,.T.);
#743=ORIENTED_EDGE('',*,*,#1246,.T.);
#744=ORIENTED_EDGE('',*,*,#1247,.F.);
#745=ORIENTED_EDGE('',*,*,#1248,.T.);
#746=ORIENTED_EDGE('',*,*,#1249,.T.);
#747=ORIENTED_EDGE('',*,*,#1250,.T.);
#748=ORIENTED_EDGE('',*,*,#1251,.F.);
#749=ORIENTED_EDGE('',*,*,#1252,.T.);
#750=ORIENTED_EDGE('',*,*,#1247,.T.);
#751=ORIENTED_EDGE('',*,*,#1253,.T.);
#752=ORIENTED_EDGE('',*,*,#1254,.F.);
#753=ORIENTED_EDGE('',*,*,#1255,.T.);
#754=ORIENTED_EDGE('',*,*,#1251,.T.);
#755=ORIENTED_EDGE('',*,*,#1256,.T.);
#756=ORIENTED_EDGE('',*,*,#1257,.T.);
#757=ORIENTED_EDGE('',*,*,#1258,.T.);
#758=ORIENTED_EDGE('',*,*,#1259,.T.);
#759=ORIENTED_EDGE('',*,*,#1260,.T.);
#760=ORIENTED_EDGE('',*,*,#1261,.F.);
#761=ORIENTED_EDGE('',*,*,#1262,.T.);
#762=ORIENTED_EDGE('',*,*,#1263,.T.);
#763=ORIENTED_EDGE('',*,*,#1264,.T.);
#764=ORIENTED_EDGE('',*,*,#1265,.T.);
#765=ORIENTED_EDGE('',*,*,#1266,.T.);
#766=ORIENTED_EDGE('',*,*,#1267,.F.);
#767=ORIENTED_EDGE('',*,*,#1268,.T.);
#768=ORIENTED_EDGE('',*,*,#1269,.T.);
#769=ORIENTED_EDGE('',*,*,#1270,.T.);
#770=ORIENTED_EDGE('',*,*,#1271,.T.);
#771=ORIENTED_EDGE('',*,*,#1272,.F.);
#772=ORIENTED_EDGE('',*,*,#1273,.T.);
#773=ORIENTED_EDGE('',*,*,#1274,.T.);
#774=ORIENTED_EDGE('',*,*,#1275,.T.);
#775=ORIENTED_EDGE('',*,*,#1276,.T.);
#776=ORIENTED_EDGE('',*,*,#1216,.T.);
#777=ORIENTED_EDGE('',*,*,#1277,.F.);
#778=ORIENTED_EDGE('',*,*,#1278,.T.);
#779=ORIENTED_EDGE('',*,*,#1279,.T.);
#780=ORIENTED_EDGE('',*,*,#1280,.T.);
#781=ORIENTED_EDGE('',*,*,#1281,.T.);
#782=ORIENTED_EDGE('',*,*,#1282,.T.);
#783=ORIENTED_EDGE('',*,*,#1282,.F.);
#784=ORIENTED_EDGE('',*,*,#1283,.T.);
#785=ORIENTED_EDGE('',*,*,#1284,.T.);
#786=ORIENTED_EDGE('',*,*,#1285,.T.);
#787=ORIENTED_EDGE('',*,*,#1228,.F.);
#788=ORIENTED_EDGE('',*,*,#1249,.F.);
#789=ORIENTED_EDGE('',*,*,#1286,.T.);
#790=ORIENTED_EDGE('',*,*,#1287,.T.);
#791=ORIENTED_EDGE('',*,*,#1288,.F.);
#792=ORIENTED_EDGE('',*,*,#1289,.F.);
#793=ORIENTED_EDGE('',*,*,#1290,.T.);
#794=ORIENTED_EDGE('',*,*,#1231,.T.);
#795=ORIENTED_EDGE('',*,*,#1244,.T.);
#796=ORIENTED_EDGE('',*,*,#1288,.T.);
#797=ORIENTED_EDGE('',*,*,#1291,.T.);
#798=ORIENTED_EDGE('',*,*,#1292,.T.);
#799=ORIENTED_EDGE('',*,*,#1293,.F.);
#800=ORIENTED_EDGE('',*,*,#1284,.F.);
#801=ORIENTED_EDGE('',*,*,#1294,.T.);
#802=ORIENTED_EDGE('',*,*,#1289,.T.);
#803=ORIENTED_EDGE('',*,*,#1295,.T.);
#804=ORIENTED_EDGE('',*,*,#1296,.T.);
#805=ORIENTED_EDGE('',*,*,#1297,.T.);
#806=ORIENTED_EDGE('',*,*,#1298,.T.);
#807=ORIENTED_EDGE('',*,*,#1299,.T.);
#808=ORIENTED_EDGE('',*,*,#1292,.F.);
#809=ORIENTED_EDGE('',*,*,#1300,.T.);
#810=ORIENTED_EDGE('',*,*,#1301,.T.);
#811=ORIENTED_EDGE('',*,*,#1302,.T.);
#812=ORIENTED_EDGE('',*,*,#1303,.T.);
#813=ORIENTED_EDGE('',*,*,#1293,.T.);
#814=ORIENTED_EDGE('',*,*,#1304,.T.);
#815=ORIENTED_EDGE('',*,*,#1221,.T.);
#816=ORIENTED_EDGE('',*,*,#1234,.T.);
#817=ORIENTED_EDGE('',*,*,#1305,.T.);
#818=ORIENTED_EDGE('',*,*,#1214,.T.);
#819=ORIENTED_EDGE('',*,*,#1306,.F.);
#820=ORIENTED_EDGE('',*,*,#1307,.F.);
#821=ORIENTED_EDGE('',*,*,#1308,.T.);
#822=ORIENTED_EDGE('',*,*,#1225,.T.);
#823=ORIENTED_EDGE('',*,*,#1254,.T.);
#824=ORIENTED_EDGE('',*,*,#1306,.T.);
#825=ORIENTED_EDGE('',*,*,#1309,.T.);
#826=ORIENTED_EDGE('',*,*,#1236,.F.);
#827=ORIENTED_EDGE('',*,*,#1310,.T.);
#828=ORIENTED_EDGE('',*,*,#1307,.T.);
#829=ORIENTED_EDGE('',*,*,#1311,.T.);
#830=ORIENTED_EDGE('',*,*,#1312,.T.);
#831=ORIENTED_EDGE('',*,*,#1313,.F.);
#832=ORIENTED_EDGE('',*,*,#1314,.T.);
#833=ORIENTED_EDGE('',*,*,#1315,.T.);
#834=ORIENTED_EDGE('',*,*,#1316,.T.);
#835=ORIENTED_EDGE('',*,*,#1317,.T.);
#836=ORIENTED_EDGE('',*,*,#1312,.F.);
#837=ORIENTED_EDGE('',*,*,#1318,.T.);
#838=ORIENTED_EDGE('',*,*,#1212,.T.);
#839=ORIENTED_EDGE('',*,*,#1319,.T.);
#840=ORIENTED_EDGE('',*,*,#1320,.T.);
#841=ORIENTED_EDGE('',*,*,#1313,.T.);
#842=ORIENTED_EDGE('',*,*,#1304,.F.);
#843=ORIENTED_EDGE('',*,*,#1240,.F.);
#844=ORIENTED_EDGE('',*,*,#1321,.F.);
#845=ORIENTED_EDGE('',*,*,#1268,.F.);
#846=ORIENTED_EDGE('',*,*,#1267,.T.);
#847=ORIENTED_EDGE('',*,*,#1322,.T.);
#848=ORIENTED_EDGE('',*,*,#1218,.T.);
#849=ORIENTED_EDGE('',*,*,#1219,.T.);
#850=ORIENTED_EDGE('',*,*,#1321,.T.);
#851=ORIENTED_EDGE('',*,*,#1242,.F.);
#852=ORIENTED_EDGE('',*,*,#1323,.F.);
#853=ORIENTED_EDGE('',*,*,#1257,.F.);
#854=ORIENTED_EDGE('',*,*,#1233,.F.);
#855=ORIENTED_EDGE('',*,*,#1324,.T.);
#856=ORIENTED_EDGE('',*,*,#1259,.F.);
#857=ORIENTED_EDGE('',*,*,#1258,.F.);
#858=ORIENTED_EDGE('',*,*,#1323,.T.);
#859=ORIENTED_EDGE('',*,*,#1245,.F.);
#860=ORIENTED_EDGE('',*,*,#1224,.F.);
#861=ORIENTED_EDGE('',*,*,#1325,.T.);
#862=ORIENTED_EDGE('',*,*,#1209,.T.);
#863=ORIENTED_EDGE('',*,*,#1210,.T.);
#864=ORIENTED_EDGE('',*,*,#1276,.F.);
#865=ORIENTED_EDGE('',*,*,#1275,.F.);
#866=ORIENTED_EDGE('',*,*,#1326,.F.);
#867=ORIENTED_EDGE('',*,*,#1238,.F.);
#868=ORIENTED_EDGE('',*,*,#1326,.T.);
#869=ORIENTED_EDGE('',*,*,#1274,.F.);
#870=ORIENTED_EDGE('',*,*,#1327,.F.);
#871=ORIENTED_EDGE('',*,*,#1243,.F.);
#872=ORIENTED_EDGE('',*,*,#1286,.F.);
#873=ORIENTED_EDGE('',*,*,#1246,.F.);
#874=ORIENTED_EDGE('',*,*,#1327,.T.);
#875=ORIENTED_EDGE('',*,*,#1273,.F.);
#876=ORIENTED_EDGE('',*,*,#1272,.T.);
#877=ORIENTED_EDGE('',*,*,#1328,.T.);
#878=ORIENTED_EDGE('',*,*,#1227,.F.);
#879=ORIENTED_EDGE('',*,*,#1329,.T.);
#880=ORIENTED_EDGE('',*,*,#1265,.F.);
#881=ORIENTED_EDGE('',*,*,#1264,.F.);
#882=ORIENTED_EDGE('',*,*,#1330,.F.);
#883=ORIENTED_EDGE('',*,*,#1255,.F.);
#884=ORIENTED_EDGE('',*,*,#1330,.T.);
#885=ORIENTED_EDGE('',*,*,#1263,.F.);
#886=ORIENTED_EDGE('',*,*,#1331,.F.);
#887=ORIENTED_EDGE('',*,*,#1252,.F.);
#888=ORIENTED_EDGE('',*,*,#1331,.T.);
#889=ORIENTED_EDGE('',*,*,#1262,.F.);
#890=ORIENTED_EDGE('',*,*,#1261,.T.);
#891=ORIENTED_EDGE('',*,*,#1332,.T.);
#892=ORIENTED_EDGE('',*,*,#1280,.F.);
#893=ORIENTED_EDGE('',*,*,#1248,.F.);
#894=ORIENTED_EDGE('',*,*,#1305,.F.);
#895=ORIENTED_EDGE('',*,*,#1256,.F.);
#896=ORIENTED_EDGE('',*,*,#1333,.F.);
#897=ORIENTED_EDGE('',*,*,#1278,.F.);
#898=ORIENTED_EDGE('',*,*,#1277,.T.);
#899=ORIENTED_EDGE('',*,*,#1215,.T.);
#900=ORIENTED_EDGE('',*,*,#1333,.T.);
#901=ORIENTED_EDGE('',*,*,#1253,.F.);
#902=ORIENTED_EDGE('',*,*,#1334,.F.);
#903=ORIENTED_EDGE('',*,*,#1279,.F.);
#904=ORIENTED_EDGE('',*,*,#1334,.T.);
#905=ORIENTED_EDGE('',*,*,#1250,.F.);
#906=ORIENTED_EDGE('',*,*,#1230,.F.);
#907=ORIENTED_EDGE('',*,*,#1335,.T.);
#908=ORIENTED_EDGE('',*,*,#1270,.F.);
#909=ORIENTED_EDGE('',*,*,#1269,.F.);
#910=ORIENTED_EDGE('',*,*,#1336,.F.);
#911=ORIENTED_EDGE('',*,*,#1294,.F.);
#912=ORIENTED_EDGE('',*,*,#1337,.F.);
#913=ORIENTED_EDGE('',*,*,#1299,.F.);
#914=ORIENTED_EDGE('',*,*,#1337,.T.);
#915=ORIENTED_EDGE('',*,*,#1283,.F.);
#916=ORIENTED_EDGE('',*,*,#1338,.F.);
#917=ORIENTED_EDGE('',*,*,#1296,.F.);
#918=ORIENTED_EDGE('',*,*,#1336,.T.);
#919=ORIENTED_EDGE('',*,*,#1298,.F.);
#920=ORIENTED_EDGE('',*,*,#1339,.F.);
#921=ORIENTED_EDGE('',*,*,#1290,.F.);
#922=ORIENTED_EDGE('',*,*,#1324,.F.);
#923=ORIENTED_EDGE('',*,*,#1232,.F.);
#924=ORIENTED_EDGE('',*,*,#1339,.T.);
#925=ORIENTED_EDGE('',*,*,#1297,.F.);
#926=ORIENTED_EDGE('',*,*,#1338,.T.);
#927=ORIENTED_EDGE('',*,*,#1281,.F.);
#928=ORIENTED_EDGE('',*,*,#1332,.F.);
#929=ORIENTED_EDGE('',*,*,#1260,.F.);
#930=ORIENTED_EDGE('',*,*,#1340,.F.);
#931=ORIENTED_EDGE('',*,*,#1303,.F.);
#932=ORIENTED_EDGE('',*,*,#1341,.F.);
#933=ORIENTED_EDGE('',*,*,#1295,.F.);
#934=ORIENTED_EDGE('',*,*,#1341,.T.);
#935=ORIENTED_EDGE('',*,*,#1302,.F.);
#936=ORIENTED_EDGE('',*,*,#1342,.F.);
#937=ORIENTED_EDGE('',*,*,#1285,.F.);
#938=ORIENTED_EDGE('',*,*,#1340,.T.);
#939=ORIENTED_EDGE('',*,*,#1291,.F.);
#940=ORIENTED_EDGE('',*,*,#1343,.F.);
#941=ORIENTED_EDGE('',*,*,#1300,.F.);
#942=ORIENTED_EDGE('',*,*,#1342,.T.);
#943=ORIENTED_EDGE('',*,*,#1301,.F.);
#944=ORIENTED_EDGE('',*,*,#1343,.T.);
#945=ORIENTED_EDGE('',*,*,#1287,.F.);
#946=ORIENTED_EDGE('',*,*,#1328,.F.);
#947=ORIENTED_EDGE('',*,*,#1271,.F.);
#948=ORIENTED_EDGE('',*,*,#1335,.F.);
#949=ORIENTED_EDGE('',*,*,#1229,.F.);
#950=ORIENTED_EDGE('',*,*,#1344,.F.);
#951=ORIENTED_EDGE('',*,*,#1310,.F.);
#952=ORIENTED_EDGE('',*,*,#1345,.F.);
#953=ORIENTED_EDGE('',*,*,#1317,.F.);
#954=ORIENTED_EDGE('',*,*,#1345,.T.);
#955=ORIENTED_EDGE('',*,*,#1235,.F.);
#956=ORIENTED_EDGE('',*,*,#1220,.F.);
#957=ORIENTED_EDGE('',*,*,#1217,.F.);
#958=ORIENTED_EDGE('',*,*,#1346,.F.);
#959=ORIENTED_EDGE('',*,*,#1314,.F.);
#960=ORIENTED_EDGE('',*,*,#1344,.T.);
#961=ORIENTED_EDGE('',*,*,#1316,.F.);
#962=ORIENTED_EDGE('',*,*,#1347,.F.);
#963=ORIENTED_EDGE('',*,*,#1308,.F.);
#964=ORIENTED_EDGE('',*,*,#1329,.F.);
#965=ORIENTED_EDGE('',*,*,#1226,.F.);
#966=ORIENTED_EDGE('',*,*,#1347,.T.);
#967=ORIENTED_EDGE('',*,*,#1315,.F.);
#968=ORIENTED_EDGE('',*,*,#1346,.T.);
#969=ORIENTED_EDGE('',*,*,#1322,.F.);
#970=ORIENTED_EDGE('',*,*,#1266,.F.);
#971=ORIENTED_EDGE('',*,*,#1348,.F.);
#972=ORIENTED_EDGE('',*,*,#1320,.F.);
#973=ORIENTED_EDGE('',*,*,#1349,.F.);
#974=ORIENTED_EDGE('',*,*,#1311,.F.);
#975=ORIENTED_EDGE('',*,*,#1349,.T.);
#976=ORIENTED_EDGE('',*,*,#1319,.F.);
#977=ORIENTED_EDGE('',*,*,#1211,.F.);
#978=ORIENTED_EDGE('',*,*,#1208,.F.);
#979=ORIENTED_EDGE('',*,*,#1350,.F.);
#980=ORIENTED_EDGE('',*,*,#1237,.F.);
#981=ORIENTED_EDGE('',*,*,#1348,.T.);
#982=ORIENTED_EDGE('',*,*,#1309,.F.);
#983=ORIENTED_EDGE('',*,*,#1213,.F.);
#984=ORIENTED_EDGE('',*,*,#1318,.F.);
#985=ORIENTED_EDGE('',*,*,#1350,.T.);
#986=ORIENTED_EDGE('',*,*,#1325,.F.);
#987=ORIENTED_EDGE('',*,*,#1223,.F.);
#988=ORIENTED_EDGE('',*,*,#1351,.F.);
#989=ORIENTED_EDGE('',*,*,#1352,.T.);
#990=ORIENTED_EDGE('',*,*,#1353,.F.);
#991=ORIENTED_EDGE('',*,*,#1351,.T.);
#992=ORIENTED_EDGE('',*,*,#1352,.F.);
#993=ORIENTED_EDGE('',*,*,#1354,.F.);
#994=ORIENTED_EDGE('',*,*,#1353,.T.);
#995=ORIENTED_EDGE('',*,*,#1355,.F.);
#996=ORIENTED_EDGE('',*,*,#1356,.T.);
#997=ORIENTED_EDGE('',*,*,#1355,.T.);
#998=ORIENTED_EDGE('',*,*,#1354,.T.);
#999=ORIENTED_EDGE('',*,*,#1356,.F.);
#1000=ORIENTED_EDGE('',*,*,#1357,.F.);
#1001=ORIENTED_EDGE('',*,*,#1358,.T.);
#1002=ORIENTED_EDGE('',*,*,#1357,.T.);
#1003=ORIENTED_EDGE('',*,*,#1358,.F.);
#1004=ORIENTED_EDGE('',*,*,#1359,.F.);
#1005=ORIENTED_EDGE('',*,*,#1360,.T.);
#1006=ORIENTED_EDGE('',*,*,#1359,.T.);
#1007=ORIENTED_EDGE('',*,*,#1360,.F.);
#1008=ORIENTED_EDGE('',*,*,#1361,.T.);
#1009=ORIENTED_EDGE('',*,*,#1362,.T.);
#1010=ORIENTED_EDGE('',*,*,#1363,.T.);
#1011=ORIENTED_EDGE('',*,*,#1364,.T.);
#1012=ORIENTED_EDGE('',*,*,#1365,.T.);
#1013=ORIENTED_EDGE('',*,*,#1366,.T.);
#1014=ORIENTED_EDGE('',*,*,#1367,.T.);
#1015=ORIENTED_EDGE('',*,*,#1368,.T.);
#1016=ORIENTED_EDGE('',*,*,#1369,.T.);
#1017=ORIENTED_EDGE('',*,*,#1370,.T.);
#1018=ORIENTED_EDGE('',*,*,#1371,.T.);
#1019=ORIENTED_EDGE('',*,*,#1372,.T.);
#1020=ORIENTED_EDGE('',*,*,#1373,.T.);
#1021=ORIENTED_EDGE('',*,*,#1374,.T.);
#1022=ORIENTED_EDGE('',*,*,#1375,.T.);
#1023=ORIENTED_EDGE('',*,*,#1376,.F.);
#1024=ORIENTED_EDGE('',*,*,#1377,.T.);
#1025=ORIENTED_EDGE('',*,*,#1378,.F.);
#1026=ORIENTED_EDGE('',*,*,#1379,.T.);
#1027=ORIENTED_EDGE('',*,*,#1380,.T.);
#1028=ORIENTED_EDGE('',*,*,#1381,.T.);
#1029=ORIENTED_EDGE('',*,*,#1382,.T.);
#1030=ORIENTED_EDGE('',*,*,#1375,.F.);
#1031=ORIENTED_EDGE('',*,*,#1377,.F.);
#1032=ORIENTED_EDGE('',*,*,#1383,.T.);
#1033=ORIENTED_EDGE('',*,*,#1384,.T.);
#1034=ORIENTED_EDGE('',*,*,#1385,.T.);
#1035=ORIENTED_EDGE('',*,*,#1386,.T.);
#1036=ORIENTED_EDGE('',*,*,#1376,.T.);
#1037=ORIENTED_EDGE('',*,*,#1378,.T.);
#1038=ORIENTED_EDGE('',*,*,#1373,.F.);
#1039=ORIENTED_EDGE('',*,*,#1387,.F.);
#1040=ORIENTED_EDGE('',*,*,#1388,.F.);
#1041=ORIENTED_EDGE('',*,*,#1365,.F.);
#1042=ORIENTED_EDGE('',*,*,#1371,.F.);
#1043=ORIENTED_EDGE('',*,*,#1389,.F.);
#1044=ORIENTED_EDGE('',*,*,#1390,.F.);
#1045=ORIENTED_EDGE('',*,*,#1363,.F.);
#1046=ORIENTED_EDGE('',*,*,#1367,.F.);
#1047=ORIENTED_EDGE('',*,*,#1391,.F.);
#1048=ORIENTED_EDGE('',*,*,#1392,.F.);
#1049=ORIENTED_EDGE('',*,*,#1361,.F.);
#1050=ORIENTED_EDGE('',*,*,#1380,.F.);
#1051=ORIENTED_EDGE('',*,*,#1374,.F.);
#1052=ORIENTED_EDGE('',*,*,#1366,.F.);
#1053=ORIENTED_EDGE('',*,*,#1384,.F.);
#1054=ORIENTED_EDGE('',*,*,#1381,.F.);
#1055=ORIENTED_EDGE('',*,*,#1372,.F.);
#1056=ORIENTED_EDGE('',*,*,#1364,.F.);
#1057=ORIENTED_EDGE('',*,*,#1385,.F.);
#1058=ORIENTED_EDGE('',*,*,#1382,.F.);
#1059=ORIENTED_EDGE('',*,*,#1368,.F.);
#1060=ORIENTED_EDGE('',*,*,#1362,.F.);
#1061=ORIENTED_EDGE('',*,*,#1386,.F.);
#1062=ORIENTED_EDGE('',*,*,#1370,.F.);
#1063=ORIENTED_EDGE('',*,*,#1379,.F.);
#1064=ORIENTED_EDGE('',*,*,#1383,.F.);
#1065=ORIENTED_EDGE('',*,*,#1369,.F.);
#1066=ORIENTED_EDGE('',*,*,#1392,.T.);
#1067=ORIENTED_EDGE('',*,*,#1391,.T.);
#1068=ORIENTED_EDGE('',*,*,#1390,.T.);
#1069=ORIENTED_EDGE('',*,*,#1389,.T.);
#1070=ORIENTED_EDGE('',*,*,#1388,.T.);
#1071=ORIENTED_EDGE('',*,*,#1387,.T.);
#1072=EDGE_CURVE('',#1393,#1394,#1605,.T.);
#1073=EDGE_CURVE('',#1393,#1395,#238,.T.);
#1074=EDGE_CURVE('',#1395,#1396,#1606,.T.);
#1075=EDGE_CURVE('',#1396,#1394,#239,.T.);
#1076=EDGE_CURVE('',#1395,#1397,#240,.T.);
#1077=EDGE_CURVE('',#1398,#1397,#1607,.T.);
#1078=EDGE_CURVE('',#1398,#1399,#1608,.T.);
#1079=EDGE_CURVE('',#1399,#1400,#1609,.T.);
#1080=EDGE_CURVE('',#1400,#1396,#241,.T.);
#1081=EDGE_CURVE('',#1399,#1401,#1610,.T.);
#1082=EDGE_CURVE('',#1398,#1402,#1611,.T.);
#1083=EDGE_CURVE('',#1402,#1401,#1612,.T.);
#1084=EDGE_CURVE('',#1403,#1403,#155,.T.);
#1085=EDGE_CURVE('',#1404,#1404,#156,.T.);
#1086=EDGE_CURVE('',#1405,#1402,#1613,.T.);
#1087=EDGE_CURVE('',#1405,#1393,#242,.T.);
#1088=EDGE_CURVE('',#1394,#1406,#243,.T.);
#1089=EDGE_CURVE('',#1406,#1401,#1614,.T.);
#1090=EDGE_CURVE('',#1397,#1405,#244,.T.);
#1091=EDGE_CURVE('',#1406,#1400,#245,.T.);
#1092=EDGE_CURVE('',#1407,#1408,#1615,.T.);
#1093=EDGE_CURVE('',#1408,#1409,#246,.T.);
#1094=EDGE_CURVE('',#1410,#1409,#1616,.T.);
#1095=EDGE_CURVE('',#1410,#1407,#1617,.T.);
#1096=EDGE_CURVE('',#1411,#1412,#247,.T.);
#1097=EDGE_CURVE('',#1412,#1413,#248,.T.);
#1098=EDGE_CURVE('',#1413,#1414,#249,.T.);
#1099=EDGE_CURVE('',#1414,#1411,#250,.T.);
#1100=EDGE_CURVE('',#1415,#1416,#251,.T.);
#1101=EDGE_CURVE('',#1416,#1417,#252,.T.);
#1102=EDGE_CURVE('',#1417,#1418,#253,.T.);
#1103=EDGE_CURVE('',#1418,#1415,#254,.T.);
#1104=EDGE_CURVE('',#1419,#1420,#255,.T.);
#1105=EDGE_CURVE('',#1420,#1421,#256,.T.);
#1106=EDGE_CURVE('',#1421,#1422,#257,.T.);
#1107=EDGE_CURVE('',#1422,#1419,#258,.T.);
#1108=EDGE_CURVE('',#1423,#1424,#259,.T.);
#1109=EDGE_CURVE('',#1424,#1425,#260,.T.);
#1110=EDGE_CURVE('',#1425,#1426,#261,.T.);
#1111=EDGE_CURVE('',#1426,#1423,#262,.T.);
#1112=EDGE_CURVE('',#1427,#1428,#263,.T.);
#1113=EDGE_CURVE('',#1428,#1429,#264,.T.);
#1114=EDGE_CURVE('',#1429,#1430,#265,.T.);
#1115=EDGE_CURVE('',#1430,#1427,#266,.T.);
#1116=EDGE_CURVE('',#1431,#1432,#1618,.T.);
#1117=EDGE_CURVE('',#1431,#1433,#267,.T.);
#1118=EDGE_CURVE('',#1433,#1434,#1619,.T.);
#1119=EDGE_CURVE('',#1432,#1434,#1620,.T.);
#1120=EDGE_CURVE('',#1434,#1407,#1621,.T.);
#1121=EDGE_CURVE('',#1432,#1410,#1622,.T.);
#1122=EDGE_CURVE('',#1409,#1435,#268,.T.);
#1123=EDGE_CURVE('',#1435,#1436,#269,.T.);
#1124=EDGE_CURVE('',#1436,#1437,#270,.T.);
#1125=EDGE_CURVE('',#1437,#1438,#271,.T.);
#1126=EDGE_CURVE('',#1438,#1431,#272,.T.);
#1127=EDGE_CURVE('',#1439,#1440,#273,.T.);
#1128=EDGE_CURVE('',#1440,#1408,#274,.T.);
#1129=EDGE_CURVE('',#1433,#1441,#275,.T.);
#1130=EDGE_CURVE('',#1441,#1442,#276,.T.);
#1131=EDGE_CURVE('',#1442,#1439,#277,.T.);
#1132=EDGE_CURVE('',#1443,#1444,#278,.F.);
#1133=EDGE_CURVE('',#1443,#1417,#279,.F.);
#1134=EDGE_CURVE('',#1417,#1445,#280,.F.);
#1135=EDGE_CURVE('',#1445,#1444,#281,.F.);
#1136=EDGE_CURVE('',#1445,#1420,#282,.F.);
#1137=EDGE_CURVE('',#1446,#1420,#283,.T.);
#1138=EDGE_CURVE('',#1446,#1444,#284,.F.);
#1139=EDGE_CURVE('',#1447,#1448,#285,.F.);
#1140=EDGE_CURVE('',#1447,#1424,#286,.F.);
#1141=EDGE_CURVE('',#1424,#1449,#287,.F.);
#1142=EDGE_CURVE('',#1449,#1448,#288,.F.);
#1143=EDGE_CURVE('',#1449,#1437,#289,.F.);
#1144=EDGE_CURVE('',#1450,#1437,#290,.T.);
#1145=EDGE_CURVE('',#1450,#1448,#291,.F.);
#1146=EDGE_CURVE('',#1451,#1452,#292,.F.);
#1147=EDGE_CURVE('',#1451,#1414,#293,.F.);
#1148=EDGE_CURVE('',#1414,#1453,#294,.F.);
#1149=EDGE_CURVE('',#1453,#1452,#295,.F.);
#1150=EDGE_CURVE('',#1453,#1418,#296,.F.);
#1151=EDGE_CURVE('',#1454,#1418,#297,.T.);
#1152=EDGE_CURVE('',#1454,#1452,#298,.F.);
#1153=EDGE_CURVE('',#1455,#1456,#299,.F.);
#1154=EDGE_CURVE('',#1455,#1439,#300,.F.);
#1155=EDGE_CURVE('',#1439,#1457,#301,.F.);
#1156=EDGE_CURVE('',#1457,#1456,#302,.F.);
#1157=EDGE_CURVE('',#1457,#1421,#303,.F.);
#1158=EDGE_CURVE('',#1458,#1421,#304,.T.);
#1159=EDGE_CURVE('',#1458,#1456,#305,.F.);
#1160=EDGE_CURVE('',#1459,#1460,#306,.F.);
#1161=EDGE_CURVE('',#1459,#1442,#307,.F.);
#1162=EDGE_CURVE('',#1442,#1461,#308,.F.);
#1163=EDGE_CURVE('',#1461,#1460,#309,.F.);
#1164=EDGE_CURVE('',#1461,#1425,#310,.F.);
#1165=EDGE_CURVE('',#1462,#1425,#311,.T.);
#1166=EDGE_CURVE('',#1462,#1460,#312,.F.);
#1167=EDGE_CURVE('',#1463,#1464,#313,.F.);
#1168=EDGE_CURVE('',#1463,#1427,#314,.F.);
#1169=EDGE_CURVE('',#1427,#1465,#315,.F.);
#1170=EDGE_CURVE('',#1465,#1464,#316,.F.);
#1171=EDGE_CURVE('',#1465,#1438,#317,.F.);
#1172=EDGE_CURVE('',#1466,#1438,#318,.T.);
#1173=EDGE_CURVE('',#1466,#1464,#319,.F.);
#1174=EDGE_CURVE('',#1467,#1468,#320,.F.);
#1175=EDGE_CURVE('',#1467,#1440,#321,.F.);
#1176=EDGE_CURVE('',#1469,#1440,#322,.T.);
#1177=EDGE_CURVE('',#1469,#1468,#323,.F.);
#1178=EDGE_CURVE('',#1415,#1469,#324,.T.);
#1179=EDGE_CURVE('',#1470,#1415,#325,.T.);
#1180=EDGE_CURVE('',#1470,#1468,#326,.F.);
#1181=EDGE_CURVE('',#1471,#1472,#327,.F.);
#1182=EDGE_CURVE('',#1471,#1428,#328,.F.);
#1183=EDGE_CURVE('',#1473,#1428,#329,.T.);
#1184=EDGE_CURVE('',#1473,#1472,#330,.F.);
#1185=EDGE_CURVE('',#1426,#1473,#331,.T.);
#1186=EDGE_CURVE('',#1474,#1426,#332,.T.);
#1187=EDGE_CURVE('',#1474,#1472,#333,.F.);
#1188=EDGE_CURVE('',#1441,#1471,#334,.F.);
#1189=EDGE_CURVE('',#1429,#1433,#335,.F.);
#1190=EDGE_CURVE('',#1408,#1412,#336,.F.);
#1191=EDGE_CURVE('',#1413,#1467,#337,.F.);
#1192=EDGE_CURVE('',#1430,#1431,#338,.F.);
#1193=EDGE_CURVE('',#1441,#1474,#339,.T.);
#1194=EDGE_CURVE('',#1413,#1470,#340,.T.);
#1195=EDGE_CURVE('',#1409,#1411,#341,.F.);
#1196=EDGE_CURVE('',#1423,#1463,#342,.F.);
#1197=EDGE_CURVE('',#1422,#1459,#343,.F.);
#1198=EDGE_CURVE('',#1416,#1455,#344,.F.);
#1199=EDGE_CURVE('',#1435,#1451,#345,.F.);
#1200=EDGE_CURVE('',#1423,#1466,#346,.T.);
#1201=EDGE_CURVE('',#1422,#1462,#347,.T.);
#1202=EDGE_CURVE('',#1416,#1458,#348,.T.);
#1203=EDGE_CURVE('',#1435,#1454,#349,.T.);
#1204=EDGE_CURVE('',#1419,#1447,#350,.F.);
#1205=EDGE_CURVE('',#1436,#1443,#351,.F.);
#1206=EDGE_CURVE('',#1419,#1450,#352,.T.);
#1207=EDGE_CURVE('',#1436,#1446,#353,.T.);
#1208=EDGE_CURVE('',#1475,#1476,#354,.F.);
#1209=EDGE_CURVE('',#1475,#1476,#355,.T.);
#1210=EDGE_CURVE('',#1476,#1477,#356,.T.);
#1211=EDGE_CURVE('',#1476,#1478,#357,.F.);
#1212=EDGE_CURVE('',#1479,#1478,#157,.F.);
#1213=EDGE_CURVE('',#1479,#1480,#1623,.T.);
#1214=EDGE_CURVE('',#1481,#1480,#158,.T.);
#1215=EDGE_CURVE('',#1482,#1481,#358,.T.);
#1216=EDGE_CURVE('',#1477,#1482,#159,.T.);
#1217=EDGE_CURVE('',#1483,#1484,#359,.F.);
#1218=EDGE_CURVE('',#1483,#1484,#360,.T.);
#1219=EDGE_CURVE('',#1484,#1485,#361,.T.);
#1220=EDGE_CURVE('',#1484,#1486,#362,.F.);
#1221=EDGE_CURVE('',#1485,#1486,#160,.F.);
#1222=EDGE_CURVE('',#1487,#1488,#1624,.T.);
#1223=EDGE_CURVE('',#1488,#1489,#161,.T.);
#1224=EDGE_CURVE('',#1489,#1487,#363,.T.);
#1225=EDGE_CURVE('',#1490,#1491,#1625,.T.);
#1226=EDGE_CURVE('',#1490,#1492,#162,.F.);
#1227=EDGE_CURVE('',#1492,#1491,#364,.T.);
#1228=EDGE_CURVE('',#1493,#1494,#1626,.T.);
#1229=EDGE_CURVE('',#1494,#1495,#163,.T.);
#1230=EDGE_CURVE('',#1495,#1493,#365,.T.);
#1231=EDGE_CURVE('',#1496,#1497,#1627,.T.);
#1232=EDGE_CURVE('',#1496,#1498,#164,.F.);
#1233=EDGE_CURVE('',#1498,#1497,#366,.T.);
#1234=EDGE_CURVE('',#1486,#1499,#1628,.T.);
#1235=EDGE_CURVE('',#1486,#1500,#165,.T.);
#1236=EDGE_CURVE('',#1500,#1501,#1629,.T.);
#1237=EDGE_CURVE('',#1501,#1488,#166,.F.);
#1238=EDGE_CURVE('',#1487,#1502,#367,.T.);
#1239=EDGE_CURVE('',#1503,#1502,#1630,.T.);
#1240=EDGE_CURVE('',#1503,#1499,#368,.T.);
#1241=EDGE_CURVE('',#1504,#1505,#1631,.T.);
#1242=EDGE_CURVE('',#1504,#1503,#369,.T.);
#1243=EDGE_CURVE('',#1502,#1505,#370,.T.);
#1244=EDGE_CURVE('',#1497,#1506,#1632,.T.);
#1245=EDGE_CURVE('',#1497,#1504,#371,.T.);
#1246=EDGE_CURVE('',#1505,#1506,#372,.T.);
#1247=EDGE_CURVE('',#1507,#1508,#1633,.T.);
#1248=EDGE_CURVE('',#1507,#1509,#373,.T.);
#1249=EDGE_CURVE('',#1509,#1493,#1634,.T.);
#1250=EDGE_CURVE('',#1493,#1508,#374,.T.);
#1251=EDGE_CURVE('',#1510,#1511,#1635,.T.);
#1252=EDGE_CURVE('',#1510,#1507,#375,.T.);
#1253=EDGE_CURVE('',#1508,#1511,#376,.T.);
#1254=EDGE_CURVE('',#1491,#1512,#1636,.T.);
#1255=EDGE_CURVE('',#1491,#1510,#377,.T.);
#1256=EDGE_CURVE('',#1511,#1512,#378,.T.);
#1257=EDGE_CURVE('',#1513,#1514,#379,.T.);
#1258=EDGE_CURVE('',#1514,#1515,#380,.T.);
#1259=EDGE_CURVE('',#1515,#1516,#16,.F.);
#1260=EDGE_CURVE('',#1516,#1517,#167,.F.);
#1261=EDGE_CURVE('',#1518,#1517,#17,.T.);
#1262=EDGE_CURVE('',#1518,#1519,#381,.T.);
#1263=EDGE_CURVE('',#1519,#1520,#382,.T.);
#1264=EDGE_CURVE('',#1520,#1521,#383,.T.);
#1265=EDGE_CURVE('',#1521,#1522,#18,.F.);
#1266=EDGE_CURVE('',#1522,#1523,#168,.F.);
#1267=EDGE_CURVE('',#1524,#1523,#19,.T.);
#1268=EDGE_CURVE('',#1524,#1513,#384,.T.);
#1269=EDGE_CURVE('',#1525,#1526,#385,.T.);
#1270=EDGE_CURVE('',#1526,#1527,#20,.T.);
#1271=EDGE_CURVE('',#1527,#1528,#169,.T.);
#1272=EDGE_CURVE('',#1529,#1528,#21,.F.);
#1273=EDGE_CURVE('',#1529,#1530,#386,.T.);
#1274=EDGE_CURVE('',#1530,#1531,#387,.T.);
#1275=EDGE_CURVE('',#1531,#1532,#388,.T.);
#1276=EDGE_CURVE('',#1532,#1477,#22,.T.);
#1277=EDGE_CURVE('',#1533,#1482,#23,.F.);
#1278=EDGE_CURVE('',#1533,#1534,#389,.T.);
#1279=EDGE_CURVE('',#1534,#1525,#390,.T.);
#1280=EDGE_CURVE('',#1509,#1535,#391,.F.);
#1281=EDGE_CURVE('',#1535,#1536,#170,.F.);
#1282=EDGE_CURVE('',#1536,#1509,#1637,.T.);
#1283=EDGE_CURVE('',#1536,#1537,#1638,.T.);
#1284=EDGE_CURVE('',#1537,#1538,#1639,.T.);
#1285=EDGE_CURVE('',#1538,#1494,#1640,.T.);
#1286=EDGE_CURVE('',#1506,#1539,#392,.F.);
#1287=EDGE_CURVE('',#1539,#1540,#171,.T.);
#1288=EDGE_CURVE('',#1506,#1540,#1641,.T.);
#1289=EDGE_CURVE('',#1541,#1542,#1642,.T.);
#1290=EDGE_CURVE('',#1541,#1496,#1643,.T.);
#1291=EDGE_CURVE('',#1540,#1542,#1644,.T.);
#1292=EDGE_CURVE('',#1543,#1543,#172,.T.);
#1293=EDGE_CURVE('',#1544,#1544,#173,.T.);
#1294=EDGE_CURVE('',#1537,#1541,#174,.F.);
#1295=EDGE_CURVE('',#1542,#1538,#175,.T.);
#1296=EDGE_CURVE('',#1545,#1546,#1645,.T.);
#1297=EDGE_CURVE('',#1546,#1547,#176,.T.);
#1298=EDGE_CURVE('',#1547,#1548,#1646,.T.);
#1299=EDGE_CURVE('',#1548,#1545,#177,.T.);
#1300=EDGE_CURVE('',#1549,#1550,#1647,.T.);
#1301=EDGE_CURVE('',#1550,#1551,#178,.F.);
#1302=EDGE_CURVE('',#1551,#1552,#1648,.T.);
#1303=EDGE_CURVE('',#1552,#1549,#179,.F.);
#1304=EDGE_CURVE('',#1499,#1485,#393,.T.);
#1305=EDGE_CURVE('',#1512,#1481,#394,.F.);
#1306=EDGE_CURVE('',#1512,#1480,#1649,.T.);
#1307=EDGE_CURVE('',#1553,#1554,#1650,.T.);
#1308=EDGE_CURVE('',#1553,#1490,#1651,.T.);
#1309=EDGE_CURVE('',#1480,#1554,#1652,.T.);
#1310=EDGE_CURVE('',#1500,#1553,#180,.F.);
#1311=EDGE_CURVE('',#1554,#1501,#181,.T.);
#1312=EDGE_CURVE('',#1555,#1555,#182,.T.);
#1313=EDGE_CURVE('',#1556,#1556,#183,.T.);
#1314=EDGE_CURVE('',#1557,#1558,#184,.F.);
#1315=EDGE_CURVE('',#1558,#1559,#185,.T.);
#1316=EDGE_CURVE('',#1559,#1560,#1653,.T.);
#1317=EDGE_CURVE('',#1560,#1557,#186,.T.);
#1318=EDGE_CURVE('',#1561,#1479,#1654,.T.);
#1319=EDGE_CURVE('',#1478,#1562,#187,.T.);
#1320=EDGE_CURVE('',#1562,#1561,#188,.F.);
#1321=EDGE_CURVE('',#1513,#1503,#395,.T.);
#1322=EDGE_CURVE('',#1523,#1483,#396,.T.);
#1323=EDGE_CURVE('',#1514,#1504,#397,.F.);
#1324=EDGE_CURVE('',#1498,#1516,#398,.T.);
#1325=EDGE_CURVE('',#1489,#1475,#399,.T.);
#1326=EDGE_CURVE('',#1502,#1531,#400,.T.);
#1327=EDGE_CURVE('',#1505,#1530,#401,.F.);
#1328=EDGE_CURVE('',#1528,#1539,#402,.T.);
#1329=EDGE_CURVE('',#1492,#1522,#403,.T.);
#1330=EDGE_CURVE('',#1510,#1520,#404,.T.);
#1331=EDGE_CURVE('',#1507,#1519,#405,.F.);
#1332=EDGE_CURVE('',#1517,#1535,#406,.T.);
#1333=EDGE_CURVE('',#1534,#1511,#407,.T.);
#1334=EDGE_CURVE('',#1525,#1508,#408,.F.);
#1335=EDGE_CURVE('',#1495,#1527,#409,.T.);
#1336=EDGE_CURVE('',#1541,#1548,#1655,.T.);
#1337=EDGE_CURVE('',#1545,#1537,#1656,.T.);
#1338=EDGE_CURVE('',#1546,#1536,#1657,.T.);
#1339=EDGE_CURVE('',#1496,#1547,#1658,.T.);
#1340=EDGE_CURVE('',#1549,#1542,#1659,.T.);
#1341=EDGE_CURVE('',#1538,#1552,#1660,.T.);
#1342=EDGE_CURVE('',#1494,#1551,#1661,.T.);
#1343=EDGE_CURVE('',#1550,#1540,#1662,.T.);
#1344=EDGE_CURVE('',#1553,#1560,#1663,.T.);
#1345=EDGE_CURVE('',#1557,#1500,#1664,.T.);
#1346=EDGE_CURVE('',#1558,#1483,#410,.F.);
#1347=EDGE_CURVE('',#1490,#1559,#1665,.T.);
#1348=EDGE_CURVE('',#1561,#1554,#1666,.T.);
#1349=EDGE_CURVE('',#1501,#1562,#1667,.T.);
#1350=EDGE_CURVE('',#1488,#1475,#411,.F.);
#1351=EDGE_CURVE('',#1563,#1563,#189,.T.);
#1352=EDGE_CURVE('',#1564,#1564,#190,.T.);
#1353=EDGE_CURVE('',#1565,#1565,#191,.T.);
#1354=EDGE_CURVE('',#1566,#1566,#192,.T.);
#1355=EDGE_CURVE('',#1567,#1567,#193,.T.);
#1356=EDGE_CURVE('',#1568,#1568,#194,.T.);
#1357=EDGE_CURVE('',#1569,#1569,#195,.T.);
#1358=EDGE_CURVE('',#1570,#1570,#196,.T.);
#1359=EDGE_CURVE('',#1571,#1571,#197,.T.);
#1360=EDGE_CURVE('',#1572,#1572,#198,.T.);
#1361=EDGE_CURVE('',#1573,#1573,#24,.T.);
#1362=EDGE_CURVE('',#1574,#1574,#412,.T.);
#1363=EDGE_CURVE('',#1575,#1575,#25,.T.);
#1364=EDGE_CURVE('',#1576,#1576,#413,.T.);
#1365=EDGE_CURVE('',#1577,#1577,#26,.T.);
#1366=EDGE_CURVE('',#1578,#1578,#414,.T.);
#1367=EDGE_CURVE('',#1579,#1579,#27,.F.);
#1368=EDGE_CURVE('',#1580,#1580,#415,.T.);
#1369=EDGE_CURVE('',#1581,#1581,#199,.T.);
#1370=EDGE_CURVE('',#1582,#1582,#200,.F.);
#1371=EDGE_CURVE('',#1583,#1583,#28,.F.);
#1372=EDGE_CURVE('',#1584,#1584,#416,.T.);
#1373=EDGE_CURVE('',#1585,#1585,#29,.F.);
#1374=EDGE_CURVE('',#1586,#1586,#417,.T.);
#1375=EDGE_CURVE('',#1587,#1587,#201,.T.);
#1376=EDGE_CURVE('',#1588,#1588,#202,.T.);
#1377=EDGE_CURVE('',#1589,#1589,#203,.T.);
#1378=EDGE_CURVE('',#1590,#1590,#204,.T.);
#1379=EDGE_CURVE('',#1591,#1591,#205,.T.);
#1380=EDGE_CURVE('',#1592,#1592,#418,.T.);
#1381=EDGE_CURVE('',#1593,#1593,#419,.T.);
#1382=EDGE_CURVE('',#1594,#1594,#420,.T.);
#1383=EDGE_CURVE('',#1595,#1595,#206,.F.);
#1384=EDGE_CURVE('',#1596,#1596,#421,.T.);
#1385=EDGE_CURVE('',#1597,#1597,#422,.T.);
#1386=EDGE_CURVE('',#1598,#1598,#423,.T.);
#1387=EDGE_CURVE('',#1599,#1599,#424,.T.);
#1388=EDGE_CURVE('',#1600,#1600,#425,.T.);
#1389=EDGE_CURVE('',#1601,#1601,#426,.T.);
#1390=EDGE_CURVE('',#1602,#1602,#427,.T.);
#1391=EDGE_CURVE('',#1603,#1603,#428,.T.);
#1392=EDGE_CURVE('',#1604,#1604,#429,.T.);
#1393=VERTEX_POINT('',#2960);
#1394=VERTEX_POINT('',#2961);
#1395=VERTEX_POINT('',#2966);
#1396=VERTEX_POINT('',#2968);
#1397=VERTEX_POINT('',#2978);
#1398=VERTEX_POINT('',#2980);
#1399=VERTEX_POINT('',#2982);
#1400=VERTEX_POINT('',#2984);
#1401=VERTEX_POINT('',#2991);
#1402=VERTEX_POINT('',#2993);
#1403=VERTEX_POINT('',#2997);
#1404=VERTEX_POINT('',#2999);
#1405=VERTEX_POINT('',#3002);
#1406=VERTEX_POINT('',#3011);
#1407=VERTEX_POINT('',#3042);
#1408=VERTEX_POINT('',#3043);
#1409=VERTEX_POINT('',#3048);
#1410=VERTEX_POINT('',#3050);
#1411=VERTEX_POINT('',#3057);
#1412=VERTEX_POINT('',#3058);
#1413=VERTEX_POINT('',#3063);
#1414=VERTEX_POINT('',#3068);
#1415=VERTEX_POINT('',#3078);
#1416=VERTEX_POINT('',#3079);
#1417=VERTEX_POINT('',#3084);
#1418=VERTEX_POINT('',#3089);
#1419=VERTEX_POINT('',#3099);
#1420=VERTEX_POINT('',#3100);
#1421=VERTEX_POINT('',#3105);
#1422=VERTEX_POINT('',#3110);
#1423=VERTEX_POINT('',#3120);
#1424=VERTEX_POINT('',#3121);
#1425=VERTEX_POINT('',#3126);
#1426=VERTEX_POINT('',#3131);
#1427=VERTEX_POINT('',#3141);
#1428=VERTEX_POINT('',#3142);
#1429=VERTEX_POINT('',#3147);
#1430=VERTEX_POINT('',#3152);
#1431=VERTEX_POINT('',#3159);
#1432=VERTEX_POINT('',#3160);
#1433=VERTEX_POINT('',#3165);
#1434=VERTEX_POINT('',#3167);
#1435=VERTEX_POINT('',#3177);
#1436=VERTEX_POINT('',#3182);
#1437=VERTEX_POINT('',#3187);
#1438=VERTEX_POINT('',#3192);
#1439=VERTEX_POINT('',#3202);
#1440=VERTEX_POINT('',#3203);
#1441=VERTEX_POINT('',#3212);
#1442=VERTEX_POINT('',#3217);
#1443=VERTEX_POINT('',#3294);
#1444=VERTEX_POINT('',#3295);
#1445=VERTEX_POINT('',#3304);
#1446=VERTEX_POINT('',#3385);
#1447=VERTEX_POINT('',#3466);
#1448=VERTEX_POINT('',#3467);
#1449=VERTEX_POINT('',#3476);
#1450=VERTEX_POINT('',#3557);
#1451=VERTEX_POINT('',#3638);
#1452=VERTEX_POINT('',#3639);
#1453=VERTEX_POINT('',#3648);
#1454=VERTEX_POINT('',#3729);
#1455=VERTEX_POINT('',#3810);
#1456=VERTEX_POINT('',#3811);
#1457=VERTEX_POINT('',#3820);
#1458=VERTEX_POINT('',#3901);
#1459=VERTEX_POINT('',#3982);
#1460=VERTEX_POINT('',#3983);
#1461=VERTEX_POINT('',#3992);
#1462=VERTEX_POINT('',#4073);
#1463=VERTEX_POINT('',#4154);
#1464=VERTEX_POINT('',#4155);
#1465=VERTEX_POINT('',#4164);
#1466=VERTEX_POINT('',#4245);
#1467=VERTEX_POINT('',#4326);
#1468=VERTEX_POINT('',#4327);
#1469=VERTEX_POINT('',#4336);
#1470=VERTEX_POINT('',#4417);
#1471=VERTEX_POINT('',#4498);
#1472=VERTEX_POINT('',#4499);
#1473=VERTEX_POINT('',#4508);
#1474=VERTEX_POINT('',#4589);
#1475=VERTEX_POINT('',#5324);
#1476=VERTEX_POINT('',#5325);
#1477=VERTEX_POINT('',#5341);
#1478=VERTEX_POINT('',#5346);
#1479=VERTEX_POINT('',#5348);
#1480=VERTEX_POINT('',#5350);
#1481=VERTEX_POINT('',#5352);
#1482=VERTEX_POINT('',#5368);
#1483=VERTEX_POINT('',#5375);
#1484=VERTEX_POINT('',#5376);
#1485=VERTEX_POINT('',#5388);
#1486=VERTEX_POINT('',#5393);
#1487=VERTEX_POINT('',#5397);
#1488=VERTEX_POINT('',#5398);
#1489=VERTEX_POINT('',#5400);
#1490=VERTEX_POINT('',#5409);
#1491=VERTEX_POINT('',#5410);
#1492=VERTEX_POINT('',#5412);
#1493=VERTEX_POINT('',#5419);
#1494=VERTEX_POINT('',#5420);
#1495=VERTEX_POINT('',#5422);
#1496=VERTEX_POINT('',#5429);
#1497=VERTEX_POINT('',#5430);
#1498=VERTEX_POINT('',#5432);
#1499=VERTEX_POINT('',#5439);
#1500=VERTEX_POINT('',#5441);
#1501=VERTEX_POINT('',#5443);
#1502=VERTEX_POINT('',#5449);
#1503=VERTEX_POINT('',#5451);
#1504=VERTEX_POINT('',#5458);
#1505=VERTEX_POINT('',#5459);
#1506=VERTEX_POINT('',#5470);
#1507=VERTEX_POINT('',#5481);
#1508=VERTEX_POINT('',#5482);
#1509=VERTEX_POINT('',#5487);
#1510=VERTEX_POINT('',#5495);
#1511=VERTEX_POINT('',#5496);
#1512=VERTEX_POINT('',#5507);
#1513=VERTEX_POINT('',#5521);
#1514=VERTEX_POINT('',#5522);
#1515=VERTEX_POINT('',#5527);
#1516=VERTEX_POINT('',#5542);
#1517=VERTEX_POINT('',#5544);
#1518=VERTEX_POINT('',#5559);
#1519=VERTEX_POINT('',#5564);
#1520=VERTEX_POINT('',#5569);
#1521=VERTEX_POINT('',#5574);
#1522=VERTEX_POINT('',#5589);
#1523=VERTEX_POINT('',#5591);
#1524=VERTEX_POINT('',#5602);
#1525=VERTEX_POINT('',#5612);
#1526=VERTEX_POINT('',#5613);
#1527=VERTEX_POINT('',#5628);
#1528=VERTEX_POINT('',#5630);
#1529=VERTEX_POINT('',#5645);
#1530=VERTEX_POINT('',#5650);
#1531=VERTEX_POINT('',#5655);
#1532=VERTEX_POINT('',#5660);
#1533=VERTEX_POINT('',#5685);
#1534=VERTEX_POINT('',#5690);
#1535=VERTEX_POINT('',#5700);
#1536=VERTEX_POINT('',#5702);
#1537=VERTEX_POINT('',#5706);
#1538=VERTEX_POINT('',#5708);
#1539=VERTEX_POINT('',#5715);
#1540=VERTEX_POINT('',#5717);
#1541=VERTEX_POINT('',#5721);
#1542=VERTEX_POINT('',#5722);
#1543=VERTEX_POINT('',#5727);
#1544=VERTEX_POINT('',#5729);
#1545=VERTEX_POINT('',#5735);
#1546=VERTEX_POINT('',#5736);
#1547=VERTEX_POINT('',#5738);
#1548=VERTEX_POINT('',#5740);
#1549=VERTEX_POINT('',#5744);
#1550=VERTEX_POINT('',#5745);
#1551=VERTEX_POINT('',#5747);
#1552=VERTEX_POINT('',#5749);
#1553=VERTEX_POINT('',#5766);
#1554=VERTEX_POINT('',#5767);
#1555=VERTEX_POINT('',#5775);
#1556=VERTEX_POINT('',#5777);
#1557=VERTEX_POINT('',#5780);
#1558=VERTEX_POINT('',#5781);
#1559=VERTEX_POINT('',#5783);
#1560=VERTEX_POINT('',#5785);
#1561=VERTEX_POINT('',#5789);
#1562=VERTEX_POINT('',#5791);
#1563=VERTEX_POINT('',#6117);
#1564=VERTEX_POINT('',#6119);
#1565=VERTEX_POINT('',#6122);
#1566=VERTEX_POINT('',#6126);
#1567=VERTEX_POINT('',#6129);
#1568=VERTEX_POINT('',#6131);
#1569=VERTEX_POINT('',#6138);
#1570=VERTEX_POINT('',#6140);
#1571=VERTEX_POINT('',#6146);
#1572=VERTEX_POINT('',#6148);
#1573=VERTEX_POINT('',#6171);
#1574=VERTEX_POINT('',#6183);
#1575=VERTEX_POINT('',#6203);
#1576=VERTEX_POINT('',#6215);
#1577=VERTEX_POINT('',#6235);
#1578=VERTEX_POINT('',#6247);
#1579=VERTEX_POINT('',#6267);
#1580=VERTEX_POINT('',#6279);
#1581=VERTEX_POINT('',#6282);
#1582=VERTEX_POINT('',#6284);
#1583=VERTEX_POINT('',#6304);
#1584=VERTEX_POINT('',#6316);
#1585=VERTEX_POINT('',#6336);
#1586=VERTEX_POINT('',#6348);
#1587=VERTEX_POINT('',#6351);
#1588=VERTEX_POINT('',#6353);
#1589=VERTEX_POINT('',#6356);
#1590=VERTEX_POINT('',#6358);
#1591=VERTEX_POINT('',#6361);
#1592=VERTEX_POINT('',#6381);
#1593=VERTEX_POINT('',#6401);
#1594=VERTEX_POINT('',#6421);
#1595=VERTEX_POINT('',#6424);
#1596=VERTEX_POINT('',#6444);
#1597=VERTEX_POINT('',#6464);
#1598=VERTEX_POINT('',#6484);
#1599=VERTEX_POINT('',#6550);
#1600=VERTEX_POINT('',#6616);
#1601=VERTEX_POINT('',#6682);
#1602=VERTEX_POINT('',#6748);
#1603=VERTEX_POINT('',#6814);
#1604=VERTEX_POINT('',#6880);
#1605=LINE('',#2959,#1668);
#1606=LINE('',#2967,#1669);
#1607=LINE('',#2979,#1670);
#1608=LINE('',#2981,#1671);
#1609=LINE('',#2983,#1672);
#1610=LINE('',#2990,#1673);
#1611=LINE('',#2992,#1674);
#1612=LINE('',#2994,#1675);
#1613=LINE('',#3001,#1676);
#1614=LINE('',#3012,#1677);
#1615=LINE('',#3041,#1678);
#1616=LINE('',#3049,#1679);
#1617=LINE('',#3051,#1680);
#1618=LINE('',#3158,#1681);
#1619=LINE('',#3166,#1682);
#1620=LINE('',#3168,#1683);
#1621=LINE('',#3170,#1684);
#1622=LINE('',#3171,#1685);
#1623=LINE('',#5349,#1686);
#1624=LINE('',#5396,#1687);
#1625=LINE('',#5408,#1688);
#1626=LINE('',#5418,#1689);
#1627=LINE('',#5428,#1690);
#1628=LINE('',#5438,#1691);
#1629=LINE('',#5442,#1692);
#1630=LINE('',#5450,#1693);
#1631=LINE('',#5457,#1694);
#1632=LINE('',#5469,#1695);
#1633=LINE('',#5480,#1696);
#1634=LINE('',#5488,#1697);
#1635=LINE('',#5494,#1698);
#1636=LINE('',#5506,#1699);
#1637=LINE('',#5703,#1700);
#1638=LINE('',#5705,#1701);
#1639=LINE('',#5707,#1702);
#1640=LINE('',#5709,#1703);
#1641=LINE('',#5718,#1704);
#1642=LINE('',#5720,#1705);
#1643=LINE('',#5723,#1706);
#1644=LINE('',#5724,#1707);
#1645=LINE('',#5734,#1708);
#1646=LINE('',#5739,#1709);
#1647=LINE('',#5743,#1710);
#1648=LINE('',#5748,#1711);
#1649=LINE('',#5763,#1712);
#1650=LINE('',#5765,#1713);
#1651=LINE('',#5768,#1714);
#1652=LINE('',#5769,#1715);
#1653=LINE('',#5784,#1716);
#1654=LINE('',#5788,#1717);
#1655=LINE('',#6078,#1718);
#1656=LINE('',#6079,#1719);
#1657=LINE('',#6081,#1720);
#1658=LINE('',#6083,#1721);
#1659=LINE('',#6086,#1722);
#1660=LINE('',#6087,#1723);
#1661=LINE('',#6089,#1724);
#1662=LINE('',#6091,#1725);
#1663=LINE('',#6094,#1726);
#1664=LINE('',#6095,#1727);
#1665=LINE('',#6102,#1728);
#1666=LINE('',#6105,#1729);
#1667=LINE('',#6106,#1730);
#1668=VECTOR('',#2596,1.);
#1669=VECTOR('',#2597,1.);
#1670=VECTOR('',#2600,1.);
#1671=VECTOR('',#2601,1.);
#1672=VECTOR('',#2602,1.);
#1673=VECTOR('',#2605,1.);
#1674=VECTOR('',#2606,1.);
#1675=VECTOR('',#2607,1.);
#1676=VECTOR('',#2616,1.);
#1677=VECTOR('',#2617,1.);
#1678=VECTOR('',#2626,1.);
#1679=VECTOR('',#2627,1.);
#1680=VECTOR('',#2628,1.);
#1681=VECTOR('',#2641,1.);
#1682=VECTOR('',#2642,1.);
#1683=VECTOR('',#2643,1.);
#1684=VECTOR('',#2646,1.);
#1685=VECTOR('',#2647,1.);
#1686=VECTOR('',#2660,1.);
#1687=VECTOR('',#2673,1.);
#1688=VECTOR('',#2678,1.);
#1689=VECTOR('',#2683,1.);
#1690=VECTOR('',#2688,1.);
#1691=VECTOR('',#2693,1.);
#1692=VECTOR('',#2696,1.);
#1693=VECTOR('',#2699,1.);
#1694=VECTOR('',#2702,1.);
#1695=VECTOR('',#2705,1.);
#1696=VECTOR('',#2708,1.);
#1697=VECTOR('',#2709,1.);
#1698=VECTOR('',#2712,1.);
#1699=VECTOR('',#2715,1.);
#1700=VECTOR('',#2730,1.);
#1701=VECTOR('',#2733,1.);
#1702=VECTOR('',#2734,1.);
#1703=VECTOR('',#2735,1.);
#1704=VECTOR('',#2740,1.);
#1705=VECTOR('',#2743,1.);
#1706=VECTOR('',#2744,1.);
#1707=VECTOR('',#2745,1.);
#1708=VECTOR('',#2760,1.);
#1709=VECTOR('',#2763,1.);
#1710=VECTOR('',#2768,1.);
#1711=VECTOR('',#2771,1.);
#1712=VECTOR('',#2778,1.);
#1713=VECTOR('',#2781,1.);
#1714=VECTOR('',#2782,1.);
#1715=VECTOR('',#2783,1.);
#1716=VECTOR('',#2802,1.);
#1717=VECTOR('',#2807,1.);
#1718=VECTOR('',#2814,1.);
#1719=VECTOR('',#2815,1.);
#1720=VECTOR('',#2818,1.);
#1721=VECTOR('',#2821,1.);
#1722=VECTOR('',#2826,1.);
#1723=VECTOR('',#2827,1.);
#1724=VECTOR('',#2830,1.);
#1725=VECTOR('',#2833,1.);
#1726=VECTOR('',#2838,1.);
#1727=VECTOR('',#2839,1.);
#1728=VECTOR('',#2844,1.);
#1729=VECTOR('',#2849,1.);
#1730=VECTOR('',#2850,1.);
#1731=EDGE_LOOP('',(#430,#431,#432,#433));
#1732=EDGE_LOOP('',(#434,#435,#436,#437,#438,#439));
#1733=EDGE_LOOP('',(#440,#441,#442,#443));
#1734=EDGE_LOOP('',(#444));
#1735=EDGE_LOOP('',(#445));
#1736=EDGE_LOOP('',(#446,#447,#448,#449,#450,#451));
#1737=EDGE_LOOP('',(#452));
#1738=EDGE_LOOP('',(#453,#454,#455,#456));
#1739=EDGE_LOOP('',(#457));
#1740=EDGE_LOOP('',(#458,#459,#460,#461));
#1741=EDGE_LOOP('',(#462,#463,#464,#465));
#1742=EDGE_LOOP('',(#466,#467,#468,#469));
#1743=EDGE_LOOP('',(#470,#471,#472,#473));
#1744=EDGE_LOOP('',(#474,#475,#476,#477));
#1745=EDGE_LOOP('',(#478,#479,#480,#481));
#1746=EDGE_LOOP('',(#482,#483,#484,#485));
#1747=EDGE_LOOP('',(#486,#487,#488,#489));
#1748=EDGE_LOOP('',(#490,#491,#492,#493));
#1749=EDGE_LOOP('',(#494,#495,#496,#497));
#1750=EDGE_LOOP('',(#498,#499,#500,#501));
#1751=EDGE_LOOP('',(#502,#503,#504,#505,#506,#507,#508,#509));
#1752=EDGE_LOOP('',(#510,#511,#512,#513,#514,#515,#516,#517));
#1753=EDGE_LOOP('',(#518,#519,#520,#521));
#1754=EDGE_LOOP('',(#522,#523,#524,#525));
#1755=EDGE_LOOP('',(#526,#527,#528,#529));
#1756=EDGE_LOOP('',(#530,#531,#532,#533));
#1757=EDGE_LOOP('',(#534,#535,#536,#537));
#1758=EDGE_LOOP('',(#538,#539,#540,#541));
#1759=EDGE_LOOP('',(#542,#543,#544,#545));
#1760=EDGE_LOOP('',(#546,#547,#548,#549));
#1761=EDGE_LOOP('',(#550,#551,#552,#553));
#1762=EDGE_LOOP('',(#554,#555,#556,#557));
#1763=EDGE_LOOP('',(#558,#559,#560,#561));
#1764=EDGE_LOOP('',(#562,#563,#564,#565));
#1765=EDGE_LOOP('',(#566,#567,#568,#569));
#1766=EDGE_LOOP('',(#570,#571,#572,#573));
#1767=EDGE_LOOP('',(#574,#575,#576,#577));
#1768=EDGE_LOOP('',(#578,#579,#580,#581));
#1769=EDGE_LOOP('',(#582,#583,#584,#585,#586));
#1770=EDGE_LOOP('',(#587,#588,#589,#590,#591));
#1771=EDGE_LOOP('',(#592,#593,#594,#595));
#1772=EDGE_LOOP('',(#596,#597,#598,#599));
#1773=EDGE_LOOP('',(#600,#601,#602,#603));
#1774=EDGE_LOOP('',(#604,#605,#606,#607));
#1775=EDGE_LOOP('',(#608,#609,#610,#611,#612));
#1776=EDGE_LOOP('',(#613,#614,#615,#616,#617,#618));
#1777=EDGE_LOOP('',(#619,#620,#621,#622,#623,#624));
#1778=EDGE_LOOP('',(#625,#626,#627,#628,#629,#630));
#1779=EDGE_LOOP('',(#631,#632,#633,#634,#635,#636));
#1780=EDGE_LOOP('',(#637,#638,#639,#640,#641,#642));
#1781=EDGE_LOOP('',(#643,#644,#645,#646,#647));
#1782=EDGE_LOOP('',(#648,#649,#650,#651));
#1783=EDGE_LOOP('',(#652,#653,#654,#655));
#1784=EDGE_LOOP('',(#656,#657,#658,#659));
#1785=EDGE_LOOP('',(#660,#661,#662,#663));
#1786=EDGE_LOOP('',(#664,#665,#666,#667,#668,#669));
#1787=EDGE_LOOP('',(#670,#671,#672,#673,#674,#675));
#1788=EDGE_LOOP('',(#676,#677,#678,#679,#680,#681));
#1789=EDGE_LOOP('',(#682,#683,#684,#685,#686,#687));
#1790=EDGE_LOOP('',(#688,#689,#690,#691));
#1791=EDGE_LOOP('',(#692,#693,#694,#695));
#1792=EDGE_LOOP('',(#696,#697,#698,#699,#700,#701));
#1793=EDGE_LOOP('',(#702,#703));
#1794=EDGE_LOOP('',(#704,#705,#706,#707,#708,#709,#710));
#1795=EDGE_LOOP('',(#711,#712));
#1796=EDGE_LOOP('',(#713,#714,#715));
#1797=EDGE_LOOP('',(#716,#717,#718));
#1798=EDGE_LOOP('',(#719,#720,#721));
#1799=EDGE_LOOP('',(#722,#723,#724));
#1800=EDGE_LOOP('',(#725,#726,#727));
#1801=EDGE_LOOP('',(#728,#729,#730,#731,#732,#733,#734,#735));
#1802=EDGE_LOOP('',(#736,#737,#738,#739));
#1803=EDGE_LOOP('',(#740,#741,#742,#743));
#1804=EDGE_LOOP('',(#744,#745,#746,#747));
#1805=EDGE_LOOP('',(#748,#749,#750,#751));
#1806=EDGE_LOOP('',(#752,#753,#754,#755));
#1807=EDGE_LOOP('',(#756,#757,#758,#759,#760,#761,#762,#763,#764,#765,#766,
#767));
#1808=EDGE_LOOP('',(#768,#769,#770,#771,#772,#773,#774,#775,#776,#777,#778,
#779));
#1809=EDGE_LOOP('',(#780,#781,#782));
#1810=EDGE_LOOP('',(#783,#784,#785,#786,#787,#788));
#1811=EDGE_LOOP('',(#789,#790,#791));
#1812=EDGE_LOOP('',(#792,#793,#794,#795,#796,#797));
#1813=EDGE_LOOP('',(#798));
#1814=EDGE_LOOP('',(#799));
#1815=EDGE_LOOP('',(#800,#801,#802,#803));
#1816=EDGE_LOOP('',(#804,#805,#806,#807));
#1817=EDGE_LOOP('',(#808));
#1818=EDGE_LOOP('',(#809,#810,#811,#812));
#1819=EDGE_LOOP('',(#813));
#1820=EDGE_LOOP('',(#814,#815,#816));
#1821=EDGE_LOOP('',(#817,#818,#819));
#1822=EDGE_LOOP('',(#820,#821,#822,#823,#824,#825));
#1823=EDGE_LOOP('',(#826,#827,#828,#829));
#1824=EDGE_LOOP('',(#830));
#1825=EDGE_LOOP('',(#831));
#1826=EDGE_LOOP('',(#832,#833,#834,#835));
#1827=EDGE_LOOP('',(#836));
#1828=EDGE_LOOP('',(#837,#838,#839,#840));
#1829=EDGE_LOOP('',(#841));
#1830=EDGE_LOOP('',(#842,#843,#844,#845,#846,#847,#848,#849));
#1831=EDGE_LOOP('',(#850,#851,#852,#853));
#1832=EDGE_LOOP('',(#854,#855,#856,#857,#858,#859));
#1833=EDGE_LOOP('',(#860,#861,#862,#863,#864,#865,#866,#867));
#1834=EDGE_LOOP('',(#868,#869,#870,#871));
#1835=EDGE_LOOP('',(#872,#873,#874,#875,#876,#877));
#1836=EDGE_LOOP('',(#878,#879,#880,#881,#882,#883));
#1837=EDGE_LOOP('',(#884,#885,#886,#887));
#1838=EDGE_LOOP('',(#888,#889,#890,#891,#892,#893));
#1839=EDGE_LOOP('',(#894,#895,#896,#897,#898,#899));
#1840=EDGE_LOOP('',(#900,#901,#902,#903));
#1841=EDGE_LOOP('',(#904,#905,#906,#907,#908,#909));
#1842=EDGE_LOOP('',(#910,#911,#912,#913));
#1843=EDGE_LOOP('',(#914,#915,#916,#917));
#1844=EDGE_LOOP('',(#918,#919,#920,#921));
#1845=EDGE_LOOP('',(#922,#923,#924,#925,#926,#927,#928,#929));
#1846=EDGE_LOOP('',(#930,#931,#932,#933));
#1847=EDGE_LOOP('',(#934,#935,#936,#937));
#1848=EDGE_LOOP('',(#938,#939,#940,#941));
#1849=EDGE_LOOP('',(#942,#943,#944,#945,#946,#947,#948,#949));
#1850=EDGE_LOOP('',(#950,#951,#952,#953));
#1851=EDGE_LOOP('',(#954,#955,#956,#957,#958,#959));
#1852=EDGE_LOOP('',(#960,#961,#962,#963));
#1853=EDGE_LOOP('',(#964,#965,#966,#967,#968,#969,#970));
#1854=EDGE_LOOP('',(#971,#972,#973,#974));
#1855=EDGE_LOOP('',(#975,#976,#977,#978,#979,#980));
#1856=EDGE_LOOP('',(#981,#982,#983,#984));
#1857=EDGE_LOOP('',(#985,#986,#987));
#1858=EDGE_LOOP('',(#988));
#1859=EDGE_LOOP('',(#989));
#1860=EDGE_LOOP('',(#990));
#1861=EDGE_LOOP('',(#991));
#1862=EDGE_LOOP('',(#992));
#1863=EDGE_LOOP('',(#993));
#1864=EDGE_LOOP('',(#994));
#1865=EDGE_LOOP('',(#995));
#1866=EDGE_LOOP('',(#996));
#1867=EDGE_LOOP('',(#997));
#1868=EDGE_LOOP('',(#998));
#1869=EDGE_LOOP('',(#999));
#1870=EDGE_LOOP('',(#1000));
#1871=EDGE_LOOP('',(#1001));
#1872=EDGE_LOOP('',(#1002));
#1873=EDGE_LOOP('',(#1003));
#1874=EDGE_LOOP('',(#1004));
#1875=EDGE_LOOP('',(#1005));
#1876=EDGE_LOOP('',(#1006));
#1877=EDGE_LOOP('',(#1007));
#1878=EDGE_LOOP('',(#1008));
#1879=EDGE_LOOP('',(#1009));
#1880=EDGE_LOOP('',(#1010));
#1881=EDGE_LOOP('',(#1011));
#1882=EDGE_LOOP('',(#1012));
#1883=EDGE_LOOP('',(#1013));
#1884=EDGE_LOOP('',(#1014));
#1885=EDGE_LOOP('',(#1015));
#1886=EDGE_LOOP('',(#1016));
#1887=EDGE_LOOP('',(#1017));
#1888=EDGE_LOOP('',(#1018));
#1889=EDGE_LOOP('',(#1019));
#1890=EDGE_LOOP('',(#1020));
#1891=EDGE_LOOP('',(#1021));
#1892=EDGE_LOOP('',(#1022));
#1893=EDGE_LOOP('',(#1023));
#1894=EDGE_LOOP('',(#1024));
#1895=EDGE_LOOP('',(#1025));
#1896=EDGE_LOOP('',(#1026));
#1897=EDGE_LOOP('',(#1027));
#1898=EDGE_LOOP('',(#1028));
#1899=EDGE_LOOP('',(#1029));
#1900=EDGE_LOOP('',(#1030));
#1901=EDGE_LOOP('',(#1031));
#1902=EDGE_LOOP('',(#1032));
#1903=EDGE_LOOP('',(#1033));
#1904=EDGE_LOOP('',(#1034));
#1905=EDGE_LOOP('',(#1035));
#1906=EDGE_LOOP('',(#1036));
#1907=EDGE_LOOP('',(#1037));
#1908=EDGE_LOOP('',(#1038));
#1909=EDGE_LOOP('',(#1039));
#1910=EDGE_LOOP('',(#1040));
#1911=EDGE_LOOP('',(#1041));
#1912=EDGE_LOOP('',(#1042));
#1913=EDGE_LOOP('',(#1043));
#1914=EDGE_LOOP('',(#1044));
#1915=EDGE_LOOP('',(#1045));
#1916=EDGE_LOOP('',(#1046));
#1917=EDGE_LOOP('',(#1047));
#1918=EDGE_LOOP('',(#1048));
#1919=EDGE_LOOP('',(#1049));
#1920=EDGE_LOOP('',(#1050));
#1921=EDGE_LOOP('',(#1051));
#1922=EDGE_LOOP('',(#1052));
#1923=EDGE_LOOP('',(#1053));
#1924=EDGE_LOOP('',(#1054));
#1925=EDGE_LOOP('',(#1055));
#1926=EDGE_LOOP('',(#1056));
#1927=EDGE_LOOP('',(#1057));
#1928=EDGE_LOOP('',(#1058));
#1929=EDGE_LOOP('',(#1059));
#1930=EDGE_LOOP('',(#1060));
#1931=EDGE_LOOP('',(#1061));
#1932=EDGE_LOOP('',(#1062));
#1933=EDGE_LOOP('',(#1063));
#1934=EDGE_LOOP('',(#1064));
#1935=EDGE_LOOP('',(#1065));
#1936=EDGE_LOOP('',(#1066));
#1937=EDGE_LOOP('',(#1067));
#1938=EDGE_LOOP('',(#1068));
#1939=EDGE_LOOP('',(#1069));
#1940=EDGE_LOOP('',(#1070));
#1941=EDGE_LOOP('',(#1071));
#1942=FACE_BOUND('',#1731,.T.);
#1943=FACE_BOUND('',#1732,.T.);
#1944=FACE_BOUND('',#1733,.T.);
#1945=FACE_BOUND('',#1734,.T.);
#1946=FACE_BOUND('',#1735,.T.);
#1947=FACE_BOUND('',#1736,.T.);
#1948=FACE_BOUND('',#1737,.T.);
#1949=FACE_BOUND('',#1738,.T.);
#1950=FACE_BOUND('',#1739,.T.);
#1951=FACE_BOUND('',#1740,.T.);
#1952=FACE_BOUND('',#1741,.T.);
#1953=FACE_BOUND('',#1742,.T.);
#1954=FACE_BOUND('',#1743,.T.);
#1955=FACE_BOUND('',#1744,.T.);
#1956=FACE_BOUND('',#1745,.T.);
#1957=FACE_BOUND('',#1746,.T.);
#1958=FACE_BOUND('',#1747,.T.);
#1959=FACE_BOUND('',#1748,.T.);
#1960=FACE_BOUND('',#1749,.T.);
#1961=FACE_BOUND('',#1750,.T.);
#1962=FACE_BOUND('',#1751,.T.);
#1963=FACE_BOUND('',#1752,.T.);
#1964=FACE_BOUND('',#1753,.T.);
#1965=FACE_BOUND('',#1754,.T.);
#1966=FACE_BOUND('',#1755,.T.);
#1967=FACE_BOUND('',#1756,.T.);
#1968=FACE_BOUND('',#1757,.T.);
#1969=FACE_BOUND('',#1758,.T.);
#1970=FACE_BOUND('',#1759,.T.);
#1971=FACE_BOUND('',#1760,.T.);
#1972=FACE_BOUND('',#1761,.T.);
#1973=FACE_BOUND('',#1762,.T.);
#1974=FACE_BOUND('',#1763,.T.);
#1975=FACE_BOUND('',#1764,.T.);
#1976=FACE_BOUND('',#1765,.T.);
#1977=FACE_BOUND('',#1766,.T.);
#1978=FACE_BOUND('',#1767,.T.);
#1979=FACE_BOUND('',#1768,.T.);
#1980=FACE_BOUND('',#1769,.T.);
#1981=FACE_BOUND('',#1770,.T.);
#1982=FACE_BOUND('',#1771,.T.);
#1983=FACE_BOUND('',#1772,.T.);
#1984=FACE_BOUND('',#1773,.T.);
#1985=FACE_BOUND('',#1774,.T.);
#1986=FACE_BOUND('',#1775,.T.);
#1987=FACE_BOUND('',#1776,.T.);
#1988=FACE_BOUND('',#1777,.T.);
#1989=FACE_BOUND('',#1778,.T.);
#1990=FACE_BOUND('',#1779,.T.);
#1991=FACE_BOUND('',#1780,.T.);
#1992=FACE_BOUND('',#1781,.T.);
#1993=FACE_BOUND('',#1782,.T.);
#1994=FACE_BOUND('',#1783,.T.);
#1995=FACE_BOUND('',#1784,.T.);
#1996=FACE_BOUND('',#1785,.T.);
#1997=FACE_BOUND('',#1786,.T.);
#1998=FACE_BOUND('',#1787,.T.);
#1999=FACE_BOUND('',#1788,.T.);
#2000=FACE_BOUND('',#1789,.T.);
#2001=FACE_BOUND('',#1790,.T.);
#2002=FACE_BOUND('',#1791,.T.);
#2003=FACE_BOUND('',#1792,.T.);
#2004=FACE_BOUND('',#1793,.T.);
#2005=FACE_BOUND('',#1794,.T.);
#2006=FACE_BOUND('',#1795,.T.);
#2007=FACE_BOUND('',#1796,.T.);
#2008=FACE_BOUND('',#1797,.T.);
#2009=FACE_BOUND('',#1798,.T.);
#2010=FACE_BOUND('',#1799,.T.);
#2011=FACE_BOUND('',#1800,.T.);
#2012=FACE_BOUND('',#1801,.T.);
#2013=FACE_BOUND('',#1802,.T.);
#2014=FACE_BOUND('',#1803,.T.);
#2015=FACE_BOUND('',#1804,.T.);
#2016=FACE_BOUND('',#1805,.T.);
#2017=FACE_BOUND('',#1806,.T.);
#2018=FACE_BOUND('',#1807,.T.);
#2019=FACE_BOUND('',#1808,.T.);
#2020=FACE_BOUND('',#1809,.T.);
#2021=FACE_BOUND('',#1810,.T.);
#2022=FACE_BOUND('',#1811,.T.);
#2023=FACE_BOUND('',#1812,.T.);
#2024=FACE_BOUND('',#1813,.T.);
#2025=FACE_BOUND('',#1814,.T.);
#2026=FACE_BOUND('',#1815,.T.);
#2027=FACE_BOUND('',#1816,.T.);
#2028=FACE_BOUND('',#1817,.T.);
#2029=FACE_BOUND('',#1818,.T.);
#2030=FACE_BOUND('',#1819,.T.);
#2031=FACE_BOUND('',#1820,.T.);
#2032=FACE_BOUND('',#1821,.T.);
#2033=FACE_BOUND('',#1822,.T.);
#2034=FACE_BOUND('',#1823,.T.);
#2035=FACE_BOUND('',#1824,.T.);
#2036=FACE_BOUND('',#1825,.T.);
#2037=FACE_BOUND('',#1826,.T.);
#2038=FACE_BOUND('',#1827,.T.);
#2039=FACE_BOUND('',#1828,.T.);
#2040=FACE_BOUND('',#1829,.T.);
#2041=FACE_BOUND('',#1830,.T.);
#2042=FACE_BOUND('',#1831,.T.);
#2043=FACE_BOUND('',#1832,.T.);
#2044=FACE_BOUND('',#1833,.T.);
#2045=FACE_BOUND('',#1834,.T.);
#2046=FACE_BOUND('',#1835,.T.);
#2047=FACE_BOUND('',#1836,.T.);
#2048=FACE_BOUND('',#1837,.T.);
#2049=FACE_BOUND('',#1838,.T.);
#2050=FACE_BOUND('',#1839,.T.);
#2051=FACE_BOUND('',#1840,.T.);
#2052=FACE_BOUND('',#1841,.T.);
#2053=FACE_BOUND('',#1842,.T.);
#2054=FACE_BOUND('',#1843,.T.);
#2055=FACE_BOUND('',#1844,.T.);
#2056=FACE_BOUND('',#1845,.T.);
#2057=FACE_BOUND('',#1846,.T.);
#2058=FACE_BOUND('',#1847,.T.);
#2059=FACE_BOUND('',#1848,.T.);
#2060=FACE_BOUND('',#1849,.T.);
#2061=FACE_BOUND('',#1850,.T.);
#2062=FACE_BOUND('',#1851,.T.);
#2063=FACE_BOUND('',#1852,.T.);
#2064=FACE_BOUND('',#1853,.T.);
#2065=FACE_BOUND('',#1854,.T.);
#2066=FACE_BOUND('',#1855,.T.);
#2067=FACE_BOUND('',#1856,.T.);
#2068=FACE_BOUND('',#1857,.T.);
#2069=FACE_BOUND('',#1858,.T.);
#2070=FACE_BOUND('',#1859,.T.);
#2071=FACE_BOUND('',#1860,.T.);
#2072=FACE_BOUND('',#1861,.T.);
#2073=FACE_BOUND('',#1862,.T.);
#2074=FACE_BOUND('',#1863,.T.);
#2075=FACE_BOUND('',#1864,.T.);
#2076=FACE_BOUND('',#1865,.T.);
#2077=FACE_BOUND('',#1866,.T.);
#2078=FACE_BOUND('',#1867,.T.);
#2079=FACE_BOUND('',#1868,.T.);
#2080=FACE_BOUND('',#1869,.T.);
#2081=FACE_BOUND('',#1870,.T.);
#2082=FACE_BOUND('',#1871,.T.);
#2083=FACE_BOUND('',#1872,.T.);
#2084=FACE_BOUND('',#1873,.T.);
#2085=FACE_BOUND('',#1874,.T.);
#2086=FACE_BOUND('',#1875,.T.);
#2087=FACE_BOUND('',#1876,.T.);
#2088=FACE_BOUND('',#1877,.T.);
#2089=FACE_BOUND('',#1878,.T.);
#2090=FACE_BOUND('',#1879,.T.);
#2091=FACE_BOUND('',#1880,.T.);
#2092=FACE_BOUND('',#1881,.T.);
#2093=FACE_BOUND('',#1882,.T.);
#2094=FACE_BOUND('',#1883,.T.);
#2095=FACE_BOUND('',#1884,.T.);
#2096=FACE_BOUND('',#1885,.T.);
#2097=FACE_BOUND('',#1886,.T.);
#2098=FACE_BOUND('',#1887,.T.);
#2099=FACE_BOUND('',#1888,.T.);
#2100=FACE_BOUND('',#1889,.T.);
#2101=FACE_BOUND('',#1890,.T.);
#2102=FACE_BOUND('',#1891,.T.);
#2103=FACE_BOUND('',#1892,.T.);
#2104=FACE_BOUND('',#1893,.T.);
#2105=FACE_BOUND('',#1894,.T.);
#2106=FACE_BOUND('',#1895,.T.);
#2107=FACE_BOUND('',#1896,.T.);
#2108=FACE_BOUND('',#1897,.T.);
#2109=FACE_BOUND('',#1898,.T.);
#2110=FACE_BOUND('',#1899,.T.);
#2111=FACE_BOUND('',#1900,.T.);
#2112=FACE_BOUND('',#1901,.T.);
#2113=FACE_BOUND('',#1902,.T.);
#2114=FACE_BOUND('',#1903,.T.);
#2115=FACE_BOUND('',#1904,.T.);
#2116=FACE_BOUND('',#1905,.T.);
#2117=FACE_BOUND('',#1906,.T.);
#2118=FACE_BOUND('',#1907,.T.);
#2119=FACE_BOUND('',#1908,.T.);
#2120=FACE_BOUND('',#1909,.T.);
#2121=FACE_BOUND('',#1910,.T.);
#2122=FACE_BOUND('',#1911,.T.);
#2123=FACE_BOUND('',#1912,.T.);
#2124=FACE_BOUND('',#1913,.T.);
#2125=FACE_BOUND('',#1914,.T.);
#2126=FACE_BOUND('',#1915,.T.);
#2127=FACE_BOUND('',#1916,.T.);
#2128=FACE_BOUND('',#1917,.T.);
#2129=FACE_BOUND('',#1918,.T.);
#2130=FACE_BOUND('',#1919,.T.);
#2131=FACE_BOUND('',#1920,.T.);
#2132=FACE_BOUND('',#1921,.T.);
#2133=FACE_BOUND('',#1922,.T.);
#2134=FACE_BOUND('',#1923,.T.);
#2135=FACE_BOUND('',#1924,.T.);
#2136=FACE_BOUND('',#1925,.T.);
#2137=FACE_BOUND('',#1926,.T.);
#2138=FACE_BOUND('',#1927,.T.);
#2139=FACE_BOUND('',#1928,.T.);
#2140=FACE_BOUND('',#1929,.T.);
#2141=FACE_BOUND('',#1930,.T.);
#2142=FACE_BOUND('',#1931,.T.);
#2143=FACE_BOUND('',#1932,.T.);
#2144=FACE_BOUND('',#1933,.T.);
#2145=FACE_BOUND('',#1934,.T.);
#2146=FACE_BOUND('',#1935,.T.);
#2147=FACE_BOUND('',#1936,.T.);
#2148=FACE_BOUND('',#1937,.T.);
#2149=FACE_BOUND('',#1938,.T.);
#2150=FACE_BOUND('',#1939,.T.);
#2151=FACE_BOUND('',#1940,.T.);
#2152=FACE_BOUND('',#1941,.T.);
#2153=PLANE('',#2442);
#2154=PLANE('',#2443);
#2155=PLANE('',#2444);
#2156=PLANE('',#2448);
#2157=PLANE('',#2449);
#2158=PLANE('',#2450);
#2159=PLANE('',#2452);
#2160=PLANE('',#2453);
#2161=PLANE('',#2454);
#2162=PLANE('',#2455);
#2163=PLANE('',#2456);
#2164=PLANE('',#2457);
#2165=PLANE('',#2458);
#2166=PLANE('',#2459);
#2167=PLANE('',#2460);
#2168=PLANE('',#2461);
#2169=PLANE('',#2482);
#2170=PLANE('',#2485);
#2171=PLANE('',#2487);
#2172=PLANE('',#2490);
#2173=PLANE('',#2494);
#2174=PLANE('',#2497);
#2175=PLANE('',#2504);
#2176=PLANE('',#2507);
#2177=PLANE('',#2512);
#2178=PLANE('',#2519);
#2179=PLANE('',#2523);
#2180=PLANE('',#2527);
#2181=PLANE('',#2528);
#2182=PLANE('',#2531);
#2183=PLANE('',#2532);
#2184=PLANE('',#2536);
#2185=PLANE('',#2540);
#2186=PLANE('',#2546);
#2187=PLANE('',#2548);
#2188=PLANE('',#2554);
#2189=PLANE('',#2555);
#2190=PLANE('',#2561);
#2191=PLANE('',#2562);
#2192=PLANE('',#2567);
#2193=PLANE('',#2568);
#2194=PLANE('',#2585);
#2195=PLANE('',#2587);
#2196=ADVANCED_FACE('',(#1942),#2153,.T.);
#2197=ADVANCED_FACE('',(#1943),#2154,.F.);
#2198=ADVANCED_FACE('',(#1944),#2155,.T.);
#2199=ADVANCED_FACE('',(#1945,#1946),#207,.F.);
#2200=ADVANCED_FACE('',(#1947),#2156,.F.);
#2201=ADVANCED_FACE('',(#1948,#1949),#2157,.F.);
#2202=ADVANCED_FACE('',(#1950,#1951),#2158,.T.);
#2203=ADVANCED_FACE('',(#1952),#92,.T.);
#2204=ADVANCED_FACE('',(#1953),#93,.T.);
#2205=ADVANCED_FACE('',(#1954),#2159,.F.);
#2206=ADVANCED_FACE('',(#1955),#2160,.F.);
#2207=ADVANCED_FACE('',(#1956),#2161,.F.);
#2208=ADVANCED_FACE('',(#1957),#2162,.T.);
#2209=ADVANCED_FACE('',(#1958),#2163,.T.);
#2210=ADVANCED_FACE('',(#1959),#2164,.F.);
#2211=ADVANCED_FACE('',(#1960),#2165,.F.);
#2212=ADVANCED_FACE('',(#1961),#2166,.F.);
#2213=ADVANCED_FACE('',(#1962),#2167,.T.);
#2214=ADVANCED_FACE('',(#1963),#2168,.F.);
#2215=ADVANCED_FACE('',(#1964),#94,.T.);
#2216=ADVANCED_FACE('',(#1965),#95,.T.);
#2217=ADVANCED_FACE('',(#1966),#96,.T.);
#2218=ADVANCED_FACE('',(#1967),#97,.T.);
#2219=ADVANCED_FACE('',(#1968),#98,.T.);
#2220=ADVANCED_FACE('',(#1969),#99,.T.);
#2221=ADVANCED_FACE('',(#1970),#100,.T.);
#2222=ADVANCED_FACE('',(#1971),#101,.T.);
#2223=ADVANCED_FACE('',(#1972),#102,.T.);
#2224=ADVANCED_FACE('',(#1973),#103,.T.);
#2225=ADVANCED_FACE('',(#1974),#104,.T.);
#2226=ADVANCED_FACE('',(#1975),#105,.T.);
#2227=ADVANCED_FACE('',(#1976),#106,.T.);
#2228=ADVANCED_FACE('',(#1977),#107,.T.);
#2229=ADVANCED_FACE('',(#1978),#108,.T.);
#2230=ADVANCED_FACE('',(#1979),#109,.T.);
#2231=ADVANCED_FACE('',(#1980),#110,.T.);
#2232=ADVANCED_FACE('',(#1981),#111,.T.);
#2233=ADVANCED_FACE('',(#1982),#112,.T.);
#2234=ADVANCED_FACE('',(#1983),#113,.T.);
#2235=ADVANCED_FACE('',(#1984),#114,.T.);
#2236=ADVANCED_FACE('',(#1985),#115,.T.);
#2237=ADVANCED_FACE('',(#1986),#116,.T.);
#2238=ADVANCED_FACE('',(#1987),#117,.T.);
#2239=ADVANCED_FACE('',(#1988),#118,.T.);
#2240=ADVANCED_FACE('',(#1989),#119,.T.);
#2241=ADVANCED_FACE('',(#1990),#120,.T.);
#2242=ADVANCED_FACE('',(#1991),#121,.T.);
#2243=ADVANCED_FACE('',(#1992),#122,.T.);
#2244=ADVANCED_FACE('',(#1993),#123,.T.);
#2245=ADVANCED_FACE('',(#1994),#124,.T.);
#2246=ADVANCED_FACE('',(#1995),#125,.T.);
#2247=ADVANCED_FACE('',(#1996),#126,.T.);
#2248=ADVANCED_FACE('',(#1997),#127,.T.);
#2249=ADVANCED_FACE('',(#1998),#128,.T.);
#2250=ADVANCED_FACE('',(#1999),#129,.T.);
#2251=ADVANCED_FACE('',(#2000),#130,.T.);
#2252=ADVANCED_FACE('',(#2001),#131,.T.);
#2253=ADVANCED_FACE('',(#2002),#132,.T.);
#2254=ADVANCED_FACE('',(#2003),#133,.T.);
#2255=ADVANCED_FACE('',(#2004),#30,.F.);
#2256=ADVANCED_FACE('',(#2005),#31,.T.);
#2257=ADVANCED_FACE('',(#2006),#32,.F.);
#2258=ADVANCED_FACE('',(#2007),#33,.T.);
#2259=ADVANCED_FACE('',(#2008),#208,.T.);
#2260=ADVANCED_FACE('',(#2009),#209,.T.);
#2261=ADVANCED_FACE('',(#2010),#210,.T.);
#2262=ADVANCED_FACE('',(#2011),#211,.T.);
#2263=ADVANCED_FACE('',(#2012),#212,.F.);
#2264=ADVANCED_FACE('',(#2013),#2169,.F.);
#2265=ADVANCED_FACE('',(#2014),#213,.F.);
#2266=ADVANCED_FACE('',(#2015),#214,.F.);
#2267=ADVANCED_FACE('',(#2016),#2170,.T.);
#2268=ADVANCED_FACE('',(#2017),#215,.F.);
#2269=ADVANCED_FACE('',(#2018),#2171,.T.);
#2270=ADVANCED_FACE('',(#2019),#2172,.F.);
#2271=ADVANCED_FACE('',(#2020),#216,.T.);
#2272=ADVANCED_FACE('',(#2021),#2173,.T.);
#2273=ADVANCED_FACE('',(#2022),#217,.T.);
#2274=ADVANCED_FACE('',(#2023),#2174,.T.);
#2275=ADVANCED_FACE('',(#2024,#2025),#218,.F.);
#2276=ADVANCED_FACE('',(#2026),#219,.T.);
#2277=ADVANCED_FACE('',(#2027,#2028),#2175,.T.);
#2278=ADVANCED_FACE('',(#2029,#2030),#2176,.F.);
#2279=ADVANCED_FACE('',(#2031),#220,.T.);
#2280=ADVANCED_FACE('',(#2032),#221,.T.);
#2281=ADVANCED_FACE('',(#2033),#2177,.T.);
#2282=ADVANCED_FACE('',(#2034),#222,.T.);
#2283=ADVANCED_FACE('',(#2035,#2036),#223,.F.);
#2284=ADVANCED_FACE('',(#2037,#2038),#2178,.T.);
#2285=ADVANCED_FACE('',(#2039,#2040),#2179,.F.);
#2286=ADVANCED_FACE('',(#2041),#134,.T.);
#2287=ADVANCED_FACE('',(#2042),#135,.T.);
#2288=ADVANCED_FACE('',(#2043),#10,.T.);
#2289=ADVANCED_FACE('',(#2044),#136,.T.);
#2290=ADVANCED_FACE('',(#2045),#137,.T.);
#2291=ADVANCED_FACE('',(#2046),#11,.T.);
#2292=ADVANCED_FACE('',(#2047),#12,.T.);
#2293=ADVANCED_FACE('',(#2048),#138,.T.);
#2294=ADVANCED_FACE('',(#2049),#13,.T.);
#2295=ADVANCED_FACE('',(#2050),#14,.T.);
#2296=ADVANCED_FACE('',(#2051),#139,.T.);
#2297=ADVANCED_FACE('',(#2052),#15,.T.);
#2298=ADVANCED_FACE('',(#2053),#34,.T.);
#2299=ADVANCED_FACE('',(#2054),#2180,.F.);
#2300=ADVANCED_FACE('',(#2055),#2181,.F.);
#2301=ADVANCED_FACE('',(#2056),#35,.T.);
#2302=ADVANCED_FACE('',(#2057),#36,.T.);
#2303=ADVANCED_FACE('',(#2058),#2182,.T.);
#2304=ADVANCED_FACE('',(#2059),#2183,.T.);
#2305=ADVANCED_FACE('',(#2060),#37,.T.);
#2306=ADVANCED_FACE('',(#2061),#38,.T.);
#2307=ADVANCED_FACE('',(#2062),#39,.F.);
#2308=ADVANCED_FACE('',(#2063),#2184,.F.);
#2309=ADVANCED_FACE('',(#2064),#40,.T.);
#2310=ADVANCED_FACE('',(#2065),#41,.T.);
#2311=ADVANCED_FACE('',(#2066),#42,.F.);
#2312=ADVANCED_FACE('',(#2067),#2185,.T.);
#2313=ADVANCED_FACE('',(#2068),#43,.T.);
#2314=ADVANCED_FACE('',(#2069,#2070),#224,.T.);
#2315=ADVANCED_FACE('',(#2071,#2072),#2186,.T.);
#2316=ADVANCED_FACE('',(#2073),#2187,.F.);
#2317=ADVANCED_FACE('',(#2074,#2075),#225,.T.);
#2318=ADVANCED_FACE('',(#2076,#2077),#226,.T.);
#2319=ADVANCED_FACE('',(#2078),#2188,.T.);
#2320=ADVANCED_FACE('',(#2079,#2080),#2189,.F.);
#2321=ADVANCED_FACE('',(#2081,#2082),#227,.T.);
#2322=ADVANCED_FACE('',(#2083),#2190,.T.);
#2323=ADVANCED_FACE('',(#2084),#2191,.F.);
#2324=ADVANCED_FACE('',(#2085,#2086),#228,.T.);
#2325=ADVANCED_FACE('',(#2087),#2192,.T.);
#2326=ADVANCED_FACE('',(#2088),#2193,.F.);
#2327=ADVANCED_FACE('',(#2089,#2090),#229,.F.);
#2328=ADVANCED_FACE('',(#2091,#2092),#230,.F.);
#2329=ADVANCED_FACE('',(#2093,#2094),#231,.F.);
#2330=ADVANCED_FACE('',(#2095,#2096),#232,.F.);
#2331=ADVANCED_FACE('',(#2097,#2098),#233,.T.);
#2332=ADVANCED_FACE('',(#2099,#2100),#234,.F.);
#2333=ADVANCED_FACE('',(#2101,#2102),#235,.F.);
#2334=ADVANCED_FACE('',(#2103,#2104),#236,.F.);
#2335=ADVANCED_FACE('',(#2105,#2106),#237,.F.);
#2336=ADVANCED_FACE('',(#2107,#2108,#2109,#2110,#2111,#2112),#2194,.T.);
#2337=ADVANCED_FACE('',(#2113,#2114,#2115,#2116,#2117,#2118),#2195,.F.);
#2338=ADVANCED_FACE('',(#2119,#2120),#140,.T.);
#2339=ADVANCED_FACE('',(#2121,#2122),#141,.T.);
#2340=ADVANCED_FACE('',(#2123,#2124),#142,.T.);
#2341=ADVANCED_FACE('',(#2125,#2126),#143,.T.);
#2342=ADVANCED_FACE('',(#2127,#2128),#144,.T.);
#2343=ADVANCED_FACE('',(#2129,#2130),#145,.T.);
#2344=ADVANCED_FACE('',(#2131,#2132),#146,.T.);
#2345=ADVANCED_FACE('',(#2133,#2134),#147,.T.);
#2346=ADVANCED_FACE('',(#2135,#2136),#148,.T.);
#2347=ADVANCED_FACE('',(#2137,#2138),#149,.T.);
#2348=ADVANCED_FACE('',(#2139,#2140),#150,.T.);
#2349=ADVANCED_FACE('',(#2141,#2142),#151,.T.);
#2350=ADVANCED_FACE('',(#2143,#2144),#44,.T.);
#2351=ADVANCED_FACE('',(#2145,#2146),#45,.T.);
#2352=ADVANCED_FACE('',(#2147,#2148),#152,.F.);
#2353=ADVANCED_FACE('',(#2149,#2150),#153,.F.);
#2354=ADVANCED_FACE('',(#2151,#2152),#154,.F.);
#2355=CLOSED_SHELL('',(#2196,#2197,#2198,#2199,#2200,#2201,#2202,#2203,
#2204));
#2356=CLOSED_SHELL('',(#2205,#2206,#2207,#2208,#2209,#2210,#2211,#2212,
#2213,#2214,#2215,#2216,#2217,#2218,#2219,#2220,#2221,#2222,#2223,#2224,
#2225,#2226,#2227,#2228,#2229,#2230,#2231,#2232,#2233,#2234,#2235,#2236,
#2237,#2238,#2239,#2240,#2241,#2242,#2243,#2244,#2245,#2246,#2247,#2248,
#2249,#2250,#2251,#2252,#2253,#2254));
#2357=CLOSED_SHELL('',(#2255,#2256,#2257,#2258,#2259,#2260,#2261,#2262,
#2263,#2264,#2265,#2266,#2267,#2268,#2269,#2270,#2271,#2272,#2273,#2274,
#2275,#2276,#2277,#2278,#2279,#2280,#2281,#2282,#2283,#2284,#2285,#2286,
#2287,#2288,#2289,#2290,#2291,#2292,#2293,#2294,#2295,#2296,#2297,#2298,
#2299,#2300,#2301,#2302,#2303,#2304,#2305,#2306,#2307,#2308,#2309,#2310,
#2311,#2312,#2313));
#2358=CLOSED_SHELL('',(#2314,#2315,#2316,#2317,#2318,#2319,#2320));
#2359=CLOSED_SHELL('',(#2321,#2322,#2323));
#2360=CLOSED_SHELL('',(#2324,#2325,#2326));
#2361=CLOSED_SHELL('',(#2327,#2328,#2329,#2330,#2331,#2332,#2333,#2334,
#2335,#2336,#2337,#2338,#2339,#2340,#2341,#2342,#2343,#2344,#2345,#2346,
#2347,#2348,#2349,#2350,#2351,#2352,#2353,#2354));
#2362=STYLED_ITEM('',(#2369),#2418);
#2363=STYLED_ITEM('',(#2370),#2419);
#2364=STYLED_ITEM('',(#2371),#2420);
#2365=STYLED_ITEM('',(#2372),#2421);
#2366=STYLED_ITEM('',(#2373),#2422);
#2367=STYLED_ITEM('',(#2374),#2423);
#2368=STYLED_ITEM('',(#2375),#2424);
#2369=PRESENTATION_STYLE_ASSIGNMENT((#2376));
#2370=PRESENTATION_STYLE_ASSIGNMENT((#2377));
#2371=PRESENTATION_STYLE_ASSIGNMENT((#2378));
#2372=PRESENTATION_STYLE_ASSIGNMENT((#2379));
#2373=PRESENTATION_STYLE_ASSIGNMENT((#2380));
#2374=PRESENTATION_STYLE_ASSIGNMENT((#2381));
#2375=PRESENTATION_STYLE_ASSIGNMENT((#2382));
#2376=SURFACE_STYLE_USAGE(.BOTH.,#2383);
#2377=SURFACE_STYLE_USAGE(.BOTH.,#2384);
#2378=SURFACE_STYLE_USAGE(.BOTH.,#2385);
#2379=SURFACE_STYLE_USAGE(.BOTH.,#2386);
#2380=SURFACE_STYLE_USAGE(.BOTH.,#2387);
#2381=SURFACE_STYLE_USAGE(.BOTH.,#2388);
#2382=SURFACE_STYLE_USAGE(.BOTH.,#2389);
#2383=SURFACE_SIDE_STYLE('',(#2390));
#2384=SURFACE_SIDE_STYLE('',(#2391));
#2385=SURFACE_SIDE_STYLE('',(#2392));
#2386=SURFACE_SIDE_STYLE('',(#2393));
#2387=SURFACE_SIDE_STYLE('',(#2394));
#2388=SURFACE_SIDE_STYLE('',(#2395));
#2389=SURFACE_SIDE_STYLE('',(#2396));
#2390=SURFACE_STYLE_FILL_AREA(#2397);
#2391=SURFACE_STYLE_FILL_AREA(#2398);
#2392=SURFACE_STYLE_FILL_AREA(#2399);
#2393=SURFACE_STYLE_FILL_AREA(#2400);
#2394=SURFACE_STYLE_FILL_AREA(#2401);
#2395=SURFACE_STYLE_FILL_AREA(#2402);
#2396=SURFACE_STYLE_FILL_AREA(#2403);
#2397=FILL_AREA_STYLE('',(#2404));
#2398=FILL_AREA_STYLE('',(#2405));
#2399=FILL_AREA_STYLE('',(#2406));
#2400=FILL_AREA_STYLE('',(#2407));
#2401=FILL_AREA_STYLE('',(#2408));
#2402=FILL_AREA_STYLE('',(#2409));
#2403=FILL_AREA_STYLE('',(#2410));
#2404=FILL_AREA_STYLE_COLOUR('',#2411);
#2405=FILL_AREA_STYLE_COLOUR('',#2412);
#2406=FILL_AREA_STYLE_COLOUR('',#2413);
#2407=FILL_AREA_STYLE_COLOUR('',#2414);
#2408=FILL_AREA_STYLE_COLOUR('',#2415);
#2409=FILL_AREA_STYLE_COLOUR('',#2416);
#2410=FILL_AREA_STYLE_COLOUR('',#2417);
#2411=COLOUR_RGB('',0.513725490196078,0.415686274509804,0.733333333333333);
#2412=COLOUR_RGB('',0.615686274509804,0.811764705882353,0.929411764705882);
#2413=COLOUR_RGB('',0.231372549019608,0.380392156862745,0.705882352941177);
#2414=COLOUR_RGB('',0.917647058823529,0.917647058823529,0.917647058823529);
#2415=COLOUR_RGB('',0.768627450980392,0.886274509803922,0.952941176470588);
#2416=COLOUR_RGB('',0.972549019607843,0.529411764705882,0.00392156862745098);
#2417=COLOUR_RGB('',0.647058823529412,0.647058823529412,0.647058823529412);
#2418=MANIFOLD_SOLID_BREP('Part 2',#2355);
#2419=MANIFOLD_SOLID_BREP('Part 1',#2356);
#2420=MANIFOLD_SOLID_BREP('Part 4',#2357);
#2421=MANIFOLD_SOLID_BREP('Part 5',#2358);
#2422=MANIFOLD_SOLID_BREP('Part 6',#2359);
#2423=MANIFOLD_SOLID_BREP('Part 7',#2360);
#2424=MANIFOLD_SOLID_BREP('Part 3',#2361);
#2425=SHAPE_DEFINITION_REPRESENTATION(#7570,#2433);
#2426=SHAPE_DEFINITION_REPRESENTATION(#7571,#2434);
#2427=SHAPE_DEFINITION_REPRESENTATION(#7573,#2435);
#2428=SHAPE_DEFINITION_REPRESENTATION(#7575,#2436);
#2429=SHAPE_DEFINITION_REPRESENTATION(#7577,#2437);
#2430=SHAPE_DEFINITION_REPRESENTATION(#7580,#2438);
#2431=SHAPE_DEFINITION_REPRESENTATION(#7582,#2439);
#2432=SHAPE_DEFINITION_REPRESENTATION(#7584,#2440);
#2433=SHAPE_REPRESENTATION('Assembly 1',(#2441,#2451,#2462,#2542,#2556,
#2557,#2563,#2569,#2591),#7551);
#2434=SHAPE_REPRESENTATION('Part 2',(#2441),#7552);
#2435=SHAPE_REPRESENTATION('Part 1',(#2441),#7553);
#2436=SHAPE_REPRESENTATION('Part 4',(#2441),#7554);
#2437=SHAPE_REPRESENTATION('Part 5',(#2441),#7555);
#2438=SHAPE_REPRESENTATION('Part 6',(#2441),#7556);
#2439=SHAPE_REPRESENTATION('Part 7',(#2441),#7557);
#2440=SHAPE_REPRESENTATION('Part 3',(#2441),#7558);
#2441=AXIS2_PLACEMENT_3D('',#2957,#2592,#2593);
#2442=AXIS2_PLACEMENT_3D('',#2958,#2594,#2595);
#2443=AXIS2_PLACEMENT_3D('',#2973,#2598,#2599);
#2444=AXIS2_PLACEMENT_3D('',#2989,#2603,#2604);
#2445=AXIS2_PLACEMENT_3D('',#2995,#2608,#2609);
#2446=AXIS2_PLACEMENT_3D('',#2996,#2610,#2611);
#2447=AXIS2_PLACEMENT_3D('',#2998,#2612,#2613);
#2448=AXIS2_PLACEMENT_3D('',#3000,#2614,#2615);
#2449=AXIS2_PLACEMENT_3D('',#3013,#2618,#2619);
#2450=AXIS2_PLACEMENT_3D('',#3018,#2620,#2621);
#2451=AXIS2_PLACEMENT_3D('',#3039,#2622,#2623);
#2452=AXIS2_PLACEMENT_3D('',#3040,#2624,#2625);
#2453=AXIS2_PLACEMENT_3D('',#3052,#2629,#2630);
#2454=AXIS2_PLACEMENT_3D('',#3073,#2631,#2632);
#2455=AXIS2_PLACEMENT_3D('',#3094,#2633,#2634);
#2456=AXIS2_PLACEMENT_3D('',#3115,#2635,#2636);
#2457=AXIS2_PLACEMENT_3D('',#3136,#2637,#2638);
#2458=AXIS2_PLACEMENT_3D('',#3157,#2639,#2640);
#2459=AXIS2_PLACEMENT_3D('',#3169,#2644,#2645);
#2460=AXIS2_PLACEMENT_3D('',#3172,#2648,#2649);
#2461=AXIS2_PLACEMENT_3D('',#3197,#2650,#2651);
#2462=AXIS2_PLACEMENT_3D('',#5318,#2652,#2653);
#2463=AXIS2_PLACEMENT_3D('',#5319,#2654,#2655);
#2464=AXIS2_PLACEMENT_3D('',#5330,#2656,#2657);
#2465=AXIS2_PLACEMENT_3D('',#5347,#2658,#2659);
#2466=AXIS2_PLACEMENT_3D('',#5351,#2661,#2662);
#2467=AXIS2_PLACEMENT_3D('',#5369,#2663,#2664);
#2468=AXIS2_PLACEMENT_3D('',#5370,#2665,#2666);
#2469=AXIS2_PLACEMENT_3D('',#5381,#2667,#2668);
#2470=AXIS2_PLACEMENT_3D('',#5394,#2669,#2670);
#2471=AXIS2_PLACEMENT_3D('',#5395,#2671,#2672);
#2472=AXIS2_PLACEMENT_3D('',#5399,#2674,#2675);
#2473=AXIS2_PLACEMENT_3D('',#5407,#2676,#2677);
#2474=AXIS2_PLACEMENT_3D('',#5411,#2679,#2680);
#2475=AXIS2_PLACEMENT_3D('',#5417,#2681,#2682);
#2476=AXIS2_PLACEMENT_3D('',#5421,#2684,#2685);
#2477=AXIS2_PLACEMENT_3D('',#5427,#2686,#2687);
#2478=AXIS2_PLACEMENT_3D('',#5431,#2689,#2690);
#2479=AXIS2_PLACEMENT_3D('',#5437,#2691,#2692);
#2480=AXIS2_PLACEMENT_3D('',#5440,#2694,#2695);
#2481=AXIS2_PLACEMENT_3D('',#5444,#2697,#2698);
#2482=AXIS2_PLACEMENT_3D('',#5456,#2700,#2701);
#2483=AXIS2_PLACEMENT_3D('',#5468,#2703,#2704);
#2484=AXIS2_PLACEMENT_3D('',#5479,#2706,#2707);
#2485=AXIS2_PLACEMENT_3D('',#5493,#2710,#2711);
#2486=AXIS2_PLACEMENT_3D('',#5505,#2713,#2714);
#2487=AXIS2_PLACEMENT_3D('',#5516,#2716,#2717);
#2488=AXIS2_PLACEMENT_3D('',#5543,#2718,#2719);
#2489=AXIS2_PLACEMENT_3D('',#5590,#2720,#2721);
#2490=AXIS2_PLACEMENT_3D('',#5607,#2722,#2723);
#2491=AXIS2_PLACEMENT_3D('',#5629,#2724,#2725);
#2492=AXIS2_PLACEMENT_3D('',#5695,#2726,#2727);
#2493=AXIS2_PLACEMENT_3D('',#5701,#2728,#2729);
#2494=AXIS2_PLACEMENT_3D('',#5704,#2731,#2732);
#2495=AXIS2_PLACEMENT_3D('',#5710,#2736,#2737);
#2496=AXIS2_PLACEMENT_3D('',#5716,#2738,#2739);
#2497=AXIS2_PLACEMENT_3D('',#5719,#2741,#2742);
#2498=AXIS2_PLACEMENT_3D('',#5725,#2746,#2747);
#2499=AXIS2_PLACEMENT_3D('',#5726,#2748,#2749);
#2500=AXIS2_PLACEMENT_3D('',#5728,#2750,#2751);
#2501=AXIS2_PLACEMENT_3D('',#5730,#2752,#2753);
#2502=AXIS2_PLACEMENT_3D('',#5731,#2754,#2755);
#2503=AXIS2_PLACEMENT_3D('',#5732,#2756,#2757);
#2504=AXIS2_PLACEMENT_3D('',#5733,#2758,#2759);
#2505=AXIS2_PLACEMENT_3D('',#5737,#2761,#2762);
#2506=AXIS2_PLACEMENT_3D('',#5741,#2764,#2765);
#2507=AXIS2_PLACEMENT_3D('',#5742,#2766,#2767);
#2508=AXIS2_PLACEMENT_3D('',#5746,#2769,#2770);
#2509=AXIS2_PLACEMENT_3D('',#5750,#2772,#2773);
#2510=AXIS2_PLACEMENT_3D('',#5751,#2774,#2775);
#2511=AXIS2_PLACEMENT_3D('',#5758,#2776,#2777);
#2512=AXIS2_PLACEMENT_3D('',#5764,#2779,#2780);
#2513=AXIS2_PLACEMENT_3D('',#5770,#2784,#2785);
#2514=AXIS2_PLACEMENT_3D('',#5771,#2786,#2787);
#2515=AXIS2_PLACEMENT_3D('',#5772,#2788,#2789);
#2516=AXIS2_PLACEMENT_3D('',#5773,#2790,#2791);
#2517=AXIS2_PLACEMENT_3D('',#5774,#2792,#2793);
#2518=AXIS2_PLACEMENT_3D('',#5776,#2794,#2795);
#2519=AXIS2_PLACEMENT_3D('',#5778,#2796,#2797);
#2520=AXIS2_PLACEMENT_3D('',#5779,#2798,#2799);
#2521=AXIS2_PLACEMENT_3D('',#5782,#2800,#2801);
#2522=AXIS2_PLACEMENT_3D('',#5786,#2803,#2804);
#2523=AXIS2_PLACEMENT_3D('',#5787,#2805,#2806);
#2524=AXIS2_PLACEMENT_3D('',#5790,#2808,#2809);
#2525=AXIS2_PLACEMENT_3D('',#5792,#2810,#2811);
#2526=AXIS2_PLACEMENT_3D('',#6077,#2812,#2813);
#2527=AXIS2_PLACEMENT_3D('',#6080,#2816,#2817);
#2528=AXIS2_PLACEMENT_3D('',#6082,#2819,#2820);
#2529=AXIS2_PLACEMENT_3D('',#6084,#2822,#2823);
#2530=AXIS2_PLACEMENT_3D('',#6085,#2824,#2825);
#2531=AXIS2_PLACEMENT_3D('',#6088,#2828,#2829);
#2532=AXIS2_PLACEMENT_3D('',#6090,#2831,#2832);
#2533=AXIS2_PLACEMENT_3D('',#6092,#2834,#2835);
#2534=AXIS2_PLACEMENT_3D('',#6093,#2836,#2837);
#2535=AXIS2_PLACEMENT_3D('',#6096,#2840,#2841);
#2536=AXIS2_PLACEMENT_3D('',#6101,#2842,#2843);
#2537=AXIS2_PLACEMENT_3D('',#6103,#2845,#2846);
#2538=AXIS2_PLACEMENT_3D('',#6104,#2847,#2848);
#2539=AXIS2_PLACEMENT_3D('',#6107,#2851,#2852);
#2540=AXIS2_PLACEMENT_3D('',#6112,#2853,#2854);
#2541=AXIS2_PLACEMENT_3D('',#6113,#2855,#2856);
#2542=AXIS2_PLACEMENT_3D('',#6114,#2857,#2858);
#2543=AXIS2_PLACEMENT_3D('',#6115,#2859,#2860);
#2544=AXIS2_PLACEMENT_3D('',#6116,#2861,#2862);
#2545=AXIS2_PLACEMENT_3D('',#6118,#2863,#2864);
#2546=AXIS2_PLACEMENT_3D('',#6120,#2865,#2866);
#2547=AXIS2_PLACEMENT_3D('',#6121,#2867,#2868);
#2548=AXIS2_PLACEMENT_3D('',#6123,#2869,#2870);
#2549=AXIS2_PLACEMENT_3D('',#6124,#2871,#2872);
#2550=AXIS2_PLACEMENT_3D('',#6125,#2873,#2874);
#2551=AXIS2_PLACEMENT_3D('',#6127,#2875,#2876);
#2552=AXIS2_PLACEMENT_3D('',#6128,#2877,#2878);
#2553=AXIS2_PLACEMENT_3D('',#6130,#2879,#2880);
#2554=AXIS2_PLACEMENT_3D('',#6132,#2881,#2882);
#2555=AXIS2_PLACEMENT_3D('',#6133,#2883,#2884);
#2556=AXIS2_PLACEMENT_3D('',#6134,#2885,#2886);
#2557=AXIS2_PLACEMENT_3D('',#6135,#2887,#2888);
#2558=AXIS2_PLACEMENT_3D('',#6136,#2889,#2890);
#2559=AXIS2_PLACEMENT_3D('',#6137,#2891,#2892);
#2560=AXIS2_PLACEMENT_3D('',#6139,#2893,#2894);
#2561=AXIS2_PLACEMENT_3D('',#6141,#2895,#2896);
#2562=AXIS2_PLACEMENT_3D('',#6142,#2897,#2898);
#2563=AXIS2_PLACEMENT_3D('',#6143,#2899,#2900);
#2564=AXIS2_PLACEMENT_3D('',#6144,#2901,#2902);
#2565=AXIS2_PLACEMENT_3D('',#6145,#2903,#2904);
#2566=AXIS2_PLACEMENT_3D('',#6147,#2905,#2906);
#2567=AXIS2_PLACEMENT_3D('',#6149,#2907,#2908);
#2568=AXIS2_PLACEMENT_3D('',#6150,#2909,#2910);
#2569=AXIS2_PLACEMENT_3D('',#6151,#2911,#2912);
#2570=AXIS2_PLACEMENT_3D('',#6152,#2913,#2914);
#2571=AXIS2_PLACEMENT_3D('',#6184,#2915,#2916);
#2572=AXIS2_PLACEMENT_3D('',#6216,#2917,#2918);
#2573=AXIS2_PLACEMENT_3D('',#6248,#2919,#2920);
#2574=AXIS2_PLACEMENT_3D('',#6280,#2921,#2922);
#2575=AXIS2_PLACEMENT_3D('',#6281,#2923,#2924);
#2576=AXIS2_PLACEMENT_3D('',#6283,#2925,#2926);
#2577=AXIS2_PLACEMENT_3D('',#6285,#2927,#2928);
#2578=AXIS2_PLACEMENT_3D('',#6317,#2929,#2930);
#2579=AXIS2_PLACEMENT_3D('',#6349,#2931,#2932);
#2580=AXIS2_PLACEMENT_3D('',#6350,#2933,#2934);
#2581=AXIS2_PLACEMENT_3D('',#6352,#2935,#2936);
#2582=AXIS2_PLACEMENT_3D('',#6354,#2937,#2938);
#2583=AXIS2_PLACEMENT_3D('',#6355,#2939,#2940);
#2584=AXIS2_PLACEMENT_3D('',#6357,#2941,#2942);
#2585=AXIS2_PLACEMENT_3D('',#6359,#2943,#2944);
#2586=AXIS2_PLACEMENT_3D('',#6360,#2945,#2946);
#2587=AXIS2_PLACEMENT_3D('',#6422,#2947,#2948);
#2588=AXIS2_PLACEMENT_3D('',#6423,#2949,#2950);
#2589=AXIS2_PLACEMENT_3D('',#7337,#2951,#2952);
#2590=AXIS2_PLACEMENT_3D('',#7338,#2953,#2954);
#2591=AXIS2_PLACEMENT_3D('',#7549,#2955,#2956);
#2592=DIRECTION('',(0.,0.,1.));
#2593=DIRECTION('',(1.,0.,0.));
#2594=DIRECTION('',(-1.,0.,0.));
#2595=DIRECTION('',(0.,1.,0.));
#2596=DIRECTION('',(0.,0.,1.));
#2597=DIRECTION('',(0.,0.,1.));
#2598=DIRECTION('',(1.23908819712629E-16,1.,0.));
#2599=DIRECTION('',(1.,-1.23908819712629E-16,0.));
#2600=DIRECTION('',(-1.,1.23908819712629E-16,0.));
#2601=DIRECTION('',(0.,0.,1.));
#2602=DIRECTION('',(-1.,1.23908819712629E-16,0.));
#2603=DIRECTION('',(1.,0.,0.));
#2604=DIRECTION('',(0.,-1.,0.));
#2605=DIRECTION('',(0.,1.,0.));
#2606=DIRECTION('',(0.,1.,0.));
#2607=DIRECTION('',(0.,0.,1.));
#2608=DIRECTION('',(0.,0.,1.));
#2609=DIRECTION('',(0.,-1.,0.));
#2610=DIRECTION('',(0.,0.,1.));
#2611=DIRECTION('',(0.,-1.,0.));
#2612=DIRECTION('',(0.,0.,1.));
#2613=DIRECTION('',(0.,-1.,0.));
#2614=DIRECTION('',(-1.85863229568943E-16,-1.,0.));
#2615=DIRECTION('',(-1.,1.85863229568943E-16,0.));
#2616=DIRECTION('',(1.,-1.85863229568943E-16,0.));
#2617=DIRECTION('',(1.,-1.85863229568943E-16,0.));
#2618=DIRECTION('',(0.,0.,1.));
#2619=DIRECTION('',(1.,0.,0.));
#2620=DIRECTION('',(0.,0.,1.));
#2621=DIRECTION('',(1.,0.,0.));
#2622=DIRECTION('',(0.,0.,1.));
#2623=DIRECTION('',(1.,0.,0.));
#2624=DIRECTION('',(-1.23908819712629E-16,-1.,0.));
#2625=DIRECTION('',(-1.,1.23908819712629E-16,0.));
#2626=DIRECTION('',(-1.,1.23908819712629E-16,0.));
#2627=DIRECTION('',(-1.,1.23908819712629E-16,0.));
#2628=DIRECTION('',(0.,0.,-1.));
#2629=DIRECTION('',(1.,-5.55111512312578E-16,0.));
#2630=DIRECTION('',(-5.55111512312578E-16,-1.,0.));
#2631=DIRECTION('',(0.,1.,0.));
#2632=DIRECTION('',(1.,0.,0.));
#2633=DIRECTION('',(1.,0.,0.));
#2634=DIRECTION('',(0.,-1.,0.));
#2635=DIRECTION('',(2.40209386657587E-16,1.,0.));
#2636=DIRECTION('',(1.,-2.40209386657587E-16,0.));
#2637=DIRECTION('',(1.,-2.77555756156289E-16,0.));
#2638=DIRECTION('',(-2.77555756156289E-16,-1.,0.));
#2639=DIRECTION('',(2.52167464553201E-16,1.,0.));
#2640=DIRECTION('',(1.,-2.52167464553201E-16,0.));
#2641=DIRECTION('',(1.,-2.52167464553201E-16,0.));
#2642=DIRECTION('',(1.,-2.52167464553201E-16,0.));
#2643=DIRECTION('',(0.,0.,-1.));
#2644=DIRECTION('',(1.,0.,0.));
#2645=DIRECTION('',(0.,-1.,0.));
#2646=DIRECTION('',(0.,-1.,0.));
#2647=DIRECTION('',(0.,-1.,0.));
#2648=DIRECTION('',(0.,0.,1.));
#2649=DIRECTION('',(1.,0.,0.));
#2650=DIRECTION('',(0.,0.,1.));
#2651=DIRECTION('',(1.,0.,0.));
#2652=DIRECTION('',(0.,0.,1.));
#2653=DIRECTION('',(1.,0.,0.));
#2654=DIRECTION('',(0.,0.,1.));
#2655=DIRECTION('',(0.,-1.,0.));
#2656=DIRECTION('',(0.,0.,1.));
#2657=DIRECTION('',(0.,-1.,0.));
#2658=DIRECTION('',(0.,0.,1.));
#2659=DIRECTION('',(0.,-1.,0.));
#2660=DIRECTION('',(0.478825097643401,0.520313891203104,0.707106767389389));
#2661=DIRECTION('',(0.,0.,1.));
#2662=DIRECTION('',(0.,-1.,0.));
#2663=DIRECTION('',(0.,0.,1.));
#2664=DIRECTION('',(0.,-1.,0.));
#2665=DIRECTION('',(0.,0.,-1.));
#2666=DIRECTION('',(0.,1.,0.));
#2667=DIRECTION('',(0.,0.,-1.));
#2668=DIRECTION('',(0.,1.,0.));
#2669=DIRECTION('',(0.,0.,1.));
#2670=DIRECTION('',(0.,-1.,0.));
#2671=DIRECTION('',(0.,0.,-1.));
#2672=DIRECTION('',(0.,1.,0.));
#2673=DIRECTION('',(0.,0.,-1.));
#2674=DIRECTION('',(0.,0.,1.));
#2675=DIRECTION('',(0.,-1.,0.));
#2676=DIRECTION('',(0.,0.,-1.));
#2677=DIRECTION('',(0.,1.,0.));
#2678=DIRECTION('',(0.,0.,-1.));
#2679=DIRECTION('',(0.,0.,1.));
#2680=DIRECTION('',(0.,-1.,0.));
#2681=DIRECTION('',(0.,0.,-1.));
#2682=DIRECTION('',(0.,1.,0.));
#2683=DIRECTION('',(0.,0.,-1.));
#2684=DIRECTION('',(0.,0.,1.));
#2685=DIRECTION('',(0.,-1.,0.));
#2686=DIRECTION('',(0.,0.,-1.));
#2687=DIRECTION('',(0.,1.,0.));
#2688=DIRECTION('',(0.,0.,-1.));
#2689=DIRECTION('',(0.,0.,1.));
#2690=DIRECTION('',(0.,-1.,0.));
#2691=DIRECTION('',(0.,0.,-1.));
#2692=DIRECTION('',(0.,1.,0.));
#2693=DIRECTION('',(0.,0.,-1.));
#2694=DIRECTION('',(0.,0.,1.));
#2695=DIRECTION('',(0.,-1.,0.));
#2696=DIRECTION('',(0.,0.,-1.));
#2697=DIRECTION('',(0.,0.,1.));
#2698=DIRECTION('',(0.,-1.,0.));
#2699=DIRECTION('',(0.,0.,-1.));
#2700=DIRECTION('',(0.,1.,0.));
#2701=DIRECTION('',(1.,0.,0.));
#2702=DIRECTION('',(0.,0.,-1.));
#2703=DIRECTION('',(0.,0.,-1.));
#2704=DIRECTION('',(0.,1.,0.));
#2705=DIRECTION('',(0.,0.,-1.));
#2706=DIRECTION('',(0.,0.,-1.));
#2707=DIRECTION('',(0.,1.,0.));
#2708=DIRECTION('',(0.,0.,-1.));
#2709=DIRECTION('',(0.,0.,-1.));
#2710=DIRECTION('',(0.,1.,0.));
#2711=DIRECTION('',(1.,0.,0.));
#2712=DIRECTION('',(0.,0.,-1.));
#2713=DIRECTION('',(0.,0.,-1.));
#2714=DIRECTION('',(0.,1.,0.));
#2715=DIRECTION('',(0.,0.,-1.));
#2716=DIRECTION('',(0.,0.,1.));
#2717=DIRECTION('',(1.,0.,0.));
#2718=DIRECTION('',(0.,0.,1.));
#2719=DIRECTION('',(0.,-1.,0.));
#2720=DIRECTION('',(0.,0.,1.));
#2721=DIRECTION('',(0.,-1.,0.));
#2722=DIRECTION('',(0.,0.,1.));
#2723=DIRECTION('',(1.,0.,0.));
#2724=DIRECTION('',(0.,0.,1.));
#2725=DIRECTION('',(0.,-1.,0.));
#2726=DIRECTION('',(0.,0.,-1.));
#2727=DIRECTION('',(0.,1.,0.));
#2728=DIRECTION('',(0.,0.,1.));
#2729=DIRECTION('',(0.,-1.,0.));
#2730=DIRECTION('',(0.,0.,-1.));
#2731=DIRECTION('',(-0.677255922985863,0.735747521083536,0.));
#2732=DIRECTION('',(0.735747521083536,0.677255922985863,0.));
#2733=DIRECTION('',(0.735747521083536,0.677255922985863,0.));
#2734=DIRECTION('',(0.,0.,-1.));
#2735=DIRECTION('',(-0.735747521083536,-0.677255922985863,0.));
#2736=DIRECTION('',(0.,0.,-1.));
#2737=DIRECTION('',(0.,1.,0.));
#2738=DIRECTION('',(0.,0.,1.));
#2739=DIRECTION('',(0.,-1.,0.));
#2740=DIRECTION('',(0.,0.,-1.));
#2741=DIRECTION('',(-0.677366478856029,-0.73564573900906,0.));
#2742=DIRECTION('',(-0.73564573900906,0.677366478856029,0.));
#2743=DIRECTION('',(0.,0.,-1.));
#2744=DIRECTION('',(-0.73564573900906,0.677366478856029,0.));
#2745=DIRECTION('',(0.73564573900906,-0.677366478856029,0.));
#2746=DIRECTION('',(0.,0.,-1.));
#2747=DIRECTION('',(0.,1.,0.));
#2748=DIRECTION('',(0.,0.,1.));
#2749=DIRECTION('',(0.,-1.,0.));
#2750=DIRECTION('',(0.,0.,1.));
#2751=DIRECTION('',(0.,-1.,0.));
#2752=DIRECTION('',(0.,0.,-1.));
#2753=DIRECTION('',(0.,1.,0.));
#2754=DIRECTION('',(0.,0.,1.));
#2755=DIRECTION('',(0.,-1.,0.));
#2756=DIRECTION('',(0.,0.,1.));
#2757=DIRECTION('',(0.,-1.,0.));
#2758=DIRECTION('',(0.,0.,1.));
#2759=DIRECTION('',(1.,0.,0.));
#2760=DIRECTION('',(-0.735747521083536,-0.677255922985863,0.));
#2761=DIRECTION('',(0.,0.,1.));
#2762=DIRECTION('',(0.,-1.,0.));
#2763=DIRECTION('',(0.73564573900906,-0.677366478856029,0.));
#2764=DIRECTION('',(0.,0.,1.));
#2765=DIRECTION('',(0.,-1.,0.));
#2766=DIRECTION('',(0.,0.,1.));
#2767=DIRECTION('',(1.,0.,0.));
#2768=DIRECTION('',(-0.73564573900906,0.677366478856029,0.));
#2769=DIRECTION('',(0.,0.,1.));
#2770=DIRECTION('',(0.,-1.,0.));
#2771=DIRECTION('',(0.735747521083536,0.677255922985863,0.));
#2772=DIRECTION('',(0.,0.,1.));
#2773=DIRECTION('',(0.,-1.,0.));
#2774=DIRECTION('',(0.,0.,-1.));
#2775=DIRECTION('',(0.,1.,0.));
#2776=DIRECTION('',(0.,0.,-1.));
#2777=DIRECTION('',(0.,1.,0.));
#2778=DIRECTION('',(0.,0.,-1.));
#2779=DIRECTION('',(0.677366478858698,0.735645739006602,0.));
#2780=DIRECTION('',(0.735645739006602,-0.677366478858698,0.));
#2781=DIRECTION('',(0.,0.,-1.));
#2782=DIRECTION('',(0.735645739006602,-0.677366478858698,0.));
#2783=DIRECTION('',(-0.735645739006602,0.677366478858698,0.));
#2784=DIRECTION('',(0.,0.,-1.));
#2785=DIRECTION('',(0.,1.,0.));
#2786=DIRECTION('',(0.,0.,1.));
#2787=DIRECTION('',(0.,-1.,0.));
#2788=DIRECTION('',(0.,0.,1.));
#2789=DIRECTION('',(0.,-1.,0.));
#2790=DIRECTION('',(0.,0.,-1.));
#2791=DIRECTION('',(0.,1.,0.));
#2792=DIRECTION('',(0.,0.,1.));
#2793=DIRECTION('',(0.,-1.,0.));
#2794=DIRECTION('',(0.,0.,1.));
#2795=DIRECTION('',(0.,-1.,0.));
#2796=DIRECTION('',(0.,0.,1.));
#2797=DIRECTION('',(1.,0.,0.));
#2798=DIRECTION('',(0.,0.,1.));
#2799=DIRECTION('',(0.,-1.,0.));
#2800=DIRECTION('',(0.,0.,1.));
#2801=DIRECTION('',(0.,-1.,0.));
#2802=DIRECTION('',(-0.735645739006602,0.677366478858698,0.));
#2803=DIRECTION('',(0.,0.,1.));
#2804=DIRECTION('',(0.,-1.,0.));
#2805=DIRECTION('',(0.,0.,1.));
#2806=DIRECTION('',(1.,0.,0.));
#2807=DIRECTION('',(0.735645739006602,-0.677366478858698,0.));
#2808=DIRECTION('',(0.,0.,1.));
#2809=DIRECTION('',(0.,-1.,0.));
#2810=DIRECTION('',(0.,0.,1.));
#2811=DIRECTION('',(0.,-1.,0.));
#2812=DIRECTION('',(0.,0.,-1.));
#2813=DIRECTION('',(0.,1.,0.));
#2814=DIRECTION('',(0.478970430547251,0.520180090604571,0.707106781186549));
#2815=DIRECTION('',(-0.478892259121849,0.520252065070488,-0.707106776196541));
#2816=DIRECTION('',(0.478892255742056,-0.520252061399358,-0.70710678118655));
#2817=DIRECTION('',(0.735747521083536,0.677255922985863,0.));
#2818=DIRECTION('',(-0.478892255736374,0.520252061404594,-0.707106781186546));
#2819=DIRECTION('',(0.478970430547552,0.520180090604295,-0.707106781186548));
#2820=DIRECTION('',(-0.73564573900906,0.677366478856029,0.));
#2821=DIRECTION('',(0.47889225844086,0.520252064340895,0.707106777194541));
#2822=DIRECTION('',(0.,0.,-1.));
#2823=DIRECTION('',(0.,1.,0.));
#2824=DIRECTION('',(0.,0.,1.));
#2825=DIRECTION('',(0.,-1.,0.));
#2826=DIRECTION('',(-0.478970430547254,-0.52018009060457,0.707106781186548));
#2827=DIRECTION('',(0.478892259121848,-0.520252065070488,-0.707106776196541));
#2828=DIRECTION('',(-0.478892255742056,0.520252061399358,-0.70710678118655));
#2829=DIRECTION('',(-0.735747521083536,-0.677255922985863,0.));
#2830=DIRECTION('',(0.478892255736372,-0.520252061404596,-0.707106781186546));
#2831=DIRECTION('',(-0.478970430547552,-0.520180090604295,-0.707106781186548));
#2832=DIRECTION('',(0.73564573900906,-0.677366478856029,0.));
#2833=DIRECTION('',(-0.47889225844086,-0.520252064340895,0.707106777194541));
#2834=DIRECTION('',(0.,0.,1.));
#2835=DIRECTION('',(0.,-1.,0.));
#2836=DIRECTION('',(0.,0.,-1.));
#2837=DIRECTION('',(0.,1.,0.));
#2838=DIRECTION('',(-0.478970430547252,-0.520180090604573,0.707106781186547));
#2839=DIRECTION('',(0.478970430547254,-0.52018009060457,-0.707106781186548));
#2840=DIRECTION('',(0.,0.,1.));
#2841=DIRECTION('',(0.,-1.,0.));
#2842=DIRECTION('',(-0.478970430549438,-0.520180090602556,-0.70710678118655));
#2843=DIRECTION('',(0.735645739006602,-0.677366478858698,0.));
#2844=DIRECTION('',(-0.478825097643403,-0.520313891203103,0.707106767389389));
#2845=DIRECTION('',(0.,0.,-1.));
#2846=DIRECTION('',(0.,1.,0.));
#2847=DIRECTION('',(0.,0.,1.));
#2848=DIRECTION('',(0.,-1.,0.));
#2849=DIRECTION('',(0.478970430547253,0.520180090604573,0.707106781186546));
#2850=DIRECTION('',(-0.478970430547255,0.52018009060457,-0.707106781186547));
#2851=DIRECTION('',(0.,0.,-1.));
#2852=DIRECTION('',(0.,1.,0.));
#2853=DIRECTION('',(0.47897043054944,0.520180090602557,-0.707106781186547));
#2854=DIRECTION('',(-0.735645739006602,0.677366478858698,0.));
#2855=DIRECTION('',(0.,0.,1.));
#2856=DIRECTION('',(0.,-1.,0.));
#2857=DIRECTION('',(2.241667843474E-22,6.67640553464193E-24,1.));
#2858=DIRECTION('',(0.999702970982483,0.0243714958260111,-2.24262914297305E-22));
#2859=DIRECTION('',(0.,0.,-1.));
#2860=DIRECTION('',(0.,1.,0.));
#2861=DIRECTION('',(0.,0.,1.));
#2862=DIRECTION('',(0.,-1.,0.));
#2863=DIRECTION('',(0.,0.,1.));
#2864=DIRECTION('',(0.,-1.,0.));
#2865=DIRECTION('',(0.,0.,1.));
#2866=DIRECTION('',(1.,0.,0.));
#2867=DIRECTION('',(0.,0.,1.));
#2868=DIRECTION('',(0.,-1.,0.));
#2869=DIRECTION('',(0.,0.,1.));
#2870=DIRECTION('',(1.,0.,0.));
#2871=DIRECTION('',(0.,0.,-1.));
#2872=DIRECTION('',(0.,1.,0.));
#2873=DIRECTION('',(0.,0.,1.));
#2874=DIRECTION('',(0.,-1.,0.));
#2875=DIRECTION('',(0.,0.,-1.));
#2876=DIRECTION('',(0.,1.,0.));
#2877=DIRECTION('',(0.,0.,1.));
#2878=DIRECTION('',(0.,-1.,0.));
#2879=DIRECTION('',(0.,0.,1.));
#2880=DIRECTION('',(0.,-1.,0.));
#2881=DIRECTION('',(0.,0.,1.));
#2882=DIRECTION('',(1.,0.,0.));
#2883=DIRECTION('',(0.,0.,1.));
#2884=DIRECTION('',(1.,0.,0.));
#2885=DIRECTION('',(3.66144372132808E-16,-6.62881850463784E-17,1.));
#2886=DIRECTION('',(0.984835483111801,-0.173490838962595,-3.72092362455085E-16));
#2887=DIRECTION('',(2.24167050253808E-22,6.67654578724512E-24,1.));
#2888=DIRECTION('',(0.999702970982483,0.0243714958260112,-2.24263183542897E-22));
#2889=DIRECTION('',(0.,0.,-1.));
#2890=DIRECTION('',(0.,1.,0.));
#2891=DIRECTION('',(0.,0.,1.));
#2892=DIRECTION('',(0.,-1.,0.));
#2893=DIRECTION('',(0.,0.,1.));
#2894=DIRECTION('',(0.,-1.,0.));
#2895=DIRECTION('',(0.,0.,1.));
#2896=DIRECTION('',(1.,0.,0.));
#2897=DIRECTION('',(0.,0.,1.));
#2898=DIRECTION('',(1.,0.,0.));
#2899=DIRECTION('',(1.2590168068979E-16,1.40835120883281E-16,1.));
#2900=DIRECTION('',(0.0255475369923925,-0.999673608411077,1.37572675639573E-16));
#2901=DIRECTION('',(0.,0.,-1.));
#2902=DIRECTION('',(0.,1.,0.));
#2903=DIRECTION('',(0.,0.,1.));
#2904=DIRECTION('',(0.,-1.,0.));
#2905=DIRECTION('',(0.,0.,1.));
#2906=DIRECTION('',(0.,-1.,0.));
#2907=DIRECTION('',(0.,0.,1.));
#2908=DIRECTION('',(1.,0.,0.));
#2909=DIRECTION('',(0.,0.,1.));
#2910=DIRECTION('',(1.,0.,0.));
#2911=DIRECTION('',(0.,0.,1.));
#2912=DIRECTION('',(1.,0.,0.));
#2913=DIRECTION('',(0.,0.,-1.));
#2914=DIRECTION('',(0.,1.,0.));
#2915=DIRECTION('',(0.,0.,-1.));
#2916=DIRECTION('',(0.,1.,0.));
#2917=DIRECTION('',(0.,0.,-1.));
#2918=DIRECTION('',(0.,1.,0.));
#2919=DIRECTION('',(0.,0.,-1.));
#2920=DIRECTION('',(0.,1.,0.));
#2921=DIRECTION('',(0.,0.,-1.));
#2922=DIRECTION('',(0.,1.,0.));
#2923=DIRECTION('',(0.,0.,1.));
#2924=DIRECTION('',(0.,-1.,0.));
#2925=DIRECTION('',(0.,0.,1.));
#2926=DIRECTION('',(0.,-1.,0.));
#2927=DIRECTION('',(0.,0.,-1.));
#2928=DIRECTION('',(0.,1.,0.));
#2929=DIRECTION('',(0.,0.,-1.));
#2930=DIRECTION('',(0.,1.,0.));
#2931=DIRECTION('',(0.,0.,-1.));
#2932=DIRECTION('',(0.,1.,0.));
#2933=DIRECTION('',(0.,0.,1.));
#2934=DIRECTION('',(0.,-1.,0.));
#2935=DIRECTION('',(0.,0.,1.));
#2936=DIRECTION('',(0.,-1.,0.));
#2937=DIRECTION('',(0.,0.,-1.));
#2938=DIRECTION('',(0.,1.,0.));
#2939=DIRECTION('',(0.,0.,1.));
#2940=DIRECTION('',(0.,-1.,0.));
#2941=DIRECTION('',(0.,0.,1.));
#2942=DIRECTION('',(0.,-1.,0.));
#2943=DIRECTION('',(0.,0.,1.));
#2944=DIRECTION('',(1.,0.,0.));
#2945=DIRECTION('',(0.,0.,1.));
#2946=DIRECTION('',(0.,-1.,0.));
#2947=DIRECTION('',(0.,0.,1.));
#2948=DIRECTION('',(1.,0.,0.));
#2949=DIRECTION('',(0.,0.,1.));
#2950=DIRECTION('',(0.,-1.,0.));
#2951=DIRECTION('',(0.,0.,-1.));
#2952=DIRECTION('',(0.,1.,0.));
#2953=DIRECTION('',(0.,0.,1.));
#2954=DIRECTION('',(0.,-1.,0.));
#2955=DIRECTION('',(1.40496455200672E-22,-8.55874636524892E-23,1.));
#2956=DIRECTION('',(0.984284489411288,0.176590044748733,-1.23174587634966E-22));
#2957=CARTESIAN_POINT('',(0.,0.,0.));
#2958=CARTESIAN_POINT('',(0.0458793281835853,0.003125,-0.005));
#2959=CARTESIAN_POINT('',(0.0458793281835853,0.00625,-0.005));
#2960=CARTESIAN_POINT('',(0.0458793281835853,0.00625,-0.004));
#2961=CARTESIAN_POINT('',(0.0458793281835853,0.00625,0.004));
#2962=CARTESIAN_POINT('',(0.0458793281835853,0.00625,-0.004));
#2963=CARTESIAN_POINT('',(0.0458793281835853,0.00208333333333333,-0.004));
#2964=CARTESIAN_POINT('',(0.0458793281835853,-0.00208333333333333,-0.004));
#2965=CARTESIAN_POINT('',(0.0458793281835853,-0.00625,-0.004));
#2966=CARTESIAN_POINT('',(0.0458793281835853,-0.00625,-0.004));
#2967=CARTESIAN_POINT('',(0.0458793281835853,-0.00625,-0.005));
#2968=CARTESIAN_POINT('',(0.0458793281835853,-0.00625,0.004));
#2969=CARTESIAN_POINT('',(0.0458793281835853,-0.00625,0.004));
#2970=CARTESIAN_POINT('',(0.0458793281835853,-0.00208333333333333,0.004));
#2971=CARTESIAN_POINT('',(0.0458793281835853,0.00208333333333333,0.004));
#2972=CARTESIAN_POINT('',(0.0458793281835853,0.00625,0.004));
#2973=CARTESIAN_POINT('',(0.0528793281835853,-0.00625,-0.005));
#2974=CARTESIAN_POINT('',(0.0458793281835853,-0.00625,-0.004));
#2975=CARTESIAN_POINT('',(0.0458793281835853,-0.00625,-0.00466666666666667));
#2976=CARTESIAN_POINT('',(0.0462126615169186,-0.00625,-0.005));
#2977=CARTESIAN_POINT('',(0.0468793281835853,-0.00625,-0.005));
#2978=CARTESIAN_POINT('',(0.0468793281835853,-0.00625,-0.005));
#2979=CARTESIAN_POINT('',(0.0528793281835853,-0.00625,-0.005));
#2980=CARTESIAN_POINT('',(0.0598793281835853,-0.00625,-0.005));
#2981=CARTESIAN_POINT('',(0.0598793281835853,-0.00625,-0.005));
#2982=CARTESIAN_POINT('',(0.0598793281835853,-0.00625,0.005));
#2983=CARTESIAN_POINT('',(0.0528793281835853,-0.00625,0.005));
#2984=CARTESIAN_POINT('',(0.0468793281835853,-0.00625,0.005));
#2985=CARTESIAN_POINT('',(0.0468793281835853,-0.00625,0.005));
#2986=CARTESIAN_POINT('',(0.0462126615169186,-0.00625,0.005));
#2987=CARTESIAN_POINT('',(0.0458793281835853,-0.00625,0.00466666666666667));
#2988=CARTESIAN_POINT('',(0.0458793281835853,-0.00625,0.004));
#2989=CARTESIAN_POINT('',(0.0598793281835853,-9.54097911787244E-18,-0.005));
#2990=CARTESIAN_POINT('',(0.0598793281835853,-9.54097911787244E-18,0.005));
#2991=CARTESIAN_POINT('',(0.0598793281835854,0.00625,0.005));
#2992=CARTESIAN_POINT('',(0.0598793281835853,-9.54097911787244E-18,-0.005));
#2993=CARTESIAN_POINT('',(0.0598793281835854,0.00625,-0.005));
#2994=CARTESIAN_POINT('',(0.0598793281835854,0.00625,-0.005));
#2995=CARTESIAN_POINT('',(0.0528793281835853,2.61501067141969E-19,-0.005));
#2996=CARTESIAN_POINT('',(0.0528793281835853,2.61501067141969E-19,-0.005));
#2997=CARTESIAN_POINT('',(0.0528793281835853,-0.0025,-0.005));
#2998=CARTESIAN_POINT('',(0.0528793281835853,2.61501067141969E-19,0.005));
#2999=CARTESIAN_POINT('',(0.0528793281835853,-0.0025,0.005));
#3000=CARTESIAN_POINT('',(0.0528793281835853,0.00625,-0.005));
#3001=CARTESIAN_POINT('',(0.0528793281835853,0.00625,-0.005));
#3002=CARTESIAN_POINT('',(0.0468793281835853,0.00625,-0.005));
#3003=CARTESIAN_POINT('',(0.0468793281835853,0.00625,-0.005));
#3004=CARTESIAN_POINT('',(0.0462126615169186,0.00625,-0.005));
#3005=CARTESIAN_POINT('',(0.0458793281835853,0.00625,-0.00466666666666667));
#3006=CARTESIAN_POINT('',(0.0458793281835853,0.00625,-0.004));
#3007=CARTESIAN_POINT('',(0.0458793281835853,0.00625,0.004));
#3008=CARTESIAN_POINT('',(0.0458793281835853,0.00625,0.00466666666666667));
#3009=CARTESIAN_POINT('',(0.0462126615169186,0.00625,0.005));
#3010=CARTESIAN_POINT('',(0.0468793281835853,0.00625,0.005));
#3011=CARTESIAN_POINT('',(0.0468793281835853,0.00625,0.005));
#3012=CARTESIAN_POINT('',(0.0528793281835853,0.00625,0.005));
#3013=CARTESIAN_POINT('',(0.000440475819076358,0.,-0.005));
#3014=CARTESIAN_POINT('',(0.0468793281835854,-0.00625,-0.005));
#3015=CARTESIAN_POINT('',(0.0468793281835854,-0.00208333333333333,-0.005));
#3016=CARTESIAN_POINT('',(0.0468793281835854,0.00208333333333333,-0.005));
#3017=CARTESIAN_POINT('',(0.0468793281835854,0.00625,-0.005));
#3018=CARTESIAN_POINT('',(0.000440475819076358,0.,0.005));
#3019=CARTESIAN_POINT('',(0.0468793281835854,0.00625,0.005));
#3020=CARTESIAN_POINT('',(0.0468793281835854,0.00208333333333333,0.005));
#3021=CARTESIAN_POINT('',(0.0468793281835854,-0.00208333333333333,0.005));
#3022=CARTESIAN_POINT('',(0.0468793281835854,-0.00625,0.005));
#3023=CARTESIAN_POINT('',(0.0468793281835854,-0.00625,-0.005));
#3024=CARTESIAN_POINT('',(0.0468793281835854,0.00625,-0.005));
#3025=CARTESIAN_POINT('',(0.0462126615169187,-0.00625,-0.00500000000000002));
#3026=CARTESIAN_POINT('',(0.0462126615169187,0.00625,-0.00500000000000002));
#3027=CARTESIAN_POINT('',(0.0458793281835853,-0.00625,-0.00466666666666669));
#3028=CARTESIAN_POINT('',(0.0458793281835853,0.00625,-0.00466666666666669));
#3029=CARTESIAN_POINT('',(0.0458793281835853,-0.00625,-0.004));
#3030=CARTESIAN_POINT('',(0.0458793281835853,0.00625,-0.004));
#3031=CARTESIAN_POINT('',(0.0468793281835854,0.00625,0.005));
#3032=CARTESIAN_POINT('',(0.0468793281835854,-0.00625,0.005));
#3033=CARTESIAN_POINT('',(0.0462126615169187,0.00625,0.00500000000000001));
#3034=CARTESIAN_POINT('',(0.0462126615169187,-0.00625,0.00500000000000001));
#3035=CARTESIAN_POINT('',(0.0458793281835853,0.00625,0.00466666666666669));
#3036=CARTESIAN_POINT('',(0.0458793281835853,-0.00625,0.00466666666666669));
#3037=CARTESIAN_POINT('',(0.0458793281835853,0.00625,0.004));
#3038=CARTESIAN_POINT('',(0.0458793281835853,-0.00625,0.004));
#3039=CARTESIAN_POINT('',(-0.0347560576189754,-0.00644702598720301,-0.018909871051681));
#3040=CARTESIAN_POINT('',(0.0528793281835853,-0.00625,0.005));
#3041=CARTESIAN_POINT('',(0.0528793281835853,-0.00625,-0.005));
#3042=CARTESIAN_POINT('',(0.0806692434927553,-0.00625,-0.005));
#3043=CARTESIAN_POINT('',(0.0159226952344179,-0.00625,-0.005));
#3044=CARTESIAN_POINT('',(0.0159226952344179,-0.00625,-0.005));
#3045=CARTESIAN_POINT('',(0.0159226952344179,-0.00625,-0.00166666666666641));
#3046=CARTESIAN_POINT('',(0.0159226952344179,-0.00625,0.00166666666666717));
#3047=CARTESIAN_POINT('',(0.0159226952344179,-0.00625,0.00500000000000076));
#3048=CARTESIAN_POINT('',(0.0159226952344179,-0.00625,0.005));
#3049=CARTESIAN_POINT('',(0.0528793281835853,-0.00625,0.005));
#3050=CARTESIAN_POINT('',(0.0806692434927553,-0.00625,0.005));
#3051=CARTESIAN_POINT('',(0.0806692434927553,-0.00625,0.005));
#3052=CARTESIAN_POINT('',(0.0149226952344179,-0.009375,0.005));
#3053=CARTESIAN_POINT('',(0.0149226952344179,-0.00725,0.0040000000000057));
#3054=CARTESIAN_POINT('',(0.0149226952344179,-0.00725,0.00133333333333717));
#3055=CARTESIAN_POINT('',(0.0149226952344179,-0.00725,-0.00133333333333136));
#3056=CARTESIAN_POINT('',(0.0149226952344179,-0.00725,-0.00399999999999989));
#3057=CARTESIAN_POINT('',(0.0149226952344179,-0.00725000000000011,0.004));
#3058=CARTESIAN_POINT('',(0.0149226952344179,-0.00725,-0.00399999999999988));
#3059=CARTESIAN_POINT('',(0.0149226952344179,-0.00725000000000013,-0.004));
#3060=CARTESIAN_POINT('',(0.0149226952344179,-0.00866666666667325,-0.004));
#3061=CARTESIAN_POINT('',(0.0149226952344179,-0.0100833333333464,-0.004));
#3062=CARTESIAN_POINT('',(0.0149226952344179,-0.0115000000000195,-0.004));
#3063=CARTESIAN_POINT('',(0.0149226952344179,-0.0115,-0.00399999999999989));
#3064=CARTESIAN_POINT('',(0.0149226952344179,-0.0115,-0.00399999999999989));
#3065=CARTESIAN_POINT('',(0.0149226952344179,-0.0115,-0.00133333333333199));
#3066=CARTESIAN_POINT('',(0.0149226952344179,-0.0115,0.0013333333333359));
#3067=CARTESIAN_POINT('',(0.0149226952344179,-0.0115,0.0040000000000038));
#3068=CARTESIAN_POINT('',(0.0149226952344179,-0.0115,0.0040000000000038));
#3069=CARTESIAN_POINT('',(0.0149226952344179,-0.0114999999999997,0.004));
#3070=CARTESIAN_POINT('',(0.0149226952344179,-0.0100833333333332,0.004));
#3071=CARTESIAN_POINT('',(0.0149226952344179,-0.00866666666666664,0.004));
#3072=CARTESIAN_POINT('',(0.0149226952344179,-0.00725000000000009,0.004));
#3073=CARTESIAN_POINT('',(0.0510312649309389,-0.0125,0.005));
#3074=CARTESIAN_POINT('',(0.0159226952344189,-0.0125,-0.004));
#3075=CARTESIAN_POINT('',(0.0393284083654331,-0.0125,-0.004));
#3076=CARTESIAN_POINT('',(0.0627341214964473,-0.0125,-0.004));
#3077=CARTESIAN_POINT('',(0.0861398346274615,-0.0125,-0.004));
#3078=CARTESIAN_POINT('',(0.0159226952344179,-0.0125,-0.00399999999999988));
#3079=CARTESIAN_POINT('',(0.0861398346274615,-0.0125,-0.004));
#3080=CARTESIAN_POINT('',(0.0861398346274599,-0.0125,-0.004));
#3081=CARTESIAN_POINT('',(0.0861398346274599,-0.0125,-0.00133333333333207));
#3082=CARTESIAN_POINT('',(0.0861398346274599,-0.0125,0.00133333333333587));
#3083=CARTESIAN_POINT('',(0.0861398346274599,-0.0125,0.0040000000000038));
#3084=CARTESIAN_POINT('',(0.0861398346274615,-0.0125,0.004));
#3085=CARTESIAN_POINT('',(0.0861398346274616,-0.0125,0.004));
#3086=CARTESIAN_POINT('',(0.062734121496447,-0.0125,0.004));
#3087=CARTESIAN_POINT('',(0.0393284083654324,-0.0125,0.004));
#3088=CARTESIAN_POINT('',(0.0159226952344179,-0.0125,0.004));
#3089=CARTESIAN_POINT('',(0.0159226952344179,-0.0125,0.0040000000000038));
#3090=CARTESIAN_POINT('',(0.0159226952344179,-0.0125,0.0040000000000038));
#3091=CARTESIAN_POINT('',(0.0159226952344179,-0.0125,0.0013333333333359));
#3092=CARTESIAN_POINT('',(0.0159226952344179,-0.0125,-0.00133333333333199));
#3093=CARTESIAN_POINT('',(0.0159226952344179,-0.0125,-0.00399999999999989));
#3094=CARTESIAN_POINT('',(0.0871398346274599,-2.08166817117217E-17,0.005));
#3095=CARTESIAN_POINT('',(0.0871398346274599,0.0114999999999999,0.004));
#3096=CARTESIAN_POINT('',(0.0871398346274599,0.00383333333333327,0.004));
#3097=CARTESIAN_POINT('',(0.0871398346274599,-0.00383333333333331,0.004));
#3098=CARTESIAN_POINT('',(0.0871398346274599,-0.0114999999999999,0.004));
#3099=CARTESIAN_POINT('',(0.0871398346274599,0.0115,0.0040000000000038));
#3100=CARTESIAN_POINT('',(0.0871398346274599,-0.0115,0.004));
#3101=CARTESIAN_POINT('',(0.0871398346274599,-0.0115,0.0040000000000038));
#3102=CARTESIAN_POINT('',(0.0871398346274599,-0.0115,0.00133333333333583));
#3103=CARTESIAN_POINT('',(0.0871398346274599,-0.0115,-0.00133333333333213));
#3104=CARTESIAN_POINT('',(0.0871398346274599,-0.0115,-0.0040000000000001));
#3105=CARTESIAN_POINT('',(0.0871398346274599,-0.0115000000000002,-0.004));
#3106=CARTESIAN_POINT('',(0.0871398346274599,-0.0115000000000002,-0.004));
#3107=CARTESIAN_POINT('',(0.0871398346274599,-0.00383333333333363,-0.004));
#3108=CARTESIAN_POINT('',(0.0871398346274599,0.00383333333333297,-0.004));
#3109=CARTESIAN_POINT('',(0.0871398346274599,0.0114999999999996,-0.004));
#3110=CARTESIAN_POINT('',(0.0871398346274599,0.0115,-0.00399999999999988));
#3111=CARTESIAN_POINT('',(0.0871398346274599,0.0115,-0.00399999999999989));
#3112=CARTESIAN_POINT('',(0.0871398346274599,0.0115,-0.00133333333333199));
#3113=CARTESIAN_POINT('',(0.0871398346274599,0.0115,0.0013333333333359));
#3114=CARTESIAN_POINT('',(0.0871398346274599,0.0115,0.0040000000000038));
#3115=CARTESIAN_POINT('',(0.0510312649309389,0.0125,0.005));
#3116=CARTESIAN_POINT('',(0.0159226952344192,0.0125,0.004));
#3117=CARTESIAN_POINT('',(0.0393284083654333,0.0125,0.004));
#3118=CARTESIAN_POINT('',(0.0627341214964474,0.0125,0.004));
#3119=CARTESIAN_POINT('',(0.0861398346274615,0.0125,0.004));
#3120=CARTESIAN_POINT('',(0.0159226952344179,0.0125,0.0040000000000038));
#3121=CARTESIAN_POINT('',(0.0861398346274615,0.0125,0.004));
#3122=CARTESIAN_POINT('',(0.0861398346274599,0.0125,0.0040000000000038));
#3123=CARTESIAN_POINT('',(0.0861398346274599,0.0125,0.0013333333333359));
#3124=CARTESIAN_POINT('',(0.0861398346274599,0.0125,-0.00133333333333199));
#3125=CARTESIAN_POINT('',(0.0861398346274599,0.0125,-0.00399999999999989));
#3126=CARTESIAN_POINT('',(0.0861398346274615,0.0125,-0.004));
#3127=CARTESIAN_POINT('',(0.0861398346274616,0.0125,-0.004));
#3128=CARTESIAN_POINT('',(0.0627341214964471,0.0125,-0.004));
#3129=CARTESIAN_POINT('',(0.0393284083654327,0.0125,-0.004));
#3130=CARTESIAN_POINT('',(0.0159226952344182,0.0125,-0.004));
#3131=CARTESIAN_POINT('',(0.0159226952344179,0.0125,-0.00400000000000009));
#3132=CARTESIAN_POINT('',(0.0159226952344179,0.0125,-0.004));
#3133=CARTESIAN_POINT('',(0.0159226952344179,0.0125,-0.00133333333333207));
#3134=CARTESIAN_POINT('',(0.0159226952344179,0.0125,0.00133333333333587));
#3135=CARTESIAN_POINT('',(0.0159226952344179,0.0125,0.0040000000000038));
#3136=CARTESIAN_POINT('',(0.0149226952344179,0.009375,0.005));
#3137=CARTESIAN_POINT('',(0.0149226952344179,0.0115,0.0040000000000038));
#3138=CARTESIAN_POINT('',(0.0149226952344179,0.0115,0.00133333333333583));
#3139=CARTESIAN_POINT('',(0.0149226952344179,0.0115,-0.00133333333333213));
#3140=CARTESIAN_POINT('',(0.0149226952344179,0.0115,-0.0040000000000001));
#3141=CARTESIAN_POINT('',(0.0149226952344179,0.0115,0.0040000000000038));
#3142=CARTESIAN_POINT('',(0.0149226952344179,0.0115,-0.0040000000000001));
#3143=CARTESIAN_POINT('',(0.0149226952344179,0.0115000000000199,-0.004));
#3144=CARTESIAN_POINT('',(0.0149226952344179,0.0100833333333466,-0.004));
#3145=CARTESIAN_POINT('',(0.0149226952344179,0.00866666666667339,-0.004));
#3146=CARTESIAN_POINT('',(0.0149226952344179,0.00725000000000014,-0.004));
#3147=CARTESIAN_POINT('',(0.0149226952344179,0.00725,-0.00399999999999989));
#3148=CARTESIAN_POINT('',(0.0149226952344179,0.00725,-0.00399999999999989));
#3149=CARTESIAN_POINT('',(0.0149226952344179,0.00725,-0.00133333333333136));
#3150=CARTESIAN_POINT('',(0.0149226952344179,0.00725,0.00133333333333717));
#3151=CARTESIAN_POINT('',(0.0149226952344179,0.00725,0.0040000000000057));
#3152=CARTESIAN_POINT('',(0.0149226952344179,0.00725000000000008,0.004));
#3153=CARTESIAN_POINT('',(0.0149226952344179,0.00725000000000009,0.004));
#3154=CARTESIAN_POINT('',(0.0149226952344179,0.00866666666666696,0.004));
#3155=CARTESIAN_POINT('',(0.0149226952344179,0.0100833333333338,0.004));
#3156=CARTESIAN_POINT('',(0.0149226952344179,0.0115000000000007,0.004));
#3157=CARTESIAN_POINT('',(0.0304010117090017,0.00625,0.005));
#3158=CARTESIAN_POINT('',(0.0304010117090017,0.00625,0.005));
#3159=CARTESIAN_POINT('',(0.0159226952344179,0.00625,0.005));
#3160=CARTESIAN_POINT('',(0.0806692434927553,0.00625,0.005));
#3161=CARTESIAN_POINT('',(0.015922695234418,0.00625,0.00500000000000076));
#3162=CARTESIAN_POINT('',(0.015922695234418,0.00625,0.00166666666666717));
#3163=CARTESIAN_POINT('',(0.015922695234418,0.00625,-0.00166666666666641));
#3164=CARTESIAN_POINT('',(0.015922695234418,0.00625,-0.005));
#3165=CARTESIAN_POINT('',(0.0159226952344179,0.00625,-0.005));
#3166=CARTESIAN_POINT('',(0.0304010117090017,0.00625,-0.005));
#3167=CARTESIAN_POINT('',(0.0806692434927553,0.00625,-0.005));
#3168=CARTESIAN_POINT('',(0.0806692434927553,0.00625,0.005));
#3169=CARTESIAN_POINT('',(0.0806692434927553,-2.34187669256869E-17,0.005));
#3170=CARTESIAN_POINT('',(0.0806692434927553,-2.34187669256869E-17,-0.005));
#3171=CARTESIAN_POINT('',(0.0806692434927553,-2.34187669256869E-17,0.005));
#3172=CARTESIAN_POINT('',(0.000440475819076358,0.,0.005));
#3173=CARTESIAN_POINT('',(0.0159226952344179,-0.00625,0.005));
#3174=CARTESIAN_POINT('',(0.0159226952344179,-0.00799999999999994,0.005));
#3175=CARTESIAN_POINT('',(0.0159226952344179,-0.00974999999999988,0.005));
#3176=CARTESIAN_POINT('',(0.0159226952344179,-0.0114999999999998,0.005));
#3177=CARTESIAN_POINT('',(0.0159226952344179,-0.0115,0.005));
#3178=CARTESIAN_POINT('',(0.0159226952344179,-0.0115,0.005));
#3179=CARTESIAN_POINT('',(0.0393284083654323,-0.0115,0.005));
#3180=CARTESIAN_POINT('',(0.0627341214964466,-0.0115,0.005));
#3181=CARTESIAN_POINT('',(0.086139834627461,-0.0115,0.005));
#3182=CARTESIAN_POINT('',(0.0861398346274599,-0.0115,0.005));
#3183=CARTESIAN_POINT('',(0.08613983462746,-0.0115,0.005));
#3184=CARTESIAN_POINT('',(0.0861398346274599,-0.00383333333333338,0.005));
#3185=CARTESIAN_POINT('',(0.0861398346274599,0.00383333333333324,0.005));
#3186=CARTESIAN_POINT('',(0.0861398346274599,0.0114999999999999,0.005));
#3187=CARTESIAN_POINT('',(0.086139834627461,0.0115,0.005));
#3188=CARTESIAN_POINT('',(0.086139834627461,0.0115,0.005));
#3189=CARTESIAN_POINT('',(0.0627341214964471,0.0115,0.005));
#3190=CARTESIAN_POINT('',(0.0393284083654332,0.0115,0.005));
#3191=CARTESIAN_POINT('',(0.0159226952344193,0.0115,0.005));
#3192=CARTESIAN_POINT('',(0.0159226952344179,0.0115000000000002,0.005));
#3193=CARTESIAN_POINT('',(0.0159226952344179,0.0115000000000002,0.005));
#3194=CARTESIAN_POINT('',(0.0159226952344179,0.00975000000000016,0.005));
#3195=CARTESIAN_POINT('',(0.0159226952344179,0.00800000000000008,0.005));
#3196=CARTESIAN_POINT('',(0.0159226952344179,0.00625,0.005));
#3197=CARTESIAN_POINT('',(0.000440475819076358,0.,-0.005));
#3198=CARTESIAN_POINT('',(0.086139834627461,-0.0115,-0.005));
#3199=CARTESIAN_POINT('',(0.062734121496447,-0.0115,-0.005));
#3200=CARTESIAN_POINT('',(0.039328408365433,-0.0115,-0.005));
#3201=CARTESIAN_POINT('',(0.015922695234419,-0.0115,-0.005));
#3202=CARTESIAN_POINT('',(0.0861398346274599,-0.0115000000000002,-0.005));
#3203=CARTESIAN_POINT('',(0.015922695234419,-0.0115,-0.005));
#3204=CARTESIAN_POINT('',(0.0159226952344179,-0.0115000000000133,-0.005));
#3205=CARTESIAN_POINT('',(0.0159226952344179,-0.00975000000000885,-0.005));
#3206=CARTESIAN_POINT('',(0.0159226952344179,-0.00800000000000443,-0.005));
#3207=CARTESIAN_POINT('',(0.0159226952344179,-0.00625,-0.005));
#3208=CARTESIAN_POINT('',(0.0159226952344179,0.00625,-0.005));
#3209=CARTESIAN_POINT('',(0.0159226952344179,0.00800000000000441,-0.005));
#3210=CARTESIAN_POINT('',(0.0159226952344179,0.00975000000000883,-0.005));
#3211=CARTESIAN_POINT('',(0.0159226952344179,0.0115000000000132,-0.005));
#3212=CARTESIAN_POINT('',(0.0159226952344179,0.0115000000000132,-0.005));
#3213=CARTESIAN_POINT('',(0.0159226952344183,0.0115,-0.005));
#3214=CARTESIAN_POINT('',(0.0393284083654325,0.0115,-0.005));
#3215=CARTESIAN_POINT('',(0.0627341214964468,0.0115,-0.005));
#3216=CARTESIAN_POINT('',(0.0861398346274611,0.0115,-0.005));
#3217=CARTESIAN_POINT('',(0.086139834627461,0.0115,-0.005));
#3218=CARTESIAN_POINT('',(0.08613983462746,0.0114999999999996,-0.005));
#3219=CARTESIAN_POINT('',(0.08613983462746,0.00383333333333297,-0.005));
#3220=CARTESIAN_POINT('',(0.08613983462746,-0.00383333333333363,-0.005));
#3221=CARTESIAN_POINT('',(0.08613983462746,-0.0115000000000002,-0.005));
#3222=CARTESIAN_POINT('',(0.0867648346274601,-0.0121249999999999,0.00462500000000047));
#3223=CARTESIAN_POINT('',(0.0867856679607934,-0.0121458333333332,0.00458333333333391));
#3224=CARTESIAN_POINT('',(0.0868040879407119,-0.0121642533132518,0.00453912611513345));
#3225=CARTESIAN_POINT('',(0.0868353984405817,-0.0121955638131216,0.00444544864004265));
#3226=CARTESIAN_POINT('',(0.0868482889605329,-0.0122084543330728,0.0043959783831523));
#3227=CARTESIAN_POINT('',(0.0868776122007285,-0.0122377775732685,0.0042394001510133));
#3228=CARTESIAN_POINT('',(0.08688983462746,-0.01225,0.00412500000000164));
#3229=CARTESIAN_POINT('',(0.08688983462746,-0.01225,0.0040000000000019));
#3230=CARTESIAN_POINT('',(0.0867231679607934,-0.0121458333333332,0.00464583333333375));
#3231=CARTESIAN_POINT('',(0.086737875433945,-0.012181374139818,0.00459804080648538));
#3232=CARTESIAN_POINT('',(0.0867517413933037,-0.0122095622326098,0.00454861332183667));
#3233=CARTESIAN_POINT('',(0.0867768136543684,-0.0122532466515584,0.00444755939454335));
#3234=CARTESIAN_POINT('',(0.0867880199560746,-0.0122687429777152,0.00439593295189875));
#3235=CARTESIAN_POINT('',(0.0868161844296137,-0.0122992147973596,0.00423936162337826));
#3236=CARTESIAN_POINT('',(0.0868346748327349,-0.0123051597947251,0.00412500032060087));
#3237=CARTESIAN_POINT('',(0.0868420087724676,-0.0122978258549924,0.0040000000000019));
#3238=CARTESIAN_POINT('',(0.0866789607425929,-0.0121642533132518,0.00466425331325228));
#3239=CARTESIAN_POINT('',(0.0866884478691464,-0.0122095622326507,0.0046119067658033));
#3240=CARTESIAN_POINT('',(0.0866982488600932,-0.0122439177357876,0.00455841438172192));
#3241=CARTESIAN_POINT('',(0.0867174115516985,-0.0122952854672686,0.00445149481988864));
#3242=CARTESIAN_POINT('',(0.0867267732523569,-0.012312336556802,0.00439804643039752));
#3243=CARTESIAN_POINT('',(0.0867525988902869,-0.012344211342364,0.00423998688000275));
#3244=CARTESIAN_POINT('',(0.0867743932181077,-0.0123474151887897,0.00412546336658683));
#3245=CARTESIAN_POINT('',(0.0867872234801106,-0.012338570772954,0.00400000000000184));
#3246=CARTESIAN_POINT('',(0.086585283267502,-0.0121955638131215,0.00469556381312194));
#3247=CARTESIAN_POINT('',(0.0865873937414785,-0.0122532466516707,0.00463697902679678));
#3248=CARTESIAN_POINT('',(0.0865913290534924,-0.0122952853915601,0.00457757719296511));
#3249=CARTESIAN_POINT('',(0.0866015893274131,-0.0123563757810626,0.00446175513355027));
#3250=CARTESIAN_POINT('',(0.0866079142893197,-0.0123755668646351,0.00440526484700699));
#3251=CARTESIAN_POINT('',(0.0866285836106043,-0.012410925259523,0.00424245750183647));
#3252=CARTESIAN_POINT('',(0.0866519421190106,-0.0124124596312972,0.00412694140677216));
#3253=CARTESIAN_POINT('',(0.0866691275671682,-0.0124045376521239,0.00400000000000167));
#3254=CARTESIAN_POINT('',(0.0865358130106116,-0.0122084543330727,0.00470845433307308));
#3255=CARTESIAN_POINT('',(0.0865357671786091,-0.012268742977858,0.00464818532847234));
#3256=CARTESIAN_POINT('',(0.0865378806756556,-0.0123123363989343,0.00458693894432304));
#3257=CARTESIAN_POINT('',(0.0865450995754995,-0.0123755666856943,0.00446808002186661));
#3258=CARTESIAN_POINT('',(0.0865502049782968,-0.0123954046969179,0.00441036978511768));
#3259=CARTESIAN_POINT('',(0.0865680189167945,-0.0124329807884681,0.00424430286704571));
#3260=CARTESIAN_POINT('',(0.0865896715632053,-0.0124356141550837,0.00412795640097153));
#3261=CARTESIAN_POINT('',(0.086605952475057,-0.0124298688875454,0.00400000000000154));
#3262=CARTESIAN_POINT('',(0.0863792347784724,-0.0122377775732684,0.00473777757326867));
#3263=CARTESIAN_POINT('',(0.0863791956096389,-0.0122992147974409,0.00467634980207262));
#3264=CARTESIAN_POINT('',(0.0863798204086563,-0.0123442111890039,0.00461276471326879));
#3265=CARTESIAN_POINT('',(0.0863822903366683,-0.0124109255802537,0.004488749063195));
#3266=CARTESIAN_POINT('',(0.086384135465663,-0.0124329818278277,0.00442818224902853));
#3267=CARTESIAN_POINT('',(0.0863913399390259,-0.0124793289938081,0.0042515079356492));
#3268=CARTESIAN_POINT('',(0.0864015015130322,-0.0124876535218979,0.00413126905204976));
#3269=CARTESIAN_POINT('',(0.0864111909859405,-0.0124867946568256,0.00400000000000119));
#3270=CARTESIAN_POINT('',(0.0862648346274606,-0.01225,0.00475000000000007));
#3271=CARTESIAN_POINT('',(0.0862648343068614,-0.012305159794725,0.00469484020527502));
#3272=CARTESIAN_POINT('',(0.0862652967885372,-0.0123474149025502,0.00463455910007825));
#3273=CARTESIAN_POINT('',(0.086266773814224,-0.0124124597542126,0.00451210730574376));
#3274=CARTESIAN_POINT('',(0.0862677883582351,-0.0124356151043092,0.00444983380472674));
#3275=CARTESIAN_POINT('',(0.0862710997704484,-0.0124876525850116,0.00426166975511472));
#3276=CARTESIAN_POINT('',(0.0862736644188312,-0.0125,0.00413383437740867));
#3277=CARTESIAN_POINT('',(0.0862750919385943,-0.0125,0.00400000000000095));
#3278=CARTESIAN_POINT('',(0.0861398346274607,-0.01225,0.00475));
#3279=CARTESIAN_POINT('',(0.0861398346274609,-0.0122978258549924,0.00470217414500761));
#3280=CARTESIAN_POINT('',(0.0861398346274608,-0.0123385704280182,0.00464738940871732));
#3281=CARTESIAN_POINT('',(0.0861398346274607,-0.0124045376540173,0.00452929299776631));
#3282=CARTESIAN_POINT('',(0.0861398346274607,-0.0124298697404798,0.00446611508717453));
#3283=CARTESIAN_POINT('',(0.0861398346274605,-0.012486793528083,0.00427135990478792));
#3284=CARTESIAN_POINT('',(0.0861398346274605,-0.0125,0.00413526258383426));
#3285=CARTESIAN_POINT('',(0.0861398346274605,-0.0125,0.00400000000000095));
#3286=CARTESIAN_POINT('',(0.0867648346274601,-0.0121249999999999,0.00462500000000047));
#3287=CARTESIAN_POINT('',(0.0867231679607934,-0.0121458333333332,0.00464583333333375));
#3288=CARTESIAN_POINT('',(0.0866789607425929,-0.0121642533132518,0.00466425331325228));
#3289=CARTESIAN_POINT('',(0.086585283267502,-0.0121955638131215,0.00469556381312194));
#3290=CARTESIAN_POINT('',(0.0865358130106116,-0.0122084543330727,0.00470845433307308));
#3291=CARTESIAN_POINT('',(0.0863792347784724,-0.0122377775732684,0.00473777757326867));
#3292=CARTESIAN_POINT('',(0.0862648346274606,-0.01225,0.00475000000000007));
#3293=CARTESIAN_POINT('',(0.0861398346274607,-0.01225,0.00475));
#3294=CARTESIAN_POINT('',(0.0861398346274607,-0.01225,0.00475));
#3295=CARTESIAN_POINT('',(0.0867648346274601,-0.0121249999999999,0.00462500000000047));
#3296=CARTESIAN_POINT('',(0.0861398346274605,-0.0125,0.00400000000000095));
#3297=CARTESIAN_POINT('',(0.0861398346274606,-0.0124999999999998,0.00433333333333444));
#3298=CARTESIAN_POINT('',(0.0861398346274607,-0.0124166666666668,0.00458333333333444));
#3299=CARTESIAN_POINT('',(0.0861398346274607,-0.0122500000000009,0.00475000000000095));
#3300=CARTESIAN_POINT('',(0.0868898346274599,-0.0122499999999999,0.0040000000000019));
#3301=CARTESIAN_POINT('',(0.0867231679607934,-0.0124166666666665,0.00400000000000158));
#3302=CARTESIAN_POINT('',(0.0864731679607936,-0.0124999999999999,0.00400000000000127));
#3303=CARTESIAN_POINT('',(0.0861398346274605,-0.0125,0.00400000000000095));
#3304=CARTESIAN_POINT('',(0.0868898346274599,-0.01225,0.0040000000000019));
#3305=CARTESIAN_POINT('',(0.0867648346274601,-0.0121249999999999,0.00462500000000047));
#3306=CARTESIAN_POINT('',(0.0867856679607934,-0.0121458333333332,0.00458333333333391));
#3307=CARTESIAN_POINT('',(0.0868040879407119,-0.0121642533132518,0.00453912611513345));
#3308=CARTESIAN_POINT('',(0.0868353984405817,-0.0121955638131216,0.00444544864004264));
#3309=CARTESIAN_POINT('',(0.0868482889605329,-0.0122084543330728,0.00439597838315229));
#3310=CARTESIAN_POINT('',(0.0868776122007285,-0.0122377775732685,0.0042394001510133));
#3311=CARTESIAN_POINT('',(0.08688983462746,-0.01225,0.00412500000000164));
#3312=CARTESIAN_POINT('',(0.08688983462746,-0.01225,0.0040000000000019));
#3313=CARTESIAN_POINT('',(0.0867648346274601,-0.0121249999999999,0.00462500000000047));
#3314=CARTESIAN_POINT('',(0.0867856679607934,-0.0120833333333332,0.00464583333333374));
#3315=CARTESIAN_POINT('',(0.0868040879407119,-0.0120391261151326,0.00466425331325225));
#3316=CARTESIAN_POINT('',(0.0868353984405816,-0.0119454486400416,0.0046955638131219));
#3317=CARTESIAN_POINT('',(0.0868482889605328,-0.0118959783831511,0.00470845433307303));
#3318=CARTESIAN_POINT('',(0.0868776122007284,-0.0117394001510118,0.00473777757326862));
#3319=CARTESIAN_POINT('',(0.0868898346274599,-0.011625,0.00475));
#3320=CARTESIAN_POINT('',(0.0868898346274599,-0.0115,0.00475));
#3321=CARTESIAN_POINT('',(0.0867856679607934,-0.0121458333333332,0.00458333333333391));
#3322=CARTESIAN_POINT('',(0.0868212087672782,-0.0120980408064847,0.00459804080648535));
#3323=CARTESIAN_POINT('',(0.0868493968600699,-0.0120486133218359,0.00461190676584398));
#3324=CARTESIAN_POINT('',(0.0868930812790184,-0.0119475593945423,0.00463697902690867));
#3325=CARTESIAN_POINT('',(0.0869085776051751,-0.0118959329518976,0.00464818532861475));
#3326=CARTESIAN_POINT('',(0.0869390494248195,-0.0117393616233767,0.00467634980215381));
#3327=CARTESIAN_POINT('',(0.086944994422185,-0.0116250003205991,0.00469484020527498));
#3328=CARTESIAN_POINT('',(0.0869376604824523,-0.0115,0.00470217414500759));
#3329=CARTESIAN_POINT('',(0.0868040879407119,-0.0121642533132518,0.00453912611513345));
#3330=CARTESIAN_POINT('',(0.0868493968601108,-0.0121119067658027,0.00454861324168686));
#3331=CARTESIAN_POINT('',(0.0868837523632477,-0.0120584143817212,0.00455841423263366));
#3332=CARTESIAN_POINT('',(0.0869351200947286,-0.0119514948198876,0.00457757692423885));
#3333=CARTESIAN_POINT('',(0.0869521711842619,-0.0118980464303964,0.00458693862489726));
#3334=CARTESIAN_POINT('',(0.0869840459698238,-0.0117399868800013,0.00461276426282714));
#3335=CARTESIAN_POINT('',(0.0869872498162496,-0.0116254633665851,0.00463455859064787));
#3336=CARTESIAN_POINT('',(0.0869784054004138,-0.0115,0.00464738885265072));
#3337=CARTESIAN_POINT('',(0.0868353984405817,-0.0121955638131216,0.00444544864004264));
#3338=CARTESIAN_POINT('',(0.0868930812791308,-0.0121369790267963,0.00444755911401907));
#3339=CARTESIAN_POINT('',(0.0869351200190201,-0.0120775771929645,0.00445149442603307));
#3340=CARTESIAN_POINT('',(0.0869962104085226,-0.0119617551335494,0.00446175469995358));
#3341=CARTESIAN_POINT('',(0.087015401492095,-0.011905264847006,0.0044680796618601));
#3342=CARTESIAN_POINT('',(0.087050759886983,-0.0117424575018351,0.00448874898314455));
#3343=CARTESIAN_POINT('',(0.0870522942587572,-0.0116269414067706,0.00451210749155073));
#3344=CARTESIAN_POINT('',(0.0870443722795838,-0.0115,0.00452929293970832));
#3345=CARTESIAN_POINT('',(0.0868482889605329,-0.0122084543330728,0.00439597838315229));
#3346=CARTESIAN_POINT('',(0.0869085776053181,-0.0121481853284719,0.00439593255114978));
#3347=CARTESIAN_POINT('',(0.0869521710263943,-0.0120869389443225,0.00439804604819626));
#3348=CARTESIAN_POINT('',(0.0870154013131542,-0.0119680800218658,0.00440526494804008));
#3349=CARTESIAN_POINT('',(0.0870352393243778,-0.0119103697851167,0.00441037035083741));
#3350=CARTESIAN_POINT('',(0.0870728154159279,-0.0117443028670444,0.00442818428933491));
#3351=CARTESIAN_POINT('',(0.0870754487825435,-0.0116279564009701,0.00444983693574559));
#3352=CARTESIAN_POINT('',(0.0870697035150053,-0.0115,0.0044661178475972));
#3353=CARTESIAN_POINT('',(0.0868776122007285,-0.0122377775732685,0.0042394001510133));
#3354=CARTESIAN_POINT('',(0.086939049424901,-0.0121763498020724,0.0042393609821798));
#3355=CARTESIAN_POINT('',(0.086984045816464,-0.0121127647132685,0.00423998578119717));
#3356=CARTESIAN_POINT('',(0.0870507602077137,-0.0119887490631944,0.00424245570920914));
#3357=CARTESIAN_POINT('',(0.0870728164552877,-0.0119281822490278,0.00424430083820374));
#3358=CARTESIAN_POINT('',(0.087119163621268,-0.0117515079356482,0.00425150531156654));
#3359=CARTESIAN_POINT('',(0.0871274881493578,-0.0116312690520485,0.00426166688557251));
#3360=CARTESIAN_POINT('',(0.0871266292842855,-0.0115,0.0042713563584808));
#3361=CARTESIAN_POINT('',(0.08688983462746,-0.01225,0.00412500000000164));
#3362=CARTESIAN_POINT('',(0.0869449944221851,-0.0121948402052749,0.00412499967940241));
#3363=CARTESIAN_POINT('',(0.0869872495300102,-0.0121345591000781,0.00412546216107823));
#3364=CARTESIAN_POINT('',(0.0870522943816726,-0.0120121073057434,0.00412693918676502));
#3365=CARTESIAN_POINT('',(0.0870754497317692,-0.0119498338047263,0.00412795373077599));
#3366=CARTESIAN_POINT('',(0.0871274872124715,-0.0117616697551139,0.00413126514298917));
#3367=CARTESIAN_POINT('',(0.0871398346274599,-0.0116338343774076,0.00413382979137166));
#3368=CARTESIAN_POINT('',(0.0871398346274599,-0.0115,0.00413525731113472));
#3369=CARTESIAN_POINT('',(0.08688983462746,-0.01225,0.0040000000000019));
#3370=CARTESIAN_POINT('',(0.0869376604824524,-0.0122021741450076,0.0040000000000019));
#3371=CARTESIAN_POINT('',(0.0869784050554781,-0.0121473894087173,0.00400000000000184));
#3372=CARTESIAN_POINT('',(0.0870443722814772,-0.012029292997766,0.00400000000000167));
#3373=CARTESIAN_POINT('',(0.0870697043679397,-0.0119661150871741,0.00400000000000154));
#3374=CARTESIAN_POINT('',(0.0871266281555428,-0.0117713599047872,0.00400000000000118));
#3375=CARTESIAN_POINT('',(0.0871398346274599,-0.0116352625838333,0.00400000000000095));
#3376=CARTESIAN_POINT('',(0.0871398346274599,-0.0115,0.00400000000000095));
#3377=CARTESIAN_POINT('',(0.0871398346274599,-0.0115,0.00400000000000095));
#3378=CARTESIAN_POINT('',(0.0871398346274599,-0.0118333333333333,0.00400000000000127));
#3379=CARTESIAN_POINT('',(0.0870565012941266,-0.0120833333333333,0.00400000000000158));
#3380=CARTESIAN_POINT('',(0.0868898346274599,-0.0122499999999999,0.0040000000000019));
#3381=CARTESIAN_POINT('',(0.0868898346274599,-0.0115,0.00474999999999999));
#3382=CARTESIAN_POINT('',(0.0870565012941264,-0.0115,0.00458333333333348));
#3383=CARTESIAN_POINT('',(0.0871398346274598,-0.0115,0.0043333333333338));
#3384=CARTESIAN_POINT('',(0.0871398346274599,-0.0115,0.00400000000000095));
#3385=CARTESIAN_POINT('',(0.0868898346274599,-0.0115,0.00475));
#3386=CARTESIAN_POINT('',(0.0867648346274601,-0.0121249999999999,0.00462500000000047));
#3387=CARTESIAN_POINT('',(0.0867856679607934,-0.0120833333333332,0.00464583333333374));
#3388=CARTESIAN_POINT('',(0.0868040879407119,-0.0120391261151326,0.00466425331325225));
#3389=CARTESIAN_POINT('',(0.0868353984405816,-0.0119454486400416,0.0046955638131219));
#3390=CARTESIAN_POINT('',(0.0868482889605328,-0.0118959783831511,0.00470845433307303));
#3391=CARTESIAN_POINT('',(0.0868776122007284,-0.0117394001510118,0.00473777757326862));
#3392=CARTESIAN_POINT('',(0.0868898346274599,-0.011625,0.00475));
#3393=CARTESIAN_POINT('',(0.0868898346274599,-0.0115,0.00475));
#3394=CARTESIAN_POINT('',(0.0867648346274601,0.0121249999999998,0.00462500000000047));
#3395=CARTESIAN_POINT('',(0.0867231679607934,0.0121458333333332,0.00464583333333376));
#3396=CARTESIAN_POINT('',(0.0866789607425929,0.0121642533132517,0.00466425331325228));
#3397=CARTESIAN_POINT('',(0.086585283267502,0.0121955638131215,0.00469556381312194));
#3398=CARTESIAN_POINT('',(0.0865358130106116,0.0122084543330727,0.00470845433307308));
#3399=CARTESIAN_POINT('',(0.0863792347784724,0.0122377775732684,0.00473777757326867));
#3400=CARTESIAN_POINT('',(0.0862648346274606,0.01225,0.00475000000000006));
#3401=CARTESIAN_POINT('',(0.0861398346274607,0.01225,0.00475));
#3402=CARTESIAN_POINT('',(0.0867856679607934,0.0121458333333332,0.00458333333333391));
#3403=CARTESIAN_POINT('',(0.0867378754339449,0.012181374139818,0.00459804080648538));
#3404=CARTESIAN_POINT('',(0.0866884479492961,0.0122095622326098,0.00461190676584401));
#3405=CARTESIAN_POINT('',(0.0865873940220027,0.0122532466515583,0.00463697902690873));
#3406=CARTESIAN_POINT('',(0.0865357675793581,0.0122687429777151,0.00464818532861481));
#3407=CARTESIAN_POINT('',(0.0863791962508374,0.0122992147973595,0.00467634980215386));
#3408=CARTESIAN_POINT('',(0.0862648349480599,0.012305159794725,0.00469484020527501));
#3409=CARTESIAN_POINT('',(0.0861398346274607,0.0122978258549924,0.0047021741450076));
#3410=CARTESIAN_POINT('',(0.0868040879407119,0.0121642533132518,0.00453912611513345));
#3411=CARTESIAN_POINT('',(0.0867517413932629,0.0122095622326506,0.00454861324168689));
#3412=CARTESIAN_POINT('',(0.0866982490091814,0.0122439177357876,0.0045584142326337));
#3413=CARTESIAN_POINT('',(0.0865913294473481,0.0122952854672685,0.00457757692423891));
#3414=CARTESIAN_POINT('',(0.0865378810578569,0.0123123365568019,0.00458693862489731));
#3415=CARTESIAN_POINT('',(0.0863798215074619,0.0123442113423639,0.00461276426282718));
#3416=CARTESIAN_POINT('',(0.0862652979940459,0.0123474151887897,0.0046345585906479));
#3417=CARTESIAN_POINT('',(0.0861398346274607,0.0123385707729539,0.00464738885265072));
#3418=CARTESIAN_POINT('',(0.0868353984405817,0.0121955638131215,0.00444544864004265));
#3419=CARTESIAN_POINT('',(0.0867768136542565,0.0122532466516707,0.00444755911401911));
#3420=CARTESIAN_POINT('',(0.0867174118204247,0.01229528539156,0.00445149442603312));
#3421=CARTESIAN_POINT('',(0.0866015897610098,0.0123563757810626,0.00446175469995364));
#3422=CARTESIAN_POINT('',(0.0865450994744664,0.0123755668646351,0.00446807966186016));
#3423=CARTESIAN_POINT('',(0.0863822921292958,0.012410925259523,0.0044887489831446));
#3424=CARTESIAN_POINT('',(0.0862667760342314,0.0124124596312972,0.00451210749155078));
#3425=CARTESIAN_POINT('',(0.0861398346274608,0.0124045376521239,0.00452929293970836));
#3426=CARTESIAN_POINT('',(0.0868482889605329,0.0122084543330727,0.0043959783831523));
#3427=CARTESIAN_POINT('',(0.0867880199559321,0.012268742977858,0.00439593255114981));
#3428=CARTESIAN_POINT('',(0.0867267735717827,0.0123123363989343,0.0043980460481963));
#3429=CARTESIAN_POINT('',(0.0866079146493262,0.0123755666856942,0.00440526494804013));
#3430=CARTESIAN_POINT('',(0.0865502044125772,0.0123954046969178,0.00441037035083746));
#3431=CARTESIAN_POINT('',(0.0863841374945051,0.012432980788468,0.00442818428933496));
#3432=CARTESIAN_POINT('',(0.0862677910284308,0.0124356141550836,0.00444983693574563));
#3433=CARTESIAN_POINT('',(0.0861398346274607,0.0124298688875453,0.00446611784759722));
#3434=CARTESIAN_POINT('',(0.0868776122007285,0.0122377775732685,0.0042394001510133));
#3435=CARTESIAN_POINT('',(0.0868161844295324,0.0122992147974409,0.0042393609821798));
#3436=CARTESIAN_POINT('',(0.0867525993407285,0.0123442111890039,0.00423998578119719));
#3437=CARTESIAN_POINT('',(0.0866285836906547,0.0124109255802537,0.00424245570920917));
#3438=CARTESIAN_POINT('',(0.0865680168764881,0.0124329818278277,0.00424430083820377));
#3439=CARTESIAN_POINT('',(0.0863913425631087,0.0124793289938081,0.00425150531156656));
#3440=CARTESIAN_POINT('',(0.0862711036795091,0.0124876535218979,0.00426166688557253));
#3441=CARTESIAN_POINT('',(0.0861398346274605,0.0124867946568256,0.00427135635848081));
#3442=CARTESIAN_POINT('',(0.08688983462746,0.01225,0.00412500000000164));
#3443=CARTESIAN_POINT('',(0.0868346748327349,0.012305159794725,0.00412499967940241));
#3444=CARTESIAN_POINT('',(0.086774393727538,0.0123474149025502,0.00412546216107823));
#3445=CARTESIAN_POINT('',(0.0866519419332036,0.0124124597542125,0.00412693918676502));
#3446=CARTESIAN_POINT('',(0.0865896684321864,0.0124356151043092,0.00412795373077599));
#3447=CARTESIAN_POINT('',(0.0864015043825743,0.0124876525850116,0.00413126514298917));
#3448=CARTESIAN_POINT('',(0.0862736690048681,0.0125,0.00413382979137166));
#3449=CARTESIAN_POINT('',(0.0861398346274604,0.0125,0.00413525731113473));
#3450=CARTESIAN_POINT('',(0.0868898346274599,0.01225,0.0040000000000019));
#3451=CARTESIAN_POINT('',(0.0868420087724675,0.0122978258549924,0.0040000000000019));
#3452=CARTESIAN_POINT('',(0.0867872240361771,0.0123385704280182,0.00400000000000184));
#3453=CARTESIAN_POINT('',(0.0866691276252262,0.0124045376540173,0.00400000000000167));
#3454=CARTESIAN_POINT('',(0.0866059497146342,0.0124298697404798,0.00400000000000154));
#3455=CARTESIAN_POINT('',(0.0864111945322476,0.0124867935280829,0.00400000000000119));
#3456=CARTESIAN_POINT('',(0.0862750972112937,0.0125,0.00400000000000095));
#3457=CARTESIAN_POINT('',(0.0861398346274605,0.0125,0.00400000000000095));
#3458=CARTESIAN_POINT('',(0.0867648346274601,0.0121249999999998,0.00462500000000047));
#3459=CARTESIAN_POINT('',(0.0867856679607934,0.0121458333333332,0.00458333333333391));
#3460=CARTESIAN_POINT('',(0.0868040879407119,0.0121642533132518,0.00453912611513345));
#3461=CARTESIAN_POINT('',(0.0868353984405817,0.0121955638131215,0.00444544864004265));
#3462=CARTESIAN_POINT('',(0.0868482889605329,0.0122084543330727,0.0043959783831523));
#3463=CARTESIAN_POINT('',(0.0868776122007285,0.0122377775732685,0.0042394001510133));
#3464=CARTESIAN_POINT('',(0.08688983462746,0.01225,0.00412500000000164));
#3465=CARTESIAN_POINT('',(0.0868898346274599,0.01225,0.0040000000000019));
#3466=CARTESIAN_POINT('',(0.0868898346274599,0.01225,0.0040000000000019));
#3467=CARTESIAN_POINT('',(0.0867648346274601,0.0121249999999998,0.00462500000000047));
#3468=CARTESIAN_POINT('',(0.0861398346274605,0.0125,0.00400000000000095));
#3469=CARTESIAN_POINT('',(0.0864731679607935,0.0124999999999999,0.00400000000000127));
#3470=CARTESIAN_POINT('',(0.0867231679607933,0.0124166666666666,0.00400000000000158));
#3471=CARTESIAN_POINT('',(0.0868898346274599,0.01225,0.0040000000000019));
#3472=CARTESIAN_POINT('',(0.0861398346274607,0.01225,0.00475));
#3473=CARTESIAN_POINT('',(0.0861398346274606,0.0124166666666665,0.00458333333333349));
#3474=CARTESIAN_POINT('',(0.0861398346274606,0.0124999999999999,0.00433333333333381));
#3475=CARTESIAN_POINT('',(0.0861398346274605,0.0125,0.00400000000000095));
#3476=CARTESIAN_POINT('',(0.0861398346274607,0.01225,0.00475));
#3477=CARTESIAN_POINT('',(0.0867648346274601,0.0121249999999998,0.00462500000000047));
#3478=CARTESIAN_POINT('',(0.0867231679607934,0.0121458333333332,0.00464583333333376));
#3479=CARTESIAN_POINT('',(0.0866789607425929,0.0121642533132517,0.00466425331325228));
#3480=CARTESIAN_POINT('',(0.086585283267502,0.0121955638131215,0.00469556381312194));
#3481=CARTESIAN_POINT('',(0.0865358130106116,0.0122084543330727,0.00470845433307308));
#3482=CARTESIAN_POINT('',(0.0863792347784724,0.0122377775732684,0.00473777757326867));
#3483=CARTESIAN_POINT('',(0.0862648346274606,0.01225,0.00475000000000006));
#3484=CARTESIAN_POINT('',(0.0861398346274607,0.01225,0.00475));
#3485=CARTESIAN_POINT('',(0.0867648346274601,0.0121249999999998,0.00462500000000047));
#3486=CARTESIAN_POINT('',(0.0867856679607933,0.0120833333333332,0.00464583333333374));
#3487=CARTESIAN_POINT('',(0.0868040879407119,0.0120391261151326,0.00466425331325225));
#3488=CARTESIAN_POINT('',(0.0868353984405816,0.0119454486400415,0.0046955638131219));
#3489=CARTESIAN_POINT('',(0.0868482889605328,0.0118959783831511,0.00470845433307304));
#3490=CARTESIAN_POINT('',(0.0868776122007284,0.0117394001510117,0.00473777757326863));
#3491=CARTESIAN_POINT('',(0.0868898346274599,0.0116249999999998,0.00475));
#3492=CARTESIAN_POINT('',(0.0868898346274599,0.0115,0.00475));
#3493=CARTESIAN_POINT('',(0.0867231679607934,0.0121458333333332,0.00464583333333376));
#3494=CARTESIAN_POINT('',(0.0867378754339449,0.0120980408064846,0.00468137413981849));
#3495=CARTESIAN_POINT('',(0.0867517413933036,0.0120486133218358,0.00470956223261018));
#3496=CARTESIAN_POINT('',(0.0867768136543683,0.0119475593945422,0.00475324665155861));
#3497=CARTESIAN_POINT('',(0.0867880199560744,0.0118959329518975,0.00476874297771533));
#3498=CARTESIAN_POINT('',(0.0868161844296136,0.0117393616233767,0.00479921479735966));
#3499=CARTESIAN_POINT('',(0.0868346748327348,0.0116250003205991,0.00480515979472507));
#3500=CARTESIAN_POINT('',(0.0868420087724675,0.0115,0.00479782585499238));
#3501=CARTESIAN_POINT('',(0.0866789607425929,0.0121642533132517,0.00466425331325228));
#3502=CARTESIAN_POINT('',(0.0866884478691463,0.0121119067658026,0.00470956223265105));
#3503=CARTESIAN_POINT('',(0.0866982488600931,0.0120584143817211,0.00474391773578793));
#3504=CARTESIAN_POINT('',(0.0867174115516984,0.0119514948198875,0.00479528546726878));
#3505=CARTESIAN_POINT('',(0.0867267732523568,0.0118980464303963,0.00481233655680209));
#3506=CARTESIAN_POINT('',(0.0867525988902869,0.0117399868800012,0.00484421134236398));
#3507=CARTESIAN_POINT('',(0.0867743932181077,0.0116254633665851,0.00484741518878974));
#3508=CARTESIAN_POINT('',(0.0867872234801107,0.0115,0.00483857077295393));
#3509=CARTESIAN_POINT('',(0.086585283267502,0.0121955638131215,0.00469556381312194));
#3510=CARTESIAN_POINT('',(0.0865873937414784,0.0121369790267962,0.00475324665167094));
#3511=CARTESIAN_POINT('',(0.0865913290534924,0.0120775771929644,0.00479528539156025));
#3512=CARTESIAN_POINT('',(0.0866015893274129,0.0119617551335493,0.00485637578106272));
#3513=CARTESIAN_POINT('',(0.0866079142893195,0.0119052648470059,0.00487556686463517));
#3514=CARTESIAN_POINT('',(0.0866285836106041,0.011742457501835,0.00491092525952306));
#3515=CARTESIAN_POINT('',(0.0866519421190104,0.0116269414067705,0.00491245963129731));
#3516=CARTESIAN_POINT('',(0.0866691275671681,0.0115,0.00490453765212393));
#3517=CARTESIAN_POINT('',(0.0865358130106116,0.0122084543330727,0.00470845433307308));
#3518=CARTESIAN_POINT('',(0.086535767178609,0.0121481853284718,0.00476874297785827));
#3519=CARTESIAN_POINT('',(0.0865378806756555,0.0120869389443224,0.00481233639893444));
#3520=CARTESIAN_POINT('',(0.0865450995754994,0.0119680800218657,0.00487556668569432));
#3521=CARTESIAN_POINT('',(0.0865502049782967,0.0119103697851166,0.00489540469691789));
#3522=CARTESIAN_POINT('',(0.0865680189167944,0.0117443028670444,0.00493298078846802));
#3523=CARTESIAN_POINT('',(0.0865896715632053,0.01162795640097,0.00493561415508365));
#3524=CARTESIAN_POINT('',(0.0866059524750569,0.0115,0.00492986888754534));
#3525=CARTESIAN_POINT('',(0.0863792347784724,0.0122377775732684,0.00473777757326867));
#3526=CARTESIAN_POINT('',(0.0863791956096389,0.0121763498020723,0.00479921479744105));
#3527=CARTESIAN_POINT('',(0.0863798204086562,0.0121127647132684,0.00484421118900401));
#3528=CARTESIAN_POINT('',(0.0863822903366682,0.0119887490631944,0.00491092558025378));
#3529=CARTESIAN_POINT('',(0.0863841354656628,0.0119281822490278,0.00493298182782776));
#3530=CARTESIAN_POINT('',(0.0863913399390258,0.0117515079356482,0.0049793289938081));
#3531=CARTESIAN_POINT('',(0.0864015015130318,0.0116312690520485,0.00498765352189795));
#3532=CARTESIAN_POINT('',(0.0864111909859401,0.0115,0.00498679465682561));
#3533=CARTESIAN_POINT('',(0.0862648346274606,0.01225,0.00475000000000006));
#3534=CARTESIAN_POINT('',(0.0862648343068613,0.0121948402052748,0.00480515979472512));
#3535=CARTESIAN_POINT('',(0.0862652967885372,0.012134559100078,0.00484741490255029));
#3536=CARTESIAN_POINT('',(0.0862667738142239,0.0120121073057433,0.00491245975421262));
#3537=CARTESIAN_POINT('',(0.0862677883582349,0.0119498338047262,0.00493561510430926));
#3538=CARTESIAN_POINT('',(0.0862710997704483,0.0117616697551139,0.00498765258501159));
#3539=CARTESIAN_POINT('',(0.0862736644188309,0.0116338343774076,0.005));
#3540=CARTESIAN_POINT('',(0.086275091938594,0.0115,0.005));
#3541=CARTESIAN_POINT('',(0.0861398346274607,0.01225,0.00475));
#3542=CARTESIAN_POINT('',(0.0861398346274607,0.0122021741450076,0.0047978258549924));
#3543=CARTESIAN_POINT('',(0.0861398346274607,0.0121473894087172,0.00483857042801819));
#3544=CARTESIAN_POINT('',(0.0861398346274605,0.012029292997766,0.00490453765401731));
#3545=CARTESIAN_POINT('',(0.0861398346274605,0.0119661150871741,0.00492986974047981));
#3546=CARTESIAN_POINT('',(0.0861398346274604,0.0117713599047871,0.00498679352808294));
#3547=CARTESIAN_POINT('',(0.0861398346274602,0.0116352625838332,0.005));
#3548=CARTESIAN_POINT('',(0.0861398346274602,0.0115,0.005));
#3549=CARTESIAN_POINT('',(0.0861398346274602,0.0115,0.005));
#3550=CARTESIAN_POINT('',(0.0861398346274604,0.0118333333333333,0.005));
#3551=CARTESIAN_POINT('',(0.0861398346274605,0.0120833333333333,0.00491666666666667));
#3552=CARTESIAN_POINT('',(0.0861398346274607,0.01225,0.00475));
#3553=CARTESIAN_POINT('',(0.0868898346274599,0.0115,0.00474999999999999));
#3554=CARTESIAN_POINT('',(0.0867231679607932,0.0115,0.00491666666666661));
#3555=CARTESIAN_POINT('',(0.0864731679607933,0.0115,0.00499999999999995));
#3556=CARTESIAN_POINT('',(0.0861398346274602,0.0115,0.005));
#3557=CARTESIAN_POINT('',(0.0868898346274599,0.0115,0.00475));
#3558=CARTESIAN_POINT('',(0.0867648346274601,0.0121249999999998,0.00462500000000047));
#3559=CARTESIAN_POINT('',(0.0867856679607933,0.0120833333333332,0.00464583333333374));
#3560=CARTESIAN_POINT('',(0.0868040879407119,0.0120391261151326,0.00466425331325225));
#3561=CARTESIAN_POINT('',(0.0868353984405816,0.0119454486400415,0.0046955638131219));
#3562=CARTESIAN_POINT('',(0.0868482889605328,0.0118959783831511,0.00470845433307304));
#3563=CARTESIAN_POINT('',(0.0868776122007284,0.0117394001510117,0.00473777757326863));
#3564=CARTESIAN_POINT('',(0.0868898346274599,0.0116249999999998,0.00475));
#3565=CARTESIAN_POINT('',(0.0868898346274599,0.0115,0.00475));
#3566=CARTESIAN_POINT('',(0.015297695234418,-0.0121249999999999,0.00462500000000049));
#3567=CARTESIAN_POINT('',(0.0152768619010847,-0.0121458333333332,0.00458333333333393));
#3568=CARTESIAN_POINT('',(0.0152584419211661,-0.0121642533132518,0.00453912611513347));
#3569=CARTESIAN_POINT('',(0.0152271314212963,-0.0121955638131216,0.00444544864004266));
#3570=CARTESIAN_POINT('',(0.0152142409013451,-0.0122084543330728,0.00439597838315232));
#3571=CARTESIAN_POINT('',(0.0151849176611494,-0.0122377775732685,0.00423940015101331));
#3572=CARTESIAN_POINT('',(0.0151726952344179,-0.01225,0.00412500000000165));
#3573=CARTESIAN_POINT('',(0.0151726952344179,-0.01225,0.0040000000000019));
#3574=CARTESIAN_POINT('',(0.0152768619010847,-0.0120833333333332,0.00464583333333377));
#3575=CARTESIAN_POINT('',(0.0152413210945998,-0.0120980408064847,0.00459804080648539));
#3576=CARTESIAN_POINT('',(0.0152131330018081,-0.0121119067658434,0.00454861332183668));
#3577=CARTESIAN_POINT('',(0.0151694485828595,-0.0121369790269083,0.00444755939454337));
#3578=CARTESIAN_POINT('',(0.0151539522567027,-0.0121481853286144,0.00439593295189876));
#3579=CARTESIAN_POINT('',(0.0151234804370583,-0.0121763498021536,0.00423936162337827));
#3580=CARTESIAN_POINT('',(0.0151175354396929,-0.0121948402052749,0.00412500032060088));
#3581=CARTESIAN_POINT('',(0.0151248693794255,-0.0122021741450076,0.0040000000000019));
#3582=CARTESIAN_POINT('',(0.0152584419211662,-0.0120391261151326,0.00466425331325229));
#3583=CARTESIAN_POINT('',(0.0152131330017672,-0.0120486132416861,0.0046119067658033));
#3584=CARTESIAN_POINT('',(0.0151787774986302,-0.012058414232633,0.00455841438172192));
#3585=CARTESIAN_POINT('',(0.0151274097671493,-0.0120775769242383,0.00445149481988865));
#3586=CARTESIAN_POINT('',(0.0151103586776159,-0.0120869386248968,0.00439804643039753));
#3587=CARTESIAN_POINT('',(0.0150784838920539,-0.0121127642628268,0.00423998688000275));
#3588=CARTESIAN_POINT('',(0.0150752800456282,-0.0121345585906477,0.00412546336658683));
#3589=CARTESIAN_POINT('',(0.015084124461464,-0.0121473888526507,0.00400000000000184));
#3590=CARTESIAN_POINT('',(0.0152271314212964,-0.0119454486400416,0.00469556381312194));
#3591=CARTESIAN_POINT('',(0.0151694485827473,-0.0119475591140181,0.00463697902679677));
#3592=CARTESIAN_POINT('',(0.0151274098428578,-0.0119514944260321,0.0045775771929651));
#3593=CARTESIAN_POINT('',(0.0150663194533553,-0.0119617546999528,0.00446175513355027));
#3594=CARTESIAN_POINT('',(0.0150471283697827,-0.0119680796618594,0.00440526484700699));
#3595=CARTESIAN_POINT('',(0.0150117699748949,-0.0119887489831441,0.00424245750183647));
#3596=CARTESIAN_POINT('',(0.0150102356031206,-0.0120121074915504,0.00412694140677217));
#3597=CARTESIAN_POINT('',(0.015018157582294,-0.0120292929397081,0.00400000000000166));
#3598=CARTESIAN_POINT('',(0.0152142409013452,-0.0118959783831511,0.00470845433307308));
#3599=CARTESIAN_POINT('',(0.0151539522565599,-0.0118959325511486,0.00464818532847233));
#3600=CARTESIAN_POINT('',(0.0151103588354836,-0.0118980460481952,0.00458693894432303));
#3601=CARTESIAN_POINT('',(0.0150471285487236,-0.0119052649480391,0.0044680800218666));
#3602=CARTESIAN_POINT('',(0.0150272905375,-0.0119103703508365,0.00441036978511767));
#3603=CARTESIAN_POINT('',(0.0149897144459499,-0.0119281842893343,0.00424430286704571));
#3604=CARTESIAN_POINT('',(0.0149870810793343,-0.0119498369357451,0.00412795640097154));
#3605=CARTESIAN_POINT('',(0.0149928263468726,-0.0119661178475969,0.00400000000000154));
#3606=CARTESIAN_POINT('',(0.0151849176611495,-0.0117394001510118,0.00473777757326866));
#3607=CARTESIAN_POINT('',(0.015123480436977,-0.0117393609821783,0.0046763498020726));
#3608=CARTESIAN_POINT('',(0.015078484045414,-0.0117399857811957,0.00461276471326878));
#3609=CARTESIAN_POINT('',(0.0150117696541642,-0.0117424557092078,0.004488749063195));
#3610=CARTESIAN_POINT('',(0.0149897134065902,-0.0117443008382025,0.00442818224902851));
#3611=CARTESIAN_POINT('',(0.0149433662406098,-0.0117515053115655,0.0042515079356492));
#3612=CARTESIAN_POINT('',(0.01493504171252,-0.0117616668855717,0.00413126905204976));
#3613=CARTESIAN_POINT('',(0.0149359005775923,-0.01177135635848,0.00400000000000119));
#3614=CARTESIAN_POINT('',(0.015172695234418,-0.0116249999999999,0.00475000000000006));
#3615=CARTESIAN_POINT('',(0.0151175354396929,-0.0116249996794006,0.004694840205275));
#3616=CARTESIAN_POINT('',(0.0150752803318677,-0.0116254621610765,0.00463455910007823));
#3617=CARTESIAN_POINT('',(0.0150102354802053,-0.0116269391867634,0.00451210730574376));
#3618=CARTESIAN_POINT('',(0.0149870801301087,-0.0116279537307744,0.00444983380472674));
#3619=CARTESIAN_POINT('',(0.0149350426494063,-0.0116312651429879,0.00426166975511472));
#3620=CARTESIAN_POINT('',(0.0149226952344179,-0.0116338297913706,0.00413383437740867));
#3621=CARTESIAN_POINT('',(0.0149226952344179,-0.0116352573111337,0.00400000000000095));
#3622=CARTESIAN_POINT('',(0.0151726952344179,-0.0115,0.00475));
#3623=CARTESIAN_POINT('',(0.0151248693794255,-0.0115,0.0047021741450076));
#3624=CARTESIAN_POINT('',(0.0150841248063997,-0.0114999999999999,0.00464738940871731));
#3625=CARTESIAN_POINT('',(0.0150181575804007,-0.0115,0.00452929299776631));
#3626=CARTESIAN_POINT('',(0.0149928254939381,-0.0114999999999999,0.00446611508717452));
#3627=CARTESIAN_POINT('',(0.014935901706335,-0.0115,0.00427135990478791));
#3628=CARTESIAN_POINT('',(0.0149226952344179,-0.0115,0.00413526258383425));
#3629=CARTESIAN_POINT('',(0.0149226952344179,-0.0115,0.00400000000000095));
#3630=CARTESIAN_POINT('',(0.015297695234418,-0.0121249999999999,0.00462500000000049));
#3631=CARTESIAN_POINT('',(0.0152768619010847,-0.0120833333333332,0.00464583333333377));
#3632=CARTESIAN_POINT('',(0.0152584419211662,-0.0120391261151326,0.00466425331325229));
#3633=CARTESIAN_POINT('',(0.0152271314212964,-0.0119454486400416,0.00469556381312194));
#3634=CARTESIAN_POINT('',(0.0152142409013452,-0.0118959783831511,0.00470845433307308));
#3635=CARTESIAN_POINT('',(0.0151849176611495,-0.0117394001510118,0.00473777757326866));
#3636=CARTESIAN_POINT('',(0.015172695234418,-0.0116249999999999,0.00475000000000006));
#3637=CARTESIAN_POINT('',(0.0151726952344179,-0.0115,0.00475));
#3638=CARTESIAN_POINT('',(0.0151726952344179,-0.0115,0.00475));
#3639=CARTESIAN_POINT('',(0.015297695234418,-0.0121249999999999,0.00462500000000049));
#3640=CARTESIAN_POINT('',(0.0149226952344179,-0.0115,0.00400000000000095));
#3641=CARTESIAN_POINT('',(0.0149226952344181,-0.0115,0.0043333333333338));
#3642=CARTESIAN_POINT('',(0.0150060285677514,-0.0115,0.00458333333333349));
#3643=CARTESIAN_POINT('',(0.0151726952344179,-0.0115,0.00475));
#3644=CARTESIAN_POINT('',(0.0151726952344179,-0.01225,0.0040000000000019));
#3645=CARTESIAN_POINT('',(0.0150060285677513,-0.0120833333333333,0.00400000000000158));
#3646=CARTESIAN_POINT('',(0.0149226952344179,-0.0118333333333333,0.00400000000000127));
#3647=CARTESIAN_POINT('',(0.0149226952344179,-0.0115,0.00400000000000095));
#3648=CARTESIAN_POINT('',(0.0151726952344179,-0.01225,0.0040000000000019));
#3649=CARTESIAN_POINT('',(0.015297695234418,-0.0121249999999999,0.00462500000000049));
#3650=CARTESIAN_POINT('',(0.0152768619010847,-0.0121458333333332,0.00458333333333393));
#3651=CARTESIAN_POINT('',(0.0152584419211661,-0.0121642533132518,0.00453912611513347));
#3652=CARTESIAN_POINT('',(0.0152271314212963,-0.0121955638131216,0.00444544864004266));
#3653=CARTESIAN_POINT('',(0.0152142409013451,-0.0122084543330728,0.00439597838315232));
#3654=CARTESIAN_POINT('',(0.0151849176611494,-0.0122377775732685,0.00423940015101331));
#3655=CARTESIAN_POINT('',(0.0151726952344179,-0.01225,0.00412500000000165));
#3656=CARTESIAN_POINT('',(0.0151726952344179,-0.01225,0.0040000000000019));
#3657=CARTESIAN_POINT('',(0.015297695234418,-0.0121249999999999,0.00462500000000049));
#3658=CARTESIAN_POINT('',(0.0153393619010846,-0.0121458333333332,0.00464583333333377));
#3659=CARTESIAN_POINT('',(0.0153835691192852,-0.0121642533132517,0.00466425331325228));
#3660=CARTESIAN_POINT('',(0.0154772465943763,-0.0121955638131215,0.00469556381312193));
#3661=CARTESIAN_POINT('',(0.0155267168512668,-0.0122084543330727,0.00470845433307307));
#3662=CARTESIAN_POINT('',(0.015683295083406,-0.0122377775732684,0.00473777757326866));
#3663=CARTESIAN_POINT('',(0.0157976952344179,-0.01225,0.00475));
#3664=CARTESIAN_POINT('',(0.0159226952344179,-0.01225,0.00475));
#3665=CARTESIAN_POINT('',(0.0152768619010847,-0.0121458333333332,0.00458333333333393));
#3666=CARTESIAN_POINT('',(0.0153246544279332,-0.012181374139818,0.00459804080648539));
#3667=CARTESIAN_POINT('',(0.015374081912582,-0.0122095622326098,0.00461190676584401));
#3668=CARTESIAN_POINT('',(0.0154751358398756,-0.0122532466515583,0.00463697902690871));
#3669=CARTESIAN_POINT('',(0.0155267622825202,-0.0122687429777151,0.00464818532861479));
#3670=CARTESIAN_POINT('',(0.0156833336110411,-0.0122992147973595,0.00467634980215385));
#3671=CARTESIAN_POINT('',(0.0157976949138187,-0.012305159794725,0.004694840205275));
#3672=CARTESIAN_POINT('',(0.0159226952344179,-0.0122978258549924,0.00470217414500761));
#3673=CARTESIAN_POINT('',(0.0152584419211661,-0.0121642533132518,0.00453912611513347));
#3674=CARTESIAN_POINT('',(0.0153107884686152,-0.0122095622326507,0.0045486132416869));
#3675=CARTESIAN_POINT('',(0.0153642808526967,-0.0122439177357876,0.0045584142326337));
#3676=CARTESIAN_POINT('',(0.0154712004145302,-0.0122952854672686,0.00457757692423889));
#3677=CARTESIAN_POINT('',(0.0155246488040215,-0.0123123365568019,0.00458693862489729));
#3678=CARTESIAN_POINT('',(0.0156827083544166,-0.0123442113423639,0.00461276426282716));
#3679=CARTESIAN_POINT('',(0.0157972318678327,-0.0123474151887897,0.00463455859064788));
#3680=CARTESIAN_POINT('',(0.0159226952344179,-0.012338570772954,0.00464738885265072));
#3681=CARTESIAN_POINT('',(0.0152271314212963,-0.0121955638131216,0.00444544864004266));
#3682=CARTESIAN_POINT('',(0.0152857162076216,-0.0122532466516707,0.00444755911401911));
#3683=CARTESIAN_POINT('',(0.0153451180414534,-0.0122952853915601,0.00445149442603311));
#3684=CARTESIAN_POINT('',(0.0154609401008685,-0.0123563757810627,0.00446175469995362));
#3685=CARTESIAN_POINT('',(0.0155174303874119,-0.0123755668646351,0.00446807966186014));
#3686=CARTESIAN_POINT('',(0.0156802377325828,-0.012410925259523,0.00448874898314458));
#3687=CARTESIAN_POINT('',(0.0157957538276473,-0.0124124596312973,0.00451210749155076));
#3688=CARTESIAN_POINT('',(0.0159226952344179,-0.0124045376521239,0.00452929293970836));
#3689=CARTESIAN_POINT('',(0.0152142409013451,-0.0122084543330728,0.00439597838315232));
#3690=CARTESIAN_POINT('',(0.015274509905946,-0.0122687429778581,0.00439593255114981));
#3691=CARTESIAN_POINT('',(0.0153357562900954,-0.0123123363989343,0.0043980460481963));
#3692=CARTESIAN_POINT('',(0.0154546152125521,-0.0123755666856943,0.00440526494804011));
#3693=CARTESIAN_POINT('',(0.0155123254493012,-0.0123954046969179,0.00441037035083744));
#3694=CARTESIAN_POINT('',(0.0156783923673735,-0.012432980788468,0.00442818428933494));
#3695=CARTESIAN_POINT('',(0.0157947388334478,-0.0124356141550836,0.00444983693574561));
#3696=CARTESIAN_POINT('',(0.0159226952344179,-0.0124298688875454,0.00446611784759722));
#3697=CARTESIAN_POINT('',(0.0151849176611494,-0.0122377775732685,0.00423940015101331));
#3698=CARTESIAN_POINT('',(0.0152463454323455,-0.012299214797441,0.00423936098217982));
#3699=CARTESIAN_POINT('',(0.0153099305211495,-0.012344211189004,0.0042399857811972));
#3700=CARTESIAN_POINT('',(0.0154339461712235,-0.0124109255802538,0.00424245570920916));
#3701=CARTESIAN_POINT('',(0.01549451298539,-0.0124329818278278,0.00424430083820376));
#3702=CARTESIAN_POINT('',(0.0156711872987697,-0.0124793289938081,0.00425150531156655));
#3703=CARTESIAN_POINT('',(0.0157914261823693,-0.0124876535218979,0.00426166688557251));
#3704=CARTESIAN_POINT('',(0.0159226952344179,-0.0124867946568256,0.0042713563584808));
#3705=CARTESIAN_POINT('',(0.0151726952344179,-0.01225,0.00412500000000165));
#3706=CARTESIAN_POINT('',(0.015227855029143,-0.0123051597947251,0.00412499967940242));
#3707=CARTESIAN_POINT('',(0.0152881361343398,-0.0123474149025503,0.00412546216107824));
#3708=CARTESIAN_POINT('',(0.0154105879286745,-0.0124124597542126,0.00412693918676502));
#3709=CARTESIAN_POINT('',(0.0154728614296916,-0.0124356151043093,0.00412795373077599));
#3710=CARTESIAN_POINT('',(0.015661025479304,-0.0124876525850116,0.00413126514298917));
#3711=CARTESIAN_POINT('',(0.0157888608570102,-0.0125,0.00413382979137167));
#3712=CARTESIAN_POINT('',(0.0159226952344179,-0.0125,0.00413525731113472));
#3713=CARTESIAN_POINT('',(0.0151726952344179,-0.01225,0.0040000000000019));
#3714=CARTESIAN_POINT('',(0.0152205210894103,-0.0122978258549924,0.0040000000000019));
#3715=CARTESIAN_POINT('',(0.0152753058257006,-0.0123385704280182,0.00400000000000184));
#3716=CARTESIAN_POINT('',(0.0153934022366518,-0.0124045376540173,0.00400000000000166));
#3717=CARTESIAN_POINT('',(0.0154565801472438,-0.0124298697404798,0.00400000000000154));
#3718=CARTESIAN_POINT('',(0.0156513353296307,-0.012486793528083,0.00400000000000118));
#3719=CARTESIAN_POINT('',(0.0157874326505846,-0.0125,0.00400000000000095));
#3720=CARTESIAN_POINT('',(0.0159226952344179,-0.0125,0.00400000000000095));
#3721=CARTESIAN_POINT('',(0.0159226952344179,-0.0125,0.00400000000000095));
#3722=CARTESIAN_POINT('',(0.0155893619010846,-0.0125,0.00400000000000127));
#3723=CARTESIAN_POINT('',(0.0153393619010846,-0.0124166666666667,0.00400000000000158));
#3724=CARTESIAN_POINT('',(0.0151726952344179,-0.01225,0.0040000000000019));
#3725=CARTESIAN_POINT('',(0.0159226952344179,-0.0122500000000009,0.00475000000000095));
#3726=CARTESIAN_POINT('',(0.0159226952344179,-0.0124166666666668,0.00458333333333444));
#3727=CARTESIAN_POINT('',(0.0159226952344179,-0.0124999999999998,0.00433333333333444));
#3728=CARTESIAN_POINT('',(0.0159226952344179,-0.0125,0.00400000000000095));
#3729=CARTESIAN_POINT('',(0.0159226952344179,-0.01225,0.00475));
#3730=CARTESIAN_POINT('',(0.015297695234418,-0.0121249999999999,0.00462500000000049));
#3731=CARTESIAN_POINT('',(0.0153393619010846,-0.0121458333333332,0.00464583333333377));
#3732=CARTESIAN_POINT('',(0.0153835691192852,-0.0121642533132517,0.00466425331325228));
#3733=CARTESIAN_POINT('',(0.0154772465943763,-0.0121955638131215,0.00469556381312193));
#3734=CARTESIAN_POINT('',(0.0155267168512668,-0.0122084543330727,0.00470845433307307));
#3735=CARTESIAN_POINT('',(0.015683295083406,-0.0122377775732684,0.00473777757326866));
#3736=CARTESIAN_POINT('',(0.0157976952344179,-0.01225,0.00475));
#3737=CARTESIAN_POINT('',(0.0159226952344179,-0.01225,0.00475));
#3738=CARTESIAN_POINT('',(0.0867648346274601,-0.012125,-0.004625));
#3739=CARTESIAN_POINT('',(0.0867856679607934,-0.0120833333333333,-0.0046458333333333));
#3740=CARTESIAN_POINT('',(0.086804087940712,-0.0120391261151328,-0.00466425331325186));
#3741=CARTESIAN_POINT('',(0.0868353984405816,-0.0119454486400418,-0.0046955638131216));
#3742=CARTESIAN_POINT('',(0.0868482889605328,-0.0118959783831513,-0.00470845433307279));
#3743=CARTESIAN_POINT('',(0.0868776122007285,-0.011739400151012,-0.00473777757326851));
#3744=CARTESIAN_POINT('',(0.08688983462746,-0.011625,-0.00475));
#3745=CARTESIAN_POINT('',(0.0868898346274599,-0.0115000000000001,-0.00475));
#3746=CARTESIAN_POINT('',(0.0867231679607935,-0.0121458333333333,-0.00464583333333331));
#3747=CARTESIAN_POINT('',(0.086737875433945,-0.0120980408064848,-0.00468137413981813));
#3748=CARTESIAN_POINT('',(0.0867517413933036,-0.012048613321836,-0.00470956223260989));
#3749=CARTESIAN_POINT('',(0.0867768136543684,-0.0119475593945425,-0.00475324665155842));
#3750=CARTESIAN_POINT('',(0.0867880199560745,-0.0118959329518978,-0.00476874297771519));
#3751=CARTESIAN_POINT('',(0.0868161844296136,-0.011739361623377,-0.00479921479735962));
#3752=CARTESIAN_POINT('',(0.0868346748327349,-0.0116250003205993,-0.00480515979472506));
#3753=CARTESIAN_POINT('',(0.0868420087724675,-0.0115000000000001,-0.00479782585499241));
#3754=CARTESIAN_POINT('',(0.086678960742593,-0.0121642533132519,-0.00466425331325187));
#3755=CARTESIAN_POINT('',(0.0866884478691465,-0.0121119067658028,-0.00470956223265076));
#3756=CARTESIAN_POINT('',(0.0866982488600933,-0.0120584143817213,-0.00474391773578772));
#3757=CARTESIAN_POINT('',(0.0867174115516985,-0.0119514948198878,-0.00479528546726867));
#3758=CARTESIAN_POINT('',(0.0867267732523569,-0.0118980464303966,-0.00481233655680202));
#3759=CARTESIAN_POINT('',(0.0867525988902869,-0.0117399868800015,-0.00484421134236398));
#3760=CARTESIAN_POINT('',(0.0867743932181077,-0.0116254633665853,-0.00484741518878974));
#3761=CARTESIAN_POINT('',(0.0867872234801106,-0.0115000000000001,-0.00483857077295395));
#3762=CARTESIAN_POINT('',(0.086585283267502,-0.0121955638131217,-0.00469556381312163));
#3763=CARTESIAN_POINT('',(0.0865873937414785,-0.0121369790267964,-0.00475324665167076));
#3764=CARTESIAN_POINT('',(0.0865913290534925,-0.0120775771929646,-0.00479528539156014));
#3765=CARTESIAN_POINT('',(0.0866015893274131,-0.0119617551335495,-0.0048563757810627));
#3766=CARTESIAN_POINT('',(0.0866079142893197,-0.0119052648470061,-0.00487556686463517));
#3767=CARTESIAN_POINT('',(0.0866285836106042,-0.0117424575018353,-0.00491092525952307));
#3768=CARTESIAN_POINT('',(0.0866519421190104,-0.0116269414067708,-0.00491245963129728));
#3769=CARTESIAN_POINT('',(0.0866691275671681,-0.0115000000000001,-0.00490453765212391));
#3770=CARTESIAN_POINT('',(0.0865358130106116,-0.0122084543330728,-0.00470845433307281));
#3771=CARTESIAN_POINT('',(0.0865357671786091,-0.012148185328472,-0.00476874297785812));
#3772=CARTESIAN_POINT('',(0.0865378806756556,-0.0120869389443226,-0.00481233639893436));
#3773=CARTESIAN_POINT('',(0.0865450995754995,-0.0119680800218659,-0.00487556668569432));
#3774=CARTESIAN_POINT('',(0.0865502049782969,-0.0119103697851169,-0.00489540469691791));
#3775=CARTESIAN_POINT('',(0.0865680189167945,-0.0117443028670446,-0.00493298078846805));
#3776=CARTESIAN_POINT('',(0.0865896715632052,-0.0116279564009702,-0.00493561415508365));
#3777=CARTESIAN_POINT('',(0.0866059524750569,-0.0115,-0.00492986888754535));
#3778=CARTESIAN_POINT('',(0.0863792347784724,-0.0122377775732685,-0.00473777757326852));
#3779=CARTESIAN_POINT('',(0.0863791956096389,-0.0121763498020724,-0.00479921479744098));
#3780=CARTESIAN_POINT('',(0.0863798204086563,-0.0121127647132685,-0.00484421118900398));
#3781=CARTESIAN_POINT('',(0.0863822903366684,-0.0119887490631945,-0.00491092558025379));
#3782=CARTESIAN_POINT('',(0.086384135465663,-0.0119281822490279,-0.00493298182782778));
#3783=CARTESIAN_POINT('',(0.0863913399390259,-0.0117515079356483,-0.0049793289938081));
#3784=CARTESIAN_POINT('',(0.086401501513032,-0.0116312690520487,-0.00498765352189792));
#3785=CARTESIAN_POINT('',(0.0864111909859402,-0.0115000000000001,-0.00498679465682558));
#3786=CARTESIAN_POINT('',(0.0862648346274606,-0.01225,-0.00475));
#3787=CARTESIAN_POINT('',(0.0862648343068613,-0.0121948402052749,-0.00480515979472508));
#3788=CARTESIAN_POINT('',(0.0862652967885373,-0.0121345591000781,-0.00484741490255027));
#3789=CARTESIAN_POINT('',(0.0862667738142241,-0.0120121073057434,-0.00491245975421261));
#3790=CARTESIAN_POINT('',(0.0862677883582351,-0.0119498338047263,-0.00493561510430925));
#3791=CARTESIAN_POINT('',(0.0862710997704484,-0.011761669755114,-0.00498765258501159));
#3792=CARTESIAN_POINT('',(0.0862736644188309,-0.0116338343774078,-0.005));
#3793=CARTESIAN_POINT('',(0.086275091938594,-0.0115,-0.005));
#3794=CARTESIAN_POINT('',(0.0861398346274607,-0.01225,-0.00475));
#3795=CARTESIAN_POINT('',(0.0861398346274606,-0.0122021741450076,-0.0047978258549924));
#3796=CARTESIAN_POINT('',(0.0861398346274606,-0.0121473894087173,-0.00483857042801819));
#3797=CARTESIAN_POINT('',(0.0861398346274606,-0.0120292929977661,-0.0049045376540173));
#3798=CARTESIAN_POINT('',(0.0861398346274605,-0.0119661150871742,-0.00492986974047981));
#3799=CARTESIAN_POINT('',(0.0861398346274603,-0.0117713599047873,-0.00498679352808294));
#3800=CARTESIAN_POINT('',(0.0861398346274602,-0.0116352625838334,-0.005));
#3801=CARTESIAN_POINT('',(0.0861398346274602,-0.0115,-0.005));
#3802=CARTESIAN_POINT('',(0.0867648346274601,-0.012125,-0.004625));
#3803=CARTESIAN_POINT('',(0.0867231679607935,-0.0121458333333333,-0.00464583333333331));
#3804=CARTESIAN_POINT('',(0.086678960742593,-0.0121642533132519,-0.00466425331325187));
#3805=CARTESIAN_POINT('',(0.086585283267502,-0.0121955638131217,-0.00469556381312163));
#3806=CARTESIAN_POINT('',(0.0865358130106116,-0.0122084543330728,-0.00470845433307281));
#3807=CARTESIAN_POINT('',(0.0863792347784724,-0.0122377775732685,-0.00473777757326852));
#3808=CARTESIAN_POINT('',(0.0862648346274606,-0.01225,-0.00475));
#3809=CARTESIAN_POINT('',(0.0861398346274607,-0.01225,-0.00475));
#3810=CARTESIAN_POINT('',(0.0861398346274607,-0.01225,-0.00475));
#3811=CARTESIAN_POINT('',(0.0867648346274601,-0.012125,-0.004625));
#3812=CARTESIAN_POINT('',(0.0861398346274602,-0.0115,-0.005));
#3813=CARTESIAN_POINT('',(0.0861398346274604,-0.0118333333333333,-0.005));
#3814=CARTESIAN_POINT('',(0.0861398346274605,-0.0120833333333333,-0.00491666666666667));
#3815=CARTESIAN_POINT('',(0.0861398346274607,-0.01225,-0.00475));
#3816=CARTESIAN_POINT('',(0.0868898346274599,-0.0115000000000001,-0.00474999999999999));
#3817=CARTESIAN_POINT('',(0.0867231679607933,-0.0115000000000001,-0.00491666666666661));
#3818=CARTESIAN_POINT('',(0.0864731679607933,-0.0115,-0.00499999999999995));
#3819=CARTESIAN_POINT('',(0.0861398346274602,-0.0115,-0.005));
#3820=CARTESIAN_POINT('',(0.0868898346274599,-0.0115000000000001,-0.00475));
#3821=CARTESIAN_POINT('',(0.0867648346274601,-0.012125,-0.004625));
#3822=CARTESIAN_POINT('',(0.0867856679607934,-0.0120833333333333,-0.0046458333333333));
#3823=CARTESIAN_POINT('',(0.086804087940712,-0.0120391261151328,-0.00466425331325186));
#3824=CARTESIAN_POINT('',(0.0868353984405816,-0.0119454486400418,-0.0046955638131216));
#3825=CARTESIAN_POINT('',(0.0868482889605328,-0.0118959783831513,-0.00470845433307279));
#3826=CARTESIAN_POINT('',(0.0868776122007285,-0.011739400151012,-0.00473777757326851));
#3827=CARTESIAN_POINT('',(0.08688983462746,-0.011625,-0.00475));
#3828=CARTESIAN_POINT('',(0.0868898346274599,-0.0115000000000001,-0.00475));
#3829=CARTESIAN_POINT('',(0.0867648346274601,-0.012125,-0.004625));
#3830=CARTESIAN_POINT('',(0.0867856679607934,-0.0121458333333333,-0.0045833333333333));
#3831=CARTESIAN_POINT('',(0.086804087940712,-0.0121642533132519,-0.00453912611513273));
#3832=CARTESIAN_POINT('',(0.0868353984405817,-0.0121955638131216,-0.00444544864004171));
#3833=CARTESIAN_POINT('',(0.0868482889605328,-0.0122084543330728,-0.00439597838315125));
#3834=CARTESIAN_POINT('',(0.0868776122007285,-0.0122377775732685,-0.00423940015101191));
#3835=CARTESIAN_POINT('',(0.08688983462746,-0.01225,-0.004125));
#3836=CARTESIAN_POINT('',(0.0868898346274599,-0.01225,-0.00400000000000005));
#3837=CARTESIAN_POINT('',(0.0867856679607934,-0.0120833333333333,-0.0046458333333333));
#3838=CARTESIAN_POINT('',(0.0868212087672782,-0.0120980408064848,-0.00459804080648479));
#3839=CARTESIAN_POINT('',(0.0868493968600699,-0.0121119067658435,-0.00454861332183595));
#3840=CARTESIAN_POINT('',(0.0868930812790184,-0.0121369790269083,-0.0044475593945424));
#3841=CARTESIAN_POINT('',(0.0869085776051752,-0.0121481853286144,-0.00439593295189768));
#3842=CARTESIAN_POINT('',(0.0869390494248196,-0.0121763498021536,-0.00423936162337687));
#3843=CARTESIAN_POINT('',(0.086944994422185,-0.0121948402052749,-0.00412500032059925));
#3844=CARTESIAN_POINT('',(0.0869376604824523,-0.0122021741450076,-0.00400000000000005));
#3845=CARTESIAN_POINT('',(0.086804087940712,-0.0120391261151328,-0.00466425331325186));
#3846=CARTESIAN_POINT('',(0.0868493968601108,-0.0120486132416862,-0.00461190676580274));
#3847=CARTESIAN_POINT('',(0.0868837523632478,-0.0120584142326331,-0.00455841438172123));
#3848=CARTESIAN_POINT('',(0.0869351200947287,-0.0120775769242383,-0.00445149481988771));
#3849=CARTESIAN_POINT('',(0.086952171184262,-0.0120869386248968,-0.00439804643039648));
#3850=CARTESIAN_POINT('',(0.086984045969824,-0.0121127642628268,-0.00423998688000138));
#3851=CARTESIAN_POINT('',(0.0869872498162497,-0.0121345585906477,-0.00412546336658525));
#3852=CARTESIAN_POINT('',(0.0869784054004139,-0.0121473888526507,-0.00400000000000005));
#3853=CARTESIAN_POINT('',(0.0868353984405816,-0.0119454486400418,-0.0046955638131216));
#3854=CARTESIAN_POINT('',(0.0868930812791307,-0.0119475591140182,-0.00463697902679631));
#3855=CARTESIAN_POINT('',(0.0869351200190201,-0.0119514944260322,-0.00457757719296451));
#3856=CARTESIAN_POINT('',(0.0869962104085226,-0.0119617546999528,-0.00446175513354943));
#3857=CARTESIAN_POINT('',(0.0870154014920951,-0.0119680796618594,-0.00440526484700603));
#3858=CARTESIAN_POINT('',(0.0870507598869831,-0.0119887489831441,-0.0042424575018352));
#3859=CARTESIAN_POINT('',(0.0870522942587573,-0.0120121074915504,-0.0041269414067707));
#3860=CARTESIAN_POINT('',(0.0870443722795838,-0.0120292929397081,-0.004));
#3861=CARTESIAN_POINT('',(0.0868482889605328,-0.0118959783831513,-0.00470845433307279));
#3862=CARTESIAN_POINT('',(0.0869085776053181,-0.0118959325511488,-0.00464818532847193));
#3863=CARTESIAN_POINT('',(0.0869521710263943,-0.0118980460481953,-0.00458693894432251));
#3864=CARTESIAN_POINT('',(0.0870154013131542,-0.0119052649480392,-0.00446808002186583));
#3865=CARTESIAN_POINT('',(0.0870352393243778,-0.0119103703508366,-0.0044103697851168));
#3866=CARTESIAN_POINT('',(0.087072815415928,-0.0119281842893343,-0.00424430286704452));
#3867=CARTESIAN_POINT('',(0.0870754487825436,-0.0119498369357452,-0.00412795640097016));
#3868=CARTESIAN_POINT('',(0.0870697035150053,-0.0119661178475969,-0.004));
#3869=CARTESIAN_POINT('',(0.0868776122007285,-0.011739400151012,-0.00473777757326851));
#3870=CARTESIAN_POINT('',(0.086939049424901,-0.0117393609821785,-0.00467634980207238));
#3871=CARTESIAN_POINT('',(0.0869840458164639,-0.0117399857811959,-0.00461276471326846));
#3872=CARTESIAN_POINT('',(0.0870507602077137,-0.011742455709208,-0.00448874906319446));
#3873=CARTESIAN_POINT('',(0.0870728164552877,-0.0117443008382026,-0.00442818224902787));
#3874=CARTESIAN_POINT('',(0.087119163621268,-0.0117515053115656,-0.00425150793564824));
#3875=CARTESIAN_POINT('',(0.0871274881493579,-0.0117616668855717,-0.00413126905204862));
#3876=CARTESIAN_POINT('',(0.0871266292842855,-0.0117713563584801,-0.004));
#3877=CARTESIAN_POINT('',(0.08688983462746,-0.011625,-0.00475));
#3878=CARTESIAN_POINT('',(0.0869449944221851,-0.0116249996794009,-0.0046948402052749));
#3879=CARTESIAN_POINT('',(0.0869872495300102,-0.0116254621610767,-0.00463455910007807));
#3880=CARTESIAN_POINT('',(0.0870522943816725,-0.0116269391867636,-0.00451210730574342));
#3881=CARTESIAN_POINT('',(0.0870754497317692,-0.0116279537307747,-0.00444983380472629));
#3882=CARTESIAN_POINT('',(0.0871274872124715,-0.0116312651429881,-0.00426166975511395));
#3883=CARTESIAN_POINT('',(0.0871398346274599,-0.0116338297913708,-0.00413383437740771));
#3884=CARTESIAN_POINT('',(0.0871398346274599,-0.0116352573111338,-0.004));
#3885=CARTESIAN_POINT('',(0.0868898346274599,-0.0115000000000001,-0.00475));
#3886=CARTESIAN_POINT('',(0.0869376604824523,-0.0115000000000001,-0.0047021741450076));
#3887=CARTESIAN_POINT('',(0.0869784050554781,-0.0115000000000001,-0.00464738940871726));
#3888=CARTESIAN_POINT('',(0.0870443722814772,-0.0115000000000001,-0.00452929299776609));
#3889=CARTESIAN_POINT('',(0.0870697043679397,-0.0115000000000001,-0.00446611508717418));
#3890=CARTESIAN_POINT('',(0.0871266281555428,-0.0115,-0.00427135990478721));
#3891=CARTESIAN_POINT('',(0.0871398346274599,-0.0115,-0.00413526258383333));
#3892=CARTESIAN_POINT('',(0.0871398346274599,-0.0115,-0.004));
#3893=CARTESIAN_POINT('',(0.0871398346274599,-0.0115,-0.004));
#3894=CARTESIAN_POINT('',(0.0871398346274599,-0.0115,-0.00433333333333333));
#3895=CARTESIAN_POINT('',(0.0870565012941266,-0.0115000000000001,-0.00458333333333333));
#3896=CARTESIAN_POINT('',(0.0868898346274599,-0.0115000000000001,-0.00474999999999999));
#3897=CARTESIAN_POINT('',(0.0868898346274599,-0.01225,-0.00400000000000005));
#3898=CARTESIAN_POINT('',(0.0870565012941266,-0.0120833333333333,-0.00400000000000003));
#3899=CARTESIAN_POINT('',(0.0871398346274599,-0.0118333333333333,-0.00400000000000001));
#3900=CARTESIAN_POINT('',(0.0871398346274599,-0.0115,-0.004));
#3901=CARTESIAN_POINT('',(0.0868898346274599,-0.01225,-0.00400000000000005));
#3902=CARTESIAN_POINT('',(0.0867648346274601,-0.012125,-0.004625));
#3903=CARTESIAN_POINT('',(0.0867856679607934,-0.0121458333333333,-0.0045833333333333));
#3904=CARTESIAN_POINT('',(0.086804087940712,-0.0121642533132519,-0.00453912611513273));
#3905=CARTESIAN_POINT('',(0.0868353984405817,-0.0121955638131216,-0.00444544864004171));
#3906=CARTESIAN_POINT('',(0.0868482889605328,-0.0122084543330728,-0.00439597838315125));
#3907=CARTESIAN_POINT('',(0.0868776122007285,-0.0122377775732685,-0.00423940015101191));
#3908=CARTESIAN_POINT('',(0.08688983462746,-0.01225,-0.004125));
#3909=CARTESIAN_POINT('',(0.0868898346274599,-0.01225,-0.00400000000000005));
#3910=CARTESIAN_POINT('',(0.0867648346274602,0.0121249999999999,-0.004625));
#3911=CARTESIAN_POINT('',(0.0867231679607935,0.0121458333333332,-0.0046458333333333));
#3912=CARTESIAN_POINT('',(0.086678960742593,0.0121642533132518,-0.00466425331325187));
#3913=CARTESIAN_POINT('',(0.0865852832675021,0.0121955638131216,-0.00469556381312163));
#3914=CARTESIAN_POINT('',(0.0865358130106117,0.0122084543330728,-0.00470845433307282));
#3915=CARTESIAN_POINT('',(0.0863792347784725,0.0122377775732685,-0.00473777757326854));
#3916=CARTESIAN_POINT('',(0.0862648346274606,0.01225,-0.00475));
#3917=CARTESIAN_POINT('',(0.0861398346274607,0.01225,-0.00475));
#3918=CARTESIAN_POINT('',(0.0867856679607935,0.0120833333333332,-0.00464583333333328));
#3919=CARTESIAN_POINT('',(0.086737875433945,0.0120980408064847,-0.00468137413981811));
#3920=CARTESIAN_POINT('',(0.0866884479492962,0.0121119067658434,-0.0047095622326099));
#3921=CARTESIAN_POINT('',(0.0865873940220028,0.0121369790269082,-0.00475324665155845));
#3922=CARTESIAN_POINT('',(0.0865357675793581,0.0121481853286143,-0.00476874297771522));
#3923=CARTESIAN_POINT('',(0.0863791962508374,0.0121763498021536,-0.00479921479735965));
#3924=CARTESIAN_POINT('',(0.0862648349480598,0.0121948402052749,-0.00480515979472509));
#3925=CARTESIAN_POINT('',(0.0861398346274607,0.0122021741450076,-0.0047978258549924));
#3926=CARTESIAN_POINT('',(0.086804087940712,0.0120391261151326,-0.00466425331325183));
#3927=CARTESIAN_POINT('',(0.0867517413932629,0.0120486132416861,-0.00470956223265074));
#3928=CARTESIAN_POINT('',(0.0866982490091815,0.0120584142326329,-0.00474391773578771));
#3929=CARTESIAN_POINT('',(0.0865913294473481,0.0120775769242382,-0.00479528546726868));
#3930=CARTESIAN_POINT('',(0.0865378810578569,0.0120869386248967,-0.00481233655680204));
#3931=CARTESIAN_POINT('',(0.0863798215074619,0.0121127642628268,-0.004844211342364));
#3932=CARTESIAN_POINT('',(0.0862652979940459,0.0121345585906477,-0.00484741518878977));
#3933=CARTESIAN_POINT('',(0.0861398346274608,0.0121473888526506,-0.00483857077295395));
#3934=CARTESIAN_POINT('',(0.0868353984405817,0.0119454486400415,-0.00469556381312158));
#3935=CARTESIAN_POINT('',(0.0867768136542565,0.011947559114018,-0.00475324665167073));
#3936=CARTESIAN_POINT('',(0.0867174118204247,0.011951494426032,-0.00479528539156012));
#3937=CARTESIAN_POINT('',(0.0866015897610097,0.0119617546999527,-0.00485637578106269));
#3938=CARTESIAN_POINT('',(0.0865450994744663,0.0119680796618593,-0.00487556686463517));
#3939=CARTESIAN_POINT('',(0.0863822921292956,0.011988748983144,-0.00491092525952309));
#3940=CARTESIAN_POINT('',(0.086266776034231,0.0120121074915503,-0.00491245963129731));
#3941=CARTESIAN_POINT('',(0.0861398346274604,0.012029292939708,-0.00490453765212391));
#3942=CARTESIAN_POINT('',(0.0868482889605329,0.011895978383151,-0.00470845433307276));
#3943=CARTESIAN_POINT('',(0.0867880199559321,0.0118959325511485,-0.00476874297785809));
#3944=CARTESIAN_POINT('',(0.0867267735717827,0.0118980460481951,-0.00481233639893434));
#3945=CARTESIAN_POINT('',(0.0866079146493261,0.011905264948039,-0.0048755666856943));
#3946=CARTESIAN_POINT('',(0.0865502044125771,0.0119103703508364,-0.00489540469691791));
#3947=CARTESIAN_POINT('',(0.0863841374945049,0.0119281842893342,-0.00493298078846806));
#3948=CARTESIAN_POINT('',(0.0862677910284305,0.0119498369357451,-0.00493561415508366));
#3949=CARTESIAN_POINT('',(0.0861398346274605,0.0119661178475968,-0.00492986888754535));
#3950=CARTESIAN_POINT('',(0.0868776122007285,0.0117394001510116,-0.00473777757326848));
#3951=CARTESIAN_POINT('',(0.0868161844295324,0.0117393609821782,-0.00479921479744096));
#3952=CARTESIAN_POINT('',(0.0867525993407285,0.0117399857811956,-0.00484421118900397));
#3953=CARTESIAN_POINT('',(0.0866285836906547,0.0117424557092077,-0.00491092558025375));
#3954=CARTESIAN_POINT('',(0.0865680168764881,0.0117443008382024,-0.00493298182782777));
#3955=CARTESIAN_POINT('',(0.0863913425631086,0.0117515053115654,-0.00497932899380811));
#3956=CARTESIAN_POINT('',(0.086271103679509,0.0117616668855716,-0.00498765352189794));
#3957=CARTESIAN_POINT('',(0.0861398346274604,0.0117713563584799,-0.00498679465682559));
#3958=CARTESIAN_POINT('',(0.08688983462746,0.0116249999999997,-0.00475));
#3959=CARTESIAN_POINT('',(0.0868346748327348,0.0116249996794005,-0.00480515979472506));
#3960=CARTESIAN_POINT('',(0.086774393727538,0.0116254621610764,-0.00484741490255026));
#3961=CARTESIAN_POINT('',(0.0866519419332035,0.0116269391867633,-0.00491245975421256));
#3962=CARTESIAN_POINT('',(0.0865896684321863,0.0116279537307743,-0.00493561510430923));
#3963=CARTESIAN_POINT('',(0.0864015043825741,0.0116312651429878,-0.00498765258501158));
#3964=CARTESIAN_POINT('',(0.0862736690048679,0.0116338297913705,-0.005));
#3965=CARTESIAN_POINT('',(0.0861398346274602,0.0116352573111336,-0.005));
#3966=CARTESIAN_POINT('',(0.0868898346274599,0.0114999999999997,-0.00475));
#3967=CARTESIAN_POINT('',(0.0868420087724675,0.0114999999999997,-0.00479782585499242));
#3968=CARTESIAN_POINT('',(0.0867872240361771,0.0114999999999997,-0.00483857042801822));
#3969=CARTESIAN_POINT('',(0.0866691276252261,0.0114999999999997,-0.00490453765401728));
#3970=CARTESIAN_POINT('',(0.0866059497146342,0.0114999999999997,-0.00492986974047982));
#3971=CARTESIAN_POINT('',(0.0864111945322474,0.0114999999999998,-0.00498679352808293));
#3972=CARTESIAN_POINT('',(0.0862750972112935,0.0114999999999998,-0.005));
#3973=CARTESIAN_POINT('',(0.0861398346274602,0.0114999999999998,-0.005));
#3974=CARTESIAN_POINT('',(0.0867648346274602,0.0121249999999999,-0.004625));
#3975=CARTESIAN_POINT('',(0.0867856679607935,0.0120833333333332,-0.00464583333333328));
#3976=CARTESIAN_POINT('',(0.086804087940712,0.0120391261151326,-0.00466425331325183));
#3977=CARTESIAN_POINT('',(0.0868353984405817,0.0119454486400415,-0.00469556381312158));
#3978=CARTESIAN_POINT('',(0.0868482889605329,0.011895978383151,-0.00470845433307276));
#3979=CARTESIAN_POINT('',(0.0868776122007285,0.0117394001510116,-0.00473777757326848));
#3980=CARTESIAN_POINT('',(0.08688983462746,0.0116249999999997,-0.00475));
#3981=CARTESIAN_POINT('',(0.0868898346274599,0.0114999999999997,-0.00475));
#3982=CARTESIAN_POINT('',(0.0868898346274599,0.0114999999999997,-0.00475));
#3983=CARTESIAN_POINT('',(0.0867648346274602,0.0121249999999999,-0.004625));
#3984=CARTESIAN_POINT('',(0.0861398346274602,0.0114999999999998,-0.005));
#3985=CARTESIAN_POINT('',(0.0864731679607933,0.0114999999999998,-0.00499999999999995));
#3986=CARTESIAN_POINT('',(0.0867231679607932,0.0114999999999997,-0.00491666666666662));
#3987=CARTESIAN_POINT('',(0.0868898346274599,0.0114999999999997,-0.00474999999999999));
#3988=CARTESIAN_POINT('',(0.0861398346274607,0.01225,-0.00475));
#3989=CARTESIAN_POINT('',(0.0861398346274605,0.0120833333333333,-0.00491666666666669));
#3990=CARTESIAN_POINT('',(0.0861398346274604,0.0118333333333332,-0.00500000000000003));
#3991=CARTESIAN_POINT('',(0.0861398346274602,0.0114999999999998,-0.005));
#3992=CARTESIAN_POINT('',(0.0861398346274607,0.01225,-0.00475));
#3993=CARTESIAN_POINT('',(0.0867648346274602,0.0121249999999999,-0.004625));
#3994=CARTESIAN_POINT('',(0.0867231679607935,0.0121458333333332,-0.0046458333333333));
#3995=CARTESIAN_POINT('',(0.086678960742593,0.0121642533132518,-0.00466425331325187));
#3996=CARTESIAN_POINT('',(0.0865852832675021,0.0121955638131216,-0.00469556381312163));
#3997=CARTESIAN_POINT('',(0.0865358130106117,0.0122084543330728,-0.00470845433307282));
#3998=CARTESIAN_POINT('',(0.0863792347784725,0.0122377775732685,-0.00473777757326854));
#3999=CARTESIAN_POINT('',(0.0862648346274606,0.01225,-0.00475));
#4000=CARTESIAN_POINT('',(0.0861398346274607,0.01225,-0.00475));
#4001=CARTESIAN_POINT('',(0.0867648346274602,0.0121249999999999,-0.004625));
#4002=CARTESIAN_POINT('',(0.0867856679607935,0.0121458333333332,-0.00458333333333328));
#4003=CARTESIAN_POINT('',(0.086804087940712,0.0121642533132518,-0.00453912611513271));
#4004=CARTESIAN_POINT('',(0.0868353984405817,0.0121955638131215,-0.00444544864004167));
#4005=CARTESIAN_POINT('',(0.0868482889605329,0.0122084543330727,-0.00439597838315121));
#4006=CARTESIAN_POINT('',(0.0868776122007285,0.0122377775732685,-0.00423940015101185));
#4007=CARTESIAN_POINT('',(0.08688983462746,0.01225,-0.00412499999999995));
#4008=CARTESIAN_POINT('',(0.0868898346274599,0.01225,-0.00399999999999995));
#4009=CARTESIAN_POINT('',(0.0867231679607935,0.0121458333333332,-0.0046458333333333));
#4010=CARTESIAN_POINT('',(0.086737875433945,0.012181374139818,-0.00459804080648479));
#4011=CARTESIAN_POINT('',(0.0867517413933037,0.0122095622326098,-0.00454861332183595));
#4012=CARTESIAN_POINT('',(0.0867768136543684,0.0122532466515584,-0.00444755939454239));
#4013=CARTESIAN_POINT('',(0.0867880199560746,0.0122687429777151,-0.00439593295189766));
#4014=CARTESIAN_POINT('',(0.0868161844296136,0.0122992147973596,-0.00423936162337682));
#4015=CARTESIAN_POINT('',(0.0868346748327349,0.0123051597947251,-0.00412500032059918));
#4016=CARTESIAN_POINT('',(0.0868420087724675,0.0122978258549924,-0.00399999999999995));
#4017=CARTESIAN_POINT('',(0.086678960742593,0.0121642533132518,-0.00466425331325187));
#4018=CARTESIAN_POINT('',(0.0866884478691465,0.0122095622326507,-0.00461190676580276));
#4019=CARTESIAN_POINT('',(0.0866982488600933,0.0122439177357877,-0.00455841438172125));
#4020=CARTESIAN_POINT('',(0.0867174115516986,0.0122952854672686,-0.00445149481988771));
#4021=CARTESIAN_POINT('',(0.086726773252357,0.012312336556802,-0.00439804643039647));
#4022=CARTESIAN_POINT('',(0.0867525988902869,0.0123442113423639,-0.00423998688000133));
#4023=CARTESIAN_POINT('',(0.0867743932181077,0.0123474151887897,-0.00412546336658517));
#4024=CARTESIAN_POINT('',(0.0867872234801106,0.012338570772954,-0.00399999999999995));
#4025=CARTESIAN_POINT('',(0.0865852832675021,0.0121955638131216,-0.00469556381312163));
#4026=CARTESIAN_POINT('',(0.0865873937414786,0.0122532466516707,-0.00463697902679635));
#4027=CARTESIAN_POINT('',(0.0865913290534926,0.0122952853915601,-0.00457757719296454));
#4028=CARTESIAN_POINT('',(0.0866015893274131,0.0123563757810627,-0.00446175513354944));
#4029=CARTESIAN_POINT('',(0.0866079142893197,0.0123755668646351,-0.00440526484700603));
#4030=CARTESIAN_POINT('',(0.0866285836106043,0.012410925259523,-0.00424245750183516));
#4031=CARTESIAN_POINT('',(0.0866519421190106,0.0124124596312972,-0.00412694140677063));
#4032=CARTESIAN_POINT('',(0.0866691275671682,0.0124045376521239,-0.00399999999999995));
#4033=CARTESIAN_POINT('',(0.0865358130106117,0.0122084543330728,-0.00470845433307282));
#4034=CARTESIAN_POINT('',(0.0865357671786092,0.0122687429778581,-0.00464818532847197));
#4035=CARTESIAN_POINT('',(0.0865378806756558,0.0123123363989343,-0.00458693894432253));
#4036=CARTESIAN_POINT('',(0.0865450995754995,0.0123755666856943,-0.00446808002186584));
#4037=CARTESIAN_POINT('',(0.0865502049782969,0.0123954046969179,-0.00441036978511679));
#4038=CARTESIAN_POINT('',(0.0865680189167946,0.012432980788468,-0.00424430286704448));
#4039=CARTESIAN_POINT('',(0.0865896715632053,0.0124356141550836,-0.00412795640097009));
#4040=CARTESIAN_POINT('',(0.086605952475057,0.0124298688875453,-0.004));
#4041=CARTESIAN_POINT('',(0.0863792347784725,0.0122377775732685,-0.00473777757326854));
#4042=CARTESIAN_POINT('',(0.086379195609639,0.012299214797441,-0.00467634980207241));
#4043=CARTESIAN_POINT('',(0.0863798204086565,0.012344211189004,-0.00461276471326847));
#4044=CARTESIAN_POINT('',(0.0863822903366684,0.0124109255802538,-0.00448874906319445));
#4045=CARTESIAN_POINT('',(0.086384135465663,0.0124329818278278,-0.00442818224902785));
#4046=CARTESIAN_POINT('',(0.0863913399390261,0.0124793289938081,-0.0042515079356482));
#4047=CARTESIAN_POINT('',(0.0864015015130321,0.0124876535218979,-0.00413126905204856));
#4048=CARTESIAN_POINT('',(0.0864111909859404,0.0124867946568256,-0.004));
#4049=CARTESIAN_POINT('',(0.0862648346274606,0.01225,-0.00475));
#4050=CARTESIAN_POINT('',(0.0862648343068614,0.012305159794725,-0.00469484020527492));
#4051=CARTESIAN_POINT('',(0.0862652967885374,0.0123474149025502,-0.00463455910007808));
#4052=CARTESIAN_POINT('',(0.086266773814224,0.0124124597542126,-0.00451210730574339));
#4053=CARTESIAN_POINT('',(0.0862677883582352,0.0124356151043092,-0.00444983380472625));
#4054=CARTESIAN_POINT('',(0.0862710997704486,0.0124876525850116,-0.00426166975511392));
#4055=CARTESIAN_POINT('',(0.0862736644188311,0.0125,-0.00413383437740766));
#4056=CARTESIAN_POINT('',(0.0862750919385942,0.0125,-0.004));
#4057=CARTESIAN_POINT('',(0.0861398346274607,0.01225,-0.00475));
#4058=CARTESIAN_POINT('',(0.0861398346274607,0.0122978258549924,-0.0047021741450076));
#4059=CARTESIAN_POINT('',(0.0861398346274609,0.0123385704280182,-0.00464738940871726));
#4060=CARTESIAN_POINT('',(0.0861398346274605,0.0124045376540173,-0.00452929299776606));
#4061=CARTESIAN_POINT('',(0.0861398346274606,0.0124298697404798,-0.00446611508717416));
#4062=CARTESIAN_POINT('',(0.0861398346274606,0.0124867935280829,-0.00427135990478719));
#4063=CARTESIAN_POINT('',(0.0861398346274604,0.0125,-0.00413526258383327));
#4064=CARTESIAN_POINT('',(0.0861398346274604,0.0125,-0.004));
#4065=CARTESIAN_POINT('',(0.0861398346274604,0.0125,-0.004));
#4066=CARTESIAN_POINT('',(0.0861398346274605,0.0125,-0.00433333333333333));
#4067=CARTESIAN_POINT('',(0.0861398346274606,0.0124166666666667,-0.00458333333333333));
#4068=CARTESIAN_POINT('',(0.0861398346274607,0.01225,-0.00475));
#4069=CARTESIAN_POINT('',(0.0868898346274599,0.01225,-0.00399999999999995));
#4070=CARTESIAN_POINT('',(0.0867231679607933,0.0124166666666666,-0.00399999999999996));
#4071=CARTESIAN_POINT('',(0.0864731679607935,0.0124999999999999,-0.00399999999999998));
#4072=CARTESIAN_POINT('',(0.0861398346274604,0.0125,-0.004));
#4073=CARTESIAN_POINT('',(0.0868898346274599,0.01225,-0.00399999999999995));
#4074=CARTESIAN_POINT('',(0.0867648346274602,0.0121249999999999,-0.004625));
#4075=CARTESIAN_POINT('',(0.0867856679607935,0.0121458333333332,-0.00458333333333328));
#4076=CARTESIAN_POINT('',(0.086804087940712,0.0121642533132518,-0.00453912611513271));
#4077=CARTESIAN_POINT('',(0.0868353984405817,0.0121955638131215,-0.00444544864004167));
#4078=CARTESIAN_POINT('',(0.0868482889605329,0.0122084543330727,-0.00439597838315121));
#4079=CARTESIAN_POINT('',(0.0868776122007285,0.0122377775732685,-0.00423940015101185));
#4080=CARTESIAN_POINT('',(0.08688983462746,0.01225,-0.00412499999999995));
#4081=CARTESIAN_POINT('',(0.0868898346274599,0.01225,-0.00399999999999995));
#4082=CARTESIAN_POINT('',(0.0152976952344183,0.012125,0.00462500000000053));
#4083=CARTESIAN_POINT('',(0.015276861901085,0.0120833333333334,0.00464583333333382));
#4084=CARTESIAN_POINT('',(0.0152584419211664,0.0120391261151328,0.00466425331325234));
#4085=CARTESIAN_POINT('',(0.0152271314212965,0.0119454486400418,0.004695563813122));
#4086=CARTESIAN_POINT('',(0.0152142409013453,0.0118959783831514,0.00470845433307314));
#4087=CARTESIAN_POINT('',(0.0151849176611495,0.0117394001510121,0.00473777757326871));
#4088=CARTESIAN_POINT('',(0.015172695234418,0.0116250000000002,0.00475000000000009));
#4089=CARTESIAN_POINT('',(0.015172695234418,0.0115000000000003,0.00475));
#4090=CARTESIAN_POINT('',(0.0152768619010849,0.0121458333333334,0.00458333333333398));
#4091=CARTESIAN_POINT('',(0.0152413210946,0.0120980408064849,0.00459804080648545));
#4092=CARTESIAN_POINT('',(0.0152131330018082,0.0120486133218361,0.00461190676584408));
#4093=CARTESIAN_POINT('',(0.0151694485828596,0.0119475593945426,0.00463697902690879));
#4094=CARTESIAN_POINT('',(0.0151539522567029,0.0118959329518978,0.00464818532861486));
#4095=CARTESIAN_POINT('',(0.0151234804370584,0.0117393616233771,0.00467634980215389));
#4096=CARTESIAN_POINT('',(0.015117535439693,0.0116250003205995,0.00469484020527502));
#4097=CARTESIAN_POINT('',(0.0151248693794255,0.0115000000000003,0.0047021741450076));
#4098=CARTESIAN_POINT('',(0.0152584419211663,0.0121642533132519,0.00453912611513352));
#4099=CARTESIAN_POINT('',(0.0152131330017674,0.0121119067658029,0.00454861324168696));
#4100=CARTESIAN_POINT('',(0.0151787774986303,0.0120584143817214,0.00455841423263377));
#4101=CARTESIAN_POINT('',(0.0151274097671494,0.0119514948198879,0.00457757692423897));
#4102=CARTESIAN_POINT('',(0.015110358677616,0.0118980464303967,0.00458693862489737));
#4103=CARTESIAN_POINT('',(0.015078483892054,0.0117399868800016,0.00461276426282721));
#4104=CARTESIAN_POINT('',(0.0150752800456282,0.0116254633665855,0.00463455859064791));
#4105=CARTESIAN_POINT('',(0.015084124461464,0.0115000000000003,0.00464738885265072));
#4106=CARTESIAN_POINT('',(0.0152271314212965,0.0121955638131217,0.00444544864004271));
#4107=CARTESIAN_POINT('',(0.0151694485827473,0.0121369790267964,0.00444755911401917));
#4108=CARTESIAN_POINT('',(0.0151274098428579,0.0120775771929647,0.00445149442603318));
#4109=CARTESIAN_POINT('',(0.0150663194533553,0.0119617551335496,0.0044617546999537));
#4110=CARTESIAN_POINT('',(0.0150471283697828,0.0119052648470062,0.00446807966186021));
#4111=CARTESIAN_POINT('',(0.0150117699748949,0.0117424575018354,0.00448874898314462));
#4112=CARTESIAN_POINT('',(0.0150102356031207,0.0116269414067709,0.00451210749155078));
#4113=CARTESIAN_POINT('',(0.0150181575822941,0.0115000000000003,0.00452929293970836));
#4114=CARTESIAN_POINT('',(0.0152142409013453,0.0122084543330729,0.00439597838315236));
#4115=CARTESIAN_POINT('',(0.0151539522565599,0.0121481853284721,0.00439593255114987));
#4116=CARTESIAN_POINT('',(0.0151103588354837,0.0120869389443227,0.00439804604819636));
#4117=CARTESIAN_POINT('',(0.0150471285487236,0.011968080021866,0.00440526494804018));
#4118=CARTESIAN_POINT('',(0.0150272905375,0.011910369785117,0.0044103703508375));
#4119=CARTESIAN_POINT('',(0.0149897144459499,0.0117443028670447,0.00442818428933498));
#4120=CARTESIAN_POINT('',(0.0149870810793343,0.0116279564009704,0.00444983693574562));
#4121=CARTESIAN_POINT('',(0.0149928263468726,0.0115000000000003,0.00446611784759722));
#4122=CARTESIAN_POINT('',(0.0151849176611495,0.0122377775732686,0.00423940015101334));
#4123=CARTESIAN_POINT('',(0.015123480436977,0.0121763498020725,0.00423936098217985));
#4124=CARTESIAN_POINT('',(0.015078484045414,0.0121127647132686,0.00423998578119724));
#4125=CARTESIAN_POINT('',(0.0150117696541641,0.0119887490631946,0.0042424557092092));
#4126=CARTESIAN_POINT('',(0.0149897134065901,0.011928182249028,0.00424430083820379));
#4127=CARTESIAN_POINT('',(0.0149433662406098,0.0117515079356484,0.00425150531156658));
#4128=CARTESIAN_POINT('',(0.01493504171252,0.0116312690520488,0.00426166688557252));
#4129=CARTESIAN_POINT('',(0.0149359005775923,0.0115000000000002,0.00427135635848081));
#4130=CARTESIAN_POINT('',(0.015172695234418,0.01225,0.00412500000000167));
#4131=CARTESIAN_POINT('',(0.0151175354396929,0.0121948402052749,0.00412499967940244));
#4132=CARTESIAN_POINT('',(0.0150752803318677,0.0121345591000781,0.00412546216107826));
#4133=CARTESIAN_POINT('',(0.0150102354802053,0.0120121073057435,0.00412693918676504));
#4134=CARTESIAN_POINT('',(0.0149870801301087,0.0119498338047264,0.004127953730776));
#4135=CARTESIAN_POINT('',(0.0149350426494063,0.0117616697551141,0.00413126514298918));
#4136=CARTESIAN_POINT('',(0.0149226952344179,0.0116338343774079,0.00413382979137167));
#4137=CARTESIAN_POINT('',(0.0149226952344179,0.0115000000000002,0.00413525731113472));
#4138=CARTESIAN_POINT('',(0.015172695234418,0.01225,0.0040000000000019));
#4139=CARTESIAN_POINT('',(0.0151248693794255,0.0122021741450076,0.0040000000000019));
#4140=CARTESIAN_POINT('',(0.0150841248063997,0.0121473894087173,0.00400000000000184));
#4141=CARTESIAN_POINT('',(0.0150181575804007,0.0120292929977661,0.00400000000000167));
#4142=CARTESIAN_POINT('',(0.0149928254939381,0.0119661150871742,0.00400000000000154));
#4143=CARTESIAN_POINT('',(0.014935901706335,0.0117713599047874,0.00400000000000119));
#4144=CARTESIAN_POINT('',(0.0149226952344179,0.0116352625838335,0.00400000000000095));
#4145=CARTESIAN_POINT('',(0.0149226952344179,0.0115000000000002,0.00400000000000095));
#4146=CARTESIAN_POINT('',(0.0152976952344183,0.012125,0.00462500000000053));
#4147=CARTESIAN_POINT('',(0.0152768619010849,0.0121458333333334,0.00458333333333398));
#4148=CARTESIAN_POINT('',(0.0152584419211663,0.0121642533132519,0.00453912611513352));
#4149=CARTESIAN_POINT('',(0.0152271314212965,0.0121955638131217,0.00444544864004271));
#4150=CARTESIAN_POINT('',(0.0152142409013453,0.0122084543330729,0.00439597838315236));
#4151=CARTESIAN_POINT('',(0.0151849176611495,0.0122377775732686,0.00423940015101334));
#4152=CARTESIAN_POINT('',(0.015172695234418,0.01225,0.00412500000000167));
#4153=CARTESIAN_POINT('',(0.015172695234418,0.01225,0.0040000000000019));
#4154=CARTESIAN_POINT('',(0.015172695234418,0.01225,0.0040000000000019));
#4155=CARTESIAN_POINT('',(0.0152976952344183,0.012125,0.00462500000000053));
#4156=CARTESIAN_POINT('',(0.0149226952344179,0.0115000000000002,0.00400000000000095));
#4157=CARTESIAN_POINT('',(0.014922695234418,0.0118333333333335,0.00400000000000127));
#4158=CARTESIAN_POINT('',(0.0150060285677513,0.0120833333333334,0.00400000000000158));
#4159=CARTESIAN_POINT('',(0.0151726952344179,0.01225,0.0040000000000019));
#4160=CARTESIAN_POINT('',(0.0151726952344179,0.0115000000000003,0.00475000000000001));
#4161=CARTESIAN_POINT('',(0.0150060285677514,0.0115000000000002,0.0045833333333335));
#4162=CARTESIAN_POINT('',(0.0149226952344181,0.0115000000000002,0.00433333333333381));
#4163=CARTESIAN_POINT('',(0.0149226952344179,0.0115000000000002,0.00400000000000095));
#4164=CARTESIAN_POINT('',(0.015172695234418,0.0115000000000003,0.00475));
#4165=CARTESIAN_POINT('',(0.0152976952344183,0.012125,0.00462500000000053));
#4166=CARTESIAN_POINT('',(0.015276861901085,0.0120833333333334,0.00464583333333382));
#4167=CARTESIAN_POINT('',(0.0152584419211664,0.0120391261151328,0.00466425331325234));
#4168=CARTESIAN_POINT('',(0.0152271314212965,0.0119454486400418,0.004695563813122));
#4169=CARTESIAN_POINT('',(0.0152142409013453,0.0118959783831514,0.00470845433307314));
#4170=CARTESIAN_POINT('',(0.0151849176611495,0.0117394001510121,0.00473777757326871));
#4171=CARTESIAN_POINT('',(0.015172695234418,0.0116250000000002,0.00475000000000009));
#4172=CARTESIAN_POINT('',(0.015172695234418,0.0115000000000003,0.00475));
#4173=CARTESIAN_POINT('',(0.0152976952344183,0.012125,0.00462500000000053));
#4174=CARTESIAN_POINT('',(0.015339361901085,0.0121458333333333,0.0046458333333338));
#4175=CARTESIAN_POINT('',(0.0153835691192856,0.0121642533132519,0.00466425331325231));
#4176=CARTESIAN_POINT('',(0.0154772465943768,0.0121955638131216,0.00469556381312195));
#4177=CARTESIAN_POINT('',(0.0155267168512673,0.0122084543330728,0.00470845433307308));
#4178=CARTESIAN_POINT('',(0.0156832950834068,0.0122377775732685,0.00473777757326866));
#4179=CARTESIAN_POINT('',(0.0157976952344187,0.01225,0.00475));
#4180=CARTESIAN_POINT('',(0.0159226952344188,0.01225,0.00475));
#4181=CARTESIAN_POINT('',(0.015276861901085,0.0120833333333334,0.00464583333333382));
#4182=CARTESIAN_POINT('',(0.0153246544279335,0.0120980408064848,0.00468137413981854));
#4183=CARTESIAN_POINT('',(0.0153740819125824,0.0121119067658435,0.00470956223261024));
#4184=CARTESIAN_POINT('',(0.0154751358398761,0.0121369790269082,0.00475324665155865));
#4185=CARTESIAN_POINT('',(0.0155267622825208,0.0121481853286144,0.00476874297771537));
#4186=CARTESIAN_POINT('',(0.0156833336110418,0.0121763498021536,0.0047992147973597));
#4187=CARTESIAN_POINT('',(0.0157976949138195,0.0121948402052749,0.00480515979472511));
#4188=CARTESIAN_POINT('',(0.0159226952344188,0.0122021741450076,0.0047978258549924));
#4189=CARTESIAN_POINT('',(0.0152584419211664,0.0120391261151328,0.00466425331325234));
#4190=CARTESIAN_POINT('',(0.0153107884686155,0.0120486132416862,0.00470956223265111));
#4191=CARTESIAN_POINT('',(0.0153642808526971,0.012058414232633,0.00474391773578799));
#4192=CARTESIAN_POINT('',(0.0154712004145308,0.0120775769242383,0.00479528546726882));
#4193=CARTESIAN_POINT('',(0.0155246488040221,0.0120869386248968,0.00481233655680213));
#4194=CARTESIAN_POINT('',(0.0156827083544173,0.0121127642628268,0.00484421134236402));
#4195=CARTESIAN_POINT('',(0.0157972318678335,0.0121345585906477,0.00484741518878977));
#4196=CARTESIAN_POINT('',(0.0159226952344188,0.0121473888526507,0.00483857077295394));
#4197=CARTESIAN_POINT('',(0.0152271314212965,0.0119454486400418,0.004695563813122));
#4198=CARTESIAN_POINT('',(0.0152857162076219,0.0119475591140182,0.00475324665167101));
#4199=CARTESIAN_POINT('',(0.0153451180414538,0.0119514944260322,0.00479528539156031));
#4200=CARTESIAN_POINT('',(0.015460940100869,0.0119617546999528,0.00485637578106275));
#4201=CARTESIAN_POINT('',(0.0155174303874125,0.0119680796618594,0.0048755668646352));
#4202=CARTESIAN_POINT('',(0.0156802377325834,0.011988748983144,0.00491092525952307));
#4203=CARTESIAN_POINT('',(0.015795753827648,0.0120121074915504,0.0049124596312973));
#4204=CARTESIAN_POINT('',(0.0159226952344187,0.0120292929397081,0.00490453765212391));
#4205=CARTESIAN_POINT('',(0.0152142409013453,0.0118959783831514,0.00470845433307314));
#4206=CARTESIAN_POINT('',(0.0152745099059463,0.0118959325511488,0.00476874297785833));
#4207=CARTESIAN_POINT('',(0.0153357562900958,0.0118980460481953,0.0048123363989345));
#4208=CARTESIAN_POINT('',(0.0154546152125525,0.0119052649480392,0.00487556668569435));
#4209=CARTESIAN_POINT('',(0.0155123254493017,0.0119103703508366,0.00489540469691793));
#4210=CARTESIAN_POINT('',(0.0156783923673741,0.0119281842893343,0.00493298078846804));
#4211=CARTESIAN_POINT('',(0.0157947388334485,0.0119498369357452,0.00493561415508366));
#4212=CARTESIAN_POINT('',(0.0159226952344186,0.0119661178475969,0.00492986888754535));
#4213=CARTESIAN_POINT('',(0.0151849176611495,0.0117394001510121,0.00473777757326871));
#4214=CARTESIAN_POINT('',(0.0152463454323457,0.0117393609821786,0.0047992147974411));
#4215=CARTESIAN_POINT('',(0.0153099305211497,0.0117399857811959,0.00484421118900405));
#4216=CARTESIAN_POINT('',(0.0154339461712238,0.011742455709208,0.0049109255802538));
#4217=CARTESIAN_POINT('',(0.0154945129853905,0.0117443008382027,0.00493298182782777));
#4218=CARTESIAN_POINT('',(0.0156711872987702,0.0117515053115657,0.0049793289938081));
#4219=CARTESIAN_POINT('',(0.0157914261823699,0.0117616668855718,0.00498765352189793));
#4220=CARTESIAN_POINT('',(0.0159226952344185,0.0117713563584801,0.00498679465682558));
#4221=CARTESIAN_POINT('',(0.015172695234418,0.0116250000000002,0.00475000000000009));
#4222=CARTESIAN_POINT('',(0.0152278550291431,0.011624999679401,0.00480515979472515));
#4223=CARTESIAN_POINT('',(0.0152881361343399,0.0116254621610768,0.00484741490255032));
#4224=CARTESIAN_POINT('',(0.0154105879286747,0.0116269391867637,0.00491245975421264));
#4225=CARTESIAN_POINT('',(0.0154728614296919,0.0116279537307747,0.00493561510430927));
#4226=CARTESIAN_POINT('',(0.0156610254793044,0.0116312651429881,0.0049876525850116));
#4227=CARTESIAN_POINT('',(0.0157888608570107,0.0116338297913708,0.005));
#4228=CARTESIAN_POINT('',(0.0159226952344184,0.0116352573111338,0.005));
#4229=CARTESIAN_POINT('',(0.015172695234418,0.0115000000000003,0.00475));
#4230=CARTESIAN_POINT('',(0.0152205210894103,0.0115000000000003,0.0047978258549924));
#4231=CARTESIAN_POINT('',(0.0152753058257007,0.0115000000000002,0.0048385704280182));
#4232=CARTESIAN_POINT('',(0.015393402236652,0.0115000000000002,0.0049045376540173));
#4233=CARTESIAN_POINT('',(0.015456580147244,0.0115000000000002,0.00492986974047981));
#4234=CARTESIAN_POINT('',(0.0156513353296311,0.0115,0.00498679352808294));
#4235=CARTESIAN_POINT('',(0.0157874326505851,0.0115,0.005));
#4236=CARTESIAN_POINT('',(0.0159226952344184,0.0115,0.005));
#4237=CARTESIAN_POINT('',(0.0159226952344184,0.0115,0.005));
#4238=CARTESIAN_POINT('',(0.0155893619010848,0.0115000000000001,0.00500000000000007));
#4239=CARTESIAN_POINT('',(0.0153393619010847,0.0115000000000002,0.00491666666666674));
#4240=CARTESIAN_POINT('',(0.0151726952344179,0.0115000000000003,0.00475000000000001));
#4241=CARTESIAN_POINT('',(0.0159226952344189,0.01225,0.00475));
#4242=CARTESIAN_POINT('',(0.0159226952344187,0.0120833333333333,0.00491666666666667));
#4243=CARTESIAN_POINT('',(0.0159226952344186,0.0118333333333333,0.005));
#4244=CARTESIAN_POINT('',(0.0159226952344184,0.0115,0.005));
#4245=CARTESIAN_POINT('',(0.0159226952344188,0.01225,0.00475));
#4246=CARTESIAN_POINT('',(0.0152976952344183,0.012125,0.00462500000000053));
#4247=CARTESIAN_POINT('',(0.015339361901085,0.0121458333333333,0.0046458333333338));
#4248=CARTESIAN_POINT('',(0.0153835691192856,0.0121642533132519,0.00466425331325231));
#4249=CARTESIAN_POINT('',(0.0154772465943768,0.0121955638131216,0.00469556381312195));
#4250=CARTESIAN_POINT('',(0.0155267168512673,0.0122084543330728,0.00470845433307308));
#4251=CARTESIAN_POINT('',(0.0156832950834068,0.0122377775732685,0.00473777757326866));
#4252=CARTESIAN_POINT('',(0.0157976952344187,0.01225,0.00475));
#4253=CARTESIAN_POINT('',(0.0159226952344188,0.01225,0.00475));
#4254=CARTESIAN_POINT('',(0.0152976952344186,-0.0121250000000026,-0.00462499999999954));
#4255=CARTESIAN_POINT('',(0.0153393619010853,-0.0121458333333357,-0.0046458333333328));
#4256=CARTESIAN_POINT('',(0.0153835691192859,-0.012164253313254,-0.00466425331325132));
#4257=CARTESIAN_POINT('',(0.015477246594377,-0.0121955638131232,-0.00469556381312103));
#4258=CARTESIAN_POINT('',(0.0155267168512675,-0.0122084543330742,-0.00470845433307223));
#4259=CARTESIAN_POINT('',(0.0156832950834068,-0.0122377775732692,-0.00473777757326806));
#4260=CARTESIAN_POINT('',(0.0157976952344187,-0.0122500000000003,-0.0047499999999997));
#4261=CARTESIAN_POINT('',(0.0159226952344186,-0.01225,-0.00475));
#4262=CARTESIAN_POINT('',(0.0152768619010852,-0.0120833333333365,-0.00464583333333296));
#4263=CARTESIAN_POINT('',(0.0153246544279337,-0.0120980408064878,-0.00468137413981771));
#4264=CARTESIAN_POINT('',(0.0153740819125826,-0.0121119067658463,-0.00470956223260943));
#4265=CARTESIAN_POINT('',(0.0154751358398762,-0.0121369790269105,-0.0047532466515579));
#4266=CARTESIAN_POINT('',(0.0155267622825209,-0.0121481853286164,-0.00476874297771465));
#4267=CARTESIAN_POINT('',(0.0156833336110418,-0.0121763498021547,-0.00479921479735913));
#4268=CARTESIAN_POINT('',(0.0157976949138195,-0.0121948402052754,-0.0048051597947247));
#4269=CARTESIAN_POINT('',(0.0159226952344186,-0.0122021741450076,-0.0047978258549924));
#4270=CARTESIAN_POINT('',(0.0152584419211665,-0.0120391261151366,-0.0046642533132516));
#4271=CARTESIAN_POINT('',(0.0153107884686156,-0.0120486132416899,-0.00470956223265042));
#4272=CARTESIAN_POINT('',(0.0153642808526971,-0.0120584142326365,-0.00474391773578732));
#4273=CARTESIAN_POINT('',(0.0154712004145308,-0.0120775769242412,-0.0047952854672682));
#4274=CARTESIAN_POINT('',(0.015524648804022,-0.0120869386248994,-0.00481233655680154));
#4275=CARTESIAN_POINT('',(0.0156827083544173,-0.0121127642628284,-0.00484421134236352));
#4276=CARTESIAN_POINT('',(0.0157972318678334,-0.0121345585906485,-0.00484741518878938));
#4277=CARTESIAN_POINT('',(0.0159226952344186,-0.0121473888526509,-0.00483857077295395));
#4278=CARTESIAN_POINT('',(0.0152271314212966,-0.0119454486400467,-0.00469556381312146));
#4279=CARTESIAN_POINT('',(0.0152857162076218,-0.0119475591140231,-0.00475324665167053));
#4280=CARTESIAN_POINT('',(0.0153451180414537,-0.0119514944260369,-0.00479528539155987));
#4281=CARTESIAN_POINT('',(0.0154609401008689,-0.0119617546999569,-0.00485637578106236));
#4282=CARTESIAN_POINT('',(0.0155174303874123,-0.0119680796618631,-0.00487556686463482));
#4283=CARTESIAN_POINT('',(0.0156802377325833,-0.0119887489831466,-0.00491092525952273));
#4284=CARTESIAN_POINT('',(0.015795753827648,-0.0120121074915519,-0.004912459631297));
#4285=CARTESIAN_POINT('',(0.0159226952344185,-0.012029292939709,-0.00490453765212391));
#4286=CARTESIAN_POINT('',(0.0152142409013453,-0.0118959783831568,-0.0047084543330727));
#4287=CARTESIAN_POINT('',(0.0152745099059462,-0.0118959325511542,-0.00476874297785794));
#4288=CARTESIAN_POINT('',(0.0153357562900956,-0.0118980460482005,-0.00481233639893414));
#4289=CARTESIAN_POINT('',(0.0154546152125524,-0.0119052649480438,-0.00487556668569405));
#4290=CARTESIAN_POINT('',(0.0155123254493015,-0.0119103703508408,-0.00489540469691763));
#4291=CARTESIAN_POINT('',(0.0156783923673739,-0.0119281842893373,-0.00493298078846778));
#4292=CARTESIAN_POINT('',(0.0157947388334484,-0.0119498369357471,-0.00493561415508343));
#4293=CARTESIAN_POINT('',(0.0159226952344185,-0.0119661178475981,-0.00492986888754535));
#4294=CARTESIAN_POINT('',(0.0151849176611495,-0.0117394001510192,-0.00473777757326851));
#4295=CARTESIAN_POINT('',(0.0152463454323456,-0.0117393609821856,-0.00479921479744091));
#4296=CARTESIAN_POINT('',(0.0153099305211495,-0.0117399857812027,-0.00484421118900389));
#4297=CARTESIAN_POINT('',(0.0154339461712236,-0.011742455709214,-0.00491092558025367));
#4298=CARTESIAN_POINT('',(0.0154945129853902,-0.0117443008382082,-0.00493298182782767));
#4299=CARTESIAN_POINT('',(0.01567118729877,-0.0117515053115698,-0.00497932899380803));
#4300=CARTESIAN_POINT('',(0.0157914261823698,-0.0117616668855749,-0.00498765352189786));
#4301=CARTESIAN_POINT('',(0.0159226952344183,-0.0117713563584826,-0.00498679465682558));
#4302=CARTESIAN_POINT('',(0.015172695234418,-0.0116250000000086,-0.00475));
#4303=CARTESIAN_POINT('',(0.015227855029143,-0.0116249996794091,-0.00480515979472506));
#4304=CARTESIAN_POINT('',(0.0152881361343398,-0.0116254621610845,-0.00484741490255024));
#4305=CARTESIAN_POINT('',(0.0154105879286746,-0.0116269391867705,-0.00491245975421257));
#4306=CARTESIAN_POINT('',(0.0154728614296917,-0.011627953730781,-0.00493561510430922));
#4307=CARTESIAN_POINT('',(0.0156610254793042,-0.0116312651429929,-0.00498765258501158));
#4308=CARTESIAN_POINT('',(0.0157888608570106,-0.0116338297913745,-0.005));
#4309=CARTESIAN_POINT('',(0.0159226952344182,-0.0116352573111371,-0.005));
#4310=CARTESIAN_POINT('',(0.0151726952344179,-0.0115000000000098,-0.00475));
#4311=CARTESIAN_POINT('',(0.0152205210894103,-0.0115000000000095,-0.0047978258549924));
#4312=CARTESIAN_POINT('',(0.0152753058257007,-0.011500000000009,-0.0048385704280182));
#4313=CARTESIAN_POINT('',(0.0153934022366519,-0.0115000000000078,-0.0049045376540173));
#4314=CARTESIAN_POINT('',(0.0154565801472439,-0.0115000000000071,-0.00492986974047981));
#4315=CARTESIAN_POINT('',(0.0156513353296309,-0.0115000000000051,-0.00498679352808294));
#4316=CARTESIAN_POINT('',(0.0157874326505849,-0.0115000000000038,-0.005));
#4317=CARTESIAN_POINT('',(0.0159226952344182,-0.0115000000000033,-0.005));
#4318=CARTESIAN_POINT('',(0.0152976952344186,-0.0121250000000026,-0.00462499999999954));
#4319=CARTESIAN_POINT('',(0.0152768619010852,-0.0120833333333365,-0.00464583333333296));
#4320=CARTESIAN_POINT('',(0.0152584419211665,-0.0120391261151366,-0.0046642533132516));
#4321=CARTESIAN_POINT('',(0.0152271314212966,-0.0119454486400467,-0.00469556381312146));
#4322=CARTESIAN_POINT('',(0.0152142409013453,-0.0118959783831568,-0.0047084543330727));
#4323=CARTESIAN_POINT('',(0.0151849176611495,-0.0117394001510192,-0.00473777757326851));
#4324=CARTESIAN_POINT('',(0.015172695234418,-0.0116250000000086,-0.00475));
#4325=CARTESIAN_POINT('',(0.0151726952344179,-0.0115000000000098,-0.00475));
#4326=CARTESIAN_POINT('',(0.0151726952344179,-0.0115000000000098,-0.00475));
#4327=CARTESIAN_POINT('',(0.0152976952344186,-0.0121250000000026,-0.00462499999999954));
#4328=CARTESIAN_POINT('',(0.0159226952344182,-0.0115000000000033,-0.005));
#4329=CARTESIAN_POINT('',(0.0155893619010847,-0.0115000000000055,-0.00500000000000006));
#4330=CARTESIAN_POINT('',(0.0153393619010846,-0.0115000000000077,-0.00491666666666673));
#4331=CARTESIAN_POINT('',(0.0151726952344179,-0.0115000000000098,-0.00475));
#4332=CARTESIAN_POINT('',(0.0159226952344186,-0.01225,-0.00475));
#4333=CARTESIAN_POINT('',(0.0159226952344185,-0.0120833333333339,-0.00491666666666611));
#4334=CARTESIAN_POINT('',(0.0159226952344184,-0.011833333333335,-0.00499999999999945));
#4335=CARTESIAN_POINT('',(0.0159226952344182,-0.0115000000000033,-0.005));
#4336=CARTESIAN_POINT('',(0.0159226952344186,-0.01225,-0.00475));
#4337=CARTESIAN_POINT('',(0.0152976952344186,-0.0121250000000026,-0.00462499999999954));
#4338=CARTESIAN_POINT('',(0.0153393619010853,-0.0121458333333357,-0.0046458333333328));
#4339=CARTESIAN_POINT('',(0.0153835691192859,-0.012164253313254,-0.00466425331325132));
#4340=CARTESIAN_POINT('',(0.015477246594377,-0.0121955638131232,-0.00469556381312103));
#4341=CARTESIAN_POINT('',(0.0155267168512675,-0.0122084543330742,-0.00470845433307223));
#4342=CARTESIAN_POINT('',(0.0156832950834068,-0.0122377775732692,-0.00473777757326806));
#4343=CARTESIAN_POINT('',(0.0157976952344187,-0.0122500000000003,-0.0047499999999997));
#4344=CARTESIAN_POINT('',(0.0159226952344186,-0.01225,-0.00475));
#4345=CARTESIAN_POINT('',(0.0152976952344186,-0.0121250000000026,-0.00462499999999954));
#4346=CARTESIAN_POINT('',(0.0152768619010853,-0.0121458333333357,-0.00458333333333286));
#4347=CARTESIAN_POINT('',(0.0152584419211668,-0.012164253313254,-0.00453912611513228));
#4348=CARTESIAN_POINT('',(0.015227131421297,-0.0121955638131233,-0.00444544864004127));
#4349=CARTESIAN_POINT('',(0.0152142409013458,-0.0122084543330742,-0.00439597838315083));
#4350=CARTESIAN_POINT('',(0.0151849176611499,-0.0122377775732693,-0.00423940015101158));
#4351=CARTESIAN_POINT('',(0.0151726952344183,-0.0122500000000003,-0.00412499999999979));
#4352=CARTESIAN_POINT('',(0.0151726952344179,-0.01225,-0.00399999999999995));
#4353=CARTESIAN_POINT('',(0.0153393619010853,-0.0121458333333357,-0.0046458333333328));
#4354=CARTESIAN_POINT('',(0.0153246544279339,-0.01218137413982,-0.00459804080648423));
#4355=CARTESIAN_POINT('',(0.0153107884685753,-0.0122095622326115,-0.00454861332183537));
#4356=CARTESIAN_POINT('',(0.0152857162075104,-0.0122532466515594,-0.00444755939454184));
#4357=CARTESIAN_POINT('',(0.0152745099058042,-0.012268742977716,-0.00439593295189715));
#4358=CARTESIAN_POINT('',(0.0152463454322647,-0.01229921479736,-0.00423936162337648));
#4359=CARTESIAN_POINT('',(0.0152278550291433,-0.0123051597947253,-0.00412500032059901));
#4360=CARTESIAN_POINT('',(0.0152205210894103,-0.0122978258549924,-0.00399999999999995));
#4361=CARTESIAN_POINT('',(0.0153835691192859,-0.012164253313254,-0.00466425331325132));
#4362=CARTESIAN_POINT('',(0.0153740819927326,-0.0122095622326523,-0.00461190676580213));
#4363=CARTESIAN_POINT('',(0.0153642810017858,-0.0122439177357889,-0.00455841438172061));
#4364=CARTESIAN_POINT('',(0.0153451183101804,-0.0122952854672693,-0.00445149481988711));
#4365=CARTESIAN_POINT('',(0.0153357566095219,-0.0123123365568024,-0.00439804643039592));
#4366=CARTESIAN_POINT('',(0.0153099309715915,-0.0123442113423641,-0.00423998688000098));
#4367=CARTESIAN_POINT('',(0.0152881366437704,-0.0123474151887899,-0.00412546336658502));
#4368=CARTESIAN_POINT('',(0.0152753063817673,-0.012338570772954,-0.00399999999999995));
#4369=CARTESIAN_POINT('',(0.015477246594377,-0.0121955638131232,-0.00469556381312103));
#4370=CARTESIAN_POINT('',(0.0154751361204006,-0.0122532466516717,-0.00463697902679569));
#4371=CARTESIAN_POINT('',(0.0154712008083867,-0.0122952853915607,-0.00457757719296389));
#4372=CARTESIAN_POINT('',(0.015460940534466,-0.0123563757810628,-0.00446175513354885));
#4373=CARTESIAN_POINT('',(0.0154546155725593,-0.0123755668646351,-0.0044052648470055));
#4374=CARTESIAN_POINT('',(0.0154339462512743,-0.012410925259523,-0.00424245750183485));
#4375=CARTESIAN_POINT('',(0.0154105877428677,-0.0124124596312973,-0.0041269414067705));
#4376=CARTESIAN_POINT('',(0.0153934022947099,-0.0124045376521239,-0.00399999999999995));
#4377=CARTESIAN_POINT('',(0.0155267168512675,-0.0122084543330742,-0.00470845433307223));
#4378=CARTESIAN_POINT('',(0.0155267626832701,-0.0122687429778589,-0.00464818532847135));
#4379=CARTESIAN_POINT('',(0.0155246491862236,-0.0123123363989348,-0.00458693894432194));
#4380=CARTESIAN_POINT('',(0.0155174302863796,-0.0123755666856943,-0.00446808002186532));
#4381=CARTESIAN_POINT('',(0.0155123248835821,-0.0123954046969178,-0.00441036978511633));
#4382=CARTESIAN_POINT('',(0.015494510945084,-0.0124329807884679,-0.00424430286704422));
#4383=CARTESIAN_POINT('',(0.015472858298673,-0.0124356141550837,-0.00412795640096998));
#4384=CARTESIAN_POINT('',(0.0154565773868212,-0.0124298688875454,-0.004));
#4385=CARTESIAN_POINT('',(0.0156832950834068,-0.0122377775732692,-0.00473777757326806));
#4386=CARTESIAN_POINT('',(0.0156833342522404,-0.0122992147974413,-0.00467634980207198));
#4387=CARTESIAN_POINT('',(0.0156827094532229,-0.0123442111890041,-0.00461276471326811));
#4388=CARTESIAN_POINT('',(0.0156802395252108,-0.0124109255802537,-0.00448874906319419));
#4389=CARTESIAN_POINT('',(0.015678394396216,-0.0124329818278276,-0.00442818224902763));
#4390=CARTESIAN_POINT('',(0.0156711899228528,-0.012479328993808,-0.00425150793564807));
#4391=CARTESIAN_POINT('',(0.0156610283488465,-0.0124876535218979,-0.00413126905204848));
#4392=CARTESIAN_POINT('',(0.0156513388759381,-0.0124867946568256,-0.00399999999999995));
#4393=CARTESIAN_POINT('',(0.0157976952344187,-0.0122500000000003,-0.0047499999999997));
#4394=CARTESIAN_POINT('',(0.0157976955550179,-0.0123051597947253,-0.0046948402052747));
#4395=CARTESIAN_POINT('',(0.015797233073342,-0.0123474149025504,-0.00463455910007794));
#4396=CARTESIAN_POINT('',(0.0157957560476551,-0.0124124597542126,-0.00451210730574334));
#4397=CARTESIAN_POINT('',(0.015794741503644,-0.0124356151043093,-0.00444983380472623));
#4398=CARTESIAN_POINT('',(0.0157914300914304,-0.0124876525850116,-0.00426166975511391));
#4399=CARTESIAN_POINT('',(0.0157888654430476,-0.0125,-0.00413383437740764));
#4400=CARTESIAN_POINT('',(0.0157874379232845,-0.0125,-0.004));
#4401=CARTESIAN_POINT('',(0.0159226952344186,-0.01225,-0.00475));
#4402=CARTESIAN_POINT('',(0.0159226952344186,-0.0122978258549924,-0.0047021741450076));
#4403=CARTESIAN_POINT('',(0.0159226952344186,-0.0123385704280182,-0.00464738940871726));
#4404=CARTESIAN_POINT('',(0.0159226952344185,-0.0124045376540173,-0.00452929299776606));
#4405=CARTESIAN_POINT('',(0.0159226952344185,-0.0124298697404798,-0.00446611508717415));
#4406=CARTESIAN_POINT('',(0.0159226952344183,-0.012486793528083,-0.00427135990478719));
#4407=CARTESIAN_POINT('',(0.0159226952344182,-0.0125,-0.00413526258383327));
#4408=CARTESIAN_POINT('',(0.0159226952344182,-0.0125,-0.004));
#4409=CARTESIAN_POINT('',(0.0159226952344182,-0.0125,-0.004));
#4410=CARTESIAN_POINT('',(0.0159226952344183,-0.0125,-0.00433333333333333));
#4411=CARTESIAN_POINT('',(0.0159226952344185,-0.0124166666666667,-0.00458333333333333));
#4412=CARTESIAN_POINT('',(0.0159226952344186,-0.01225,-0.00475));
#4413=CARTESIAN_POINT('',(0.0151726952344179,-0.01225,-0.00399999999999995));
#4414=CARTESIAN_POINT('',(0.0153393619010846,-0.0124166666666667,-0.00399999999999996));
#4415=CARTESIAN_POINT('',(0.0155893619010847,-0.0125000000000001,-0.00399999999999998));
#4416=CARTESIAN_POINT('',(0.0159226952344182,-0.0125,-0.004));
#4417=CARTESIAN_POINT('',(0.0151726952344179,-0.01225,-0.00399999999999995));
#4418=CARTESIAN_POINT('',(0.0152976952344186,-0.0121250000000026,-0.00462499999999954));
#4419=CARTESIAN_POINT('',(0.0152768619010853,-0.0121458333333357,-0.00458333333333286));
#4420=CARTESIAN_POINT('',(0.0152584419211668,-0.012164253313254,-0.00453912611513228));
#4421=CARTESIAN_POINT('',(0.015227131421297,-0.0121955638131233,-0.00444544864004127));
#4422=CARTESIAN_POINT('',(0.0152142409013458,-0.0122084543330742,-0.00439597838315083));
#4423=CARTESIAN_POINT('',(0.0151849176611499,-0.0122377775732693,-0.00423940015101158));
#4424=CARTESIAN_POINT('',(0.0151726952344183,-0.0122500000000003,-0.00412499999999979));
#4425=CARTESIAN_POINT('',(0.0151726952344179,-0.01225,-0.00399999999999995));
#4426=CARTESIAN_POINT('',(0.0152976952344185,0.0121250000000026,-0.00462499999999954));
#4427=CARTESIAN_POINT('',(0.0152768619010852,0.0121458333333357,-0.00458333333333286));
#4428=CARTESIAN_POINT('',(0.0152584419211667,0.012164253313254,-0.0045391261151323));
#4429=CARTESIAN_POINT('',(0.015227131421297,0.0121955638131232,-0.0044454486400413));
#4430=CARTESIAN_POINT('',(0.0152142409013458,0.0122084543330742,-0.00439597838315086));
#4431=CARTESIAN_POINT('',(0.0151849176611499,0.0122377775732692,-0.00423940015101163));
#4432=CARTESIAN_POINT('',(0.0151726952344183,0.0122500000000003,-0.00412499999999986));
#4433=CARTESIAN_POINT('',(0.0151726952344179,0.01225,-0.00400000000000005));
#4434=CARTESIAN_POINT('',(0.0152768619010851,0.0120833333333365,-0.00464583333333295));
#4435=CARTESIAN_POINT('',(0.0152413210946003,0.0120980408064878,-0.00459804080648447));
#4436=CARTESIAN_POINT('',(0.0152131330018086,0.0121119067658463,-0.00454861332183565));
#4437=CARTESIAN_POINT('',(0.0151694485828601,0.0121369790269105,-0.00444755939454213));
#4438=CARTESIAN_POINT('',(0.0151539522567033,0.0121481853286164,-0.00439593295189742));
#4439=CARTESIAN_POINT('',(0.0151234804370588,0.0121763498021547,-0.00423936162337665));
#4440=CARTESIAN_POINT('',(0.0151175354396933,0.0121948402052754,-0.00412500032059909));
#4441=CARTESIAN_POINT('',(0.0151248693794255,0.0122021741450076,-0.00400000000000005));
#4442=CARTESIAN_POINT('',(0.0152584419211664,0.0120391261151365,-0.00466425331325159));
#4443=CARTESIAN_POINT('',(0.0152131330017676,0.0120486132416899,-0.00461190676580252));
#4444=CARTESIAN_POINT('',(0.0151787774986306,0.0120584142326365,-0.00455841438172104));
#4445=CARTESIAN_POINT('',(0.0151274097671497,0.0120775769242413,-0.00445149481988754));
#4446=CARTESIAN_POINT('',(0.0151103586776164,0.0120869386248995,-0.00439804643039631));
#4447=CARTESIAN_POINT('',(0.0150784838920544,0.0121127642628286,-0.00423998688000121));
#4448=CARTESIAN_POINT('',(0.0150752800456285,0.0121345585906487,-0.00412546336658509));
#4449=CARTESIAN_POINT('',(0.015084124461464,0.0121473888526511,-0.00400000000000005));
#4450=CARTESIAN_POINT('',(0.0152271314212965,0.0119454486400467,-0.00469556381312145));
#4451=CARTESIAN_POINT('',(0.0151694485827474,0.0119475591140232,-0.00463697902679623));
#4452=CARTESIAN_POINT('',(0.0151274098428581,0.0119514944260371,-0.00457757719296447));
#4453=CARTESIAN_POINT('',(0.0150663194533556,0.0119617546999573,-0.0044617551335494));
#4454=CARTESIAN_POINT('',(0.0150471283697831,0.0119680796618636,-0.00440526484700599));
#4455=CARTESIAN_POINT('',(0.0150117699748952,0.0119887489831472,-0.00424245750183511));
#4456=CARTESIAN_POINT('',(0.0150102356031209,0.0120121074915526,-0.00412694140677056));
#4457=CARTESIAN_POINT('',(0.015018157582294,0.0120292929397098,-0.00400000000000005));
#4458=CARTESIAN_POINT('',(0.0152142409013453,0.0118959783831568,-0.00470845433307268));
#4459=CARTESIAN_POINT('',(0.01515395225656,0.0118959325511544,-0.0046481853284719));
#4460=CARTESIAN_POINT('',(0.0151103588354838,0.0118980460482008,-0.00458693894432251));
#4461=CARTESIAN_POINT('',(0.0150471285487238,0.0119052649480444,-0.00446808002186585));
#4462=CARTESIAN_POINT('',(0.0150272905375003,0.0119103703508415,-0.00441036978511679));
#4463=CARTESIAN_POINT('',(0.0149897144459501,0.0119281842893382,-0.00424430286704445));
#4464=CARTESIAN_POINT('',(0.0149870810793344,0.0119498369357481,-0.00412795640097003));
#4465=CARTESIAN_POINT('',(0.0149928263468726,0.0119661178475993,-0.004));
#4466=CARTESIAN_POINT('',(0.0151849176611495,0.0117394001510193,-0.0047377775732685));
#4467=CARTESIAN_POINT('',(0.015123480436977,0.011739360982186,-0.00467634980207245));
#4468=CARTESIAN_POINT('',(0.015078484045414,0.0117399857812034,-0.00461276471326855));
#4469=CARTESIAN_POINT('',(0.0150117696541643,0.0117424557092151,-0.00448874906319455));
#4470=CARTESIAN_POINT('',(0.0149897134065902,0.0117443008382095,-0.00442818224902794));
#4471=CARTESIAN_POINT('',(0.0149433662406098,0.0117515053115716,-0.00425150793564824));
#4472=CARTESIAN_POINT('',(0.01493504171252,0.0117616668855769,-0.00413126905204854));
#4473=CARTESIAN_POINT('',(0.0149359005775923,0.011771356358485,-0.004));
#4474=CARTESIAN_POINT('',(0.015172695234418,0.0116250000000086,-0.00475));
#4475=CARTESIAN_POINT('',(0.0151175354396929,0.0116249996794097,-0.00469484020527498));
#4476=CARTESIAN_POINT('',(0.0150752803318677,0.0116254621610855,-0.00463455910007817));
#4477=CARTESIAN_POINT('',(0.0150102354802053,0.0116269391867721,-0.00451210730574348));
#4478=CARTESIAN_POINT('',(0.0149870801301087,0.0116279537307828,-0.00444983380472635));
#4479=CARTESIAN_POINT('',(0.0149350426494063,0.0116312651429952,-0.00426166975511396));
#4480=CARTESIAN_POINT('',(0.0149226952344179,0.0116338297913771,-0.00413383437740767));
#4481=CARTESIAN_POINT('',(0.0149226952344179,0.0116352573111404,-0.004));
#4482=CARTESIAN_POINT('',(0.015172695234418,0.0115000000000099,-0.00475));
#4483=CARTESIAN_POINT('',(0.0151248693794256,0.0115000000000102,-0.00470217414500761));
#4484=CARTESIAN_POINT('',(0.0150841248063997,0.0115000000000101,-0.00464738940871726));
#4485=CARTESIAN_POINT('',(0.0150181575804006,0.0115000000000095,-0.00452929299776606));
#4486=CARTESIAN_POINT('',(0.0149928254939381,0.011500000000009,-0.00446611508717417));
#4487=CARTESIAN_POINT('',(0.014935901706335,0.0115000000000073,-0.00427135990478722));
#4488=CARTESIAN_POINT('',(0.0149226952344179,0.0115000000000062,-0.00413526258383332));
#4489=CARTESIAN_POINT('',(0.0149226952344179,0.0115000000000066,-0.004));
#4490=CARTESIAN_POINT('',(0.0152976952344185,0.0121250000000026,-0.00462499999999954));
#4491=CARTESIAN_POINT('',(0.0152768619010851,0.0120833333333365,-0.00464583333333295));
#4492=CARTESIAN_POINT('',(0.0152584419211664,0.0120391261151365,-0.00466425331325159));
#4493=CARTESIAN_POINT('',(0.0152271314212965,0.0119454486400467,-0.00469556381312145));
#4494=CARTESIAN_POINT('',(0.0152142409013453,0.0118959783831568,-0.00470845433307268));
#4495=CARTESIAN_POINT('',(0.0151849176611495,0.0117394001510193,-0.0047377775732685));
#4496=CARTESIAN_POINT('',(0.015172695234418,0.0116250000000086,-0.00475));
#4497=CARTESIAN_POINT('',(0.015172695234418,0.0115000000000099,-0.00475));
#4498=CARTESIAN_POINT('',(0.015172695234418,0.0115000000000099,-0.00475));
#4499=CARTESIAN_POINT('',(0.0152976952344185,0.0121250000000026,-0.00462499999999954));
#4500=CARTESIAN_POINT('',(0.0149226952344179,0.0115000000000066,-0.004));
#4501=CARTESIAN_POINT('',(0.0149226952344179,0.0115000000000077,-0.00433333333333335));
#4502=CARTESIAN_POINT('',(0.0150060285677513,0.0115000000000088,-0.00458333333333335));
#4503=CARTESIAN_POINT('',(0.0151726952344179,0.0115000000000099,-0.00475000000000002));
#4504=CARTESIAN_POINT('',(0.0151726952344179,0.01225,-0.00400000000000005));
#4505=CARTESIAN_POINT('',(0.0150060285677524,0.0120833333333344,-0.00400000000000003));
#4506=CARTESIAN_POINT('',(0.014922695234419,0.0118333333333366,-0.00400000000000001));
#4507=CARTESIAN_POINT('',(0.0149226952344179,0.0115000000000066,-0.004));
#4508=CARTESIAN_POINT('',(0.0151726952344179,0.01225,-0.00400000000000005));
#4509=CARTESIAN_POINT('',(0.0152976952344185,0.0121250000000026,-0.00462499999999954));
#4510=CARTESIAN_POINT('',(0.0152768619010852,0.0121458333333357,-0.00458333333333286));
#4511=CARTESIAN_POINT('',(0.0152584419211667,0.012164253313254,-0.0045391261151323));
#4512=CARTESIAN_POINT('',(0.015227131421297,0.0121955638131232,-0.0044454486400413));
#4513=CARTESIAN_POINT('',(0.0152142409013458,0.0122084543330742,-0.00439597838315086));
#4514=CARTESIAN_POINT('',(0.0151849176611499,0.0122377775732692,-0.00423940015101163));
#4515=CARTESIAN_POINT('',(0.0151726952344183,0.0122500000000003,-0.00412499999999986));
#4516=CARTESIAN_POINT('',(0.0151726952344179,0.01225,-0.00400000000000005));
#4517=CARTESIAN_POINT('',(0.0152976952344185,0.0121250000000026,-0.00462499999999954));
#4518=CARTESIAN_POINT('',(0.0153393619010851,0.0121458333333357,-0.0046458333333328));
#4519=CARTESIAN_POINT('',(0.0153835691192857,0.012164253313254,-0.00466425331325132));
#4520=CARTESIAN_POINT('',(0.0154772465943768,0.0121955638131232,-0.00469556381312103));
#4521=CARTESIAN_POINT('',(0.0155267168512673,0.0122084543330742,-0.00470845433307223));
#4522=CARTESIAN_POINT('',(0.0156832950834065,0.0122377775732692,-0.00473777757326806));
#4523=CARTESIAN_POINT('',(0.0157976952344183,0.0122500000000003,-0.0047499999999997));
#4524=CARTESIAN_POINT('',(0.0159226952344181,0.01225,-0.00475));
#4525=CARTESIAN_POINT('',(0.0152768619010852,0.0121458333333357,-0.00458333333333286));
#4526=CARTESIAN_POINT('',(0.0153246544279338,0.01218137413982,-0.00459804080648424));
#4527=CARTESIAN_POINT('',(0.0153740819125826,0.0122095622326114,-0.00461190676584286));
#4528=CARTESIAN_POINT('',(0.0154751358398762,0.0122532466515594,-0.00463697902690765));
#4529=CARTESIAN_POINT('',(0.0155267622825209,0.0122687429777159,-0.00464818532861382));
#4530=CARTESIAN_POINT('',(0.0156833336110416,0.0122992147973599,-0.00467634980215323));
#4531=CARTESIAN_POINT('',(0.0157976949138191,0.0123051597947252,-0.0046948402052747));
#4532=CARTESIAN_POINT('',(0.0159226952344181,0.0122978258549924,-0.00470217414500759));
#4533=CARTESIAN_POINT('',(0.0152584419211667,0.012164253313254,-0.0045391261151323));
#4534=CARTESIAN_POINT('',(0.0153107884686159,0.0122095622326523,-0.00454861324168561));
#4535=CARTESIAN_POINT('',(0.0153642808526974,0.0122439177357888,-0.0045584142326324));
#4536=CARTESIAN_POINT('',(0.015471200414531,0.0122952854672692,-0.00457757692423771));
#4537=CARTESIAN_POINT('',(0.0155246488040222,0.0123123365568024,-0.00458693862489622));
#4538=CARTESIAN_POINT('',(0.0156827083544171,0.0123442113423641,-0.00461276426282651));
#4539=CARTESIAN_POINT('',(0.0157972318678331,0.0123474151887898,-0.00463455859064759));
#4540=CARTESIAN_POINT('',(0.0159226952344181,0.0123385707729539,-0.00464738885265066));
#4541=CARTESIAN_POINT('',(0.015227131421297,0.0121955638131232,-0.0044454486400413));
#4542=CARTESIAN_POINT('',(0.0152857162076223,0.0122532466516717,-0.00444755911401761));
#4543=CARTESIAN_POINT('',(0.0153451180414541,0.0122952853915607,-0.00445149442603161));
#4544=CARTESIAN_POINT('',(0.0154609401008692,0.0123563757810627,-0.00446175469995226));
#4545=CARTESIAN_POINT('',(0.0155174303874125,0.0123755668646351,-0.00446807966185891));
#4546=CARTESIAN_POINT('',(0.0156802377325832,0.0124109252595229,-0.00448874898314382));
#4547=CARTESIAN_POINT('',(0.0157957538276476,0.0124124596312973,-0.00451210749155038));
#4548=CARTESIAN_POINT('',(0.0159226952344181,0.0124045376521239,-0.00452929293970812));
#4549=CARTESIAN_POINT('',(0.0152142409013458,0.0122084543330742,-0.00439597838315086));
#4550=CARTESIAN_POINT('',(0.0152745099059466,0.0122687429778589,-0.00439593255114824));
#4551=CARTESIAN_POINT('',(0.0153357562900961,0.0123123363989347,-0.00439804604819473));
#4552=CARTESIAN_POINT('',(0.0154546152125527,0.0123755666856942,-0.00440526494803869));
#4553=CARTESIAN_POINT('',(0.0155123254493017,0.0123954046969177,-0.00441037035083615));
#4554=CARTESIAN_POINT('',(0.0156783923673739,0.0124329807884679,-0.00442818428933411));
#4555=CARTESIAN_POINT('',(0.0157947388334481,0.0124356141550837,-0.00444983693574514));
#4556=CARTESIAN_POINT('',(0.0159226952344181,0.0124298688875453,-0.00446611784759687));
#4557=CARTESIAN_POINT('',(0.0151849176611499,0.0122377775732692,-0.00423940015101163));
#4558=CARTESIAN_POINT('',(0.015246345432346,0.0122992147974413,-0.00423936098217808));
#4559=CARTESIAN_POINT('',(0.0153099305211499,0.0123442111890041,-0.00423998578119548));
#4560=CARTESIAN_POINT('',(0.0154339461712238,0.0124109255802536,-0.0042424557092076));
#4561=CARTESIAN_POINT('',(0.0154945129853903,0.0124329818278276,-0.00424430083820231));
#4562=CARTESIAN_POINT('',(0.0156711872987699,0.012479328993808,-0.00425150531156549));
#4563=CARTESIAN_POINT('',(0.0157914261823695,0.0124876535218979,-0.00426166688557175));
#4564=CARTESIAN_POINT('',(0.015922695234418,0.0124867946568256,-0.0042713563584801));
#4565=CARTESIAN_POINT('',(0.0151726952344183,0.0122500000000003,-0.00412499999999986));
#4566=CARTESIAN_POINT('',(0.0152278550291433,0.0123051597947252,-0.00412499967940063));
#4567=CARTESIAN_POINT('',(0.01528813613434,0.0123474149025503,-0.0041254621610765));
#4568=CARTESIAN_POINT('',(0.0154105879286746,0.0124124597542126,-0.00412693918676343));
#4569=CARTESIAN_POINT('',(0.0154728614296917,0.0124356151043092,-0.00412795373077449));
#4570=CARTESIAN_POINT('',(0.0156610254793041,0.0124876525850116,-0.00413126514298797));
#4571=CARTESIAN_POINT('',(0.0157888608570104,0.0125,-0.00413382979137068));
#4572=CARTESIAN_POINT('',(0.015922695234418,0.0125,-0.00413525731113379));
#4573=CARTESIAN_POINT('',(0.0151726952344179,0.01225,-0.00400000000000005));
#4574=CARTESIAN_POINT('',(0.0152205210894103,0.0122978258549924,-0.00400000000000005));
#4575=CARTESIAN_POINT('',(0.0152753058257007,0.0123385704280182,-0.00400000000000005));
#4576=CARTESIAN_POINT('',(0.0153934022366519,0.0124045376540173,-0.004));
#4577=CARTESIAN_POINT('',(0.0154565801472438,0.0124298697404798,-0.004));
#4578=CARTESIAN_POINT('',(0.0156513353296308,0.0124867935280829,-0.004));
#4579=CARTESIAN_POINT('',(0.0157874326505847,0.0125,-0.004));
#4580=CARTESIAN_POINT('',(0.015922695234418,0.0125,-0.004));
#4581=CARTESIAN_POINT('',(0.015922695234418,0.0125,-0.004));
#4582=CARTESIAN_POINT('',(0.0155893619010846,0.0125,-0.00400000000000001));
#4583=CARTESIAN_POINT('',(0.0153393619010846,0.0124166666666667,-0.00400000000000003));
#4584=CARTESIAN_POINT('',(0.0151726952344179,0.01225,-0.00400000000000005));
#4585=CARTESIAN_POINT('',(0.0159226952344181,0.01225,-0.00475));
#4586=CARTESIAN_POINT('',(0.0159226952344181,0.0124166666666667,-0.00458333333333333));
#4587=CARTESIAN_POINT('',(0.0159226952344181,0.0125,-0.00433333333333333));
#4588=CARTESIAN_POINT('',(0.015922695234418,0.0125,-0.004));
#4589=CARTESIAN_POINT('',(0.0159226952344181,0.01225,-0.00475));
#4590=CARTESIAN_POINT('',(0.0152976952344185,0.0121250000000026,-0.00462499999999954));
#4591=CARTESIAN_POINT('',(0.0153393619010851,0.0121458333333357,-0.0046458333333328));
#4592=CARTESIAN_POINT('',(0.0153835691192857,0.012164253313254,-0.00466425331325132));
#4593=CARTESIAN_POINT('',(0.0154772465943768,0.0121955638131232,-0.00469556381312103));
#4594=CARTESIAN_POINT('',(0.0155267168512673,0.0122084543330742,-0.00470845433307223));
#4595=CARTESIAN_POINT('',(0.0156832950834065,0.0122377775732692,-0.00473777757326806));
#4596=CARTESIAN_POINT('',(0.0157976952344183,0.0122500000000003,-0.0047499999999997));
#4597=CARTESIAN_POINT('',(0.0159226952344181,0.01225,-0.00475));
#4598=CARTESIAN_POINT('',(0.0149226952344179,0.0115000000000199,-0.004));
#4599=CARTESIAN_POINT('',(0.0149226952344179,0.00621849999999988,-0.004));
#4600=CARTESIAN_POINT('',(0.0149226952344179,0.0115000000000197,-0.00466666666666672));
#4601=CARTESIAN_POINT('',(0.0149226952344179,0.00621849999999973,-0.00466666666666672));
#4602=CARTESIAN_POINT('',(0.0152560285677513,0.0115000000000197,-0.00500000000000006));
#4603=CARTESIAN_POINT('',(0.0152560285677513,0.00621849999999973,-0.00500000000000006));
#4604=CARTESIAN_POINT('',(0.015922695234418,0.0115000000000199,-0.005));
#4605=CARTESIAN_POINT('',(0.015922695234418,0.00621849999999988,-0.005));
#4606=CARTESIAN_POINT('',(0.0151726952344179,0.0115000000000099,-0.00475000000000002));
#4607=CARTESIAN_POINT('',(0.0153393619010846,0.0115000000000077,-0.0049166666666667));
#4608=CARTESIAN_POINT('',(0.0155893619010847,0.0115000000000055,-0.00500000000000003));
#4609=CARTESIAN_POINT('',(0.015922695234418,0.0115000000000033,-0.005));
#4610=CARTESIAN_POINT('',(0.0159226952344179,0.00625,-0.005));
#4611=CARTESIAN_POINT('',(0.0152560285678415,0.00624999999999985,-0.00500000000000001));
#4612=CARTESIAN_POINT('',(0.0149226952344179,0.00658333333333318,-0.00466666666675697));
#4613=CARTESIAN_POINT('',(0.0149226952344179,0.00725,-0.004));
#4614=CARTESIAN_POINT('',(0.0149226952344179,-0.00621849999999988,-0.004));
#4615=CARTESIAN_POINT('',(0.0149226952344179,-0.0115000000000195,-0.004));
#4616=CARTESIAN_POINT('',(0.0149226952344179,-0.00621849999999988,-0.00466666666666678));
#4617=CARTESIAN_POINT('',(0.0149226952344179,-0.0115000000000195,-0.00466666666666678));
#4618=CARTESIAN_POINT('',(0.0152560285677514,-0.00621849999999989,-0.00500000000000013));
#4619=CARTESIAN_POINT('',(0.0152560285677514,-0.0115000000000195,-0.00500000000000013));
#4620=CARTESIAN_POINT('',(0.0159226952344182,-0.00621849999999989,-0.005));
#4621=CARTESIAN_POINT('',(0.0159226952344182,-0.0115000000000195,-0.005));
#4622=CARTESIAN_POINT('',(0.0149226952344179,-0.00725,-0.004));
#4623=CARTESIAN_POINT('',(0.0149226952344179,-0.00658333333333333,-0.00466666666657964));
#4624=CARTESIAN_POINT('',(0.0152560285676642,-0.00625,-0.00500000000000001));
#4625=CARTESIAN_POINT('',(0.0159226952344179,-0.00625,-0.005));
#4626=CARTESIAN_POINT('',(0.0151726952344179,-0.0115000000000098,-0.00474999999999999));
#4627=CARTESIAN_POINT('',(0.0150060285677512,-0.0115000000000087,-0.00458333333333333));
#4628=CARTESIAN_POINT('',(0.0149226952344179,-0.0115000000000076,-0.00433333333333333));
#4629=CARTESIAN_POINT('',(0.0149226952344179,-0.0115000000000065,-0.004));
#4630=CARTESIAN_POINT('',(0.015922695234418,0.00625,0.00506000000000077));
#4631=CARTESIAN_POINT('',(0.015922695234418,0.00625,-0.00506));
#4632=CARTESIAN_POINT('',(0.0152560285677513,0.00624999999999997,0.00506000000000077));
#4633=CARTESIAN_POINT('',(0.0152560285677513,0.00624999999999997,-0.00506));
#4634=CARTESIAN_POINT('',(0.0149226952344179,0.00658333333333331,0.00506000000000077));
#4635=CARTESIAN_POINT('',(0.0149226952344179,0.00658333333333331,-0.00506));
#4636=CARTESIAN_POINT('',(0.0149226952344179,0.00725,0.00506000000000077));
#4637=CARTESIAN_POINT('',(0.0149226952344179,0.00725,-0.00506));
#4638=CARTESIAN_POINT('',(0.0159226952344179,0.00625,0.005));
#4639=CARTESIAN_POINT('',(0.01525602856831,0.00624999999999999,0.005));
#4640=CARTESIAN_POINT('',(0.0149226952344179,0.00658333333277456,0.00466666666666667));
#4641=CARTESIAN_POINT('',(0.0149226952344179,0.00725,0.004));
#4642=CARTESIAN_POINT('',(0.0152976952344185,0.0121250000000026,-0.00462499999999954));
#4643=CARTESIAN_POINT('',(0.0152768619010851,0.0120833333333365,-0.00464583333333295));
#4644=CARTESIAN_POINT('',(0.0152584419211664,0.0120391261151365,-0.00466425331325159));
#4645=CARTESIAN_POINT('',(0.0152271314212965,0.0119454486400467,-0.00469556381312145));
#4646=CARTESIAN_POINT('',(0.0152142409013453,0.0118959783831568,-0.00470845433307268));
#4647=CARTESIAN_POINT('',(0.0151849176611495,0.0117394001510193,-0.0047377775732685));
#4648=CARTESIAN_POINT('',(0.015172695234418,0.0116250000000086,-0.00475));
#4649=CARTESIAN_POINT('',(0.015172695234418,0.0115000000000099,-0.00475));
#4650=CARTESIAN_POINT('',(0.0153393619010851,0.0121458333333357,-0.0046458333333328));
#4651=CARTESIAN_POINT('',(0.0153246544279335,0.0120980408064878,-0.00468137413981771));
#4652=CARTESIAN_POINT('',(0.0153107884685748,0.0120486133218396,-0.00470956223260955));
#4653=CARTESIAN_POINT('',(0.0152857162075099,0.0119475593945473,-0.00475324665155819));
#4654=CARTESIAN_POINT('',(0.0152745099058036,0.0118959329519032,-0.004768742977715));
#4655=CARTESIAN_POINT('',(0.0152463454322643,0.0117393616233841,-0.00479921479735954));
#4656=CARTESIAN_POINT('',(0.015227855029143,0.0116250003206076,-0.00480515979472504));
#4657=CARTESIAN_POINT('',(0.0152205210894103,0.0115000000000096,-0.0047978258549924));
#4658=CARTESIAN_POINT('',(0.0153835691192857,0.012164253313254,-0.00466425331325132));
#4659=CARTESIAN_POINT('',(0.0153740819927321,0.0121119067658055,-0.00470956223265028));
#4660=CARTESIAN_POINT('',(0.0153642810017852,0.0120584143817247,-0.00474391773578731));
#4661=CARTESIAN_POINT('',(0.0153451183101797,0.0119514948198924,-0.00479528546726838));
#4662=CARTESIAN_POINT('',(0.0153357566095213,0.0118980464304018,-0.00481233655680178));
#4663=CARTESIAN_POINT('',(0.0153099309715911,0.0117399868800083,-0.00484421134236387));
#4664=CARTESIAN_POINT('',(0.0152881366437701,0.0116254633665932,-0.0048474151887897));
#4665=CARTESIAN_POINT('',(0.0152753063817673,0.0115000000000091,-0.00483857077295394));
#4666=CARTESIAN_POINT('',(0.0154772465943768,0.0121955638131232,-0.00469556381312103));
#4667=CARTESIAN_POINT('',(0.0154751361204002,0.0121369790267986,-0.0047532466516702));
#4668=CARTESIAN_POINT('',(0.015471200808386,0.0120775771929674,-0.00479528539155965));
#4669=CARTESIAN_POINT('',(0.0154609405344653,0.0119617551335535,-0.00485637578106234));
#4670=CARTESIAN_POINT('',(0.0154546155725586,0.0119052648470107,-0.00487556686463488));
#4671=CARTESIAN_POINT('',(0.0154339462512739,0.0117424575018413,-0.00491092525952296));
#4672=CARTESIAN_POINT('',(0.0154105877428674,0.0116269414067777,-0.00491245963129726));
#4673=CARTESIAN_POINT('',(0.0153934022947099,0.0115000000000079,-0.00490453765212392));
#4674=CARTESIAN_POINT('',(0.0155267168512673,0.0122084543330742,-0.00470845433307223));
#4675=CARTESIAN_POINT('',(0.0155267626832697,0.0121481853284739,-0.00476874297785755));
#4676=CARTESIAN_POINT('',(0.015524649186223,0.0120869389443251,-0.00481233639893385));
#4677=CARTESIAN_POINT('',(0.0155174302863789,0.0119680800218696,-0.00487556668569394));
#4678=CARTESIAN_POINT('',(0.0155123248835815,0.011910369785121,-0.00489540469691761));
#4679=CARTESIAN_POINT('',(0.0154945109450836,0.0117443028670501,-0.00493298078846794));
#4680=CARTESIAN_POINT('',(0.0154728582986728,0.0116279564009766,-0.00493561415508362));
#4681=CARTESIAN_POINT('',(0.0154565773868211,0.0115000000000071,-0.00492986888754534));
#4682=CARTESIAN_POINT('',(0.0156832950834065,0.0122377775732692,-0.00473777757326806));
#4683=CARTESIAN_POINT('',(0.01568333425224,0.0121763498020735,-0.00479921479744047));
#4684=CARTESIAN_POINT('',(0.0156827094532224,0.01211276471327,-0.0048442111890035));
#4685=CARTESIAN_POINT('',(0.0156802395252103,0.011988749063197,-0.00491092558025342));
#4686=CARTESIAN_POINT('',(0.0156783943962156,0.0119281822490308,-0.00493298182782749));
#4687=CARTESIAN_POINT('',(0.0156711899228524,0.0117515079356524,-0.00497932899380803));
#4688=CARTESIAN_POINT('',(0.0156610283488463,0.0116312690520535,-0.00498765352189792));
#4689=CARTESIAN_POINT('',(0.0156513388759379,0.0115000000000051,-0.00498679465682559));
#4690=CARTESIAN_POINT('',(0.0157976952344183,0.0122500000000003,-0.0047499999999997));
#4691=CARTESIAN_POINT('',(0.0157976955550175,0.0121948402052754,-0.00480515979472469));
#4692=CARTESIAN_POINT('',(0.0157972330733416,0.0121345591000788,-0.00484741490254989));
#4693=CARTESIAN_POINT('',(0.0157957560476547,0.0120121073057449,-0.0049124597542123));
#4694=CARTESIAN_POINT('',(0.0157947415036437,0.0119498338047282,-0.00493561510430901));
#4695=CARTESIAN_POINT('',(0.0157914300914302,0.011761669755117,-0.00498765258501152));
#4696=CARTESIAN_POINT('',(0.0157888654430474,0.0116338343774115,-0.005));
#4697=CARTESIAN_POINT('',(0.0157874379232843,0.0115000000000038,-0.005));
#4698=CARTESIAN_POINT('',(0.0159226952344181,0.01225,-0.00475));
#4699=CARTESIAN_POINT('',(0.0159226952344181,0.0122021741450076,-0.00479782585499241));
#4700=CARTESIAN_POINT('',(0.0159226952344181,0.0121473894087174,-0.0048385704280182));
#4701=CARTESIAN_POINT('',(0.0159226952344181,0.0120292929977669,-0.0049045376540173));
#4702=CARTESIAN_POINT('',(0.0159226952344181,0.0119661150871754,-0.00492986974047981));
#4703=CARTESIAN_POINT('',(0.015922695234418,0.0117713599047897,-0.00498679352808294));
#4704=CARTESIAN_POINT('',(0.015922695234418,0.0116352625838366,-0.005));
#4705=CARTESIAN_POINT('',(0.015922695234418,0.0115000000000033,-0.005));
#4706=CARTESIAN_POINT('',(0.015922695234418,0.0115000000000033,-0.005));
#4707=CARTESIAN_POINT('',(0.0159226952344181,0.011833333333335,-0.00499999999999945));
#4708=CARTESIAN_POINT('',(0.0159226952344181,0.0120833333333339,-0.00491666666666612));
#4709=CARTESIAN_POINT('',(0.0159226952344181,0.01225,-0.00475));
#4710=CARTESIAN_POINT('',(0.0152976952344186,-0.0121250000000026,-0.00462499999999954));
#4711=CARTESIAN_POINT('',(0.0152768619010852,-0.0120833333333365,-0.00464583333333296));
#4712=CARTESIAN_POINT('',(0.0152584419211665,-0.0120391261151366,-0.0046642533132516));
#4713=CARTESIAN_POINT('',(0.0152271314212966,-0.0119454486400467,-0.00469556381312146));
#4714=CARTESIAN_POINT('',(0.0152142409013453,-0.0118959783831568,-0.0047084543330727));
#4715=CARTESIAN_POINT('',(0.0151849176611495,-0.0117394001510192,-0.00473777757326851));
#4716=CARTESIAN_POINT('',(0.015172695234418,-0.0116250000000086,-0.00475));
#4717=CARTESIAN_POINT('',(0.0151726952344179,-0.0115000000000098,-0.00475));
#4718=CARTESIAN_POINT('',(0.0152768619010853,-0.0121458333333357,-0.00458333333333286));
#4719=CARTESIAN_POINT('',(0.0152413210946003,-0.0120980408064879,-0.00459804080648447));
#4720=CARTESIAN_POINT('',(0.0152131330018085,-0.0120486133218397,-0.00461190676584324));
#4721=CARTESIAN_POINT('',(0.0151694485828598,-0.0119475593945474,-0.00463697902690819));
#4722=CARTESIAN_POINT('',(0.015153952256703,-0.0118959329519033,-0.00464818532861437));
#4723=CARTESIAN_POINT('',(0.0151234804370584,-0.0117393616233844,-0.00467634980215369));
#4724=CARTESIAN_POINT('',(0.0151175354396929,-0.0116250003206081,-0.00469484020527498));
#4725=CARTESIAN_POINT('',(0.0151248693794256,-0.0115000000000101,-0.0047021741450076));
#4726=CARTESIAN_POINT('',(0.0152584419211668,-0.012164253313254,-0.00453912611513228));
#4727=CARTESIAN_POINT('',(0.0152131330017677,-0.0121119067658056,-0.00454861324168587));
#4728=CARTESIAN_POINT('',(0.0151787774986307,-0.0120584143817248,-0.00455841423263281));
#4729=CARTESIAN_POINT('',(0.0151274097671496,-0.0119514948198926,-0.00457757692423827));
#4730=CARTESIAN_POINT('',(0.0151103586776162,-0.011898046430402,-0.00458693862489678));
#4731=CARTESIAN_POINT('',(0.015078483892054,-0.0117399868800088,-0.00461276426282693));
#4732=CARTESIAN_POINT('',(0.0150752800456282,-0.011625463366594,-0.0046345585906478));
#4733=CARTESIAN_POINT('',(0.015084124461464,-0.01150000000001,-0.00464738885265065));
#4734=CARTESIAN_POINT('',(0.015227131421297,-0.0121955638131233,-0.00444544864004127));
#4735=CARTESIAN_POINT('',(0.0151694485827478,-0.0121369790267986,-0.00444755911401786));
#4736=CARTESIAN_POINT('',(0.0151274098428583,-0.0120775771929676,-0.004451494426032));
#4737=CARTESIAN_POINT('',(0.0150663194533556,-0.0119617551335539,-0.00446175469995277));
#4738=CARTESIAN_POINT('',(0.015047128369783,-0.0119052648470112,-0.0044680796618594));
#4739=CARTESIAN_POINT('',(0.015011769974895,-0.0117424575018424,-0.00448874898314414));
#4740=CARTESIAN_POINT('',(0.0150102356031206,-0.0116269414067791,-0.0045121074915505));
#4741=CARTESIAN_POINT('',(0.015018157582294,-0.0115000000000094,-0.00452929293970811));
#4742=CARTESIAN_POINT('',(0.0152142409013458,-0.0122084543330742,-0.00439597838315083));
#4743=CARTESIAN_POINT('',(0.0151539522565604,-0.012148185328474,-0.00439593255114845));
#4744=CARTESIAN_POINT('',(0.0151103588354841,-0.0120869389443252,-0.00439804604819506));
#4745=CARTESIAN_POINT('',(0.0150471285487239,-0.01196808002187,-0.00440526494803912));
#4746=CARTESIAN_POINT('',(0.0150272905375002,-0.0119103697851217,-0.00441037035083656));
#4747=CARTESIAN_POINT('',(0.0149897144459499,-0.0117443028670514,-0.00442818428933435));
#4748=CARTESIAN_POINT('',(0.0149870810793343,-0.0116279564009783,-0.00444983693574521));
#4749=CARTESIAN_POINT('',(0.0149928263468726,-0.0115000000000089,-0.00446611784759685));
#4750=CARTESIAN_POINT('',(0.0151849176611499,-0.0122377775732693,-0.00423940015101158));
#4751=CARTESIAN_POINT('',(0.0151234804369775,-0.0121763498020735,-0.00423936098217814));
#4752=CARTESIAN_POINT('',(0.0150784840454144,-0.0121127647132702,-0.0042399857811956));
#4753=CARTESIAN_POINT('',(0.0150117696541644,-0.0119887490631976,-0.00424245570920776));
#4754=CARTESIAN_POINT('',(0.0149897134065904,-0.0119281822490317,-0.00424430083820246));
#4755=CARTESIAN_POINT('',(0.0149433662406098,-0.0117515079356541,-0.00425150531156553));
#4756=CARTESIAN_POINT('',(0.01493504171252,-0.0116312690520557,-0.00426166688557171));
#4757=CARTESIAN_POINT('',(0.0149359005775923,-0.0115000000000072,-0.00427135635848006));
#4758=CARTESIAN_POINT('',(0.0151726952344183,-0.0122500000000003,-0.00412499999999979));
#4759=CARTESIAN_POINT('',(0.0151175354396933,-0.0121948402052754,-0.00412499967940055));
#4760=CARTESIAN_POINT('',(0.0150752803318681,-0.012134559100079,-0.00412546216107642));
#4761=CARTESIAN_POINT('',(0.0150102354802056,-0.0120121073057456,-0.00412693918676335));
#4762=CARTESIAN_POINT('',(0.0149870801301089,-0.0119498338047292,-0.00412795373077442));
#4763=CARTESIAN_POINT('',(0.0149350426494063,-0.011761669755119,-0.00413126514298787));
#4764=CARTESIAN_POINT('',(0.0149226952344179,-0.0116338343774141,-0.00413382979137062));
#4765=CARTESIAN_POINT('',(0.0149226952344179,-0.0115000000000061,-0.00413525731113374));
#4766=CARTESIAN_POINT('',(0.0151726952344179,-0.01225,-0.00399999999999995));
#4767=CARTESIAN_POINT('',(0.0151248693794255,-0.0122021741450076,-0.00399999999999995));
#4768=CARTESIAN_POINT('',(0.0150841248063997,-0.0121473894087177,-0.00399999999999995));
#4769=CARTESIAN_POINT('',(0.0150181575804006,-0.0120292929977677,-0.00399999999999995));
#4770=CARTESIAN_POINT('',(0.0149928254939381,-0.0119661150871766,-0.004));
#4771=CARTESIAN_POINT('',(0.014935901706335,-0.0117713599047921,-0.00399999999999995));
#4772=CARTESIAN_POINT('',(0.0149226952344179,-0.0116352625838398,-0.004));
#4773=CARTESIAN_POINT('',(0.0149226952344179,-0.0115000000000065,-0.004));
#4774=CARTESIAN_POINT('',(0.0149226952344179,-0.0115000000000065,-0.004));
#4775=CARTESIAN_POINT('',(0.014922695234419,-0.0118333333333366,-0.00399999999999998));
#4776=CARTESIAN_POINT('',(0.0150060285677523,-0.0120833333333344,-0.00399999999999996));
#4777=CARTESIAN_POINT('',(0.0151726952344179,-0.01225,-0.00399999999999995));
#4778=CARTESIAN_POINT('',(0.0149226952344179,-0.00725,0.00506000000000077));
#4779=CARTESIAN_POINT('',(0.0149226952344179,-0.00725,-0.00506));
#4780=CARTESIAN_POINT('',(0.0149226952344179,-0.00658333333333333,0.00506000000000077));
#4781=CARTESIAN_POINT('',(0.0149226952344179,-0.00658333333333333,-0.00506));
#4782=CARTESIAN_POINT('',(0.0152560285677512,-0.00624999999999999,0.00506000000000077));
#4783=CARTESIAN_POINT('',(0.0152560285677512,-0.00624999999999999,-0.00506));
#4784=CARTESIAN_POINT('',(0.0159226952344179,-0.00625,0.00506000000000077));
#4785=CARTESIAN_POINT('',(0.0159226952344179,-0.00625,-0.00506));
#4786=CARTESIAN_POINT('',(0.0149226952344179,-0.00725,0.004));
#4787=CARTESIAN_POINT('',(0.0149226952344179,-0.00658333333278707,0.00466666666666667));
#4788=CARTESIAN_POINT('',(0.0152560285682975,-0.00624999999999999,0.005));
#4789=CARTESIAN_POINT('',(0.0159226952344179,-0.00625,0.005));
#4790=CARTESIAN_POINT('',(0.0149226952344179,0.00621849999999999,0.004));
#4791=CARTESIAN_POINT('',(0.0149226952344179,0.0115000000000007,0.004));
#4792=CARTESIAN_POINT('',(0.0149226952344179,0.00621849999999984,0.00466666666666682));
#4793=CARTESIAN_POINT('',(0.0149226952344179,0.0115000000000006,0.00466666666666682));
#4794=CARTESIAN_POINT('',(0.0152560285677514,0.00621849999999985,0.00500000000000015));
#4795=CARTESIAN_POINT('',(0.0152560285677514,0.0115000000000006,0.00500000000000015));
#4796=CARTESIAN_POINT('',(0.0159226952344184,0.00621849999999999,0.005));
#4797=CARTESIAN_POINT('',(0.0159226952344184,0.0115000000000007,0.005));
#4798=CARTESIAN_POINT('',(0.0159226952344183,0.0125,-0.0040000000000001));
#4799=CARTESIAN_POINT('',(0.0159226952344183,0.0125,0.0040000000000038));
#4800=CARTESIAN_POINT('',(0.0152560285677514,0.0125000000000002,-0.0040000000000001));
#4801=CARTESIAN_POINT('',(0.0152560285677514,0.0125000000000002,0.0040000000000038));
#4802=CARTESIAN_POINT('',(0.0149226952344179,0.0121666666666668,-0.0040000000000001));
#4803=CARTESIAN_POINT('',(0.0149226952344179,0.0121666666666668,0.0040000000000038));
#4804=CARTESIAN_POINT('',(0.0149226952344179,0.0115,-0.0040000000000001));
#4805=CARTESIAN_POINT('',(0.0149226952344179,0.0115,0.0040000000000038));
#4806=CARTESIAN_POINT('',(0.0151726952344179,0.01225,0.0040000000000019));
#4807=CARTESIAN_POINT('',(0.0153393619010847,0.0124166666666667,0.00400000000000158));
#4808=CARTESIAN_POINT('',(0.0155893619010848,0.0125000000000001,0.00400000000000127));
#4809=CARTESIAN_POINT('',(0.0159226952344183,0.0125,0.00400000000000095));
#4810=CARTESIAN_POINT('',(0.0861398346274616,0.0125,-0.004));
#4811=CARTESIAN_POINT('',(0.015922695234418,0.0125,-0.004));
#4812=CARTESIAN_POINT('',(0.0861398346274615,0.0125,-0.00466666666666672));
#4813=CARTESIAN_POINT('',(0.015922695234418,0.0125,-0.00466666666666672));
#4814=CARTESIAN_POINT('',(0.0861398346274616,0.0121666666666666,-0.00500000000000005));
#4815=CARTESIAN_POINT('',(0.0159226952344181,0.0121666666666666,-0.00500000000000005));
#4816=CARTESIAN_POINT('',(0.0861398346274616,0.0114999999999998,-0.005));
#4817=CARTESIAN_POINT('',(0.015922695234418,0.0114999999999998,-0.005));
#4818=CARTESIAN_POINT('',(0.0871398346274599,-0.0115000000000002,-0.004));
#4819=CARTESIAN_POINT('',(0.0871398346274599,0.0114999999999998,-0.004));
#4820=CARTESIAN_POINT('',(0.08713983462746,-0.0115000000000002,-0.00466666666666665));
#4821=CARTESIAN_POINT('',(0.08713983462746,0.0114999999999998,-0.00466666666666665));
#4822=CARTESIAN_POINT('',(0.0868065012941264,-0.0115000000000002,-0.00499999999999999));
#4823=CARTESIAN_POINT('',(0.0868065012941264,0.0114999999999998,-0.00499999999999999));
#4824=CARTESIAN_POINT('',(0.0861398346274599,-0.0115000000000002,-0.005));
#4825=CARTESIAN_POINT('',(0.0861398346274599,0.0114999999999998,-0.005));
#4826=CARTESIAN_POINT('',(0.0868898346274599,0.0114999999999997,-0.00474999999999999));
#4827=CARTESIAN_POINT('',(0.0870565012941266,0.0114999999999997,-0.00458333333333332));
#4828=CARTESIAN_POINT('',(0.0871398346274599,0.0114999999999998,-0.00433333333333332));
#4829=CARTESIAN_POINT('',(0.0871398346274599,0.0114999999999998,-0.004));
#4830=CARTESIAN_POINT('',(0.0159226952344182,-0.0125,-0.004));
#4831=CARTESIAN_POINT('',(0.0861398346274615,-0.0125,-0.004));
#4832=CARTESIAN_POINT('',(0.0159226952344182,-0.0125,-0.00466666666666667));
#4833=CARTESIAN_POINT('',(0.0861398346274614,-0.0125,-0.00466666666666667));
#4834=CARTESIAN_POINT('',(0.0159226952344182,-0.0121666666666667,-0.005));
#4835=CARTESIAN_POINT('',(0.0861398346274615,-0.0121666666666667,-0.005));
#4836=CARTESIAN_POINT('',(0.0159226952344182,-0.0115,-0.005));
#4837=CARTESIAN_POINT('',(0.0861398346274615,-0.0115,-0.005));
#4838=CARTESIAN_POINT('',(0.0861398346274607,-0.01225,-0.00475));
#4839=CARTESIAN_POINT('',(0.0861398346274606,-0.0124166666666667,-0.00458333333333333));
#4840=CARTESIAN_POINT('',(0.0861398346274606,-0.0125,-0.00433333333333333));
#4841=CARTESIAN_POINT('',(0.0861398346274605,-0.0125,-0.004));
#4842=CARTESIAN_POINT('',(0.0159226952344182,-0.0125,0.0040000000000038));
#4843=CARTESIAN_POINT('',(0.0159226952344182,-0.0125,-0.004));
#4844=CARTESIAN_POINT('',(0.0152560285677514,-0.0125000000000001,0.0040000000000038));
#4845=CARTESIAN_POINT('',(0.0152560285677514,-0.0125000000000001,-0.004));
#4846=CARTESIAN_POINT('',(0.0149226952344179,-0.0121666666666668,0.0040000000000038));
#4847=CARTESIAN_POINT('',(0.0149226952344179,-0.0121666666666668,-0.004));
#4848=CARTESIAN_POINT('',(0.0149226952344179,-0.0115,0.0040000000000038));
#4849=CARTESIAN_POINT('',(0.0149226952344179,-0.0115,-0.004));
#4850=CARTESIAN_POINT('',(0.0149226952344179,-0.0115,0.004));
#4851=CARTESIAN_POINT('',(0.0149226952344179,-0.0062185,0.004));
#4852=CARTESIAN_POINT('',(0.0149226952344179,-0.0115,0.00466666666666667));
#4853=CARTESIAN_POINT('',(0.0149226952344179,-0.0062185,0.00466666666666667));
#4854=CARTESIAN_POINT('',(0.0152560285677512,-0.0115,0.00500000000000001));
#4855=CARTESIAN_POINT('',(0.0152560285677512,-0.0062185,0.00500000000000001));
#4856=CARTESIAN_POINT('',(0.0159226952344179,-0.0115,0.005));
#4857=CARTESIAN_POINT('',(0.0159226952344179,-0.0062185,0.005));
#4858=CARTESIAN_POINT('',(0.0151726952344179,-0.0115,0.00475));
#4859=CARTESIAN_POINT('',(0.0153393619010846,-0.0115,0.00491666666666667));
#4860=CARTESIAN_POINT('',(0.0155893619010846,-0.0115,0.005));
#4861=CARTESIAN_POINT('',(0.0159226952344179,-0.0115,0.005));
#4862=CARTESIAN_POINT('',(0.0152976952344183,0.012125,0.00462500000000053));
#4863=CARTESIAN_POINT('',(0.0152768619010849,0.0121458333333334,0.00458333333333398));
#4864=CARTESIAN_POINT('',(0.0152584419211663,0.0121642533132519,0.00453912611513352));
#4865=CARTESIAN_POINT('',(0.0152271314212965,0.0121955638131217,0.00444544864004271));
#4866=CARTESIAN_POINT('',(0.0152142409013453,0.0122084543330729,0.00439597838315236));
#4867=CARTESIAN_POINT('',(0.0151849176611495,0.0122377775732686,0.00423940015101334));
#4868=CARTESIAN_POINT('',(0.015172695234418,0.01225,0.00412500000000167));
#4869=CARTESIAN_POINT('',(0.015172695234418,0.01225,0.0040000000000019));
#4870=CARTESIAN_POINT('',(0.015339361901085,0.0121458333333333,0.0046458333333338));
#4871=CARTESIAN_POINT('',(0.0153246544279335,0.0121813741398182,0.00459804080648542));
#4872=CARTESIAN_POINT('',(0.0153107884685748,0.0122095622326099,0.0045486133218367));
#4873=CARTESIAN_POINT('',(0.0152857162075099,0.0122532466515585,0.00444755939454339));
#4874=CARTESIAN_POINT('',(0.0152745099058037,0.0122687429777153,0.00439593295189878));
#4875=CARTESIAN_POINT('',(0.0152463454322644,0.0122992147973597,0.00423936162337829));
#4876=CARTESIAN_POINT('',(0.015227855029143,0.0123051597947251,0.00412500032060089));
#4877=CARTESIAN_POINT('',(0.0152205210894103,0.0122978258549924,0.0040000000000019));
#4878=CARTESIAN_POINT('',(0.0153835691192856,0.0121642533132519,0.00466425331325231));
#4879=CARTESIAN_POINT('',(0.0153740819927321,0.0122095622326508,0.00461190676580332));
#4880=CARTESIAN_POINT('',(0.0153642810017853,0.0122439177357877,0.00455841438172194));
#4881=CARTESIAN_POINT('',(0.0153451183101799,0.0122952854672687,0.00445149481988866));
#4882=CARTESIAN_POINT('',(0.0153357566095214,0.0123123365568021,0.00439804643039754));
#4883=CARTESIAN_POINT('',(0.0153099309715912,0.012344211342364,0.00423998688000277));
#4884=CARTESIAN_POINT('',(0.0152881366437703,0.0123474151887898,0.00412546336658685));
#4885=CARTESIAN_POINT('',(0.0152753063817673,0.0123385707729539,0.00400000000000184));
#4886=CARTESIAN_POINT('',(0.0154772465943768,0.0121955638131216,0.00469556381312195));
#4887=CARTESIAN_POINT('',(0.0154751361204003,0.0122532466516707,0.00463697902679677));
#4888=CARTESIAN_POINT('',(0.0154712008083862,0.0122952853915601,0.0045775771929651));
#4889=CARTESIAN_POINT('',(0.0154609405344655,0.0123563757810627,0.00446175513355025));
#4890=CARTESIAN_POINT('',(0.0154546155725589,0.0123755668646352,0.00440526484700698));
#4891=CARTESIAN_POINT('',(0.0154339462512741,0.0124109252595231,0.00424245750183647));
#4892=CARTESIAN_POINT('',(0.0154105877428677,0.0124124596312973,0.00412694140677218));
#4893=CARTESIAN_POINT('',(0.0153934022947099,0.0124045376521239,0.00400000000000166));
#4894=CARTESIAN_POINT('',(0.0155267168512673,0.0122084543330728,0.00470845433307308));
#4895=CARTESIAN_POINT('',(0.0155267626832698,0.0122687429778581,0.00464818532847233));
#4896=CARTESIAN_POINT('',(0.0155246491862232,0.0123123363989343,0.00458693894432303));
#4897=CARTESIAN_POINT('',(0.0155174302863792,0.0123755666856943,0.00446808002186659));
#4898=CARTESIAN_POINT('',(0.0155123248835818,0.0123954046969179,0.00441036978511767));
#4899=CARTESIAN_POINT('',(0.0154945109450839,0.0124329807884681,0.00424430286704571));
#4900=CARTESIAN_POINT('',(0.015472858298673,0.0124356141550837,0.00412795640097155));
#4901=CARTESIAN_POINT('',(0.0154565773868212,0.0124298688875453,0.00400000000000154));
#4902=CARTESIAN_POINT('',(0.0156832950834068,0.0122377775732685,0.00473777757326866));
#4903=CARTESIAN_POINT('',(0.0156833342522402,0.0122992147974409,0.00467634980207259));
#4904=CARTESIAN_POINT('',(0.0156827094532228,0.0123442111890039,0.00461276471326877));
#4905=CARTESIAN_POINT('',(0.0156802395252107,0.0124109255802537,0.00448874906319497));
#4906=CARTESIAN_POINT('',(0.015678394396216,0.0124329818278277,0.0044281822490285));
#4907=CARTESIAN_POINT('',(0.0156711899228527,0.0124793289938081,0.0042515079356492));
#4908=CARTESIAN_POINT('',(0.0156610283488466,0.0124876535218979,0.00413126905204976));
#4909=CARTESIAN_POINT('',(0.0156513388759382,0.0124867946568256,0.00400000000000119));
#4910=CARTESIAN_POINT('',(0.0157976952344187,0.01225,0.00475));
#4911=CARTESIAN_POINT('',(0.015797695555018,0.012305159794725,0.00469484020527499));
#4912=CARTESIAN_POINT('',(0.0157972330733421,0.0123474149025502,0.00463455910007823));
#4913=CARTESIAN_POINT('',(0.0157957560476552,0.0124124597542126,0.00451210730574373));
#4914=CARTESIAN_POINT('',(0.0157947415036441,0.0124356151043092,0.00444983380472673));
#4915=CARTESIAN_POINT('',(0.0157914300914304,0.0124876525850116,0.00426166975511472));
#4916=CARTESIAN_POINT('',(0.0157888654430477,0.0125,0.00413383437740868));
#4917=CARTESIAN_POINT('',(0.0157874379232846,0.0125,0.00400000000000095));
#4918=CARTESIAN_POINT('',(0.0159226952344188,0.01225,0.00475));
#4919=CARTESIAN_POINT('',(0.0159226952344188,0.0122978258549924,0.0047021741450076));
#4920=CARTESIAN_POINT('',(0.0159226952344188,0.0123385704280182,0.00464738940871732));
#4921=CARTESIAN_POINT('',(0.0159226952344187,0.0124045376540173,0.0045292929977663));
#4922=CARTESIAN_POINT('',(0.0159226952344187,0.0124298697404798,0.00446611508717452));
#4923=CARTESIAN_POINT('',(0.0159226952344184,0.0124867935280829,0.00427135990478792));
#4924=CARTESIAN_POINT('',(0.0159226952344183,0.0125,0.00413526258383425));
#4925=CARTESIAN_POINT('',(0.0159226952344183,0.0125,0.00400000000000095));
#4926=CARTESIAN_POINT('',(0.0159226952344183,0.0125,0.00400000000000095));
#4927=CARTESIAN_POINT('',(0.0159226952344185,0.0124999999999999,0.00433333333333381));
#4928=CARTESIAN_POINT('',(0.0159226952344187,0.0124166666666665,0.00458333333333349));
#4929=CARTESIAN_POINT('',(0.0159226952344189,0.01225,0.00475));
#4930=CARTESIAN_POINT('',(0.0867648346274602,0.0121249999999999,-0.004625));
#4931=CARTESIAN_POINT('',(0.0867856679607935,0.0120833333333332,-0.00464583333333328));
#4932=CARTESIAN_POINT('',(0.086804087940712,0.0120391261151326,-0.00466425331325184));
#4933=CARTESIAN_POINT('',(0.0868353984405817,0.0119454486400415,-0.00469556381312158));
#4934=CARTESIAN_POINT('',(0.0868482889605329,0.011895978383151,-0.00470845433307276));
#4935=CARTESIAN_POINT('',(0.0868776122007285,0.0117394001510116,-0.00473777757326848));
#4936=CARTESIAN_POINT('',(0.08688983462746,0.0116249999999997,-0.00475));
#4937=CARTESIAN_POINT('',(0.0868898346274599,0.0114999999999997,-0.00475));
#4938=CARTESIAN_POINT('',(0.0867856679607935,0.0121458333333332,-0.00458333333333328));
#4939=CARTESIAN_POINT('',(0.0868212087672783,0.0120980408064847,-0.00459804080648477));
#4940=CARTESIAN_POINT('',(0.08684939686007,0.0120486133218358,-0.00461190676584343));
#4941=CARTESIAN_POINT('',(0.0868930812790185,0.0119475593945422,-0.00463697902690823));
#4942=CARTESIAN_POINT('',(0.0869085776051753,0.0118959329518975,-0.00464818532861435));
#4943=CARTESIAN_POINT('',(0.0869390494248196,0.0117393616233766,-0.00467634980215357));
#4944=CARTESIAN_POINT('',(0.0869449944221851,0.0116250003205989,-0.00469484020527485));
#4945=CARTESIAN_POINT('',(0.0869376604824524,0.0114999999999997,-0.00470217414500755));
#4946=CARTESIAN_POINT('',(0.086804087940712,0.0121642533132518,-0.00453912611513271));
#4947=CARTESIAN_POINT('',(0.0868493968601109,0.0121119067658026,-0.00454861324168615));
#4948=CARTESIAN_POINT('',(0.0868837523632478,0.0120584143817211,-0.00455841423263298));
#4949=CARTESIAN_POINT('',(0.0869351200947287,0.0119514948198875,-0.00457757692423828));
#4950=CARTESIAN_POINT('',(0.0869521711842621,0.0118980464303963,-0.00458693862489674));
#4951=CARTESIAN_POINT('',(0.086984045969824,0.0117399868800011,-0.0046127642628268));
#4952=CARTESIAN_POINT('',(0.0869872498162497,0.011625463366585,-0.00463455859064767));
#4953=CARTESIAN_POINT('',(0.086978405400414,0.0114999999999997,-0.00464738885265061));
#4954=CARTESIAN_POINT('',(0.0868353984405817,0.0121955638131215,-0.00444544864004167));
#4955=CARTESIAN_POINT('',(0.0868930812791308,0.0121369790267962,-0.00444755911401811));
#4956=CARTESIAN_POINT('',(0.0869351200190202,0.0120775771929644,-0.00445149442603215));
#4957=CARTESIAN_POINT('',(0.0869962104085227,0.0119617551335493,-0.00446175469995277));
#4958=CARTESIAN_POINT('',(0.0870154014920951,0.0119052648470059,-0.00446807966185936));
#4959=CARTESIAN_POINT('',(0.087050759886983,0.011742457501835,-0.00448874898314404));
#4960=CARTESIAN_POINT('',(0.0870522942587572,0.0116269414067704,-0.00451210749155042));
#4961=CARTESIAN_POINT('',(0.0870443722795838,0.0114999999999997,-0.00452929293970813));
#4962=CARTESIAN_POINT('',(0.0868482889605329,0.0122084543330727,-0.00439597838315121));
#4963=CARTESIAN_POINT('',(0.0869085776053182,0.0121481853284718,-0.0043959325511487));
#4964=CARTESIAN_POINT('',(0.0869521710263944,0.0120869389443224,-0.00439804604819522));
#4965=CARTESIAN_POINT('',(0.0870154013131543,0.0119680800218657,-0.00440526494803914));
#4966=CARTESIAN_POINT('',(0.0870352393243779,0.0119103697851166,-0.00441037035083653));
#4967=CARTESIAN_POINT('',(0.087072815415928,0.0117443028670443,-0.00442818428933427));
#4968=CARTESIAN_POINT('',(0.0870754487825436,0.0116279564009699,-0.00444983693574514));
#4969=CARTESIAN_POINT('',(0.0870697035150053,0.0114999999999997,-0.00446611784759685));
#4970=CARTESIAN_POINT('',(0.0868776122007285,0.0122377775732685,-0.00423940015101185));
#4971=CARTESIAN_POINT('',(0.086939049424901,0.0121763498020723,-0.00423936098217834));
#4972=CARTESIAN_POINT('',(0.086984045816464,0.0121127647132684,-0.00423998578119577));
#4973=CARTESIAN_POINT('',(0.0870507602077137,0.0119887490631944,-0.00424245570920785));
#4974=CARTESIAN_POINT('',(0.0870728164552877,0.0119281822490277,-0.00424430083820251));
#4975=CARTESIAN_POINT('',(0.0871191636212681,0.0117515079356481,-0.00425150531156553));
#4976=CARTESIAN_POINT('',(0.0871274881493578,0.0116312690520484,-0.00426166688557168));
#4977=CARTESIAN_POINT('',(0.0871266292842855,0.0114999999999998,-0.00427135635848004));
#4978=CARTESIAN_POINT('',(0.08688983462746,0.01225,-0.00412499999999995));
#4979=CARTESIAN_POINT('',(0.0869449944221851,0.0121948402052748,-0.00412499967940071));
#4980=CARTESIAN_POINT('',(0.0869872495300103,0.012134559100078,-0.00412546216107657));
#4981=CARTESIAN_POINT('',(0.0870522943816725,0.0120121073057434,-0.00412693918676349));
#4982=CARTESIAN_POINT('',(0.0870754497317692,0.0119498338047262,-0.00412795373077453));
#4983=CARTESIAN_POINT('',(0.0871274872124715,0.0117616697551138,-0.00413126514298798));
#4984=CARTESIAN_POINT('',(0.0871398346274599,0.0116338343774075,-0.00413382979137066));
#4985=CARTESIAN_POINT('',(0.0871398346274599,0.0114999999999998,-0.00413525731113373));
#4986=CARTESIAN_POINT('',(0.0868898346274599,0.01225,-0.00399999999999995));
#4987=CARTESIAN_POINT('',(0.0869376604824524,0.0122021741450075,-0.00399999999999995));
#4988=CARTESIAN_POINT('',(0.0869784050554781,0.0121473894087172,-0.00399999999999995));
#4989=CARTESIAN_POINT('',(0.0870443722814772,0.012029292997766,-0.00399999999999995));
#4990=CARTESIAN_POINT('',(0.0870697043679397,0.0119661150871741,-0.00399999999999995));
#4991=CARTESIAN_POINT('',(0.0871266281555429,0.0117713599047871,-0.004));
#4992=CARTESIAN_POINT('',(0.0871398346274599,0.0116352625838331,-0.004));
#4993=CARTESIAN_POINT('',(0.0871398346274599,0.0114999999999998,-0.004));
#4994=CARTESIAN_POINT('',(0.0871398346274599,0.0114999999999998,-0.004));
#4995=CARTESIAN_POINT('',(0.08713983462746,0.0118333333333332,-0.00399999999999998));
#4996=CARTESIAN_POINT('',(0.0870565012941266,0.0120833333333333,-0.00399999999999996));
#4997=CARTESIAN_POINT('',(0.0868898346274599,0.01225,-0.00399999999999995));
#4998=CARTESIAN_POINT('',(0.0867648346274601,-0.012125,-0.004625));
#4999=CARTESIAN_POINT('',(0.0867231679607935,-0.0121458333333333,-0.00464583333333331));
#5000=CARTESIAN_POINT('',(0.086678960742593,-0.0121642533132519,-0.00466425331325187));
#5001=CARTESIAN_POINT('',(0.086585283267502,-0.0121955638131217,-0.00469556381312163));
#5002=CARTESIAN_POINT('',(0.0865358130106116,-0.0122084543330728,-0.00470845433307281));
#5003=CARTESIAN_POINT('',(0.0863792347784724,-0.0122377775732685,-0.00473777757326852));
#5004=CARTESIAN_POINT('',(0.0862648346274606,-0.01225,-0.00475));
#5005=CARTESIAN_POINT('',(0.0861398346274607,-0.01225,-0.00475));
#5006=CARTESIAN_POINT('',(0.0867856679607934,-0.0121458333333333,-0.0045833333333333));
#5007=CARTESIAN_POINT('',(0.086737875433945,-0.0121813741398182,-0.0045980408064848));
#5008=CARTESIAN_POINT('',(0.0866884479492962,-0.0122095622326099,-0.00461190676584348));
#5009=CARTESIAN_POINT('',(0.0865873940220028,-0.0122532466515585,-0.00463697902690829));
#5010=CARTESIAN_POINT('',(0.0865357675793581,-0.0122687429777152,-0.00464818532861443));
#5011=CARTESIAN_POINT('',(0.0863791962508374,-0.0122992147973597,-0.00467634980215365));
#5012=CARTESIAN_POINT('',(0.0862648349480599,-0.0123051597947251,-0.00469484020527492));
#5013=CARTESIAN_POINT('',(0.0861398346274608,-0.0122978258549924,-0.0047021741450076));
#5014=CARTESIAN_POINT('',(0.086804087940712,-0.0121642533132519,-0.00453912611513273));
#5015=CARTESIAN_POINT('',(0.0867517413932629,-0.0122095622326508,-0.00454861324168619));
#5016=CARTESIAN_POINT('',(0.0866982490091814,-0.0122439177357877,-0.00455841423263304));
#5017=CARTESIAN_POINT('',(0.086591329447348,-0.0122952854672687,-0.00457757692423835));
#5018=CARTESIAN_POINT('',(0.0865378810578568,-0.0123123365568021,-0.0045869386248968));
#5019=CARTESIAN_POINT('',(0.0863798215074619,-0.012344211342364,-0.00461276426282686));
#5020=CARTESIAN_POINT('',(0.0862652979940459,-0.0123474151887898,-0.00463455859064773));
#5021=CARTESIAN_POINT('',(0.0861398346274608,-0.012338570772954,-0.00464738885265066));
#5022=CARTESIAN_POINT('',(0.0868353984405817,-0.0121955638131216,-0.00444544864004171));
#5023=CARTESIAN_POINT('',(0.0867768136542565,-0.0122532466516708,-0.00444755911401816));
#5024=CARTESIAN_POINT('',(0.0867174118204247,-0.0122952853915602,-0.00445149442603221));
#5025=CARTESIAN_POINT('',(0.0866015897610097,-0.0123563757810627,-0.00446175469995284));
#5026=CARTESIAN_POINT('',(0.0865450994744663,-0.0123755668646352,-0.00446807966185942));
#5027=CARTESIAN_POINT('',(0.0863822921292956,-0.0124109252595231,-0.00448874898314406));
#5028=CARTESIAN_POINT('',(0.0862667760342312,-0.0124124596312973,-0.00451210749155042));
#5029=CARTESIAN_POINT('',(0.0861398346274607,-0.0124045376521239,-0.00452929293970812));
#5030=CARTESIAN_POINT('',(0.0868482889605328,-0.0122084543330728,-0.00439597838315125));
#5031=CARTESIAN_POINT('',(0.086788019955932,-0.0122687429778581,-0.00439593255114875));
#5032=CARTESIAN_POINT('',(0.0867267735717827,-0.0123123363989344,-0.00439804604819528));
#5033=CARTESIAN_POINT('',(0.0866079146493261,-0.0123755666856943,-0.0044052649480392));
#5034=CARTESIAN_POINT('',(0.0865502044125771,-0.0123954046969179,-0.00441037035083659));
#5035=CARTESIAN_POINT('',(0.086384137494505,-0.0124329807884681,-0.00442818428933431));
#5036=CARTESIAN_POINT('',(0.0862677910284307,-0.0124356141550837,-0.00444983693574515));
#5037=CARTESIAN_POINT('',(0.0861398346274607,-0.0124298688875454,-0.00446611784759687));
#5038=CARTESIAN_POINT('',(0.0868776122007285,-0.0122377775732685,-0.00423940015101191));
#5039=CARTESIAN_POINT('',(0.0868161844295324,-0.012299214797441,-0.00423936098217841));
#5040=CARTESIAN_POINT('',(0.0867525993407285,-0.012344211189004,-0.00423998578119584));
#5041=CARTESIAN_POINT('',(0.0866285836906546,-0.0124109255802538,-0.00424245570920792));
#5042=CARTESIAN_POINT('',(0.0865680168764881,-0.0124329818278278,-0.00424430083820259));
#5043=CARTESIAN_POINT('',(0.0863913425631086,-0.0124793289938081,-0.00425150531156561));
#5044=CARTESIAN_POINT('',(0.0862711036795091,-0.0124876535218979,-0.00426166688557175));
#5045=CARTESIAN_POINT('',(0.0861398346274605,-0.0124867946568256,-0.00427135635848011));
#5046=CARTESIAN_POINT('',(0.08688983462746,-0.01225,-0.004125));
#5047=CARTESIAN_POINT('',(0.0868346748327349,-0.0123051597947251,-0.0041249996794008));
#5048=CARTESIAN_POINT('',(0.0867743937275381,-0.0123474149025502,-0.00412546216107666));
#5049=CARTESIAN_POINT('',(0.0866519419332035,-0.0124124597542126,-0.00412693918676356));
#5050=CARTESIAN_POINT('',(0.0865896684321864,-0.0124356151043093,-0.00412795373077461));
#5051=CARTESIAN_POINT('',(0.0864015043825743,-0.0124876525850116,-0.00413126514298803));
#5052=CARTESIAN_POINT('',(0.0862736690048682,-0.0125,-0.0041338297913707));
#5053=CARTESIAN_POINT('',(0.0861398346274604,-0.0125,-0.00413525731113379));
#5054=CARTESIAN_POINT('',(0.0868898346274599,-0.01225,-0.00400000000000005));
#5055=CARTESIAN_POINT('',(0.0868420087724675,-0.0122978258549924,-0.00400000000000005));
#5056=CARTESIAN_POINT('',(0.0867872240361773,-0.0123385704280182,-0.00400000000000005));
#5057=CARTESIAN_POINT('',(0.0866691276252261,-0.0124045376540173,-0.004));
#5058=CARTESIAN_POINT('',(0.0866059497146343,-0.0124298697404798,-0.004));
#5059=CARTESIAN_POINT('',(0.0864111945322475,-0.012486793528083,-0.004));
#5060=CARTESIAN_POINT('',(0.0862750972112938,-0.0125,-0.004));
#5061=CARTESIAN_POINT('',(0.0861398346274605,-0.0125,-0.004));
#5062=CARTESIAN_POINT('',(0.0861398346274605,-0.0125,-0.004));
#5063=CARTESIAN_POINT('',(0.0864731679607935,-0.0124999999999999,-0.00400000000000001));
#5064=CARTESIAN_POINT('',(0.0867231679607933,-0.0124166666666666,-0.00400000000000003));
#5065=CARTESIAN_POINT('',(0.0868898346274599,-0.01225,-0.00400000000000005));
#5066=CARTESIAN_POINT('',(0.015297695234418,-0.0121249999999999,0.00462500000000049));
#5067=CARTESIAN_POINT('',(0.0152768619010847,-0.0120833333333332,0.00464583333333377));
#5068=CARTESIAN_POINT('',(0.0152584419211662,-0.0120391261151326,0.00466425331325229));
#5069=CARTESIAN_POINT('',(0.0152271314212964,-0.0119454486400416,0.00469556381312194));
#5070=CARTESIAN_POINT('',(0.0152142409013452,-0.0118959783831511,0.00470845433307308));
#5071=CARTESIAN_POINT('',(0.0151849176611495,-0.0117394001510118,0.00473777757326866));
#5072=CARTESIAN_POINT('',(0.015172695234418,-0.0116249999999999,0.00475000000000006));
#5073=CARTESIAN_POINT('',(0.0151726952344179,-0.0115,0.00475));
#5074=CARTESIAN_POINT('',(0.0153393619010846,-0.0121458333333332,0.00464583333333377));
#5075=CARTESIAN_POINT('',(0.0153246544279332,-0.0120980408064847,0.0046813741398185));
#5076=CARTESIAN_POINT('',(0.0153107884685746,-0.0120486133218358,0.00470956223261021));
#5077=CARTESIAN_POINT('',(0.0152857162075098,-0.0119475593945422,0.00475324665155864));
#5078=CARTESIAN_POINT('',(0.0152745099058036,-0.0118959329518975,0.00476874297771536));
#5079=CARTESIAN_POINT('',(0.0152463454322644,-0.0117393616233767,0.00479921479735971));
#5080=CARTESIAN_POINT('',(0.015227855029143,-0.0116250003205991,0.00480515979472512));
#5081=CARTESIAN_POINT('',(0.0152205210894103,-0.0115,0.00479782585499241));
#5082=CARTESIAN_POINT('',(0.0153835691192852,-0.0121642533132517,0.00466425331325228));
#5083=CARTESIAN_POINT('',(0.0153740819927318,-0.0121119067658026,0.00470956223265106));
#5084=CARTESIAN_POINT('',(0.015364281001785,-0.0120584143817211,0.00474391773578795));
#5085=CARTESIAN_POINT('',(0.0153451183101797,-0.0119514948198875,0.00479528546726879));
#5086=CARTESIAN_POINT('',(0.0153357566095213,-0.0118980464303963,0.00481233655680211));
#5087=CARTESIAN_POINT('',(0.0153099309715911,-0.0117399868800012,0.00484421134236401));
#5088=CARTESIAN_POINT('',(0.0152881366437702,-0.0116254633665851,0.00484741518878978));
#5089=CARTESIAN_POINT('',(0.0152753063817673,-0.0115,0.00483857077295395));
#5090=CARTESIAN_POINT('',(0.0154772465943763,-0.0121955638131215,0.00469556381312193));
#5091=CARTESIAN_POINT('',(0.0154751361203999,-0.0121369790267962,0.00475324665167094));
#5092=CARTESIAN_POINT('',(0.0154712008083858,-0.0120775771929644,0.00479528539156025));
#5093=CARTESIAN_POINT('',(0.0154609405344652,-0.0119617551335493,0.00485637578106271));
#5094=CARTESIAN_POINT('',(0.0154546155725586,-0.0119052648470059,0.00487556686463516));
#5095=CARTESIAN_POINT('',(0.0154339462512739,-0.011742457501835,0.00491092525952305));
#5096=CARTESIAN_POINT('',(0.0154105877428675,-0.0116269414067706,0.0049124596312973));
#5097=CARTESIAN_POINT('',(0.0153934022947098,-0.0115,0.00490453765212391));
#5098=CARTESIAN_POINT('',(0.0155267168512668,-0.0122084543330727,0.00470845433307307));
#5099=CARTESIAN_POINT('',(0.0155267626832692,-0.0121481853284718,0.00476874297785827));
#5100=CARTESIAN_POINT('',(0.0155246491862228,-0.0120869389443224,0.00481233639893444));
#5101=CARTESIAN_POINT('',(0.0155174302863788,-0.0119680800218657,0.00487556668569431));
#5102=CARTESIAN_POINT('',(0.0155123248835814,-0.0119103697851166,0.00489540469691789));
#5103=CARTESIAN_POINT('',(0.0154945109450836,-0.0117443028670444,0.00493298078846802));
#5104=CARTESIAN_POINT('',(0.0154728582986728,-0.01162795640097,0.00493561415508366));
#5105=CARTESIAN_POINT('',(0.0154565773868211,-0.0115,0.00492986888754535));
#5106=CARTESIAN_POINT('',(0.015683295083406,-0.0122377775732684,0.00473777757326866));
#5107=CARTESIAN_POINT('',(0.0156833342522396,-0.0121763498020723,0.00479921479744105));
#5108=CARTESIAN_POINT('',(0.0156827094532222,-0.0121127647132684,0.004844211189004));
#5109=CARTESIAN_POINT('',(0.0156802395252101,-0.0119887490631944,0.00491092558025376));
#5110=CARTESIAN_POINT('',(0.0156783943962154,-0.0119281822490278,0.00493298182782774));
#5111=CARTESIAN_POINT('',(0.0156711899228523,-0.0117515079356482,0.00497932899380808));
#5112=CARTESIAN_POINT('',(0.0156610283488462,-0.0116312690520485,0.00498765352189792));
#5113=CARTESIAN_POINT('',(0.0156513388759378,-0.0115,0.00498679465682558));
#5114=CARTESIAN_POINT('',(0.0157976952344179,-0.01225,0.00475));
#5115=CARTESIAN_POINT('',(0.0157976955550172,-0.0121948402052749,0.00480515979472511));
#5116=CARTESIAN_POINT('',(0.0157972330733413,-0.012134559100078,0.00484741490255028));
#5117=CARTESIAN_POINT('',(0.0157957560476544,-0.0120121073057434,0.00491245975421261));
#5118=CARTESIAN_POINT('',(0.0157947415036434,-0.0119498338047262,0.00493561510430925));
#5119=CARTESIAN_POINT('',(0.0157914300914299,-0.0117616697551139,0.00498765258501159));
#5120=CARTESIAN_POINT('',(0.0157888654430473,-0.0116338343774076,0.005));
#5121=CARTESIAN_POINT('',(0.0157874379232842,-0.0115,0.005));
#5122=CARTESIAN_POINT('',(0.0159226952344179,-0.01225,0.00475));
#5123=CARTESIAN_POINT('',(0.0159226952344179,-0.0122021741450076,0.0047978258549924));
#5124=CARTESIAN_POINT('',(0.0159226952344179,-0.0121473894087173,0.0048385704280182));
#5125=CARTESIAN_POINT('',(0.0159226952344179,-0.0120292929977661,0.00490453765401731));
#5126=CARTESIAN_POINT('',(0.0159226952344179,-0.0119661150871742,0.00492986974047982));
#5127=CARTESIAN_POINT('',(0.0159226952344179,-0.0117713599047872,0.00498679352808294));
#5128=CARTESIAN_POINT('',(0.0159226952344179,-0.0116352625838333,0.005));
#5129=CARTESIAN_POINT('',(0.0159226952344179,-0.0115,0.005));
#5130=CARTESIAN_POINT('',(0.0159226952344179,-0.0115,0.005));
#5131=CARTESIAN_POINT('',(0.0159226952344179,-0.011833333333334,0.00500000000000127));
#5132=CARTESIAN_POINT('',(0.0159226952344179,-0.0120833333333343,0.00491666666666825));
#5133=CARTESIAN_POINT('',(0.0159226952344179,-0.0122500000000009,0.00475000000000095));
#5134=CARTESIAN_POINT('',(0.0159226952344183,0.0125,0.004));
#5135=CARTESIAN_POINT('',(0.0861398346274615,0.0125,0.004));
#5136=CARTESIAN_POINT('',(0.0159226952344183,0.0125,0.00466666666666667));
#5137=CARTESIAN_POINT('',(0.0861398346274614,0.0125,0.00466666666666667));
#5138=CARTESIAN_POINT('',(0.0159226952344184,0.0121666666666667,0.005));
#5139=CARTESIAN_POINT('',(0.0861398346274615,0.0121666666666667,0.005));
#5140=CARTESIAN_POINT('',(0.0159226952344184,0.0115,0.005));
#5141=CARTESIAN_POINT('',(0.0861398346274615,0.0115,0.005));
#5142=CARTESIAN_POINT('',(0.0861398346274599,0.0125,0.0040000000000038));
#5143=CARTESIAN_POINT('',(0.0861398346274599,0.0125,-0.004));
#5144=CARTESIAN_POINT('',(0.0868065012941266,0.0125,0.0040000000000038));
#5145=CARTESIAN_POINT('',(0.0868065012941266,0.0125,-0.004));
#5146=CARTESIAN_POINT('',(0.08713983462746,0.0121666666666666,0.0040000000000038));
#5147=CARTESIAN_POINT('',(0.08713983462746,0.0121666666666666,-0.004));
#5148=CARTESIAN_POINT('',(0.0871398346274599,0.0114999999999998,0.0040000000000038));
#5149=CARTESIAN_POINT('',(0.0871398346274599,0.0114999999999998,-0.004));
#5150=CARTESIAN_POINT('',(0.0868898346274599,0.01225,0.0040000000000019));
#5151=CARTESIAN_POINT('',(0.0870565012941266,0.0120833333333333,0.00400000000000158));
#5152=CARTESIAN_POINT('',(0.0871398346274599,0.0118333333333333,0.00400000000000127));
#5153=CARTESIAN_POINT('',(0.0871398346274599,0.0115,0.00400000000000095));
#5154=CARTESIAN_POINT('',(0.0861398346274599,-0.0125,-0.0040000000000001));
#5155=CARTESIAN_POINT('',(0.0861398346274599,-0.0125,0.0040000000000038));
#5156=CARTESIAN_POINT('',(0.0868065012941265,-0.0125,-0.0040000000000001));
#5157=CARTESIAN_POINT('',(0.0868065012941265,-0.0125,0.0040000000000038));
#5158=CARTESIAN_POINT('',(0.0871398346274599,-0.0121666666666666,-0.0040000000000001));
#5159=CARTESIAN_POINT('',(0.0871398346274599,-0.0121666666666666,0.0040000000000038));
#5160=CARTESIAN_POINT('',(0.0871398346274599,-0.0115,-0.0040000000000001));
#5161=CARTESIAN_POINT('',(0.0871398346274599,-0.0115,0.0040000000000038));
#5162=CARTESIAN_POINT('',(0.0861398346274616,-0.0125,0.004));
#5163=CARTESIAN_POINT('',(0.0159226952344178,-0.0125,0.004));
#5164=CARTESIAN_POINT('',(0.0861398346274617,-0.0125,0.0046666666666692));
#5165=CARTESIAN_POINT('',(0.0159226952344179,-0.0125,0.0046666666666692));
#5166=CARTESIAN_POINT('',(0.0861398346274616,-0.0121666666666666,0.00500000000000254));
#5167=CARTESIAN_POINT('',(0.0159226952344179,-0.0121666666666666,0.00500000000000254));
#5168=CARTESIAN_POINT('',(0.0861398346274616,-0.0115,0.005));
#5169=CARTESIAN_POINT('',(0.0159226952344178,-0.0115,0.005));
#5170=CARTESIAN_POINT('',(0.0861398346274607,-0.0122500000000009,0.00475000000000095));
#5171=CARTESIAN_POINT('',(0.0861398346274606,-0.0120833333333343,0.00491666666666825));
#5172=CARTESIAN_POINT('',(0.0861398346274604,-0.011833333333334,0.00500000000000127));
#5173=CARTESIAN_POINT('',(0.0861398346274602,-0.0115,0.005));
#5174=CARTESIAN_POINT('',(0.0867648346274601,0.0121249999999998,0.00462500000000047));
#5175=CARTESIAN_POINT('',(0.0867856679607934,0.0121458333333332,0.00458333333333391));
#5176=CARTESIAN_POINT('',(0.0868040879407119,0.0121642533132518,0.00453912611513345));
#5177=CARTESIAN_POINT('',(0.0868353984405817,0.0121955638131215,0.00444544864004265));
#5178=CARTESIAN_POINT('',(0.0868482889605329,0.0122084543330727,0.0043959783831523));
#5179=CARTESIAN_POINT('',(0.0868776122007285,0.0122377775732685,0.0042394001510133));
#5180=CARTESIAN_POINT('',(0.08688983462746,0.01225,0.00412500000000164));
#5181=CARTESIAN_POINT('',(0.0868898346274599,0.01225,0.0040000000000019));
#5182=CARTESIAN_POINT('',(0.0867856679607933,0.0120833333333332,0.00464583333333374));
#5183=CARTESIAN_POINT('',(0.0868212087672781,0.0120980408064847,0.00459804080648536));
#5184=CARTESIAN_POINT('',(0.0868493968600699,0.0121119067658433,0.00454861332183664));
#5185=CARTESIAN_POINT('',(0.0868930812790184,0.0121369790269082,0.00444755939454333));
#5186=CARTESIAN_POINT('',(0.0869085776051752,0.0121481853286143,0.00439593295189872));
#5187=CARTESIAN_POINT('',(0.0869390494248196,0.0121763498021536,0.00423936162337825));
#5188=CARTESIAN_POINT('',(0.086944994422185,0.0121948402052749,0.00412500032060087));
#5189=CARTESIAN_POINT('',(0.0869376604824524,0.0122021741450076,0.0040000000000019));
#5190=CARTESIAN_POINT('',(0.0868040879407119,0.0120391261151326,0.00466425331325225));
#5191=CARTESIAN_POINT('',(0.0868493968601107,0.012048613241686,0.00461190676580326));
#5192=CARTESIAN_POINT('',(0.0868837523632477,0.0120584142326329,0.00455841438172188));
#5193=CARTESIAN_POINT('',(0.0869351200947286,0.0120775769242382,0.0044514948198886));
#5194=CARTESIAN_POINT('',(0.086952171184262,0.0120869386248967,0.00439804643039749));
#5195=CARTESIAN_POINT('',(0.0869840459698239,0.0121127642628268,0.00423998688000273));
#5196=CARTESIAN_POINT('',(0.0869872498162496,0.0121345585906477,0.00412546336658682));
#5197=CARTESIAN_POINT('',(0.0869784054004139,0.0121473888526506,0.00400000000000184));
#5198=CARTESIAN_POINT('',(0.0868353984405816,0.0119454486400415,0.0046955638131219));
#5199=CARTESIAN_POINT('',(0.0868930812791307,0.011947559114018,0.00463697902679673));
#5200=CARTESIAN_POINT('',(0.0869351200190201,0.0119514944260321,0.00457757719296506));
#5201=CARTESIAN_POINT('',(0.0869962104085226,0.0119617546999527,0.00446175513355021));
#5202=CARTESIAN_POINT('',(0.0870154014920951,0.0119680796618593,0.00440526484700693));
#5203=CARTESIAN_POINT('',(0.087050759886983,0.011988748983144,0.00424245750183645));
#5204=CARTESIAN_POINT('',(0.0870522942587572,0.0120121074915504,0.00412694140677216));
#5205=CARTESIAN_POINT('',(0.0870443722795838,0.0120292929397081,0.00400000000000166));
#5206=CARTESIAN_POINT('',(0.0868482889605328,0.0118959783831511,0.00470845433307304));
#5207=CARTESIAN_POINT('',(0.0869085776053181,0.0118959325511486,0.0046481853284723));
#5208=CARTESIAN_POINT('',(0.0869521710263942,0.0118980460481951,0.00458693894432299));
#5209=CARTESIAN_POINT('',(0.0870154013131542,0.0119052649480391,0.00446808002186655));
#5210=CARTESIAN_POINT('',(0.0870352393243778,0.0119103703508365,0.00441036978511763));
#5211=CARTESIAN_POINT('',(0.0870728154159279,0.0119281842893343,0.00424430286704569));
#5212=CARTESIAN_POINT('',(0.0870754487825436,0.0119498369357451,0.00412795640097153));
#5213=CARTESIAN_POINT('',(0.0870697035150053,0.0119661178475968,0.00400000000000154));
#5214=CARTESIAN_POINT('',(0.0868776122007284,0.0117394001510117,0.00473777757326863));
#5215=CARTESIAN_POINT('',(0.0869390494249009,0.0117393609821782,0.00467634980207259));
#5216=CARTESIAN_POINT('',(0.0869840458164639,0.0117399857811957,0.00461276471326875));
#5217=CARTESIAN_POINT('',(0.0870507602077137,0.0117424557092078,0.00448874906319495));
#5218=CARTESIAN_POINT('',(0.0870728164552877,0.0117443008382025,0.00442818224902848));
#5219=CARTESIAN_POINT('',(0.087119163621268,0.0117515053115655,0.00425150793564919));
#5220=CARTESIAN_POINT('',(0.0871274881493578,0.0117616668855717,0.00413126905204974));
#5221=CARTESIAN_POINT('',(0.0871266292842855,0.01177135635848,0.00400000000000118));
#5222=CARTESIAN_POINT('',(0.0868898346274599,0.0116249999999998,0.00475));
#5223=CARTESIAN_POINT('',(0.0869449944221849,0.0116249996794006,0.00469484020527501));
#5224=CARTESIAN_POINT('',(0.0869872495300102,0.0116254621610765,0.00463455910007823));
#5225=CARTESIAN_POINT('',(0.0870522943816725,0.0116269391867634,0.00451210730574372));
#5226=CARTESIAN_POINT('',(0.0870754497317692,0.0116279537307745,0.00444983380472672));
#5227=CARTESIAN_POINT('',(0.0871274872124715,0.0116312651429879,0.00426166975511473));
#5228=CARTESIAN_POINT('',(0.0871398346274599,0.0116338297913706,0.00413383437740867));
#5229=CARTESIAN_POINT('',(0.0871398346274599,0.0116352573111337,0.00400000000000095));
#5230=CARTESIAN_POINT('',(0.0868898346274599,0.0115,0.00475));
#5231=CARTESIAN_POINT('',(0.0869376604824523,0.0115,0.00470217414500763));
#5232=CARTESIAN_POINT('',(0.0869784050554781,0.0115,0.00464738940871733));
#5233=CARTESIAN_POINT('',(0.0870443722814773,0.0115,0.00452929299776631));
#5234=CARTESIAN_POINT('',(0.0870697043679398,0.0115,0.00446611508717452));
#5235=CARTESIAN_POINT('',(0.0871266281555429,0.0115,0.00427135990478793));
#5236=CARTESIAN_POINT('',(0.0871398346274599,0.0115,0.00413526258383426));
#5237=CARTESIAN_POINT('',(0.0871398346274599,0.0115,0.00400000000000095));
#5238=CARTESIAN_POINT('',(0.0871398346274599,0.0115,0.00400000000000095));
#5239=CARTESIAN_POINT('',(0.0871398346274598,0.0115,0.0043333333333338));
#5240=CARTESIAN_POINT('',(0.0870565012941264,0.0115,0.00458333333333349));
#5241=CARTESIAN_POINT('',(0.0868898346274599,0.0115,0.00474999999999999));
#5242=CARTESIAN_POINT('',(0.0867648346274601,-0.0121249999999999,0.00462500000000047));
#5243=CARTESIAN_POINT('',(0.0867231679607934,-0.0121458333333332,0.00464583333333375));
#5244=CARTESIAN_POINT('',(0.0866789607425929,-0.0121642533132518,0.00466425331325228));
#5245=CARTESIAN_POINT('',(0.086585283267502,-0.0121955638131215,0.00469556381312194));
#5246=CARTESIAN_POINT('',(0.0865358130106116,-0.0122084543330727,0.00470845433307308));
#5247=CARTESIAN_POINT('',(0.0863792347784723,-0.0122377775732684,0.00473777757326867));
#5248=CARTESIAN_POINT('',(0.0862648346274606,-0.01225,0.00475000000000007));
#5249=CARTESIAN_POINT('',(0.0861398346274607,-0.01225,0.00475));
#5250=CARTESIAN_POINT('',(0.0867856679607934,-0.0120833333333332,0.00464583333333374));
#5251=CARTESIAN_POINT('',(0.0867378754339449,-0.0120980408064847,0.00468137413981848));
#5252=CARTESIAN_POINT('',(0.0866884479492961,-0.0121119067658433,0.00470956223261019));
#5253=CARTESIAN_POINT('',(0.0865873940220027,-0.0121369790269082,0.00475324665155863));
#5254=CARTESIAN_POINT('',(0.086535767579358,-0.0121481853286143,0.00476874297771536));
#5255=CARTESIAN_POINT('',(0.0863791962508373,-0.0121763498021536,0.0047992147973597));
#5256=CARTESIAN_POINT('',(0.0862648349480598,-0.0121948402052749,0.00480515979472512));
#5257=CARTESIAN_POINT('',(0.0861398346274606,-0.0122021741450076,0.0047978258549924));
#5258=CARTESIAN_POINT('',(0.0868040879407119,-0.0120391261151326,0.00466425331325225));
#5259=CARTESIAN_POINT('',(0.0867517413932628,-0.012048613241686,0.00470956223265104));
#5260=CARTESIAN_POINT('',(0.0866982490091813,-0.0120584142326329,0.00474391773578793));
#5261=CARTESIAN_POINT('',(0.0865913294473479,-0.0120775769242382,0.00479528546726879));
#5262=CARTESIAN_POINT('',(0.0865378810578568,-0.0120869386248967,0.00481233655680211));
#5263=CARTESIAN_POINT('',(0.0863798215074618,-0.0121127642628268,0.00484421134236402));
#5264=CARTESIAN_POINT('',(0.0862652979940457,-0.0121345585906477,0.00484741518878978));
#5265=CARTESIAN_POINT('',(0.0861398346274605,-0.0121473888526507,0.00483857077295395));
#5266=CARTESIAN_POINT('',(0.0868353984405816,-0.0119454486400416,0.0046955638131219));
#5267=CARTESIAN_POINT('',(0.0867768136542563,-0.011947559114018,0.00475324665167092));
#5268=CARTESIAN_POINT('',(0.0867174118204246,-0.011951494426032,0.00479528539156024));
#5269=CARTESIAN_POINT('',(0.0866015897610097,-0.0119617546999527,0.0048563757810627));
#5270=CARTESIAN_POINT('',(0.0865450994744664,-0.0119680796618593,0.00487556686463515));
#5271=CARTESIAN_POINT('',(0.0863822921292957,-0.011988748983144,0.00491092525952306));
#5272=CARTESIAN_POINT('',(0.0862667760342314,-0.0120121074915504,0.00491245963129731));
#5273=CARTESIAN_POINT('',(0.0861398346274607,-0.0120292929397081,0.00490453765212391));
#5274=CARTESIAN_POINT('',(0.0868482889605328,-0.0118959783831511,0.00470845433307303));
#5275=CARTESIAN_POINT('',(0.0867880199559319,-0.0118959325511486,0.00476874297785823));
#5276=CARTESIAN_POINT('',(0.0867267735717825,-0.0118980460481951,0.00481233639893442));
#5277=CARTESIAN_POINT('',(0.086607914649326,-0.011905264948039,0.00487556668569429));
#5278=CARTESIAN_POINT('',(0.0865502044125771,-0.0119103703508364,0.00489540469691787));
#5279=CARTESIAN_POINT('',(0.0863841374945049,-0.0119281842893342,0.00493298078846803));
#5280=CARTESIAN_POINT('',(0.0862677910284306,-0.0119498369357451,0.00493561415508367));
#5281=CARTESIAN_POINT('',(0.0861398346274604,-0.0119661178475969,0.00492986888754535));
#5282=CARTESIAN_POINT('',(0.0868776122007284,-0.0117394001510118,0.00473777757326862));
#5283=CARTESIAN_POINT('',(0.0868161844295323,-0.0117393609821783,0.00479921479744101));
#5284=CARTESIAN_POINT('',(0.0867525993407284,-0.0117399857811957,0.00484421118900399));
#5285=CARTESIAN_POINT('',(0.0866285836906546,-0.0117424557092078,0.00491092558025373));
#5286=CARTESIAN_POINT('',(0.0865680168764881,-0.0117443008382024,0.00493298182782771));
#5287=CARTESIAN_POINT('',(0.0863913425631086,-0.0117515053115655,0.00497932899380809));
#5288=CARTESIAN_POINT('',(0.086271103679509,-0.0117616668855717,0.00498765352189793));
#5289=CARTESIAN_POINT('',(0.0861398346274603,-0.0117713563584801,0.00498679465682558));
#5290=CARTESIAN_POINT('',(0.0868898346274599,-0.011625,0.00475));
#5291=CARTESIAN_POINT('',(0.0868346748327348,-0.0116249996794007,0.00480515979472508));
#5292=CARTESIAN_POINT('',(0.086774393727538,-0.0116254621610765,0.00484741490255028));
#5293=CARTESIAN_POINT('',(0.0866519419332035,-0.0116269391867634,0.00491245975421257));
#5294=CARTESIAN_POINT('',(0.0865896684321865,-0.0116279537307745,0.0049356151043092));
#5295=CARTESIAN_POINT('',(0.0864015043825741,-0.011631265142988,0.0049876525850116));
#5296=CARTESIAN_POINT('',(0.0862736690048679,-0.0116338297913706,0.005));
#5297=CARTESIAN_POINT('',(0.0861398346274602,-0.0116352573111337,0.005));
#5298=CARTESIAN_POINT('',(0.0868898346274599,-0.0115,0.00475));
#5299=CARTESIAN_POINT('',(0.0868420087724676,-0.0115,0.00479782585499239));
#5300=CARTESIAN_POINT('',(0.0867872240361771,-0.0115,0.00483857042801823));
#5301=CARTESIAN_POINT('',(0.0866691276252261,-0.0115,0.00490453765401728));
#5302=CARTESIAN_POINT('',(0.0866059497146343,-0.0115,0.00492986974047979));
#5303=CARTESIAN_POINT('',(0.0864111945322473,-0.0115,0.00498679352808295));
#5304=CARTESIAN_POINT('',(0.0862750972112935,-0.0115,0.005));
#5305=CARTESIAN_POINT('',(0.0861398346274602,-0.0115,0.005));
#5306=CARTESIAN_POINT('',(0.0861398346274602,-0.0115,0.005));
#5307=CARTESIAN_POINT('',(0.0864731679607933,-0.0115,0.00499999999999995));
#5308=CARTESIAN_POINT('',(0.0867231679607932,-0.0115,0.00491666666666661));
#5309=CARTESIAN_POINT('',(0.0868898346274599,-0.0115,0.00474999999999999));
#5310=CARTESIAN_POINT('',(0.0871398346274599,0.0115,0.004));
#5311=CARTESIAN_POINT('',(0.0871398346274599,-0.0115,0.004));
#5312=CARTESIAN_POINT('',(0.08713983462746,0.0115,0.00466666666666668));
#5313=CARTESIAN_POINT('',(0.08713983462746,-0.0115,0.00466666666666668));
#5314=CARTESIAN_POINT('',(0.0868065012941264,0.0115,0.00500000000000002));
#5315=CARTESIAN_POINT('',(0.0868065012941264,-0.0115,0.00500000000000002));
#5316=CARTESIAN_POINT('',(0.0861398346274599,0.0115,0.005));
#5317=CARTESIAN_POINT('',(0.0861398346274599,-0.0115,0.005));
#5318=CARTESIAN_POINT('',(-0.0546602681333002,-0.00644702598720297,-0.018909871051681));
#5319=CARTESIAN_POINT('',(-0.0254879486211328,0.0654041358941343,-0.001));
#5320=CARTESIAN_POINT('',(-0.0203318825585355,0.060307683847894,-0.00125816358945966));
#5321=CARTESIAN_POINT('',(-0.0203281314255676,0.0603036689058037,-0.00125267332259056));
#5322=CARTESIAN_POINT('',(-0.0203243804477927,0.0602996538193631,-0.00124718305474459));
#5323=CARTESIAN_POINT('',(-0.0203206296250562,0.0602956385887159,-0.00124169278592274));
#5324=CARTESIAN_POINT('',(-0.0203206296250568,0.0602956385887152,-0.00124169278592276));
#5325=CARTESIAN_POINT('',(-0.020331882558578,0.0603076838478529,-0.00125816358946057));
#5326=CARTESIAN_POINT('',(-0.0203206296250568,0.0602956385887153,-0.00124169278592274));
#5327=CARTESIAN_POINT('',(-0.0203258748242434,0.060298045170481,-0.00124711481310506));
#5328=CARTESIAN_POINT('',(-0.0203298187331025,0.0603022368016588,-0.00125286660090705));
#5329=CARTESIAN_POINT('',(-0.0203318825585911,0.0603076838478439,-0.0012581635894639));
#5330=CARTESIAN_POINT('',(-0.0254879486211328,0.0654041358941343,-0.001));
#5331=CARTESIAN_POINT('',(-0.0203318825585911,0.0603076838478439,-0.0012581635894639));
#5332=CARTESIAN_POINT('',(-0.0203421391070837,0.0603347539144012,-0.00128448791790065));
#5333=CARTESIAN_POINT('',(-0.0203054342649379,0.0604093516457254,-0.0013105703592804));
#5334=CARTESIAN_POINT('',(-0.02023932139579,0.0605373067190519,-0.00135068428007095));
#5335=CARTESIAN_POINT('',(-0.0201396052320463,0.0607019306995712,-0.00138766004128638));
#5336=CARTESIAN_POINT('',(-0.0200212611881575,0.0608963837705503,-0.00142358767717684));
#5337=CARTESIAN_POINT('',(-0.0198611477158847,0.0611574568764939,-0.00146132754292021));
#5338=CARTESIAN_POINT('',(-0.0196617024338299,0.0614863944670592,-0.00149202167353718));
#5339=CARTESIAN_POINT('',(-0.019504696825847,0.0617523720594781,-0.00149999999999919));
#5340=CARTESIAN_POINT('',(-0.0194271477115417,0.0618859670527002,-0.0015));
#5341=CARTESIAN_POINT('',(-0.0194271477115417,0.0618859670527002,-0.0015));
#5342=CARTESIAN_POINT('',(-0.0211830886349878,0.0612132913822345,-0.0025));
#5343=CARTESIAN_POINT('',(-0.0208984089924418,0.0609123005153073,-0.00208606047360935));
#5344=CARTESIAN_POINT('',(-0.0206147077884558,0.0606103995685955,-0.00167211478844178));
#5345=CARTESIAN_POINT('',(-0.0203318825585355,0.060307683847894,-0.00125816358945966));
#5346=CARTESIAN_POINT('',(-0.0211830886349878,0.0612132913822345,-0.0025));
#5347=CARTESIAN_POINT('',(-0.0254879486211328,0.0654041358941343,-0.0025));
#5348=CARTESIAN_POINT('',(-0.0214196267033373,0.069824966001889,-0.0025));
#5349=CARTESIAN_POINT('',(-0.0214196267033373,0.069824966001889,-0.0025));
#5350=CARTESIAN_POINT('',(-0.0204038850644402,0.0709287186810094,-0.001));
#5351=CARTESIAN_POINT('',(-0.0254879486211328,0.0654041358941343,-0.001));
#5352=CARTESIAN_POINT('',(-0.0198059457869273,0.0703122876241091,-0.000999187862904336));
#5353=CARTESIAN_POINT('',(-0.0194413812300918,0.0689467115740792,-0.0015));
#5354=CARTESIAN_POINT('',(-0.0195692828650008,0.0691650176668124,-0.00150000000000007));
#5355=CARTESIAN_POINT('',(-0.0198300601800352,0.0695968910285608,-0.00147918606275207));
#5356=CARTESIAN_POINT('',(-0.0201317490375236,0.0700727364389283,-0.00140831253937149));
#5357=CARTESIAN_POINT('',(-0.0203366147659512,0.0703867100133303,-0.0013419025254319));
#5358=CARTESIAN_POINT('',(-0.0204197032758984,0.070514437115637,-0.00131105068972965));
#5359=CARTESIAN_POINT('',(-0.0204921042473097,0.0706212883907415,-0.00128465507463925));
#5360=CARTESIAN_POINT('',(-0.020524121066143,0.0706760824889109,-0.00126706656706241));
#5361=CARTESIAN_POINT('',(-0.0205801464007321,0.070746792758148,-0.00125326832792035));
#5362=CARTESIAN_POINT('',(-0.0205247850209797,0.0707189688438893,-0.00123612640373922));
#5363=CARTESIAN_POINT('',(-0.0204286362777369,0.0706638118202701,-0.00121036279928954));
#5364=CARTESIAN_POINT('',(-0.0202917684187167,0.0705882338017171,-0.00116867520624328));
#5365=CARTESIAN_POINT('',(-0.0200745243889497,0.0704653546668656,-0.00109871835712937));
#5366=CARTESIAN_POINT('',(-0.0199132526427212,0.0703735456669168,-0.00104073043534692));
#5367=CARTESIAN_POINT('',(-0.0198065273889773,0.0703123173973194,-0.000999995870809623));
#5368=CARTESIAN_POINT('',(-0.0194413812300918,0.0689467115740793,-0.0015));
#5369=CARTESIAN_POINT('',(-0.0254879486211328,0.0654041358941343,-0.0015));
#5370=CARTESIAN_POINT('',(-0.0254879486211328,0.0654041358941343,0.0025));
#5371=CARTESIAN_POINT('',(-0.020320629625056,0.0602956385887156,0.00124169278592242));
#5372=CARTESIAN_POINT('',(-0.020324380447834,0.0602996538194072,0.00124718305480493));
#5373=CARTESIAN_POINT('',(-0.0203281314256503,0.0603036689058922,0.00125267332271154));
#5374=CARTESIAN_POINT('',(-0.0203318825586596,0.0603076838480269,0.0012581635896413));
#5375=CARTESIAN_POINT('',(-0.0203318825586609,0.0603076838480257,0.00125816358964126));
#5376=CARTESIAN_POINT('',(-0.0203206296250566,0.060295638588715,0.00124169278592243));
#5377=CARTESIAN_POINT('',(-0.0203318825586603,0.060307683848026,0.00125816358964114));
#5378=CARTESIAN_POINT('',(-0.0203298360081634,0.060302282395532,0.00125291093877374));
#5379=CARTESIAN_POINT('',(-0.0203258321081886,0.0602980255716678,0.00124707065699161));
#5380=CARTESIAN_POINT('',(-0.0203206296250565,0.0602956385887152,0.00124169278592247));
#5381=CARTESIAN_POINT('',(-0.0254879486211328,0.0654041358941343,0.0025));
#5382=CARTESIAN_POINT('',(-0.0203206296250565,0.0602956385887151,0.00124169278592235));
#5383=CARTESIAN_POINT('',(-0.020283513801382,0.0602786092517365,0.00120332570057547));
#5384=CARTESIAN_POINT('',(-0.0201760183833795,0.0603348524985412,0.00116590761597584));
#5385=CARTESIAN_POINT('',(-0.0199943633805833,0.0604181656091458,0.001090007238725));
#5386=CARTESIAN_POINT('',(-0.0198539973855399,0.0604968989887435,0.00103711162829422));
#5387=CARTESIAN_POINT('',(-0.0197625392571593,0.0605473578704164,0.00100000837286907));
#5388=CARTESIAN_POINT('',(-0.0197624395438072,0.0605473543991917,0.000999862930637437));
#5389=CARTESIAN_POINT('',(-0.0201556109073469,0.0601187877137087,0.001));
#5390=CARTESIAN_POINT('',(-0.0202105840633491,0.060177768777246,0.00108056447021641));
#5391=CARTESIAN_POINT('',(-0.0202655901559828,0.0602367192052753,0.00116112873311332));
#5392=CARTESIAN_POINT('',(-0.020320629625056,0.0602956385887156,0.00124169278592242));
#5393=CARTESIAN_POINT('',(-0.0201556109073469,0.0601187877137087,0.001));
#5394=CARTESIAN_POINT('',(-0.0254879486211328,0.0654041358941343,0.001));
#5395=CARTESIAN_POINT('',(-0.0254879486211328,0.0654041358941343,0.0025));
#5396=CARTESIAN_POINT('',(-0.0201556109073469,0.0601187877137087,0.0025));
#5397=CARTESIAN_POINT('',(-0.0201555670811585,0.0601187366320954,-0.0005));
#5398=CARTESIAN_POINT('',(-0.0201556109073469,0.0601187877137087,-0.001));
#5399=CARTESIAN_POINT('',(-0.0254879486211328,0.0654041358941343,-0.001));
#5400=CARTESIAN_POINT('',(-0.0197625438594613,0.0605473496349646,-0.00100000650966806));
#5401=CARTESIAN_POINT('',(-0.0197625328844714,0.0605473524395674,-0.000999988614852592));
#5402=CARTESIAN_POINT('',(-0.0198382228238421,0.0604581254081312,-0.000939583274321531));
#5403=CARTESIAN_POINT('',(-0.0199537277973824,0.0603285755849004,-0.000839421514286848));
#5404=CARTESIAN_POINT('',(-0.0200967608926247,0.0601781158126134,-0.000680083000927372));
#5405=CARTESIAN_POINT('',(-0.0201568453469404,0.0601175425901165,-0.000567196279455038));
#5406=CARTESIAN_POINT('',(-0.0201568453469382,0.0601175425901186,-0.0005));
#5407=CARTESIAN_POINT('',(-0.0254879486211328,0.0654041358941343,0.0025));
#5408=CARTESIAN_POINT('',(-0.0204038850644402,0.0709287186810094,0.0025));
#5409=CARTESIAN_POINT('',(-0.0204038850644402,0.0709287186810094,0.001));
#5410=CARTESIAN_POINT('',(-0.0204038850644402,0.0709287186810094,0.0005));
#5411=CARTESIAN_POINT('',(-0.0254879486211328,0.0654041358941343,0.001));
#5412=CARTESIAN_POINT('',(-0.0198059457869012,0.0703122876240621,0.000999187862955852));
#5413=CARTESIAN_POINT('',(-0.0198065247937635,0.0703123080769322,0.00100000983521579));
#5414=CARTESIAN_POINT('',(-0.0200008265361757,0.0705372208362908,0.000857544986494263));
#5415=CARTESIAN_POINT('',(-0.0202021656968346,0.0707430846324449,0.000681105284230051));
#5416=CARTESIAN_POINT('',(-0.020403884756326,0.0709287190158208,0.0005));
#5417=CARTESIAN_POINT('',(0.0595102365835324,0.0654132677211463,0.0025));
#5418=CARTESIAN_POINT('',(0.0544324565656403,0.0709295931367773,0.0025));
#5419=CARTESIAN_POINT('',(0.0544324565656403,0.0709295931367773,-0.0005));
#5420=CARTESIAN_POINT('',(0.0544324565656403,0.0709295931367773,-0.001));
#5421=CARTESIAN_POINT('',(0.0595102365835324,0.0654132677211463,-0.001));
#5422=CARTESIAN_POINT('',(0.0538338714129231,0.0703114622917038,-0.00100056428940939));
#5423=CARTESIAN_POINT('',(0.0538340137679202,0.0703116542461935,-0.001001061857769));
#5424=CARTESIAN_POINT('',(0.0540286374742129,0.0705371831048225,-0.000858374058702671));
#5425=CARTESIAN_POINT('',(0.0542318512989392,0.0707449358988536,-0.000684592917377206));
#5426=CARTESIAN_POINT('',(0.0544324565656403,0.0709295931367773,-0.000499999999999967));
#5427=CARTESIAN_POINT('',(0.0595102365835324,0.0654132677211463,0.0025));
#5428=CARTESIAN_POINT('',(0.0544324565656403,0.0598969423055153,0.0025));
#5429=CARTESIAN_POINT('',(0.0544324565656403,0.0598969423055153,0.001));
#5430=CARTESIAN_POINT('',(0.0544324565656403,0.0598969423055153,0.0005));
#5431=CARTESIAN_POINT('',(0.0595102365835324,0.0654132677211463,0.001));
#5432=CARTESIAN_POINT('',(0.0538338629256339,0.0605150792303468,0.00100056128690158));
#5433=CARTESIAN_POINT('',(0.0538340091390672,0.0605148865599932,0.00100106525139505));
#5434=CARTESIAN_POINT('',(0.0540286342175078,0.0602893556804473,0.000858376795840215));
#5435=CARTESIAN_POINT('',(0.0542318472198085,0.0600816034773554,0.000684588973439961));
#5436=CARTESIAN_POINT('',(0.0544324566548713,0.0598969424024529,0.00049999999999994));
#5437=CARTESIAN_POINT('',(-0.0136322757257297,0.052539467288481,0.0015));
#5438=CARTESIAN_POINT('',(-0.0201556109073469,0.0601187877137087,0.0025));
#5439=CARTESIAN_POINT('',(-0.0201562281271426,0.0601181651519137,0.0005));
#5440=CARTESIAN_POINT('',(-0.0136322757257297,0.052539467288481,0.001));
#5441=CARTESIAN_POINT('',(-0.0204059405142858,0.0598959246785754,0.001));
#5442=CARTESIAN_POINT('',(-0.0204059405142858,0.0598959246785754,0.0025));
#5443=CARTESIAN_POINT('',(-0.0204059405142858,0.0598959246785754,-0.001));
#5444=CARTESIAN_POINT('',(-0.0136322757257297,0.052539467288481,-0.001));
#5445=CARTESIAN_POINT('',(-0.0201556109869122,0.0601187876452289,-0.0005));
#5446=CARTESIAN_POINT('',(-0.0183601731244565,0.06166407700709,-0.0005));
#5447=CARTESIAN_POINT('',(-0.0160011396580442,0.062539467288481,-0.0005));
#5448=CARTESIAN_POINT('',(-0.0136322757257297,0.062539467288481,-0.0005));
#5449=CARTESIAN_POINT('',(-0.0136322757257297,0.0625394672884809,-0.0005));
#5450=CARTESIAN_POINT('',(-0.0136322757257297,0.0625394672884809,0.0015));
#5451=CARTESIAN_POINT('',(-0.0136322757257297,0.0625394672884809,0.0005));
#5452=CARTESIAN_POINT('',(-0.0136322757257297,0.062539467288481,0.0005));
#5453=CARTESIAN_POINT('',(-0.0160011396580442,0.062539467288481,0.0005));
#5454=CARTESIAN_POINT('',(-0.0183601731244565,0.06166407700709,0.0005));
#5455=CARTESIAN_POINT('',(-0.0201556109869122,0.0601187876452289,0.0005));
#5456=CARTESIAN_POINT('',(0.0170138108942972,0.0625394672884809,0.0015));
#5457=CARTESIAN_POINT('',(0.0476598975143241,0.0625394672884809,0.0015));
#5458=CARTESIAN_POINT('',(0.0476598975143241,0.0625394672884809,0.0005));
#5459=CARTESIAN_POINT('',(0.0476598975143241,0.0625394672884809,-0.0005));
#5460=CARTESIAN_POINT('',(0.0476598975143241,0.0625394672884809,0.0005));
#5461=CARTESIAN_POINT('',(0.0272291731009728,0.0625394672884809,0.0005));
#5462=CARTESIAN_POINT('',(0.00679844868762157,0.0625394672884809,0.0005));
#5463=CARTESIAN_POINT('',(-0.0136322757257297,0.0625394672884809,0.0005));
#5464=CARTESIAN_POINT('',(-0.0136322757257297,0.0625394672884809,-0.0005));
#5465=CARTESIAN_POINT('',(0.00679844868762157,0.0625394672884809,-0.0005));
#5466=CARTESIAN_POINT('',(0.0272291731009728,0.0625394672884809,-0.0005));
#5467=CARTESIAN_POINT('',(0.0476598975143241,0.0625394672884809,-0.0005));
#5468=CARTESIAN_POINT('',(0.0476598975143242,0.052539467288481,0.0015));
#5469=CARTESIAN_POINT('',(0.0544324565656403,0.0598969423055153,0.0015));
#5470=CARTESIAN_POINT('',(0.0544324565656403,0.0598969423055153,-0.0005));
#5471=CARTESIAN_POINT('',(0.054432456744119,0.0598969424993749,0.0005));
#5472=CARTESIAN_POINT('',(0.0526077377616483,0.0615765971407138,0.0005));
#5473=CARTESIAN_POINT('',(0.0501399860367685,0.0625394672884809,0.0005));
#5474=CARTESIAN_POINT('',(0.0476598975143242,0.0625394672884809,0.0005));
#5475=CARTESIAN_POINT('',(0.0476598975143242,0.0625394672884809,-0.0005));
#5476=CARTESIAN_POINT('',(0.0501399860367685,0.0625394672884809,-0.0005));
#5477=CARTESIAN_POINT('',(0.0526077377616483,0.0615765971407138,-0.0005));
#5478=CARTESIAN_POINT('',(0.054432456744119,0.0598969424993749,-0.0005));
#5479=CARTESIAN_POINT('',(0.0476598975143241,0.0782870681538117,0.0015));
#5480=CARTESIAN_POINT('',(0.0476598975143241,0.0682870681538117,0.0015));
#5481=CARTESIAN_POINT('',(0.0476598975143241,0.0682870681538117,0.0005));
#5482=CARTESIAN_POINT('',(0.0476598975143241,0.0682870681538117,-0.0005));
#5483=CARTESIAN_POINT('',(0.0476598975143241,0.0682870681538117,0.0005));
#5484=CARTESIAN_POINT('',(0.0501399860367684,0.0682870681538117,0.0005));
#5485=CARTESIAN_POINT('',(0.0526077377616483,0.0692499383015788,0.0005));
#5486=CARTESIAN_POINT('',(0.054432456744119,0.0709295929429177,0.0005));
#5487=CARTESIAN_POINT('',(0.0544324565656403,0.0709295931367773,0.0005));
#5488=CARTESIAN_POINT('',(0.0544324565656403,0.0709295931367773,0.0015));
#5489=CARTESIAN_POINT('',(0.054432456744119,0.0709295929429177,-0.0005));
#5490=CARTESIAN_POINT('',(0.0526077377616483,0.0692499383015788,-0.0005));
#5491=CARTESIAN_POINT('',(0.0501399860367684,0.0682870681538117,-0.0005));
#5492=CARTESIAN_POINT('',(0.0476598975143241,0.0682870681538117,-0.0005));
#5493=CARTESIAN_POINT('',(0.0170138108942972,0.0682870681538117,0.0015));
#5494=CARTESIAN_POINT('',(-0.0136322757257297,0.0682870681538117,0.0015));
#5495=CARTESIAN_POINT('',(-0.0136322757257297,0.0682870681538117,0.0005));
#5496=CARTESIAN_POINT('',(-0.0136322757257297,0.0682870681538117,-0.0005));
#5497=CARTESIAN_POINT('',(-0.0136322757257297,0.0682870681538117,0.0005));
#5498=CARTESIAN_POINT('',(0.00679844868762154,0.0682870681538117,0.0005));
#5499=CARTESIAN_POINT('',(0.0272291731009728,0.0682870681538117,0.0005));
#5500=CARTESIAN_POINT('',(0.0476598975143241,0.0682870681538117,0.0005));
#5501=CARTESIAN_POINT('',(0.0476598975143241,0.0682870681538117,-0.0005));
#5502=CARTESIAN_POINT('',(0.0272291731009728,0.0682870681538117,-0.0005));
#5503=CARTESIAN_POINT('',(0.00679844868762154,0.0682870681538117,-0.0005));
#5504=CARTESIAN_POINT('',(-0.0136322757257297,0.0682870681538117,-0.0005));
#5505=CARTESIAN_POINT('',(-0.0136322757257298,0.0782870681538116,0.0015));
#5506=CARTESIAN_POINT('',(-0.0204038850644402,0.0709287186810094,0.0015));
#5507=CARTESIAN_POINT('',(-0.0204038850644402,0.0709287186810094,-0.0005));
#5508=CARTESIAN_POINT('',(-0.0204038850644568,0.0709287186810247,0.0005));
#5509=CARTESIAN_POINT('',(-0.0185792659064638,0.0692495910212717,0.0005));
#5510=CARTESIAN_POINT('',(-0.016111933921825,0.0682870681538117,0.0005));
#5511=CARTESIAN_POINT('',(-0.0136322757257297,0.0682870681538117,0.0005));
#5512=CARTESIAN_POINT('',(-0.0136322757257297,0.0682870681538117,-0.0005));
#5513=CARTESIAN_POINT('',(-0.016111933921825,0.0682870681538117,-0.0005));
#5514=CARTESIAN_POINT('',(-0.0185792659064638,0.0692495910212717,-0.0005));
#5515=CARTESIAN_POINT('',(-0.0204038850644568,0.0709287186810247,-0.0005));
#5516=CARTESIAN_POINT('',(0.0170138108942972,0.0364566338605731,0.0015));
#5517=CARTESIAN_POINT('',(-0.0136322757257297,0.0635394672884809,0.0015));
#5518=CARTESIAN_POINT('',(0.00679844868762159,0.0635394672884809,0.0015));
#5519=CARTESIAN_POINT('',(0.0272291731009729,0.0635394672884809,0.0015));
#5520=CARTESIAN_POINT('',(0.0476598975143242,0.0635394672884809,0.0015));
#5521=CARTESIAN_POINT('',(-0.0136322757257297,0.0635394672884809,0.0015));
#5522=CARTESIAN_POINT('',(0.0476598975143241,0.0635394672884809,0.0015));
#5523=CARTESIAN_POINT('',(0.0476598975143241,0.0635394672884809,0.0015));
#5524=CARTESIAN_POINT('',(0.0493995399179309,0.0635394672884809,0.0015));
#5525=CARTESIAN_POINT('',(0.0511252944779285,0.0631242847947611,0.0015));
#5526=CARTESIAN_POINT('',(0.0526766663624132,0.0623284640127725,0.0015));
#5527=CARTESIAN_POINT('',(0.0526766663554186,0.062328464009615,0.0015));
#5528=CARTESIAN_POINT('',(0.0798128268690404,0.0361454777544305,0.0015));
#5529=CARTESIAN_POINT('',(0.0716770737155802,0.0442136556057726,0.0015));
#5530=CARTESIAN_POINT('',(0.06354132056212,0.0522818334571147,0.0015));
#5531=CARTESIAN_POINT('',(0.0554055674086599,0.0603500113084568,0.0015));
#5532=CARTESIAN_POINT('',(0.055308713204452,0.0604460610447823,0.0015));
#5533=CARTESIAN_POINT('',(0.0552100722109776,0.0605403090153357,0.0015));
#5534=CARTESIAN_POINT('',(0.0541061172281057,0.0615565000719371,0.0015));
#5535=CARTESIAN_POINT('',(0.0529290508113758,0.0622912185336918,0.0015));
#5536=CARTESIAN_POINT('',(0.0503875623279959,0.0632828593729472,0.0015));
#5537=CARTESIAN_POINT('',(0.0490241444482804,0.0635394672884809,0.0015));
#5538=CARTESIAN_POINT('',(0.0476598975143241,0.0635394672884809,0.0015));
#5539=CARTESIAN_POINT('',(0.0362002232690916,0.0635394672884809,0.0015));
#5540=CARTESIAN_POINT('',(0.024740549023859,0.0635394672884809,0.0015));
#5541=CARTESIAN_POINT('',(0.0132808747786264,0.0635394672884809,0.0015));
#5542=CARTESIAN_POINT('',(0.0534710353197615,0.061878559139929,0.0015));
#5543=CARTESIAN_POINT('',(0.0595102365835324,0.0654132677211463,0.0015));
#5544=CARTESIAN_POINT('',(0.0534710353197603,0.0689479763023616,0.0015));
#5545=CARTESIAN_POINT('',(0.0132808747785813,0.0672870681538117,0.0015));
#5546=CARTESIAN_POINT('',(0.0247405490238289,0.0672870681538117,0.0015));
#5547=CARTESIAN_POINT('',(0.0362002232690765,0.0672870681538117,0.0015));
#5548=CARTESIAN_POINT('',(0.0476598975143241,0.0672870681538117,0.0015));
#5549=CARTESIAN_POINT('',(0.0490241444482822,0.0672870681538117,0.0015));
#5550=CARTESIAN_POINT('',(0.0503875623279935,0.0675436760693464,0.0015));
#5551=CARTESIAN_POINT('',(0.0529290508113782,0.0685353169085999,0.0015));
#5552=CARTESIAN_POINT('',(0.0541061172281034,0.069270035370353,0.0015));
#5553=CARTESIAN_POINT('',(0.0552100722109778,0.0702862264269572,0.0015));
#5554=CARTESIAN_POINT('',(0.0553087132044516,0.0703804743975104,0.0015));
#5555=CARTESIAN_POINT('',(0.0554055674086599,0.0704765241338358,0.0015));
#5556=CARTESIAN_POINT('',(0.0635413205621509,0.0785447019851709,0.0015));
#5557=CARTESIAN_POINT('',(0.071677073715642,0.0866128798365061,0.0015));
#5558=CARTESIAN_POINT('',(0.0798128268691331,0.0946810576878412,0.0015));
#5559=CARTESIAN_POINT('',(0.0526766663514551,0.0684980714238977,0.0015));
#5560=CARTESIAN_POINT('',(0.0526766663514552,0.0684980714238976,0.0015));
#5561=CARTESIAN_POINT('',(0.0511261760363025,0.0677027028704162,0.0015));
#5562=CARTESIAN_POINT('',(0.049400536134399,0.0672870681538117,0.0015));
#5563=CARTESIAN_POINT('',(0.0476598975143242,0.0672870681538117,0.0015));
#5564=CARTESIAN_POINT('',(0.0476598975143241,0.0672870681538117,0.0015));
#5565=CARTESIAN_POINT('',(0.0476598975143242,0.0672870681538116,0.0015));
#5566=CARTESIAN_POINT('',(0.0272291731009729,0.0672870681538116,0.0015));
#5567=CARTESIAN_POINT('',(0.00679844868762159,0.0672870681538116,0.0015));
#5568=CARTESIAN_POINT('',(-0.0136322757257297,0.0672870681538116,0.0015));
#5569=CARTESIAN_POINT('',(-0.0136322757257297,0.0672870681538117,0.0015));
#5570=CARTESIAN_POINT('',(-0.0136322757257297,0.0672870681538116,0.0015));
#5571=CARTESIAN_POINT('',(-0.0153709922812885,0.0672870681538116,0.0015));
#5572=CARTESIAN_POINT('',(-0.0170958651046589,0.0677018127045244,0.0015));
#5573=CARTESIAN_POINT('',(-0.0186466002222737,0.0684968180395167,0.0015));
#5574=CARTESIAN_POINT('',(-0.0186466002152798,0.0684968180426783,0.0015));
#5575=CARTESIAN_POINT('',(-0.0457831915022184,0.0946724999025241,0.0015));
#5576=CARTESIAN_POINT('',(-0.0376477566040776,0.086606824687801,0.0015));
#5577=CARTESIAN_POINT('',(-0.0295123217059368,0.078541149473078,0.0015));
#5578=CARTESIAN_POINT('',(-0.021376886807796,0.0704754742583549,0.0015));
#5579=CARTESIAN_POINT('',(-0.0212800363923419,0.0703794543153225,0.0015));
#5580=CARTESIAN_POINT('',(-0.0211814000518626,0.0702852357548876,0.0015));
#5581=CARTESIAN_POINT('',(-0.0200775054627967,0.0692693635221452,0.0015));
#5582=CARTESIAN_POINT('',(-0.0189005790509218,0.0685348907937892,0.0015));
#5583=CARTESIAN_POINT('',(-0.0163594675545719,0.0675435860406233,0.0015));
#5584=CARTESIAN_POINT('',(-0.0149962858088097,0.0672870681538022,0.0015));
#5585=CARTESIAN_POINT('',(-0.0136322757257297,0.0672870681538117,0.0015));
#5586=CARTESIAN_POINT('',(-0.00217459102785802,0.0672870681538912,0.0015));
#5587=CARTESIAN_POINT('',(0.00928309367001368,0.0672870681539707,0.0015));
#5588=CARTESIAN_POINT('',(0.0207407783678853,0.0672870681540502,0.0015));
#5589=CARTESIAN_POINT('',(-0.0194413812300918,0.0689467115740792,0.0015));
#5590=CARTESIAN_POINT('',(-0.0254879486211328,0.0654041358941343,0.0015));
#5591=CARTESIAN_POINT('',(-0.0194271477115417,0.0618859670527002,0.0015));
#5592=CARTESIAN_POINT('',(0.0193682854700967,0.063539467288252,0.0015));
#5593=CARTESIAN_POINT('',(0.00836809840482126,0.0635394672883283,0.0015));
#5594=CARTESIAN_POINT('',(-0.00263208866045423,0.0635394672884046,0.0015));
#5595=CARTESIAN_POINT('',(-0.0136322757257297,0.0635394672884809,0.0015));
#5596=CARTESIAN_POINT('',(-0.0163823224920486,0.0635394672885,0.0015));
#5597=CARTESIAN_POINT('',(-0.0190802978383789,0.0624834007293681,0.0015));
#5598=CARTESIAN_POINT('',(-0.0210995998439458,0.0606165379526208,0.0015));
#5599=CARTESIAN_POINT('',(-0.0291768078662132,0.0531490868456316,0.0015));
#5600=CARTESIAN_POINT('',(-0.0372540158884807,0.0456816357386424,0.0015));
#5601=CARTESIAN_POINT('',(-0.0453312239107482,0.0382141846316532,0.0015));
#5602=CARTESIAN_POINT('',(-0.0186384861625768,0.0623294660076223,0.0015));
#5603=CARTESIAN_POINT('',(-0.0186384861625768,0.0623294660076223,0.0015));
#5604=CARTESIAN_POINT('',(-0.0170900176246673,0.063118877175265,0.0015));
#5605=CARTESIAN_POINT('',(-0.0153674331691753,0.0635394672884809,0.0015));
#5606=CARTESIAN_POINT('',(-0.0136322757257297,0.0635394672884809,0.0015));
#5607=CARTESIAN_POINT('',(0.0170138108942972,0.0364566338605731,-0.0015));
#5608=CARTESIAN_POINT('',(0.0476598975143242,0.0672870681538117,-0.0015));
#5609=CARTESIAN_POINT('',(0.0493995399137715,0.0672870681538117,-0.0015));
#5610=CARTESIAN_POINT('',(0.051125294469859,0.067702250645581,-0.0015));
#5611=CARTESIAN_POINT('',(0.0526766663514561,0.0684980714238981,-0.0015));
#5612=CARTESIAN_POINT('',(0.0476598975143241,0.0672870681538117,-0.0015));
#5613=CARTESIAN_POINT('',(0.0526766663514555,0.0684980714238984,-0.0015));
#5614=CARTESIAN_POINT('',(0.0132808747785813,0.0672870681538117,-0.0015));
#5615=CARTESIAN_POINT('',(0.0247405490238289,0.0672870681538117,-0.0015));
#5616=CARTESIAN_POINT('',(0.0362002232690765,0.0672870681538117,-0.0015));
#5617=CARTESIAN_POINT('',(0.0476598975143241,0.0672870681538117,-0.0015));
#5618=CARTESIAN_POINT('',(0.0490241444482822,0.0672870681538117,-0.0015));
#5619=CARTESIAN_POINT('',(0.0503875623279935,0.0675436760693464,-0.0015));
#5620=CARTESIAN_POINT('',(0.0529290508113782,0.0685353169085999,-0.0015));
#5621=CARTESIAN_POINT('',(0.0541061172281034,0.069270035370353,-0.0015));
#5622=CARTESIAN_POINT('',(0.0552100722109778,0.0702862264269572,-0.0015));
#5623=CARTESIAN_POINT('',(0.0553087132044516,0.0703804743975104,-0.0015));
#5624=CARTESIAN_POINT('',(0.0554055674086599,0.0704765241338358,-0.0015));
#5625=CARTESIAN_POINT('',(0.0635413205621509,0.0785447019851709,-0.0015));
#5626=CARTESIAN_POINT('',(0.071677073715642,0.0866128798365061,-0.0015));
#5627=CARTESIAN_POINT('',(0.0798128268691331,0.0946810576878412,-0.0015));
#5628=CARTESIAN_POINT('',(0.0534710353197603,0.0689479763023616,-0.0015));
#5629=CARTESIAN_POINT('',(0.0595102365835324,0.0654132677211463,-0.0015));
#5630=CARTESIAN_POINT('',(0.0534710353197615,0.061878559139929,-0.0015));
#5631=CARTESIAN_POINT('',(0.0798128268690404,0.0361454777544305,-0.0015));
#5632=CARTESIAN_POINT('',(0.0716770737155802,0.0442136556057726,-0.0015));
#5633=CARTESIAN_POINT('',(0.06354132056212,0.0522818334571147,-0.0015));
#5634=CARTESIAN_POINT('',(0.0554055674086599,0.0603500113084568,-0.0015));
#5635=CARTESIAN_POINT('',(0.055308713204452,0.0604460610447823,-0.0015));
#5636=CARTESIAN_POINT('',(0.0552100722109776,0.0605403090153357,-0.0015));
#5637=CARTESIAN_POINT('',(0.0541061172281057,0.0615565000719371,-0.0015));
#5638=CARTESIAN_POINT('',(0.0529290508113758,0.0622912185336918,-0.0015));
#5639=CARTESIAN_POINT('',(0.0503875623279959,0.0632828593729472,-0.0015));
#5640=CARTESIAN_POINT('',(0.0490241444482804,0.0635394672884809,-0.0015));
#5641=CARTESIAN_POINT('',(0.0476598975143241,0.0635394672884809,-0.0015));
#5642=CARTESIAN_POINT('',(0.0362002232690916,0.0635394672884809,-0.0015));
#5643=CARTESIAN_POINT('',(0.024740549023859,0.0635394672884809,-0.0015));
#5644=CARTESIAN_POINT('',(0.0132808747786264,0.0635394672884809,-0.0015));
#5645=CARTESIAN_POINT('',(0.05267666635154,0.062328464018207,-0.0015));
#5646=CARTESIAN_POINT('',(0.0526766663516887,0.062328464018274,-0.0015));
#5647=CARTESIAN_POINT('',(0.0511261760365125,0.0631238325718152,-0.0015));
#5648=CARTESIAN_POINT('',(0.0494005361345388,0.0635394672884809,-0.0015));
#5649=CARTESIAN_POINT('',(0.0476598975143241,0.0635394672884809,-0.0015));
#5650=CARTESIAN_POINT('',(0.0476598975143241,0.0635394672884809,-0.0015));
#5651=CARTESIAN_POINT('',(0.0476598975143242,0.0635394672884809,-0.0015));
#5652=CARTESIAN_POINT('',(0.0272291731009729,0.0635394672884809,-0.0015));
#5653=CARTESIAN_POINT('',(0.00679844868762159,0.0635394672884809,-0.0015));
#5654=CARTESIAN_POINT('',(-0.0136322757257297,0.0635394672884809,-0.0015));
#5655=CARTESIAN_POINT('',(-0.0136322757257297,0.0635394672884809,-0.0015));
#5656=CARTESIAN_POINT('',(-0.0136322757257297,0.0635394672884809,-0.0015));
#5657=CARTESIAN_POINT('',(-0.0153664853564344,0.0635394672884809,-0.0015));
#5658=CARTESIAN_POINT('',(-0.0170891630192764,0.0631193128541458,-0.0015));
#5659=CARTESIAN_POINT('',(-0.0186384861625771,0.0623294660076223,-0.0015));
#5660=CARTESIAN_POINT('',(-0.0186384861625769,0.0623294660076221,-0.0015));
#5661=CARTESIAN_POINT('',(0.0193682854700967,0.063539467288252,-0.0015));
#5662=CARTESIAN_POINT('',(0.00836809840482126,0.0635394672883283,-0.0015));
#5663=CARTESIAN_POINT('',(-0.00263208866045423,0.0635394672884046,-0.0015));
#5664=CARTESIAN_POINT('',(-0.0136322757257297,0.0635394672884809,-0.0015));
#5665=CARTESIAN_POINT('',(-0.0163823224920486,0.0635394672885,-0.0015));
#5666=CARTESIAN_POINT('',(-0.0190802978383789,0.0624834007293681,-0.0015));
#5667=CARTESIAN_POINT('',(-0.0210995998439458,0.0606165379526208,-0.0015));
#5668=CARTESIAN_POINT('',(-0.0291768078662132,0.0531490868456316,-0.0015));
#5669=CARTESIAN_POINT('',(-0.0372540158884807,0.0456816357386424,-0.0015));
#5670=CARTESIAN_POINT('',(-0.0453312239107482,0.0382141846316532,-0.0015));
#5671=CARTESIAN_POINT('',(-0.0457831915022184,0.0946724999025241,-0.0015));
#5672=CARTESIAN_POINT('',(-0.0376477566040776,0.086606824687801,-0.0015));
#5673=CARTESIAN_POINT('',(-0.0295123217059368,0.078541149473078,-0.0015));
#5674=CARTESIAN_POINT('',(-0.021376886807796,0.0704754742583549,-0.0015));
#5675=CARTESIAN_POINT('',(-0.0212800363923419,0.0703794543153225,-0.0015));
#5676=CARTESIAN_POINT('',(-0.0211814000518626,0.0702852357548876,-0.0015));
#5677=CARTESIAN_POINT('',(-0.0200775054627967,0.0692693635221452,-0.0015));
#5678=CARTESIAN_POINT('',(-0.0189005790509218,0.0685348907937892,-0.0015));
#5679=CARTESIAN_POINT('',(-0.0163594675545719,0.0675435860406233,-0.0015));
#5680=CARTESIAN_POINT('',(-0.0149962858088097,0.0672870681538022,-0.0015));
#5681=CARTESIAN_POINT('',(-0.0136322757257297,0.0672870681538117,-0.0015));
#5682=CARTESIAN_POINT('',(-0.00217459102785802,0.0672870681538912,-0.0015));
#5683=CARTESIAN_POINT('',(0.00928309367001368,0.0672870681539707,-0.0015));
#5684=CARTESIAN_POINT('',(0.0207407783678853,0.0672870681540502,-0.0015));
#5685=CARTESIAN_POINT('',(-0.0186466002113925,0.0684968180340793,-0.0015));
#5686=CARTESIAN_POINT('',(-0.0186466002115387,0.0684968180340133,-0.0015));
#5687=CARTESIAN_POINT('',(-0.0170967467713925,0.0677022647050436,-0.0015));
#5688=CARTESIAN_POINT('',(-0.0153719884848279,0.0672870681538116,-0.0015));
#5689=CARTESIAN_POINT('',(-0.0136322757257297,0.0672870681538116,-0.0015));
#5690=CARTESIAN_POINT('',(-0.0136322757257297,0.0672870681538117,-0.0015));
#5691=CARTESIAN_POINT('',(-0.0136322757257297,0.0672870681538116,-0.0015));
#5692=CARTESIAN_POINT('',(0.00679844868762159,0.0672870681538116,-0.0015));
#5693=CARTESIAN_POINT('',(0.0272291731009729,0.0672870681538116,-0.0015));
#5694=CARTESIAN_POINT('',(0.0476598975143242,0.0672870681538116,-0.0015));
#5695=CARTESIAN_POINT('',(0.0595102365835324,0.0654132677211463,0.0025));
#5696=CARTESIAN_POINT('',(0.0538340137681208,0.0703116542464259,0.00100106185762195));
#5697=CARTESIAN_POINT('',(0.0540286374743508,0.0705371831049636,0.000858374058586473));
#5698=CARTESIAN_POINT('',(0.0542318512990493,0.0707449358989549,0.000684592917396366));
#5699=CARTESIAN_POINT('',(0.0544324565656403,0.0709295931367773,0.000499999999999967));
#5700=CARTESIAN_POINT('',(0.0538338714131826,0.0703114622919471,0.00100056428935997));
#5701=CARTESIAN_POINT('',(0.0595102365835324,0.0654132677211463,0.001));
#5702=CARTESIAN_POINT('',(0.0544324565656403,0.0709295931367773,0.001));
#5703=CARTESIAN_POINT('',(0.0544324565656403,0.0709295931367773,0.0025));
#5704=CARTESIAN_POINT('',(0.0544330095426102,0.0709301018325427,0.0025));
#5705=CARTESIAN_POINT('',(0.0544330095426102,0.0709301018325427,0.001));
#5706=CARTESIAN_POINT('',(0.0544335623028802,0.0709306107637172,0.001));
#5707=CARTESIAN_POINT('',(0.0544335623028802,0.0709306107637172,0.0025));
#5708=CARTESIAN_POINT('',(0.0544335623028802,0.0709306107637172,-0.001));
#5709=CARTESIAN_POINT('',(0.0544324567249849,0.0709295929636708,-0.001));
#5710=CARTESIAN_POINT('',(0.0595102365835324,0.0654132677211463,0.0025));
#5711=CARTESIAN_POINT('',(0.0538340091391524,0.0605148865598943,-0.00100106525133255));
#5712=CARTESIAN_POINT('',(0.0540286342175583,0.0602893556803966,-0.000858376795796714));
#5713=CARTESIAN_POINT('',(0.0542318472198356,0.0600816034773305,-0.000684588973362882));
#5714=CARTESIAN_POINT('',(0.0544324566548713,0.0598969424024529,-0.00049999999999994));
#5715=CARTESIAN_POINT('',(0.0538338629256952,0.0605150792302546,-0.00100056128679594));
#5716=CARTESIAN_POINT('',(0.0595102365835324,0.0654132677211463,-0.001));
#5717=CARTESIAN_POINT('',(0.0544324565656403,0.0598969423055153,-0.001));
#5718=CARTESIAN_POINT('',(0.0544324565656403,0.0598969423055153,0.0025));
#5719=CARTESIAN_POINT('',(0.0544330095426102,0.0598964336097499,0.0025));
#5720=CARTESIAN_POINT('',(0.0544335623028802,0.0598959246785754,0.0025));
#5721=CARTESIAN_POINT('',(0.0544335623028802,0.0598959246785754,0.001));
#5722=CARTESIAN_POINT('',(0.0544335623028802,0.0598959246785754,-0.001));
#5723=CARTESIAN_POINT('',(0.0544330095426102,0.0598964336097499,0.001));
#5724=CARTESIAN_POINT('',(0.0544335622837596,0.0598959246578098,-0.001));
#5725=CARTESIAN_POINT('',(0.0595138108942972,0.0654132677211463,0.0025));
#5726=CARTESIAN_POINT('',(0.0595138108942972,0.0654132677211463,0.0025));
#5727=CARTESIAN_POINT('',(0.0595138108942972,0.0604132677211463,0.0025));
#5728=CARTESIAN_POINT('',(0.0595138108942972,0.0654132677211463,-0.0025));
#5729=CARTESIAN_POINT('',(0.0595138108942972,0.0604132677211463,-0.0025));
#5730=CARTESIAN_POINT('',(0.0595138108942972,0.0654132677211463,0.0025));
#5731=CARTESIAN_POINT('',(0.0595138108942972,0.0654132677211463,0.001));
#5732=CARTESIAN_POINT('',(0.0595138108942972,0.0654132677211463,-0.001));
#5733=CARTESIAN_POINT('',(0.0170138108942972,0.0364566338605731,0.0025));
#5734=CARTESIAN_POINT('',(0.0180152051012501,0.0353687536658238,0.0025));
#5735=CARTESIAN_POINT('',(0.0554494462016883,0.0698269894665074,0.0025));
#5736=CARTESIAN_POINT('',(0.0554483406094517,0.0698259716820344,0.0025));
#5737=CARTESIAN_POINT('',(0.0595102365835324,0.0654132677211463,0.0025));
#5738=CARTESIAN_POINT('',(0.0554483406974321,0.0610005638557561,0.0025));
#5739=CARTESIAN_POINT('',(0.0468788309656991,0.0688911806631416,0.0025));
#5740=CARTESIAN_POINT('',(0.055449612002043,0.060999393266324,0.0025));
#5741=CARTESIAN_POINT('',(0.0595138108942972,0.0654132677211463,0.0025));
#5742=CARTESIAN_POINT('',(0.0170138108942972,0.0364566338605731,-0.0025));
#5743=CARTESIAN_POINT('',(0.0554485065197771,0.0610004111701739,-0.0025));
#5744=CARTESIAN_POINT('',(0.0554496120020431,0.060999393266324,-0.0025));
#5745=CARTESIAN_POINT('',(0.0554483406974321,0.0610005638557561,-0.0025));
#5746=CARTESIAN_POINT('',(0.0595102365835324,0.0654132677211463,-0.0025));
#5747=CARTESIAN_POINT('',(0.0554483406094517,0.0698259716820344,-0.0025));
#5748=CARTESIAN_POINT('',(0.0554494462447112,0.0698269894197864,-0.0025));
#5749=CARTESIAN_POINT('',(0.0554494462016883,0.0698269894665074,-0.0025));
#5750=CARTESIAN_POINT('',(0.0595138108942972,0.0654132677211463,-0.0025));
#5751=CARTESIAN_POINT('',(-0.0254879486211328,0.0654041358941343,0.0025));
#5752=CARTESIAN_POINT('',(-0.0201568453469383,0.0601175425901186,0.0005));
#5753=CARTESIAN_POINT('',(-0.0201568453469404,0.0601175425901164,0.000567671875605407));
#5754=CARTESIAN_POINT('',(-0.0200959429589763,0.0601789464369641,0.0006812117659811));
#5755=CARTESIAN_POINT('',(-0.019952602464814,0.0603298095847773,0.0008404303163663));
#5756=CARTESIAN_POINT('',(-0.019837895687377,0.0604585111097286,0.000939844271203981));
#5757=CARTESIAN_POINT('',(-0.0197625344219386,0.0605473506271232,0.000999987387852249));
#5758=CARTESIAN_POINT('',(-0.0254879486211328,0.0654041358941343,0.0025));
#5759=CARTESIAN_POINT('',(-0.0198065247938046,0.0703123080769798,-0.00100000983518567));
#5760=CARTESIAN_POINT('',(-0.020000826536196,0.0705372208363105,-0.000857544986476305));
#5761=CARTESIAN_POINT('',(-0.0202021656968153,0.0707430846324272,-0.00068110528410208));
#5762=CARTESIAN_POINT('',(-0.020403884756326,0.0709287190158208,-0.0005));
#5763=CARTESIAN_POINT('',(-0.0204038850644402,0.0709287186810094,0.0025));
#5764=CARTESIAN_POINT('',(-0.0204049128554373,0.070929664650584,0.0025));
#5765=CARTESIAN_POINT('',(-0.0204059405142858,0.0709306107637172,0.0025));
#5766=CARTESIAN_POINT('',(-0.0204059405142858,0.0709306107637172,0.001));
#5767=CARTESIAN_POINT('',(-0.0204059405142858,0.0709306107637172,-0.001));
#5768=CARTESIAN_POINT('',(-0.0204049128554373,0.070929664650584,0.001));
#5769=CARTESIAN_POINT('',(-0.0204059404482014,0.0709306108354872,-0.001));
#5770=CARTESIAN_POINT('',(-0.0254861891057028,0.0654132677211463,0.0025));
#5771=CARTESIAN_POINT('',(-0.0254861891057028,0.0654132677211463,0.001));
#5772=CARTESIAN_POINT('',(-0.0254861891057028,0.0654132677211463,-0.001));
#5773=CARTESIAN_POINT('',(-0.0254861891057028,0.0654132677211463,0.0025));
#5774=CARTESIAN_POINT('',(-0.0254861891057028,0.0654132677211463,0.0025));
#5775=CARTESIAN_POINT('',(-0.0254861891057028,0.0604132677211463,0.0025));
#5776=CARTESIAN_POINT('',(-0.0254861891057028,0.0654132677211463,-0.0025));
#5777=CARTESIAN_POINT('',(-0.0254861891057028,0.0604132677211463,-0.0025));
#5778=CARTESIAN_POINT('',(0.0170138108942972,0.0364566338605731,0.0025));
#5779=CARTESIAN_POINT('',(-0.0136322757257297,0.052539467288481,0.0025));
#5780=CARTESIAN_POINT('',(-0.0214219902325692,0.0609993932870896,0.0025));
#5781=CARTESIAN_POINT('',(-0.0211830886349879,0.0612132913822345,0.0025));
#5782=CARTESIAN_POINT('',(-0.0254879486211328,0.0654041358941343,0.0025));
#5783=CARTESIAN_POINT('',(-0.0214196267033373,0.069824966001889,0.0025));
#5784=CARTESIAN_POINT('',(0.016007074329433,0.0353632796906232,0.0025));
#5785=CARTESIAN_POINT('',(-0.0214219901664849,0.0698271422269731,0.0025));
#5786=CARTESIAN_POINT('',(-0.0254861891057028,0.0654132677211463,0.0025));
#5787=CARTESIAN_POINT('',(0.0170138108942972,0.0364566338605731,-0.0025));
#5788=CARTESIAN_POINT('',(-0.0214199349809811,0.0698252498571893,-0.0025));
#5789=CARTESIAN_POINT('',(-0.0214219901664849,0.0698271422269731,-0.0025));
#5790=CARTESIAN_POINT('',(-0.0136322757257297,0.052539467288481,-0.0025));
#5791=CARTESIAN_POINT('',(-0.0214219902325692,0.0609993932870896,-0.0025));
#5792=CARTESIAN_POINT('',(-0.0254861891057028,0.0654132677211463,-0.0025));
#5793=CARTESIAN_POINT('',(-0.0136322757257297,0.0625394672884809,0.0005));
#5794=CARTESIAN_POINT('',(-0.016031999317664,0.0625394672884809,0.0005));
#5795=CARTESIAN_POINT('',(-0.0183881080589342,0.0616549094010278,0.0005));
#5796=CARTESIAN_POINT('',(-0.0201968224188943,0.06008298768729,0.0005));
#5797=CARTESIAN_POINT('',(-0.0136322757257297,0.0625394672884809,0.0015));
#5798=CARTESIAN_POINT('',(-0.0160319993176696,0.0625394672885176,0.0015));
#5799=CARTESIAN_POINT('',(-0.0183881080589276,0.061654909401001,0.00149999999997583));
#5800=CARTESIAN_POINT('',(-0.0201968224188934,0.0600829876872866,0.00149999999999709));
#5801=CARTESIAN_POINT('',(-0.0136322757257297,0.0635394672884809,0.0015));
#5802=CARTESIAN_POINT('',(-0.0162719716768559,0.0635394672884992,0.0015));
#5803=CARTESIAN_POINT('',(-0.0188636912922566,0.0625664536122717,0.0015));
#5804=CARTESIAN_POINT('',(-0.020853277088211,0.0608373397271695,0.0015));
#5805=CARTESIAN_POINT('',(-0.0136322757257297,0.0635394672884809,0.0015));
#5806=CARTESIAN_POINT('',(-0.0136322757257297,0.0628728006218143,0.0015));
#5807=CARTESIAN_POINT('',(-0.0136322757257297,0.0625394672884809,0.00116666666666667));
#5808=CARTESIAN_POINT('',(-0.0136322757257297,0.0625394672884809,0.0005));
#5809=CARTESIAN_POINT('',(-0.0194271477115417,0.0618859670527002,0.0015));
#5810=CARTESIAN_POINT('',(-0.019504775799548,0.0617522360103287,0.00149999999999919));
#5811=CARTESIAN_POINT('',(-0.0196616691384913,0.0614864552950291,0.0014920097208041));
#5812=CARTESIAN_POINT('',(-0.0198607659753432,0.0611580857574631,0.0014613989026787));
#5813=CARTESIAN_POINT('',(-0.0200209968250758,0.0608968086477229,0.00142366167206543));
#5814=CARTESIAN_POINT('',(-0.0201397576499865,0.0607017084076317,0.0013876291475828));
#5815=CARTESIAN_POINT('',(-0.020239358742985,0.0605371598507311,0.00135061749874924));
#5816=CARTESIAN_POINT('',(-0.0203059050612783,0.0604086419628114,0.00131041574489423));
#5817=CARTESIAN_POINT('',(-0.0203419896488808,0.0603343594505866,0.00128410432078452));
#5818=CARTESIAN_POINT('',(-0.0203318825586601,0.0603076838480255,0.00125816358964071));
#5819=CARTESIAN_POINT('',(0.0476598975143241,0.0625394672884809,0.0005));
#5820=CARTESIAN_POINT('',(-0.0136322757257297,0.0625394672884809,0.0005));
#5821=CARTESIAN_POINT('',(0.0476598975143242,0.0625394672884809,0.00116666666666669));
#5822=CARTESIAN_POINT('',(-0.0136322757257297,0.0625394672884809,0.00116666666666669));
#5823=CARTESIAN_POINT('',(0.0476598975143242,0.0628728006218143,0.00150000000000002));
#5824=CARTESIAN_POINT('',(-0.0136322757257297,0.0628728006218143,0.00150000000000002));
#5825=CARTESIAN_POINT('',(0.0476598975143242,0.0635394672884809,0.0015));
#5826=CARTESIAN_POINT('',(-0.0136322757257297,0.0635394672884809,0.0015));
#5827=CARTESIAN_POINT('',(0.0476598975143241,0.0625394672884809,0.0005));
#5828=CARTESIAN_POINT('',(0.0476598975143241,0.0625394672884809,0.00116666666666667));
#5829=CARTESIAN_POINT('',(0.0476598975143241,0.0628728006218143,0.00150000000000001));
#5830=CARTESIAN_POINT('',(0.0476598975143241,0.0635394672884809,0.0015));
#5831=CARTESIAN_POINT('',(0.0544653849468778,0.0598667979391564,0.000500000000000151));
#5832=CARTESIAN_POINT('',(0.0525813218746441,0.0616162357126087,0.000500000000000076));
#5833=CARTESIAN_POINT('',(0.0501861464087825,0.0625507733903243,0.000499999999999933));
#5834=CARTESIAN_POINT('',(0.0476151346978555,0.0625395945883945,0.000499999999999744));
#5835=CARTESIAN_POINT('',(0.0544653849468784,0.0598667979391565,0.00116666666666698));
#5836=CARTESIAN_POINT('',(0.0525813218746447,0.0616162357126089,0.0011666666666669));
#5837=CARTESIAN_POINT('',(0.050186146408783,0.0625507733903247,0.00116666666666676));
#5838=CARTESIAN_POINT('',(0.0476151346978559,0.062539594588395,0.00116666666666657));
#5839=CARTESIAN_POINT('',(0.0546921995225067,0.0601110639087697,0.00150000000000032));
#5840=CARTESIAN_POINT('',(0.0527453564496498,0.0619187964140746,0.00150000000000024));
#5841=CARTESIAN_POINT('',(0.0502703696559188,0.0628844750003155,0.00150000000000009));
#5842=CARTESIAN_POINT('',(0.0476136872624527,0.0628729241858797,0.0014999999999999));
#5843=CARTESIAN_POINT('',(0.0551458286737625,0.0605995958479962,0.00150000000000017));
#5844=CARTESIAN_POINT('',(0.0530734255996592,0.0625239178170059,0.00150000000000008));
#5845=CARTESIAN_POINT('',(0.0504388161501899,0.0635518782202966,0.00149999999999993));
#5846=CARTESIAN_POINT('',(0.0476107923916459,0.0635395833808485,0.00149999999999972));
#5847=CARTESIAN_POINT('',(0.0538334447124102,0.0605143614084564,0.000999229590428281));
#5848=CARTESIAN_POINT('',(0.0539375911896934,0.0604545924462321,0.00103902705775907));
#5849=CARTESIAN_POINT('',(0.0540951829069015,0.0603645097785354,0.00109556952621203));
#5850=CARTESIAN_POINT('',(0.0543060590542091,0.060246022000542,0.00116457245747151));
#5851=CARTESIAN_POINT('',(0.0544418340135247,0.0601687505911968,0.00120453842089806));
#5852=CARTESIAN_POINT('',(0.0545313749593795,0.0601212215565715,0.00123172116158051));
#5853=CARTESIAN_POINT('',(0.0545845235253615,0.0600885540009037,0.00124395700374459));
#5854=CARTESIAN_POINT('',(0.0546016487467418,0.0600842871705567,0.00125243187062198));
#5855=CARTESIAN_POINT('',(0.0545640605623599,0.0601334764781425,0.00126303326319472));
#5856=CARTESIAN_POINT('',(0.0545341106744151,0.0601840842383494,0.00127925565822768));
#5857=CARTESIAN_POINT('',(0.0544612271757478,0.0602917670264998,0.00130627888937848));
#5858=CARTESIAN_POINT('',(0.0543769710778834,0.0604211247061585,0.00133790125471285));
#5859=CARTESIAN_POINT('',(0.0542389052352164,0.0606326262597053,0.00138322179491324));
#5860=CARTESIAN_POINT('',(0.0540687077337465,0.0608981954300807,0.00143012979216637));
#5861=CARTESIAN_POINT('',(0.0537981892243364,0.0613296120107488,0.00148397232813893));
#5862=CARTESIAN_POINT('',(0.0536003058097747,0.0616576949615342,0.00150000000000008));
#5863=CARTESIAN_POINT('',(0.0534710353197615,0.061878559139929,0.0015));
#5864=CARTESIAN_POINT('',(-0.0136322757257297,0.0635394672884809,-0.0015));
#5865=CARTESIAN_POINT('',(-0.0162719552060277,0.0635394672884992,-0.0015));
#5866=CARTESIAN_POINT('',(-0.0188636589493111,0.0625664657547998,-0.0015));
#5867=CARTESIAN_POINT('',(-0.0208532398450719,0.0608373720943746,-0.0015));
#5868=CARTESIAN_POINT('',(-0.0136322757257297,0.0625394672884809,-0.0015));
#5869=CARTESIAN_POINT('',(-0.0160319843441894,0.0625394672885176,-0.0015));
#5870=CARTESIAN_POINT('',(-0.0183880786562499,0.0616549204396629,-0.00149999999997583));
#5871=CARTESIAN_POINT('',(-0.0201967885614943,0.0600830171120185,-0.00149999999999709));
#5872=CARTESIAN_POINT('',(-0.0136322757257297,0.0625394672884809,-0.0005));
#5873=CARTESIAN_POINT('',(-0.0160319843441838,0.0625394672884809,-0.0005));
#5874=CARTESIAN_POINT('',(-0.0183880786562565,0.0616549204396897,-0.0005));
#5875=CARTESIAN_POINT('',(-0.0201967885614951,0.0600830171120219,-0.0005));
#5876=CARTESIAN_POINT('',(-0.019762544968679,0.0605473547192829,-0.00100001068994944));
#5877=CARTESIAN_POINT('',(-0.0198540562597542,0.0604968665487466,-0.00103713546042907));
#5878=CARTESIAN_POINT('',(-0.0199944812550832,0.060418119529455,-0.00109006761382885));
#5879=CARTESIAN_POINT('',(-0.0201763673516334,0.0603346514269513,-0.00116601987971704));
#5880=CARTESIAN_POINT('',(-0.0202836437368156,0.0602786688682031,-0.00120346001643754));
#5881=CARTESIAN_POINT('',(-0.0203206296250568,0.0602956385887153,-0.00124169278592274));
#5882=CARTESIAN_POINT('',(-0.0136322757257297,0.0625394672884809,-0.0005));
#5883=CARTESIAN_POINT('',(-0.0136322757257297,0.062539467288481,-0.00116666666666666));
#5884=CARTESIAN_POINT('',(-0.0136322757257297,0.0628728006218143,-0.0015));
#5885=CARTESIAN_POINT('',(-0.0136322757257297,0.0635394672884809,-0.0015));
#5886=CARTESIAN_POINT('',(-0.0136322757257297,0.0625394672884809,-0.0005));
#5887=CARTESIAN_POINT('',(0.0476598975143241,0.0625394672884809,-0.0005));
#5888=CARTESIAN_POINT('',(-0.0136322757257297,0.062539467288481,-0.00116666666666668));
#5889=CARTESIAN_POINT('',(0.0476598975143242,0.062539467288481,-0.00116666666666668));
#5890=CARTESIAN_POINT('',(-0.0136322757257297,0.0628728006218143,-0.00150000000000002));
#5891=CARTESIAN_POINT('',(0.0476598975143241,0.0628728006218143,-0.00150000000000002));
#5892=CARTESIAN_POINT('',(-0.0136322757257297,0.063539467288481,-0.0015));
#5893=CARTESIAN_POINT('',(0.0476598975143241,0.063539467288481,-0.0015));
#5894=CARTESIAN_POINT('',(0.0476598975143241,0.0635394672884809,-0.0015));
#5895=CARTESIAN_POINT('',(0.0476598975143241,0.0628728006218143,-0.0015));
#5896=CARTESIAN_POINT('',(0.0476598975143241,0.0625394672884809,-0.00116666666666667));
#5897=CARTESIAN_POINT('',(0.0476598975143241,0.0625394672884809,-0.0005));
#5898=CARTESIAN_POINT('',(0.0551458286737625,0.0605995958479962,-0.00150000000000017));
#5899=CARTESIAN_POINT('',(0.0530734255996592,0.0625239178170059,-0.00150000000000008));
#5900=CARTESIAN_POINT('',(0.0504388161501899,0.0635518782202966,-0.00149999999999993));
#5901=CARTESIAN_POINT('',(0.0476107923916459,0.0635395833808485,-0.00149999999999972));
#5902=CARTESIAN_POINT('',(0.0546921995225067,0.0601110639087697,-0.00150000000000032));
#5903=CARTESIAN_POINT('',(0.0527453564496498,0.0619187964140746,-0.00150000000000024));
#5904=CARTESIAN_POINT('',(0.0502703696559188,0.0628844750003155,-0.00150000000000009));
#5905=CARTESIAN_POINT('',(0.0476136872624527,0.0628729241858797,-0.0014999999999999));
#5906=CARTESIAN_POINT('',(0.0544653849468784,0.0598667979391565,-0.00116666666666698));
#5907=CARTESIAN_POINT('',(0.0525813218746447,0.0616162357126089,-0.0011666666666669));
#5908=CARTESIAN_POINT('',(0.050186146408783,0.0625507733903247,-0.00116666666666676));
#5909=CARTESIAN_POINT('',(0.0476151346978559,0.062539594588395,-0.00116666666666657));
#5910=CARTESIAN_POINT('',(0.0544653849468778,0.0598667979391564,-0.000500000000000151));
#5911=CARTESIAN_POINT('',(0.0525813218746441,0.0616162357126087,-0.000500000000000076));
#5912=CARTESIAN_POINT('',(0.0501861464087825,0.0625507733903243,-0.000499999999999933));
#5913=CARTESIAN_POINT('',(0.0476151346978555,0.0625395945883945,-0.000499999999999744));
#5914=CARTESIAN_POINT('',(0.0534710353197615,0.061878559139929,-0.0015));
#5915=CARTESIAN_POINT('',(0.0536002144598584,0.0616578510367855,-0.00150000000000008));
#5916=CARTESIAN_POINT('',(0.0537976674621583,0.0613304961763204,-0.00148399527335073));
#5917=CARTESIAN_POINT('',(0.0540671917832041,0.0609005734909242,-0.00143047866582397));
#5918=CARTESIAN_POINT('',(0.054237674830792,0.0606345711885566,-0.00138361152850503));
#5919=CARTESIAN_POINT('',(0.0543754859950461,0.0604233261072277,-0.00133837734791172));
#5920=CARTESIAN_POINT('',(0.0544600832516512,0.0602937050339566,-0.00130683912110731));
#5921=CARTESIAN_POINT('',(0.0545319548810008,0.0601869883170176,-0.00127988488433814));
#5922=CARTESIAN_POINT('',(0.0545640566939165,0.0601343809637418,-0.0012636748417421));
#5923=CARTESIAN_POINT('',(0.0545987626441929,0.0600878883556122,-0.00125312232868754));
#5924=CARTESIAN_POINT('',(0.0545900619082075,0.0600843536530155,-0.00124462661582408));
#5925=CARTESIAN_POINT('',(0.0545314988955348,0.060121952730232,-0.00123236935551327));
#5926=CARTESIAN_POINT('',(0.0544454367888726,0.0601661684749078,-0.00120513702177237));
#5927=CARTESIAN_POINT('',(0.0543070957810776,0.0602456265680947,-0.00116506631041653));
#5928=CARTESIAN_POINT('',(0.0540962877988576,0.0603637695519616,-0.00109585175427162));
#5929=CARTESIAN_POINT('',(0.0539378929754379,0.0604544192534251,-0.00103914237906898));
#5930=CARTESIAN_POINT('',(0.0538334447124948,0.0605143614084078,-0.000999229590460652));
#5931=CARTESIAN_POINT('',(-0.0204368113792459,0.0709588538305867,0.000500000000000055));
#5932=CARTESIAN_POINT('',(-0.0185528642245551,0.0692099790395202,0.000500000000000054));
#5933=CARTESIAN_POINT('',(-0.0161580644413003,0.0682757660474153,0.000499999999999973));
#5934=CARTESIAN_POINT('',(-0.0135875207172122,0.0682869409767789,0.000499999999999825));
#5935=CARTESIAN_POINT('',(-0.020436811379246,0.0709588538305866,0.00116666666666673));
#5936=CARTESIAN_POINT('',(-0.0185528642245552,0.0692099790395201,0.00116666666666673));
#5937=CARTESIAN_POINT('',(-0.0161580644413003,0.0682757660474152,0.00116666666666665));
#5938=CARTESIAN_POINT('',(-0.0135875207172121,0.0682869409767788,0.0011666666666665));
#5939=CARTESIAN_POINT('',(-0.0206635942449306,0.0707145584197966,0.00150000000000006));
#5940=CARTESIAN_POINT('',(-0.0187168709444053,0.0689074076496481,0.00150000000000006));
#5941=CARTESIAN_POINT('',(-0.016242272341978,0.0679420645646667,0.00149999999999998));
#5942=CARTESIAN_POINT('',(-0.0135860735192311,0.0679536113778542,0.00149999999999983));
#5943=CARTESIAN_POINT('',(-0.0211171599762998,0.0702259675982165,0.00150000000000006));
#5944=CARTESIAN_POINT('',(-0.0190448843841053,0.0683022648699042,0.00150000000000006));
#5945=CARTESIAN_POINT('',(-0.0164106881433332,0.06727466159917,0.00149999999999997));
#5946=CARTESIAN_POINT('',(-0.0135831791232691,0.0672869521800051,0.00149999999999981));
#5947=CARTESIAN_POINT('',(-0.0198065273889306,0.0703123173972926,0.000999995870791854));
#5948=CARTESIAN_POINT('',(-0.0199111213463245,0.0703723229423433,0.00103991696873528));
#5949=CARTESIAN_POINT('',(-0.0200701990586791,0.0704634774181566,0.00109664111341946));
#5950=CARTESIAN_POINT('',(-0.0202798383661701,0.0705805348667003,0.00116574733238721));
#5951=CARTESIAN_POINT('',(-0.0204215825929435,0.0706628725539731,0.00120593374220578));
#5952=CARTESIAN_POINT('',(-0.0205018689584727,0.0707020542081523,0.001232905196208));
#5953=CARTESIAN_POINT('',(-0.0205783404731126,0.0707532007482529,0.00124733335755072));
#5954=CARTESIAN_POINT('',(-0.020540667267121,0.0706956870622708,0.00126399941913632));
#5955=CARTESIAN_POINT('',(-0.0204992259449645,0.070633788831473,0.00128059794629404));
#5956=CARTESIAN_POINT('',(-0.020429794943765,0.0705287203885291,0.00130794189862938));
#5957=CARTESIAN_POINT('',(-0.0203442246632622,0.0703986823439473,0.00133907762503473));
#5958=CARTESIAN_POINT('',(-0.0202071787364235,0.0701882881443448,0.00138416699596119));
#5959=CARTESIAN_POINT('',(-0.0200369097376359,0.0699229582027891,0.00143073903406256));
#5960=CARTESIAN_POINT('',(-0.0197674889096277,0.0694933844033603,0.00148411269645048));
#5961=CARTESIAN_POINT('',(-0.0195703317875722,0.0691668079972356,0.00150000000000007));
#5962=CARTESIAN_POINT('',(-0.0194413812300918,0.0689467115740792,0.0015));
#5963=CARTESIAN_POINT('',(-0.0136322757538094,0.0682870681538117,0.000499999999999827));
#5964=CARTESIAN_POINT('',(-0.0136322757444495,0.0682870681538117,0.00116666666666706));
#5965=CARTESIAN_POINT('',(-0.0136322757350896,0.0679537348204779,0.00150000000000045));
#5966=CARTESIAN_POINT('',(-0.0136322757257297,0.0672870681538104,0.0015));
#5967=CARTESIAN_POINT('',(-0.0136322757538094,0.0682870681538117,0.000499999999999827));
#5968=CARTESIAN_POINT('',(0.0476598975143242,0.0682870681538117,0.000499999999999827));
#5969=CARTESIAN_POINT('',(-0.0136322757538094,0.0682870681538117,0.00116666666666706));
#5970=CARTESIAN_POINT('',(0.0476598975143242,0.0682870681538117,0.00116666666666706));
#5971=CARTESIAN_POINT('',(-0.0136322757538094,0.0679537348204779,0.00150000000000045));
#5972=CARTESIAN_POINT('',(0.0476598975143242,0.0679537348204779,0.00150000000000045));
#5973=CARTESIAN_POINT('',(-0.0136322757538094,0.0672870681538104,0.0015));
#5974=CARTESIAN_POINT('',(0.0476598975143242,0.0672870681538104,0.0015));
#5975=CARTESIAN_POINT('',(0.0476598975143241,0.0672870681538117,0.0015));
#5976=CARTESIAN_POINT('',(0.0476598975143241,0.0679537348204783,0.0015));
#5977=CARTESIAN_POINT('',(0.0476598975143241,0.0682870681538117,0.00116666666666666));
#5978=CARTESIAN_POINT('',(0.0476598975143241,0.0682870681538117,0.0005));
#5979=CARTESIAN_POINT('',(0.0476151346978558,0.0682869408538978,0.000499999999999971));
#5980=CARTESIAN_POINT('',(0.0501861464087826,0.0682757620519682,0.000499999999999987));
#5981=CARTESIAN_POINT('',(0.0525813218746441,0.069210299729684,0.000500000000000008));
#5982=CARTESIAN_POINT('',(0.0544653849468776,0.0709597375031363,0.000500000000000032));
#5983=CARTESIAN_POINT('',(0.0476151346978559,0.0682869408538977,0.00116666666666664));
#5984=CARTESIAN_POINT('',(0.0501861464087827,0.0682757620519682,0.00116666666666665));
#5985=CARTESIAN_POINT('',(0.0525813218746442,0.069210299729684,0.00116666666666668));
#5986=CARTESIAN_POINT('',(0.0544653849468776,0.0709597375031363,0.0011666666666667));
#5987=CARTESIAN_POINT('',(0.0476136872624525,0.067953611256413,0.00149999999999997));
#5988=CARTESIAN_POINT('',(0.0502703696559184,0.0679420604419774,0.00149999999999999));
#5989=CARTESIAN_POINT('',(0.0527453564496491,0.0689077390282182,0.00150000000000001));
#5990=CARTESIAN_POINT('',(0.0546921995225058,0.0707154715335229,0.00150000000000003));
#5991=CARTESIAN_POINT('',(0.0476107923916459,0.0672869520614437,0.00149999999999997));
#5992=CARTESIAN_POINT('',(0.0504388161501898,0.0672746572219957,0.00149999999999999));
#5993=CARTESIAN_POINT('',(0.053073425599659,0.0683026176252865,0.00150000000000001));
#5994=CARTESIAN_POINT('',(0.0551458286737622,0.0702269395942962,0.00150000000000004));
#5995=CARTESIAN_POINT('',(0.0534710353197603,0.0689479763023616,0.0015));
#5996=CARTESIAN_POINT('',(0.0536002141064041,0.0691686838016156,0.0015));
#5997=CARTESIAN_POINT('',(0.0537976665827979,0.0694960377975838,0.00148399536069889));
#5998=CARTESIAN_POINT('',(0.0540671900547714,0.0699259592485325,0.00143047905038228));
#5999=CARTESIAN_POINT('',(0.054237672790324,0.0701919610081157,0.00138361217038651));
#6000=CARTESIAN_POINT('',(0.0543754832074598,0.0704032052130873,0.00133837823486206));
#6001=CARTESIAN_POINT('',(0.0544600811543337,0.0705328268150435,0.00130684017234133));
#6002=CARTESIAN_POINT('',(0.0545319506794186,0.0706395414924895,0.0012798860902378));
#6003=CARTESIAN_POINT('',(0.0545640567637531,0.0706921527599863,0.00126367611051769));
#6004=CARTESIAN_POINT('',(0.0545987568884678,0.0707386399302344,0.00125312368593459));
#6005=CARTESIAN_POINT('',(0.0545900730377126,0.0707421901946389,0.0012446279861947));
#6006=CARTESIAN_POINT('',(0.0545314996701782,0.0707045815588657,0.0012323707840417));
#6007=CARTESIAN_POINT('',(0.0544454451877,0.070660372784172,0.00120513857248815));
#6008=CARTESIAN_POINT('',(0.054307100284619,0.0705809110326378,0.00116506804408619));
#6009=CARTESIAN_POINT('',(0.0540962943452955,0.070462769826044,0.00109585378899151));
#6010=CARTESIAN_POINT('',(0.053937899187359,0.070372119738976,0.00103914465702445));
#6011=CARTESIAN_POINT('',(0.0538334511139916,0.0703121777076601,0.000999232036660223));
#6012=CARTESIAN_POINT('',(-0.0211171599762998,0.0702259675982165,-0.00150000000000006));
#6013=CARTESIAN_POINT('',(-0.0190448843841053,0.0683022648699042,-0.00150000000000006));
#6014=CARTESIAN_POINT('',(-0.0164106881433332,0.06727466159917,-0.00149999999999997));
#6015=CARTESIAN_POINT('',(-0.0135831791232691,0.0672869521800051,-0.00149999999999981));
#6016=CARTESIAN_POINT('',(-0.0206635942449306,0.0707145584197966,-0.00150000000000006));
#6017=CARTESIAN_POINT('',(-0.0187168709444053,0.0689074076496481,-0.00150000000000006));
#6018=CARTESIAN_POINT('',(-0.016242272341978,0.0679420645646667,-0.00149999999999998));
#6019=CARTESIAN_POINT('',(-0.0135860735192311,0.0679536113778542,-0.00149999999999983));
#6020=CARTESIAN_POINT('',(-0.020436811379246,0.0709588538305866,-0.00116666666666673));
#6021=CARTESIAN_POINT('',(-0.0185528642245552,0.0692099790395201,-0.00116666666666673));
#6022=CARTESIAN_POINT('',(-0.0161580644413003,0.0682757660474152,-0.00116666666666665));
#6023=CARTESIAN_POINT('',(-0.0135875207172121,0.0682869409767788,-0.0011666666666665));
#6024=CARTESIAN_POINT('',(-0.0204368113792459,0.0709588538305867,-0.000500000000000055));
#6025=CARTESIAN_POINT('',(-0.0185528642245551,0.0692099790395202,-0.000500000000000054));
#6026=CARTESIAN_POINT('',(-0.0161580644413003,0.0682757660474153,-0.000499999999999973));
#6027=CARTESIAN_POINT('',(-0.0135875207172122,0.0682869409767789,-0.000499999999999825));
#6028=CARTESIAN_POINT('',(-0.0136322757257297,0.0672870681538103,-0.0015));
#6029=CARTESIAN_POINT('',(-0.0136322757350896,0.0679537348204779,-0.00150000000000046));
#6030=CARTESIAN_POINT('',(-0.0136322757444495,0.0682870681538117,-0.00116666666666707));
#6031=CARTESIAN_POINT('',(-0.0136322757538094,0.0682870681538117,-0.000499999999999827));
#6032=CARTESIAN_POINT('',(0.0476598975143242,0.0682870681538117,-0.000499999999999827));
#6033=CARTESIAN_POINT('',(-0.0136322757538094,0.0682870681538117,-0.000499999999999827));
#6034=CARTESIAN_POINT('',(0.0476598975143242,0.0682870681538117,-0.00116666666666707));
#6035=CARTESIAN_POINT('',(-0.0136322757538094,0.0682870681538117,-0.00116666666666707));
#6036=CARTESIAN_POINT('',(0.0476598975143241,0.0679537348204779,-0.00150000000000046));
#6037=CARTESIAN_POINT('',(-0.0136322757538094,0.0679537348204779,-0.00150000000000046));
#6038=CARTESIAN_POINT('',(0.0476598975143241,0.0672870681538103,-0.0015));
#6039=CARTESIAN_POINT('',(-0.0136322757538094,0.0672870681538103,-0.0015));
#6040=CARTESIAN_POINT('',(0.0476598975143241,0.0682870681538117,-0.0005));
#6041=CARTESIAN_POINT('',(0.0476598975143241,0.0682870681538117,-0.00116666666666667));
#6042=CARTESIAN_POINT('',(0.0476598975143241,0.0679537348204783,-0.0015));
#6043=CARTESIAN_POINT('',(0.0476598975143241,0.0672870681538117,-0.0015));
#6044=CARTESIAN_POINT('',(0.0476107923916459,0.0672869520614437,-0.00149999999999997));
#6045=CARTESIAN_POINT('',(0.0504388161501898,0.0672746572219957,-0.00149999999999999));
#6046=CARTESIAN_POINT('',(0.0530734255996589,0.0683026176252865,-0.00150000000000001));
#6047=CARTESIAN_POINT('',(0.0551458286737622,0.0702269395942962,-0.00150000000000004));
#6048=CARTESIAN_POINT('',(0.0476136872624525,0.067953611256413,-0.00149999999999997));
#6049=CARTESIAN_POINT('',(0.0502703696559184,0.0679420604419774,-0.00149999999999999));
#6050=CARTESIAN_POINT('',(0.0527453564496491,0.0689077390282182,-0.00150000000000001));
#6051=CARTESIAN_POINT('',(0.0546921995225058,0.0707154715335229,-0.00150000000000003));
#6052=CARTESIAN_POINT('',(0.0476151346978558,0.0682869408538977,-0.00116666666666664));
#6053=CARTESIAN_POINT('',(0.0501861464087826,0.0682757620519682,-0.00116666666666665));
#6054=CARTESIAN_POINT('',(0.0525813218746441,0.069210299729684,-0.00116666666666668));
#6055=CARTESIAN_POINT('',(0.0544653849468776,0.0709597375031363,-0.0011666666666667));
#6056=CARTESIAN_POINT('',(0.0476151346978558,0.0682869408538978,-0.000499999999999971));
#6057=CARTESIAN_POINT('',(0.0501861464087826,0.0682757620519682,-0.000499999999999987));
#6058=CARTESIAN_POINT('',(0.0525813218746441,0.0692102997296841,-0.000500000000000008));
#6059=CARTESIAN_POINT('',(0.0544653849468776,0.0709597375031363,-0.000500000000000032));
#6060=CARTESIAN_POINT('',(0.0538334511137473,0.0703121777075199,-0.000999232036566847));
#6061=CARTESIAN_POINT('',(0.053937599770883,0.0703719479059193,-0.00103903024135957));
#6062=CARTESIAN_POINT('',(0.0540951976510028,0.0704620350588503,-0.00109557367891665));
#6063=CARTESIAN_POINT('',(0.0543060707094239,0.0705805182829763,-0.00116457763536649));
#6064=CARTESIAN_POINT('',(0.0544418675359484,0.0706578087680988,-0.00120454407752813));
#6065=CARTESIAN_POINT('',(0.0545313764209902,0.0707053074060487,-0.00123172716407858));
#6066=CARTESIAN_POINT('',(0.0545845738114039,0.0707380196194418,-0.00124396305804114));
#6067=CARTESIAN_POINT('',(0.0546016225443413,0.0707422155260842,-0.00125243818163734));
#6068=CARTESIAN_POINT('',(0.0545640606725515,0.0706930510341204,-0.00126303898480542));
#6069=CARTESIAN_POINT('',(0.0545340915050065,0.0706424254223226,-0.00127926122834444));
#6070=CARTESIAN_POINT('',(0.0544612174977885,0.070534751908034,-0.00130628369900932));
#6071=CARTESIAN_POINT('',(0.0543769583652599,0.0704053919236678,-0.00133790531487977));
#6072=CARTESIAN_POINT('',(0.0542388959885159,0.0701938944831112,-0.00138322470268072));
#6073=CARTESIAN_POINT('',(0.0540686994208201,0.0699283270231908,-0.00143013168822706));
#6074=CARTESIAN_POINT('',(0.0537981834316951,0.0694969138375264,-0.00148397297180184));
#6075=CARTESIAN_POINT('',(0.0536003041796354,0.0691688376955958,-0.0015));
#6076=CARTESIAN_POINT('',(0.0534710353197603,0.0689479763023616,-0.0015));
#6077=CARTESIAN_POINT('',(0.0595138108942972,0.0654132677211463,0.0025));
#6078=CARTESIAN_POINT('',(0.0544335623028802,0.0598959246785754,0.001));
#6079=CARTESIAN_POINT('',(0.0554494462016883,0.0698269894665074,0.0025));
#6080=CARTESIAN_POINT('',(0.0544330095426102,0.0709301018325427,0.001));
#6081=CARTESIAN_POINT('',(0.0554483406094517,0.0698259716820344,0.0025));
#6082=CARTESIAN_POINT('',(0.0544330095426102,0.0598964336097499,0.001));
#6083=CARTESIAN_POINT('',(0.0544324568014931,0.0598969425616603,0.001));
#6084=CARTESIAN_POINT('',(0.0595102365835324,0.0654132677211463,0.0025));
#6085=CARTESIAN_POINT('',(0.0595138108942972,0.0654132677211463,-0.001));
#6086=CARTESIAN_POINT('',(0.0554496120211636,0.0609993932870896,-0.0025));
#6087=CARTESIAN_POINT('',(0.0544335623028708,0.0709306107637086,-0.001));
#6088=CARTESIAN_POINT('',(0.0180152051012501,0.0353687536658238,-0.0025));
#6089=CARTESIAN_POINT('',(0.0544324567249849,0.0709295929636708,-0.001));
#6090=CARTESIAN_POINT('',(0.0468788309656991,0.0688911806631416,-0.0025));
#6091=CARTESIAN_POINT('',(0.0554483406974321,0.0610005638557561,-0.0025));
#6092=CARTESIAN_POINT('',(0.0595102365835324,0.0654132677211463,-0.001));
#6093=CARTESIAN_POINT('',(-0.0254861891057028,0.0654132677211463,0.0025));
#6094=CARTESIAN_POINT('',(-0.0204059405142858,0.0709306107637172,0.001));
#6095=CARTESIAN_POINT('',(-0.0214219902325692,0.0609993932870896,0.0025));
#6096=CARTESIAN_POINT('',(-0.0136322757257297,0.052539467288481,0.001));
#6097=CARTESIAN_POINT('',(-0.0203318825586596,0.0603076838480268,0.0012581635896413));
#6098=CARTESIAN_POINT('',(-0.0206147077885388,0.0606103995686838,0.00167211478856288));
#6099=CARTESIAN_POINT('',(-0.0208984089924835,0.0609123005153514,0.00208606047366989));
#6100=CARTESIAN_POINT('',(-0.0211830886349878,0.0612132913822346,0.0025));
#6101=CARTESIAN_POINT('',(-0.0204049128554373,0.070929664650584,0.001));
#6102=CARTESIAN_POINT('',(-0.0204038852628801,0.0709287184658714,0.001));
#6103=CARTESIAN_POINT('',(-0.0254879486211328,0.0654041358941343,0.0025));
#6104=CARTESIAN_POINT('',(-0.0254861891057028,0.0654132677211463,-0.001));
#6105=CARTESIAN_POINT('',(-0.0214219902325692,0.069827142155203,-0.0025));
#6106=CARTESIAN_POINT('',(-0.0204059405142858,0.0598959246785754,-0.001));
#6107=CARTESIAN_POINT('',(-0.0136322757257297,0.052539467288481,-0.0025));
#6108=CARTESIAN_POINT('',(-0.0203206296250562,0.0602956385887159,-0.00124169278592274));
#6109=CARTESIAN_POINT('',(-0.0202655901559829,0.0602367192052755,-0.00116112873311353));
#6110=CARTESIAN_POINT('',(-0.0202105840633492,0.0601777687772461,-0.00108056447021652));
#6111=CARTESIAN_POINT('',(-0.0201556109073469,0.0601187877137087,-0.001));
#6112=CARTESIAN_POINT('',(0.016007074329433,0.0353632796906232,-0.0025));
#6113=CARTESIAN_POINT('',(-0.0254879486211328,0.0654041358941343,-0.001));
#6114=CARTESIAN_POINT('',(-0.0397786438196779,-0.0732913046635071,-0.011409871051681));
#6115=CARTESIAN_POINT('',(0.0189759297305277,0.0451000515269398,0.0025));
#6116=CARTESIAN_POINT('',(0.0189759297305277,0.0451000515269398,0.0025));
#6117=CARTESIAN_POINT('',(0.0189759297305277,0.0401000515269398,0.0025));
#6118=CARTESIAN_POINT('',(0.0189759297305277,0.0451000515269398,-0.0025));
#6119=CARTESIAN_POINT('',(0.0189759297305277,0.0401000515269398,-0.0025));
#6120=CARTESIAN_POINT('',(0.0189759297305277,0.0451000515269398,0.0025));
#6121=CARTESIAN_POINT('',(0.0189759297305277,0.0451000515269398,0.0025));
#6122=CARTESIAN_POINT('',(0.0189759297305277,0.0426000515269398,0.0025));
#6123=CARTESIAN_POINT('',(0.0189759297305277,0.0451000515269398,-0.0025));
#6124=CARTESIAN_POINT('',(0.0189759297305277,0.0451000515269398,0.0125));
#6125=CARTESIAN_POINT('',(0.0189759297305277,0.0451000515269398,0.0125));
#6126=CARTESIAN_POINT('',(0.0189759297305277,0.0426000515269398,0.0125));
#6127=CARTESIAN_POINT('',(0.0189759297305277,0.0451000515269398,0.0175));
#6128=CARTESIAN_POINT('',(0.0189759297305277,0.0451000515269398,0.0175));
#6129=CARTESIAN_POINT('',(0.0189759297305277,0.0401000515269398,0.0175));
#6130=CARTESIAN_POINT('',(0.0189759297305277,0.0451000515269398,0.0125));
#6131=CARTESIAN_POINT('',(0.0189759297305277,0.0401000515269398,0.0125));
#6132=CARTESIAN_POINT('',(0.0189759297305277,0.0451000515269398,0.0175));
#6133=CARTESIAN_POINT('',(0.0189759297305277,0.0451000515269398,0.0125));
#6134=CARTESIAN_POINT('',(-0.0083893441357151,-0.0475710070520597,-0.026409871051681));
#6135=CARTESIAN_POINT('',(-0.0397786438196779,-0.0732913046635071,-0.0264098710516811));
#6136=CARTESIAN_POINT('',(-0.0202650028938428,0.0470672727230458,0.02));
#6137=CARTESIAN_POINT('',(-0.0202650028938428,0.0470672727230458,0.02));
#6138=CARTESIAN_POINT('',(-0.0202650028938428,0.0420672727230458,0.02));
#6139=CARTESIAN_POINT('',(-0.0202650028938428,0.0470672727230458,0.));
#6140=CARTESIAN_POINT('',(-0.0202650028938428,0.0420672727230458,0.));
#6141=CARTESIAN_POINT('',(-0.0202650028938428,0.0470672727230458,0.02));
#6142=CARTESIAN_POINT('',(-0.0202650028938428,0.0470672727230458,0.));
#6143=CARTESIAN_POINT('',(-0.113385671418937,-0.0299794445907858,-0.028909871051681));
#6144=CARTESIAN_POINT('',(-0.0224605444818735,0.0281982421875,0.005));
#6145=CARTESIAN_POINT('',(-0.0224605444818735,0.0281982421875,0.005));
#6146=CARTESIAN_POINT('',(-0.0224605444818735,0.0231982421875,0.005));
#6147=CARTESIAN_POINT('',(-0.0224605444818735,0.0281982421875,-0.005));
#6148=CARTESIAN_POINT('',(-0.0224605444818735,0.0231982421875,-0.005));
#6149=CARTESIAN_POINT('',(-0.0224605444818735,0.0281982421875,0.005));
#6150=CARTESIAN_POINT('',(-0.0224605444818735,0.0281982421875,-0.005));
#6151=CARTESIAN_POINT('',(-0.0646078181008277,-0.0403439469258793,-0.018909871051681));
#6152=CARTESIAN_POINT('',(-0.0526603438637615,0.0205396720473469,0.005));
#6153=CARTESIAN_POINT('',(-0.0526603438637615,0.0155396720473469,-0.0042));
#6154=CARTESIAN_POINT('',(-0.0513513469365626,0.0155396720473469,-0.0042));
#6155=CARTESIAN_POINT('',(-0.0500504105616004,0.0160785375376425,-0.0042));
#6156=CARTESIAN_POINT('',(-0.0481992093540572,0.0179297387451857,-0.0042));
#6157=CARTESIAN_POINT('',(-0.0476603438637615,0.0192306751201495,-0.0042));
#6158=CARTESIAN_POINT('',(-0.0476603438637615,0.0218486689745442,-0.0042));
#6159=CARTESIAN_POINT('',(-0.0481992093540567,0.0231496053495075,-0.0042));
#6160=CARTESIAN_POINT('',(-0.0500504105616009,0.0250008065570517,-0.0042));
#6161=CARTESIAN_POINT('',(-0.0513513469365635,0.0255396720473468,-0.0042));
#6162=CARTESIAN_POINT('',(-0.0539693407909596,0.0255396720473468,-0.0042));
#6163=CARTESIAN_POINT('',(-0.0552702771659222,0.0250008065570517,-0.0042));
#6164=CARTESIAN_POINT('',(-0.0571214783734664,0.0231496053495075,-0.0042));
#6165=CARTESIAN_POINT('',(-0.0576603438637615,0.021848668974543,-0.0042));
#6166=CARTESIAN_POINT('',(-0.0576603438637615,0.0192306751201507,-0.0042));
#6167=CARTESIAN_POINT('',(-0.0571214783734664,0.0179297387451863,-0.0042));
#6168=CARTESIAN_POINT('',(-0.0552702771659222,0.016078537537642,-0.0042));
#6169=CARTESIAN_POINT('',(-0.0539693407909605,0.0155396720473469,-0.0042));
#6170=CARTESIAN_POINT('',(-0.0526603438637615,0.0155396720473469,-0.0042));
#6171=CARTESIAN_POINT('',(-0.0526603438637615,0.0155396720473469,-0.0042));
#6172=CARTESIAN_POINT('',(-0.0487422857393054,0.0166216139228907,-0.0043));
#6173=CARTESIAN_POINT('',(-0.0526603438637615,0.0149987011095749,-0.0043));
#6174=CARTESIAN_POINT('',(-0.0565784019882176,0.0166216139228907,-0.0043));
#6175=CARTESIAN_POINT('',(-0.0582013148015334,0.0205396720473469,-0.0043));
#6176=CARTESIAN_POINT('',(-0.0565784019882176,0.024457730171803,-0.0043));
#6177=CARTESIAN_POINT('',(-0.0526603438637615,0.0260806429851188,-0.0043));
#6178=CARTESIAN_POINT('',(-0.0487422857393054,0.024457730171803,-0.0043));
#6179=CARTESIAN_POINT('',(-0.0471193729259896,0.0205396720473468,-0.0043));
#6180=CARTESIAN_POINT('',(-0.0487422857393054,0.0166216139228907,-0.0043));
#6181=CARTESIAN_POINT('',(-0.0526603438637615,0.0149987011095749,-0.0043));
#6182=CARTESIAN_POINT('',(-0.0565784019882176,0.0166216139228907,-0.0043));
#6183=CARTESIAN_POINT('',(-0.0526603438637615,0.0155396720473469,-0.0043));
#6184=CARTESIAN_POINT('',(-0.0732000159111084,7.3984256878104E-19,0.005));
#6185=CARTESIAN_POINT('',(-0.0732000159111084,-0.005,-0.0042));
#6186=CARTESIAN_POINT('',(-0.0718910189839094,-0.005,-0.0042));
#6187=CARTESIAN_POINT('',(-0.0705900826089445,-0.00446113450970152,-0.0042));
#6188=CARTESIAN_POINT('',(-0.0687388814014069,-0.00260993330216396,-0.0042));
#6189=CARTESIAN_POINT('',(-0.0682000159111084,-0.0013089969271966,-0.0042));
#6190=CARTESIAN_POINT('',(-0.0682000159111084,0.00130899692719661,-0.0042));
#6191=CARTESIAN_POINT('',(-0.0687388814014031,0.00260993330216014,-0.0042));
#6192=CARTESIAN_POINT('',(-0.0705900826089483,0.00446113450970535,-0.0042));
#6193=CARTESIAN_POINT('',(-0.071891018983926,0.005,-0.0042));
#6194=CARTESIAN_POINT('',(-0.0745090128382909,0.005,-0.0042));
#6195=CARTESIAN_POINT('',(-0.0758099492132684,0.00446113450970547,-0.0042));
#6196=CARTESIAN_POINT('',(-0.0776611504208139,0.00260993330216,-0.0042));
#6197=CARTESIAN_POINT('',(-0.0782000159111084,0.0013089969271966,-0.0042));
#6198=CARTESIAN_POINT('',(-0.0782000159111084,-0.00130899692719661,-0.0042));
#6199=CARTESIAN_POINT('',(-0.0776611504208136,-0.00260993330216024,-0.0042));
#6200=CARTESIAN_POINT('',(-0.0758099492132687,-0.00446113450970522,-0.0042));
#6201=CARTESIAN_POINT('',(-0.0745090128383074,-0.005,-0.0042));
#6202=CARTESIAN_POINT('',(-0.0732000159111084,-0.005,-0.0042));
#6203=CARTESIAN_POINT('',(-0.0732000159111084,-0.005,-0.0042));
#6204=CARTESIAN_POINT('',(-0.0692819577866523,-0.00391805812445612,-0.0043));
#6205=CARTESIAN_POINT('',(-0.0732000159111084,-0.00554097093777194,-0.0043));
#6206=CARTESIAN_POINT('',(-0.0771180740355645,-0.00391805812445611,-0.0043));
#6207=CARTESIAN_POINT('',(-0.0787409868488804,1.08691267791672E-17,-0.0043));
#6208=CARTESIAN_POINT('',(-0.0771180740355645,0.00391805812445612,-0.0043));
#6209=CARTESIAN_POINT('',(-0.0732000159111084,0.00554097093777194,-0.0043));
#6210=CARTESIAN_POINT('',(-0.0692819577866523,0.00391805812445612,-0.0043));
#6211=CARTESIAN_POINT('',(-0.0676590449733365,-2.60208521396521E-18,-0.0043));
#6212=CARTESIAN_POINT('',(-0.0692819577866523,-0.00391805812445612,-0.0043));
#6213=CARTESIAN_POINT('',(-0.0732000159111084,-0.00554097093777194,-0.0043));
#6214=CARTESIAN_POINT('',(-0.0771180740355645,-0.00391805812445611,-0.0043));
#6215=CARTESIAN_POINT('',(-0.0732000159111084,-0.005,-0.0043));
#6216=CARTESIAN_POINT('',(-0.0526603438637616,-0.0205396720473469,0.005));
#6217=CARTESIAN_POINT('',(-0.0526603438637615,-0.0255396720473468,-0.0042));
#6218=CARTESIAN_POINT('',(-0.0513513469365625,-0.0255396720473468,-0.0042));
#6219=CARTESIAN_POINT('',(-0.0500504105616043,-0.0250008065570551,-0.0042));
#6220=CARTESIAN_POINT('',(-0.0481992093540533,-0.0231496053495041,-0.0042));
#6221=CARTESIAN_POINT('',(-0.0476603438637615,-0.0218486689745423,-0.0042));
#6222=CARTESIAN_POINT('',(-0.0476603438637616,-0.0192306751201514,-0.0042));
#6223=CARTESIAN_POINT('',(-0.0481992093540557,-0.0179297387451871,-0.0042));
#6224=CARTESIAN_POINT('',(-0.050050410561602,-0.016078537537641,-0.0042));
#6225=CARTESIAN_POINT('',(-0.0513513469365635,-0.0155396720473469,-0.0042));
#6226=CARTESIAN_POINT('',(-0.0539693407909597,-0.0155396720473469,-0.0042));
#6227=CARTESIAN_POINT('',(-0.0552702771659212,-0.0160785375376411,-0.0042));
#6228=CARTESIAN_POINT('',(-0.0571214783734674,-0.0179297387451873,-0.0042));
#6229=CARTESIAN_POINT('',(-0.0576603438637616,-0.0192306751201508,-0.0042));
#6230=CARTESIAN_POINT('',(-0.0576603438637615,-0.021848668974543,-0.0042));
#6231=CARTESIAN_POINT('',(-0.0571214783734674,-0.0231496053495066,-0.0042));
#6232=CARTESIAN_POINT('',(-0.0552702771659211,-0.0250008065570527,-0.0042));
#6233=CARTESIAN_POINT('',(-0.0539693407909605,-0.0255396720473468,-0.0042));
#6234=CARTESIAN_POINT('',(-0.0526603438637615,-0.0255396720473468,-0.0042));
#6235=CARTESIAN_POINT('',(-0.0526603438637615,-0.0255396720473468,-0.0042));
#6236=CARTESIAN_POINT('',(-0.0487422857393055,-0.024457730171803,-0.0043));
#6237=CARTESIAN_POINT('',(-0.0526603438637616,-0.0260806429851188,-0.0043));
#6238=CARTESIAN_POINT('',(-0.0565784019882177,-0.024457730171803,-0.0043));
#6239=CARTESIAN_POINT('',(-0.0582013148015335,-0.0205396720473468,-0.0043));
#6240=CARTESIAN_POINT('',(-0.0565784019882177,-0.0166216139228907,-0.0043));
#6241=CARTESIAN_POINT('',(-0.0526603438637616,-0.0149987011095749,-0.0043));
#6242=CARTESIAN_POINT('',(-0.0487422857393055,-0.0166216139228907,-0.0043));
#6243=CARTESIAN_POINT('',(-0.0471193729259897,-0.0205396720473469,-0.0043));
#6244=CARTESIAN_POINT('',(-0.0487422857393055,-0.024457730171803,-0.0043));
#6245=CARTESIAN_POINT('',(-0.0526603438637616,-0.0260806429851188,-0.0043));
#6246=CARTESIAN_POINT('',(-0.0565784019882177,-0.024457730171803,-0.0043));
#6247=CARTESIAN_POINT('',(-0.0526603438637616,-0.0255396720473468,-0.0043));
#6248=CARTESIAN_POINT('',(-0.0526603438637615,0.0205396720473469,0.005));
#6249=CARTESIAN_POINT('',(-0.0526603438637615,0.0155396720473469,0.0042));
#6250=CARTESIAN_POINT('',(-0.0513513469365626,0.0155396720473469,0.0042));
#6251=CARTESIAN_POINT('',(-0.0500504105616004,0.0160785375376425,0.0042));
#6252=CARTESIAN_POINT('',(-0.0481992093540572,0.0179297387451857,0.0042));
#6253=CARTESIAN_POINT('',(-0.0476603438637615,0.0192306751201495,0.0042));
#6254=CARTESIAN_POINT('',(-0.0476603438637615,0.0218486689745442,0.0042));
#6255=CARTESIAN_POINT('',(-0.0481992093540567,0.0231496053495075,0.0042));
#6256=CARTESIAN_POINT('',(-0.0500504105616009,0.0250008065570517,0.0042));
#6257=CARTESIAN_POINT('',(-0.0513513469365635,0.0255396720473468,0.0042));
#6258=CARTESIAN_POINT('',(-0.0539693407909596,0.0255396720473468,0.0042));
#6259=CARTESIAN_POINT('',(-0.0552702771659222,0.0250008065570517,0.0042));
#6260=CARTESIAN_POINT('',(-0.0571214783734664,0.0231496053495075,0.0042));
#6261=CARTESIAN_POINT('',(-0.0576603438637615,0.021848668974543,0.0042));
#6262=CARTESIAN_POINT('',(-0.0576603438637615,0.0192306751201507,0.0042));
#6263=CARTESIAN_POINT('',(-0.0571214783734664,0.0179297387451863,0.0042));
#6264=CARTESIAN_POINT('',(-0.0552702771659222,0.016078537537642,0.0042));
#6265=CARTESIAN_POINT('',(-0.0539693407909605,0.0155396720473469,0.0042));
#6266=CARTESIAN_POINT('',(-0.0526603438637615,0.0155396720473469,0.0042));
#6267=CARTESIAN_POINT('',(-0.0526603438637615,0.0155396720473469,0.0042));
#6268=CARTESIAN_POINT('',(-0.0565784019882176,0.0166216139228907,0.0043));
#6269=CARTESIAN_POINT('',(-0.0526603438637615,0.0149987011095749,0.0043));
#6270=CARTESIAN_POINT('',(-0.0487422857393054,0.0166216139228907,0.0043));
#6271=CARTESIAN_POINT('',(-0.0471193729259896,0.0205396720473468,0.0043));
#6272=CARTESIAN_POINT('',(-0.0487422857393054,0.024457730171803,0.0043));
#6273=CARTESIAN_POINT('',(-0.0526603438637615,0.0260806429851188,0.0043));
#6274=CARTESIAN_POINT('',(-0.0565784019882176,0.024457730171803,0.0043));
#6275=CARTESIAN_POINT('',(-0.0582013148015335,0.0205396720473468,0.0043));
#6276=CARTESIAN_POINT('',(-0.0565784019882176,0.0166216139228907,0.0043));
#6277=CARTESIAN_POINT('',(-0.0526603438637615,0.0149987011095749,0.0043));
#6278=CARTESIAN_POINT('',(-0.0487422857393054,0.0166216139228907,0.0043));
#6279=CARTESIAN_POINT('',(-0.0526603438637615,0.0155396720473469,0.0043));
#6280=CARTESIAN_POINT('',(-0.0526603438637616,2.05731716980633E-18,0.005));
#6281=CARTESIAN_POINT('',(-0.0526603438637616,2.05731716980633E-18,-0.0035));
#6282=CARTESIAN_POINT('',(-0.0526603438637616,-0.0335985391255456,-0.0035));
#6283=CARTESIAN_POINT('',(-0.0526603438637616,2.05731716980633E-18,0.0035));
#6284=CARTESIAN_POINT('',(-0.0526603438637616,-0.0335985391255456,0.0035));
#6285=CARTESIAN_POINT('',(-0.0732000159111084,7.3984256878104E-19,0.005));
#6286=CARTESIAN_POINT('',(-0.0732000159111084,-0.005,0.0042));
#6287=CARTESIAN_POINT('',(-0.0718910189839094,-0.005,0.0042));
#6288=CARTESIAN_POINT('',(-0.0705900826089445,-0.00446113450970152,0.0042));
#6289=CARTESIAN_POINT('',(-0.0687388814014069,-0.00260993330216396,0.0042));
#6290=CARTESIAN_POINT('',(-0.0682000159111084,-0.0013089969271966,0.0042));
#6291=CARTESIAN_POINT('',(-0.0682000159111084,0.00130899692719661,0.0042));
#6292=CARTESIAN_POINT('',(-0.0687388814014031,0.00260993330216014,0.0042));
#6293=CARTESIAN_POINT('',(-0.0705900826089483,0.00446113450970535,0.0042));
#6294=CARTESIAN_POINT('',(-0.071891018983926,0.005,0.0042));
#6295=CARTESIAN_POINT('',(-0.0745090128382909,0.005,0.0042));
#6296=CARTESIAN_POINT('',(-0.0758099492132684,0.00446113450970547,0.0042));
#6297=CARTESIAN_POINT('',(-0.0776611504208139,0.00260993330216,0.0042));
#6298=CARTESIAN_POINT('',(-0.0782000159111084,0.0013089969271966,0.0042));
#6299=CARTESIAN_POINT('',(-0.0782000159111084,-0.00130899692719661,0.0042));
#6300=CARTESIAN_POINT('',(-0.0776611504208136,-0.00260993330216024,0.0042));
#6301=CARTESIAN_POINT('',(-0.0758099492132687,-0.00446113450970522,0.0042));
#6302=CARTESIAN_POINT('',(-0.0745090128383074,-0.005,0.0042));
#6303=CARTESIAN_POINT('',(-0.0732000159111084,-0.005,0.0042));
#6304=CARTESIAN_POINT('',(-0.0732000159111084,-0.005,0.0042));
#6305=CARTESIAN_POINT('',(-0.0771180740355645,-0.00391805812445613,0.0043));
#6306=CARTESIAN_POINT('',(-0.0732000159111084,-0.00554097093777194,0.0043));
#6307=CARTESIAN_POINT('',(-0.0692819577866523,-0.00391805812445613,0.0043));
#6308=CARTESIAN_POINT('',(-0.0676590449733365,-7.53520509877426E-18,0.0043));
#6309=CARTESIAN_POINT('',(-0.0692819577866523,0.00391805812445612,0.0043));
#6310=CARTESIAN_POINT('',(-0.0732000159111084,0.00554097093777194,0.0043));
#6311=CARTESIAN_POINT('',(-0.0771180740355645,0.00391805812445612,0.0043));
#6312=CARTESIAN_POINT('',(-0.0787409868488804,-7.53520509877426E-18,0.0043));
#6313=CARTESIAN_POINT('',(-0.0771180740355645,-0.00391805812445613,0.0043));
#6314=CARTESIAN_POINT('',(-0.0732000159111084,-0.00554097093777194,0.0043));
#6315=CARTESIAN_POINT('',(-0.0692819577866523,-0.00391805812445613,0.0043));
#6316=CARTESIAN_POINT('',(-0.0732000159111084,-0.005,0.0043));
#6317=CARTESIAN_POINT('',(-0.0526603438637616,-0.0205396720473469,0.005));
#6318=CARTESIAN_POINT('',(-0.0526603438637616,-0.0255396720473468,0.0042));
#6319=CARTESIAN_POINT('',(-0.0513513469365626,-0.0255396720473468,0.0042));
#6320=CARTESIAN_POINT('',(-0.0500504105616024,-0.0250008065570532,0.0042));
#6321=CARTESIAN_POINT('',(-0.0481992093540553,-0.023149605349506,0.0042));
#6322=CARTESIAN_POINT('',(-0.0476603438637616,-0.0218486689745442,0.0042));
#6323=CARTESIAN_POINT('',(-0.0476603438637616,-0.0192306751201495,0.0042));
#6324=CARTESIAN_POINT('',(-0.0481992093540557,-0.0179297387451872,0.0042));
#6325=CARTESIAN_POINT('',(-0.0500504105616019,-0.016078537537641,0.0042));
#6326=CARTESIAN_POINT('',(-0.0513513469365635,-0.0155396720473469,0.0042));
#6327=CARTESIAN_POINT('',(-0.0539693407909596,-0.0155396720473469,0.0042));
#6328=CARTESIAN_POINT('',(-0.0552702771659212,-0.0160785375376411,0.0042));
#6329=CARTESIAN_POINT('',(-0.0571214783734674,-0.0179297387451872,0.0042));
#6330=CARTESIAN_POINT('',(-0.0576603438637615,-0.0192306751201507,0.0042));
#6331=CARTESIAN_POINT('',(-0.0576603438637615,-0.021848668974543,0.0042));
#6332=CARTESIAN_POINT('',(-0.0571214783734674,-0.0231496053495065,0.0042));
#6333=CARTESIAN_POINT('',(-0.0552702771659212,-0.0250008065570527,0.0042));
#6334=CARTESIAN_POINT('',(-0.0539693407909605,-0.0255396720473468,0.0042));
#6335=CARTESIAN_POINT('',(-0.0526603438637616,-0.0255396720473468,0.0042));
#6336=CARTESIAN_POINT('',(-0.0526603438637616,-0.0255396720473468,0.0042));
#6337=CARTESIAN_POINT('',(-0.0565784019882177,-0.024457730171803,0.0043));
#6338=CARTESIAN_POINT('',(-0.0526603438637616,-0.0260806429851188,0.0043));
#6339=CARTESIAN_POINT('',(-0.0487422857393055,-0.024457730171803,0.0043));
#6340=CARTESIAN_POINT('',(-0.0471193729259897,-0.0205396720473469,0.0043));
#6341=CARTESIAN_POINT('',(-0.0487422857393055,-0.0166216139228907,0.0043));
#6342=CARTESIAN_POINT('',(-0.0526603438637616,-0.0149987011095749,0.0043));
#6343=CARTESIAN_POINT('',(-0.0565784019882177,-0.0166216139228907,0.0043));
#6344=CARTESIAN_POINT('',(-0.0582013148015336,-0.0205396720473469,0.0043));
#6345=CARTESIAN_POINT('',(-0.0565784019882177,-0.024457730171803,0.0043));
#6346=CARTESIAN_POINT('',(-0.0526603438637616,-0.0260806429851188,0.0043));
#6347=CARTESIAN_POINT('',(-0.0487422857393055,-0.024457730171803,0.0043));
#6348=CARTESIAN_POINT('',(-0.0526603438637616,-0.0255396720473468,0.0043));
#6349=CARTESIAN_POINT('',(-0.0321206718164147,-4.33680868994202E-19,0.005));
#6350=CARTESIAN_POINT('',(-0.0321206718164147,-4.33680868994202E-19,0.005));
#6351=CARTESIAN_POINT('',(-0.0321206718164147,-0.005,0.005));
#6352=CARTESIAN_POINT('',(-0.0321206718164147,-4.33680868994202E-19,-0.005));
#6353=CARTESIAN_POINT('',(-0.0321206718164147,-0.005,-0.005));
#6354=CARTESIAN_POINT('',(-0.0526603438637616,3.06161699786838E-19,0.005));
#6355=CARTESIAN_POINT('',(-0.0526603438637616,3.06161699786838E-19,0.005));
#6356=CARTESIAN_POINT('',(-0.0526603438637616,-0.005,0.005));
#6357=CARTESIAN_POINT('',(-0.0526603438637616,3.06161699786838E-19,-0.005));
#6358=CARTESIAN_POINT('',(-0.0526603438637616,-0.005,-0.005));
#6359=CARTESIAN_POINT('',(0.000440475819076358,0.,0.005));
#6360=CARTESIAN_POINT('',(-0.0526603438637616,2.05731716980633E-18,0.005));
#6361=CARTESIAN_POINT('',(-0.0526603438637616,-0.0320985391255456,0.005));
#6362=CARTESIAN_POINT('',(-0.0503419430055699,-0.0259180390446927,0.005));
#6363=CARTESIAN_POINT('',(-0.052584650108331,-0.0263880553229957,0.005));
#6364=CARTESIAN_POINT('',(-0.0548202671500436,-0.0259659798170053,0.005));
#6365=CARTESIAN_POINT('',(-0.0567097966160755,-0.0247590262127454,0.005));
#6366=CARTESIAN_POINT('',(-0.0580155921632631,-0.022890139450734,0.005));
#6367=CARTESIAN_POINT('',(-0.0585074987579033,-0.0206619556886546,0.005));
#6368=CARTESIAN_POINT('',(-0.0581091959999387,-0.018415042133341,0.005));
#6369=CARTESIAN_POINT('',(-0.056881369898717,-0.0164915847194274,0.005));
#6370=CARTESIAN_POINT('',(-0.0550109265169876,-0.0151844102826648,0.005));
#6371=CARTESIAN_POINT('',(-0.0527826294421022,-0.0146925262508234,0.005));
#6372=CARTESIAN_POINT('',(-0.0505357148364876,-0.0150908171577135,0.005));
#6373=CARTESIAN_POINT('',(-0.0486122571606046,-0.0163186464898486,0.005));
#6374=CARTESIAN_POINT('',(-0.0473050789679696,-0.0181890900543912,0.005));
#6375=CARTESIAN_POINT('',(-0.0468132099751715,-0.0204173833371216,0.005));
#6376=CARTESIAN_POINT('',(-0.0472114444736315,-0.0226643129411152,0.005));
#6377=CARTESIAN_POINT('',(-0.0484394844003071,-0.0245877144163758,0.005));
#6378=CARTESIAN_POINT('',(-0.0503419430055699,-0.0259180390446927,0.005));
#6379=CARTESIAN_POINT('',(-0.052584650108331,-0.0263880553229957,0.005));
#6380=CARTESIAN_POINT('',(-0.0548202671500436,-0.0259659798170053,0.005));
#6381=CARTESIAN_POINT('',(-0.0526603438637616,-0.0262396720473468,0.005));
#6382=CARTESIAN_POINT('',(-0.0708816150529133,-0.00537836699734449,0.005));
#6383=CARTESIAN_POINT('',(-0.0731243221556782,-0.00584838327564895,0.005));
#6384=CARTESIAN_POINT('',(-0.0753599391973923,-0.00542630776965908,0.005));
#6385=CARTESIAN_POINT('',(-0.0772494686634271,-0.00421935416539575,0.005));
#6386=CARTESIAN_POINT('',(-0.0785552642106107,-0.00235046740338381,0.005));
#6387=CARTESIAN_POINT('',(-0.0790471708052477,-0.000122283641312009,0.005));
#6388=CARTESIAN_POINT('',(-0.0786488680472885,0.00212462991400362,0.005));
#6389=CARTESIAN_POINT('',(-0.0774210419460611,0.00404808732792395,0.005));
#6390=CARTESIAN_POINT('',(-0.0755505985643346,0.00535526176467917,0.005));
#6391=CARTESIAN_POINT('',(-0.0733223014894525,0.00584714579652432,0.005));
#6392=CARTESIAN_POINT('',(-0.0710753868838322,0.00544885488963338,0.005));
#6393=CARTESIAN_POINT('',(-0.0691519292079491,0.00422102555749645,0.005));
#6394=CARTESIAN_POINT('',(-0.0678447510153188,0.0023505819929569,0.005));
#6395=CARTESIAN_POINT('',(-0.0673528820225146,0.000122288710222799,0.005));
#6396=CARTESIAN_POINT('',(-0.0677511165209817,-0.00212464089377512,0.005));
#6397=CARTESIAN_POINT('',(-0.0689791564476537,-0.00404804236902609,0.005));
#6398=CARTESIAN_POINT('',(-0.0708816150529133,-0.00537836699734449,0.005));
#6399=CARTESIAN_POINT('',(-0.0731243221556782,-0.00584838327564895,0.005));
#6400=CARTESIAN_POINT('',(-0.0753599391973923,-0.00542630776965908,0.005));
#6401=CARTESIAN_POINT('',(-0.0732000159111084,-0.0057,0.005));
#6402=CARTESIAN_POINT('',(-0.0503419430055678,0.0151613050500019,0.005));
#6403=CARTESIAN_POINT('',(-0.0525846501083318,0.0146912887716978,0.005));
#6404=CARTESIAN_POINT('',(-0.0548202671500423,0.0151133642776887,0.005));
#6405=CARTESIAN_POINT('',(-0.056709796616075,0.0163203178819473,0.005));
#6406=CARTESIAN_POINT('',(-0.0580155921632629,0.0181892046439596,0.005));
#6407=CARTESIAN_POINT('',(-0.0585074987579034,0.0204173884060392,0.005));
#6408=CARTESIAN_POINT('',(-0.0581091959999385,0.0226643019613504,0.005));
#6409=CARTESIAN_POINT('',(-0.0568813698987177,0.0245877593752693,0.005));
#6410=CARTESIAN_POINT('',(-0.0550109265169824,0.0258949338120312,0.005));
#6411=CARTESIAN_POINT('',(-0.0527826294421007,0.0263868178438699,0.005));
#6412=CARTESIAN_POINT('',(-0.0505357148364896,0.0259885269369801,0.005));
#6413=CARTESIAN_POINT('',(-0.0486122571606016,0.0247606976048452,0.005));
#6414=CARTESIAN_POINT('',(-0.0473050789679721,0.0228902540403015,0.005));
#6415=CARTESIAN_POINT('',(-0.0468132099751708,0.0206619607575762,0.005));
#6416=CARTESIAN_POINT('',(-0.047211444473632,0.0184150311535785,0.005));
#6417=CARTESIAN_POINT('',(-0.0484394844003059,0.0164916296783203,0.005));
#6418=CARTESIAN_POINT('',(-0.0503419430055678,0.0151613050500019,0.005));
#6419=CARTESIAN_POINT('',(-0.0525846501083318,0.0146912887716978,0.005));
#6420=CARTESIAN_POINT('',(-0.0548202671500423,0.0151133642776887,0.005));
#6421=CARTESIAN_POINT('',(-0.0526603438637615,0.0148396720473469,0.005));
#6422=CARTESIAN_POINT('',(0.000440475819076358,0.,-0.005));
#6423=CARTESIAN_POINT('',(-0.0526603438637616,2.05731716980633E-18,-0.005));
#6424=CARTESIAN_POINT('',(-0.0526603438637616,-0.0320985391255456,-0.005));
#6425=CARTESIAN_POINT('',(-0.0549787447219489,-0.0259180390446941,-0.005));
#6426=CARTESIAN_POINT('',(-0.052736037619193,-0.0263880553229953,-0.005));
#6427=CARTESIAN_POINT('',(-0.0505004205774797,-0.0259659798170053,-0.005));
#6428=CARTESIAN_POINT('',(-0.0486108911114483,-0.0247590262127459,-0.005));
#6429=CARTESIAN_POINT('',(-0.0473050955642614,-0.0228901394507355,-0.005));
#6430=CARTESIAN_POINT('',(-0.0468131889696202,-0.0206619556886564,-0.005));
#6431=CARTESIAN_POINT('',(-0.0472114917275846,-0.0184150421333479,-0.005));
#6432=CARTESIAN_POINT('',(-0.0484393178288019,-0.0164915847194292,-0.005));
#6433=CARTESIAN_POINT('',(-0.0503097612105369,-0.0151844102826647,-0.005));
#6434=CARTESIAN_POINT('',(-0.0525380582854197,-0.0146925262508236,-0.005));
#6435=CARTESIAN_POINT('',(-0.0547849728910354,-0.015090817157713,-0.005));
#6436=CARTESIAN_POINT('',(-0.0567084305669229,-0.0163186464898502,-0.005));
#6437=CARTESIAN_POINT('',(-0.0580156087595522,-0.0181890900543931,-0.005));
#6438=CARTESIAN_POINT('',(-0.058507477752353,-0.0204173833371207,-0.005));
#6439=CARTESIAN_POINT('',(-0.0581092432538905,-0.022664312941117,-0.005));
#6440=CARTESIAN_POINT('',(-0.0568812033272156,-0.0245877144163786,-0.005));
#6441=CARTESIAN_POINT('',(-0.0549787447219489,-0.0259180390446941,-0.005));
#6442=CARTESIAN_POINT('',(-0.052736037619193,-0.0263880553229953,-0.005));
#6443=CARTESIAN_POINT('',(-0.0505004205774797,-0.0259659798170053,-0.005));
#6444=CARTESIAN_POINT('',(-0.0526603438637616,-0.0262396720473468,-0.005));
#6445=CARTESIAN_POINT('',(-0.0755184167692995,-0.00537836699734724,-0.005));
#6446=CARTESIAN_POINT('',(-0.0732757096665391,-0.0058483832756484,-0.005));
#6447=CARTESIAN_POINT('',(-0.0710400926248264,-0.0054263077696588,-0.005));
#6448=CARTESIAN_POINT('',(-0.069150563158792,-0.00421935416539757,-0.005));
#6449=CARTESIAN_POINT('',(-0.0678447676116079,-0.00235046740338682,-0.005));
#6450=CARTESIAN_POINT('',(-0.0673528610169642,-0.000122283641305358,-0.005));
#6451=CARTESIAN_POINT('',(-0.0677511637749338,0.00212462991400758,-0.005));
#6452=CARTESIAN_POINT('',(-0.0689789898761514,0.00404808732791984,-0.005));
#6453=CARTESIAN_POINT('',(-0.070849433257885,0.00535526176468288,-0.005));
#6454=CARTESIAN_POINT('',(-0.073077730332767,0.00584714579652327,-0.005));
#6455=CARTESIAN_POINT('',(-0.0753246449383856,0.00544885488963389,-0.005));
#6456=CARTESIAN_POINT('',(-0.0772481026142683,0.0042210255574955,-0.005));
#6457=CARTESIAN_POINT('',(-0.0785552808068997,0.00235058199295495,-0.005));
#6458=CARTESIAN_POINT('',(-0.0790471497996974,0.000122288710229154,-0.005));
#6459=CARTESIAN_POINT('',(-0.0786489153012403,-0.00212464089377113,-0.005));
#6460=CARTESIAN_POINT('',(-0.0774208753745599,-0.00404804236903016,-0.005));
#6461=CARTESIAN_POINT('',(-0.0755184167692995,-0.00537836699734724,-0.005));
#6462=CARTESIAN_POINT('',(-0.0732757096665391,-0.0058483832756484,-0.005));
#6463=CARTESIAN_POINT('',(-0.0710400926248264,-0.0054263077696588,-0.005));
#6464=CARTESIAN_POINT('',(-0.0732000159111084,-0.0057,-0.005));
#6465=CARTESIAN_POINT('',(-0.0549787447219505,0.0151613050499998,-0.005));
#6466=CARTESIAN_POINT('',(-0.0527360376191925,0.0146912887716983,-0.005));
#6467=CARTESIAN_POINT('',(-0.0505004205774802,0.0151133642776886,-0.005));
#6468=CARTESIAN_POINT('',(-0.048610891111448,0.0163203178819475,-0.005));
#6469=CARTESIAN_POINT('',(-0.0473050955642603,0.0181892046439598,-0.005));
#6470=CARTESIAN_POINT('',(-0.0468131889696207,0.0204173884060369,-0.005));
#6471=CARTESIAN_POINT('',(-0.0472114917275837,0.0226643019613502,-0.005));
#6472=CARTESIAN_POINT('',(-0.0484393178288048,0.0245877593752648,-0.005));
#6473=CARTESIAN_POINT('',(-0.0503097612105359,0.0258949338120304,-0.005));
#6474=CARTESIAN_POINT('',(-0.0525380582854232,0.02638681784387,-0.005));
#6475=CARTESIAN_POINT('',(-0.0547849728910352,0.0259885269369805,-0.005));
#6476=CARTESIAN_POINT('',(-0.0567084305669237,0.0247606976048433,-0.005));
#6477=CARTESIAN_POINT('',(-0.0580156087595529,0.0228902540402995,-0.005));
#6478=CARTESIAN_POINT('',(-0.0585074777523527,0.0206619607575729,-0.005));
#6479=CARTESIAN_POINT('',(-0.0581092432538909,0.018415031153575,-0.005));
#6480=CARTESIAN_POINT('',(-0.0568812033272146,0.0164916296783158,-0.005));
#6481=CARTESIAN_POINT('',(-0.0549787447219505,0.0151613050499998,-0.005));
#6482=CARTESIAN_POINT('',(-0.0527360376191925,0.0146912887716983,-0.005));
#6483=CARTESIAN_POINT('',(-0.0505004205774802,0.0151133642776886,-0.005));
#6484=CARTESIAN_POINT('',(-0.0526603438637615,0.0148396720473469,-0.005));
#6485=CARTESIAN_POINT('',(-0.0526603438637616,-0.0248396720473468,0.0035));
#6486=CARTESIAN_POINT('',(-0.0515346065063711,-0.0248396720473468,0.0035));
#6487=CARTESIAN_POINT('',(-0.0504158012239052,-0.0243762477256948,0.0035));
#6488=CARTESIAN_POINT('',(-0.0488237681854136,-0.0227842146872032,0.0035));
#6489=CARTESIAN_POINT('',(-0.0483603438637616,-0.0216654094047357,0.0035));
#6490=CARTESIAN_POINT('',(-0.0483603438637616,-0.019413934689958,0.0035));
#6491=CARTESIAN_POINT('',(-0.048823768185414,-0.0182951294074901,0.0035));
#6492=CARTESIAN_POINT('',(-0.0504158012239048,-0.0167030963689992,0.0035));
#6493=CARTESIAN_POINT('',(-0.0515346065063718,-0.0162396720473468,0.0035));
#6494=CARTESIAN_POINT('',(-0.0537860812211513,-0.0162396720473468,0.0035));
#6495=CARTESIAN_POINT('',(-0.0549048865036183,-0.0167030963689993,0.0035));
#6496=CARTESIAN_POINT('',(-0.0564969195421091,-0.0182951294074901,0.0035));
#6497=CARTESIAN_POINT('',(-0.0569603438637616,-0.0194139346899572,0.0035));
#6498=CARTESIAN_POINT('',(-0.0569603438637616,-0.0216654094047366,0.0035));
#6499=CARTESIAN_POINT('',(-0.0564969195421091,-0.0227842146872036,0.0035));
#6500=CARTESIAN_POINT('',(-0.0549048865036183,-0.0243762477256944,0.0035));
#6501=CARTESIAN_POINT('',(-0.053786081221152,-0.0248396720473468,0.0035));
#6502=CARTESIAN_POINT('',(-0.0526603438637616,-0.0248396720473468,0.0035));
#6503=CARTESIAN_POINT('',(-0.0526603438637616,-0.0255396720473468,0.0035));
#6504=CARTESIAN_POINT('',(-0.0513513469365626,-0.0255396720473468,0.00350000000000025));
#6505=CARTESIAN_POINT('',(-0.0500504105616014,-0.0250008065570561,0.0035));
#6506=CARTESIAN_POINT('',(-0.0481992093540562,-0.0231496053495032,0.0035));
#6507=CARTESIAN_POINT('',(-0.0476603438637616,-0.0218486689745442,0.00350000000000025));
#6508=CARTESIAN_POINT('',(-0.0476603438637616,-0.0192306751201495,0.00349999999999977));
#6509=CARTESIAN_POINT('',(-0.0481992093540567,-0.0179297387451843,0.00349999999999463));
#6510=CARTESIAN_POINT('',(-0.0500504105616009,-0.016078537537644,0.00350000000000537));
#6511=CARTESIAN_POINT('',(-0.0513513469365635,-0.0155396720473469,0.0035));
#6512=CARTESIAN_POINT('',(-0.0539693407909596,-0.0155396720473469,0.0035));
#6513=CARTESIAN_POINT('',(-0.0552702771659222,-0.01607853753764,0.0035));
#6514=CARTESIAN_POINT('',(-0.0571214783734664,-0.0179297387451882,0.0035));
#6515=CARTESIAN_POINT('',(-0.0576603438637615,-0.0192306751201507,0.0035));
#6516=CARTESIAN_POINT('',(-0.0576603438637615,-0.021848668974543,0.0035));
#6517=CARTESIAN_POINT('',(-0.0571214783734664,-0.0231496053495055,0.0035));
#6518=CARTESIAN_POINT('',(-0.0552702771659222,-0.0250008065570537,0.0035));
#6519=CARTESIAN_POINT('',(-0.0539693407909605,-0.0255396720473468,0.00349999999999976));
#6520=CARTESIAN_POINT('',(-0.0526603438637616,-0.0255396720473468,0.0035));
#6521=CARTESIAN_POINT('',(-0.0526603438637616,-0.0255396720473468,0.0042));
#6522=CARTESIAN_POINT('',(-0.0513513469365626,-0.0255396720473468,0.0042));
#6523=CARTESIAN_POINT('',(-0.0500504105616024,-0.0250008065570532,0.0042));
#6524=CARTESIAN_POINT('',(-0.0481992093540553,-0.023149605349506,0.0042));
#6525=CARTESIAN_POINT('',(-0.0476603438637616,-0.0218486689745442,0.0042));
#6526=CARTESIAN_POINT('',(-0.0476603438637616,-0.0192306751201495,0.0042));
#6527=CARTESIAN_POINT('',(-0.0481992093540557,-0.0179297387451872,0.0042));
#6528=CARTESIAN_POINT('',(-0.0500504105616019,-0.016078537537641,0.0042));
#6529=CARTESIAN_POINT('',(-0.0513513469365635,-0.0155396720473469,0.0042));
#6530=CARTESIAN_POINT('',(-0.0539693407909596,-0.0155396720473469,0.0042));
#6531=CARTESIAN_POINT('',(-0.0552702771659212,-0.0160785375376411,0.0042));
#6532=CARTESIAN_POINT('',(-0.0571214783734674,-0.0179297387451872,0.0042));
#6533=CARTESIAN_POINT('',(-0.0576603438637615,-0.0192306751201507,0.0042));
#6534=CARTESIAN_POINT('',(-0.0576603438637615,-0.021848668974543,0.0042));
#6535=CARTESIAN_POINT('',(-0.0571214783734674,-0.0231496053495065,0.0042));
#6536=CARTESIAN_POINT('',(-0.0552702771659212,-0.0250008065570527,0.0042));
#6537=CARTESIAN_POINT('',(-0.0539693407909605,-0.0255396720473468,0.0042));
#6538=CARTESIAN_POINT('',(-0.0526603438637616,-0.0255396720473468,0.0042));
#6539=CARTESIAN_POINT('',(-0.056029864902484,-0.0239092076458269,0.0035));
#6540=CARTESIAN_POINT('',(-0.0526603483848252,-0.0253049070502697,0.0035));
#6541=CARTESIAN_POINT('',(-0.0492908049439072,-0.0239091964371887,0.0035));
#6542=CARTESIAN_POINT('',(-0.0478951097540708,-0.0205396641264913,0.0035));
#6543=CARTESIAN_POINT('',(-0.0492908192222837,-0.0171701364574209,0.0035));
#6544=CARTESIAN_POINT('',(-0.0526603519177825,-0.0157744370401265,0.0035));
#6545=CARTESIAN_POINT('',(-0.0560298792006083,-0.0171701476660586,0.00350000000000001));
#6546=CARTESIAN_POINT('',(-0.0574255797698932,-0.0205396799778989,0.0035));
#6547=CARTESIAN_POINT('',(-0.056029864902484,-0.0239092076458269,0.0035));
#6548=CARTESIAN_POINT('',(-0.0526603483848252,-0.0253049070502697,0.0035));
#6549=CARTESIAN_POINT('',(-0.0492908049439072,-0.0239091964371887,0.0035));
#6550=CARTESIAN_POINT('',(-0.0526603438976153,-0.0248396720473491,0.0035));
#6551=CARTESIAN_POINT('',(-0.0526603438637615,-0.0255396720473468,-0.0042));
#6552=CARTESIAN_POINT('',(-0.0513513469365625,-0.0255396720473468,-0.0042));
#6553=CARTESIAN_POINT('',(-0.0500504105616043,-0.0250008065570551,-0.0042));
#6554=CARTESIAN_POINT('',(-0.0481992093540533,-0.0231496053495041,-0.0042));
#6555=CARTESIAN_POINT('',(-0.0476603438637615,-0.0218486689745423,-0.0042));
#6556=CARTESIAN_POINT('',(-0.0476603438637616,-0.0192306751201514,-0.0042));
#6557=CARTESIAN_POINT('',(-0.0481992093540557,-0.0179297387451871,-0.0042));
#6558=CARTESIAN_POINT('',(-0.050050410561602,-0.016078537537641,-0.0042));
#6559=CARTESIAN_POINT('',(-0.0513513469365635,-0.0155396720473469,-0.0042));
#6560=CARTESIAN_POINT('',(-0.0539693407909597,-0.0155396720473469,-0.0042));
#6561=CARTESIAN_POINT('',(-0.0552702771659212,-0.0160785375376411,-0.0042));
#6562=CARTESIAN_POINT('',(-0.0571214783734674,-0.0179297387451873,-0.0042));
#6563=CARTESIAN_POINT('',(-0.0576603438637616,-0.0192306751201508,-0.0042));
#6564=CARTESIAN_POINT('',(-0.0576603438637615,-0.021848668974543,-0.0042));
#6565=CARTESIAN_POINT('',(-0.0571214783734674,-0.0231496053495066,-0.0042));
#6566=CARTESIAN_POINT('',(-0.0552702771659211,-0.0250008065570527,-0.0042));
#6567=CARTESIAN_POINT('',(-0.0539693407909605,-0.0255396720473468,-0.0042));
#6568=CARTESIAN_POINT('',(-0.0526603438637615,-0.0255396720473468,-0.0042));
#6569=CARTESIAN_POINT('',(-0.0526603438637615,-0.0255396720473468,-0.0035));
#6570=CARTESIAN_POINT('',(-0.0513513469365664,-0.0255396720473468,-0.00350000000000025));
#6571=CARTESIAN_POINT('',(-0.0500504105616052,-0.0250008065570541,-0.0035));
#6572=CARTESIAN_POINT('',(-0.0481992093540523,-0.0231496053495051,-0.0035));
#6573=CARTESIAN_POINT('',(-0.0476603438637616,-0.0218486689745423,-0.00350000000000025));
#6574=CARTESIAN_POINT('',(-0.0476603438637616,-0.0192306751201514,-0.00349999999999977));
#6575=CARTESIAN_POINT('',(-0.0481992093540567,-0.0179297387451881,-0.0035));
#6576=CARTESIAN_POINT('',(-0.050050410561601,-0.01607853753764,-0.0035));
#6577=CARTESIAN_POINT('',(-0.0513513469365596,-0.0155396720473469,-0.0035));
#6578=CARTESIAN_POINT('',(-0.0539693407909636,-0.0155396720473469,-0.0035));
#6579=CARTESIAN_POINT('',(-0.0552702771659183,-0.016078537537644,-0.0035));
#6580=CARTESIAN_POINT('',(-0.0571214783734704,-0.0179297387451843,-0.0035));
#6581=CARTESIAN_POINT('',(-0.0576603438637615,-0.0192306751201508,-0.0035));
#6582=CARTESIAN_POINT('',(-0.0576603438637615,-0.021848668974543,-0.0035));
#6583=CARTESIAN_POINT('',(-0.0571214783734664,-0.0231496053495036,-0.0035));
#6584=CARTESIAN_POINT('',(-0.0552702771659221,-0.0250008065570556,-0.0035));
#6585=CARTESIAN_POINT('',(-0.0539693407909566,-0.0255396720473468,-0.00349999999999976));
#6586=CARTESIAN_POINT('',(-0.0526603438637615,-0.0255396720473468,-0.0035));
#6587=CARTESIAN_POINT('',(-0.0526603438637615,-0.0248396720473468,-0.0035));
#6588=CARTESIAN_POINT('',(-0.051534606506371,-0.0248396720473468,-0.0035));
#6589=CARTESIAN_POINT('',(-0.0504158012239052,-0.0243762477256948,-0.0035));
#6590=CARTESIAN_POINT('',(-0.0488237681854136,-0.0227842146872032,-0.0035));
#6591=CARTESIAN_POINT('',(-0.0483603438637616,-0.0216654094047356,-0.0035));
#6592=CARTESIAN_POINT('',(-0.0483603438637616,-0.019413934689958,-0.0035));
#6593=CARTESIAN_POINT('',(-0.048823768185414,-0.0182951294074901,-0.0035));
#6594=CARTESIAN_POINT('',(-0.0504158012239049,-0.0167030963689992,-0.0035));
#6595=CARTESIAN_POINT('',(-0.0515346065063719,-0.0162396720473468,-0.0035));
#6596=CARTESIAN_POINT('',(-0.0537860812211513,-0.0162396720473468,-0.0035));
#6597=CARTESIAN_POINT('',(-0.0549048865036183,-0.0167030963690013,-0.0035));
#6598=CARTESIAN_POINT('',(-0.0564969195421092,-0.0182951294074882,-0.0035));
#6599=CARTESIAN_POINT('',(-0.0569603438637616,-0.0194139346899572,-0.0035));
#6600=CARTESIAN_POINT('',(-0.0569603438637616,-0.0216654094047366,-0.0035));
#6601=CARTESIAN_POINT('',(-0.0564969195421091,-0.0227842146872036,-0.0035));
#6602=CARTESIAN_POINT('',(-0.0549048865036182,-0.0243762477256945,-0.0035));
#6603=CARTESIAN_POINT('',(-0.053786081221152,-0.0248396720473468,-0.0035));
#6604=CARTESIAN_POINT('',(-0.0526603438637615,-0.0248396720473468,-0.0035));
#6605=CARTESIAN_POINT('',(-0.049290804917379,-0.0239091964106618,-0.0035));
#6606=CARTESIAN_POINT('',(-0.0526603483473087,-0.0253049070502658,-0.0035));
#6607=CARTESIAN_POINT('',(-0.0560298648759559,-0.0239092076723563,-0.0035));
#6608=CARTESIAN_POINT('',(-0.0574255797698933,-0.0205396800154151,-0.0035));
#6609=CARTESIAN_POINT('',(-0.0560298792271366,-0.0171701476925869,-0.0035));
#6610=CARTESIAN_POINT('',(-0.052660351955299,-0.0157744370401264,-0.0035));
#6611=CARTESIAN_POINT('',(-0.0492908192488118,-0.0171701364308928,-0.0035));
#6612=CARTESIAN_POINT('',(-0.0478951097540707,-0.0205396640889745,-0.00349999999999999));
#6613=CARTESIAN_POINT('',(-0.049290804917379,-0.0239091964106618,-0.0035));
#6614=CARTESIAN_POINT('',(-0.0526603483473087,-0.0253049070502658,-0.0035));
#6615=CARTESIAN_POINT('',(-0.0560298648759559,-0.0239092076723563,-0.0035));
#6616=CARTESIAN_POINT('',(-0.0526603438637616,-0.0248396720473468,-0.0035));
#6617=CARTESIAN_POINT('',(-0.0732000159111084,-0.0043,0.0035));
#6618=CARTESIAN_POINT('',(-0.0720742785537179,-0.0043,0.0035));
#6619=CARTESIAN_POINT('',(-0.0709554732712442,-0.00383657567834723,0.0035));
#6620=CARTESIAN_POINT('',(-0.0693634402327683,-0.00224454263985707,0.0035));
#6621=CARTESIAN_POINT('',(-0.0689000159111084,-0.00112573735738908,0.0035));
#6622=CARTESIAN_POINT('',(-0.0689000159111084,0.00112573735738908,0.0035));
#6623=CARTESIAN_POINT('',(-0.0693634402327608,0.00224454263985721,0.0035));
#6624=CARTESIAN_POINT('',(-0.0709554732712517,0.0038365756783471,0.0035));
#6625=CARTESIAN_POINT('',(-0.0720742785537265,0.0043,0.0035));
#6626=CARTESIAN_POINT('',(-0.0743257532684903,0.0043,0.0035));
#6627=CARTESIAN_POINT('',(-0.0754445585509651,0.0038365756783471,0.0035));
#6628=CARTESIAN_POINT('',(-0.077036591589456,0.00224454263985721,0.0035));
#6629=CARTESIAN_POINT('',(-0.0775000159111084,0.00112573735738907,0.0035));
#6630=CARTESIAN_POINT('',(-0.0775000159111084,-0.00112573735738909,0.0035));
#6631=CARTESIAN_POINT('',(-0.077036591589456,-0.00224454263985745,0.0035));
#6632=CARTESIAN_POINT('',(-0.0754445585509651,-0.00383657567834684,0.0035));
#6633=CARTESIAN_POINT('',(-0.0743257532684989,-0.0043,0.0035));
#6634=CARTESIAN_POINT('',(-0.0732000159111084,-0.0043,0.0035));
#6635=CARTESIAN_POINT('',(-0.0732000159111084,-0.005,0.0035));
#6636=CARTESIAN_POINT('',(-0.0718910189839094,-0.00499999999999951,0.00350000000000025));
#6637=CARTESIAN_POINT('',(-0.0705900826089404,-0.00446113450970531,0.00349999999999976));
#6638=CARTESIAN_POINT('',(-0.0687388814014109,-0.00260993330216017,0.00350000000000025));
#6639=CARTESIAN_POINT('',(-0.0682000159111084,-0.0013089969271966,0.00350000000000025));
#6640=CARTESIAN_POINT('',(-0.0682000159111084,0.00130899692719661,0.00349999999999976));
#6641=CARTESIAN_POINT('',(-0.0687388814014036,0.00260993330215965,0.00349999999999976));
#6642=CARTESIAN_POINT('',(-0.0705900826089478,0.00446113450970584,0.00350000000000025));
#6643=CARTESIAN_POINT('',(-0.071891018983926,0.005,0.0035));
#6644=CARTESIAN_POINT('',(-0.0745090128382909,0.005,0.0035));
#6645=CARTESIAN_POINT('',(-0.075809949213269,0.00446113450970608,0.0035));
#6646=CARTESIAN_POINT('',(-0.0776611504208133,0.0026099333021594,0.0035));
#6647=CARTESIAN_POINT('',(-0.0782000159111162,0.0013089969271966,0.0035));
#6648=CARTESIAN_POINT('',(-0.0782000159111006,-0.00130899692719661,0.0035));
#6649=CARTESIAN_POINT('',(-0.0776611504208133,-0.00260993330215988,0.00349999999999976));
#6650=CARTESIAN_POINT('',(-0.075809949213269,-0.00446113450970559,0.00350000000000025));
#6651=CARTESIAN_POINT('',(-0.0745090128383074,-0.00500000000000049,0.00349999999999976));
#6652=CARTESIAN_POINT('',(-0.0732000159111084,-0.005,0.0035));
#6653=CARTESIAN_POINT('',(-0.0732000159111084,-0.005,0.0042));
#6654=CARTESIAN_POINT('',(-0.0718910189839094,-0.005,0.0042));
#6655=CARTESIAN_POINT('',(-0.0705900826089445,-0.00446113450970152,0.0042));
#6656=CARTESIAN_POINT('',(-0.0687388814014069,-0.00260993330216396,0.0042));
#6657=CARTESIAN_POINT('',(-0.0682000159111084,-0.0013089969271966,0.0042));
#6658=CARTESIAN_POINT('',(-0.0682000159111084,0.00130899692719661,0.0042));
#6659=CARTESIAN_POINT('',(-0.0687388814014031,0.00260993330216014,0.0042));
#6660=CARTESIAN_POINT('',(-0.0705900826089483,0.00446113450970535,0.0042));
#6661=CARTESIAN_POINT('',(-0.071891018983926,0.005,0.0042));
#6662=CARTESIAN_POINT('',(-0.0745090128382909,0.005,0.0042));
#6663=CARTESIAN_POINT('',(-0.0758099492132684,0.00446113450970547,0.0042));
#6664=CARTESIAN_POINT('',(-0.0776611504208139,0.00260993330216,0.0042));
#6665=CARTESIAN_POINT('',(-0.0782000159111084,0.0013089969271966,0.0042));
#6666=CARTESIAN_POINT('',(-0.0782000159111084,-0.00130899692719661,0.0042));
#6667=CARTESIAN_POINT('',(-0.0776611504208136,-0.00260993330216024,0.0042));
#6668=CARTESIAN_POINT('',(-0.0758099492132687,-0.00446113450970522,0.0042));
#6669=CARTESIAN_POINT('',(-0.0745090128383074,-0.005,0.0042));
#6670=CARTESIAN_POINT('',(-0.0732000159111084,-0.005,0.0042));
#6671=CARTESIAN_POINT('',(-0.076569536949831,-0.00336953559848006,0.0035));
#6672=CARTESIAN_POINT('',(-0.0732000204321716,-0.00476523500292255,0.0035));
#6673=CARTESIAN_POINT('',(-0.0698304769912551,-0.00336952438984308,0.0035));
#6674=CARTESIAN_POINT('',(-0.0684347818014173,7.92085658930688E-9,0.0035));
#6675=CARTESIAN_POINT('',(-0.0698304912696305,0.00336953558992561,0.0035));
#6676=CARTESIAN_POINT('',(-0.0732000239651298,0.00476523500722056,0.0035));
#6677=CARTESIAN_POINT('',(-0.0765695512479558,0.0033695243812877,0.0035));
#6678=CARTESIAN_POINT('',(-0.0779652518172399,-7.93055238460742E-9,0.0035));
#6679=CARTESIAN_POINT('',(-0.076569536949831,-0.00336953559848006,0.0035));
#6680=CARTESIAN_POINT('',(-0.0732000204321716,-0.00476523500292255,0.0035));
#6681=CARTESIAN_POINT('',(-0.0698304769912551,-0.00336952438984308,0.0035));
#6682=CARTESIAN_POINT('',(-0.0732000159449621,-0.00430000000000222,0.0035));
#6683=CARTESIAN_POINT('',(-0.0732000159111084,-0.005,-0.0042));
#6684=CARTESIAN_POINT('',(-0.0718910189839094,-0.005,-0.0042));
#6685=CARTESIAN_POINT('',(-0.0705900826089445,-0.00446113450970152,-0.0042));
#6686=CARTESIAN_POINT('',(-0.0687388814014069,-0.00260993330216396,-0.0042));
#6687=CARTESIAN_POINT('',(-0.0682000159111084,-0.0013089969271966,-0.0042));
#6688=CARTESIAN_POINT('',(-0.0682000159111084,0.00130899692719661,-0.0042));
#6689=CARTESIAN_POINT('',(-0.0687388814014031,0.00260993330216014,-0.0042));
#6690=CARTESIAN_POINT('',(-0.0705900826089483,0.00446113450970535,-0.0042));
#6691=CARTESIAN_POINT('',(-0.071891018983926,0.005,-0.0042));
#6692=CARTESIAN_POINT('',(-0.0745090128382909,0.005,-0.0042));
#6693=CARTESIAN_POINT('',(-0.0758099492132684,0.00446113450970547,-0.0042));
#6694=CARTESIAN_POINT('',(-0.0776611504208139,0.00260993330216,-0.0042));
#6695=CARTESIAN_POINT('',(-0.0782000159111084,0.0013089969271966,-0.0042));
#6696=CARTESIAN_POINT('',(-0.0782000159111084,-0.00130899692719661,-0.0042));
#6697=CARTESIAN_POINT('',(-0.0776611504208136,-0.00260993330216024,-0.0042));
#6698=CARTESIAN_POINT('',(-0.0758099492132687,-0.00446113450970522,-0.0042));
#6699=CARTESIAN_POINT('',(-0.0745090128383074,-0.005,-0.0042));
#6700=CARTESIAN_POINT('',(-0.0732000159111084,-0.005,-0.0042));
#6701=CARTESIAN_POINT('',(-0.0732000159111084,-0.005,-0.0035));
#6702=CARTESIAN_POINT('',(-0.0718910189839094,-0.00499999999999951,-0.00350000000000025));
#6703=CARTESIAN_POINT('',(-0.0705900826089404,-0.00446113450970555,-0.00349999999999976));
#6704=CARTESIAN_POINT('',(-0.0687388814014109,-0.00260993330215993,-0.00350000000000025));
#6705=CARTESIAN_POINT('',(-0.0682000159111084,-0.0013089969271966,-0.00350000000000025));
#6706=CARTESIAN_POINT('',(-0.0682000159111084,0.00130899692719661,-0.00349999999999976));
#6707=CARTESIAN_POINT('',(-0.0687388814014036,0.0026099333021594,-0.00349999999999976));
#6708=CARTESIAN_POINT('',(-0.0705900826089478,0.00446113450970608,-0.00350000000000025));
#6709=CARTESIAN_POINT('',(-0.071891018983926,0.005,-0.0035));
#6710=CARTESIAN_POINT('',(-0.0745090128382909,0.005,-0.0035));
#6711=CARTESIAN_POINT('',(-0.075809949213269,0.00446113450970608,-0.0035));
#6712=CARTESIAN_POINT('',(-0.0776611504208133,0.0026099333021594,-0.0035));
#6713=CARTESIAN_POINT('',(-0.0782000159111162,0.0013089969271966,-0.0035));
#6714=CARTESIAN_POINT('',(-0.0782000159111006,-0.00130899692719661,-0.0035));
#6715=CARTESIAN_POINT('',(-0.0776611504208133,-0.00260993330215988,-0.00349999999999976));
#6716=CARTESIAN_POINT('',(-0.075809949213269,-0.00446113450970559,-0.00350000000000025));
#6717=CARTESIAN_POINT('',(-0.0745090128383074,-0.00500000000000049,-0.00349999999999976));
#6718=CARTESIAN_POINT('',(-0.0732000159111084,-0.005,-0.0035));
#6719=CARTESIAN_POINT('',(-0.0732000159111084,-0.0043,-0.0035));
#6720=CARTESIAN_POINT('',(-0.0720742785537179,-0.0043,-0.0035));
#6721=CARTESIAN_POINT('',(-0.0709554732712442,-0.00383657567834723,-0.0035));
#6722=CARTESIAN_POINT('',(-0.0693634402327683,-0.00224454263985707,-0.0035));
#6723=CARTESIAN_POINT('',(-0.0689000159111084,-0.00112573735738908,-0.0035));
#6724=CARTESIAN_POINT('',(-0.0689000159111084,0.00112573735738908,-0.0035));
#6725=CARTESIAN_POINT('',(-0.0693634402327608,0.00224454263985721,-0.0035));
#6726=CARTESIAN_POINT('',(-0.0709554732712517,0.0038365756783471,-0.0035));
#6727=CARTESIAN_POINT('',(-0.0720742785537265,0.0043,-0.0035));
#6728=CARTESIAN_POINT('',(-0.0743257532684903,0.0043,-0.0035));
#6729=CARTESIAN_POINT('',(-0.0754445585509651,0.0038365756783471,-0.0035));
#6730=CARTESIAN_POINT('',(-0.077036591589456,0.00224454263985721,-0.0035));
#6731=CARTESIAN_POINT('',(-0.0775000159111084,0.00112573735738907,-0.0035));
#6732=CARTESIAN_POINT('',(-0.0775000159111084,-0.00112573735738909,-0.0035));
#6733=CARTESIAN_POINT('',(-0.077036591589456,-0.00224454263985745,-0.0035));
#6734=CARTESIAN_POINT('',(-0.0754445585509651,-0.00383657567834684,-0.0035));
#6735=CARTESIAN_POINT('',(-0.0743257532684989,-0.0043,-0.0035));
#6736=CARTESIAN_POINT('',(-0.0732000159111084,-0.0043,-0.0035));
#6737=CARTESIAN_POINT('',(-0.0698304769647269,-0.00336952436331613,-0.0035));
#6738=CARTESIAN_POINT('',(-0.0732000203946551,-0.0047652350029186,-0.0035));
#6739=CARTESIAN_POINT('',(-0.0765695369233028,-0.0033695356250095,-0.0035));
#6740=CARTESIAN_POINT('',(-0.0779652518172399,-7.96806859181638E-9,-0.0035));
#6741=CARTESIAN_POINT('',(-0.076569551274484,0.00336952435475945,-0.0035));
#6742=CARTESIAN_POINT('',(-0.0732000240026462,0.00476523500722066,-0.0035));
#6743=CARTESIAN_POINT('',(-0.0698304912961587,0.00336953561645373,-0.0035));
#6744=CARTESIAN_POINT('',(-0.0684347818014172,7.95837342310339E-9,-0.0035));
#6745=CARTESIAN_POINT('',(-0.0698304769647269,-0.00336952436331613,-0.0035));
#6746=CARTESIAN_POINT('',(-0.0732000203946551,-0.0047652350029186,-0.0035));
#6747=CARTESIAN_POINT('',(-0.0765695369233028,-0.0033695356250095,-0.0035));
#6748=CARTESIAN_POINT('',(-0.0732000159111084,-0.0043,-0.0035));
#6749=CARTESIAN_POINT('',(-0.0526603438637615,0.0162396720473468,0.0035));
#6750=CARTESIAN_POINT('',(-0.0515346065063711,0.0162396720473468,0.0035));
#6751=CARTESIAN_POINT('',(-0.0504158012239013,0.0167030963689989,0.0035));
#6752=CARTESIAN_POINT('',(-0.0488237681854175,0.0182951294074905,0.0035));
#6753=CARTESIAN_POINT('',(-0.0483603438637615,0.019413934689958,0.0035));
#6754=CARTESIAN_POINT('',(-0.0483603438637615,0.0216654094047357,0.0035));
#6755=CARTESIAN_POINT('',(-0.048823768185414,0.0227842146872055,0.0035));
#6756=CARTESIAN_POINT('',(-0.0504158012239048,0.0243762477256925,0.0035));
#6757=CARTESIAN_POINT('',(-0.0515346065063718,0.0248396720473468,0.0035));
#6758=CARTESIAN_POINT('',(-0.0537860812211513,0.0248396720473468,0.0035));
#6759=CARTESIAN_POINT('',(-0.0549048865036183,0.0243762477256925,0.0035));
#6760=CARTESIAN_POINT('',(-0.0564969195421091,0.0227842146872055,0.0035));
#6761=CARTESIAN_POINT('',(-0.0569603438637615,0.0216654094047366,0.0035));
#6762=CARTESIAN_POINT('',(-0.0569603438637615,0.0194139346899572,0.0035));
#6763=CARTESIAN_POINT('',(-0.0564969195421091,0.0182951294074882,0.0035));
#6764=CARTESIAN_POINT('',(-0.0549048865036183,0.0167030963690013,0.0035));
#6765=CARTESIAN_POINT('',(-0.053786081221152,0.0162396720473468,0.0035));
#6766=CARTESIAN_POINT('',(-0.0526603438637615,0.0162396720473468,0.0035));
#6767=CARTESIAN_POINT('',(-0.0526603438637615,0.0155396720473469,0.0035));
#6768=CARTESIAN_POINT('',(-0.0513513469365587,0.0155396720473469,0.00350000000000025));
#6769=CARTESIAN_POINT('',(-0.0500504105615975,0.0160785375376396,0.0035));
#6770=CARTESIAN_POINT('',(-0.0481992093540601,0.0179297387451887,0.0035));
#6771=CARTESIAN_POINT('',(-0.0476603438637615,0.0192306751201495,0.00350000000000025));
#6772=CARTESIAN_POINT('',(-0.0476603438637615,0.0218486689745442,0.00349999999999976));
#6773=CARTESIAN_POINT('',(-0.0481992093540567,0.0231496053495075,0.0035));
#6774=CARTESIAN_POINT('',(-0.0500504105616009,0.0250008065570517,0.0035));
#6775=CARTESIAN_POINT('',(-0.0513513469365596,0.0255396720473468,0.0035));
#6776=CARTESIAN_POINT('',(-0.0539693407909635,0.0255396720473468,0.0035));
#6777=CARTESIAN_POINT('',(-0.0552702771659182,0.0250008065570556,0.00349999999999463));
#6778=CARTESIAN_POINT('',(-0.0571214783734703,0.0231496053495036,0.00350000000000537));
#6779=CARTESIAN_POINT('',(-0.0576603438637615,0.021848668974543,0.0035));
#6780=CARTESIAN_POINT('',(-0.0576603438637615,0.0192306751201507,0.0035));
#6781=CARTESIAN_POINT('',(-0.0571214783734664,0.0179297387451863,0.0035));
#6782=CARTESIAN_POINT('',(-0.0552702771659222,0.016078537537642,0.0035));
#6783=CARTESIAN_POINT('',(-0.0539693407909644,0.0155396720473469,0.00349999999999976));
#6784=CARTESIAN_POINT('',(-0.0526603438637615,0.0155396720473469,0.0035));
#6785=CARTESIAN_POINT('',(-0.0526603438637615,0.0155396720473469,0.0042));
#6786=CARTESIAN_POINT('',(-0.0513513469365626,0.0155396720473469,0.0042));
#6787=CARTESIAN_POINT('',(-0.0500504105616004,0.0160785375376425,0.0042));
#6788=CARTESIAN_POINT('',(-0.0481992093540572,0.0179297387451857,0.0042));
#6789=CARTESIAN_POINT('',(-0.0476603438637615,0.0192306751201495,0.0042));
#6790=CARTESIAN_POINT('',(-0.0476603438637615,0.0218486689745442,0.0042));
#6791=CARTESIAN_POINT('',(-0.0481992093540567,0.0231496053495075,0.0042));
#6792=CARTESIAN_POINT('',(-0.0500504105616009,0.0250008065570517,0.0042));
#6793=CARTESIAN_POINT('',(-0.0513513469365635,0.0255396720473468,0.0042));
#6794=CARTESIAN_POINT('',(-0.0539693407909596,0.0255396720473468,0.0042));
#6795=CARTESIAN_POINT('',(-0.0552702771659222,0.0250008065570517,0.0042));
#6796=CARTESIAN_POINT('',(-0.0571214783734664,0.0231496053495075,0.0042));
#6797=CARTESIAN_POINT('',(-0.0576603438637615,0.021848668974543,0.0042));
#6798=CARTESIAN_POINT('',(-0.0576603438637615,0.0192306751201507,0.0042));
#6799=CARTESIAN_POINT('',(-0.0571214783734664,0.0179297387451863,0.0042));
#6800=CARTESIAN_POINT('',(-0.0552702771659222,0.016078537537642,0.0042));
#6801=CARTESIAN_POINT('',(-0.0539693407909605,0.0155396720473469,0.0042));
#6802=CARTESIAN_POINT('',(-0.0526603438637615,0.0155396720473469,0.0042));
#6803=CARTESIAN_POINT('',(-0.0560298649024844,0.0171701364488671,0.0035));
#6804=CARTESIAN_POINT('',(-0.0526603483848249,0.0157744370444241,0.0035));
#6805=CARTESIAN_POINT('',(-0.0492908049439075,0.0171701476575046,0.0035));
#6806=CARTESIAN_POINT('',(-0.0478951097540707,0.0205396799682034,0.0035));
#6807=CARTESIAN_POINT('',(-0.0492908192222835,0.0239092076372724,0.0035));
#6808=CARTESIAN_POINT('',(-0.0526603519177826,0.0253049070545674,0.00350000000000001));
#6809=CARTESIAN_POINT('',(-0.0560298792006089,0.0239091964286344,0.0035));
#6810=CARTESIAN_POINT('',(-0.0574255797698929,0.0205396641167949,0.0035));
#6811=CARTESIAN_POINT('',(-0.0560298649024844,0.0171701364488671,0.0035));
#6812=CARTESIAN_POINT('',(-0.0526603483848249,0.0157744370444241,0.0035));
#6813=CARTESIAN_POINT('',(-0.0492908049439075,0.0171701476575046,0.0035));
#6814=CARTESIAN_POINT('',(-0.0526603438976152,0.0162396720473446,0.0035));
#6815=CARTESIAN_POINT('',(-0.0526603438637615,0.0155396720473469,-0.0042));
#6816=CARTESIAN_POINT('',(-0.0513513469365626,0.0155396720473469,-0.0042));
#6817=CARTESIAN_POINT('',(-0.0500504105616004,0.0160785375376425,-0.0042));
#6818=CARTESIAN_POINT('',(-0.0481992093540572,0.0179297387451857,-0.0042));
#6819=CARTESIAN_POINT('',(-0.0476603438637615,0.0192306751201495,-0.0042));
#6820=CARTESIAN_POINT('',(-0.0476603438637615,0.0218486689745442,-0.0042));
#6821=CARTESIAN_POINT('',(-0.0481992093540567,0.0231496053495075,-0.0042));
#6822=CARTESIAN_POINT('',(-0.0500504105616009,0.0250008065570517,-0.0042));
#6823=CARTESIAN_POINT('',(-0.0513513469365635,0.0255396720473468,-0.0042));
#6824=CARTESIAN_POINT('',(-0.0539693407909596,0.0255396720473468,-0.0042));
#6825=CARTESIAN_POINT('',(-0.0552702771659222,0.0250008065570517,-0.0042));
#6826=CARTESIAN_POINT('',(-0.0571214783734664,0.0231496053495075,-0.0042));
#6827=CARTESIAN_POINT('',(-0.0576603438637615,0.021848668974543,-0.0042));
#6828=CARTESIAN_POINT('',(-0.0576603438637615,0.0192306751201507,-0.0042));
#6829=CARTESIAN_POINT('',(-0.0571214783734664,0.0179297387451863,-0.0042));
#6830=CARTESIAN_POINT('',(-0.0552702771659222,0.016078537537642,-0.0042));
#6831=CARTESIAN_POINT('',(-0.0539693407909605,0.0155396720473469,-0.0042));
#6832=CARTESIAN_POINT('',(-0.0526603438637615,0.0155396720473469,-0.0042));
#6833=CARTESIAN_POINT('',(-0.0526603438637615,0.0155396720473469,-0.0035));
#6834=CARTESIAN_POINT('',(-0.0513513469365587,0.0155396720473469,-0.00350000000000025));
#6835=CARTESIAN_POINT('',(-0.0500504105615975,0.0160785375376396,-0.0035));
#6836=CARTESIAN_POINT('',(-0.0481992093540601,0.0179297387451887,-0.0035));
#6837=CARTESIAN_POINT('',(-0.0476603438637615,0.0192306751201495,-0.00350000000000025));
#6838=CARTESIAN_POINT('',(-0.0476603438637615,0.0218486689745442,-0.00349999999999976));
#6839=CARTESIAN_POINT('',(-0.0481992093540567,0.0231496053495075,-0.0035));
#6840=CARTESIAN_POINT('',(-0.0500504105616009,0.0250008065570517,-0.0035));
#6841=CARTESIAN_POINT('',(-0.0513513469365596,0.0255396720473468,-0.0035));
#6842=CARTESIAN_POINT('',(-0.0539693407909635,0.0255396720473468,-0.0035));
#6843=CARTESIAN_POINT('',(-0.0552702771659143,0.0250008065570556,-0.00349999999999463));
#6844=CARTESIAN_POINT('',(-0.0571214783734742,0.0231496053495036,-0.00350000000000537));
#6845=CARTESIAN_POINT('',(-0.0576603438637615,0.021848668974543,-0.0035));
#6846=CARTESIAN_POINT('',(-0.0576603438637615,0.0192306751201507,-0.0035));
#6847=CARTESIAN_POINT('',(-0.0571214783734664,0.0179297387451863,-0.0035));
#6848=CARTESIAN_POINT('',(-0.0552702771659222,0.016078537537642,-0.0035));
#6849=CARTESIAN_POINT('',(-0.0539693407909644,0.0155396720473469,-0.00349999999999976));
#6850=CARTESIAN_POINT('',(-0.0526603438637615,0.0155396720473469,-0.0035));
#6851=CARTESIAN_POINT('',(-0.0526603438637615,0.0162396720473468,-0.0035));
#6852=CARTESIAN_POINT('',(-0.0515346065063711,0.0162396720473468,-0.0035));
#6853=CARTESIAN_POINT('',(-0.0504158012239013,0.0167030963689989,-0.0035));
#6854=CARTESIAN_POINT('',(-0.0488237681854175,0.0182951294074905,-0.0035));
#6855=CARTESIAN_POINT('',(-0.0483603438637615,0.019413934689958,-0.0035));
#6856=CARTESIAN_POINT('',(-0.0483603438637615,0.0216654094047357,-0.0035));
#6857=CARTESIAN_POINT('',(-0.048823768185414,0.0227842146872055,-0.0035));
#6858=CARTESIAN_POINT('',(-0.0504158012239048,0.0243762477256925,-0.0035));
#6859=CARTESIAN_POINT('',(-0.0515346065063718,0.0248396720473468,-0.0035));
#6860=CARTESIAN_POINT('',(-0.0537860812211513,0.0248396720473468,-0.0035));
#6861=CARTESIAN_POINT('',(-0.0549048865036183,0.0243762477256925,-0.0035));
#6862=CARTESIAN_POINT('',(-0.0564969195421091,0.0227842146872055,-0.0035));
#6863=CARTESIAN_POINT('',(-0.0569603438637615,0.0216654094047366,-0.0035));
#6864=CARTESIAN_POINT('',(-0.0569603438637615,0.0194139346899572,-0.0035));
#6865=CARTESIAN_POINT('',(-0.0564969195421091,0.0182951294074882,-0.0035));
#6866=CARTESIAN_POINT('',(-0.0549048865036183,0.0167030963690013,-0.0035));
#6867=CARTESIAN_POINT('',(-0.053786081221152,0.0162396720473468,-0.0035));
#6868=CARTESIAN_POINT('',(-0.0526603438637615,0.0162396720473468,-0.0035));
#6869=CARTESIAN_POINT('',(-0.0492908049173792,0.0171701476840315,-0.0035));
#6870=CARTESIAN_POINT('',(-0.0526603483473084,0.015774437044428,-0.0035));
#6871=CARTESIAN_POINT('',(-0.0560298648759562,0.0171701364223376,-0.0035));
#6872=CARTESIAN_POINT('',(-0.057425579769893,0.0205396640792787,-0.0035));
#6873=CARTESIAN_POINT('',(-0.0560298792271372,0.0239091964021062,-0.0035));
#6874=CARTESIAN_POINT('',(-0.0526603519552992,0.0253049070545675,-0.00349999999999999));
#6875=CARTESIAN_POINT('',(-0.0492908192488117,0.0239092076638006,-0.0035));
#6876=CARTESIAN_POINT('',(-0.0478951097540707,0.0205396800057203,-0.0035));
#6877=CARTESIAN_POINT('',(-0.0492908049173792,0.0171701476840315,-0.0035));
#6878=CARTESIAN_POINT('',(-0.0526603483473084,0.015774437044428,-0.0035));
#6879=CARTESIAN_POINT('',(-0.0560298648759562,0.0171701364223376,-0.0035));
#6880=CARTESIAN_POINT('',(-0.0526603438637615,0.0162396720473468,-0.0035));
#6881=CARTESIAN_POINT('',(-0.0506971012643673,-0.0158000142028041,0.00429999999999988));
#6882=CARTESIAN_POINT('',(-0.0526603438637615,-0.0154095009696181,0.0043));
#6883=CARTESIAN_POINT('',(-0.0546235864631558,-0.0158000142028044,0.00430000000000013));
#6884=CARTESIAN_POINT('',(-0.0562879431736306,-0.0169121018026215,0.00430000000000025));
#6885=CARTESIAN_POINT('',(-0.0574000307734475,-0.0185764585130965,0.00430000000000034));
#6886=CARTESIAN_POINT('',(-0.0577905440066335,-0.0205397011124907,0.00430000000000039));
#6887=CARTESIAN_POINT('',(-0.0574000307734473,-0.0225029437118849,0.00430000000000039));
#6888=CARTESIAN_POINT('',(-0.0562879431736302,-0.0241673004223598,0.00430000000000034));
#6889=CARTESIAN_POINT('',(-0.0546235864631552,-0.0252793880221767,0.00430000000000025));
#6890=CARTESIAN_POINT('',(-0.0526603438637609,-0.0256699012553626,0.00430000000000013));
#6891=CARTESIAN_POINT('',(-0.0506971012643667,-0.0252793880221764,0.0043));
#6892=CARTESIAN_POINT('',(-0.0490327445538919,-0.0241673004223593,0.00429999999999988));
#6893=CARTESIAN_POINT('',(-0.047920656954075,-0.0225029437118843,0.00429999999999978));
#6894=CARTESIAN_POINT('',(-0.047530143720889,-0.0205397011124901,0.00429999999999974));
#6895=CARTESIAN_POINT('',(-0.0479206569540752,-0.0185764585130959,0.00429999999999974));
#6896=CARTESIAN_POINT('',(-0.0490327445538923,-0.016912101802621,0.00429999999999979));
#6897=CARTESIAN_POINT('',(-0.0506971012643673,-0.0158000142028041,0.00429999999999988));
#6898=CARTESIAN_POINT('',(-0.0526603438637615,-0.0154095009696181,0.0043));
#6899=CARTESIAN_POINT('',(-0.0546235864631558,-0.0158000142028044,0.00430000000000013));
#6900=CARTESIAN_POINT('',(-0.0506971012643674,-0.0158000142028041,0.00476664728950192));
#6901=CARTESIAN_POINT('',(-0.0526603438637616,-0.0154095009696182,0.00476664728950204));
#6902=CARTESIAN_POINT('',(-0.0546235864631558,-0.0158000142028044,0.00476664728950217));
#6903=CARTESIAN_POINT('',(-0.0562879431736307,-0.0169121018026215,0.00476664728950229));
#6904=CARTESIAN_POINT('',(-0.0574000307734475,-0.0185764585130965,0.00476664728950238));
#6905=CARTESIAN_POINT('',(-0.0577905440066335,-0.0205397011124907,0.00476664728950243));
#6906=CARTESIAN_POINT('',(-0.0574000307734473,-0.0225029437118849,0.00476664728950243));
#6907=CARTESIAN_POINT('',(-0.0562879431736301,-0.0241673004223598,0.00476664728950238));
#6908=CARTESIAN_POINT('',(-0.0546235864631552,-0.0252793880221767,0.00476664728950228));
#6909=CARTESIAN_POINT('',(-0.0526603438637609,-0.0256699012553627,0.00476664728950217));
#6910=CARTESIAN_POINT('',(-0.0506971012643667,-0.0252793880221764,0.00476664728950203));
#6911=CARTESIAN_POINT('',(-0.0490327445538919,-0.0241673004223593,0.00476664728950192));
#6912=CARTESIAN_POINT('',(-0.047920656954075,-0.0225029437118843,0.00476664728950182));
#6913=CARTESIAN_POINT('',(-0.047530143720889,-0.0205397011124901,0.00476664728950178));
#6914=CARTESIAN_POINT('',(-0.0479206569540753,-0.0185764585130959,0.00476664728950178));
#6915=CARTESIAN_POINT('',(-0.0490327445538923,-0.016912101802621,0.00476664728950183));
#6916=CARTESIAN_POINT('',(-0.0506971012643674,-0.0158000142028041,0.00476664728950192));
#6917=CARTESIAN_POINT('',(-0.0526603438637616,-0.0154095009696182,0.00476664728950204));
#6918=CARTESIAN_POINT('',(-0.0546235864631558,-0.0158000142028044,0.00476664728950217));
#6919=CARTESIAN_POINT('',(-0.0506054914171834,-0.0155788484672855,0.00499998062243295));
#6920=CARTESIAN_POINT('',(-0.0526603438637616,-0.0151701129025209,0.00499998062243307));
#6921=CARTESIAN_POINT('',(-0.0547151963103398,-0.0155788484672858,0.00499998062243321));
#6922=CARTESIAN_POINT('',(-0.0564572160992102,-0.0167428288770419,0.00499998062243334));
#6923=CARTESIAN_POINT('',(-0.057621196508966,-0.0184848486659126,0.00499998062243343));
#6924=CARTESIAN_POINT('',(-0.0580299320737306,-0.0205397011124908,0.00499998062243348));
#6925=CARTESIAN_POINT('',(-0.0576211965089657,-0.022594553559069,0.00499998062243349));
#6926=CARTESIAN_POINT('',(-0.0564572160992097,-0.0243365733479394,0.00499998062243343));
#6927=CARTESIAN_POINT('',(-0.054715196310339,-0.0255005537576952,0.00499998062243334));
#6928=CARTESIAN_POINT('',(-0.0526603438637608,-0.0259092893224598,0.00499998062243321));
#6929=CARTESIAN_POINT('',(-0.0506054914171826,-0.0255005537576949,0.00499998062243307));
#6930=CARTESIAN_POINT('',(-0.0488634716283122,-0.0243365733479388,0.00499998062243294));
#6931=CARTESIAN_POINT('',(-0.0476994912185563,-0.0225945535590682,0.00499998062243286));
#6932=CARTESIAN_POINT('',(-0.0472907556537918,-0.02053970111249,0.0049999806224328));
#6933=CARTESIAN_POINT('',(-0.0476994912185566,-0.0184848486659118,0.0049999806224328));
#6934=CARTESIAN_POINT('',(-0.0488634716283128,-0.0167428288770414,0.00499998062243285));
#6935=CARTESIAN_POINT('',(-0.0506054914171834,-0.0155788484672855,0.00499998062243295));
#6936=CARTESIAN_POINT('',(-0.0526603438637616,-0.0151701129025209,0.00499998062243307));
#6937=CARTESIAN_POINT('',(-0.0547151963103398,-0.0155788484672858,0.00499998062243321));
#6938=CARTESIAN_POINT('',(-0.0504222717228153,-0.0151365169962485,0.00499999999879298));
#6939=CARTESIAN_POINT('',(-0.0526603438637615,-0.0146913367683265,0.00499999999879312));
#6940=CARTESIAN_POINT('',(-0.0548984160047078,-0.0151365169962487,0.00499999999879327));
#6941=CARTESIAN_POINT('',(-0.0567957619503693,-0.0164042830258827,0.0049999999987934));
#6942=CARTESIAN_POINT('',(-0.0580635279800032,-0.0183016289715445,0.00499999999879351));
#6943=CARTESIAN_POINT('',(-0.0585087082079251,-0.0205397011124907,0.00499999999879356));
#6944=CARTESIAN_POINT('',(-0.0580635279800029,-0.022777773253437,0.00499999999879356));
#6945=CARTESIAN_POINT('',(-0.0567957619503688,-0.0246751191990985,0.00499999999879351));
#6946=CARTESIAN_POINT('',(-0.0548984160047071,-0.0259428852287323,0.0049999999987934));
#6947=CARTESIAN_POINT('',(-0.0526603438637609,-0.0263880654566543,0.00499999999879326));
#6948=CARTESIAN_POINT('',(-0.0504222717228146,-0.0259428852287321,0.00499999999879311));
#6949=CARTESIAN_POINT('',(-0.0485249257771531,-0.024675119199098,0.00499999999879298));
#6950=CARTESIAN_POINT('',(-0.0472571597475193,-0.0227777732534363,0.00499999999879287));
#6951=CARTESIAN_POINT('',(-0.0468119795195973,-0.02053970111249,0.00499999999879282));
#6952=CARTESIAN_POINT('',(-0.0472571597475196,-0.0183016289715438,0.00499999999879282));
#6953=CARTESIAN_POINT('',(-0.0485249257771536,-0.0164042830258822,0.00499999999879287));
#6954=CARTESIAN_POINT('',(-0.0504222717228153,-0.0151365169962485,0.00499999999879298));
#6955=CARTESIAN_POINT('',(-0.0526603438637615,-0.0146913367683265,0.00499999999879312));
#6956=CARTESIAN_POINT('',(-0.0548984160047078,-0.0151365169962487,0.00499999999879327));
#6957=CARTESIAN_POINT('',(-0.0504222717228153,-0.0151365169962485,-0.00499999999879298));
#6958=CARTESIAN_POINT('',(-0.0526603438637615,-0.0146913367683266,-0.00499999999879312));
#6959=CARTESIAN_POINT('',(-0.0548984160047077,-0.0151365169962487,-0.00499999999879327));
#6960=CARTESIAN_POINT('',(-0.0567957619503693,-0.0164042830258827,-0.0049999999987934));
#6961=CARTESIAN_POINT('',(-0.0580635279800032,-0.0183016289715444,-0.00499999999879351));
#6962=CARTESIAN_POINT('',(-0.0585087082079251,-0.0205397011124907,-0.00499999999879356));
#6963=CARTESIAN_POINT('',(-0.0580635279800029,-0.0227777732534369,-0.00499999999879356));
#6964=CARTESIAN_POINT('',(-0.056795761950369,-0.0246751191990985,-0.00499999999879351));
#6965=CARTESIAN_POINT('',(-0.0548984160047072,-0.0259428852287323,-0.0049999999987934));
#6966=CARTESIAN_POINT('',(-0.052660343863761,-0.0263880654566543,-0.00499999999879326));
#6967=CARTESIAN_POINT('',(-0.0504222717228148,-0.0259428852287321,-0.00499999999879311));
#6968=CARTESIAN_POINT('',(-0.0485249257771532,-0.0246751191990981,-0.00499999999879298));
#6969=CARTESIAN_POINT('',(-0.0472571597475194,-0.0227777732534364,-0.00499999999879287));
#6970=CARTESIAN_POINT('',(-0.0468119795195974,-0.0205397011124901,-0.00499999999879282));
#6971=CARTESIAN_POINT('',(-0.0472571597475196,-0.0183016289715439,-0.00499999999879282));
#6972=CARTESIAN_POINT('',(-0.0485249257771536,-0.0164042830258823,-0.00499999999879287));
#6973=CARTESIAN_POINT('',(-0.0504222717228153,-0.0151365169962485,-0.00499999999879298));
#6974=CARTESIAN_POINT('',(-0.0526603438637615,-0.0146913367683266,-0.00499999999879312));
#6975=CARTESIAN_POINT('',(-0.0548984160047077,-0.0151365169962487,-0.00499999999879327));
#6976=CARTESIAN_POINT('',(-0.0506054914171833,-0.0155788484672856,-0.00499998062243293));
#6977=CARTESIAN_POINT('',(-0.0526603438637616,-0.015170112902521,-0.00499998062243306));
#6978=CARTESIAN_POINT('',(-0.0547151963103398,-0.0155788484672858,-0.0049999806224332));
#6979=CARTESIAN_POINT('',(-0.0564572160992103,-0.0167428288770419,-0.00499998062243332));
#6980=CARTESIAN_POINT('',(-0.0576211965089661,-0.0184848486659125,-0.00499998062243342));
#6981=CARTESIAN_POINT('',(-0.0580299320737308,-0.0205397011124908,-0.00499998062243347));
#6982=CARTESIAN_POINT('',(-0.0576211965089659,-0.0225945535590689,-0.00499998062243347));
#6983=CARTESIAN_POINT('',(-0.0564572160992098,-0.0243365733479394,-0.00499998062243342));
#6984=CARTESIAN_POINT('',(-0.0547151963103392,-0.0255005537576952,-0.00499998062243332));
#6985=CARTESIAN_POINT('',(-0.052660343863761,-0.0259092893224599,-0.00499998062243319));
#6986=CARTESIAN_POINT('',(-0.0506054914171827,-0.025500553757695,-0.00499998062243306));
#6987=CARTESIAN_POINT('',(-0.0488634716283123,-0.0243365733479389,-0.00499998062243293));
#6988=CARTESIAN_POINT('',(-0.0476994912185565,-0.0225945535590684,-0.00499998062243283));
#6989=CARTESIAN_POINT('',(-0.0472907556537919,-0.0205397011124901,-0.00499998062243278));
#6990=CARTESIAN_POINT('',(-0.0476994912185567,-0.0184848486659119,-0.00499998062243278));
#6991=CARTESIAN_POINT('',(-0.0488634716283128,-0.0167428288770415,-0.00499998062243283));
#6992=CARTESIAN_POINT('',(-0.0506054914171833,-0.0155788484672856,-0.00499998062243293));
#6993=CARTESIAN_POINT('',(-0.0526603438637616,-0.015170112902521,-0.00499998062243306));
#6994=CARTESIAN_POINT('',(-0.0547151963103398,-0.0155788484672858,-0.0049999806224332));
#6995=CARTESIAN_POINT('',(-0.0506971012643674,-0.0158000142028041,-0.0047666472895019));
#6996=CARTESIAN_POINT('',(-0.0526603438637616,-0.0154095009696181,-0.00476664728950201));
#6997=CARTESIAN_POINT('',(-0.0546235864631558,-0.0158000142028044,-0.00476664728950214));
#6998=CARTESIAN_POINT('',(-0.0562879431736306,-0.0169121018026214,-0.00476664728950226));
#6999=CARTESIAN_POINT('',(-0.0574000307734476,-0.0185764585130965,-0.00476664728950236));
#7000=CARTESIAN_POINT('',(-0.0577905440066336,-0.0205397011124907,-0.00476664728950241));
#7001=CARTESIAN_POINT('',(-0.0574000307734474,-0.0225029437118849,-0.00476664728950241));
#7002=CARTESIAN_POINT('',(-0.0562879431736302,-0.0241673004223598,-0.00476664728950235));
#7003=CARTESIAN_POINT('',(-0.0546235864631553,-0.0252793880221767,-0.00476664728950226));
#7004=CARTESIAN_POINT('',(-0.052660343863761,-0.0256699012553627,-0.00476664728950214));
#7005=CARTESIAN_POINT('',(-0.0506971012643668,-0.0252793880221765,-0.00476664728950201));
#7006=CARTESIAN_POINT('',(-0.0490327445538919,-0.0241673004223594,-0.00476664728950189));
#7007=CARTESIAN_POINT('',(-0.047920656954075,-0.0225029437118844,-0.00476664728950181));
#7008=CARTESIAN_POINT('',(-0.047530143720889,-0.0205397011124901,-0.00476664728950175));
#7009=CARTESIAN_POINT('',(-0.0479206569540753,-0.0185764585130959,-0.00476664728950175));
#7010=CARTESIAN_POINT('',(-0.0490327445538923,-0.016912101802621,-0.0047666472895018));
#7011=CARTESIAN_POINT('',(-0.0506971012643674,-0.0158000142028041,-0.0047666472895019));
#7012=CARTESIAN_POINT('',(-0.0526603438637616,-0.0154095009696181,-0.00476664728950201));
#7013=CARTESIAN_POINT('',(-0.0546235864631558,-0.0158000142028044,-0.00476664728950214));
#7014=CARTESIAN_POINT('',(-0.0506971012643673,-0.0158000142028042,-0.00429999999999988));
#7015=CARTESIAN_POINT('',(-0.0526603438637615,-0.0154095009696181,-0.0043));
#7016=CARTESIAN_POINT('',(-0.0546235864631558,-0.0158000142028043,-0.00430000000000013));
#7017=CARTESIAN_POINT('',(-0.0562879431736307,-0.0169121018026214,-0.00430000000000025));
#7018=CARTESIAN_POINT('',(-0.0574000307734476,-0.0185764585130964,-0.00430000000000034));
#7019=CARTESIAN_POINT('',(-0.0577905440066336,-0.0205397011124907,-0.00430000000000039));
#7020=CARTESIAN_POINT('',(-0.0574000307734474,-0.0225029437118849,-0.00430000000000039));
#7021=CARTESIAN_POINT('',(-0.0562879431736303,-0.0241673004223598,-0.00430000000000034));
#7022=CARTESIAN_POINT('',(-0.0546235864631553,-0.0252793880221767,-0.00430000000000025));
#7023=CARTESIAN_POINT('',(-0.0526603438637611,-0.0256699012553627,-0.00430000000000013));
#7024=CARTESIAN_POINT('',(-0.0506971012643669,-0.0252793880221765,-0.0043));
#7025=CARTESIAN_POINT('',(-0.049032744553892,-0.0241673004223594,-0.00429999999999988));
#7026=CARTESIAN_POINT('',(-0.0479206569540751,-0.0225029437118844,-0.00429999999999978));
#7027=CARTESIAN_POINT('',(-0.0475301437208891,-0.0205397011124902,-0.00429999999999974));
#7028=CARTESIAN_POINT('',(-0.0479206569540753,-0.018576458513096,-0.00429999999999973));
#7029=CARTESIAN_POINT('',(-0.0490327445538923,-0.0169121018026211,-0.00429999999999978));
#7030=CARTESIAN_POINT('',(-0.0506971012643673,-0.0158000142028042,-0.00429999999999988));
#7031=CARTESIAN_POINT('',(-0.0526603438637615,-0.0154095009696181,-0.0043));
#7032=CARTESIAN_POINT('',(-0.0546235864631558,-0.0158000142028043,-0.00430000000000013));
#7033=CARTESIAN_POINT('',(-0.0712367733117141,0.0047396578445427,0.0043));
#7034=CARTESIAN_POINT('',(-0.0732000159111084,0.00513017107772871,0.0043));
#7035=CARTESIAN_POINT('',(-0.0751632585105027,0.00473965784454248,0.00430000000000001));
#7036=CARTESIAN_POINT('',(-0.0768276152209777,0.00362757024472534,0.00430000000000001));
#7037=CARTESIAN_POINT('',(-0.0779397028207947,0.00196321353425025,0.00430000000000001));
#7038=CARTESIAN_POINT('',(-0.0783302160539806,-2.90651441091394E-8,0.00430000000000001));
#7039=CARTESIAN_POINT('',(-0.0779397028207944,-0.00196327166453842,0.00430000000000002));
#7040=CARTESIAN_POINT('',(-0.0768276152209773,-0.00362762837501339,0.00430000000000002));
#7041=CARTESIAN_POINT('',(-0.0751632585105022,-0.00473971597483035,0.00430000000000002));
#7042=CARTESIAN_POINT('',(-0.0732000159111078,-0.00513022920801636,0.00430000000000002));
#7043=CARTESIAN_POINT('',(-0.0712367733117135,-0.00473971597483013,0.00430000000000001));
#7044=CARTESIAN_POINT('',(-0.0695724166012386,-0.00362762837501299,0.00430000000000001));
#7045=CARTESIAN_POINT('',(-0.0684603290014216,-0.0019632716645379,0.0043));
#7046=CARTESIAN_POINT('',(-0.0680698157682356,-2.90651435435399E-8,0.0043));
#7047=CARTESIAN_POINT('',(-0.0684603290014218,0.00196321353425077,0.0043));
#7048=CARTESIAN_POINT('',(-0.0695724166012389,0.00362757024472574,0.0043));
#7049=CARTESIAN_POINT('',(-0.0712367733117141,0.0047396578445427,0.0043));
#7050=CARTESIAN_POINT('',(-0.0732000159111084,0.00513017107772871,0.0043));
#7051=CARTESIAN_POINT('',(-0.0751632585105027,0.00473965784454248,0.00430000000000001));
#7052=CARTESIAN_POINT('',(-0.071236773311714,0.00473965784454269,0.00476664728950184));
#7053=CARTESIAN_POINT('',(-0.0732000159111084,0.00513017107772871,0.00476664728950184));
#7054=CARTESIAN_POINT('',(-0.0751632585105027,0.00473965784454249,0.00476664728950184));
#7055=CARTESIAN_POINT('',(-0.0768276152209777,0.00362757024472535,0.00476664728950185));
#7056=CARTESIAN_POINT('',(-0.0779397028207947,0.00196321353425026,0.00476664728950185));
#7057=CARTESIAN_POINT('',(-0.0783302160539807,-2.90651440887327E-8,0.00476664728950186));
#7058=CARTESIAN_POINT('',(-0.0779397028207944,-0.0019632716645384,0.00476664728950186));
#7059=CARTESIAN_POINT('',(-0.0768276152209773,-0.00362762837501338,0.00476664728950186));
#7060=CARTESIAN_POINT('',(-0.0751632585105022,-0.00473971597483033,0.00476664728950186));
#7061=CARTESIAN_POINT('',(-0.0732000159111079,-0.00513022920801635,0.00476664728950185));
#7062=CARTESIAN_POINT('',(-0.0712367733117136,-0.00473971597483014,0.00476664728950186));
#7063=CARTESIAN_POINT('',(-0.0695724166012386,-0.003627628375013,0.00476664728950185));
#7064=CARTESIAN_POINT('',(-0.0684603290014216,-0.00196327166453791,0.00476664728950185));
#7065=CARTESIAN_POINT('',(-0.0680698157682357,-2.90651435546733E-8,0.00476664728950184));
#7066=CARTESIAN_POINT('',(-0.0684603290014218,0.00196321353425076,0.00476664728950184));
#7067=CARTESIAN_POINT('',(-0.069572416601239,0.00362757024472573,0.00476664728950183));
#7068=CARTESIAN_POINT('',(-0.071236773311714,0.00473965784454269,0.00476664728950184));
#7069=CARTESIAN_POINT('',(-0.0732000159111084,0.00513017107772871,0.00476664728950184));
#7070=CARTESIAN_POINT('',(-0.0751632585105027,0.00473965784454249,0.00476664728950184));
#7071=CARTESIAN_POINT('',(-0.0711451634645302,0.00496082358006108,0.00499998062243288));
#7072=CARTESIAN_POINT('',(-0.0732000159111084,0.00536955914482572,0.00499998062243288));
#7073=CARTESIAN_POINT('',(-0.0752548683576867,0.00496082358006083,0.00499998062243289));
#7074=CARTESIAN_POINT('',(-0.0769968881465571,0.00379684317030475,0.00499998062243288));
#7075=CARTESIAN_POINT('',(-0.078160868556313,0.00205482338143415,0.00499998062243289));
#7076=CARTESIAN_POINT('',(-0.0785696041210776,-2.90651441428716E-8,0.0049999806224329));
#7077=CARTESIAN_POINT('',(-0.0781608685563128,-0.00205488151172238,0.0049999806224329));
#7078=CARTESIAN_POINT('',(-0.0769968881465567,-0.00379690130059285,0.0049999806224329));
#7079=CARTESIAN_POINT('',(-0.0752548683576861,-0.00496088171034873,0.0049999806224329));
#7080=CARTESIAN_POINT('',(-0.0732000159111078,-0.00536961727511337,0.0049999806224329));
#7081=CARTESIAN_POINT('',(-0.0711451634645296,-0.00496088171034849,0.00499998062243289));
#7082=CARTESIAN_POINT('',(-0.0694031436756591,-0.00379690130059241,0.00499998062243289));
#7083=CARTESIAN_POINT('',(-0.0682391632659032,-0.0020548815117218,0.00499998062243288));
#7084=CARTESIAN_POINT('',(-0.0678304277011385,-2.90651435128265E-8,0.00499998062243288));
#7085=CARTESIAN_POINT('',(-0.0682391632659035,0.00205482338143473,0.00499998062243288));
#7086=CARTESIAN_POINT('',(-0.0694031436756595,0.0037968431703052,0.00499998062243288));
#7087=CARTESIAN_POINT('',(-0.0711451634645302,0.00496082358006108,0.00499998062243288));
#7088=CARTESIAN_POINT('',(-0.0732000159111084,0.00536955914482572,0.00499998062243288));
#7089=CARTESIAN_POINT('',(-0.0752548683576867,0.00496082358006083,0.00499998062243289));
#7090=CARTESIAN_POINT('',(-0.0709619437701623,0.00540315505109782,0.00499999999879312));
#7091=CARTESIAN_POINT('',(-0.0732000159111084,0.00584833527901975,0.00499999999879312));
#7092=CARTESIAN_POINT('',(-0.0754380880520545,0.00540315505109758,0.00499999999879312));
#7093=CARTESIAN_POINT('',(-0.077335433997716,0.00413538902146364,0.00499999999879313));
#7094=CARTESIAN_POINT('',(-0.0786032000273498,0.00223804307580202,0.00499999999879313));
#7095=CARTESIAN_POINT('',(-0.0790483802552717,-2.90651441235898E-8,0.00499999999879314));
#7096=CARTESIAN_POINT('',(-0.0786032000273495,-0.00223810120609023,0.00499999999879314));
#7097=CARTESIAN_POINT('',(-0.0773354339977156,-0.00413544715175172,0.00499999999879314));
#7098=CARTESIAN_POINT('',(-0.075438088052054,-0.00540321318138547,0.00499999999879314));
#7099=CARTESIAN_POINT('',(-0.0732000159111078,-0.0058483934093074,0.00499999999879314));
#7100=CARTESIAN_POINT('',(-0.0709619437701618,-0.00540321318138524,0.00499999999879313));
#7101=CARTESIAN_POINT('',(-0.0690645978245002,-0.0041354471517513,0.00499999999879313));
#7102=CARTESIAN_POINT('',(-0.0677968317948665,-0.00223810120608968,0.00499999999879312));
#7103=CARTESIAN_POINT('',(-0.0673516515669446,-2.90651435268161E-8,0.00499999999879312));
#7104=CARTESIAN_POINT('',(-0.0677968317948668,0.00223804307580258,0.00499999999879312));
#7105=CARTESIAN_POINT('',(-0.0690645978245007,0.00413538902146407,0.00499999999879311));
#7106=CARTESIAN_POINT('',(-0.0709619437701623,0.00540315505109782,0.00499999999879312));
#7107=CARTESIAN_POINT('',(-0.0732000159111084,0.00584833527901975,0.00499999999879312));
#7108=CARTESIAN_POINT('',(-0.0754380880520545,0.00540315505109758,0.00499999999879312));
#7109=CARTESIAN_POINT('',(-0.0709619437701623,0.00540315505109782,-0.00499999999879312));
#7110=CARTESIAN_POINT('',(-0.0732000159111084,0.00584833527901975,-0.00499999999879312));
#7111=CARTESIAN_POINT('',(-0.0754380880520545,0.00540315505109758,-0.00499999999879312));
#7112=CARTESIAN_POINT('',(-0.077335433997716,0.00413538902146364,-0.00499999999879313));
#7113=CARTESIAN_POINT('',(-0.0786032000273497,0.00223804307580202,-0.00499999999879313));
#7114=CARTESIAN_POINT('',(-0.0790483802552717,-2.90651441228054E-8,-0.00499999999879314));
#7115=CARTESIAN_POINT('',(-0.0786032000273495,-0.00223810120609023,-0.00499999999879314));
#7116=CARTESIAN_POINT('',(-0.0773354339977156,-0.00413544715175172,-0.00499999999879314));
#7117=CARTESIAN_POINT('',(-0.075438088052054,-0.00540321318138547,-0.00499999999879314));
#7118=CARTESIAN_POINT('',(-0.0732000159111078,-0.0058483934093074,-0.00499999999879314));
#7119=CARTESIAN_POINT('',(-0.0709619437701617,-0.00540321318138524,-0.00499999999879313));
#7120=CARTESIAN_POINT('',(-0.0690645978245002,-0.0041354471517513,-0.00499999999879313));
#7121=CARTESIAN_POINT('',(-0.0677968317948665,-0.00223810120608968,-0.00499999999879312));
#7122=CARTESIAN_POINT('',(-0.0673516515669446,-2.90651435259454E-8,-0.00499999999879312));
#7123=CARTESIAN_POINT('',(-0.0677968317948667,0.00223804307580258,-0.00499999999879311));
#7124=CARTESIAN_POINT('',(-0.0690645978245006,0.00413538902146407,-0.00499999999879311));
#7125=CARTESIAN_POINT('',(-0.0709619437701623,0.00540315505109782,-0.00499999999879312));
#7126=CARTESIAN_POINT('',(-0.0732000159111084,0.00584833527901975,-0.00499999999879312));
#7127=CARTESIAN_POINT('',(-0.0754380880520545,0.00540315505109758,-0.00499999999879312));
#7128=CARTESIAN_POINT('',(-0.0711451634645301,0.00496082358006107,-0.00499998062243288));
#7129=CARTESIAN_POINT('',(-0.0732000159111084,0.00536955914482572,-0.00499998062243288));
#7130=CARTESIAN_POINT('',(-0.0752548683576866,0.00496082358006085,-0.00499998062243288));
#7131=CARTESIAN_POINT('',(-0.0769968881465571,0.00379684317030478,-0.00499998062243289));
#7132=CARTESIAN_POINT('',(-0.078160868556313,0.00205482338143419,-0.00499998062243289));
#7133=CARTESIAN_POINT('',(-0.0785696041210778,-2.90651440971911E-8,-0.0049999806224329));
#7134=CARTESIAN_POINT('',(-0.0781608685563128,-0.00205488151172234,-0.0049999806224329));
#7135=CARTESIAN_POINT('',(-0.0769968881465568,-0.00379690130059282,-0.0049999806224329));
#7136=CARTESIAN_POINT('',(-0.0752548683576862,-0.00496088171034871,-0.0049999806224329));
#7137=CARTESIAN_POINT('',(-0.0732000159111079,-0.00536961727511337,-0.00499998062243289));
#7138=CARTESIAN_POINT('',(-0.0711451634645297,-0.0049608817103485,-0.00499998062243289));
#7139=CARTESIAN_POINT('',(-0.0694031436756592,-0.00379690130059244,-0.00499998062243289));
#7140=CARTESIAN_POINT('',(-0.0682391632659033,-0.00205488151172183,-0.00499998062243288));
#7141=CARTESIAN_POINT('',(-0.0678304277011386,-2.90651435544666E-8,-0.00499998062243288));
#7142=CARTESIAN_POINT('',(-0.0682391632659035,0.00205482338143469,-0.00499998062243288));
#7143=CARTESIAN_POINT('',(-0.0694031436756595,0.00379684317030517,-0.00499998062243288));
#7144=CARTESIAN_POINT('',(-0.0711451634645301,0.00496082358006107,-0.00499998062243288));
#7145=CARTESIAN_POINT('',(-0.0732000159111084,0.00536955914482572,-0.00499998062243288));
#7146=CARTESIAN_POINT('',(-0.0752548683576866,0.00496082358006085,-0.00499998062243288));
#7147=CARTESIAN_POINT('',(-0.0712367733117141,0.0047396578445427,-0.00476664728950184));
#7148=CARTESIAN_POINT('',(-0.0732000159111084,0.00513017107772871,-0.00476664728950184));
#7149=CARTESIAN_POINT('',(-0.0751632585105027,0.00473965784454248,-0.00476664728950184));
#7150=CARTESIAN_POINT('',(-0.0768276152209777,0.00362757024472533,-0.00476664728950185));
#7151=CARTESIAN_POINT('',(-0.0779397028207947,0.00196321353425024,-0.00476664728950185));
#7152=CARTESIAN_POINT('',(-0.0783302160539806,-2.90651441118397E-8,-0.00476664728950186));
#7153=CARTESIAN_POINT('',(-0.0779397028207944,-0.00196327166453842,-0.00476664728950186));
#7154=CARTESIAN_POINT('',(-0.0768276152209773,-0.00362762837501339,-0.00476664728950186));
#7155=CARTESIAN_POINT('',(-0.0751632585105022,-0.00473971597483034,-0.00476664728950186));
#7156=CARTESIAN_POINT('',(-0.0732000159111078,-0.00513022920801635,-0.00476664728950185));
#7157=CARTESIAN_POINT('',(-0.0712367733117135,-0.00473971597483013,-0.00476664728950185));
#7158=CARTESIAN_POINT('',(-0.0695724166012386,-0.00362762837501298,-0.00476664728950185));
#7159=CARTESIAN_POINT('',(-0.0684603290014216,-0.00196327166453789,-0.00476664728950184));
#7160=CARTESIAN_POINT('',(-0.0680698157682356,-2.90651435342124E-8,-0.00476664728950184));
#7161=CARTESIAN_POINT('',(-0.0684603290014218,0.00196321353425078,-0.00476664728950184));
#7162=CARTESIAN_POINT('',(-0.0695724166012389,0.00362757024472575,-0.00476664728950183));
#7163=CARTESIAN_POINT('',(-0.0712367733117141,0.0047396578445427,-0.00476664728950184));
#7164=CARTESIAN_POINT('',(-0.0732000159111084,0.00513017107772871,-0.00476664728950184));
#7165=CARTESIAN_POINT('',(-0.0751632585105027,0.00473965784454248,-0.00476664728950184));
#7166=CARTESIAN_POINT('',(-0.0712367733117141,0.0047396578445427,-0.0043));
#7167=CARTESIAN_POINT('',(-0.0732000159111084,0.00513017107772871,-0.0043));
#7168=CARTESIAN_POINT('',(-0.0751632585105027,0.00473965784454248,-0.00430000000000001));
#7169=CARTESIAN_POINT('',(-0.0768276152209777,0.00362757024472534,-0.00430000000000001));
#7170=CARTESIAN_POINT('',(-0.0779397028207947,0.00196321353425025,-0.00430000000000001));
#7171=CARTESIAN_POINT('',(-0.0783302160539806,-2.90651441091394E-8,-0.00430000000000001));
#7172=CARTESIAN_POINT('',(-0.0779397028207944,-0.00196327166453842,-0.00430000000000002));
#7173=CARTESIAN_POINT('',(-0.0768276152209773,-0.00362762837501339,-0.00430000000000002));
#7174=CARTESIAN_POINT('',(-0.0751632585105022,-0.00473971597483035,-0.00430000000000002));
#7175=CARTESIAN_POINT('',(-0.0732000159111078,-0.00513022920801636,-0.00430000000000002));
#7176=CARTESIAN_POINT('',(-0.0712367733117135,-0.00473971597483013,-0.00430000000000001));
#7177=CARTESIAN_POINT('',(-0.0695724166012386,-0.00362762837501299,-0.00430000000000001));
#7178=CARTESIAN_POINT('',(-0.0684603290014216,-0.0019632716645379,-0.0043));
#7179=CARTESIAN_POINT('',(-0.0680698157682356,-2.90651435435399E-8,-0.0043));
#7180=CARTESIAN_POINT('',(-0.0684603290014218,0.00196321353425077,-0.0043));
#7181=CARTESIAN_POINT('',(-0.0695724166012389,0.00362757024472574,-0.0043));
#7182=CARTESIAN_POINT('',(-0.0712367733117141,0.0047396578445427,-0.0043));
#7183=CARTESIAN_POINT('',(-0.0732000159111084,0.00513017107772871,-0.0043));
#7184=CARTESIAN_POINT('',(-0.0751632585105027,0.00473965784454248,-0.00430000000000001));
#7185=CARTESIAN_POINT('',(-0.0506971012643673,0.0252793298918894,0.00430000000000001));
#7186=CARTESIAN_POINT('',(-0.0526603438637615,0.0256698431250755,0.0043));
#7187=CARTESIAN_POINT('',(-0.0546235864631559,0.0252793298918895,0.00429999999999999));
#7188=CARTESIAN_POINT('',(-0.0562879431736309,0.0241672422920725,0.00429999999999996));
#7189=CARTESIAN_POINT('',(-0.057400030773448,0.0225028855815975,0.00429999999999992));
#7190=CARTESIAN_POINT('',(-0.0577905440066342,0.0205396429822032,0.00429999999999988));
#7191=CARTESIAN_POINT('',(-0.0574000307734481,0.0185764003828089,0.00429999999999985));
#7192=CARTESIAN_POINT('',(-0.0562879431736311,0.0169120436723338,0.00429999999999982));
#7193=CARTESIAN_POINT('',(-0.0546235864631562,0.0157999560725167,0.00429999999999981));
#7194=CARTESIAN_POINT('',(-0.0526603438637618,0.0154094428393306,0.00429999999999981));
#7195=CARTESIAN_POINT('',(-0.0506971012643675,0.0157999560725166,0.00429999999999982));
#7196=CARTESIAN_POINT('',(-0.0490327445538925,0.0169120436723336,0.00429999999999985));
#7197=CARTESIAN_POINT('',(-0.0479206569540754,0.0185764003828086,0.00429999999999989));
#7198=CARTESIAN_POINT('',(-0.0475301437208892,0.0205396429822029,0.00429999999999993));
#7199=CARTESIAN_POINT('',(-0.0479206569540753,0.0225028855815973,0.00429999999999997));
#7200=CARTESIAN_POINT('',(-0.0490327445538923,0.0241672422920723,0.00429999999999999));
#7201=CARTESIAN_POINT('',(-0.0506971012643673,0.0252793298918894,0.00430000000000001));
#7202=CARTESIAN_POINT('',(-0.0526603438637615,0.0256698431250755,0.0043));
#7203=CARTESIAN_POINT('',(-0.0546235864631559,0.0252793298918895,0.00429999999999999));
#7204=CARTESIAN_POINT('',(-0.0506971012643673,0.0252793298918894,0.00476664728950186));
#7205=CARTESIAN_POINT('',(-0.0526603438637616,0.0256698431250756,0.00476664728950185));
#7206=CARTESIAN_POINT('',(-0.0546235864631559,0.0252793298918895,0.00476664728950184));
#7207=CARTESIAN_POINT('',(-0.056287943173631,0.0241672422920725,0.0047666472895018));
#7208=CARTESIAN_POINT('',(-0.057400030773448,0.0225028855815975,0.00476664728950177));
#7209=CARTESIAN_POINT('',(-0.0577905440066342,0.0205396429822032,0.00476664728950173));
#7210=CARTESIAN_POINT('',(-0.0574000307734482,0.0185764003828088,0.0047666472895017));
#7211=CARTESIAN_POINT('',(-0.0562879431736311,0.0169120436723338,0.00476664728950167));
#7212=CARTESIAN_POINT('',(-0.0546235864631561,0.0157999560725167,0.00476664728950166));
#7213=CARTESIAN_POINT('',(-0.0526603438637618,0.0154094428393306,0.00476664728950166));
#7214=CARTESIAN_POINT('',(-0.0506971012643675,0.0157999560725166,0.00476664728950168));
#7215=CARTESIAN_POINT('',(-0.0490327445538925,0.0169120436723336,0.0047666472895017));
#7216=CARTESIAN_POINT('',(-0.0479206569540754,0.0185764003828086,0.00476664728950175));
#7217=CARTESIAN_POINT('',(-0.0475301437208892,0.0205396429822029,0.00476664728950178));
#7218=CARTESIAN_POINT('',(-0.0479206569540753,0.0225028855815973,0.00476664728950182));
#7219=CARTESIAN_POINT('',(-0.0490327445538923,0.0241672422920723,0.00476664728950184));
#7220=CARTESIAN_POINT('',(-0.0506971012643673,0.0252793298918894,0.00476664728950186));
#7221=CARTESIAN_POINT('',(-0.0526603438637616,0.0256698431250756,0.00476664728950185));
#7222=CARTESIAN_POINT('',(-0.0546235864631559,0.0252793298918895,0.00476664728950184));
#7223=CARTESIAN_POINT('',(-0.0506054914171833,0.0255004956274078,0.00499998062243289));
#7224=CARTESIAN_POINT('',(-0.0526603438637615,0.0259092311921726,0.00499998062243289));
#7225=CARTESIAN_POINT('',(-0.0547151963103398,0.0255004956274079,0.00499998062243287));
#7226=CARTESIAN_POINT('',(-0.0564572160992104,0.024336515217652,0.00499998062243285));
#7227=CARTESIAN_POINT('',(-0.0576211965089664,0.0225944954287815,0.00499998062243281));
#7228=CARTESIAN_POINT('',(-0.0580299320737313,0.0205396429822032,0.00499998062243277));
#7229=CARTESIAN_POINT('',(-0.0576211965089665,0.018484790535625,0.00499998062243273));
#7230=CARTESIAN_POINT('',(-0.0564572160992107,0.0167427707467544,0.0049999806224327));
#7231=CARTESIAN_POINT('',(-0.0547151963103401,0.0155787903369984,0.00499998062243268));
#7232=CARTESIAN_POINT('',(-0.0526603438637619,0.0151700547722335,0.00499998062243268));
#7233=CARTESIAN_POINT('',(-0.0506054914171836,0.0155787903369982,0.0049999806224327));
#7234=CARTESIAN_POINT('',(-0.048863471628313,0.0167427707467541,0.00499998062243274));
#7235=CARTESIAN_POINT('',(-0.047699491218557,0.0184847905356246,0.00499998062243277));
#7236=CARTESIAN_POINT('',(-0.0472907556537922,0.0205396429822029,0.00499998062243281));
#7237=CARTESIAN_POINT('',(-0.0476994912185569,0.0225944954287812,0.00499998062243285));
#7238=CARTESIAN_POINT('',(-0.0488634716283128,0.0243365152176517,0.00499998062243288));
#7239=CARTESIAN_POINT('',(-0.0506054914171833,0.0255004956274078,0.00499998062243289));
#7240=CARTESIAN_POINT('',(-0.0526603438637615,0.0259092311921726,0.00499998062243289));
#7241=CARTESIAN_POINT('',(-0.0547151963103398,0.0255004956274079,0.00499998062243287));
#7242=CARTESIAN_POINT('',(-0.0504222717228155,0.0259428270984445,0.00499999999879313));
#7243=CARTESIAN_POINT('',(-0.0526603438637615,0.0263880073263666,0.00499999999879312));
#7244=CARTESIAN_POINT('',(-0.0548984160047077,0.0259428270984446,0.0049999999987931));
#7245=CARTESIAN_POINT('',(-0.0567957619503693,0.0246750610688108,0.00499999999879307));
#7246=CARTESIAN_POINT('',(-0.0580635279800032,0.0227777151231493,0.00499999999879303));
#7247=CARTESIAN_POINT('',(-0.0585087082079253,0.0205396429822032,0.00499999999879298));
#7248=CARTESIAN_POINT('',(-0.0580635279800033,0.0183015708412571,0.00499999999879294));
#7249=CARTESIAN_POINT('',(-0.0567957619503695,0.0164042248955955,0.00499999999879291));
#7250=CARTESIAN_POINT('',(-0.054898416004708,0.0151364588659616,0.0049999999987929));
#7251=CARTESIAN_POINT('',(-0.0526603438637618,0.0146912786380395,0.0049999999987929));
#7252=CARTESIAN_POINT('',(-0.0504222717228157,0.0151364588659615,0.00499999999879292));
#7253=CARTESIAN_POINT('',(-0.0485249257771541,0.0164042248955952,0.00499999999879295));
#7254=CARTESIAN_POINT('',(-0.0472571597475202,0.0183015708412568,0.00499999999879299));
#7255=CARTESIAN_POINT('',(-0.0468119795195981,0.0205396429822029,0.00499999999879304));
#7256=CARTESIAN_POINT('',(-0.0472571597475201,0.022777715123149,0.00499999999879308));
#7257=CARTESIAN_POINT('',(-0.0485249257771539,0.0246750610688106,0.00499999999879311));
#7258=CARTESIAN_POINT('',(-0.0504222717228155,0.0259428270984445,0.00499999999879313));
#7259=CARTESIAN_POINT('',(-0.0526603438637615,0.0263880073263666,0.00499999999879312));
#7260=CARTESIAN_POINT('',(-0.0548984160047077,0.0259428270984446,0.0049999999987931));
#7261=CARTESIAN_POINT('',(-0.0504222717228155,0.0259428270984446,-0.00499999999879313));
#7262=CARTESIAN_POINT('',(-0.0526603438637615,0.0263880073263667,-0.00499999999879312));
#7263=CARTESIAN_POINT('',(-0.0548984160047077,0.0259428270984447,-0.0049999999987931));
#7264=CARTESIAN_POINT('',(-0.0567957619503693,0.0246750610688109,-0.00499999999879306));
#7265=CARTESIAN_POINT('',(-0.0580635279800032,0.0227777151231493,-0.00499999999879302));
#7266=CARTESIAN_POINT('',(-0.0585087082079253,0.0205396429822032,-0.00499999999879298));
#7267=CARTESIAN_POINT('',(-0.0580635279800032,0.018301570841257,-0.00499999999879294));
#7268=CARTESIAN_POINT('',(-0.0567957619503694,0.0164042248955954,-0.00499999999879291));
#7269=CARTESIAN_POINT('',(-0.0548984160047079,0.0151364588659615,-0.0049999999987929));
#7270=CARTESIAN_POINT('',(-0.0526603438637617,0.0146912786380395,-0.00499999999879291));
#7271=CARTESIAN_POINT('',(-0.0504222717228156,0.0151364588659615,-0.00499999999879293));
#7272=CARTESIAN_POINT('',(-0.048524925777154,0.0164042248955953,-0.00499999999879296));
#7273=CARTESIAN_POINT('',(-0.0472571597475201,0.0183015708412569,-0.00499999999879301));
#7274=CARTESIAN_POINT('',(-0.046811979519598,0.020539642982203,-0.00499999999879305));
#7275=CARTESIAN_POINT('',(-0.0472571597475201,0.0227777151231492,-0.00499999999879309));
#7276=CARTESIAN_POINT('',(-0.0485249257771539,0.0246750610688107,-0.00499999999879312));
#7277=CARTESIAN_POINT('',(-0.0504222717228155,0.0259428270984446,-0.00499999999879313));
#7278=CARTESIAN_POINT('',(-0.0526603438637615,0.0263880073263667,-0.00499999999879312));
#7279=CARTESIAN_POINT('',(-0.0548984160047077,0.0259428270984447,-0.0049999999987931));
#7280=CARTESIAN_POINT('',(-0.0506054914171833,0.0255004956274078,-0.00499998062243291));
#7281=CARTESIAN_POINT('',(-0.0526603438637615,0.0259092311921726,-0.00499998062243291));
#7282=CARTESIAN_POINT('',(-0.0547151963103398,0.0255004956274079,-0.00499998062243289));
#7283=CARTESIAN_POINT('',(-0.0564572160992103,0.0243365152176519,-0.00499998062243286));
#7284=CARTESIAN_POINT('',(-0.0576211965089664,0.0225944954287814,-0.00499998062243282));
#7285=CARTESIAN_POINT('',(-0.0580299320737312,0.0205396429822032,-0.00499998062243278));
#7286=CARTESIAN_POINT('',(-0.0576211965089664,0.0184847905356249,-0.00499998062243274));
#7287=CARTESIAN_POINT('',(-0.0564572160992105,0.0167427707467544,-0.00499998062243272));
#7288=CARTESIAN_POINT('',(-0.05471519631034,0.0155787903369984,-0.00499998062243271));
#7289=CARTESIAN_POINT('',(-0.0526603438637617,0.0151700547722335,-0.00499998062243271));
#7290=CARTESIAN_POINT('',(-0.0506054914171835,0.0155787903369983,-0.00499998062243274));
#7291=CARTESIAN_POINT('',(-0.0488634716283129,0.0167427707467542,-0.00499998062243276));
#7292=CARTESIAN_POINT('',(-0.0476994912185569,0.0184847905356247,-0.00499998062243281));
#7293=CARTESIAN_POINT('',(-0.0472907556537921,0.0205396429822029,-0.00499998062243284));
#7294=CARTESIAN_POINT('',(-0.0476994912185568,0.0225944954287812,-0.00499998062243288));
#7295=CARTESIAN_POINT('',(-0.0488634716283128,0.0243365152176518,-0.0049999806224329));
#7296=CARTESIAN_POINT('',(-0.0506054914171833,0.0255004956274078,-0.00499998062243291));
#7297=CARTESIAN_POINT('',(-0.0526603438637615,0.0259092311921726,-0.00499998062243291));
#7298=CARTESIAN_POINT('',(-0.0547151963103398,0.0255004956274079,-0.00499998062243289));
#7299=CARTESIAN_POINT('',(-0.0506971012643673,0.0252793298918894,-0.00476664728950188));
#7300=CARTESIAN_POINT('',(-0.0526603438637616,0.0256698431250755,-0.00476664728950187));
#7301=CARTESIAN_POINT('',(-0.0546235864631559,0.0252793298918895,-0.00476664728950186));
#7302=CARTESIAN_POINT('',(-0.0562879431736309,0.0241672422920725,-0.00476664728950183));
#7303=CARTESIAN_POINT('',(-0.057400030773448,0.0225028855815975,-0.00476664728950179));
#7304=CARTESIAN_POINT('',(-0.0577905440066341,0.0205396429822032,-0.00476664728950175));
#7305=CARTESIAN_POINT('',(-0.057400030773448,0.0185764003828089,-0.00476664728950172));
#7306=CARTESIAN_POINT('',(-0.056287943173631,0.0169120436723338,-0.00476664728950169));
#7307=CARTESIAN_POINT('',(-0.054623586463156,0.0157999560725168,-0.00476664728950168));
#7308=CARTESIAN_POINT('',(-0.0526603438637617,0.0154094428393306,-0.00476664728950169));
#7309=CARTESIAN_POINT('',(-0.0506971012643674,0.0157999560725167,-0.00476664728950171));
#7310=CARTESIAN_POINT('',(-0.0490327445538924,0.0169120436723337,-0.00476664728950174));
#7311=CARTESIAN_POINT('',(-0.0479206569540753,0.0185764003828087,-0.00476664728950177));
#7312=CARTESIAN_POINT('',(-0.0475301437208892,0.020539642982203,-0.00476664728950182));
#7313=CARTESIAN_POINT('',(-0.0479206569540753,0.0225028855815973,-0.00476664728950185));
#7314=CARTESIAN_POINT('',(-0.0490327445538923,0.0241672422920723,-0.00476664728950187));
#7315=CARTESIAN_POINT('',(-0.0506971012643673,0.0252793298918894,-0.00476664728950188));
#7316=CARTESIAN_POINT('',(-0.0526603438637616,0.0256698431250755,-0.00476664728950187));
#7317=CARTESIAN_POINT('',(-0.0546235864631559,0.0252793298918895,-0.00476664728950186));
#7318=CARTESIAN_POINT('',(-0.0506971012643673,0.0252793298918894,-0.00430000000000001));
#7319=CARTESIAN_POINT('',(-0.0526603438637615,0.0256698431250756,-0.0043));
#7320=CARTESIAN_POINT('',(-0.0546235864631559,0.0252793298918895,-0.00429999999999998));
#7321=CARTESIAN_POINT('',(-0.0562879431736309,0.0241672422920725,-0.00429999999999995));
#7322=CARTESIAN_POINT('',(-0.0574000307734479,0.0225028855815975,-0.00429999999999992));
#7323=CARTESIAN_POINT('',(-0.0577905440066341,0.0205396429822032,-0.00429999999999988));
#7324=CARTESIAN_POINT('',(-0.057400030773448,0.0185764003828089,-0.00429999999999984));
#7325=CARTESIAN_POINT('',(-0.056287943173631,0.0169120436723338,-0.00429999999999982));
#7326=CARTESIAN_POINT('',(-0.054623586463156,0.0157999560725168,-0.00429999999999981));
#7327=CARTESIAN_POINT('',(-0.0526603438637617,0.0154094428393306,-0.00429999999999982));
#7328=CARTESIAN_POINT('',(-0.0506971012643674,0.0157999560725167,-0.00429999999999983));
#7329=CARTESIAN_POINT('',(-0.0490327445538924,0.0169120436723337,-0.00429999999999986));
#7330=CARTESIAN_POINT('',(-0.0479206569540753,0.0185764003828087,-0.0042999999999999));
#7331=CARTESIAN_POINT('',(-0.0475301437208892,0.020539642982203,-0.00429999999999994));
#7332=CARTESIAN_POINT('',(-0.0479206569540753,0.0225028855815973,-0.00429999999999997));
#7333=CARTESIAN_POINT('',(-0.0490327445538923,0.0241672422920723,-0.0043));
#7334=CARTESIAN_POINT('',(-0.0506971012643673,0.0252793298918894,-0.00430000000000001));
#7335=CARTESIAN_POINT('',(-0.0526603438637615,0.0256698431250756,-0.0043));
#7336=CARTESIAN_POINT('',(-0.0546235864631559,0.0252793298918895,-0.00429999999999998));
#7337=CARTESIAN_POINT('',(-0.0526603438637616,2.05731716980633E-18,0.005));
#7338=CARTESIAN_POINT('',(-0.0526603438637616,2.05731716980633E-18,-0.0035));
#7339=CARTESIAN_POINT('',(-0.0535027828983535,0.0162952370475358,-0.0035));
#7340=CARTESIAN_POINT('',(-0.0535027828983535,0.0162952370475358,0.0035));
#7341=CARTESIAN_POINT('',(-0.052660457557621,0.016212045394711,-0.0035));
#7342=CARTESIAN_POINT('',(-0.052660457557621,0.016212045394711,0.0035));
#7343=CARTESIAN_POINT('',(-0.0518180487130218,0.0162953234280949,-0.0035));
#7344=CARTESIAN_POINT('',(-0.0518180487130218,0.0162953234280949,0.0035));
#7345=CARTESIAN_POINT('',(-0.0510065433570489,0.0165465814413771,-0.0035));
#7346=CARTESIAN_POINT('',(-0.0510065433570489,0.0165465814413771,0.0035));
#7347=CARTESIAN_POINT('',(-0.0502548545491381,0.0169427272195103,-0.0035));
#7348=CARTESIAN_POINT('',(-0.0502548545491381,0.0169427272195103,0.0035));
#7349=CARTESIAN_POINT('',(-0.0496004174700299,0.0174794087705532,-0.0035));
#7350=CARTESIAN_POINT('',(-0.0496004174700299,0.0174794087705532,0.0035));
#7351=CARTESIAN_POINT('',(-0.0490635293656685,0.0181339733338598,-0.0035));
#7352=CARTESIAN_POINT('',(-0.0490635293656685,0.0181339733338598,0.0035));
#7353=CARTESIAN_POINT('',(-0.0486674207810304,0.018885492019353,-0.0035));
#7354=CARTESIAN_POINT('',(-0.0486674207810304,0.018885492019353,0.0035));
#7355=CARTESIAN_POINT('',(-0.0484159784355088,0.0196971837568082,-0.0035));
#7356=CARTESIAN_POINT('',(-0.0484159784355088,0.0196971837568082,0.0035));
#7357=CARTESIAN_POINT('',(-0.0483327171886881,0.0205394343722035,-0.0035));
#7358=CARTESIAN_POINT('',(-0.0483327171886881,0.0205394343722035,0.0035));
#7359=CARTESIAN_POINT('',(-0.0484159258112044,0.0213819179497391,-0.0035));
#7360=CARTESIAN_POINT('',(-0.0484159258112044,0.0213819179497391,0.0035));
#7361=CARTESIAN_POINT('',(-0.0486672390291913,0.0221934131601562,-0.0035));
#7362=CARTESIAN_POINT('',(-0.0486672390291913,0.0221934131601562,0.0035));
#7363=CARTESIAN_POINT('',(-0.0490633950860404,0.0229451624297922,-0.0035));
#7364=CARTESIAN_POINT('',(-0.0490633950860404,0.0229451624297922,0.0035));
#7365=CARTESIAN_POINT('',(-0.0496000816385347,0.0235995981568039,-0.0035));
#7366=CARTESIAN_POINT('',(-0.0496000816385347,0.0235995981568039,0.0035));
#7367=CARTESIAN_POINT('',(-0.0502546448642981,0.024136486622757,-0.0035));
#7368=CARTESIAN_POINT('',(-0.0502546448642981,0.024136486622757,0.0035));
#7369=CARTESIAN_POINT('',(-0.0510061639128046,0.0245325951092594,-0.0035));
#7370=CARTESIAN_POINT('',(-0.0510061639128046,0.0245325951092594,0.0035));
#7371=CARTESIAN_POINT('',(-0.0518178555528687,0.0247840374811044,-0.0035));
#7372=CARTESIAN_POINT('',(-0.0518178555528687,0.0247840374811044,0.0035));
#7373=CARTESIAN_POINT('',(-0.0526601061940474,0.0248672987209556,-0.0035));
#7374=CARTESIAN_POINT('',(-0.0526601061940474,0.0248672987209556,0.0035));
#7375=CARTESIAN_POINT('',(-0.0535025897646825,0.0247840901002989,-0.0035));
#7376=CARTESIAN_POINT('',(-0.0535025897646825,0.0247840901002989,0.0035));
#7377=CARTESIAN_POINT('',(-0.0543140849769696,0.0245327768818107,-0.0035));
#7378=CARTESIAN_POINT('',(-0.0543140849769696,0.0245327768818107,0.0035));
#7379=CARTESIAN_POINT('',(-0.0550658342461015,0.0241366208250864,-0.0035));
#7380=CARTESIAN_POINT('',(-0.0550658342461015,0.0241366208250864,0.0035));
#7381=CARTESIAN_POINT('',(-0.0557202699732354,0.0235999342725986,-0.0035));
#7382=CARTESIAN_POINT('',(-0.0557202699732354,0.0235999342725986,0.0035));
#7383=CARTESIAN_POINT('',(-0.0562571584391887,0.0229453710467108,-0.0035));
#7384=CARTESIAN_POINT('',(-0.0562571584391887,0.0229453710467108,0.0035));
#7385=CARTESIAN_POINT('',(-0.0566532669255657,0.022193851998711,-0.0035));
#7386=CARTESIAN_POINT('',(-0.0566532669255657,0.022193851998711,0.0035));
#7387=CARTESIAN_POINT('',(-0.0569047092979198,0.0213821603567685,-0.0035));
#7388=CARTESIAN_POINT('',(-0.0569047092979198,0.0213821603567685,0.0035));
#7389=CARTESIAN_POINT('',(-0.0569879705358999,0.0205399097225035,-0.0035));
#7390=CARTESIAN_POINT('',(-0.0569879705358999,0.0205399097225035,0.0035));
#7391=CARTESIAN_POINT('',(-0.0569047619222294,0.0196974261260295,-0.0035));
#7392=CARTESIAN_POINT('',(-0.0569047619222294,0.0196974261260295,0.0035));
#7393=CARTESIAN_POINT('',(-0.0566534486773377,0.0188859310114012,-0.0035));
#7394=CARTESIAN_POINT('',(-0.0566534486773377,0.0188859310114012,0.0035));
#7395=CARTESIAN_POINT('',(-0.0562572927189618,0.0181341813785,-0.0035));
#7396=CARTESIAN_POINT('',(-0.0562572927189618,0.0181341813785,0.0035));
#7397=CARTESIAN_POINT('',(-0.0557206058038411,0.0174797469926465,-0.0035));
#7398=CARTESIAN_POINT('',(-0.0557206058038411,0.0174797469926465,0.0035));
#7399=CARTESIAN_POINT('',(-0.0550660439329557,0.0169428535148267,-0.0035));
#7400=CARTESIAN_POINT('',(-0.0550660439329557,0.0169428535148267,0.0035));
#7401=CARTESIAN_POINT('',(-0.0543144643602569,0.0165467347748613,-0.0035));
#7402=CARTESIAN_POINT('',(-0.0543144643602569,0.0165467347748613,0.0035));
#7403=CARTESIAN_POINT('',(-0.0535027828983535,0.0162952370475358,-0.0035));
#7404=CARTESIAN_POINT('',(-0.0535027828983535,0.0162952370475358,0.0035));
#7405=CARTESIAN_POINT('',(-0.052660457557621,0.016212045394711,-0.0035));
#7406=CARTESIAN_POINT('',(-0.052660457557621,0.016212045394711,0.0035));
#7407=CARTESIAN_POINT('',(-0.0518180487130218,0.0162953234280949,-0.0035));
#7408=CARTESIAN_POINT('',(-0.0518180487130218,0.0162953234280949,0.0035));
#7409=CARTESIAN_POINT('',(-0.0740424549457044,-0.00424443499981376,-0.0035));
#7410=CARTESIAN_POINT('',(-0.0740424549457044,-0.00424443499981376,0.0035));
#7411=CARTESIAN_POINT('',(-0.0732001296049703,-0.00432762665263516,-0.0035));
#7412=CARTESIAN_POINT('',(-0.0732001296049703,-0.00432762665263516,0.0035));
#7413=CARTESIAN_POINT('',(-0.072357720760367,-0.00424434861925294,-0.0035));
#7414=CARTESIAN_POINT('',(-0.072357720760367,-0.00424434861925294,0.0035));
#7415=CARTESIAN_POINT('',(-0.0715462154043907,-0.00399309060596751,-0.0035));
#7416=CARTESIAN_POINT('',(-0.0715462154043907,-0.00399309060596751,0.0035));
#7417=CARTESIAN_POINT('',(-0.0707945265964796,-0.00359694482783637,-0.0035));
#7418=CARTESIAN_POINT('',(-0.0707945265964796,-0.00359694482783637,0.0035));
#7419=CARTESIAN_POINT('',(-0.0701400895173719,-0.00306026327678901,-0.0035));
#7420=CARTESIAN_POINT('',(-0.0701400895173719,-0.00306026327678901,0.0035));
#7421=CARTESIAN_POINT('',(-0.0696032014130173,-0.00240569871348296,-0.0035));
#7422=CARTESIAN_POINT('',(-0.0696032014130173,-0.00240569871348296,0.0035));
#7423=CARTESIAN_POINT('',(-0.0692070928283767,-0.00165418002798955,-0.0035));
#7424=CARTESIAN_POINT('',(-0.0692070928283767,-0.00165418002798955,0.0035));
#7425=CARTESIAN_POINT('',(-0.0689556504828542,-0.000842488290537075,-0.0035));
#7426=CARTESIAN_POINT('',(-0.0689556504828542,-0.000842488290537075,0.0035));
#7427=CARTESIAN_POINT('',(-0.0688723892360348,-2.37675139455502E-7,-0.0035));
#7428=CARTESIAN_POINT('',(-0.0688723892360348,-2.37675139455502E-7,0.0035));
#7429=CARTESIAN_POINT('',(-0.0689555978585532,0.000842245902393591,-0.0035));
#7430=CARTESIAN_POINT('',(-0.0689555978585532,0.000842245902393591,0.0035));
#7431=CARTESIAN_POINT('',(-0.0692069110765388,0.00165374111281103,-0.0035));
#7432=CARTESIAN_POINT('',(-0.0692069110765388,0.00165374111281103,0.0035));
#7433=CARTESIAN_POINT('',(-0.0696030671333876,0.00240549038244525,-0.0035));
#7434=CARTESIAN_POINT('',(-0.0696030671333876,0.00240549038244525,0.0035));
#7435=CARTESIAN_POINT('',(-0.0701397536858822,0.0030599261094577,-0.0035));
#7436=CARTESIAN_POINT('',(-0.0701397536858822,0.0030599261094577,0.0035));
#7437=CARTESIAN_POINT('',(-0.0707943169116462,0.0035968145754113,-0.0035));
#7438=CARTESIAN_POINT('',(-0.0707943169116462,0.0035968145754113,0.0035));
#7439=CARTESIAN_POINT('',(-0.0715458359601543,0.00399292306191307,-0.0035));
#7440=CARTESIAN_POINT('',(-0.0715458359601543,0.00399292306191307,0.0035));
#7441=CARTESIAN_POINT('',(-0.0723575276002178,0.00424436543375673,-0.0035));
#7442=CARTESIAN_POINT('',(-0.0723575276002178,0.00424436543375673,0.0035));
#7443=CARTESIAN_POINT('',(-0.0731997782413923,0.00432762667360911,-0.0035));
#7444=CARTESIAN_POINT('',(-0.0731997782413923,0.00432762667360911,0.0035));
#7445=CARTESIAN_POINT('',(-0.0740422618120251,0.00424441805295088,-0.0035));
#7446=CARTESIAN_POINT('',(-0.0740422618120251,0.00424441805295088,0.0035));
#7447=CARTESIAN_POINT('',(-0.0748537570243128,0.00399310483446398,-0.0035));
#7448=CARTESIAN_POINT('',(-0.0748537570243128,0.00399310483446398,0.0035));
#7449=CARTESIAN_POINT('',(-0.0756055062934509,0.00359694877774354,-0.0035));
#7450=CARTESIAN_POINT('',(-0.0756055062934509,0.00359694877774354,0.0035));
#7451=CARTESIAN_POINT('',(-0.0762599420205869,0.0030602622252462,-0.0035));
#7452=CARTESIAN_POINT('',(-0.0762599420205869,0.0030602622252462,0.0035));
#7453=CARTESIAN_POINT('',(-0.0767968304865397,0.00240569899935876,-0.0035));
#7454=CARTESIAN_POINT('',(-0.0767968304865397,0.00240569899935876,0.0035));
#7455=CARTESIAN_POINT('',(-0.0771929389729166,0.00165417995135462,-0.0035));
#7456=CARTESIAN_POINT('',(-0.0771929389729166,0.00165417995135462,0.0035));
#7457=CARTESIAN_POINT('',(-0.0774443813452636,0.000842488309417011,-0.0035));
#7458=CARTESIAN_POINT('',(-0.0774443813452636,0.000842488309417011,0.0035));
#7459=CARTESIAN_POINT('',(-0.077527642583248,2.37675157095444E-7,-0.0035));
#7460=CARTESIAN_POINT('',(-0.077527642583248,2.37675157095444E-7,0.0035));
#7461=CARTESIAN_POINT('',(-0.077444433969573,-0.000842245921312383,-0.0035));
#7462=CARTESIAN_POINT('',(-0.077444433969573,-0.000842245921312383,0.0035));
#7463=CARTESIAN_POINT('',(-0.0771931207246876,-0.00165374103593791,-0.0035));
#7464=CARTESIAN_POINT('',(-0.0771931207246876,-0.00165374103593791,0.0035));
#7465=CARTESIAN_POINT('',(-0.0767969647663138,-0.00240549066884513,-0.0035));
#7466=CARTESIAN_POINT('',(-0.0767969647663138,-0.00240549066884513,0.0035));
#7467=CARTESIAN_POINT('',(-0.0762602778511928,-0.00305992505469537,-0.0035));
#7468=CARTESIAN_POINT('',(-0.0762602778511928,-0.00305992505469537,0.0035));
#7469=CARTESIAN_POINT('',(-0.0756057159803038,-0.00359681853251629,-0.0035));
#7470=CARTESIAN_POINT('',(-0.0756057159803038,-0.00359681853251629,0.0035));
#7471=CARTESIAN_POINT('',(-0.07485413640761,-0.00399293727248353,-0.0035));
#7472=CARTESIAN_POINT('',(-0.07485413640761,-0.00399293727248353,0.0035));
#7473=CARTESIAN_POINT('',(-0.0740424549457044,-0.00424443499981376,-0.0035));
#7474=CARTESIAN_POINT('',(-0.0740424549457044,-0.00424443499981376,0.0035));
#7475=CARTESIAN_POINT('',(-0.0732001296049703,-0.00432762665263516,-0.0035));
#7476=CARTESIAN_POINT('',(-0.0732001296049703,-0.00432762665263516,0.0035));
#7477=CARTESIAN_POINT('',(-0.072357720760367,-0.00424434861925294,-0.0035));
#7478=CARTESIAN_POINT('',(-0.072357720760367,-0.00424434861925294,0.0035));
#7479=CARTESIAN_POINT('',(-0.0535027828983555,-0.0247841070471594,-0.0035));
#7480=CARTESIAN_POINT('',(-0.0535027828983555,-0.0247841070471594,0.0035));
#7481=CARTESIAN_POINT('',(-0.0526604575576209,-0.0248672986999821,-0.0035));
#7482=CARTESIAN_POINT('',(-0.0526604575576209,-0.0248672986999821,0.0035));
#7483=CARTESIAN_POINT('',(-0.05181804871302,-0.0247840206666008,-0.0035));
#7484=CARTESIAN_POINT('',(-0.05181804871302,-0.0247840206666008,0.0035));
#7485=CARTESIAN_POINT('',(-0.0510065433570446,-0.0245327626533139,-0.0035));
#7486=CARTESIAN_POINT('',(-0.0510065433570446,-0.0245327626533139,0.0035));
#7487=CARTESIAN_POINT('',(-0.0502548545491359,-0.0241366168751808,-0.0035));
#7488=CARTESIAN_POINT('',(-0.0502548545491359,-0.0241366168751808,0.0035));
#7489=CARTESIAN_POINT('',(-0.0496004174700246,-0.0235999353241351,-0.0035));
#7490=CARTESIAN_POINT('',(-0.0496004174700246,-0.0235999353241351,0.0035));
#7491=CARTESIAN_POINT('',(-0.0490635293656649,-0.0229453707608311,-0.0035));
#7492=CARTESIAN_POINT('',(-0.0490635293656649,-0.0229453707608311,0.0035));
#7493=CARTESIAN_POINT('',(-0.0486674207810257,-0.0221938520753328,-0.0035));
#7494=CARTESIAN_POINT('',(-0.0486674207810257,-0.0221938520753328,0.0035));
#7495=CARTESIAN_POINT('',(-0.0484159784355058,-0.0213821603378807,-0.0035));
#7496=CARTESIAN_POINT('',(-0.0484159784355058,-0.0213821603378807,0.0035));
#7497=CARTESIAN_POINT('',(-0.0483327171886878,-0.0205399097224824,-0.0035));
#7498=CARTESIAN_POINT('',(-0.0483327171886878,-0.0205399097224824,0.0035));
#7499=CARTESIAN_POINT('',(-0.0484159258112091,-0.019697426144953,-0.0035));
#7500=CARTESIAN_POINT('',(-0.0484159258112091,-0.019697426144953,0.0035));
#7501=CARTESIAN_POINT('',(-0.0486672390291918,-0.0188859309345358,-0.0035));
#7502=CARTESIAN_POINT('',(-0.0486672390291918,-0.0188859309345358,0.0035));
#7503=CARTESIAN_POINT('',(-0.0490633950860398,-0.018134181664902,-0.0035));
#7504=CARTESIAN_POINT('',(-0.0490633950860398,-0.018134181664902,0.0035));
#7505=CARTESIAN_POINT('',(-0.0496000816385332,-0.0174797459378911,-0.0035));
#7506=CARTESIAN_POINT('',(-0.0496000816385332,-0.0174797459378911,0.0035));
#7507=CARTESIAN_POINT('',(-0.0502546448642977,-0.0169428574719385,-0.0035));
#7508=CARTESIAN_POINT('',(-0.0502546448642977,-0.0169428574719385,0.0035));
#7509=CARTESIAN_POINT('',(-0.0510061639128021,-0.0165467489854346,-0.0035));
#7510=CARTESIAN_POINT('',(-0.0510061639128021,-0.0165467489854346,0.0035));
#7511=CARTESIAN_POINT('',(-0.0518178555528672,-0.0162953066135867,-0.0035));
#7512=CARTESIAN_POINT('',(-0.0518178555528672,-0.0162953066135867,0.0035));
#7513=CARTESIAN_POINT('',(-0.052660106194047,-0.0162120453737385,-0.0035));
#7514=CARTESIAN_POINT('',(-0.052660106194047,-0.0162120453737385,0.0035));
#7515=CARTESIAN_POINT('',(-0.0535025897646829,-0.0162952539943956,-0.0035));
#7516=CARTESIAN_POINT('',(-0.0535025897646829,-0.0162952539943956,0.0035));
#7517=CARTESIAN_POINT('',(-0.0543140849769722,-0.0165465672128838,-0.0035));
#7518=CARTESIAN_POINT('',(-0.0543140849769722,-0.0165465672128838,0.0035));
#7519=CARTESIAN_POINT('',(-0.0550658342461057,-0.0169427232696053,-0.0035));
#7520=CARTESIAN_POINT('',(-0.0550658342461057,-0.0169427232696053,0.0035));
#7521=CARTESIAN_POINT('',(-0.0557202699732415,-0.0174794098221021,-0.0035));
#7522=CARTESIAN_POINT('',(-0.0557202699732415,-0.0174794098221021,0.0035));
#7523=CARTESIAN_POINT('',(-0.0562571584391931,-0.0181339730479886,-0.0035));
#7524=CARTESIAN_POINT('',(-0.0562571584391931,-0.0181339730479886,0.0035));
#7525=CARTESIAN_POINT('',(-0.0566532669255701,-0.0188854920959929,-0.0035));
#7526=CARTESIAN_POINT('',(-0.0566532669255701,-0.0188854920959929,0.0035));
#7527=CARTESIAN_POINT('',(-0.0569047092979167,-0.0196971837379302,-0.0035));
#7528=CARTESIAN_POINT('',(-0.0569047092979167,-0.0196971837379302,0.0035));
#7529=CARTESIAN_POINT('',(-0.0569879705359007,-0.0205394343721932,-0.0035));
#7530=CARTESIAN_POINT('',(-0.0569879705359007,-0.0205394343721932,0.0035));
#7531=CARTESIAN_POINT('',(-0.0569047619222286,-0.021381917968663,-0.0035));
#7532=CARTESIAN_POINT('',(-0.0569047619222286,-0.021381917968663,0.0035));
#7533=CARTESIAN_POINT('',(-0.0566534486773385,-0.0221934130832902,-0.0035));
#7534=CARTESIAN_POINT('',(-0.0566534486773385,-0.0221934130832902,0.0035));
#7535=CARTESIAN_POINT('',(-0.0562572927189626,-0.0229451627161923,-0.0035));
#7536=CARTESIAN_POINT('',(-0.0562572927189626,-0.0229451627161923,0.0035));
#7537=CARTESIAN_POINT('',(-0.0557206058038433,-0.0235995971020452,-0.0035));
#7538=CARTESIAN_POINT('',(-0.0557206058038433,-0.0235995971020452,0.0035));
#7539=CARTESIAN_POINT('',(-0.0550660439329569,-0.0241364905798658,-0.0035));
#7540=CARTESIAN_POINT('',(-0.0550660439329569,-0.0241364905798658,0.0035));
#7541=CARTESIAN_POINT('',(-0.0543144643602603,-0.0245326093198319,-0.0035));
#7542=CARTESIAN_POINT('',(-0.0543144643602603,-0.0245326093198319,0.0035));
#7543=CARTESIAN_POINT('',(-0.0535027828983555,-0.0247841070471594,-0.0035));
#7544=CARTESIAN_POINT('',(-0.0535027828983555,-0.0247841070471594,0.0035));
#7545=CARTESIAN_POINT('',(-0.0526604575576209,-0.0248672986999821,-0.0035));
#7546=CARTESIAN_POINT('',(-0.0526604575576209,-0.0248672986999821,0.0035));
#7547=CARTESIAN_POINT('',(-0.05181804871302,-0.0247840206666008,-0.0035));
#7548=CARTESIAN_POINT('',(-0.05181804871302,-0.0247840206666008,0.0035));
#7549=CARTESIAN_POINT('',(-0.0352356029105346,-0.0028464122589938,-0.0189098710516809));
#7550=MECHANICAL_DESIGN_GEOMETRIC_PRESENTATION_REPRESENTATION('',(#2362,
#2363,#2364,#2365,#2366,#2367,#2368),#7551);
#7551=(
GEOMETRIC_REPRESENTATION_CONTEXT(3)
GLOBAL_UNCERTAINTY_ASSIGNED_CONTEXT((#7559))
GLOBAL_UNIT_ASSIGNED_CONTEXT((#7569,#7568,#7567))
REPRESENTATION_CONTEXT('Assembly 1','TOP_LEVEL_ASSEMBLY_PART')
);
#7552=(
GEOMETRIC_REPRESENTATION_CONTEXT(3)
GLOBAL_UNCERTAINTY_ASSIGNED_CONTEXT((#7560))
GLOBAL_UNIT_ASSIGNED_CONTEXT((#7569,#7568,#7567))
REPRESENTATION_CONTEXT('Part 2','COMPONENT_PART')
);
#7553=(
GEOMETRIC_REPRESENTATION_CONTEXT(3)
GLOBAL_UNCERTAINTY_ASSIGNED_CONTEXT((#7561))
GLOBAL_UNIT_ASSIGNED_CONTEXT((#7569,#7568,#7567))
REPRESENTATION_CONTEXT('Part 1','COMPONENT_PART')
);
#7554=(
GEOMETRIC_REPRESENTATION_CONTEXT(3)
GLOBAL_UNCERTAINTY_ASSIGNED_CONTEXT((#7562))
GLOBAL_UNIT_ASSIGNED_CONTEXT((#7569,#7568,#7567))
REPRESENTATION_CONTEXT('Part 4','COMPONENT_PART')
);
#7555=(
GEOMETRIC_REPRESENTATION_CONTEXT(3)
GLOBAL_UNCERTAINTY_ASSIGNED_CONTEXT((#7563))
GLOBAL_UNIT_ASSIGNED_CONTEXT((#7569,#7568,#7567))
REPRESENTATION_CONTEXT('Part 5','COMPONENT_PART')
);
#7556=(
GEOMETRIC_REPRESENTATION_CONTEXT(3)
GLOBAL_UNCERTAINTY_ASSIGNED_CONTEXT((#7564))
GLOBAL_UNIT_ASSIGNED_CONTEXT((#7569,#7568,#7567))
REPRESENTATION_CONTEXT('Part 6','COMPONENT_PART')
);
#7557=(
GEOMETRIC_REPRESENTATION_CONTEXT(3)
GLOBAL_UNCERTAINTY_ASSIGNED_CONTEXT((#7565))
GLOBAL_UNIT_ASSIGNED_CONTEXT((#7569,#7568,#7567))
REPRESENTATION_CONTEXT('Part 7','COMPONENT_PART')
);
#7558=(
GEOMETRIC_REPRESENTATION_CONTEXT(3)
GLOBAL_UNCERTAINTY_ASSIGNED_CONTEXT((#7566))
GLOBAL_UNIT_ASSIGNED_CONTEXT((#7569,#7568,#7567))
REPRESENTATION_CONTEXT('Part 3','COMPONENT_PART')
);
#7559=UNCERTAINTY_MEASURE_WITH_UNIT(LENGTH_MEASURE(1.E-8),#7569,
'DISTANCE_ACCURACY_VALUE','Maximum Tolerance applied to model');
#7560=UNCERTAINTY_MEASURE_WITH_UNIT(LENGTH_MEASURE(2.E-5),#7569,
'DISTANCE_ACCURACY_VALUE','Maximum Tolerance applied to model');
#7561=UNCERTAINTY_MEASURE_WITH_UNIT(LENGTH_MEASURE(2.E-5),#7569,
'DISTANCE_ACCURACY_VALUE','Maximum Tolerance applied to model');
#7562=UNCERTAINTY_MEASURE_WITH_UNIT(LENGTH_MEASURE(2.E-5),#7569,
'DISTANCE_ACCURACY_VALUE','Maximum Tolerance applied to model');
#7563=UNCERTAINTY_MEASURE_WITH_UNIT(LENGTH_MEASURE(1.E-8),#7569,
'DISTANCE_ACCURACY_VALUE','Maximum Tolerance applied to model');
#7564=UNCERTAINTY_MEASURE_WITH_UNIT(LENGTH_MEASURE(1.E-8),#7569,
'DISTANCE_ACCURACY_VALUE','Maximum Tolerance applied to model');
#7565=UNCERTAINTY_MEASURE_WITH_UNIT(LENGTH_MEASURE(1.E-8),#7569,
'DISTANCE_ACCURACY_VALUE','Maximum Tolerance applied to model');
#7566=UNCERTAINTY_MEASURE_WITH_UNIT(LENGTH_MEASURE(2.E-5),#7569,
'DISTANCE_ACCURACY_VALUE','Maximum Tolerance applied to model');
#7567=(
NAMED_UNIT(*)
SI_UNIT($,.STERADIAN.)
SOLID_ANGLE_UNIT()
);
#7568=(
NAMED_UNIT(*)
PLANE_ANGLE_UNIT()
SI_UNIT($,.RADIAN.)
);
#7569=(
LENGTH_UNIT()
NAMED_UNIT(*)
SI_UNIT($,.METRE.)
);
#7570=PRODUCT_DEFINITION_SHAPE('','',#7586);
#7571=PRODUCT_DEFINITION_SHAPE('','',#7587);
#7572=PRODUCT_DEFINITION_SHAPE(' ','NAUO PRDDFN',#54);
#7573=PRODUCT_DEFINITION_SHAPE('','',#7588);
#7574=PRODUCT_DEFINITION_SHAPE(' ','NAUO PRDDFN',#55);
#7575=PRODUCT_DEFINITION_SHAPE('','',#7589);
#7576=PRODUCT_DEFINITION_SHAPE(' ','NAUO PRDDFN',#56);
#7577=PRODUCT_DEFINITION_SHAPE('','',#7590);
#7578=PRODUCT_DEFINITION_SHAPE(' ','NAUO PRDDFN',#57);
#7579=PRODUCT_DEFINITION_SHAPE(' ','NAUO PRDDFN',#58);
#7580=PRODUCT_DEFINITION_SHAPE('','',#7591);
#7581=PRODUCT_DEFINITION_SHAPE(' ','NAUO PRDDFN',#59);
#7582=PRODUCT_DEFINITION_SHAPE('','',#7592);
#7583=PRODUCT_DEFINITION_SHAPE(' ','NAUO PRDDFN',#60);
#7584=PRODUCT_DEFINITION_SHAPE('','',#7593);
#7585=PRODUCT_DEFINITION_SHAPE(' ','NAUO PRDDFN',#61);
#7586=PRODUCT_DEFINITION('','',#7602,#7594);
#7587=PRODUCT_DEFINITION('','',#7603,#7595);
#7588=PRODUCT_DEFINITION('','',#7604,#7596);
#7589=PRODUCT_DEFINITION('','',#7605,#7597);
#7590=PRODUCT_DEFINITION('','',#7606,#7598);
#7591=PRODUCT_DEFINITION('','',#7607,#7599);
#7592=PRODUCT_DEFINITION('','',#7608,#7600);
#7593=PRODUCT_DEFINITION('','',#7609,#7601);
#7594=PRODUCT_DEFINITION_CONTEXT('',#7643,'design');
#7595=PRODUCT_DEFINITION_CONTEXT('',#7643,'design');
#7596=PRODUCT_DEFINITION_CONTEXT('',#7643,'design');
#7597=PRODUCT_DEFINITION_CONTEXT('',#7643,'design');
#7598=PRODUCT_DEFINITION_CONTEXT('',#7643,'design');
#7599=PRODUCT_DEFINITION_CONTEXT('',#7643,'design');
#7600=PRODUCT_DEFINITION_CONTEXT('',#7643,'design');
#7601=PRODUCT_DEFINITION_CONTEXT('',#7643,'design');
#7602=PRODUCT_DEFINITION_FORMATION_WITH_SPECIFIED_SOURCE('','',#7618,
 .NOT_KNOWN.);
#7603=PRODUCT_DEFINITION_FORMATION_WITH_SPECIFIED_SOURCE('','',#7619,
 .NOT_KNOWN.);
#7604=PRODUCT_DEFINITION_FORMATION_WITH_SPECIFIED_SOURCE('','',#7620,
 .NOT_KNOWN.);
#7605=PRODUCT_DEFINITION_FORMATION_WITH_SPECIFIED_SOURCE('','',#7621,
 .NOT_KNOWN.);
#7606=PRODUCT_DEFINITION_FORMATION_WITH_SPECIFIED_SOURCE('','',#7622,
 .NOT_KNOWN.);
#7607=PRODUCT_DEFINITION_FORMATION_WITH_SPECIFIED_SOURCE('','',#7623,
 .NOT_KNOWN.);
#7608=PRODUCT_DEFINITION_FORMATION_WITH_SPECIFIED_SOURCE('','',#7624,
 .NOT_KNOWN.);
#7609=PRODUCT_DEFINITION_FORMATION_WITH_SPECIFIED_SOURCE('','',#7625,
 .NOT_KNOWN.);
#7610=PRODUCT_RELATED_PRODUCT_CATEGORY('','',(#7618));
#7611=PRODUCT_RELATED_PRODUCT_CATEGORY('','',(#7619));
#7612=PRODUCT_RELATED_PRODUCT_CATEGORY('','',(#7620));
#7613=PRODUCT_RELATED_PRODUCT_CATEGORY('','',(#7621));
#7614=PRODUCT_RELATED_PRODUCT_CATEGORY('','',(#7622));
#7615=PRODUCT_RELATED_PRODUCT_CATEGORY('','',(#7623));
#7616=PRODUCT_RELATED_PRODUCT_CATEGORY('','',(#7624));
#7617=PRODUCT_RELATED_PRODUCT_CATEGORY('','',(#7625));
#7618=PRODUCT('Assembly 1','Assembly 1','Assembly 1',(#7634));
#7619=PRODUCT('Part 2','Part 2','Part 2',(#7635));
#7620=PRODUCT('Part 1','Part 1','Part 1',(#7636));
#7621=PRODUCT('Part 4','Part 4','Part 4',(#7637));
#7622=PRODUCT('Part 5','Part 5','Part 5',(#7638));
#7623=PRODUCT('Part 6','Part 6','Part 6',(#7639));
#7624=PRODUCT('Part 7','Part 7','Part 7',(#7640));
#7625=PRODUCT('Part 3','Part 3','Part 3',(#7641));
#7626=PRODUCT_CATEGORY('','');
#7627=PRODUCT_CATEGORY('','');
#7628=PRODUCT_CATEGORY('','');
#7629=PRODUCT_CATEGORY('','');
#7630=PRODUCT_CATEGORY('','');
#7631=PRODUCT_CATEGORY('','');
#7632=PRODUCT_CATEGORY('','');
#7633=PRODUCT_CATEGORY('','');
#7634=PRODUCT_CONTEXT('',#7643,'mechanical');
#7635=PRODUCT_CONTEXT('',#7643,'mechanical');
#7636=PRODUCT_CONTEXT('',#7643,'mechanical');
#7637=PRODUCT_CONTEXT('',#7643,'mechanical');
#7638=PRODUCT_CONTEXT('',#7643,'mechanical');
#7639=PRODUCT_CONTEXT('',#7643,'mechanical');
#7640=PRODUCT_CONTEXT('',#7643,'mechanical');
#7641=PRODUCT_CONTEXT('',#7643,'mechanical');
#7642=APPLICATION_PROTOCOL_DEFINITION('international standard',
'ap242_managed_model_based_3d_engineering',2020,#7643);
#7643=APPLICATION_CONTEXT('managed model based 3d engineering');
ENDSEC;
END-ISO-10303-21;
