ISO-10303-21;
HEADER;
/* Generated by software containing ST-Developer
 * from STEP Tools, Inc. (www.steptools.com) 
 */
/* OPTION: using custom renumber hook */

FILE_DESCRIPTION(
/* description */ ('STEP AP242 Edition 2',
'CAx-IF Rec.Pracs.---Representation and Presentation of Product Manufa
cturing Information (PMI)---4.0---2014-10-13',
'CAx-IF Rec.Pracs.---3D Tessellated Geometry---0.4---2014-09-14','2;1',
'CAx-IF Rec.Pracs.---User Defined Attributes---1.5---2016-08-15'),
/* implementation_level */ '2;1');

FILE_NAME(
/* name */ '6a7253b55793408d61d380b5',
/* time_stamp */ '2026-08-04T21:03:51Z',
/* author */ (''),
/* organization */ (''),
/* preprocessor_version */ 'ST-DEVELOPER v20',
/* originating_system */ 'ONSHAPE BY PTC INC, 1.218',
/* authorisation */ '  ');

FILE_SCHEMA (('AP242_MANAGED_MODEL_BASED_3D_ENGINEERING_MIM_LF { 1 0 10303 442 3 1 4 }'));
ENDSEC;

DATA;
#10=B_SPLINE_SURFACE_WITH_KNOTS('',1,3,((#955,#956,#957,#958,#959,#960,
#961,#962,#963,#964,#965,#966,#967,#968,#969,#970,#971,#972),(#973,#974,
#975,#976,#977,#978,#979,#980,#981,#982,#983,#984,#985,#986,#987,#988,#989,
#990)),.RULED_SURF.,.F.,.F.,.F.,(2,2),(4,2,2,2,2,2,2,2,4),(0.,1.),(0.,0.125,
0.25,0.375,0.5,0.625,0.75,0.875,1.),.UNSPECIFIED.);
#11=B_SPLINE_SURFACE_WITH_KNOTS('',1,3,((#999,#1000,#1001,#1002,#1003,#1004,
#1005,#1006,#1007,#1008,#1009,#1010,#1011,#1012,#1013,#1014,#1015,#1016,
#1017,#1018,#1019,#1020,#1021,#1022,#1023,#1024,#1025,#1026,#1027,#1028,
#1029,#1030,#1031,#1032),(#1033,#1034,#1035,#1036,#1037,#1038,#1039,#1040,
#1041,#1042,#1043,#1044,#1045,#1046,#1047,#1048,#1049,#1050,#1051,#1052,
#1053,#1054,#1055,#1056,#1057,#1058,#1059,#1060,#1061,#1062,#1063,#1064,
#1065,#1066)),.RULED_SURF.,.F.,.F.,.F.,(2,2),(4,2,2,2,2,2,2,2,2,2,2,2,2,
2,2,2,4),(0.,1.),(0.,0.0625,0.125,0.1875,0.25,0.3125,0.375,0.4375,0.5,0.5625,
0.625,0.6875,0.75,0.8125,0.875,0.9375,1.),.UNSPECIFIED.);
#12=B_SPLINE_SURFACE_WITH_KNOTS('',1,3,((#1071,#1072,#1073,#1074,#1075,
#1076,#1077,#1078,#1079,#1080,#1081,#1082,#1083,#1084,#1085,#1086,#1087,
#1088),(#1089,#1090,#1091,#1092,#1093,#1094,#1095,#1096,#1097,#1098,#1099,
#1100,#1101,#1102,#1103,#1104,#1105,#1106)),.RULED_SURF.,.F.,.F.,.F.,(2,
2),(4,2,2,2,2,2,2,2,4),(0.,1.),(0.,0.125,0.25,0.375,0.5,0.625,0.75,0.875,
1.),.UNSPECIFIED.);
#13=B_SPLINE_SURFACE_WITH_KNOTS('',1,3,((#1111,#1112,#1113,#1114,#1115,
#1116,#1117,#1118,#1119,#1120,#1121,#1122,#1123,#1124,#1125,#1126,#1127,
#1128,#1129,#1130,#1131,#1132,#1133,#1134,#1135,#1136,#1137,#1138,#1139,
#1140,#1141,#1142,#1143,#1144),(#1145,#1146,#1147,#1148,#1149,#1150,#1151,
#1152,#1153,#1154,#1155,#1156,#1157,#1158,#1159,#1160,#1161,#1162,#1163,
#1164,#1165,#1166,#1167,#1168,#1169,#1170,#1171,#1172,#1173,#1174,#1175,
#1176,#1177,#1178)),.RULED_SURF.,.F.,.F.,.F.,(2,2),(4,2,2,2,2,2,2,2,2,2,
2,2,2,2,2,2,4),(0.,1.),(0.,0.0625,0.125,0.1875,0.25,0.3125,0.375,0.4375,
0.5,0.5625,0.625,0.6875,0.75,0.8125,0.875,0.9375,1.),.UNSPECIFIED.);
#14=B_SPLINE_SURFACE_WITH_KNOTS('',1,3,((#1179,#1180,#1181,#1182,#1183,
#1184,#1185,#1186,#1187,#1188,#1189,#1190,#1191,#1192,#1193,#1194,#1195,
#1196),(#1197,#1198,#1199,#1200,#1201,#1202,#1203,#1204,#1205,#1206,#1207,
#1208,#1209,#1210,#1211,#1212,#1213,#1214)),.RULED_SURF.,.F.,.F.,.F.,(2,
2),(4,2,2,2,2,2,2,2,4),(0.,1.),(0.,0.125,0.25,0.375,0.5,0.625,0.75,0.875,
1.),.UNSPECIFIED.);
#15=B_SPLINE_SURFACE_WITH_KNOTS('',1,3,((#1223,#1224,#1225,#1226,#1227,
#1228,#1229,#1230,#1231,#1232,#1233,#1234,#1235,#1236,#1237,#1238,#1239,
#1240,#1241,#1242,#1243,#1244,#1245,#1246,#1247,#1248,#1249,#1250,#1251,
#1252,#1253,#1254,#1255,#1256),(#1257,#1258,#1259,#1260,#1261,#1262,#1263,
#1264,#1265,#1266,#1267,#1268,#1269,#1270,#1271,#1272,#1273,#1274,#1275,
#1276,#1277,#1278,#1279,#1280,#1281,#1282,#1283,#1284,#1285,#1286,#1287,
#1288,#1289,#1290)),.RULED_SURF.,.F.,.F.,.F.,(2,2),(4,2,2,2,2,2,2,2,2,2,
2,2,2,2,2,2,4),(0.,1.),(0.,0.0625,0.125,0.1875,0.25,0.3125,0.375,0.4375,
0.5,0.5625,0.625,0.6875,0.75,0.8125,0.875,0.9375,1.),.UNSPECIFIED.);
#16=B_SPLINE_SURFACE_WITH_KNOTS('',1,3,((#1295,#1296,#1297,#1298,#1299,
#1300,#1301,#1302,#1303,#1304,#1305,#1306,#1307,#1308,#1309,#1310,#1311,
#1312),(#1313,#1314,#1315,#1316,#1317,#1318,#1319,#1320,#1321,#1322,#1323,
#1324,#1325,#1326,#1327,#1328,#1329,#1330)),.RULED_SURF.,.F.,.F.,.F.,(2,
2),(4,2,2,2,2,2,2,2,4),(0.,1.),(0.,0.125,0.25,0.375,0.5,0.625,0.75,0.875,
1.),.UNSPECIFIED.);
#17=B_SPLINE_SURFACE_WITH_KNOTS('',1,3,((#1335,#1336,#1337,#1338,#1339,
#1340,#1341,#1342,#1343,#1344,#1345,#1346,#1347,#1348,#1349,#1350,#1351,
#1352,#1353,#1354,#1355,#1356,#1357,#1358,#1359,#1360,#1361,#1362,#1363,
#1364,#1365,#1366,#1367,#1368),(#1369,#1370,#1371,#1372,#1373,#1374,#1375,
#1376,#1377,#1378,#1379,#1380,#1381,#1382,#1383,#1384,#1385,#1386,#1387,
#1388,#1389,#1390,#1391,#1392,#1393,#1394,#1395,#1396,#1397,#1398,#1399,
#1400,#1401,#1402)),.RULED_SURF.,.F.,.F.,.F.,(2,2),(4,2,2,2,2,2,2,2,2,2,
2,2,2,2,2,2,4),(0.,1.),(0.,0.0625,0.125,0.1875,0.25,0.3125,0.375,0.4375,
0.5,0.5625,0.625,0.6875,0.75,0.8125,0.875,0.9375,1.),.UNSPECIFIED.);
#18=B_SPLINE_SURFACE_WITH_KNOTS('',1,3,((#1403,#1404,#1405,#1406,#1407,
#1408,#1409,#1410,#1411,#1412,#1413,#1414,#1415,#1416,#1417,#1418,#1419,
#1420),(#1421,#1422,#1423,#1424,#1425,#1426,#1427,#1428,#1429,#1430,#1431,
#1432,#1433,#1434,#1435,#1436,#1437,#1438)),.RULED_SURF.,.F.,.F.,.F.,(2,
2),(4,2,2,2,2,2,2,2,4),(0.,1.),(0.,0.125,0.25,0.375,0.5,0.625,0.75,0.875,
1.),.UNSPECIFIED.);
#19=B_SPLINE_SURFACE_WITH_KNOTS('',1,3,((#1447,#1448,#1449,#1450,#1451,
#1452,#1453,#1454,#1455,#1456,#1457,#1458,#1459,#1460,#1461,#1462,#1463,
#1464,#1465,#1466,#1467,#1468,#1469,#1470,#1471,#1472,#1473,#1474,#1475,
#1476,#1477,#1478,#1479,#1480),(#1481,#1482,#1483,#1484,#1485,#1486,#1487,
#1488,#1489,#1490,#1491,#1492,#1493,#1494,#1495,#1496,#1497,#1498,#1499,
#1500,#1501,#1502,#1503,#1504,#1505,#1506,#1507,#1508,#1509,#1510,#1511,
#1512,#1513,#1514)),.RULED_SURF.,.F.,.F.,.F.,(2,2),(4,2,2,2,2,2,2,2,2,2,
2,2,2,2,2,2,4),(0.,1.),(0.,0.0625,0.125,0.1875,0.25,0.3125,0.375,0.4375,
0.5,0.5625,0.625,0.6875,0.75,0.8125,0.875,0.9375,1.),.UNSPECIFIED.);
#20=B_SPLINE_SURFACE_WITH_KNOTS('',1,3,((#1519,#1520,#1521,#1522,#1523,
#1524,#1525,#1526,#1527,#1528,#1529,#1530,#1531,#1532,#1533,#1534,#1535,
#1536),(#1537,#1538,#1539,#1540,#1541,#1542,#1543,#1544,#1545,#1546,#1547,
#1548,#1549,#1550,#1551,#1552,#1553,#1554)),.RULED_SURF.,.F.,.F.,.F.,(2,
2),(4,2,2,2,2,2,2,2,4),(0.,1.),(0.,0.125,0.25,0.375,0.5,0.625,0.75,0.875,
1.),.UNSPECIFIED.);
#21=B_SPLINE_SURFACE_WITH_KNOTS('',1,3,((#1559,#1560,#1561,#1562,#1563,
#1564,#1565,#1566,#1567,#1568,#1569,#1570,#1571,#1572,#1573,#1574,#1575,
#1576,#1577,#1578,#1579,#1580,#1581,#1582,#1583,#1584,#1585,#1586,#1587,
#1588,#1589,#1590,#1591,#1592),(#1593,#1594,#1595,#1596,#1597,#1598,#1599,
#1600,#1601,#1602,#1603,#1604,#1605,#1606,#1607,#1608,#1609,#1610,#1611,
#1612,#1613,#1614,#1615,#1616,#1617,#1618,#1619,#1620,#1621,#1622,#1623,
#1624,#1625,#1626)),.RULED_SURF.,.F.,.F.,.F.,(2,2),(4,2,2,2,2,2,2,2,2,2,
2,2,2,2,2,2,4),(0.,1.),(0.,0.0625,0.125,0.1875,0.25,0.3125,0.375,0.4375,
0.5,0.5625,0.625,0.6875,0.75,0.8125,0.875,0.9375,1.),.UNSPECIFIED.);
#22=B_SPLINE_SURFACE_WITH_KNOTS('',1,3,((#1627,#1628,#1629,#1630,#1631,
#1632,#1633,#1634,#1635,#1636,#1637,#1638,#1639,#1640,#1641,#1642,#1643,
#1644),(#1645,#1646,#1647,#1648,#1649,#1650,#1651,#1652,#1653,#1654,#1655,
#1656,#1657,#1658,#1659,#1660,#1661,#1662)),.RULED_SURF.,.F.,.F.,.F.,(2,
2),(4,2,2,2,2,2,2,2,4),(0.,1.),(0.,0.125,0.25,0.375,0.5,0.625,0.75,0.875,
1.),.UNSPECIFIED.);
#23=B_SPLINE_SURFACE_WITH_KNOTS('',1,3,((#1671,#1672,#1673,#1674,#1675,
#1676,#1677,#1678,#1679,#1680,#1681,#1682,#1683,#1684,#1685,#1686,#1687,
#1688,#1689,#1690,#1691,#1692,#1693,#1694,#1695,#1696,#1697,#1698,#1699,
#1700,#1701,#1702,#1703,#1704),(#1705,#1706,#1707,#1708,#1709,#1710,#1711,
#1712,#1713,#1714,#1715,#1716,#1717,#1718,#1719,#1720,#1721,#1722,#1723,
#1724,#1725,#1726,#1727,#1728,#1729,#1730,#1731,#1732,#1733,#1734,#1735,
#1736,#1737,#1738)),.RULED_SURF.,.F.,.F.,.F.,(2,2),(4,2,2,2,2,2,2,2,2,2,
2,2,2,2,2,2,4),(0.,1.),(0.,0.0625,0.125,0.1875,0.25,0.3125,0.375,0.4375,
0.5,0.5625,0.625,0.6875,0.75,0.8125,0.875,0.9375,1.),.UNSPECIFIED.);
#24=B_SPLINE_SURFACE_WITH_KNOTS('',1,3,((#1743,#1744,#1745,#1746,#1747,
#1748,#1749,#1750,#1751,#1752,#1753,#1754,#1755,#1756,#1757,#1758,#1759,
#1760),(#1761,#1762,#1763,#1764,#1765,#1766,#1767,#1768,#1769,#1770,#1771,
#1772,#1773,#1774,#1775,#1776,#1777,#1778)),.RULED_SURF.,.F.,.F.,.F.,(2,
2),(4,2,2,2,2,2,2,2,4),(0.,1.),(0.,0.125,0.25,0.375,0.5,0.625,0.75,0.875,
1.),.UNSPECIFIED.);
#25=B_SPLINE_SURFACE_WITH_KNOTS('',1,3,((#1783,#1784,#1785,#1786,#1787,
#1788,#1789,#1790,#1791,#1792,#1793,#1794,#1795,#1796,#1797,#1798,#1799,
#1800,#1801,#1802,#1803,#1804,#1805,#1806,#1807,#1808,#1809,#1810,#1811,
#1812,#1813,#1814,#1815,#1816),(#1817,#1818,#1819,#1820,#1821,#1822,#1823,
#1824,#1825,#1826,#1827,#1828,#1829,#1830,#1831,#1832,#1833,#1834,#1835,
#1836,#1837,#1838,#1839,#1840,#1841,#1842,#1843,#1844,#1845,#1846,#1847,
#1848,#1849,#1850)),.RULED_SURF.,.F.,.F.,.F.,(2,2),(4,2,2,2,2,2,2,2,2,2,
2,2,2,2,2,2,4),(0.,1.),(0.,0.0625,0.125,0.1875,0.25,0.3125,0.375,0.4375,
0.5,0.5625,0.625,0.6875,0.75,0.8125,0.875,0.9375,1.),.UNSPECIFIED.);
#26=B_SPLINE_SURFACE_WITH_KNOTS('',1,3,((#1851,#1852,#1853,#1854,#1855,
#1856,#1857,#1858,#1859,#1860,#1861,#1862,#1863,#1864,#1865,#1866,#1867,
#1868),(#1869,#1870,#1871,#1872,#1873,#1874,#1875,#1876,#1877,#1878,#1879,
#1880,#1881,#1882,#1883,#1884,#1885,#1886)),.RULED_SURF.,.F.,.F.,.F.,(2,
2),(4,2,2,2,2,2,2,2,4),(0.,1.),(0.,0.125,0.25,0.375,0.5,0.625,0.75,0.875,
1.),.UNSPECIFIED.);
#27=B_SPLINE_SURFACE_WITH_KNOTS('',1,3,((#1895,#1896,#1897,#1898,#1899,
#1900,#1901,#1902,#1903,#1904,#1905,#1906,#1907,#1908,#1909,#1910,#1911,
#1912,#1913,#1914,#1915,#1916,#1917,#1918,#1919,#1920,#1921,#1922,#1923,
#1924,#1925,#1926,#1927,#1928),(#1929,#1930,#1931,#1932,#1933,#1934,#1935,
#1936,#1937,#1938,#1939,#1940,#1941,#1942,#1943,#1944,#1945,#1946,#1947,
#1948,#1949,#1950,#1951,#1952,#1953,#1954,#1955,#1956,#1957,#1958,#1959,
#1960,#1961,#1962)),.RULED_SURF.,.F.,.F.,.F.,(2,2),(4,2,2,2,2,2,2,2,2,2,
2,2,2,2,2,2,4),(0.,1.),(0.,0.0625,0.125,0.1875,0.25,0.3125,0.375,0.4375,
0.5,0.5625,0.625,0.6875,0.75,0.8125,0.875,0.9375,1.),.UNSPECIFIED.);
#28=B_SPLINE_SURFACE_WITH_KNOTS('',1,3,((#1967,#1968,#1969,#1970,#1971,
#1972,#1973,#1974,#1975,#1976,#1977,#1978,#1979,#1980,#1981,#1982,#1983,
#1984),(#1985,#1986,#1987,#1988,#1989,#1990,#1991,#1992,#1993,#1994,#1995,
#1996,#1997,#1998,#1999,#2000,#2001,#2002)),.RULED_SURF.,.F.,.F.,.F.,(2,
2),(4,2,2,2,2,2,2,2,4),(0.,1.),(0.,0.125,0.25,0.375,0.5,0.625,0.75,0.875,
1.),.UNSPECIFIED.);
#29=B_SPLINE_SURFACE_WITH_KNOTS('',1,3,((#2007,#2008,#2009,#2010,#2011,
#2012,#2013,#2014,#2015,#2016,#2017,#2018,#2019,#2020,#2021,#2022,#2023,
#2024,#2025,#2026,#2027,#2028,#2029,#2030,#2031,#2032,#2033,#2034,#2035,
#2036,#2037,#2038,#2039,#2040),(#2041,#2042,#2043,#2044,#2045,#2046,#2047,
#2048,#2049,#2050,#2051,#2052,#2053,#2054,#2055,#2056,#2057,#2058,#2059,
#2060,#2061,#2062,#2063,#2064,#2065,#2066,#2067,#2068,#2069,#2070,#2071,
#2072,#2073,#2074)),.RULED_SURF.,.F.,.F.,.F.,(2,2),(4,2,2,2,2,2,2,2,2,2,
2,2,2,2,2,2,4),(0.,1.),(0.,0.0625,0.125,0.1875,0.25,0.3125,0.375,0.4375,
0.5,0.5625,0.625,0.6875,0.75,0.8125,0.875,0.9375,1.),.UNSPECIFIED.);
#30=CONICAL_SURFACE('',#535,0.0135,0.785398163397448);
#31=CONICAL_SURFACE('',#536,0.015,0.785398163397448);
#32=B_SPLINE_CURVE_WITH_KNOTS('',3,(#588,#589,#590,#591,#592,#593,#594),
 .UNSPECIFIED.,.F.,.F.,(4,1,1,1,4),(0.,0.25,0.5,0.75,1.),.UNSPECIFIED.);
#33=B_SPLINE_CURVE_WITH_KNOTS('',3,(#597,#598,#599,#600,#601,#602,#603,
#604),.UNSPECIFIED.,.F.,.F.,(4,1,1,1,1,4),(0.,0.25,0.5,0.625,0.75,1.),
 .UNSPECIFIED.);
#34=B_SPLINE_CURVE_WITH_KNOTS('',3,(#606,#607,#608,#609,#610,#611,#612),
 .UNSPECIFIED.,.F.,.F.,(4,1,1,1,4),(0.,0.25,0.5,0.75,1.),.UNSPECIFIED.);
#35=B_SPLINE_CURVE_WITH_KNOTS('',3,(#614,#615,#616,#617,#618,#619,#620,
#621),.UNSPECIFIED.,.F.,.F.,(4,1,1,1,1,4),(0.,0.25,0.5,0.625,0.75,1.),
 .UNSPECIFIED.);
#36=B_SPLINE_CURVE_WITH_KNOTS('',3,(#622,#623,#624,#625,#626,#627,#628),
 .UNSPECIFIED.,.F.,.F.,(4,1,1,1,4),(0.,0.25,0.5,0.75,1.),.UNSPECIFIED.);
#37=B_SPLINE_CURVE_WITH_KNOTS('',3,(#631,#632,#633,#634,#635,#636,#637,
#638),.UNSPECIFIED.,.F.,.F.,(4,1,1,1,1,4),(0.,0.25,0.5,0.625,0.75,1.),
 .UNSPECIFIED.);
#38=B_SPLINE_CURVE_WITH_KNOTS('',3,(#640,#641,#642,#643,#644,#645,#646),
 .UNSPECIFIED.,.F.,.F.,(4,1,1,1,4),(0.,0.25,0.5,0.75,1.),.UNSPECIFIED.);
#39=B_SPLINE_CURVE_WITH_KNOTS('',3,(#648,#649,#650,#651,#652,#653,#654,
#655),.UNSPECIFIED.,.F.,.F.,(4,1,1,1,1,4),(0.,0.25,0.5,0.625,0.75,1.),
 .UNSPECIFIED.);
#40=B_SPLINE_CURVE_WITH_KNOTS('',3,(#656,#657,#658,#659,#660,#661,#662),
 .UNSPECIFIED.,.F.,.F.,(4,1,1,1,4),(0.,0.25,0.5,0.75,1.),.UNSPECIFIED.);
#41=B_SPLINE_CURVE_WITH_KNOTS('',3,(#665,#666,#667,#668,#669,#670,#671,
#672),.UNSPECIFIED.,.F.,.F.,(4,1,1,1,1,4),(0.,0.25,0.5,0.625,0.75,1.),
 .UNSPECIFIED.);
#42=B_SPLINE_CURVE_WITH_KNOTS('',3,(#674,#675,#676,#677,#678,#679,#680),
 .UNSPECIFIED.,.F.,.F.,(4,1,1,1,4),(0.,0.25,0.5,0.75,1.),.UNSPECIFIED.);
#43=B_SPLINE_CURVE_WITH_KNOTS('',3,(#682,#683,#684,#685,#686,#687,#688,
#689),.UNSPECIFIED.,.F.,.F.,(4,1,1,1,1,4),(0.,0.25,0.5,0.625,0.75,1.),
 .UNSPECIFIED.);
#44=B_SPLINE_CURVE_WITH_KNOTS('',3,(#690,#691,#692,#693,#694,#695,#696),
 .UNSPECIFIED.,.F.,.F.,(4,1,1,1,4),(0.,0.25,0.5,0.75,1.),.UNSPECIFIED.);
#45=B_SPLINE_CURVE_WITH_KNOTS('',3,(#699,#700,#701,#702,#703,#704,#705,
#706),.UNSPECIFIED.,.F.,.F.,(4,1,1,1,1,4),(0.,0.25,0.5,0.625,0.75,1.),
 .UNSPECIFIED.);
#46=B_SPLINE_CURVE_WITH_KNOTS('',3,(#708,#709,#710,#711,#712,#713,#714),
 .UNSPECIFIED.,.F.,.F.,(4,1,1,1,4),(0.,0.25,0.5,0.75,1.),.UNSPECIFIED.);
#47=B_SPLINE_CURVE_WITH_KNOTS('',3,(#716,#717,#718,#719,#720,#721,#722,
#723),.UNSPECIFIED.,.F.,.F.,(4,1,1,1,1,4),(0.,0.25,0.5,0.625,0.75,1.),
 .UNSPECIFIED.);
#48=B_SPLINE_CURVE_WITH_KNOTS('',3,(#724,#725,#726,#727,#728,#729,#730),
 .UNSPECIFIED.,.F.,.F.,(4,1,1,1,4),(0.,0.25,0.5,0.75,1.),.UNSPECIFIED.);
#49=B_SPLINE_CURVE_WITH_KNOTS('',3,(#733,#734,#735,#736,#737,#738,#739,
#740),.UNSPECIFIED.,.F.,.F.,(4,1,1,1,1,4),(0.,0.25,0.5,0.625,0.75,1.),
 .UNSPECIFIED.);
#50=B_SPLINE_CURVE_WITH_KNOTS('',3,(#742,#743,#744,#745,#746,#747,#748),
 .UNSPECIFIED.,.F.,.F.,(4,1,1,1,4),(0.,0.25,0.5,0.75,1.),.UNSPECIFIED.);
#51=B_SPLINE_CURVE_WITH_KNOTS('',3,(#750,#751,#752,#753,#754,#755,#756,
#757),.UNSPECIFIED.,.F.,.F.,(4,1,1,1,1,4),(0.,0.25,0.5,0.625,0.75,1.),
 .UNSPECIFIED.);
#52=B_SPLINE_CURVE_WITH_KNOTS('',3,(#763,#764,#765,#766,#767,#768,#769,
#770,#771),.UNSPECIFIED.,.F.,.F.,(4,1,1,1,1,1,4),(0.,0.25,0.375,0.5,0.625,
0.75,1.),.UNSPECIFIED.);
#53=B_SPLINE_CURVE_WITH_KNOTS('',3,(#774,#775,#776,#777,#778,#779,#780),
 .UNSPECIFIED.,.F.,.F.,(4,1,1,1,4),(0.,0.25,0.5,0.75,1.),.UNSPECIFIED.);
#54=B_SPLINE_CURVE_WITH_KNOTS('',3,(#782,#783,#784,#785,#786,#787,#788,
#789,#790),.UNSPECIFIED.,.F.,.F.,(4,1,1,1,1,1,4),(0.,0.25,0.375,0.5,0.625,
0.75,1.),.UNSPECIFIED.);
#55=B_SPLINE_CURVE_WITH_KNOTS('',3,(#792,#793,#794,#795,#796,#797,#798),
 .UNSPECIFIED.,.F.,.F.,(4,1,1,1,4),(0.,0.25,0.5,0.75,1.),.UNSPECIFIED.);
#56=B_SPLINE_CURVE_WITH_KNOTS('',3,(#799,#800,#801,#802,#803,#804,#805,
#806,#807),.UNSPECIFIED.,.F.,.F.,(4,1,1,1,1,1,4),(0.,0.25,0.375,0.5,0.625,
0.75,1.),.UNSPECIFIED.);
#57=B_SPLINE_CURVE_WITH_KNOTS('',3,(#810,#811,#812,#813,#814,#815,#816),
 .UNSPECIFIED.,.F.,.F.,(4,1,1,1,4),(0.,0.25,0.5,0.75,1.),.UNSPECIFIED.);
#58=B_SPLINE_CURVE_WITH_KNOTS('',3,(#818,#819,#820,#821,#822,#823,#824,
#825,#826),.UNSPECIFIED.,.F.,.F.,(4,1,1,1,1,1,4),(0.,0.25,0.375,0.5,0.625,
0.75,1.),.UNSPECIFIED.);
#59=B_SPLINE_CURVE_WITH_KNOTS('',3,(#828,#829,#830,#831,#832,#833,#834),
 .UNSPECIFIED.,.F.,.F.,(4,1,1,1,4),(0.,0.25,0.5,0.75,1.),.UNSPECIFIED.);
#60=B_SPLINE_CURVE_WITH_KNOTS('',3,(#835,#836,#837,#838,#839,#840,#841,
#842,#843),.UNSPECIFIED.,.F.,.F.,(4,1,1,1,1,1,4),(0.,0.25,0.375,0.5,0.625,
0.75,1.),.UNSPECIFIED.);
#61=B_SPLINE_CURVE_WITH_KNOTS('',3,(#846,#847,#848,#849,#850,#851,#852),
 .UNSPECIFIED.,.F.,.F.,(4,1,1,1,4),(0.,0.25,0.5,0.75,1.),.UNSPECIFIED.);
#62=B_SPLINE_CURVE_WITH_KNOTS('',3,(#854,#855,#856,#857,#858,#859,#860,
#861,#862),.UNSPECIFIED.,.F.,.F.,(4,1,1,1,1,1,4),(0.,0.25,0.375,0.5,0.625,
0.75,1.),.UNSPECIFIED.);
#63=B_SPLINE_CURVE_WITH_KNOTS('',3,(#864,#865,#866,#867,#868,#869,#870),
 .UNSPECIFIED.,.F.,.F.,(4,1,1,1,4),(0.,0.25,0.5,0.75,1.),.UNSPECIFIED.);
#64=B_SPLINE_CURVE_WITH_KNOTS('',3,(#871,#872,#873,#874,#875,#876,#877,
#878,#879),.UNSPECIFIED.,.F.,.F.,(4,1,1,1,1,1,4),(0.,0.25,0.375,0.5,0.625,
0.75,1.),.UNSPECIFIED.);
#65=B_SPLINE_CURVE_WITH_KNOTS('',3,(#882,#883,#884,#885,#886,#887,#888),
 .UNSPECIFIED.,.F.,.F.,(4,1,1,1,4),(0.,0.25,0.5,0.75,1.),.UNSPECIFIED.);
#66=B_SPLINE_CURVE_WITH_KNOTS('',3,(#890,#891,#892,#893,#894,#895,#896,
#897,#898),.UNSPECIFIED.,.F.,.F.,(4,1,1,1,1,1,4),(0.,0.25,0.375,0.5,0.625,
0.75,1.),.UNSPECIFIED.);
#67=B_SPLINE_CURVE_WITH_KNOTS('',3,(#900,#901,#902,#903,#904,#905,#906),
 .UNSPECIFIED.,.F.,.F.,(4,1,1,1,4),(0.,0.25,0.5,0.75,1.),.UNSPECIFIED.);
#68=B_SPLINE_CURVE_WITH_KNOTS('',3,(#907,#908,#909,#910,#911,#912,#913,
#914,#915),.UNSPECIFIED.,.F.,.F.,(4,1,1,1,1,1,4),(0.,0.25,0.375,0.5,0.625,
0.75,1.),.UNSPECIFIED.);
#69=B_SPLINE_CURVE_WITH_KNOTS('',3,(#918,#919,#920,#921,#922,#923,#924),
 .UNSPECIFIED.,.F.,.F.,(4,1,1,1,4),(0.,0.25,0.5,0.75,1.),.UNSPECIFIED.);
#70=B_SPLINE_CURVE_WITH_KNOTS('',3,(#926,#927,#928,#929,#930,#931,#932,
#933,#934),.UNSPECIFIED.,.F.,.F.,(4,1,1,1,1,1,4),(0.,0.25,0.375,0.5,0.625,
0.75,1.),.UNSPECIFIED.);
#71=B_SPLINE_CURVE_WITH_KNOTS('',3,(#936,#937,#938,#939,#940,#941,#942),
 .UNSPECIFIED.,.F.,.F.,(4,1,1,1,4),(0.,0.25,0.5,0.75,1.),.UNSPECIFIED.);
#72=B_SPLINE_CURVE_WITH_KNOTS('',3,(#991,#992,#993,#994),.UNSPECIFIED.,
 .F.,.F.,(4,4),(0.,1.),.UNSPECIFIED.);
#73=B_SPLINE_CURVE_WITH_KNOTS('',3,(#995,#996,#997,#998),.UNSPECIFIED.,
 .F.,.F.,(4,4),(0.,1.),.UNSPECIFIED.);
#74=B_SPLINE_CURVE_WITH_KNOTS('',3,(#1067,#1068,#1069,#1070),
 .UNSPECIFIED.,.F.,.F.,(4,4),(0.,1.),.UNSPECIFIED.);
#75=B_SPLINE_CURVE_WITH_KNOTS('',3,(#1107,#1108,#1109,#1110),
 .UNSPECIFIED.,.F.,.F.,(4,4),(0.,1.),.UNSPECIFIED.);
#76=B_SPLINE_CURVE_WITH_KNOTS('',3,(#1215,#1216,#1217,#1218),
 .UNSPECIFIED.,.F.,.F.,(4,4),(0.,1.),.UNSPECIFIED.);
#77=B_SPLINE_CURVE_WITH_KNOTS('',3,(#1219,#1220,#1221,#1222),
 .UNSPECIFIED.,.F.,.F.,(4,4),(0.,1.),.UNSPECIFIED.);
#78=B_SPLINE_CURVE_WITH_KNOTS('',3,(#1291,#1292,#1293,#1294),
 .UNSPECIFIED.,.F.,.F.,(4,4),(0.,1.),.UNSPECIFIED.);
#79=B_SPLINE_CURVE_WITH_KNOTS('',3,(#1331,#1332,#1333,#1334),
 .UNSPECIFIED.,.F.,.F.,(4,4),(0.,1.),.UNSPECIFIED.);
#80=B_SPLINE_CURVE_WITH_KNOTS('',3,(#1439,#1440,#1441,#1442),
 .UNSPECIFIED.,.F.,.F.,(4,4),(0.,1.),.UNSPECIFIED.);
#81=B_SPLINE_CURVE_WITH_KNOTS('',3,(#1443,#1444,#1445,#1446),
 .UNSPECIFIED.,.F.,.F.,(4,4),(0.,1.),.UNSPECIFIED.);
#82=B_SPLINE_CURVE_WITH_KNOTS('',3,(#1515,#1516,#1517,#1518),
 .UNSPECIFIED.,.F.,.F.,(4,4),(0.,1.),.UNSPECIFIED.);
#83=B_SPLINE_CURVE_WITH_KNOTS('',3,(#1555,#1556,#1557,#1558),
 .UNSPECIFIED.,.F.,.F.,(4,4),(0.,1.),.UNSPECIFIED.);
#84=B_SPLINE_CURVE_WITH_KNOTS('',3,(#1663,#1664,#1665,#1666),
 .UNSPECIFIED.,.F.,.F.,(4,4),(0.,1.),.UNSPECIFIED.);
#85=B_SPLINE_CURVE_WITH_KNOTS('',3,(#1667,#1668,#1669,#1670),
 .UNSPECIFIED.,.F.,.F.,(4,4),(0.,1.),.UNSPECIFIED.);
#86=B_SPLINE_CURVE_WITH_KNOTS('',3,(#1739,#1740,#1741,#1742),
 .UNSPECIFIED.,.F.,.F.,(4,4),(0.,1.),.UNSPECIFIED.);
#87=B_SPLINE_CURVE_WITH_KNOTS('',3,(#1779,#1780,#1781,#1782),
 .UNSPECIFIED.,.F.,.F.,(4,4),(0.,1.),.UNSPECIFIED.);
#88=B_SPLINE_CURVE_WITH_KNOTS('',3,(#1887,#1888,#1889,#1890),
 .UNSPECIFIED.,.F.,.F.,(4,4),(0.,1.),.UNSPECIFIED.);
#89=B_SPLINE_CURVE_WITH_KNOTS('',3,(#1891,#1892,#1893,#1894),
 .UNSPECIFIED.,.F.,.F.,(4,4),(0.,1.),.UNSPECIFIED.);
#90=B_SPLINE_CURVE_WITH_KNOTS('',3,(#1963,#1964,#1965,#1966),
 .UNSPECIFIED.,.F.,.F.,(4,4),(0.,1.),.UNSPECIFIED.);
#91=B_SPLINE_CURVE_WITH_KNOTS('',3,(#2003,#2004,#2005,#2006),
 .UNSPECIFIED.,.F.,.F.,(4,4),(0.,1.),.UNSPECIFIED.);
#92=CONTEXT_DEPENDENT_SHAPE_REPRESENTATION(#96,#2088);
#93=CONTEXT_DEPENDENT_SHAPE_REPRESENTATION(#97,#2090);
#94=NEXT_ASSEMBLY_USAGE_OCCURRENCE('NAUO1','Part 2','Part 2',#2091,#2092,
'');
#95=NEXT_ASSEMBLY_USAGE_OCCURRENCE('NAUO2','Part 1','Part 1',#2091,#2093,
'');
#96=(
REPRESENTATION_RELATIONSHIP(' ',' ',#516,#515)
REPRESENTATION_RELATIONSHIP_WITH_TRANSFORMATION(#98)
SHAPE_REPRESENTATION_RELATIONSHIP()
);
#97=(
REPRESENTATION_RELATIONSHIP(' ',' ',#517,#515)
REPRESENTATION_RELATIONSHIP_WITH_TRANSFORMATION(#99)
SHAPE_REPRESENTATION_RELATIONSHIP()
);
#98=ITEM_DEFINED_TRANSFORMATION(' ',' ',#518,#524);
#99=ITEM_DEFINED_TRANSFORMATION(' ',' ',#518,#537);
#100=SHAPE_REPRESENTATION_RELATIONSHIP('','',#516,#102);
#101=SHAPE_REPRESENTATION_RELATIONSHIP('','',#517,#103);
#102=ADVANCED_BREP_SHAPE_REPRESENTATION('',(#510),#2078);
#103=ADVANCED_BREP_SHAPE_REPRESENTATION('',(#511),#2079);
#104=PLANE('',#522);
#105=PLANE('',#523);
#106=PLANE('',#531);
#107=PLANE('',#533);
#108=ORIENTED_EDGE('',*,*,#244,.F.);
#109=ORIENTED_EDGE('',*,*,#245,.T.);
#110=ORIENTED_EDGE('',*,*,#244,.T.);
#111=ORIENTED_EDGE('',*,*,#245,.F.);
#112=ORIENTED_EDGE('',*,*,#246,.F.);
#113=ORIENTED_EDGE('',*,*,#247,.F.);
#114=ORIENTED_EDGE('',*,*,#248,.T.);
#115=ORIENTED_EDGE('',*,*,#249,.F.);
#116=ORIENTED_EDGE('',*,*,#250,.F.);
#117=ORIENTED_EDGE('',*,*,#251,.F.);
#118=ORIENTED_EDGE('',*,*,#252,.T.);
#119=ORIENTED_EDGE('',*,*,#253,.F.);
#120=ORIENTED_EDGE('',*,*,#254,.F.);
#121=ORIENTED_EDGE('',*,*,#255,.F.);
#122=ORIENTED_EDGE('',*,*,#256,.T.);
#123=ORIENTED_EDGE('',*,*,#257,.F.);
#124=ORIENTED_EDGE('',*,*,#258,.F.);
#125=ORIENTED_EDGE('',*,*,#259,.F.);
#126=ORIENTED_EDGE('',*,*,#260,.T.);
#127=ORIENTED_EDGE('',*,*,#261,.F.);
#128=ORIENTED_EDGE('',*,*,#262,.F.);
#129=ORIENTED_EDGE('',*,*,#263,.F.);
#130=ORIENTED_EDGE('',*,*,#264,.T.);
#131=ORIENTED_EDGE('',*,*,#265,.F.);
#132=ORIENTED_EDGE('',*,*,#266,.T.);
#133=ORIENTED_EDGE('',*,*,#267,.F.);
#134=ORIENTED_EDGE('',*,*,#268,.T.);
#135=ORIENTED_EDGE('',*,*,#269,.T.);
#136=ORIENTED_EDGE('',*,*,#270,.T.);
#137=ORIENTED_EDGE('',*,*,#271,.F.);
#138=ORIENTED_EDGE('',*,*,#272,.T.);
#139=ORIENTED_EDGE('',*,*,#273,.T.);
#140=ORIENTED_EDGE('',*,*,#274,.T.);
#141=ORIENTED_EDGE('',*,*,#275,.F.);
#142=ORIENTED_EDGE('',*,*,#276,.T.);
#143=ORIENTED_EDGE('',*,*,#277,.T.);
#144=ORIENTED_EDGE('',*,*,#278,.T.);
#145=ORIENTED_EDGE('',*,*,#279,.F.);
#146=ORIENTED_EDGE('',*,*,#280,.T.);
#147=ORIENTED_EDGE('',*,*,#281,.T.);
#148=ORIENTED_EDGE('',*,*,#282,.T.);
#149=ORIENTED_EDGE('',*,*,#283,.F.);
#150=ORIENTED_EDGE('',*,*,#284,.T.);
#151=ORIENTED_EDGE('',*,*,#285,.T.);
#152=ORIENTED_EDGE('',*,*,#286,.T.);
#153=ORIENTED_EDGE('',*,*,#287,.F.);
#154=ORIENTED_EDGE('',*,*,#288,.T.);
#155=ORIENTED_EDGE('',*,*,#289,.T.);
#156=ORIENTED_EDGE('',*,*,#290,.T.);
#157=ORIENTED_EDGE('',*,*,#266,.F.);
#158=ORIENTED_EDGE('',*,*,#291,.T.);
#159=ORIENTED_EDGE('',*,*,#267,.T.);
#160=ORIENTED_EDGE('',*,*,#288,.F.);
#161=ORIENTED_EDGE('',*,*,#290,.F.);
#162=ORIENTED_EDGE('',*,*,#291,.F.);
#163=ORIENTED_EDGE('',*,*,#289,.F.);
#164=ORIENTED_EDGE('',*,*,#292,.T.);
#165=ORIENTED_EDGE('',*,*,#287,.T.);
#166=ORIENTED_EDGE('',*,*,#293,.F.);
#167=ORIENTED_EDGE('',*,*,#264,.F.);
#168=ORIENTED_EDGE('',*,*,#293,.T.);
#169=ORIENTED_EDGE('',*,*,#286,.F.);
#170=ORIENTED_EDGE('',*,*,#294,.F.);
#171=ORIENTED_EDGE('',*,*,#265,.T.);
#172=ORIENTED_EDGE('',*,*,#294,.T.);
#173=ORIENTED_EDGE('',*,*,#285,.F.);
#174=ORIENTED_EDGE('',*,*,#295,.F.);
#175=ORIENTED_EDGE('',*,*,#262,.T.);
#176=ORIENTED_EDGE('',*,*,#263,.T.);
#177=ORIENTED_EDGE('',*,*,#295,.T.);
#178=ORIENTED_EDGE('',*,*,#284,.F.);
#179=ORIENTED_EDGE('',*,*,#292,.F.);
#180=ORIENTED_EDGE('',*,*,#296,.T.);
#181=ORIENTED_EDGE('',*,*,#283,.T.);
#182=ORIENTED_EDGE('',*,*,#297,.F.);
#183=ORIENTED_EDGE('',*,*,#260,.F.);
#184=ORIENTED_EDGE('',*,*,#297,.T.);
#185=ORIENTED_EDGE('',*,*,#282,.F.);
#186=ORIENTED_EDGE('',*,*,#298,.F.);
#187=ORIENTED_EDGE('',*,*,#261,.T.);
#188=ORIENTED_EDGE('',*,*,#298,.T.);
#189=ORIENTED_EDGE('',*,*,#281,.F.);
#190=ORIENTED_EDGE('',*,*,#299,.F.);
#191=ORIENTED_EDGE('',*,*,#258,.T.);
#192=ORIENTED_EDGE('',*,*,#259,.T.);
#193=ORIENTED_EDGE('',*,*,#299,.T.);
#194=ORIENTED_EDGE('',*,*,#280,.F.);
#195=ORIENTED_EDGE('',*,*,#296,.F.);
#196=ORIENTED_EDGE('',*,*,#300,.T.);
#197=ORIENTED_EDGE('',*,*,#279,.T.);
#198=ORIENTED_EDGE('',*,*,#301,.F.);
#199=ORIENTED_EDGE('',*,*,#256,.F.);
#200=ORIENTED_EDGE('',*,*,#301,.T.);
#201=ORIENTED_EDGE('',*,*,#278,.F.);
#202=ORIENTED_EDGE('',*,*,#302,.F.);
#203=ORIENTED_EDGE('',*,*,#257,.T.);
#204=ORIENTED_EDGE('',*,*,#302,.T.);
#205=ORIENTED_EDGE('',*,*,#277,.F.);
#206=ORIENTED_EDGE('',*,*,#303,.F.);
#207=ORIENTED_EDGE('',*,*,#254,.T.);
#208=ORIENTED_EDGE('',*,*,#255,.T.);
#209=ORIENTED_EDGE('',*,*,#303,.T.);
#210=ORIENTED_EDGE('',*,*,#276,.F.);
#211=ORIENTED_EDGE('',*,*,#300,.F.);
#212=ORIENTED_EDGE('',*,*,#304,.T.);
#213=ORIENTED_EDGE('',*,*,#275,.T.);
#214=ORIENTED_EDGE('',*,*,#305,.F.);
#215=ORIENTED_EDGE('',*,*,#252,.F.);
#216=ORIENTED_EDGE('',*,*,#305,.T.);
#217=ORIENTED_EDGE('',*,*,#274,.F.);
#218=ORIENTED_EDGE('',*,*,#306,.F.);
#219=ORIENTED_EDGE('',*,*,#253,.T.);
#220=ORIENTED_EDGE('',*,*,#306,.T.);
#221=ORIENTED_EDGE('',*,*,#273,.F.);
#222=ORIENTED_EDGE('',*,*,#307,.F.);
#223=ORIENTED_EDGE('',*,*,#250,.T.);
#224=ORIENTED_EDGE('',*,*,#251,.T.);
#225=ORIENTED_EDGE('',*,*,#307,.T.);
#226=ORIENTED_EDGE('',*,*,#272,.F.);
#227=ORIENTED_EDGE('',*,*,#304,.F.);
#228=ORIENTED_EDGE('',*,*,#308,.T.);
#229=ORIENTED_EDGE('',*,*,#271,.T.);
#230=ORIENTED_EDGE('',*,*,#309,.F.);
#231=ORIENTED_EDGE('',*,*,#248,.F.);
#232=ORIENTED_EDGE('',*,*,#309,.T.);
#233=ORIENTED_EDGE('',*,*,#270,.F.);
#234=ORIENTED_EDGE('',*,*,#310,.F.);
#235=ORIENTED_EDGE('',*,*,#249,.T.);
#236=ORIENTED_EDGE('',*,*,#310,.T.);
#237=ORIENTED_EDGE('',*,*,#269,.F.);
#238=ORIENTED_EDGE('',*,*,#311,.F.);
#239=ORIENTED_EDGE('',*,*,#246,.T.);
#240=ORIENTED_EDGE('',*,*,#247,.T.);
#241=ORIENTED_EDGE('',*,*,#311,.T.);
#242=ORIENTED_EDGE('',*,*,#268,.F.);
#243=ORIENTED_EDGE('',*,*,#308,.F.);
#244=EDGE_CURVE('',#312,#312,#360,.T.);
#245=EDGE_CURVE('',#313,#313,#361,.T.);
#246=EDGE_CURVE('',#314,#315,#32,.T.);
#247=EDGE_CURVE('',#316,#314,#33,.T.);
#248=EDGE_CURVE('',#316,#317,#34,.T.);
#249=EDGE_CURVE('',#315,#317,#35,.T.);
#250=EDGE_CURVE('',#318,#319,#36,.T.);
#251=EDGE_CURVE('',#320,#318,#37,.T.);
#252=EDGE_CURVE('',#320,#321,#38,.T.);
#253=EDGE_CURVE('',#319,#321,#39,.T.);
#254=EDGE_CURVE('',#322,#323,#40,.T.);
#255=EDGE_CURVE('',#324,#322,#41,.T.);
#256=EDGE_CURVE('',#324,#325,#42,.T.);
#257=EDGE_CURVE('',#323,#325,#43,.T.);
#258=EDGE_CURVE('',#326,#327,#44,.T.);
#259=EDGE_CURVE('',#328,#326,#45,.T.);
#260=EDGE_CURVE('',#328,#329,#46,.T.);
#261=EDGE_CURVE('',#327,#329,#47,.T.);
#262=EDGE_CURVE('',#330,#331,#48,.T.);
#263=EDGE_CURVE('',#332,#330,#49,.T.);
#264=EDGE_CURVE('',#332,#333,#50,.T.);
#265=EDGE_CURVE('',#331,#333,#51,.T.);
#266=EDGE_CURVE('',#334,#334,#362,.T.);
#267=EDGE_CURVE('',#335,#335,#363,.T.);
#268=EDGE_CURVE('',#336,#337,#52,.T.);
#269=EDGE_CURVE('',#337,#338,#53,.T.);
#270=EDGE_CURVE('',#338,#339,#54,.T.);
#271=EDGE_CURVE('',#336,#339,#55,.T.);
#272=EDGE_CURVE('',#340,#341,#56,.T.);
#273=EDGE_CURVE('',#341,#342,#57,.T.);
#274=EDGE_CURVE('',#342,#343,#58,.T.);
#275=EDGE_CURVE('',#340,#343,#59,.T.);
#276=EDGE_CURVE('',#344,#345,#60,.T.);
#277=EDGE_CURVE('',#345,#346,#61,.T.);
#278=EDGE_CURVE('',#346,#347,#62,.T.);
#279=EDGE_CURVE('',#344,#347,#63,.T.);
#280=EDGE_CURVE('',#348,#349,#64,.T.);
#281=EDGE_CURVE('',#349,#350,#65,.T.);
#282=EDGE_CURVE('',#350,#351,#66,.T.);
#283=EDGE_CURVE('',#348,#351,#67,.T.);
#284=EDGE_CURVE('',#352,#353,#68,.T.);
#285=EDGE_CURVE('',#353,#354,#69,.T.);
#286=EDGE_CURVE('',#354,#355,#70,.T.);
#287=EDGE_CURVE('',#352,#355,#71,.T.);
#288=EDGE_CURVE('',#356,#356,#364,.F.);
#289=EDGE_CURVE('',#357,#357,#365,.T.);
#290=EDGE_CURVE('',#358,#358,#366,.T.);
#291=EDGE_CURVE('',#359,#359,#367,.F.);
#292=EDGE_CURVE('',#332,#352,#72,.F.);
#293=EDGE_CURVE('',#333,#355,#73,.T.);
#294=EDGE_CURVE('',#331,#354,#74,.T.);
#295=EDGE_CURVE('',#330,#353,#75,.T.);
#296=EDGE_CURVE('',#328,#348,#76,.F.);
#297=EDGE_CURVE('',#329,#351,#77,.T.);
#298=EDGE_CURVE('',#327,#350,#78,.T.);
#299=EDGE_CURVE('',#326,#349,#79,.T.);
#300=EDGE_CURVE('',#324,#344,#80,.F.);
#301=EDGE_CURVE('',#325,#347,#81,.T.);
#302=EDGE_CURVE('',#323,#346,#82,.T.);
#303=EDGE_CURVE('',#322,#345,#83,.T.);
#304=EDGE_CURVE('',#320,#340,#84,.F.);
#305=EDGE_CURVE('',#321,#343,#85,.T.);
#306=EDGE_CURVE('',#319,#342,#86,.T.);
#307=EDGE_CURVE('',#318,#341,#87,.T.);
#308=EDGE_CURVE('',#316,#336,#88,.F.);
#309=EDGE_CURVE('',#317,#339,#89,.T.);
#310=EDGE_CURVE('',#315,#338,#90,.T.);
#311=EDGE_CURVE('',#314,#337,#91,.T.);
#312=VERTEX_POINT('',#581);
#313=VERTEX_POINT('',#583);
#314=VERTEX_POINT('',#595);
#315=VERTEX_POINT('',#596);
#316=VERTEX_POINT('',#605);
#317=VERTEX_POINT('',#613);
#318=VERTEX_POINT('',#629);
#319=VERTEX_POINT('',#630);
#320=VERTEX_POINT('',#639);
#321=VERTEX_POINT('',#647);
#322=VERTEX_POINT('',#663);
#323=VERTEX_POINT('',#664);
#324=VERTEX_POINT('',#673);
#325=VERTEX_POINT('',#681);
#326=VERTEX_POINT('',#697);
#327=VERTEX_POINT('',#698);
#328=VERTEX_POINT('',#707);
#329=VERTEX_POINT('',#715);
#330=VERTEX_POINT('',#731);
#331=VERTEX_POINT('',#732);
#332=VERTEX_POINT('',#741);
#333=VERTEX_POINT('',#749);
#334=VERTEX_POINT('',#759);
#335=VERTEX_POINT('',#761);
#336=VERTEX_POINT('',#772);
#337=VERTEX_POINT('',#773);
#338=VERTEX_POINT('',#781);
#339=VERTEX_POINT('',#791);
#340=VERTEX_POINT('',#808);
#341=VERTEX_POINT('',#809);
#342=VERTEX_POINT('',#817);
#343=VERTEX_POINT('',#827);
#344=VERTEX_POINT('',#844);
#345=VERTEX_POINT('',#845);
#346=VERTEX_POINT('',#853);
#347=VERTEX_POINT('',#863);
#348=VERTEX_POINT('',#880);
#349=VERTEX_POINT('',#881);
#350=VERTEX_POINT('',#889);
#351=VERTEX_POINT('',#899);
#352=VERTEX_POINT('',#916);
#353=VERTEX_POINT('',#917);
#354=VERTEX_POINT('',#925);
#355=VERTEX_POINT('',#935);
#356=VERTEX_POINT('',#944);
#357=VERTEX_POINT('',#946);
#358=VERTEX_POINT('',#949);
#359=VERTEX_POINT('',#952);
#360=CIRCLE('',#520,0.00121496606459045);
#361=CIRCLE('',#521,0.00121496606459045);
#362=CIRCLE('',#526,0.01);
#363=CIRCLE('',#527,0.01);
#364=CIRCLE('',#529,0.015);
#365=CIRCLE('',#530,0.015);
#366=CIRCLE('',#532,0.0135);
#367=CIRCLE('',#534,0.0135);
#368=EDGE_LOOP('',(#108));
#369=EDGE_LOOP('',(#109));
#370=EDGE_LOOP('',(#110));
#371=EDGE_LOOP('',(#111));
#372=EDGE_LOOP('',(#112,#113,#114,#115));
#373=EDGE_LOOP('',(#116,#117,#118,#119));
#374=EDGE_LOOP('',(#120,#121,#122,#123));
#375=EDGE_LOOP('',(#124,#125,#126,#127));
#376=EDGE_LOOP('',(#128,#129,#130,#131));
#377=EDGE_LOOP('',(#132));
#378=EDGE_LOOP('',(#133));
#379=EDGE_LOOP('',(#134,#135,#136,#137));
#380=EDGE_LOOP('',(#138,#139,#140,#141));
#381=EDGE_LOOP('',(#142,#143,#144,#145));
#382=EDGE_LOOP('',(#146,#147,#148,#149));
#383=EDGE_LOOP('',(#150,#151,#152,#153));
#384=EDGE_LOOP('',(#154));
#385=EDGE_LOOP('',(#155));
#386=EDGE_LOOP('',(#156));
#387=EDGE_LOOP('',(#157));
#388=EDGE_LOOP('',(#158));
#389=EDGE_LOOP('',(#159));
#390=EDGE_LOOP('',(#160));
#391=EDGE_LOOP('',(#161));
#392=EDGE_LOOP('',(#162));
#393=EDGE_LOOP('',(#163));
#394=EDGE_LOOP('',(#164,#165,#166,#167));
#395=EDGE_LOOP('',(#168,#169,#170,#171));
#396=EDGE_LOOP('',(#172,#173,#174,#175));
#397=EDGE_LOOP('',(#176,#177,#178,#179));
#398=EDGE_LOOP('',(#180,#181,#182,#183));
#399=EDGE_LOOP('',(#184,#185,#186,#187));
#400=EDGE_LOOP('',(#188,#189,#190,#191));
#401=EDGE_LOOP('',(#192,#193,#194,#195));
#402=EDGE_LOOP('',(#196,#197,#198,#199));
#403=EDGE_LOOP('',(#200,#201,#202,#203));
#404=EDGE_LOOP('',(#204,#205,#206,#207));
#405=EDGE_LOOP('',(#208,#209,#210,#211));
#406=EDGE_LOOP('',(#212,#213,#214,#215));
#407=EDGE_LOOP('',(#216,#217,#218,#219));
#408=EDGE_LOOP('',(#220,#221,#222,#223));
#409=EDGE_LOOP('',(#224,#225,#226,#227));
#410=EDGE_LOOP('',(#228,#229,#230,#231));
#411=EDGE_LOOP('',(#232,#233,#234,#235));
#412=EDGE_LOOP('',(#236,#237,#238,#239));
#413=EDGE_LOOP('',(#240,#241,#242,#243));
#414=FACE_BOUND('',#368,.T.);
#415=FACE_BOUND('',#369,.T.);
#416=FACE_BOUND('',#370,.T.);
#417=FACE_BOUND('',#371,.T.);
#418=FACE_BOUND('',#372,.T.);
#419=FACE_BOUND('',#373,.T.);
#420=FACE_BOUND('',#374,.T.);
#421=FACE_BOUND('',#375,.T.);
#422=FACE_BOUND('',#376,.T.);
#423=FACE_BOUND('',#377,.T.);
#424=FACE_BOUND('',#378,.T.);
#425=FACE_BOUND('',#379,.T.);
#426=FACE_BOUND('',#380,.T.);
#427=FACE_BOUND('',#381,.T.);
#428=FACE_BOUND('',#382,.T.);
#429=FACE_BOUND('',#383,.T.);
#430=FACE_BOUND('',#384,.T.);
#431=FACE_BOUND('',#385,.T.);
#432=FACE_BOUND('',#386,.T.);
#433=FACE_BOUND('',#387,.T.);
#434=FACE_BOUND('',#388,.T.);
#435=FACE_BOUND('',#389,.T.);
#436=FACE_BOUND('',#390,.T.);
#437=FACE_BOUND('',#391,.T.);
#438=FACE_BOUND('',#392,.T.);
#439=FACE_BOUND('',#393,.T.);
#440=FACE_BOUND('',#394,.T.);
#441=FACE_BOUND('',#395,.T.);
#442=FACE_BOUND('',#396,.T.);
#443=FACE_BOUND('',#397,.T.);
#444=FACE_BOUND('',#398,.T.);
#445=FACE_BOUND('',#399,.T.);
#446=FACE_BOUND('',#400,.T.);
#447=FACE_BOUND('',#401,.T.);
#448=FACE_BOUND('',#402,.T.);
#449=FACE_BOUND('',#403,.T.);
#450=FACE_BOUND('',#404,.T.);
#451=FACE_BOUND('',#405,.T.);
#452=FACE_BOUND('',#406,.T.);
#453=FACE_BOUND('',#407,.T.);
#454=FACE_BOUND('',#408,.T.);
#455=FACE_BOUND('',#409,.T.);
#456=FACE_BOUND('',#410,.T.);
#457=FACE_BOUND('',#411,.T.);
#458=FACE_BOUND('',#412,.T.);
#459=FACE_BOUND('',#413,.T.);
#460=CYLINDRICAL_SURFACE('',#519,0.00121496606459045);
#461=CYLINDRICAL_SURFACE('',#525,0.01);
#462=CYLINDRICAL_SURFACE('',#528,0.015);
#463=ADVANCED_FACE('',(#414,#415),#460,.T.);
#464=ADVANCED_FACE('',(#416),#104,.T.);
#465=ADVANCED_FACE('',(#417),#105,.F.);
#466=ADVANCED_FACE('',(#418,#419,#420,#421,#422,#423,#424),#461,.F.);
#467=ADVANCED_FACE('',(#425,#426,#427,#428,#429,#430,#431),#462,.T.);
#468=ADVANCED_FACE('',(#432,#433),#106,.T.);
#469=ADVANCED_FACE('',(#434,#435),#107,.F.);
#470=ADVANCED_FACE('',(#436,#437),#30,.T.);
#471=ADVANCED_FACE('',(#438,#439),#31,.T.);
#472=ADVANCED_FACE('',(#440),#10,.F.);
#473=ADVANCED_FACE('',(#441),#11,.T.);
#474=ADVANCED_FACE('',(#442),#12,.T.);
#475=ADVANCED_FACE('',(#443),#13,.T.);
#476=ADVANCED_FACE('',(#444),#14,.F.);
#477=ADVANCED_FACE('',(#445),#15,.T.);
#478=ADVANCED_FACE('',(#446),#16,.T.);
#479=ADVANCED_FACE('',(#447),#17,.T.);
#480=ADVANCED_FACE('',(#448),#18,.F.);
#481=ADVANCED_FACE('',(#449),#19,.T.);
#482=ADVANCED_FACE('',(#450),#20,.T.);
#483=ADVANCED_FACE('',(#451),#21,.T.);
#484=ADVANCED_FACE('',(#452),#22,.F.);
#485=ADVANCED_FACE('',(#453),#23,.T.);
#486=ADVANCED_FACE('',(#454),#24,.T.);
#487=ADVANCED_FACE('',(#455),#25,.T.);
#488=ADVANCED_FACE('',(#456),#26,.F.);
#489=ADVANCED_FACE('',(#457),#27,.T.);
#490=ADVANCED_FACE('',(#458),#28,.T.);
#491=ADVANCED_FACE('',(#459),#29,.T.);
#492=CLOSED_SHELL('',(#463,#464,#465));
#493=CLOSED_SHELL('',(#466,#467,#468,#469,#470,#471,#472,#473,#474,#475,
#476,#477,#478,#479,#480,#481,#482,#483,#484,#485,#486,#487,#488,#489,#490,
#491));
#494=STYLED_ITEM('',(#496),#510);
#495=STYLED_ITEM('',(#497),#511);
#496=PRESENTATION_STYLE_ASSIGNMENT((#498));
#497=PRESENTATION_STYLE_ASSIGNMENT((#499));
#498=SURFACE_STYLE_USAGE(.BOTH.,#500);
#499=SURFACE_STYLE_USAGE(.BOTH.,#501);
#500=SURFACE_SIDE_STYLE('',(#502));
#501=SURFACE_SIDE_STYLE('',(#503));
#502=SURFACE_STYLE_FILL_AREA(#504);
#503=SURFACE_STYLE_FILL_AREA(#505);
#504=FILL_AREA_STYLE('',(#506));
#505=FILL_AREA_STYLE('',(#507));
#506=FILL_AREA_STYLE_COLOUR('',#508);
#507=FILL_AREA_STYLE_COLOUR('',#509);
#508=COLOUR_RGB('',0.647058823529412,0.647058823529412,0.647058823529412);
#509=COLOUR_RGB('',0.615686274509804,0.811764705882353,0.929411764705882);
#510=MANIFOLD_SOLID_BREP('Part 2',#492);
#511=MANIFOLD_SOLID_BREP('Part 1',#493);
#512=SHAPE_DEFINITION_REPRESENTATION(#2086,#515);
#513=SHAPE_DEFINITION_REPRESENTATION(#2087,#516);
#514=SHAPE_DEFINITION_REPRESENTATION(#2089,#517);
#515=SHAPE_REPRESENTATION('Assembly 1',(#518,#524,#537),#2077);
#516=SHAPE_REPRESENTATION('Part 2',(#518),#2078);
#517=SHAPE_REPRESENTATION('Part 1',(#518),#2079);
#518=AXIS2_PLACEMENT_3D('',#578,#538,#539);
#519=AXIS2_PLACEMENT_3D('',#579,#540,#541);
#520=AXIS2_PLACEMENT_3D('',#580,#542,#543);
#521=AXIS2_PLACEMENT_3D('',#582,#544,#545);
#522=AXIS2_PLACEMENT_3D('',#584,#546,#547);
#523=AXIS2_PLACEMENT_3D('',#585,#548,#549);
#524=AXIS2_PLACEMENT_3D('',#586,#550,#551);
#525=AXIS2_PLACEMENT_3D('',#587,#552,#553);
#526=AXIS2_PLACEMENT_3D('',#758,#554,#555);
#527=AXIS2_PLACEMENT_3D('',#760,#556,#557);
#528=AXIS2_PLACEMENT_3D('',#762,#558,#559);
#529=AXIS2_PLACEMENT_3D('',#943,#560,#561);
#530=AXIS2_PLACEMENT_3D('',#945,#562,#563);
#531=AXIS2_PLACEMENT_3D('',#947,#564,#565);
#532=AXIS2_PLACEMENT_3D('',#948,#566,#567);
#533=AXIS2_PLACEMENT_3D('',#950,#568,#569);
#534=AXIS2_PLACEMENT_3D('',#951,#570,#571);
#535=AXIS2_PLACEMENT_3D('',#953,#572,#573);
#536=AXIS2_PLACEMENT_3D('',#954,#574,#575);
#537=AXIS2_PLACEMENT_3D('',#2075,#576,#577);
#538=DIRECTION('',(0.,0.,1.));
#539=DIRECTION('',(1.,0.,0.));
#540=DIRECTION('',(0.,-1.,0.));
#541=DIRECTION('',(-1.,0.,0.));
#542=DIRECTION('',(0.,1.,0.));
#543=DIRECTION('',(1.,0.,0.));
#544=DIRECTION('',(0.,1.,0.));
#545=DIRECTION('',(1.,0.,0.));
#546=DIRECTION('',(0.,1.,0.));
#547=DIRECTION('',(1.,0.,0.));
#548=DIRECTION('',(0.,1.,0.));
#549=DIRECTION('',(1.,0.,0.));
#550=DIRECTION('',(0.,0.,1.));
#551=DIRECTION('',(1.,0.,0.));
#552=DIRECTION('',(0.,-1.,0.));
#553=DIRECTION('',(-1.,0.,0.));
#554=DIRECTION('',(0.,1.,0.));
#555=DIRECTION('',(1.,0.,0.));
#556=DIRECTION('',(0.,1.,0.));
#557=DIRECTION('',(1.,0.,0.));
#558=DIRECTION('',(0.,-1.,0.));
#559=DIRECTION('',(-1.,0.,0.));
#560=DIRECTION('',(0.,1.,0.));
#561=DIRECTION('',(1.,0.,0.));
#562=DIRECTION('',(0.,1.,0.));
#563=DIRECTION('',(1.,0.,0.));
#564=DIRECTION('',(0.,1.,0.));
#565=DIRECTION('',(1.,0.,0.));
#566=DIRECTION('',(0.,1.,0.));
#567=DIRECTION('',(1.,0.,0.));
#568=DIRECTION('',(0.,1.,0.));
#569=DIRECTION('',(1.,0.,0.));
#570=DIRECTION('',(0.,1.,0.));
#571=DIRECTION('',(1.,0.,0.));
#572=DIRECTION('',(0.,-1.,0.));
#573=DIRECTION('',(-1.,0.,0.));
#574=DIRECTION('',(0.,1.,0.));
#575=DIRECTION('',(1.,0.,0.));
#576=DIRECTION('',(0.,0.,1.));
#577=DIRECTION('',(1.,0.,0.));
#578=CARTESIAN_POINT('',(0.,0.,0.));
#579=CARTESIAN_POINT('',(-0.052404669725067,0.0001,-0.0253551707383841));
#580=CARTESIAN_POINT('',(-0.052404669725067,0.0001,-0.0253551707383841));
#581=CARTESIAN_POINT('',(-0.0511897036604766,0.0001,-0.0253551707383841));
#582=CARTESIAN_POINT('',(-0.052404669725067,0.,-0.0253551707383841));
#583=CARTESIAN_POINT('',(-0.0511897036604766,0.,-0.0253551707383841));
#584=CARTESIAN_POINT('',(-0.052404669725067,0.0001,-0.0253551707383841));
#585=CARTESIAN_POINT('',(-0.052404669725067,0.,-0.0253551707383841));
#586=CARTESIAN_POINT('',(0.0667908998734421,-0.0102860928431153,0.0117192587596029));
#587=CARTESIAN_POINT('',(0.,0.052,-6.12323399573677E-19));
#588=CARTESIAN_POINT('',(0.00999859076672209,0.0455932744111136,-0.000167876977634366));
#589=CARTESIAN_POINT('',(0.0099706112704497,0.042926607744447,-0.00183430877208805));
#590=CARTESIAN_POINT('',(0.00906395236413404,0.0375932744111137,-0.00515081457238331));
#591=CARTESIAN_POINT('',(0.0054848761594471,0.0295932744111136,-0.00886611986892752));
#592=CARTESIAN_POINT('',(0.000562531244049172,0.0215932744111136,-0.0104100759756034));
#593=CARTESIAN_POINT('',(-0.00280989345747178,0.0162599410777803,-0.00974075338643962));
#594=CARTESIAN_POINT('',(-0.00431353202128708,0.0135932744111136,-0.00902183138289177));
#595=CARTESIAN_POINT('',(0.00999859076672209,0.0455932744111136,-0.000167876977634366));
#596=CARTESIAN_POINT('',(-0.00431353202128709,0.0135932744111136,-0.00902183138289177));
#597=CARTESIAN_POINT('',(0.00891763105381533,0.0387538631223004,0.00452502556766571));
#598=CARTESIAN_POINT('',(0.00864683615211195,0.03971136454687,0.00505869084502915));
#599=CARTESIAN_POINT('',(0.00827190268611998,0.0423519071163755,0.00560706960070638));
#600=CARTESIAN_POINT('',(0.00881840892495087,0.0455669259301889,0.00479746527144149));
#601=CARTESIAN_POINT('',(0.00942860211950543,0.0469729162646072,0.00341006407913725));
#602=CARTESIAN_POINT('',(0.00992420934188541,0.0474136238096838,0.00171930005330496));
#603=CARTESIAN_POINT('',(0.0100086485051037,0.0465518562034087,0.00043115221346498));
#604=CARTESIAN_POINT('',(0.00999859076672209,0.0455932744111136,-0.000167876977634366));
#605=CARTESIAN_POINT('',(0.00891763105381533,0.0387538631223003,0.00452502556766572));
#606=CARTESIAN_POINT('',(0.00891763105381533,0.0387538631223004,0.00452502556766571));
#607=CARTESIAN_POINT('',(0.00967180198175962,0.0360871964556337,0.00303875372536315));
#608=CARTESIAN_POINT('',(0.010420444485276,0.0307538631223004,-0.000316954172789245));
#609=CARTESIAN_POINT('',(0.00899296328595256,0.0227538631223004,-0.00527433022782721));
#610=CARTESIAN_POINT('',(0.00536306842268772,0.0147538631223004,-0.00894000113601431));
#611=CARTESIAN_POINT('',(0.00206885916010804,0.00942052978896702,-0.00992459568715092));
#612=CARTESIAN_POINT('',(0.000403550152459024,0.00675386312230035,-0.00999185404589409));
#613=CARTESIAN_POINT('',(0.000403550152459022,0.00675386312230031,-0.0099918540458941));
#614=CARTESIAN_POINT('',(-0.00431353202128708,0.0135932744111136,-0.00902183138289177));
#615=CARTESIAN_POINT('',(-0.00485343304637257,0.0126357729865416,-0.0087636930669343));
#616=CARTESIAN_POINT('',(-0.00541049855884944,0.00999523041703966,-0.00840179200531));
#617=CARTESIAN_POINT('',(-0.00458823519624257,0.00678021160322495,-0.00892905968074473));
#618=CARTESIAN_POINT('',(-0.0031868341217771,0.00537422126880682,-0.00950637487331747));
#619=CARTESIAN_POINT('',(-0.00148485592860289,0.00493351372373015,-0.00996198406976005));
#620=CARTESIAN_POINT('',(-0.000195075432519925,0.00579528133000528,-0.0100160312851707));
#621=CARTESIAN_POINT('',(0.000403550152459024,0.00675386312230035,-0.00999185404589409));
#622=CARTESIAN_POINT('',(0.00324939496023267,0.0455932744111136,0.00945734806340629));
#623=CARTESIAN_POINT('',(0.00482561963746705,0.042926607744447,0.00891578223670084));
#624=CARTESIAN_POINT('',(0.00769963108001559,0.0375932744111137,0.00702864172155797));
#625=CARTESIAN_POINT('',(0.0101271010209086,0.0295932744111136,0.00247664549885012));
#626=CARTESIAN_POINT('',(0.0100744023060034,0.0215932744111136,-0.00268189138392324));
#627=CARTESIAN_POINT('',(0.00839570215105573,0.0162599410777803,-0.00568242581724883));
#628=CARTESIAN_POINT('',(0.00724731682525712,0.0135932744111136,-0.00689031195479168));
#629=CARTESIAN_POINT('',(0.00324939496023267,0.0455932744111136,0.00945734806340628));
#630=CARTESIAN_POINT('',(0.00724731682525711,0.0135932744111136,-0.00689031195479168));
#631=CARTESIAN_POINT('',(-0.00154785550733594,0.0387538631223004,0.00987948092403694));
#632=CARTESIAN_POINT('',(-0.00213908157350934,0.03971136454687,0.00978685130820556));
#633=CARTESIAN_POINT('',(-0.00277648157524542,0.0423519071163755,0.00959972674705522));
#634=CARTESIAN_POINT('',(-0.0018376223869466,0.0455669259301889,0.00986930357022891));
#635=CARTESIAN_POINT('',(-0.000329565375320679,0.0469729162646072,0.0100209012376709));
#636=CARTESIAN_POINT('',(0.00143159782321492,0.0474136238096838,0.00996977689857836));
#637=CARTESIAN_POINT('',(0.00268279235667151,0.0465518562034087,0.00965202374120969));
#638=CARTESIAN_POINT('',(0.00324939496023267,0.0455932744111136,0.00945734806340629));
#639=CARTESIAN_POINT('',(-0.00154785550733594,0.0387538631223003,0.00987948092403694));
#640=CARTESIAN_POINT('',(-0.00154785550733594,0.0387538631223004,0.00987948092403694));
#641=CARTESIAN_POINT('',(9.87246466702191E-5,0.0360871964556337,0.0101374568419263));
#642=CARTESIAN_POINT('',(0.00352153576628914,0.0307538631223004,0.00981248740458371));
#643=CARTESIAN_POINT('',(0.00779516461741689,0.0227538631223004,0.00692295865956416));
#644=CARTESIAN_POINT('',(0.0101597256206986,0.0147538631223004,0.00233796888997417));
#645=CARTESIAN_POINT('',(0.0100781640393013,0.00942052978896702,-0.00109926674411228));
#646=CARTESIAN_POINT('',(0.00962752175541012,0.00675386312230035,-0.0027038537033473));
#647=CARTESIAN_POINT('',(0.00962752175541011,0.00675386312230031,-0.0027038537033473));
#648=CARTESIAN_POINT('',(0.00724731682525712,0.0135932744111136,-0.00689031195479168));
#649=CARTESIAN_POINT('',(0.00683497410572843,0.0126357729865416,-0.00732401921632348));
#650=CARTESIAN_POINT('',(0.00631864303248096,0.00999523041703966,-0.00774198642364366));
#651=CARTESIAN_POINT('',(0.00707419774393238,0.00678021160322495,-0.00712290216681954));
#652=CARTESIAN_POINT('',(0.00805631386773001,0.00537422126880682,-0.00596849074862195));
#653=CARTESIAN_POINT('',(0.00901556414863713,0.00493351372373015,-0.00449060428190563));
#654=CARTESIAN_POINT('',(0.00946553019734399,0.00579528133000528,-0.00328065164457605));
#655=CARTESIAN_POINT('',(0.00962752175541012,0.00675386312230035,-0.0027038537033473));
#656=CARTESIAN_POINT('',(-0.00818770546173153,0.0455932744111136,-0.00574120886851644));
#657=CARTESIAN_POINT('',(-0.00914457360648427,0.042926607744447,-0.00437659129156118));
#658=CARTESIAN_POINT('',(-0.0103604643417295,0.0375932744111137,-0.00116056100318726));
#659=CARTESIAN_POINT('',(-0.00964873252904758,0.0295932744111136,0.00394891233095416));
#660=CARTESIAN_POINT('',(-0.00657398647000655,0.0215932744111136,0.00809128080779171));
#661=CARTESIAN_POINT('',(-0.00345221962728953,0.0162599410777803,0.00953204896246));
#662=CARTESIAN_POINT('',(-0.00181317872453143,0.0135932744111136,0.00983424541654857));
#663=CARTESIAN_POINT('',(-0.00818770546173152,0.0455932744111136,-0.00574120886851643));
#664=CARTESIAN_POINT('',(-0.00181317872453142,0.0135932744111136,0.00983424541654857));
#665=CARTESIAN_POINT('',(-0.0045547717771821,0.0387538631223004,-0.00890247460304075));
#666=CARTESIAN_POINT('',(-0.00402201352001917,0.03971136454687,-0.00917504963211835));
#667=CARTESIAN_POINT('',(-0.00339635702901419,0.0423519071163755,-0.00939831700291444));
#668=CARTESIAN_POINT('',(-0.00431436334869435,0.0455669259301889,-0.00906456164929023));
#669=CARTESIAN_POINT('',(-0.00562351397279037,0.0469729162646072,-0.00830079306750845));
#670=CARTESIAN_POINT('',(-0.0070182747977216,0.0474136238096838,-0.00722424685337691));
#671=CARTESIAN_POINT('',(-0.00784374181878635,0.0465518562034087,-0.00623174545453461));
#672=CARTESIAN_POINT('',(-0.00818770546173153,0.0455932744111136,-0.00574120886851644));
#673=CARTESIAN_POINT('',(-0.00455477177718209,0.0387538631223003,-0.00890247460304075));
#674=CARTESIAN_POINT('',(-0.0045547717771821,0.0387538631223004,-0.00890247460304075));
#675=CARTESIAN_POINT('',(-0.00603851754435556,0.0360871964556337,-0.0081433459735104));
#676=CARTESIAN_POINT('',(-0.00861661766594706,0.0307538631223004,-0.00586856227855311));
#677=CARTESIAN_POINT('',(-0.0103756336517628,0.0227538631223004,-0.00101890840563287));
#678=CARTESIAN_POINT('',(-0.00959361431917718,0.0147538631223004,0.00408028032287562));
#679=CARTESIAN_POINT('',(-0.00750727319936849,0.00942052978896702,0.00681312166982371));
#680=CARTESIAN_POINT('',(-0.00619954338265738,0.00675386312230035,0.00784637890026661));
#681=CARTESIAN_POINT('',(-0.00619954338265738,0.00675386312230031,0.00784637890026661));
#682=CARTESIAN_POINT('',(-0.00181317872453143,0.0135932744111136,0.00983424541654857));
#683=CARTESIAN_POINT('',(-0.00122465972478539,0.0126357729865416,0.00994275299228249));
#684=CARTESIAN_POINT('',(-0.000561264151399662,0.00999523041703966,0.00997740377594074));
#685=CARTESIAN_POINT('',(-0.00153640934923159,0.00678021160322495,0.00992065800791128));
#686=CARTESIAN_POINT('',(-0.0030095039905281,0.00537422126880682,0.00956399292569585));
#687=CARTESIAN_POINT('',(-0.00465423363933938,0.00493351372373015,0.00893219082674021));
#688=CARTESIAN_POINT('',(-0.00572945613582968,0.00579528133000528,0.00821780198821401));
#689=CARTESIAN_POINT('',(-0.00619954338265738,0.00675386312230035,0.00784637890026661));
#690=CARTESIAN_POINT('',(0.00293007397320247,0.0455932744111136,-0.00956110174151293));
#691=CARTESIAN_POINT('',(0.00133655701628364,0.042926607744447,-0.0100494474037133));
#692=CARTESIAN_POINT('',(-0.00209780044657079,0.0375932744111137,-0.0102120201970391));
#693=CARTESIAN_POINT('',(-0.00673726113028631,0.0295932744111136,-0.00795620892617809));
#694=CARTESIAN_POINT('',(-0.00972673887744721,0.0215932744111136,-0.00375188939446841));
#695=CARTESIAN_POINT('',(-0.0101323118125393,0.0162599410777803,-0.000337690851601511));
#696=CARTESIAN_POINT('',(-0.00991322622597357,0.0135932744111136,0.00131451351939409));
#697=CARTESIAN_POINT('',(0.00293007397320247,0.0455932744111136,-0.00956110174151293));
#698=CARTESIAN_POINT('',(-0.00991322622597356,0.0135932744111136,0.0013145135193941));
#699=CARTESIAN_POINT('',(0.00705925459772536,0.0387538631223004,-0.00708286132325724));
#700=CARTESIAN_POINT('',(0.00748312021066588,0.03971136454687,-0.00666040842739961));
#701=CARTESIAN_POINT('',(0.00788879858689913,0.0423519071163755,-0.00613436715653237));
#702=CARTESIAN_POINT('',(0.00728769882926166,0.0455669259301889,-0.00690430697263083));
#703=CARTESIAN_POINT('',(0.00615676195157435,0.0469729162646072,-0.00791336573294898));
#704=CARTESIAN_POINT('',(0.0047019008615395,0.0474136238096838,-0.00890719102877638));
#705=CARTESIAN_POINT('',(0.00350289260093341,0.0465518562034087,-0.00938555701896358));
#706=CARTESIAN_POINT('',(0.00293007397320247,0.0455932744111136,-0.00956110174151293));
#707=CARTESIAN_POINT('',(0.00705925459772537,0.0387538631223003,-0.00708286132325724));
#708=CARTESIAN_POINT('',(0.00705925459772536,0.0387538631223004,-0.00708286132325724));
#709=CARTESIAN_POINT('',(0.00587877771051582,0.0360871964556337,-0.00825940375621147));
#710=CARTESIAN_POINT('',(0.00291865310349283,0.0307538631223004,-0.0100083758562436));
#711=CARTESIAN_POINT('',(-0.00223720764711826,0.0227538631223004,-0.0101826740082524));
#712=CARTESIAN_POINT('',(-0.00684516705148634,0.0147538631223004,-0.00786319345149369));
#713=CARTESIAN_POINT('',(-0.008799538760418,0.00942052978896702,-0.00503447071514762));
#714=CARTESIAN_POINT('',(-0.00937811404502524,0.00675386312230035,-0.00347145170764341));
#715=CARTESIAN_POINT('',(-0.00937811404502524,0.00675386312230031,-0.00347145170764341));
#716=CARTESIAN_POINT('',(-0.00991322622597357,0.0135932744111136,0.00131451351939409));
#717=CARTESIAN_POINT('',(-0.00983456069050863,0.0126357729865416,0.00190775903398627));
#718=CARTESIAN_POINT('',(-0.00966251503793224,0.00999523041703966,0.00254939339795494));
#719=CARTESIAN_POINT('',(-0.00990988304358883,0.00678021160322495,0.001604439796543));
#720=CARTESIAN_POINT('',(-0.0100258856714962,0.00537422126880682,9.32279671137682E-5));
#721=CARTESIAN_POINT('',(-0.0099332555809105,0.00493351372373015,-0.00166624046859109));
#722=CARTESIAN_POINT('',(-0.00958609344501139,0.00579528133000528,-0.00290959612204172));
#723=CARTESIAN_POINT('',(-0.00937811404502524,0.00675386312230035,-0.00347145170764341));
#724=CARTESIAN_POINT('',(-0.0079903542384257,0.0455932744111136,0.00601283952425745));
#725=CARTESIAN_POINT('',(-0.00698821431771612,0.042926607744447,0.00734456523066173));
#726=CARTESIAN_POINT('',(-0.00430531865584935,0.0375932744111137,0.00949475405105172));
#727=CARTESIAN_POINT('',(0.000774016478978175,0.0295932744111136,0.0103967709653013));
#728=CARTESIAN_POINT('',(0.00566379179740122,0.0215932744111136,0.00875257594620339));
#729=CARTESIAN_POINT('',(0.00799872274624483,0.0162599410777803,0.00622882109282995));
#730=CARTESIAN_POINT('',(0.00879262014653496,0.0135932744111136,0.00476338440174079));
#731=CARTESIAN_POINT('',(-0.00799035423842569,0.0455932744111136,0.00601283952425745));
#732=CARTESIAN_POINT('',(0.00879262014653497,0.0135932744111136,0.00476338440174078));
#733=CARTESIAN_POINT('',(-0.00987425836702266,0.0387538631223004,0.00158082943459534));
#734=CARTESIAN_POINT('',(-0.00996886126924933,0.03971136454687,0.000989915906283258));
#735=CARTESIAN_POINT('',(-0.0099878626687595,0.0423519071163755,0.000325887811685205));
#736=CARTESIAN_POINT('',(-0.00995412201857158,0.0455669259301889,0.00130209978025066));
#737=CARTESIAN_POINT('',(-0.00963228472296873,0.0469729162646072,0.00278319348364926));
#738=CARTESIAN_POINT('',(-0.00903943322891823,0.0474136238096838,0.00444236093026997));
#739=CARTESIAN_POINT('',(-0.00835059164392228,0.0465518562034087,0.00553412651882353));
#740=CARTESIAN_POINT('',(-0.0079903542384257,0.0455932744111136,0.00601283952425745));
#741=CARTESIAN_POINT('',(-0.00987425836702266,0.0387538631223003,0.00158082943459532));
#742=CARTESIAN_POINT('',(-0.00987425836702266,0.0387538631223004,0.00158082943459534));
#743=CARTESIAN_POINT('',(-0.0096107867945901,0.0360871964556337,0.00322653916243245));
#744=CARTESIAN_POINT('',(-0.0082440156891109,0.0307538631223004,0.00638140490300222));
#745=CARTESIAN_POINT('',(-0.00417528660448835,0.0227538631223004,0.00955295398214828));
#746=CARTESIAN_POINT('',(0.000915987327277161,0.0147538631223004,0.0103849453746582));
#747=CARTESIAN_POINT('',(0.00415978876037711,0.00942052978896702,0.00924521147658711));
#748=CARTESIAN_POINT('',(0.00554658551981348,0.00675386312230035,0.00832078055661819));
#749=CARTESIAN_POINT('',(0.00554658551981348,0.00675386312230031,0.00832078055661819));
#750=CARTESIAN_POINT('',(0.00879262014653496,0.0135932744111136,0.00476338440174079));
#751=CARTESIAN_POINT('',(0.00907767935593816,0.0126357729865416,0.00423720025698902));
#752=CARTESIAN_POINT('',(0.00931563471570038,0.00999523041703966,0.00361698125505798));
#753=CARTESIAN_POINT('',(0.0089603298451306,0.00678021160322495,0.00452686404310999));
#754=CARTESIAN_POINT('',(0.00816590991607138,0.00537422126880682,0.00581764472912981));
#755=CARTESIAN_POINT('',(0.00705678100021564,0.00493351372373015,0.00718663799351656));
#756=CARTESIAN_POINT('',(0.00604509481601701,0.00579528133000528,0.00798847706357443));
#757=CARTESIAN_POINT('',(0.00554658551981348,0.00675386312230035,0.00832078055661819));
#758=CARTESIAN_POINT('',(0.,0.052,-6.12323399573677E-19));
#759=CARTESIAN_POINT('',(0.01,0.052,-6.12323399573677E-19));
#760=CARTESIAN_POINT('',(0.,0.,-6.12323399573677E-19));
#761=CARTESIAN_POINT('',(0.01,0.,-6.12323399573677E-19));
#762=CARTESIAN_POINT('',(0.,0.052,-9.18485099360515E-19));
#763=CARTESIAN_POINT('',(0.013376446580723,0.0387538631223004,0.00678753835149856));
#764=CARTESIAN_POINT('',(0.0129702542281679,0.03971136454687,0.00758803626754372));
#765=CARTESIAN_POINT('',(0.0125556621513322,0.041686946899602,0.0082005377914293));
#766=CARTESIAN_POINT('',(0.0128876961901191,0.0442889593619921,0.00768933479847336));
#767=CARTESIAN_POINT('',(0.0134596507033584,0.0459162717083112,0.00667394905749474));
#768=CARTESIAN_POINT('',(0.0141420571613702,0.0469734825292078,0.00511561543516729));
#769=CARTESIAN_POINT('',(0.0148868216235609,0.0474132840509235,0.00257863849008059));
#770=CARTESIAN_POINT('',(0.0150129727576556,0.0465518562034087,0.000646728320197469));
#771=CARTESIAN_POINT('',(0.0149978861500831,0.0455932744111136,-0.00025181546645155));
#772=CARTESIAN_POINT('',(0.013376446580723,0.0387538631223003,0.00678753835149858));
#773=CARTESIAN_POINT('',(0.0149978861500831,0.0455932744111136,-0.000251815466451549));
#774=CARTESIAN_POINT('',(0.0149978861500831,0.0455932744111136,-0.00025181546645155));
#775=CARTESIAN_POINT('',(0.0149559169056745,0.042926607744447,-0.00275146315813207));
#776=CARTESIAN_POINT('',(0.0135959285462011,0.0375932744111137,-0.00772622185857497));
#777=CARTESIAN_POINT('',(0.00822731423917065,0.0295932744111136,-0.0132991798033913));
#778=CARTESIAN_POINT('',(0.00084379686607376,0.0215932744111136,-0.0156151139634052));
#779=CARTESIAN_POINT('',(-0.00421484018620767,0.0162599410777803,-0.0146111300796594));
#780=CARTESIAN_POINT('',(-0.00647029803193061,0.0135932744111136,-0.0135327470743377));
#781=CARTESIAN_POINT('',(-0.00647029803193063,0.0135932744111136,-0.0135327470743377));
#782=CARTESIAN_POINT('',(-0.00647029803193061,0.0135932744111136,-0.0135327470743377));
#783=CARTESIAN_POINT('',(-0.00728014956955886,0.0126357729865416,-0.0131455396004014));
#784=CARTESIAN_POINT('',(-0.00790225499208296,0.0106601906338126,-0.0127455026643578));
#785=CARTESIAN_POINT('',(-0.00738336627694859,0.0080581781714218,-0.01306539265205));
#786=CARTESIAN_POINT('',(-0.0063547787458704,0.00643086582510283,-0.0136132501692096));
#787=CARTESIAN_POINT('',(-0.00478079029992063,0.00537365500420618,-0.0142587287702715));
#788=CARTESIAN_POINT('',(-0.00222696042255135,0.00493385348249054,-0.0149434762284629));
#789=CARTESIAN_POINT('',(-0.000292613148779887,0.00579528133000528,-0.015024046927756));
#790=CARTESIAN_POINT('',(0.000605325228688537,0.00675386312230035,-0.0149877810688411));
#791=CARTESIAN_POINT('',(0.000605325228688541,0.00675386312230031,-0.0149877810688411));
#792=CARTESIAN_POINT('',(0.013376446580723,0.0387538631223004,0.00678753835149856));
#793=CARTESIAN_POINT('',(0.0145077029726394,0.0360871964556337,0.00455813058804473));
#794=CARTESIAN_POINT('',(0.015630666727914,0.0307538631223004,-0.000475431259183868));
#795=CARTESIAN_POINT('',(0.0134894449289288,0.0227538631223004,-0.00791149534174082));
#796=CARTESIAN_POINT('',(0.00804460263403158,0.0147538631223004,-0.0134100017040215));
#797=CARTESIAN_POINT('',(0.00310328874016206,0.00942052978896702,-0.0148868935307264));
#798=CARTESIAN_POINT('',(0.000605325228688537,0.00675386312230035,-0.0149877810688411));
#799=CARTESIAN_POINT('',(-0.00232178326100391,0.0387538631223004,0.0148192213860554));
#800=CARTESIAN_POINT('',(-0.003208622360264,0.03971136454687,0.0146802769623083));
#801=CARTESIAN_POINT('',(-0.00391926192327155,0.041686946899602,0.0144752498459905));
#802=CARTESIAN_POINT('',(-0.0033304748249751,0.0442889593619921,0.0146330625698119));
#803=CARTESIAN_POINT('',(-0.00218804193486381,0.0459162717083112,0.0148632521868442));
#804=CARTESIAN_POINT('',(-0.000495103396190589,0.0469734825292078,0.0150307077232932));
#805=CARTESIAN_POINT('',(0.00214784993474812,0.0474132840509235,0.0149550518277954));
#806=CARTESIAN_POINT('',(0.00402418853500727,0.0465518562034087,0.0144780356118145));
#807=CARTESIAN_POINT('',(0.004874092440349,0.0455932744111136,0.0141860220951094));
#808=CARTESIAN_POINT('',(-0.00232178326100392,0.0387538631223003,0.0148192213860554));
#809=CARTESIAN_POINT('',(0.004874092440349,0.0455932744111136,0.0141860220951094));
#810=CARTESIAN_POINT('',(0.004874092440349,0.0455932744111136,0.0141860220951094));
#811=CARTESIAN_POINT('',(0.00723842945620057,0.042926607744447,0.0133736733550513));
#812=CARTESIAN_POINT('',(0.0115494466200234,0.0375932744111137,0.010542962582337));
#813=CARTESIAN_POINT('',(0.0151906515313629,0.0295932744111136,0.00371496824827518));
#814=CARTESIAN_POINT('',(0.015111603459005,0.0215932744111136,-0.00402283707588486));
#815=CARTESIAN_POINT('',(0.0125935532265836,0.0162599410777803,-0.00852363872587324));
#816=CARTESIAN_POINT('',(0.0108709752378857,0.0135932744111136,-0.0103354679321875));
#817=CARTESIAN_POINT('',(0.0108709752378857,0.0135932744111136,-0.0103354679321875));
#818=CARTESIAN_POINT('',(0.0108709752378857,0.0135932744111136,-0.0103354679321875));
#819=CARTESIAN_POINT('',(0.0102524611585926,0.0126357729865416,-0.0109860288244852));
#820=CARTESIAN_POINT('',(0.00967976227595688,0.0106601906338126,-0.0114540680287842));
#821=CARTESIAN_POINT('',(0.010144341164415,0.0080581781714218,-0.0110594269775509));
#822=CARTESIAN_POINT('',(0.0109832356534162,0.00643086582510283,-0.0102504793868374));
#823=CARTESIAN_POINT('',(0.0120835114618336,0.00537365500420618,-0.00895299127597708));
#824=CARTESIAN_POINT('',(0.0135239218268126,0.00493385348249054,-0.00673575333103195));
#825=CARTESIAN_POINT('',(0.014198295296016,0.00579528133000528,-0.00492097746686408));
#826=CARTESIAN_POINT('',(0.0144412826331152,0.00675386312230035,-0.00405578055502095));
#827=CARTESIAN_POINT('',(0.0144412826331152,0.00675386312230031,-0.00405578055502094));
#828=CARTESIAN_POINT('',(-0.00232178326100391,0.0387538631223004,0.0148192213860554));
#829=CARTESIAN_POINT('',(0.000148086970005329,0.0360871964556337,0.0152061852628894));
#830=CARTESIAN_POINT('',(0.00528230364943371,0.0307538631223004,0.0147187311068756));
#831=CARTESIAN_POINT('',(0.0116927469261253,0.0227538631223004,0.0103844379893462));
#832=CARTESIAN_POINT('',(0.015239588431048,0.0147538631223004,0.00350695333496125));
#833=CARTESIAN_POINT('',(0.015117246058952,0.00942052978896702,-0.00164890011616841));
#834=CARTESIAN_POINT('',(0.0144412826331152,0.00675386312230035,-0.00405578055502095));
#835=CARTESIAN_POINT('',(-0.00683215766577315,0.0387538631223004,-0.0133537119045611));
#836=CARTESIAN_POINT('',(-0.00603302028002875,0.03971136454687,-0.0137625744481775));
#837=CARTESIAN_POINT('',(-0.0053375888813888,0.041686946899602,-0.0140144074816001));
#838=CARTESIAN_POINT('',(-0.00590668764166568,0.0442889593619921,-0.0137960002839815));
#839=CARTESIAN_POINT('',(-0.00696623732682102,0.0459162717083112,-0.013310722391548));
#840=CARTESIAN_POINT('',(-0.00843428126977937,0.0469734825292078,-0.0124511124602677));
#841=CARTESIAN_POINT('',(-0.0105280060102261,0.0474132840509235,-0.0108364165646623));
#842=CARTESIAN_POINT('',(-0.0117656127281795,0.0465518562034087,-0.00934761818180192));
#843=CARTESIAN_POINT('',(-0.0122815581925973,0.0455932744111136,-0.00861181330277465));
#844=CARTESIAN_POINT('',(-0.00683215766577313,0.0387538631223003,-0.0133537119045611));
#845=CARTESIAN_POINT('',(-0.0122815581925973,0.0455932744111136,-0.00861181330277465));
#846=CARTESIAN_POINT('',(-0.0122815581925973,0.0455932744111136,-0.00861181330277465));
#847=CARTESIAN_POINT('',(-0.0137168604097264,0.042926607744447,-0.00656488693734177));
#848=CARTESIAN_POINT('',(-0.0155406965125943,0.0375932744111137,-0.00174084150478088));
#849=CARTESIAN_POINT('',(-0.0144730987935714,0.0295932744111136,0.00592336849643124));
#850=CARTESIAN_POINT('',(-0.00986097970500982,0.0215932744111136,0.0121369212116876));
#851=CARTESIAN_POINT('',(-0.00517832944093429,0.0162599410777803,0.01429807344369));
#852=CARTESIAN_POINT('',(-0.00271976808679715,0.0135932744111136,0.0147513681248229));
#853=CARTESIAN_POINT('',(-0.00271976808679714,0.0135932744111136,0.0147513681248229));
#854=CARTESIAN_POINT('',(-0.00271976808679715,0.0135932744111136,0.0147513681248229));
#855=CARTESIAN_POINT('',(-0.00183698958717808,0.0126357729865416,0.0149141294884237));
#856=CARTESIAN_POINT('',(-0.00109855991668459,0.0106601906338126,0.0149561572015176));
#857=CARTESIAN_POINT('',(-0.00170637632253914,0.0080581781714218,0.014909958503554));
#858=CARTESIAN_POINT('',(-0.00286054368432755,0.00643086582510283,0.0147485959639725));
#859=CARTESIAN_POINT('',(-0.00451332988842532,0.00537365500420618,0.0143456319259289));
#860=CARTESIAN_POINT('',(-0.00698190611742918,0.00493385348249054,0.0133985007176792));
#861=CARTESIAN_POINT('',(-0.00859418420374452,0.00579528133000528,0.012326702982321));
#862=CARTESIAN_POINT('',(-0.00929931507398608,0.00675386312230035,0.0117695683503999));
#863=CARTESIAN_POINT('',(-0.00929931507398607,0.00675386312230031,0.0117695683503999));
#864=CARTESIAN_POINT('',(-0.00683215766577315,0.0387538631223004,-0.0133537119045611));
#865=CARTESIAN_POINT('',(-0.00905777631653334,0.0360871964556337,-0.0122150189602656));
#866=CARTESIAN_POINT('',(-0.0129249264989206,0.0307538631223004,-0.00880284341782966));
#867=CARTESIAN_POINT('',(-0.0155634504776443,0.0227538631223004,-0.0015283626084493));
#868=CARTESIAN_POINT('',(-0.0143904214787658,0.0147538631223004,0.00612042048431343));
#869=CARTESIAN_POINT('',(-0.0112609097990527,0.00942052978896702,0.0102196825047356));
#870=CARTESIAN_POINT('',(-0.00929931507398608,0.00675386312230035,0.0117695683503999));
#871=CARTESIAN_POINT('',(0.010588881896588,0.0387538631223004,-0.0106242919848859));
#872=CARTESIAN_POINT('',(0.0112246803159988,0.03971136454687,-0.00999061264109942));
#873=CARTESIAN_POINT('',(0.0116790878840555,0.041686946899602,-0.00940703876485922));
#874=CARTESIAN_POINT('',(0.0112955091071512,0.0442889593619921,-0.00988079231347809));
#875=CARTESIAN_POINT('',(0.0105065635462407,0.0459162717083112,-0.0107385248301271));
#876=CARTESIAN_POINT('',(0.00923537539276125,0.0469734825292078,-0.0118690835109862));
#877=CARTESIAN_POINT('',(0.00705271181306941,0.0474132840509235,-0.0133613655962269));
#878=CARTESIAN_POINT('',(0.00525433890140011,0.0465518562034087,-0.0140783355284454));
#879=CARTESIAN_POINT('',(0.0043951109598037,0.0455932744111136,-0.0143416526122694));
#880=CARTESIAN_POINT('',(0.010588881896588,0.0387538631223003,-0.0106242919848859));
#881=CARTESIAN_POINT('',(0.0043951109598037,0.0455932744111136,-0.0143416526122694));
#882=CARTESIAN_POINT('',(0.0043951109598037,0.0455932744111136,-0.0143416526122694));
#883=CARTESIAN_POINT('',(0.00200483552442546,0.042926607744447,-0.01507417110557));
#884=CARTESIAN_POINT('',(-0.00314670066985618,0.0375932744111137,-0.0153180302955587));
#885=CARTESIAN_POINT('',(-0.0101058916954295,0.0295932744111136,-0.0119343133892671));
#886=CARTESIAN_POINT('',(-0.0145901083161708,0.0215932744111136,-0.00562783409170262));
#887=CARTESIAN_POINT('',(-0.0151984677188089,0.0162599410777803,-0.000506536277402267));
#888=CARTESIAN_POINT('',(-0.0148698393389604,0.0135932744111136,0.00197177027909113));
#889=CARTESIAN_POINT('',(-0.0148698393389603,0.0135932744111136,0.00197177027909114));
#890=CARTESIAN_POINT('',(-0.0148698393389604,0.0135932744111136,0.00197177027909113));
#891=CARTESIAN_POINT('',(-0.0147518410357629,0.0126357729865416,0.00286163855097941));
#892=CARTESIAN_POINT('',(-0.0145636244488327,0.0106601906338126,0.00357691417850865));
#893=CARTESIAN_POINT('',(-0.014707512474959,0.0080581781714218,0.00298457024222083));
#894=CARTESIAN_POINT('',(-0.0149107049093496,0.00643086582510283,0.00183702808491059));
#895=CARTESIAN_POINT('',(-0.0150382023602703,0.00537365500420618,0.000140612259583269));
#896=CARTESIAN_POINT('',(-0.0149002590595501,0.00493385348249054,-0.00249982288823421));
#897=CARTESIAN_POINT('',(-0.0143791401675171,0.00579528133000528,-0.00436439418306257));
#898=CARTESIAN_POINT('',(-0.0140671710675379,0.00675386312230035,-0.00520717756146512));
#899=CARTESIAN_POINT('',(-0.0140671710675379,0.00675386312230031,-0.00520717756146511));
#900=CARTESIAN_POINT('',(0.010588881896588,0.0387538631223004,-0.0106242919848859));
#901=CARTESIAN_POINT('',(0.00881816656577373,0.0360871964556337,-0.0123891056343172));
#902=CARTESIAN_POINT('',(0.00437797965523925,0.0307538631223004,-0.0150125637843653));
#903=CARTESIAN_POINT('',(-0.0033558114706774,0.0227538631223004,-0.0152740110123785));
#904=CARTESIAN_POINT('',(-0.0102677505772295,0.0147538631223004,-0.0117947901772405));
#905=CARTESIAN_POINT('',(-0.013199308140627,0.00942052978896702,-0.00755170607272143));
#906=CARTESIAN_POINT('',(-0.0140671710675379,0.00675386312230035,-0.00520717756146512));
#907=CARTESIAN_POINT('',(-0.014811387550534,0.0387538631223004,0.00237124415189301));
#908=CARTESIAN_POINT('',(-0.014953291903874,0.03971136454687,0.00148487385942489));
#909=CARTESIAN_POINT('',(-0.0149778992307273,0.041686946899602,0.000745658609039525));
#910=CARTESIAN_POINT('',(-0.0149460428306296,0.0442889593619921,0.00135439522917431));
#911=CARTESIAN_POINT('',(-0.0148119349879143,0.0459162717083112,0.00251204597733618));
#912=CARTESIAN_POINT('',(-0.0144480478881615,0.0469734825292078,0.00417387281279345));
#913=CARTESIAN_POINT('',(-0.0135593773611523,0.0474132840509235,0.00666409184301322));
#914=CARTESIAN_POINT('',(-0.0125258874658834,0.0465518562034087,0.00830118977823529));
#915=CARTESIAN_POINT('',(-0.0119855313576385,0.0455932744111136,0.00901925928638617));
#916=CARTESIAN_POINT('',(-0.014811387550534,0.0387538631223003,0.00237124415189299));
#917=CARTESIAN_POINT('',(-0.0119855313576385,0.0455932744111136,0.00901925928638617));
#918=CARTESIAN_POINT('',(-0.0119855313576385,0.0455932744111136,0.00901925928638617));
#919=CARTESIAN_POINT('',(-0.0104823214765742,0.042926607744447,0.0110168478459926));
#920=CARTESIAN_POINT('',(-0.00645797798377402,0.0375932744111137,0.0142421310765776));
#921=CARTESIAN_POINT('',(0.00116102471846726,0.0295932744111136,0.015595156447952));
#922=CARTESIAN_POINT('',(0.00849568769610183,0.0215932744111136,0.0131288639193051));
#923=CARTESIAN_POINT('',(0.0119980841193672,0.0162599410777803,0.00934323163924493));
#924=CARTESIAN_POINT('',(0.0131889302198024,0.0135932744111136,0.00714507660261119));
#925=CARTESIAN_POINT('',(0.0131889302198024,0.0135932744111136,0.00714507660261118));
#926=CARTESIAN_POINT('',(0.0131889302198024,0.0135932744111136,0.00714507660261119));
#927=CARTESIAN_POINT('',(0.0136165190339072,0.0126357729865416,0.00635580038548353));
#928=CARTESIAN_POINT('',(0.0138846770816434,0.0106601906338126,0.00566649931311574));
#929=CARTESIAN_POINT('',(0.0136529139100317,0.0080581781714218,0.00623029088382606));
#930=CARTESIAN_POINT('',(0.0131427916861313,0.00643086582510283,0.00727810550716392));
#931=CARTESIAN_POINT('',(0.0122488110867827,0.00537365500420618,0.00872547586073642));
#932=CARTESIAN_POINT('',(0.0105852037727181,0.00493385348249054,0.0107805517300498));
#933=CARTESIAN_POINT('',(0.00906764222402551,0.00579528133000528,0.0119827155953616));
#934=CARTESIAN_POINT('',(0.00831987827972022,0.00675386312230035,0.0124811708349273));
#935=CARTESIAN_POINT('',(0.00831987827972022,0.00675386312230031,0.0124811708349273));
#936=CARTESIAN_POINT('',(-0.014811387550534,0.0387538631223004,0.00237124415189301));
#937=CARTESIAN_POINT('',(-0.0144161801918852,0.0360871964556337,0.00483980874364867));
#938=CARTESIAN_POINT('',(-0.0123660235336664,0.0307538631223004,0.00957210735450332));
#939=CARTESIAN_POINT('',(-0.00626292990673253,0.0227538631223004,0.0143294309732224));
#940=CARTESIAN_POINT('',(0.00137398099091574,0.0147538631223004,0.0155774180619873));
#941=CARTESIAN_POINT('',(0.00623968314056567,0.00942052978896702,0.0138678172148807));
#942=CARTESIAN_POINT('',(0.00831987827972022,0.00675386312230035,0.0124811708349273));
#943=CARTESIAN_POINT('',(0.,0.0505,-9.18485099360515E-19));
#944=CARTESIAN_POINT('',(0.015,0.0505,-9.18485099360515E-19));
#945=CARTESIAN_POINT('',(0.,0.0015,-9.18485099360515E-19));
#946=CARTESIAN_POINT('',(0.015,0.0015,-9.18485099360515E-19));
#947=CARTESIAN_POINT('',(0.,0.052,0.));
#948=CARTESIAN_POINT('',(0.,0.052,-9.18485099360515E-19));
#949=CARTESIAN_POINT('',(0.0135,0.052,-9.18485099360515E-19));
#950=CARTESIAN_POINT('',(0.,0.,0.));
#951=CARTESIAN_POINT('',(0.,0.,-9.18485099360515E-19));
#952=CARTESIAN_POINT('',(0.0135,0.,-9.18485099360515E-19));
#953=CARTESIAN_POINT('',(0.,0.052,-9.18485099360515E-19));
#954=CARTESIAN_POINT('',(0.,0.0015,-9.18485099360515E-19));
#955=CARTESIAN_POINT('',(-0.014811387550534,0.0387538631223003,0.00237124415189299));
#956=CARTESIAN_POINT('',(-0.0146137811193041,0.03742051122045,0.00360554363686466));
#957=CARTESIAN_POINT('',(-0.0142611091752564,0.0360871964556337,0.00481490031998766));
#958=CARTESIAN_POINT('',(-0.0132674552026342,0.033420529788967,0.00710894735147855));
#959=CARTESIAN_POINT('',(-0.0126265404246968,0.0320871964556336,0.00819347160265405));
#960=CARTESIAN_POINT('',(-0.0110962204294341,0.029420529788967,0.0101703683404983));
#961=CARTESIAN_POINT('',(-0.0102069145461842,0.0280871964556337,0.0110626125055022));
#962=CARTESIAN_POINT('',(-0.00823507641360197,0.025420529788967,0.0125994450854844));
#963=CARTESIAN_POINT('',(-0.00715267215757708,0.0240871964556337,0.0132439337436511));
#964=CARTESIAN_POINT('',(-0.00486191523231651,0.021420529788967,0.0142451493594756));
#965=CARTESIAN_POINT('',(-0.00365371125761643,0.0200871964556337,0.0146018113275705));
#966=CARTESIAN_POINT('',(-0.00118646371018936,0.017420529788967,0.0150051592415543));
#967=CARTESIAN_POINT('',(7.24197118799109E-5,0.0160871964556337,0.0150518190058654));
#968=CARTESIAN_POINT('',(0.00256275637889378,0.013420529788967,0.0148322209983009));
#969=CARTESIAN_POINT('',(0.00379404797445073,0.0120871964556336,0.0145659774806762));
#970=CARTESIAN_POINT('',(0.0061526366888461,0.00942052978896698,0.0137370870920681));
#971=CARTESIAN_POINT('',(0.00727976622534091,0.00808721502415063,0.0131745036803915));
#972=CARTESIAN_POINT('',(0.00831987827972022,0.00675386312230031,0.0124811708349273));
#973=CARTESIAN_POINT('',(-0.00987425836702266,0.0387538631223003,0.00158082943459532));
#974=CARTESIAN_POINT('',(-0.00974252147912804,0.0374205186385842,0.00240369117987397));
#975=CARTESIAN_POINT('',(-0.00950740611683761,0.0360871964556337,0.00320993354665844));
#976=CARTESIAN_POINT('',(-0.00884497013508949,0.033420529788967,0.00473929823431903));
#977=CARTESIAN_POINT('',(-0.00841769361646451,0.0320871964556336,0.00546231440176937));
#978=CARTESIAN_POINT('',(-0.00739748028628938,0.029420529788967,0.00678024556033219));
#979=CARTESIAN_POINT('',(-0.00680460969745612,0.0280871964556337,0.00737507500366813));
#980=CARTESIAN_POINT('',(-0.00549005094240131,0.025420529788967,0.00839963005698959));
#981=CARTESIAN_POINT('',(-0.00476844810505138,0.0240871964556337,0.0088292891624341));
#982=CARTESIAN_POINT('',(-0.00324127682154434,0.021420529788967,0.00949676623965041));
#983=CARTESIAN_POINT('',(-0.00243580750507763,0.0200871964556337,0.00973454088504702));
#984=CARTESIAN_POINT('',(-0.000790975806792906,0.017420529788967,0.0100034394943696));
#985=CARTESIAN_POINT('',(4.82798079199407E-5,0.0160871964556337,0.0100345460039103));
#986=CARTESIAN_POINT('',(0.00170850425259585,0.013420529788967,0.00988814733220062));
#987=CARTESIAN_POINT('',(0.00252936531630049,0.0120871964556336,0.00971065165378413));
#988=CARTESIAN_POINT('',(0.00410175779256406,0.00942052978896698,0.00915805806137875));
#989=CARTESIAN_POINT('',(0.00485318134135224,0.00808720760601651,0.00878299988201216));
#990=CARTESIAN_POINT('',(0.00554658551981348,0.00675386312230031,0.00832078055661819));
#991=CARTESIAN_POINT('',(-0.014811387550534,0.0387538631223003,0.00237124415189299));
#992=CARTESIAN_POINT('',(-0.0131656778226969,0.0387538631223003,0.00210777257946043));
#993=CARTESIAN_POINT('',(-0.0115199680948598,0.0387538631223003,0.00184430100702788));
#994=CARTESIAN_POINT('',(-0.00987425836702266,0.0387538631223003,0.00158082943459532));
#995=CARTESIAN_POINT('',(0.00554658551981348,0.00675386312230031,0.00832078055661819));
#996=CARTESIAN_POINT('',(0.00647101643978239,0.00675386312230031,0.00970757731605456));
#997=CARTESIAN_POINT('',(0.00739544735975131,0.00675386312230031,0.0110943740754909));
#998=CARTESIAN_POINT('',(0.00831987827972022,0.00675386312230031,0.0124811708349273));
#999=CARTESIAN_POINT('',(0.0131889302198024,0.0135932744111136,0.00714507660261118));
#1000=CARTESIAN_POINT('',(0.0132956974568442,0.0133541900894643,0.00694799745043111));
#1001=CARTESIAN_POINT('',(0.0133863752209312,0.0130943212772004,0.00677015540788588));
#1002=CARTESIAN_POINT('',(0.0135392490065897,0.0125375536941209,0.00645900782938417));
#1003=CARTESIAN_POINT('',(0.0136005132033061,0.0122439069573031,0.00632767147688023));
#1004=CARTESIAN_POINT('',(0.0136965012920771,0.0116302046670885,0.00611712661866307));
#1005=CARTESIAN_POINT('',(0.0137305579993004,0.0113139307018039,0.00603942472809823));
#1006=CARTESIAN_POINT('',(0.0137733763860471,0.0106668779392915,0.00594112589891819));
#1007=CARTESIAN_POINT('',(0.0137817937315997,0.0103401309766575,0.00592134043692234));
#1008=CARTESIAN_POINT('',(0.0137734609733379,0.00968459361664688,0.00594069725253108));
#1009=CARTESIAN_POINT('',(0.0137566760718825,0.00935993035918728,0.00597991478544351));
#1010=CARTESIAN_POINT('',(0.013696778490378,0.00872110033480318,0.00611586268431417));
#1011=CARTESIAN_POINT('',(0.0136539443844764,0.00841099740942507,0.00621192987467975));
#1012=CARTESIAN_POINT('',(0.0135397834871899,0.00781342460024316,0.00645697554140742));
#1013=CARTESIAN_POINT('',(0.0134690692294822,0.00752979908846251,0.00660458943099784));
#1014=CARTESIAN_POINT('',(0.0132966624525433,0.00699644788241554,0.00694515623177458));
#1015=CARTESIAN_POINT('',(0.0131959477060239,0.0067501993535936,0.00713611866054108));
#1016=CARTESIAN_POINT('',(0.0129616828744227,0.00630156613841949,0.00755327759719831));
#1017=CARTESIAN_POINT('',(0.0128295070382499,0.00610215778542397,0.00777696899125154));
#1018=CARTESIAN_POINT('',(0.0125321073669427,0.00575548328398341,0.00824765314976399));
#1019=CARTESIAN_POINT('',(0.0123686720290192,0.00561057825799141,0.00849176718144171));
#1020=CARTESIAN_POINT('',(0.0120110418491462,0.00537918497695758,0.00899049672283532));
#1021=CARTESIAN_POINT('',(0.0118190407835825,0.00529435189685418,0.00924202057319618));
#1022=CARTESIAN_POINT('',(0.0114095632443836,0.00518713215025047,0.00974302498671642));
#1023=CARTESIAN_POINT('',(0.0111946401722954,0.00516563110372639,0.00998936753355385));
#1024=CARTESIAN_POINT('',(0.0107476030161411,0.00518670528629056,0.0104688328726284));
#1025=CARTESIAN_POINT('',(0.0105183157015974,0.00522936254650677,0.0106989280188036));
#1026=CARTESIAN_POINT('',(0.010053334417808,0.00537792078921415,0.0111369876103786));
#1027=CARTESIAN_POINT('',(0.00982061712900916,0.00548309706158288,0.0113421670116861));
#1028=CARTESIAN_POINT('',(0.0093611549981321,0.00575343035448622,0.0117242505268574));
#1029=CARTESIAN_POINT('',(0.00913750726675486,0.00591697597815505,0.0118986199696014));
#1030=CARTESIAN_POINT('',(0.00870854511163729,0.00629891115578275,0.0122160729479475));
#1031=CARTESIAN_POINT('',(0.00850681541017326,0.00651422261686962,0.0123565595951727));
#1032=CARTESIAN_POINT('',(0.00831987827972022,0.00675386312230031,0.0124811708349273));
#1033=CARTESIAN_POINT('',(0.00879262014653496,0.0135932744111136,0.00476338440174079));
#1034=CARTESIAN_POINT('',(0.00886379133999631,0.0133542134831387,0.00463201115601817));
#1035=CARTESIAN_POINT('',(0.00892425014728747,0.0130943212772004,0.00451343693859059));
#1036=CARTESIAN_POINT('',(0.00902616600439316,0.0125375536941209,0.00430600521958944));
#1037=CARTESIAN_POINT('',(0.00906700880220406,0.0122439069573031,0.00421844765125349));
#1038=CARTESIAN_POINT('',(0.00913100086138476,0.0116302046670885,0.00407808441244204));
#1039=CARTESIAN_POINT('',(0.0091537053328669,0.0113139307018039,0.00402628315206548));
#1040=CARTESIAN_POINT('',(0.00918225092403138,0.0106668779392915,0.00396075059927879));
#1041=CARTESIAN_POINT('',(0.00918786248773314,0.0103401309766575,0.00394756029128156));
#1042=CARTESIAN_POINT('',(0.0091823073155586,0.00968459361664688,0.00396046483502072));
#1043=CARTESIAN_POINT('',(0.00917111738125497,0.00935993035918728,0.00398660985696234));
#1044=CARTESIAN_POINT('',(0.00913118566025203,0.00872110033480318,0.00407724178954278));
#1045=CARTESIAN_POINT('',(0.00910262958965092,0.00841099740942507,0.00414128658311983));
#1046=CARTESIAN_POINT('',(0.00902652232479324,0.00781342460024316,0.00430465036093828));
#1047=CARTESIAN_POINT('',(0.00897937948632144,0.00752979908846251,0.00440305962066522));
#1048=CARTESIAN_POINT('',(0.00886444163502885,0.00699644788241554,0.00463010415451639));
#1049=CARTESIAN_POINT('',(0.00879729847068259,0.0067501993535936,0.00475741244036072));
#1050=CARTESIAN_POINT('',(0.00864112191628177,0.00630156613841949,0.0050355183981322));
#1051=CARTESIAN_POINT('',(0.00855300469216661,0.00610215778542397,0.00518464599416769));
#1052=CARTESIAN_POINT('',(0.00835473824462849,0.00575548328398341,0.00549843543317599));
#1053=CARTESIAN_POINT('',(0.0082457813526795,0.00561057825799141,0.00566117812096114));
#1054=CARTESIAN_POINT('',(0.00800736123276412,0.00537918497695758,0.00599366448189021));
#1055=CARTESIAN_POINT('',(0.00787936052238836,0.00529435189685418,0.00616134704879745));
#1056=CARTESIAN_POINT('',(0.0076063754962557,0.00518713215025047,0.00649534999114428));
#1057=CARTESIAN_POINT('',(0.00746309344819691,0.00516563110372639,0.00665957835570257));
#1058=CARTESIAN_POINT('',(0.00716506867742739,0.00518670528629056,0.00697922191508558));
#1059=CARTESIAN_POINT('',(0.0070122104677316,0.00522936254650677,0.0071326186792024));
#1060=CARTESIAN_POINT('',(0.00670222294520537,0.00537792078921415,0.00742465840691909));
#1061=CARTESIAN_POINT('',(0.0065470780860061,0.00548309706158288,0.00756144467445741));
#1062=CARTESIAN_POINT('',(0.00624076999875473,0.00575343035448622,0.00781616701790491));
#1063=CARTESIAN_POINT('',(0.00609167151116991,0.00591697597815505,0.00793241331306762));
#1064=CARTESIAN_POINT('',(0.00580569674109152,0.00629891115578275,0.00814404863196499));
#1065=CARTESIAN_POINT('',(0.00567121130033145,0.00651422064228063,0.00823770571226761));
#1066=CARTESIAN_POINT('',(0.00554658551981348,0.00675386312230031,0.0083207805566182));
#1067=CARTESIAN_POINT('',(0.00879262014653496,0.0135932744111136,0.00476338440174079));
#1068=CARTESIAN_POINT('',(0.0102580568376241,0.0135932744111136,0.00555728180203092));
#1069=CARTESIAN_POINT('',(0.0117234935287133,0.0135932744111136,0.00635117920232105));
#1070=CARTESIAN_POINT('',(0.0131889302198024,0.0135932744111136,0.00714507660261118));
#1071=CARTESIAN_POINT('',(-0.0119855313576385,0.0455932744111136,0.00901925928638616));
#1072=CARTESIAN_POINT('',(-0.0112339159499645,0.0442599225092633,0.0100180674757858));
#1073=CARTESIAN_POINT('',(-0.0103568747786282,0.042926607744447,0.0109223461225057));
#1074=CARTESIAN_POINT('',(-0.00840618473381857,0.0402599410777803,0.0124859344152096));
#1075=CARTESIAN_POINT('',(-0.00733267294805832,0.038926607744447,0.0131451286580548));
#1076=CARTESIAN_POINT('',(-0.00505578719847603,0.0362599410777803,0.0141775003369327));
#1077=CARTESIAN_POINT('',(-0.00385256102880246,0.034926607744447,0.014550610761042));
#1078=CARTESIAN_POINT('',(-0.00139104530243961,0.0322599410777803,0.0149875779553122));
#1079=CARTESIAN_POINT('',(-0.000132915524351779,0.030926607744447,0.0150514063616456));
#1080=CARTESIAN_POINT('',(0.00236018505308408,0.0282599410777803,0.0148658005675846));
#1081=CARTESIAN_POINT('',(0.00359499402363722,0.026926607744447,0.0146163784149841));
#1082=CARTESIAN_POINT('',(0.00596467053337753,0.0242599410777803,0.0138197397018995));
#1083=CARTESIAN_POINT('',(0.00709938425530705,0.022926607744447,0.0132725748517572));
#1084=CARTESIAN_POINT('',(0.0091983016893178,0.0202599410777803,0.0119144343563718));
#1085=CARTESIAN_POINT('',(0.0101623691592907,0.018926607744447,0.0111035468689197));
#1086=CARTESIAN_POINT('',(0.0118600269974665,0.0162599410777803,0.00926834718918993));
#1087=CARTESIAN_POINT('',(0.0125934988774926,0.0149266263129639,0.00824416942710772));
#1088=CARTESIAN_POINT('',(0.0131889302198024,0.0135932744111136,0.00714507660261118));
#1089=CARTESIAN_POINT('',(-0.0079903542384257,0.0455932744111136,0.00601283952425744));
#1090=CARTESIAN_POINT('',(-0.00748928008772949,0.0442599299273975,0.00667870794592889));
#1091=CARTESIAN_POINT('',(-0.00690458318575212,0.042926607744447,0.00728156408167047));
#1092=CARTESIAN_POINT('',(-0.00560412315587904,0.0402599410777803,0.0083239562768064));
#1093=CARTESIAN_POINT('',(-0.00488844863203888,0.038926607744447,0.00876341910536987));
#1094=CARTESIAN_POINT('',(-0.00337052479898402,0.0362599410777803,0.00945166689128844));
#1095=CARTESIAN_POINT('',(-0.00256837401920165,0.034926607744447,0.00970040717402803));
#1096=CARTESIAN_POINT('',(-0.000927363534959739,0.0322599410777803,0.00999171863687481));
#1097=CARTESIAN_POINT('',(-8.86103495678529E-5,0.030926607744447,0.0100342709077637));
#1098=CARTESIAN_POINT('',(0.00157345670205605,0.0282599410777803,0.00991053371172306));
#1099=CARTESIAN_POINT('',(0.00239666268242481,0.026926607744447,0.00974425227665605));
#1100=CARTESIAN_POINT('',(0.00397644702225169,0.0242599410777803,0.00921315980126635));
#1101=CARTESIAN_POINT('',(0.00473292283687137,0.022926607744447,0.00884838323450482));
#1102=CARTESIAN_POINT('',(0.00613220112621187,0.0202599410777803,0.00794295623758121));
#1103=CARTESIAN_POINT('',(0.00677491277286049,0.018926607744447,0.0074023645792798));
#1104=CARTESIAN_POINT('',(0.00790668466497769,0.0162599410777803,0.00617889812612662));
#1105=CARTESIAN_POINT('',(0.00839566812679241,0.0149266188948298,0.00549610887485293));
#1106=CARTESIAN_POINT('',(0.00879262014653496,0.0135932744111136,0.00476338440174079));
#1107=CARTESIAN_POINT('',(-0.0079903542384257,0.0455932744111136,0.00601283952425744));
#1108=CARTESIAN_POINT('',(-0.00932207994482998,0.0455932744111136,0.00701497944496701));
#1109=CARTESIAN_POINT('',(-0.0106538056512343,0.0455932744111136,0.00801711936567659));
#1110=CARTESIAN_POINT('',(-0.0119855313576385,0.0455932744111136,0.00901925928638616));
#1111=CARTESIAN_POINT('',(-0.014811387550534,0.0387538631223003,0.00237124415189299));
#1112=CARTESIAN_POINT('',(-0.0148468205067536,0.0389929474439468,0.00214992099282033));
#1113=CARTESIAN_POINT('',(-0.0148734471978405,0.0392528162562164,0.00195207946957524));
#1114=CARTESIAN_POINT('',(-0.014914585141472,0.0398095838392901,0.00160785442757425));
#1115=CARTESIAN_POINT('',(-0.0149288697047012,0.0401032305761162,0.00146363760975264));
#1116=CARTESIAN_POINT('',(-0.0149496705628242,0.0407169328663202,0.00123318116092213));
#1117=CARTESIAN_POINT('',(-0.0149560565849308,0.0410332068316122,0.00114858410526352));
#1118=CARTESIAN_POINT('',(-0.0149638844648696,0.0416802595941203,0.00104165048867116));
#1119=CARTESIAN_POINT('',(-0.0149652703260372,0.042007006556756,0.00102019365755928));
#1120=CARTESIAN_POINT('',(-0.014963822240496,0.0426625439167676,0.00104121802958418));
#1121=CARTESIAN_POINT('',(-0.0149609803980075,0.0429872071742279,0.00108378176691882));
#1122=CARTESIAN_POINT('',(-0.0149495132934889,0.0436260371986096,0.00123189677963249));
#1123=CARTESIAN_POINT('',(-0.0149409311231928,0.0439361401239914,0.00133673003793581));
#1124=CARTESIAN_POINT('',(-0.0149144160238523,0.0445337129331684,0.00160575984809972));
#1125=CARTESIAN_POINT('',(-0.0148966088653136,0.0448173384449498,0.00176846593817666));
#1126=CARTESIAN_POINT('',(-0.0148467895419012,0.0453506896510001,0.00214692052929907));
#1127=CARTESIAN_POINT('',(-0.014815040361003,0.0455969381798163,0.00236046700872809));
#1128=CARTESIAN_POINT('',(-0.0147322365291465,0.0460455713949985,0.0028316836417094));
#1129=CARTESIAN_POINT('',(-0.0146816484158046,0.0462449797479879,0.00308653484187304));
#1130=CARTESIAN_POINT('',(-0.0145570121389528,0.0465916542494326,0.00362917278753359));
#1131=CARTESIAN_POINT('',(-0.014483697559645,0.0467365592754239,0.00391365080532047));
#1132=CARTESIAN_POINT('',(-0.0143115262848433,0.046967952556455,0.00450270729933562));
#1133=CARTESIAN_POINT('',(-0.0142137150035217,0.0470527856365605,0.00480364185988343));
#1134=CARTESIAN_POINT('',(-0.0139933791662777,0.0471600053831628,0.0054120244666988));
#1135=CARTESIAN_POINT('',(-0.0138722239728789,0.0471815064296864,0.00571566569647581));
#1136=CARTESIAN_POINT('',(-0.013609313346261,0.0471604322471246,0.00631617151056455));
#1137=CARTESIAN_POINT('',(-0.0134692217716399,0.0471177749869072,0.00660924283230644));
#1138=CARTESIAN_POINT('',(-0.0131756608345023,0.0469692167441998,0.00717662786579973));
#1139=CARTESIAN_POINT('',(-0.0130240771593843,0.0468640404718311,0.00744732753824972));
#1140=CARTESIAN_POINT('',(-0.0127171757657635,0.0465937071789277,0.00796006996566268));
#1141=CARTESIAN_POINT('',(-0.0125639403231749,0.0464301615552589,0.00819869500510266));
#1142=CARTESIAN_POINT('',(-0.0122644003770459,0.0460482263776312,0.00864035182284339));
#1143=CARTESIAN_POINT('',(-0.0121206175985136,0.0458329149165444,0.00883974561186116));
#1144=CARTESIAN_POINT('',(-0.0119855313576385,0.0455932744111136,0.00901925928638617));
#1145=CARTESIAN_POINT('',(-0.00987425836702266,0.0387538631223003,0.00158082943459532));
#1146=CARTESIAN_POINT('',(-0.00989787802649765,0.0389929240502723,0.00143329509907935));
#1147=CARTESIAN_POINT('',(-0.009915631465227,0.0392528162562164,0.00130138631305016));
#1148=CARTESIAN_POINT('',(-0.00994305676098131,0.0398095838392901,0.00107190295171617));
#1149=CARTESIAN_POINT('',(-0.00995257980313411,0.0401032305761162,0.000975758406501761));
#1150=CARTESIAN_POINT('',(-0.00996644704188282,0.0407169328663202,0.000822120773948086));
#1151=CARTESIAN_POINT('',(-0.00997070438995385,0.0410332068316122,0.000765722736842349));
#1152=CARTESIAN_POINT('',(-0.00997592297657975,0.0416802595941203,0.00069443365911411));
#1153=CARTESIAN_POINT('',(-0.00997684688402478,0.042007006556756,0.000680129105039522));
#1154=CARTESIAN_POINT('',(-0.00997588149366397,0.0426625439167676,0.00069414535305612));
#1155=CARTESIAN_POINT('',(-0.00997398693200498,0.0429872071742279,0.000722521177945881));
#1156=CARTESIAN_POINT('',(-0.00996634219565924,0.0436260371986096,0.000821264519754993));
#1157=CARTESIAN_POINT('',(-0.00996062074879523,0.0439361401239914,0.000891153358623876));
#1158=CARTESIAN_POINT('',(-0.00994294401590155,0.0445337129331684,0.00107050656539981));
#1159=CARTESIAN_POINT('',(-0.00993107257687575,0.0448173384449498,0.00117897729211777));
#1160=CARTESIAN_POINT('',(-0.00989785969460078,0.0453506896510001,0.00143128035286605));
#1161=CARTESIAN_POINT('',(-0.00987669357400201,0.0455969381798163,0.00157364467248539));
#1162=CARTESIAN_POINT('',(-0.00982149101943098,0.0460455713949985,0.00188778909447293));
#1163=CARTESIAN_POINT('',(-0.00978776561053641,0.0462449797479879,0.00205768989458202));
#1164=CARTESIAN_POINT('',(-0.00970467475930189,0.0465916542494326,0.00241944852502239));
#1165=CARTESIAN_POINT('',(-0.00965579837309666,0.0467365592754239,0.00260910053688031));
#1166=CARTESIAN_POINT('',(-0.00954101752322889,0.046967952556455,0.00300180486622374));
#1167=CARTESIAN_POINT('',(-0.0094758100023478,0.0470527856365605,0.00320242790658896));
#1168=CARTESIAN_POINT('',(-0.00932891944418516,0.0471600053831628,0.00360801631113253));
#1169=CARTESIAN_POINT('',(-0.00924814931525259,0.0471815064296864,0.00381044379765054));
#1170=CARTESIAN_POINT('',(-0.00907287556417401,0.0471604322471246,0.00421078100704304));
#1171=CARTESIAN_POINT('',(-0.00897948118109324,0.0471177749869072,0.0044061618882043));
#1172=CARTESIAN_POINT('',(-0.0087837738896682,0.0469692167441998,0.00478441857719982));
#1173=CARTESIAN_POINT('',(-0.00868271810625621,0.0468640404718311,0.00496488502549981));
#1174=CARTESIAN_POINT('',(-0.0084781171771757,0.0465937071789277,0.00530671331044179));
#1175=CARTESIAN_POINT('',(-0.00837596021544994,0.0464301615552589,0.00546579667006844));
#1176=CARTESIAN_POINT('',(-0.00817626691803058,0.0460482263776312,0.00576023454856226));
#1177=CARTESIAN_POINT('',(-0.00808041247439778,0.0458329168911333,0.00589316275513669));
#1178=CARTESIAN_POINT('',(-0.00799035423842569,0.0455932744111136,0.00601283952425745));
#1179=CARTESIAN_POINT('',(0.010588881896588,0.0387538631223003,-0.0106242919848859));
#1180=CARTESIAN_POINT('',(0.00970351190134676,0.03742051122045,-0.0115067110983411));
#1181=CARTESIAN_POINT('',(0.00870735228207188,0.0360871964556337,-0.01227780583964));
#1182=CARTESIAN_POINT('',(0.00655506231851668,0.033420529788967,-0.0135496737230224));
#1183=CARTESIAN_POINT('',(0.00539908401062473,0.0320871964556336,-0.0140503520185872));
#1184=CARTESIAN_POINT('',(0.00299903837981548,0.029420529788967,-0.0147501955511238));
#1185=CARTESIAN_POINT('',(0.00175512684543538,0.0280871964556337,-0.0149493153607927));
#1186=CARTESIAN_POINT('',(-0.000743451239736312,0.025420529788967,-0.0150336216612676));
#1187=CARTESIAN_POINT('',(-0.00199795560618441,0.0240871964556337,-0.0149188026796964));
#1188=CARTESIAN_POINT('',(-0.00443971666204886,0.021420529788967,-0.0143823299906769));
#1189=CARTESIAN_POINT('',(-0.00562681485515237,0.0200871964556337,-0.0139607111060231));
#1190=CARTESIAN_POINT('',(-0.00785994200573341,0.017420529788967,-0.0128368147009493));
#1191=CARTESIAN_POINT('',(-0.00890582600946183,0.0160871964556337,-0.0121346101333827));
#1192=CARTESIAN_POINT('',(-0.0107914742245119,0.013420529788967,-0.0104931684472182));
#1193=CARTESIAN_POINT('',(-0.0116311160371702,0.0120871964556336,-0.00955403787567756));
#1194=CARTESIAN_POINT('',(-0.0130520448436662,0.00942052978896698,-0.00749710780227452));
#1195=CARTESIAN_POINT('',(-0.0136332335609846,0.00808721502415063,-0.00637945814249983));
#1196=CARTESIAN_POINT('',(-0.0140671710675379,0.00675386312230031,-0.00520717756146512));
#1197=CARTESIAN_POINT('',(0.00705925459772537,0.0387538631223003,-0.00708286132325724));
#1198=CARTESIAN_POINT('',(0.00646901121808213,0.0374205186385842,-0.00767113745932132));
#1199=CARTESIAN_POINT('',(0.00580490152138125,0.0360871964556337,-0.00818520389309332));
#1200=CARTESIAN_POINT('',(0.00437004154567778,0.033420529788967,-0.00903311581534824));
#1201=CARTESIAN_POINT('',(0.00359938934041649,0.0320871964556336,-0.00936690134572477));
#1202=CARTESIAN_POINT('',(0.00199935891987699,0.029420529788967,-0.00983346370074923));
#1203=CARTESIAN_POINT('',(0.00117008456362359,0.0280871964556337,-0.00996621024052845));
#1204=CARTESIAN_POINT('',(-0.000495634159824209,0.025420529788967,-0.0100224144408451));
#1205=CARTESIAN_POINT('',(-0.00133197040412294,0.0240871964556337,-0.00994586845313093));
#1206=CARTESIAN_POINT('',(-0.00295981110803258,0.021420529788967,-0.00958821999378463));
#1207=CARTESIAN_POINT('',(-0.00375120990343492,0.0200871964556337,-0.00930714073734873));
#1208=CARTESIAN_POINT('',(-0.0052399613371556,0.017420529788967,-0.00855787646729952));
#1209=CARTESIAN_POINT('',(-0.00593721733964122,0.0160871964556337,-0.00808974008892177));
#1210=CARTESIAN_POINT('',(-0.0071943161496746,0.013420529788967,-0.00699544563147879));
#1211=CARTESIAN_POINT('',(-0.00775407735811349,0.0120871964556336,-0.00636935858378504));
#1212=CARTESIAN_POINT('',(-0.00870136322911083,0.00942052978896698,-0.00499807186818301));
#1213=CARTESIAN_POINT('',(-0.00908882398347064,0.0080872076060165,-0.00425296774699315));
#1214=CARTESIAN_POINT('',(-0.00937811404502524,0.00675386312230031,-0.00347145170764341));
#1215=CARTESIAN_POINT('',(0.010588881896588,0.0387538631223003,-0.0106242919848859));
#1216=CARTESIAN_POINT('',(0.00941233946363382,0.0387538631223003,-0.00944381509767632));
#1217=CARTESIAN_POINT('',(0.00823579703067959,0.0387538631223003,-0.00826333821046678));
#1218=CARTESIAN_POINT('',(0.00705925459772537,0.0387538631223003,-0.00708286132325724));
#1219=CARTESIAN_POINT('',(-0.00937811404502524,0.00675386312230031,-0.00347145170764341));
#1220=CARTESIAN_POINT('',(-0.0109411330525294,0.00675386312230031,-0.00405002699225065));
#1221=CARTESIAN_POINT('',(-0.0125041520600337,0.00675386312230031,-0.00462860227685788));
#1222=CARTESIAN_POINT('',(-0.0140671710675379,0.00675386312230031,-0.00520717756146512));
#1223=CARTESIAN_POINT('',(-0.0148698393389603,0.0135932744111136,0.00197177027909114));
#1224=CARTESIAN_POINT('',(-0.0148403756289838,0.0133541900894643,0.00219396686980296));
#1225=CARTESIAN_POINT('',(-0.0148092025512965,0.0130943212772004,0.00239114315697762));
#1226=CARTESIAN_POINT('',(-0.0147499920839589,0.0125375536941209,0.00273272379241633));
#1227=CARTESIAN_POINT('',(-0.0147223582891574,0.0122439069573031,0.00287498732489465));
#1228=CARTESIAN_POINT('',(-0.0146762591216247,0.0116302046670885,0.00310174207624596));
#1229=CARTESIAN_POINT('',(-0.0146581395511915,0.0113139307018039,0.00318462225645543));
#1230=CARTESIAN_POINT('',(-0.0146350017516316,0.0106668779392915,0.00328931569604592));
#1231=CARTESIAN_POINT('',(-0.0146301819244603,0.0103401309766575,0.00331027006262141));
#1232=CARTESIAN_POINT('',(-0.0146348182321626,0.00968459361664687,0.00328971219741975));
#1233=CARTESIAN_POINT('',(-0.0146442904491135,0.00935993035918728,0.00324811862927944));
#1234=CARTESIAN_POINT('',(-0.0146757404577908,0.00872110033480317,0.00310292755368724));
#1235=CARTESIAN_POINT('',(-0.0146975538159036,0.00841099740942507,0.00300003030833549));
#1236=CARTESIAN_POINT('',(-0.0147492299389464,0.00781342460024315,0.00273468210774137));
#1237=CARTESIAN_POINT('',(-0.014778786170051,0.00752979908846251,0.00257369516464954));
#1238=CARTESIAN_POINT('',(-0.014839486300479,0.00699644788241554,0.00219683267422129));
#1239=CARTESIAN_POINT('',(-0.0148702512583316,0.0067501993535936,0.0019831421813696));
#1240=CARTESIAN_POINT('',(-0.0149259268992109,0.00630156613841949,0.00150795609911255));
#1241=CARTESIAN_POINT('',(-0.0149504769039907,0.00610215778542397,0.0012492949526163));
#1242=CARTESIAN_POINT('',(-0.014986536722643,0.00575548328398341,0.00069369632856566));
#1243=CARTESIAN_POINT('',(-0.0149978013844793,0.00561057825799141,0.000400139047038145));
#1244=CARTESIAN_POINT('',(-0.0150016183605743,0.00537918497695758,-0.000213551373050207));
#1245=CARTESIAN_POINT('',(-0.0149941282454372,0.00529435189685418,-0.000529893837245513));
#1246=CARTESIAN_POINT('',(-0.014957336963011,0.00518713215025047,-0.00117589978072641));
#1247=CARTESIAN_POINT('',(-0.0149282570612516,0.00516563110372638,-0.00150152369970633));
#1248=CARTESIAN_POINT('',(-0.0148484190600992,0.00518670528629056,-0.00215218115484562));
#1249=CARTESIAN_POINT('',(-0.0147981682595846,0.00522936254650677,-0.00247310374045109));
#1250=CARTESIAN_POINT('',(-0.0146794754664858,0.00537792078921415,-0.00310081053578765));
#1251=CARTESIAN_POINT('',(-0.0146118046511254,0.00548309706158288,-0.00340359194865055));
#1252=CARTESIAN_POINT('',(-0.0144646750343359,0.00575343035448622,-0.00398276907021103));
#1253=CARTESIAN_POINT('',(-0.0143862320057937,0.00591697597815505,-0.00425529375090287));
#1254=CARTESIAN_POINT('',(-0.014225788511328,0.00629891115578275,-0.00476425623386947));
#1255=CARTESIAN_POINT('',(-0.0141451617339564,0.00651422261686962,-0.00499648606242732));
#1256=CARTESIAN_POINT('',(-0.0140671710675379,0.00675386312230031,-0.00520717756146512));
#1257=CARTESIAN_POINT('',(-0.00991322622597357,0.0135932744111136,0.00131451351939409));
#1258=CARTESIAN_POINT('',(-0.00989358567461219,0.0133542134831387,0.00146263008569453));
#1259=CARTESIAN_POINT('',(-0.00987280170086432,0.0130943212772004,0.00159409543798508));
#1260=CARTESIAN_POINT('',(-0.00983332805597257,0.0125375536941209,0.00182181586161089));
#1261=CARTESIAN_POINT('',(-0.00981490552610494,0.0122439069573031,0.00191665821659643));
#1262=CARTESIAN_POINT('',(-0.0097841727477498,0.0116302046670885,0.00206782805083064));
#1263=CARTESIAN_POINT('',(-0.00977209303412765,0.0113139307018039,0.00212308150430362));
#1264=CARTESIAN_POINT('',(-0.0097566678344211,0.0106668779392915,0.00219287713069728));
#1265=CARTESIAN_POINT('',(-0.00975345461630687,0.0103401309766575,0.00220684670841427));
#1266=CARTESIAN_POINT('',(-0.00975654548810843,0.00968459361664687,0.0021931414649465));
#1267=CARTESIAN_POINT('',(-0.00976286029940901,0.00935993035918728,0.00216541241951963));
#1268=CARTESIAN_POINT('',(-0.00978382697186054,0.00872110033480317,0.00206861836912483));
#1269=CARTESIAN_POINT('',(-0.00979836921060237,0.00841099740942507,0.00200002020555699));
#1270=CARTESIAN_POINT('',(-0.00983281995929758,0.00781342460024315,0.00182312140516091));
#1271=CARTESIAN_POINT('',(-0.00985252411336734,0.00752979908846251,0.00171579677643302));
#1272=CARTESIAN_POINT('',(-0.00989299086698603,0.00699644788241554,0.00146455511614753));
#1273=CARTESIAN_POINT('',(-0.00991350083888772,0.0067501993535936,0.00132209478757974));
#1274=CARTESIAN_POINT('',(-0.0099506179328073,0.00630156613841949,0.00100530406607504));
#1275=CARTESIAN_POINT('',(-0.00996698460266047,0.00610215778542397,0.000832863301744199));
#1276=CARTESIAN_POINT('',(-0.00999102448176199,0.00575548328398341,0.000462464219043775));
#1277=CARTESIAN_POINT('',(-0.00999853425631953,0.00561057825799141,0.000266759364692097));
#1278=CARTESIAN_POINT('',(-0.0100010789070496,0.00537918497695758,-0.000142367582033471));
#1279=CARTESIAN_POINT('',(-0.00999608549695814,0.00529435189685418,-0.000353262558163676));
#1280=CARTESIAN_POINT('',(-0.00997155797534069,0.00518713215025047,-0.000783933187150943));
#1281=CARTESIAN_POINT('',(-0.00995217137416776,0.00516563110372638,-0.00100101579980422));
#1282=CARTESIAN_POINT('',(-0.00989894604006612,0.00518670528629056,-0.00143478743656375));
#1283=CARTESIAN_POINT('',(-0.00986544550638975,0.00522936254650677,-0.0016487358269674));
#1284=CARTESIAN_POINT('',(-0.00978631697765722,0.00537792078921415,-0.00206720702385843));
#1285=CARTESIAN_POINT('',(-0.00974120310075027,0.00548309706158288,-0.00226906129910037));
#1286=CARTESIAN_POINT('',(-0.00964311668955724,0.00575343035448622,-0.00265517938014069));
#1287=CARTESIAN_POINT('',(-0.00959082133719579,0.00591697597815505,-0.00283686250060191));
#1288=CARTESIAN_POINT('',(-0.009483859007552,0.00629891115578275,-0.00317617082257965));
#1289=CARTESIAN_POINT('',(-0.00943010825105575,0.00651422064228063,-0.00333098955091483));
#1290=CARTESIAN_POINT('',(-0.00937811404502524,0.00675386312230031,-0.00347145170764342));
#1291=CARTESIAN_POINT('',(-0.00991322622597357,0.0135932744111136,0.00131451351939409));
#1292=CARTESIAN_POINT('',(-0.0115654305969692,0.0135932744111136,0.00153359910595978));
#1293=CARTESIAN_POINT('',(-0.0132176349679647,0.0135932744111136,0.00175268469252546));
#1294=CARTESIAN_POINT('',(-0.0148698393389603,0.0135932744111136,0.00197177027909114));
#1295=CARTESIAN_POINT('',(0.0043951109598037,0.0455932744111136,-0.0143416526122694));
#1296=CARTESIAN_POINT('',(0.00319995659816333,0.0442599225092633,-0.014707916959588));
#1297=CARTESIAN_POINT('',(0.00195889373328073,0.042926607744447,-0.0149239818862699));
#1298=CARTESIAN_POINT('',(-0.000538301802836786,0.0402599410777803,-0.0150423645471403));
#1299=CARTESIAN_POINT('',(-0.00179425573551913,0.038926607744447,-0.0149446694963641));
#1300=CARTESIAN_POINT('',(-0.00424310784891018,0.0362599410777803,-0.0144415558643284));
#1301=CARTESIAN_POINT('',(-0.00543584707302084,0.034926607744447,-0.0140361699405048));
#1302=CARTESIAN_POINT('',(-0.00768409800009721,0.0322599410777803,-0.0129428411844116));
#1303=CARTESIAN_POINT('',(-0.00873946376761956,0.030926607744447,-0.0122549693208292));
#1304=CARTESIAN_POINT('',(-0.0106473281549621,0.0282599410777803,-0.0106394033272807));
#1305=CARTESIAN_POINT('',(-0.0114997029340526,0.026926607744447,-0.00971181406476374));
#1306=CARTESIAN_POINT('',(-0.0129485590146472,0.0242599410777803,-0.0076744589023721));
#1307=CARTESIAN_POINT('',(-0.0135449462699522,0.022926607744447,-0.00656482524855828));
#1308=CARTESIAN_POINT('',(-0.014444711190128,0.0202599410777803,-0.00423235379355159));
#1309=CARTESIAN_POINT('',(-0.0147480304506673,0.018926607744447,-0.00300966739461183));
#1310=CARTESIAN_POINT('',(-0.0150427611856283,0.0162599410777803,-0.000527101424920524));
#1311=CARTESIAN_POINT('',(-0.0150341558171878,0.0149266263129639,0.000732599743915437));
#1312=CARTESIAN_POINT('',(-0.0148698393389603,0.0135932744111136,0.00197177027909115));
#1313=CARTESIAN_POINT('',(0.00293007397320247,0.0455932744111136,-0.00956110174151293));
#1314=CARTESIAN_POINT('',(0.0021333088316215,0.0442599299273975,-0.00980527661457854));
#1315=CARTESIAN_POINT('',(0.00130592915552049,0.042926607744447,-0.0099493212575133));
#1316=CARTESIAN_POINT('',(-0.000358867868557856,0.0402599410777803,-0.0100282430314268));
#1317=CARTESIAN_POINT('',(-0.00119617049034609,0.038926607744447,-0.00996311299757609));
#1318=CARTESIAN_POINT('',(-0.00282873856594011,0.0362599410777803,-0.00962770390955224));
#1319=CARTESIAN_POINT('',(-0.00362389804868056,0.034926607744447,-0.0093574466270032));
#1320=CARTESIAN_POINT('',(-0.00512273200006481,0.0322599410777803,-0.00862856078960776));
#1321=CARTESIAN_POINT('',(-0.00582630917841304,0.030926607744447,-0.00816997954721947));
#1322=CARTESIAN_POINT('',(-0.0070982187699747,0.0282599410777803,-0.00709293555152049));
#1323=CARTESIAN_POINT('',(-0.00766646862270171,0.026926607744447,-0.0064745427098425));
#1324=CARTESIAN_POINT('',(-0.00863237267643148,0.0242599410777803,-0.00511630593491473));
#1325=CARTESIAN_POINT('',(-0.00902996417996813,0.022926607744447,-0.00437655016570552));
#1326=CARTESIAN_POINT('',(-0.00962980746008534,0.0202599410777803,-0.00282156919570107));
#1327=CARTESIAN_POINT('',(-0.00983202030044488,0.018926607744447,-0.00200644492974122));
#1328=CARTESIAN_POINT('',(-0.0100285074570856,0.0162599410777803,-0.000351400949947015));
#1329=CARTESIAN_POINT('',(-0.0100227699353395,0.0149266188948298,0.000488404425379564));
#1330=CARTESIAN_POINT('',(-0.00991322622597357,0.0135932744111136,0.0013145135193941));
#1331=CARTESIAN_POINT('',(0.00293007397320247,0.0455932744111136,-0.00956110174151293));
#1332=CARTESIAN_POINT('',(0.00341841963540288,0.0455932744111136,-0.0111546186984318));
#1333=CARTESIAN_POINT('',(0.00390676529760329,0.0455932744111136,-0.0127481356553506));
#1334=CARTESIAN_POINT('',(0.0043951109598037,0.0455932744111136,-0.0143416526122694));
#1335=CARTESIAN_POINT('',(0.010588881896588,0.0387538631223003,-0.0106242919848859));
#1336=CARTESIAN_POINT('',(0.0107476382492243,0.0389929474439468,-0.0104660647570583));
#1337=CARTESIAN_POINT('',(0.0108854680244722,0.0392528162562164,-0.0103216583788983));
#1338=CARTESIAN_POINT('',(0.0111210797231416,0.0398095838392901,-0.0100673547466062));
#1339=CARTESIAN_POINT('',(0.0112174046961993,0.0401032305761162,-0.00995907714571545));
#1340=CARTESIAN_POINT('',(0.0113696918458367,0.0407169328663202,-0.00978486039978803));
#1341=CARTESIAN_POINT('',(0.0114245831479509,0.0410332068316122,-0.00972017355370118));
#1342=CARTESIAN_POINT('',(0.0114937700386586,0.0416802595941203,-0.00963826355299275));
#1343=CARTESIAN_POINT('',(0.0115075032327835,0.042007006556756,-0.00962171920073381));
#1344=CARTESIAN_POINT('',(0.0114939738911564,0.0426625439167676,-0.00963787711167284));
#1345=CARTESIAN_POINT('',(0.0114666564552001,0.0429872071742279,-0.0096706415054166));
#1346=CARTESIAN_POINT('',(0.0113703195526521,0.0436260371986096,-0.00978372887290149));
#1347=CARTESIAN_POINT('',(0.0113017569878536,0.0439361401239914,-0.00986349628731191));
#1348=CARTESIAN_POINT('',(0.0111221740670382,0.0445337129331684,-0.0100655607913725));
#1349=CARTESIAN_POINT('',(0.0110121315329534,0.0448173384449498,-0.0101867259981588));
#1350=CARTESIAN_POINT('',(0.0107493768263403,0.0453506896510001,-0.010463619130395));
#1351=CARTESIAN_POINT('',(0.0105981717281489,0.0455969381798163,-0.0106177201610377));
#1352=CARTESIAN_POINT('',(0.0102542078334763,0.0460455713949985,-0.0109502715539532));
#1353=CARTESIAN_POINT('',(0.0100634834130841,0.0462449797479879,-0.0111267155589588));
#1354=CARTESIAN_POINT('',(0.00964369596520184,0.0465916542494326,-0.0114924595133568));
#1355=CARTESIAN_POINT('',(0.00941717124114983,0.0467365592754239,-0.0116795138357773));
#1356=CARTESIAN_POINT('',(0.00893164303394287,0.046967952556455,-0.0120548708138856));
#1357=CARTESIAN_POINT('',(0.00867562714851696,0.0470527856365605,-0.0122408399588949));
#1358=CARTESIAN_POINT('',(0.00813977338767944,0.0471600053831628,-0.0126035216712071));
#1359=CARTESIAN_POINT('',(0.0078632809404121,0.0471815064296864,-0.0127779593503711));
#1360=CARTESIAN_POINT('',(0.00729761331403924,0.0471604322471246,-0.013109243770193));
#1361=CARTESIAN_POINT('',(0.00701201384861223,0.0471177749869072,-0.0132639996885133));
#1362=CARTESIAN_POINT('',(0.00644101750652448,0.0469692167441998,-0.0135504730334648));
#1363=CARTESIAN_POINT('',(0.00615927046201771,0.0468640404718311,-0.0136803750201259));
#1364=CARTESIAN_POINT('',(0.00560959958192317,0.0465937071789277,-0.0139148002445618));
#1365=CARTESIAN_POINT('',(0.00534536922571787,0.0464301615552589,-0.01401778242347));
#1366=CARTESIAN_POINT('',(0.00484343695476289,0.0460482263776312,-0.0141990251318967));
#1367=CARTESIAN_POINT('',(0.00460991351484844,0.0458329149165443,-0.0142758246990299));
#1368=CARTESIAN_POINT('',(0.00439511095980369,0.0455932744111136,-0.0143416526122694));
#1369=CARTESIAN_POINT('',(0.00705925459772537,0.0387538631223003,-0.00708286132325724));
#1370=CARTESIAN_POINT('',(0.00716508181026504,0.0389929240502723,-0.00697738682607456));
#1371=CARTESIAN_POINT('',(0.00725697868298145,0.0392528162562164,-0.00688110558593217));
#1372=CARTESIAN_POINT('',(0.00741405314876107,0.0398095838392901,-0.00671156983107083));
#1373=CARTESIAN_POINT('',(0.00747826979746622,0.0401032305761162,-0.0066393847638103));
#1374=CARTESIAN_POINT('',(0.00757979456389117,0.0407169328663202,-0.00652324026652535));
#1375=CARTESIAN_POINT('',(0.0076163887653006,0.0410332068316122,-0.00648011570246745));
#1376=CARTESIAN_POINT('',(0.00766251335910576,0.0416802595941203,-0.0064255090353285));
#1377=CARTESIAN_POINT('',(0.00767166882185568,0.042007006556756,-0.00641447946715587));
#1378=CARTESIAN_POINT('',(0.00766264926077095,0.0426625439167676,-0.00642525140778189));
#1379=CARTESIAN_POINT('',(0.0076444376368001,0.0429872071742279,-0.0064470943369444));
#1380=CARTESIAN_POINT('',(0.00758021303510141,0.0436260371986096,-0.00652248591526766));
#1381=CARTESIAN_POINT('',(0.00753450465856904,0.0439361401239914,-0.00657566419154127));
#1382=CARTESIAN_POINT('',(0.00741478271135877,0.0445337129331684,-0.00671037386091503));
#1383=CARTESIAN_POINT('',(0.00734142102196895,0.0448173384449498,-0.00679115066543921));
#1384=CARTESIAN_POINT('',(0.00716625121756023,0.0453506896510001,-0.00697574608693002));
#1385=CARTESIAN_POINT('',(0.00706544781876593,0.0455969381798163,-0.0070784801073585));
#1386=CARTESIAN_POINT('',(0.00683613855565084,0.0460455713949985,-0.00730018103596879));
#1387=CARTESIAN_POINT('',(0.00670898894205607,0.0462449797479879,-0.00741781037263919));
#1388=CARTESIAN_POINT('',(0.00642913064346789,0.0465916542494326,-0.00766163967557117));
#1389=CARTESIAN_POINT('',(0.00627811416076655,0.0467365592754239,-0.00778634255718485));
#1390=CARTESIAN_POINT('',(0.00595442868929525,0.046967952556455,-0.00803658054259043));
#1391=CARTESIAN_POINT('',(0.00578375143234464,0.0470527856365605,-0.00816055997259659));
#1392=CARTESIAN_POINT('',(0.00542651559178629,0.0471600053831628,-0.00840234778080476));
#1393=CARTESIAN_POINT('',(0.00524218729360807,0.0471815064296864,-0.0085186395669141));
#1394=CARTESIAN_POINT('',(0.00486507554269282,0.0471604322471246,-0.00873949584679531));
#1395=CARTESIAN_POINT('',(0.00467467589907482,0.0471177749869072,-0.00884266645900889));
#1396=CARTESIAN_POINT('',(0.00429401167101632,0.0469692167441998,-0.00903364868897652));
#1397=CARTESIAN_POINT('',(0.0041061803080118,0.0468640404718311,-0.00912025001341727));
#1398=CARTESIAN_POINT('',(0.00373973305461545,0.0465937071789277,-0.00927653349637451));
#1399=CARTESIAN_POINT('',(0.00356357948381192,0.0464301615552589,-0.00934518828231333));
#1400=CARTESIAN_POINT('',(0.00322895796984192,0.0460482263776312,-0.00946601675459778));
#1401=CARTESIAN_POINT('',(0.0030732768565185,0.0458329168911333,-0.00951721610441422));
#1402=CARTESIAN_POINT('',(0.00293007397320246,0.0455932744111136,-0.00956110174151293));
#1403=CARTESIAN_POINT('',(-0.00683215766577313,0.0387538631223003,-0.0133537119045611));
#1404=CARTESIAN_POINT('',(-0.00794498248856737,0.03742051122045,-0.0127843575034736));
#1405=CARTESIAN_POINT('',(-0.00898616741842661,0.0360871964556337,-0.0120752347856267));
#1406=CARTESIAN_POINT('',(-0.0108608798323451,0.033420529788967,-0.0104213141813957));
#1407=CARTESIAN_POINT('',(-0.011694270130177,0.0320871964556336,-0.00947663158102341));
#1408=CARTESIAN_POINT('',(-0.0131015157693784,0.029420529788967,-0.00741031608939378));
#1409=CARTESIAN_POINT('',(-0.0136752797655099,0.0280871964556337,-0.00628881732403126));
#1410=CARTESIAN_POINT('',(-0.0145275629120322,0.025420529788967,-0.00393858043423609));
#1411=CARTESIAN_POINT('',(-0.0148060267401645,0.0240871964556337,-0.00270999486522257));
#1412=CARTESIAN_POINT('',(-0.0150503565559232,0.021420529788967,-0.000221962923881921));
#1413=CARTESIAN_POINT('',(-0.0150162066839408,0.0200871964556337,0.00103732194865883));
#1414=CARTESIAN_POINT('',(-0.0146373919243844,0.017420529788967,0.00350845516601927));
#1415=CARTESIAN_POINT('',(-0.0142927516259249,0.0160871964556337,0.00472014310795984));
#1416=CARTESIAN_POINT('',(-0.0133143451580429,0.013420529788967,0.00702073450662383));
#1417=CARTESIAN_POINT('',(-0.0126806424976264,0.0120871964556336,0.00810948863044953));
#1418=CARTESIAN_POINT('',(-0.0111634768967572,0.00942052978896698,0.0100964985799815));
#1419=CARTESIAN_POINT('',(-0.0102801260954838,0.00808721502415063,0.0109946146354121));
#1420=CARTESIAN_POINT('',(-0.00929931507398607,0.00675386312230031,0.0117695683503999));
#1421=CARTESIAN_POINT('',(-0.00455477177718209,0.0387538631223003,-0.00890247460304075));
#1422=CARTESIAN_POINT('',(-0.00529665086489384,0.0374205186385842,-0.00852290711406));
#1423=CARTESIAN_POINT('',(-0.00599077827895107,0.0360871964556337,-0.0080501565237511));
#1424=CARTESIAN_POINT('',(-0.00724058655489676,0.033420529788967,-0.00694754278759712));
#1425=CARTESIAN_POINT('',(-0.00779618008678466,0.0320871964556336,-0.00631775438734894));
#1426=CARTESIAN_POINT('',(-0.00873434384625228,0.029420529788967,-0.00494021072626252));
#1427=CARTESIAN_POINT('',(-0.00911685317700659,0.0280871964556337,-0.00419254488268751));
#1428=CARTESIAN_POINT('',(-0.00968504194135478,0.025420529788967,-0.00262572028949073));
#1429=CARTESIAN_POINT('',(-0.00987068449344302,0.0240871964556337,-0.00180666324348171));
#1430=CARTESIAN_POINT('',(-0.0100335710372822,0.021420529788967,-0.000147975282587948));
#1431=CARTESIAN_POINT('',(-0.0100108044559606,0.0200871964556337,0.000691547965772554));
#1432=CARTESIAN_POINT('',(-0.00975826128292291,0.017420529788967,0.00233897011067952));
#1433=CARTESIAN_POINT('',(-0.00952850108394994,0.0160871964556337,0.00314676207197323));
#1434=CARTESIAN_POINT('',(-0.00887623010536196,0.013420529788967,0.00468048967108255));
#1435=CARTESIAN_POINT('',(-0.00845376166508429,0.0120871964556336,0.00540632575363302));
#1436=CARTESIAN_POINT('',(-0.00744231793117146,0.00942052978896698,0.006730999053321));
#1437=CARTESIAN_POINT('',(-0.00685341375914598,0.00808720760601651,0.00732974596459002));
#1438=CARTESIAN_POINT('',(-0.00619954338265738,0.00675386312230031,0.00784637890026661));
#1439=CARTESIAN_POINT('',(-0.00683215766577313,0.0387538631223003,-0.0133537119045611));
#1440=CARTESIAN_POINT('',(-0.00607302903624278,0.0387538631223003,-0.0118699661373877));
#1441=CARTESIAN_POINT('',(-0.00531390040671244,0.0387538631223003,-0.0103862203702142));
#1442=CARTESIAN_POINT('',(-0.00455477177718209,0.0387538631223003,-0.00890247460304075));
#1443=CARTESIAN_POINT('',(-0.00619954338265738,0.00675386312230031,0.00784637890026661));
#1444=CARTESIAN_POINT('',(-0.00723280061310028,0.00675386312230031,0.00915410871697771));
#1445=CARTESIAN_POINT('',(-0.00826605784354317,0.00675386312230031,0.0104618385336888));
#1446=CARTESIAN_POINT('',(-0.00929931507398607,0.00675386312230031,0.0117695683503999));
#1447=CARTESIAN_POINT('',(-0.00271976808679714,0.0135932744111136,0.0147513681248229));
#1448=CARTESIAN_POINT('',(-0.002499341784202,0.0133541900894643,0.0147920089940776));
#1449=CARTESIAN_POINT('',(-0.00230218298065331,0.0130943212772004,0.0148232924590348));
#1450=CARTESIAN_POINT('',(-0.00195902345082689,0.0125375536941209,0.0148725341795404));
#1451=CARTESIAN_POINT('',(-0.00181518347901949,0.0122439069573031,0.0148902147281401));
#1452=CARTESIAN_POINT('',(-0.0015852814689518,0.0116302046670885,0.0149164428861852));
#1453=CARTESIAN_POINT('',(-0.00150085847829722,0.0113139307018039,0.0149248215348338));
#1454=CARTESIAN_POINT('',(-0.00139413912708491,0.0106668779392915,0.0149351682318227));
#1455=CARTESIAN_POINT('',(-0.00137272093170255,0.0103401309766575,0.0149370595591622));
#1456=CARTESIAN_POINT('',(-0.00139370532123488,0.00968459361664688,0.0149351162200987));
#1457=CARTESIAN_POINT('',(-0.00143619023126291,0.00935993035918728,0.0149312717143415));
#1458=CARTESIAN_POINT('',(-0.00158399373696731,0.00872110033480318,0.014916315940242));
#1459=CARTESIAN_POINT('',(-0.00168859553102913,0.00841099740942507,0.0149052646791294));
#1460=CARTESIAN_POINT('',(-0.001956925466515,0.00781342460024316,0.0148724144892757));
#1461=CARTESIAN_POINT('',(-0.00211916652548193,0.00752979908846251,0.014850776434177));
#1462=CARTESIAN_POINT('',(-0.00249634142461398,0.00699644788241554,0.0147920487746758));
#1463=CARTESIAN_POINT('',(-0.00270908005511856,0.0067501993535936,0.0147552739944875));
#1464=CARTESIAN_POINT('',(-0.00317821359430633,0.00630156613841949,0.0146613841006368));
#1465=CARTESIAN_POINT('',(-0.0034318013318829,0.00610215778542397,0.0146048018526058));
#1466=CARTESIAN_POINT('',(-0.00397135012050851,0.00575548328398341,0.0144674073612285));
#1467=CARTESIAN_POINT('',(-0.00425402065795446,0.00561057825799141,0.0143874065024573));
#1468=CARTESIAN_POINT('',(-0.0048388544414479,0.00537918497695758,0.0142013958933526));
#1469=CARTESIAN_POINT('',(-0.0051373994305345,0.00529435189685418,0.0140965171730649));
#1470=CARTESIAN_POINT('',(-0.00574041846113288,0.00518713215025047,0.0138618997691678));
#1471=CARTESIAN_POINT('',(-0.00604111902730188,0.00516563110372639,0.0137336198143665));
#1472=CARTESIAN_POINT('',(-0.00663525974073508,0.00518670528629056,0.0134566251519677));
#1473=CARTESIAN_POINT('',(-0.00692494690566152,0.00522936254650677,0.0133096632678584));
#1474=CARTESIAN_POINT('',(-0.00748525345351174,0.00537792078921415,0.0130028076463009));
#1475=CARTESIAN_POINT('',(-0.00775230425725848,0.00548309706158288,0.0128448842742339));
#1476=CARTESIAN_POINT('',(-0.0082576688808438,0.00575343035448622,0.0125259801201308));
#1477=CARTESIAN_POINT('',(-0.00849261502535726,0.00591697597815505,0.0123671616089575));
#1478=CARTESIAN_POINT('',(-0.0089270873449056,0.00629891115578275,0.0120572927213128));
#1479=CARTESIAN_POINT('',(-0.00912303599222415,0.00651422261686962,0.0119088491356805));
#1480=CARTESIAN_POINT('',(-0.00929931507398608,0.00675386312230031,0.0117695683503999));
#1481=CARTESIAN_POINT('',(-0.00181317872453143,0.0135932744111136,0.00983424541654857));
#1482=CARTESIAN_POINT('',(-0.00166624223483058,0.0133542134831387,0.009861336678328));
#1483=CARTESIAN_POINT('',(-0.00153478865376888,0.0130943212772004,0.00988219497268985));
#1484=CARTESIAN_POINT('',(-0.00130601563388459,0.0125375536941209,0.00991502278636027));
#1485=CARTESIAN_POINT('',(-0.00121012231934632,0.0122439069573031,0.00992680981876009));
#1486=CARTESIAN_POINT('',(-0.00105685431263453,0.0116302046670885,0.0099442952574568));
#1487=CARTESIAN_POINT('',(-0.00100057231886481,0.0113139307018039,0.00994988102322253));
#1488=CARTESIAN_POINT('',(-0.000929426084723269,0.0106668779392915,0.00995677882121514));
#1489=CARTESIAN_POINT('',(-0.000915147287801702,0.0103401309766575,0.00995803970610812));
#1490=CARTESIAN_POINT('',(-0.000929136880823255,0.00968459361664688,0.00995674414673244));
#1491=CARTESIAN_POINT('',(-0.000957460154175273,0.00935993035918728,0.00995418114289433));
#1492=CARTESIAN_POINT('',(-0.00105599582464487,0.00872110033480318,0.009944210626828));
#1493=CARTESIAN_POINT('',(-0.00112573035401942,0.00841099740942507,0.00993684311941957));
#1494=CARTESIAN_POINT('',(-0.00130461697767667,0.00781342460024316,0.00991494299285047));
#1495=CARTESIAN_POINT('',(-0.00141277768365462,0.00752979908846251,0.0099005176227847));
#1496=CARTESIAN_POINT('',(-0.00166422761640931,0.00699644788241554,0.00986136584978386));
#1497=CARTESIAN_POINT('',(-0.00180605337007904,0.0067501993535936,0.00983684932965832));
#1498=CARTESIAN_POINT('',(-0.00211880906287089,0.00630156613841949,0.00977425606709121));
#1499=CARTESIAN_POINT('',(-0.0022878675545886,0.00610215778542397,0.00973653456840389));
#1500=CARTESIAN_POINT('',(-0.00264756674700568,0.00575548328398341,0.00964493824081901));
#1501=CARTESIAN_POINT('',(-0.00283601377196963,0.00561057825799141,0.00959160433497153));
#1502=CARTESIAN_POINT('',(-0.00322590296096527,0.00537918497695758,0.0094675972622351));
#1503=CARTESIAN_POINT('',(-0.00342493295368966,0.00529435189685418,0.00939767811537657));
#1504=CARTESIAN_POINT('',(-0.00382694564075525,0.00518713215025047,0.00924126651277852));
#1505=CARTESIAN_POINT('',(-0.00402741268486792,0.00516563110372639,0.009155746542911));
#1506=CARTESIAN_POINT('',(-0.00442350649382339,0.00518670528629056,0.00897108343464512));
#1507=CARTESIAN_POINT('',(-0.00461663127044102,0.00522936254650677,0.00887310884523896));
#1508=CARTESIAN_POINT('',(-0.00499016896900783,0.00537792078921415,0.00866853843086728));
#1509=CARTESIAN_POINT('',(-0.00516820283817232,0.00548309706158288,0.00856325618282259));
#1510=CARTESIAN_POINT('',(-0.0055051125872292,0.00575343035448622,0.00835065341342055));
#1511=CARTESIAN_POINT('',(-0.00566174335023817,0.00591697597815505,0.00824477440597166));
#1512=CARTESIAN_POINT('',(-0.0059513915632704,0.00629891115578275,0.00803819514754185));
#1513=CARTESIAN_POINT('',(-0.00608202302648026,0.00651422064228063,0.00793923352221721));
#1514=CARTESIAN_POINT('',(-0.00619954338265739,0.00675386312230031,0.00784637890026661));
#1515=CARTESIAN_POINT('',(-0.00181317872453143,0.0135932744111136,0.00983424541654857));
#1516=CARTESIAN_POINT('',(-0.00211537517862,0.0135932744111136,0.0114732863193067));
#1517=CARTESIAN_POINT('',(-0.00241757163270857,0.0135932744111136,0.0131123272220648));
#1518=CARTESIAN_POINT('',(-0.00271976808679714,0.0135932744111136,0.0147513681248229));
#1519=CARTESIAN_POINT('',(-0.0122815581925973,0.0455932744111136,-0.00861181330277466));
#1520=CARTESIAN_POINT('',(-0.0129992192954494,0.0442599225092633,-0.00758833586691309));
#1521=CARTESIAN_POINT('',(-0.0135882187682495,0.042926607744447,-0.00647478267636768));
#1522=CARTESIAN_POINT('',(-0.0144724832282242,0.0402599410777803,-0.0041363908433282));
#1523=CARTESIAN_POINT('',(-0.0147676808229247,0.038926607744447,-0.00291171824052799));
#1524=CARTESIAN_POINT('',(-0.0150459282444889,0.0362599410777803,-0.000427250818243515));
#1525=CARTESIAN_POINT('',(-0.01502896001013,0.034926607744447,0.000832382732829628));
#1526=CARTESIAN_POINT('',(-0.0146838903162805,0.0322599410777803,0.00330845359336384));
#1527=CARTESIAN_POINT('',(-0.0143558112554904,0.030926607744447,0.00452473017944014));
#1528=CARTESIAN_POINT('',(-0.0134088792084728,0.0282599410777803,0.00683845438477041));
#1529=CARTESIAN_POINT('',(-0.0127900876882262,0.026926607744447,0.00793575181866755));
#1530=CARTESIAN_POINT('',(-0.0113001689363332,0.0242599410777803,0.0099432732040475));
#1531=CARTESIAN_POINT('',(-0.0104291384162911,0.022926607744447,0.0108533668459995));
#1532=CARTESIAN_POINT('',(-0.00848886889121129,0.0202599410777803,0.012429867454958));
#1533=CARTESIAN_POINT('',(-0.00741975583034206,0.018926607744447,0.0130961720902753));
#1534=CARTESIAN_POINT('',(-0.00514977209360212,0.0162599410777803,0.014143632750604));
#1535=CARTESIAN_POINT('',(-0.00394906588330505,0.0149266263129639,0.0145247176278777));
#1536=CARTESIAN_POINT('',(-0.00271976808679714,0.0135932744111136,0.0147513681248229));
#1537=CARTESIAN_POINT('',(-0.00818770546173152,0.0455932744111136,-0.00574120886851644));
#1538=CARTESIAN_POINT('',(-0.0086661435351502,0.0442599299273975,-0.00505889437403565));
#1539=CARTESIAN_POINT('',(-0.00905881251216636,0.042926607744447,-0.00431652178424512));
#1540=CARTESIAN_POINT('',(-0.00964832215214946,0.0402599410777803,-0.00275759389555214));
#1541=CARTESIAN_POINT('',(-0.00984512054861644,0.038926607744447,-0.00194114549368532));
#1542=CARTESIAN_POINT('',(-0.0100306188296593,0.0362599410777803,-0.000284833878829009));
#1543=CARTESIAN_POINT('',(-0.01001930667342,0.034926607744447,0.00055492182188642));
#1544=CARTESIAN_POINT('',(-0.0097892602108537,0.0322599410777803,0.00220563572890923));
#1545=CARTESIAN_POINT('',(-0.00957054083699357,0.030926607744447,0.00301648678629343));
#1546=CARTESIAN_POINT('',(-0.00893925280564854,0.0282599410777803,0.00455896958984694));
#1547=CARTESIAN_POINT('',(-0.00852672512548411,0.026926607744447,0.00529050121244503));
#1548=CARTESIAN_POINT('',(-0.0075334459575555,0.0242599410777803,0.00662884880269834));
#1549=CARTESIAN_POINT('',(-0.00695275894419406,0.022926607744447,0.00723557789733301));
#1550=CARTESIAN_POINT('',(-0.00565924592747419,0.0202599410777803,0.00828657830330537));
#1551=CARTESIAN_POINT('',(-0.0049465038868947,0.018926607744447,0.00873078139351685));
#1552=CARTESIAN_POINT('',(-0.00343318139573475,0.0162599410777803,0.00942908850040264));
#1553=CARTESIAN_POINT('',(-0.00263270602938557,0.0149266188948298,0.00968314592590197));
#1554=CARTESIAN_POINT('',(-0.00181317872453143,0.0135932744111136,0.00983424541654857));
#1555=CARTESIAN_POINT('',(-0.00818770546173152,0.0455932744111136,-0.00574120886851644));
#1556=CARTESIAN_POINT('',(-0.00955232303868677,0.0455932744111136,-0.00669807701326918));
#1557=CARTESIAN_POINT('',(-0.010916940615642,0.0455932744111136,-0.00765494515802192));
#1558=CARTESIAN_POINT('',(-0.0122815581925973,0.0455932744111136,-0.00861181330277466));
#1559=CARTESIAN_POINT('',(-0.00683215766577313,0.0387538631223003,-0.0133537119045611));
#1560=CARTESIAN_POINT('',(-0.00663261621876285,0.0389929474439468,-0.0134558032658676));
#1561=CARTESIAN_POINT('',(-0.00645268584893667,0.0392528162562164,-0.0135422631468089));
#1562=CARTESIAN_POINT('',(-0.00613802070336542,0.0398095838392901,-0.0136877590440343));
#1563=CARTESIAN_POINT('',(-0.00600527653181187,0.0401032305761162,-0.0137459099185574));
#1564=CARTESIAN_POINT('',(-0.00579252724308698,0.0407169328663202,-0.0138369076693719));
#1565=CARTESIAN_POINT('',(-0.00571404405140086,0.0410332068316122,-0.0138691230651821));
#1566=CARTESIAN_POINT('',(-0.00561476308646072,0.0416802595941203,-0.0139096121262037));
#1567=CARTESIAN_POINT('',(-0.00559478468206533,0.042007006556756,-0.0139175606839568));
#1568=CARTESIAN_POINT('',(-0.00561433256503909,0.0426625439167676,-0.0139096865845149));
#1569=CARTESIAN_POINT('',(-0.00565393490716479,0.0429872071742279,-0.0138938309135174));
#1570=CARTESIAN_POINT('',(-0.00579125712499474,0.0436260371986096,-0.0138371549929914));
#1571=CARTESIAN_POINT('',(-0.00588830744195848,0.0439361401239914,-0.013796597605616));
#1572=CARTESIAN_POINT('',(-0.00613597637968875,0.0445337129331684,-0.0136882454642739));
#1573=CARTESIAN_POINT('',(-0.00628521635228735,0.0448173384449498,-0.0136210309031869));
#1574=CARTESIAN_POINT('',(-0.00662975303971342,0.0453506896510001,-0.013456701010762));
#1575=CARTESIAN_POINT('',(-0.00682303677405127,0.0455969381798163,-0.0133605162541492));
#1576=CARTESIAN_POINT('',(-0.00724560263219175,0.0460455713949985,-0.0131361511826645));
#1577=CARTESIAN_POINT('',(-0.00747234794005704,0.0462449797479879,-0.0130092856759362));
#1578=CARTESIAN_POINT('',(-0.0079499125666037,0.0465916542494326,-0.0127230651856678));
#1579=CARTESIAN_POINT('',(-0.00819781178822106,0.0467365592754239,-0.0125654303352554));
#1580=CARTESIAN_POINT('',(-0.00870483395546324,0.046967952556455,-0.0122196572551388));
#1581=CARTESIAN_POINT('',(-0.00896081438208068,0.0470527856365605,-0.0120336393052666));
#1582=CARTESIAN_POINT('',(-0.00947133310651485,0.0471600053831628,-0.0116360869068943));
#1583=CARTESIAN_POINT('',(-0.00972267406299311,0.0471815064296864,-0.0114270311705354));
#1584=CARTESIAN_POINT('',(-0.0102125451789287,0.0471604322471246,-0.0109914218041128));
#1585=CARTESIAN_POINT('',(-0.0104479818918838,0.0471177749869072,-0.0107676227802091));
#1586=CARTESIAN_POINT('',(-0.0108968818067758,0.0469692167441998,-0.0103130981203113));
#1587=CARTESIAN_POINT('',(-0.0111074905625371,0.0468640404718311,-0.0100852826791676));
#1588=CARTESIAN_POINT('',(-0.011500299843083,0.0465937071789277,-0.00963495598509687));
#1589=CARTESIAN_POINT('',(-0.0116798933858931,0.0464301615552589,-0.00941548122642523));
#1590=CARTESIAN_POINT('',(-0.0120073710465236,0.0460482263776312,-0.00899412234640505));
#1591=CARTESIAN_POINT('',(-0.0121525744868128,0.0458329149165444,-0.00879576072857157));
#1592=CARTESIAN_POINT('',(-0.0122815581925973,0.0455932744111136,-0.00861181330277465));
#1593=CARTESIAN_POINT('',(-0.00455477177718209,0.0387538631223003,-0.00890247460304075));
#1594=CARTESIAN_POINT('',(-0.00442175716219146,0.0389929240502723,-0.00897052885102536));
#1595=CARTESIAN_POINT('',(-0.00430179056595778,0.0392528162562164,-0.00902817543120595));
#1596=CARTESIAN_POINT('',(-0.00409201380224361,0.0398095838392901,-0.0091251726960229));
#1597=CARTESIAN_POINT('',(-0.00400351768787458,0.0401032305761162,-0.00916393994570497));
#1598=CARTESIAN_POINT('',(-0.00386168482872466,0.0407169328663202,-0.00922460511291457));
#1599=CARTESIAN_POINT('',(-0.0038093627009339,0.0410332068316122,-0.00924608204345473));
#1600=CARTESIAN_POINT('',(-0.00374317539097382,0.0416802595941203,-0.00927307475080248));
#1601=CARTESIAN_POINT('',(-0.00372985645471022,0.042007006556756,-0.00927837378930453));
#1602=CARTESIAN_POINT('',(-0.00374288837669272,0.0426625439167676,-0.00927312438967661));
#1603=CARTESIAN_POINT('',(-0.00376928993810986,0.0429872071742279,-0.00926255394234496));
#1604=CARTESIAN_POINT('',(-0.00386083808332983,0.0436260371986096,-0.0092247699953276));
#1605=CARTESIAN_POINT('',(-0.00392553829463899,0.0439361401239914,-0.00919773173707733));
#1606=CARTESIAN_POINT('',(-0.0040906509197925,0.0445337129331684,-0.00912549697618258));
#1607=CARTESIAN_POINT('',(-0.00419014423485823,0.0448173384449498,-0.00908068726879124));
#1608=CARTESIAN_POINT('',(-0.00441983535980895,0.0453506896510001,-0.00897113400717465));
#1609=CARTESIAN_POINT('',(-0.00454869118270084,0.0455969381798163,-0.0089070108360995));
#1610=CARTESIAN_POINT('',(-0.0048304017547945,0.0460455713949985,-0.00875743412177633));
#1611=CARTESIAN_POINT('',(-0.00498156529337136,0.0462449797479879,-0.00867285711729083));
#1612=CARTESIAN_POINT('',(-0.00529994171106913,0.0465916542494326,-0.00848204345711184));
#1613=CARTESIAN_POINT('',(-0.00546520785881404,0.0467365592754239,-0.00837695355683691));
#1614=CARTESIAN_POINT('',(-0.00580322263697549,0.046967952556455,-0.00814643817009253));
#1615=CARTESIAN_POINT('',(-0.00597387625472045,0.0470527856365605,-0.0080224262035111));
#1616=CARTESIAN_POINT('',(-0.0063142220710099,0.0471600053831628,-0.0077573912712629));
#1617=CARTESIAN_POINT('',(-0.00648178270866208,0.0471815064296864,-0.00761802078035691));
#1618=CARTESIAN_POINT('',(-0.00680836345261911,0.0471604322471246,-0.00732761453607521));
#1619=CARTESIAN_POINT('',(-0.00696532126125589,0.0471177749869072,-0.0071784151868061));
#1620=CARTESIAN_POINT('',(-0.00726458787118389,0.0469692167441998,-0.00687539874687422));
#1621=CARTESIAN_POINT('',(-0.00740499370835806,0.0468640404718311,-0.00672352178611175));
#1622=CARTESIAN_POINT('',(-0.00766686656205534,0.0465937071789277,-0.00642330399006458));
#1623=CARTESIAN_POINT('',(-0.00778659559059542,0.0464301615552589,-0.00627698748428348));
#1624=CARTESIAN_POINT('',(-0.00800491403101573,0.0460482263776312,-0.00599608156427003));
#1625=CARTESIAN_POINT('',(-0.00810171561600888,0.0458329168911333,-0.00586384149617394));
#1626=CARTESIAN_POINT('',(-0.00818770546173152,0.0455932744111136,-0.00574120886851643));
#1627=CARTESIAN_POINT('',(-0.00232178326100392,0.0387538631223003,0.0148192213860554));
#1628=CARTESIAN_POINT('',(-0.00108683094731405,0.03742051122045,0.0150127060189769));
#1629=CARTESIAN_POINT('',(0.00017231723084516,0.0360871964556337,0.0150510068358218));
#1630=CARTESIAN_POINT('',(0.00266114157290056,0.033420529788967,0.014814885268843));
#1631=CARTESIAN_POINT('',(0.00389063898738986,0.0320871964556336,0.0145404755173207));
#1632=CARTESIAN_POINT('',(0.00624367439732722,0.029420529788967,0.0136959494019276));
#1633=CARTESIAN_POINT('',(0.00736705965570236,0.0280871964556337,0.0131258878568013));
#1634=CARTESIAN_POINT('',(0.00943800578847357,0.025420529788967,0.0117254657364533));
#1635=CARTESIAN_POINT('',(0.0103854322363969,0.0240871964556337,0.0108951960635506));
#1636=CARTESIAN_POINT('',(0.0120455276919308,0.021420529788967,0.00902594940285665));
#1637=CARTESIAN_POINT('',(0.0127580889416558,0.0200871964556337,0.00798709374909297));
#1638=CARTESIAN_POINT('',(0.013904117025069,0.017420529788967,0.0057652432518659));
#1639=CARTESIAN_POINT('',(0.0143375094693222,0.0160871964556337,0.00458239263017663));
#1640=CARTESIAN_POINT('',(0.0148982157050849,0.013420529788967,0.00214608219897604));
#1641=CARTESIAN_POINT('',(0.0150254931007847,0.0120871964556336,0.000892780531973928));
#1642=CARTESIAN_POINT('',(0.0149660154908937,0.00942052978896698,-0.00160651185066594));
#1643=CARTESIAN_POINT('',(0.014779269052898,0.00808721502415063,-0.00285232357601956));
#1644=CARTESIAN_POINT('',(0.0144412826331152,0.00675386312230031,-0.00405578055502094));
#1645=CARTESIAN_POINT('',(-0.00154785550733595,0.0387538631223003,0.00987948092403694));
#1646=CARTESIAN_POINT('',(-0.000724558545333193,0.0374205186385842,0.0100084699616804));
#1647=CARTESIAN_POINT('',(0.000114878153896773,0.0360871964556337,0.0100340045572145));
#1648=CARTESIAN_POINT('',(0.0017740943819337,0.033420529788967,0.00987659017922864));
#1649=CARTESIAN_POINT('',(0.00259375932492658,0.0320871964556336,0.00969365034488045));
#1650=CARTESIAN_POINT('',(0.00416244959821814,0.029420529788967,0.00913063293461839));
#1651=CARTESIAN_POINT('',(0.00491137310380157,0.0280871964556337,0.00875059190453417));
#1652=CARTESIAN_POINT('',(0.00629200385898238,0.025420529788967,0.00781697715763551));
#1653=CARTESIAN_POINT('',(0.00692362149093124,0.0240871964556337,0.00726346404236708));
#1654=CARTESIAN_POINT('',(0.00803035179462053,0.021420529788967,0.00601729960190443));
#1655=CARTESIAN_POINT('',(0.00850539262777053,0.0200871964556337,0.00532472916606198));
#1656=CARTESIAN_POINT('',(0.00926941135004602,0.017420529788967,0.00384349550124393));
#1657=CARTESIAN_POINT('',(0.00955833964621478,0.0160871964556337,0.00305492842011776));
#1658=CARTESIAN_POINT('',(0.00993214380338993,0.013420529788967,0.00143072146598403));
#1659=CARTESIAN_POINT('',(0.0100169954005231,0.0120871964556336,0.000595187021315952));
#1660=CARTESIAN_POINT('',(0.00997734366059579,0.00942052978896698,-0.00107100790044396));
#1661=CARTESIAN_POINT('',(0.00985284478166847,0.00808720760601651,-0.00190155351432019));
#1662=CARTESIAN_POINT('',(0.00962752175541012,0.00675386312230031,-0.00270385370334729));
#1663=CARTESIAN_POINT('',(-0.00232178326100392,0.0387538631223003,0.0148192213860554));
#1664=CARTESIAN_POINT('',(-0.0020638073431146,0.0387538631223003,0.0131726412320492));
#1665=CARTESIAN_POINT('',(-0.00180583142522527,0.0387538631223003,0.0115260610780431));
#1666=CARTESIAN_POINT('',(-0.00154785550733595,0.0387538631223003,0.00987948092403694));
#1667=CARTESIAN_POINT('',(0.00962752175541012,0.00675386312230031,-0.00270385370334729));
#1668=CARTESIAN_POINT('',(0.0112321087146451,0.00675386312230031,-0.00315449598723851));
#1669=CARTESIAN_POINT('',(0.0128366956738802,0.00675386312230031,-0.00360513827112973));
#1670=CARTESIAN_POINT('',(0.0144412826331152,0.00675386312230031,-0.00405578055502094));
#1671=CARTESIAN_POINT('',(0.0108709752378857,0.0135932744111136,-0.0103354679321875));
#1672=CARTESIAN_POINT('',(0.0107165347166672,0.0133541900894643,-0.0104979104159635));
#1673=CARTESIAN_POINT('',(0.0105754178533482,0.0130943212772004,-0.0106391063078424));
#1674=CARTESIAN_POINT('',(0.0103267395190476,0.0125375536941209,-0.0108806478073793));
#1675=CARTESIAN_POINT('',(0.0102207629031044,0.0122439069573031,-0.0109794986857849));
#1676=CARTESIAN_POINT('',(0.0100501847944123,0.0116302046670885,-0.0111358507223647));
#1677=CARTESIAN_POINT('',(0.00998681000636659,0.0113139307018039,-0.0111922517803725));
#1678=CARTESIAN_POINT('',(0.00990655387350718,0.0106668779392915,-0.011263350494849));
#1679=CARTESIAN_POINT('',(0.00989033788377142,0.0103401309766575,-0.011277469910185));
#1680=CARTESIAN_POINT('',(0.00990617234547791,0.00968459361664688,-0.0112635634011613));
#1681=CARTESIAN_POINT('',(0.00993828361590866,0.00935993035918728,-0.0112354811271094));
#1682=CARTESIAN_POINT('',(0.0100490683803994,0.00872110033480318,-0.0111365049308087));
#1683=CARTESIAN_POINT('',(0.0101271972411363,0.00841099740942507,-0.0110660808808464));
#1684=CARTESIAN_POINT('',(0.0103249718619129,0.00781342460024316,-0.0108817841401592));
#1685=CARTESIAN_POINT('',(0.0104435091061273,0.00752979908846251,-0.010768915684082));
#1686=CARTESIAN_POINT('',(0.0107141307572202,0.00699644788241554,-0.010499706166261));
#1687=CARTESIAN_POINT('',(0.0108646242512075,0.0067501993535936,-0.0103449101145207));
#1688=CARTESIAN_POINT('',(0.011188974162097,0.00630156613841949,-0.00999320181910512));
#1689=CARTESIAN_POINT('',(0.0113608727404273,0.00610215778542397,-0.0097983706865584));
#1690=CARTESIAN_POINT('',(0.0117166184239421,0.00575548328398341,-0.00937007738725424));
#1691=CARTESIAN_POINT('',(0.0118982803675885,0.00561057825799141,-0.00913920575977542));
#1692=CARTESIAN_POINT('',(0.0122620865445176,0.00537918497695758,-0.00864496334289588));
#1693=CARTESIAN_POINT('',(0.0124419683492097,0.00529435189685418,-0.00838463433410384));
#1694=CARTESIAN_POINT('',(0.0127919163429534,0.00518713215025047,-0.00784037917413754));
#1695=CARTESIAN_POINT('',(0.0129597871456054,0.00516563110372639,-0.00755985115251552));
#1696=CARTESIAN_POINT('',(0.0132776437023011,0.00518670528629056,-0.00698653061414116));
#1697=CARTESIAN_POINT('',(0.0134256235136504,0.00522936254650677,-0.00669736210904923));
#1698=CARTESIAN_POINT('',(0.0136985558239862,0.00537792078921415,-0.00611977077080046));
#1699=CARTESIAN_POINT('',(0.0138217794334855,0.00548309706158288,-0.00583503955493404));
#1700=CARTESIAN_POINT('',(0.0140431808436454,0.00575343035448622,-0.00527999480191412));
#1701=CARTESIAN_POINT('',(0.0141399050886609,0.00591697597815505,-0.00501341004852556));
#1702=CARTESIAN_POINT('',(0.0143092642164592,0.00629891115578275,-0.00450734443043311));
#1703=CARTESIAN_POINT('',(0.0143805370517326,0.00651422261686962,-0.00427207532185013));
#1704=CARTESIAN_POINT('',(0.0144412826331152,0.00675386312230031,-0.00405578055502094));
#1705=CARTESIAN_POINT('',(0.00724731682525711,0.0135932744111136,-0.00689031195479168));
#1706=CARTESIAN_POINT('',(0.00714436655213527,0.0133542134831387,-0.00699859634764008));
#1707=CARTESIAN_POINT('',(0.00705027856889878,0.0130943212772004,-0.0070927375385616));
#1708=CARTESIAN_POINT('',(0.00688449301269839,0.0125375536941209,-0.00725376520491954));
#1709=CARTESIAN_POINT('',(0.0068138419354029,0.0122439069573031,-0.00731966579052328));
#1710=CARTESIAN_POINT('',(0.00670012319627487,0.0116302046670885,-0.00742390048157647));
#1711=CARTESIAN_POINT('',(0.00665787333757773,0.0113139307018039,-0.007461501186915));
#1712=CARTESIAN_POINT('',(0.00660436924900479,0.0106668779392915,-0.00750890032989933));
#1713=CARTESIAN_POINT('',(0.00659355858918094,0.0103401309766575,-0.00751831327345668));
#1714=CARTESIAN_POINT('',(0.00660411489698528,0.00968459361664688,-0.00750904226744089));
#1715=CARTESIAN_POINT('',(0.00662552241060577,0.00935993035918728,-0.00749032075140625));
#1716=CARTESIAN_POINT('',(0.00669937892026627,0.00872110033480318,-0.00742433662053912));
#1717=CARTESIAN_POINT('',(0.00675146482742419,0.00841099740942507,-0.0073773872538976));
#1718=CARTESIAN_POINT('',(0.0068833145746086,0.00781342460024316,-0.00725452276010611));
#1719=CARTESIAN_POINT('',(0.00696233940408484,0.00752979908846251,-0.00717927712272137));
#1720=CARTESIAN_POINT('',(0.00714275383814683,0.00699644788241554,-0.00699980411084064));
#1721=CARTESIAN_POINT('',(0.00724308283413835,0.0067501993535936,-0.00689660674301381));
#1722=CARTESIAN_POINT('',(0.00745931610806465,0.00630156613841949,-0.00666213454607008));
#1723=CARTESIAN_POINT('',(0.0075739151602849,0.00610215778542397,-0.00653224712437227));
#1724=CARTESIAN_POINT('',(0.00781107894929471,0.00575548328398341,-0.0062467182581695));
#1725=CARTESIAN_POINT('',(0.00793218691172565,0.00561057825799141,-0.00609280383985028));
#1726=CARTESIAN_POINT('',(0.00817472436301175,0.00537918497695758,-0.00576330889526392));
#1727=CARTESIAN_POINT('',(0.0082946455661398,0.00529435189685418,-0.00558975622273589));
#1728=CARTESIAN_POINT('',(0.00852794422863562,0.00518713215025047,-0.00522691944942502));
#1729=CARTESIAN_POINT('',(0.00863985809707026,0.00516563110372639,-0.00503990076834368));
#1730=CARTESIAN_POINT('',(0.00885176246820077,0.00518670528629056,-0.0046576870760941));
#1731=CARTESIAN_POINT('',(0.00895041567576694,0.00522936254650677,-0.00446490807269949));
#1732=CARTESIAN_POINT('',(0.00913237054932417,0.00537792078921415,-0.00407984718053364));
#1733=CARTESIAN_POINT('',(0.0092145196223237,0.00548309706158288,-0.00389002636995603));
#1734=CARTESIAN_POINT('',(0.00936212056243026,0.00575343035448622,-0.00351999653460941));
#1735=CARTESIAN_POINT('',(0.00942660339244061,0.00591697597815505,-0.00334227336568371));
#1736=CARTESIAN_POINT('',(0.00953950947763946,0.00629891115578275,-0.00300489628695541));
#1737=CARTESIAN_POINT('',(0.00958702436746758,0.00651422064228063,-0.00284805140271666));
#1738=CARTESIAN_POINT('',(0.00962752175541012,0.00675386312230031,-0.00270385370334729));
#1739=CARTESIAN_POINT('',(0.00724731682525711,0.0135932744111136,-0.00689031195479168));
#1740=CARTESIAN_POINT('',(0.00845520296279996,0.0135932744111136,-0.00803869728059029));
#1741=CARTESIAN_POINT('',(0.00966308910034281,0.0135932744111136,-0.00918708260638891));
#1742=CARTESIAN_POINT('',(0.0108709752378857,0.0135932744111136,-0.0103354679321875));
#1743=CARTESIAN_POINT('',(0.00487409244034899,0.0455932744111136,0.0141860220951094));
#1744=CARTESIAN_POINT('',(0.00605627741161179,0.0442599225092633,0.0137798420685386));
#1745=CARTESIAN_POINT('',(0.00718731813783078,0.042926607744447,0.0132251638169668));
#1746=CARTESIAN_POINT('',(0.00927717534701383,0.0402599410777803,0.0118531226932298));
#1747=CARTESIAN_POINT('',(0.0102358397126377,0.038926607744447,0.0110358545376961));
#1748=CARTESIAN_POINT('',(0.0119212799159441,0.0362599410777803,0.00918942790198098));
#1749=CARTESIAN_POINT('',(0.0126479463505968,0.034926607744447,0.00816038927456433));
#1750=CARTESIAN_POINT('',(0.013824177039482,0.0322599410777803,0.00595437899205775));
#1751=CARTESIAN_POINT('',(0.0142736649438084,0.030926607744447,0.00477755053054324));
#1752=CARTESIAN_POINT('',(0.0148675537910182,0.0282599410777803,0.00234911563597434));
#1753=CARTESIAN_POINT('',(0.0150119161841867,0.026926607744447,0.00109766683422293));
#1754=CARTESIAN_POINT('',(0.0149865380576555,0.0242599410777803,-0.00140220435259726));
#1755=CARTESIAN_POINT('',(0.0148167991852667,0.022926607744447,-0.00265046446938645));
#1756=CARTESIAN_POINT('',(0.0141737319739853,0.0202599410777803,-0.00506634206599079));
#1757=CARTESIAN_POINT('',(0.0137004453770074,0.018926607744447,-0.00623380272960542));
#1758=CARTESIAN_POINT('',(0.0124796718855278,0.0162599410777803,-0.00841547916815003));
#1759=CARTESIAN_POINT('',(0.0117322762268791,0.0149266263129639,-0.00942954071291237));
#1760=CARTESIAN_POINT('',(0.0108709752378857,0.0135932744111136,-0.0103354679321875));
#1761=CARTESIAN_POINT('',(0.00324939496023266,0.0455932744111136,0.00945734806340628));
#1762=CARTESIAN_POINT('',(0.00403751388966559,0.0442599299273975,0.00918656288555369));
#1763=CARTESIAN_POINT('',(0.00479154542522052,0.042926607744447,0.00881677587797789));
#1764=CARTESIAN_POINT('',(0.00618478356467589,0.0402599410777803,0.00790208179548652));
#1765=CARTESIAN_POINT('',(0.00682389314175848,0.038926607744447,0.00735723635846409));
#1766=CARTESIAN_POINT('',(0.00794751994396276,0.0362599410777803,0.00612628526798732));
#1767=CARTESIAN_POINT('',(0.00843196423373122,0.034926607744447,0.00544025951637622));
#1768=CARTESIAN_POINT('',(0.00921611802632133,0.0322599410777803,0.00396958599470517));
#1769=CARTESIAN_POINT('',(0.00951577662920563,0.030926607744447,0.00318503368702883));
#1770=CARTESIAN_POINT('',(0.00991170252734549,0.0282599410777803,0.00156607709064957));
#1771=CARTESIAN_POINT('',(0.0100079441227911,0.026926607744447,0.000731777889481951));
#1772=CARTESIAN_POINT('',(0.00999102537177035,0.0242599410777803,-0.000934802901731508));
#1773=CARTESIAN_POINT('',(0.00987786612351113,0.022926607744447,-0.0017669763129243));
#1774=CARTESIAN_POINT('',(0.00944915464932351,0.0202599410777803,-0.00337756137732719));
#1775=CARTESIAN_POINT('',(0.00913363025133828,0.018926607744447,-0.00415586848640361));
#1776=CARTESIAN_POINT('',(0.00831978125701853,0.0162599410777803,-0.00561031944543335));
#1777=CARTESIAN_POINT('',(0.00782151429000744,0.0149266188948298,-0.00628636383537292));
#1778=CARTESIAN_POINT('',(0.00724731682525711,0.0135932744111136,-0.00689031195479168));
#1779=CARTESIAN_POINT('',(0.00324939496023266,0.0455932744111136,0.00945734806340628));
#1780=CARTESIAN_POINT('',(0.0037909607869381,0.0455932744111136,0.0110335727406407));
#1781=CARTESIAN_POINT('',(0.00433252661364355,0.0455932744111136,0.012609797417875));
#1782=CARTESIAN_POINT('',(0.00487409244034899,0.0455932744111136,0.0141860220951094));
#1783=CARTESIAN_POINT('',(-0.00232178326100392,0.0387538631223003,0.0148192213860554));
#1784=CARTESIAN_POINT('',(-0.0025432234792798,0.0389929474439468,0.0147845275125574));
#1785=CARTESIAN_POINT('',(-0.00273961004920564,0.0392528162562164,0.0147487146077473));
#1786=CARTESIAN_POINT('',(-0.00307969984216842,0.0398095838392901,0.0146814677292372));
#1787=CARTESIAN_POINT('',(-0.00322127235931205,0.0401032305761162,0.0146504877085972));
#1788=CARTESIAN_POINT('',(-0.00344687728535216,0.0407169328663202,0.0145990555411078));
#1789=CARTESIAN_POINT('',(-0.00352930725575304,0.0410332068316122,0.0145789870811728));
#1790=CARTESIAN_POINT('',(-0.00363342611655524,0.0416802595941203,0.0145533875326004));
#1791=CARTESIAN_POINT('',(-0.00365426103025585,0.042007006556756,0.0145480750394355));
#1792=CARTESIAN_POINT('',(-0.00363381818119902,0.0426625439167676,0.0145531947164971));
#1793=CARTESIAN_POINT('',(-0.00359245948382475,0.0429872071742279,0.0145636448818607));
#1794=CARTESIAN_POINT('',(-0.00344805020564975,0.0436260371986096,0.0145985090734358));
#1795=CARTESIAN_POINT('',(-0.00334569581574583,0.0439361401239914,0.0146227422028432));
#1796=CARTESIAN_POINT('',(-0.00308163964540805,0.0445337129331684,0.0146806596281694));
#1797=CARTESIAN_POINT('',(-0.00292139424358948,0.0448173384449498,0.0147140029609265));
#1798=CARTESIAN_POINT('',(-0.00254606752099798,0.0453506896510001,0.0147835708690137));
#1799=CARTESIAN_POINT('',(-0.0023331617137501,0.0455969381798163,0.014819365094866));
#1800=CARTESIAN_POINT('',(-0.00185942027312354,0.0460455713949985,0.014886227918628));
#1801=CARTESIAN_POINT('',(-0.00160140979178626,0.0462449797479879,0.0149168691156746));
#1802=CARTESIAN_POINT('',(-0.00104681570991396,0.0465916542494326,0.0149660173194097));
#1803=CARTESIAN_POINT('',(-0.000753605586413452,0.0467365592754239,0.0149841995530418));
#1804=CARTESIAN_POINT('',(-0.000140175719457456,0.046967952556455,0.0150024834075205));
#1805=CARTESIAN_POINT('',(0.000176255403499937,0.0470527856365605,0.0150024532444563));
#1806=CARTESIAN_POINT('',(0.000822949164290541,0.0471600053831628,0.0149809019752602));
#1807=CARTESIAN_POINT('',(0.00114916814820287,0.0471815064296864,0.0149595068392892));
#1808=CARTESIAN_POINT('',(0.00180152696739178,0.0471604322471246,0.0148950304764155));
#1809=CARTESIAN_POINT('',(0.00212354503500032,0.0471177749869072,0.0148523594904761));
#1810=CARTESIAN_POINT('',(0.0027538755868126,0.0469692167441998,0.0147484980659852));
#1811=CARTESIAN_POINT('',(0.0030581682059364,0.0468640404718311,0.014687984223159));
#1812=CARTESIAN_POINT('',(0.00364065297893466,0.0465937071789277,0.0145545497767036));
#1813=CARTESIAN_POINT('',(0.00391495123354569,0.0464301615552589,0.0144825534029727));
#1814=CARTESIAN_POINT('',(0.00442755476187223,0.0460482263776312,0.0143341534476794));
#1815=CARTESIAN_POINT('',(0.00466162084629129,0.0458329149165444,0.0142590239686045));
#1816=CARTESIAN_POINT('',(0.004874092440349,0.0455932744111136,0.0141860220951094));
#1817=CARTESIAN_POINT('',(-0.00154785550733595,0.0387538631223003,0.00987948092403694));
#1818=CARTESIAN_POINT('',(-0.00169546787468482,0.0389929240502723,0.00985635393816505));
#1819=CARTESIAN_POINT('',(-0.00182640669947042,0.0392528162562164,0.00983247640516485));
#1820=CARTESIAN_POINT('',(-0.00205313322811228,0.0398095838392901,0.00978764515282483));
#1821=CARTESIAN_POINT('',(-0.00214751490620803,0.0401032305761162,0.00976699180573149));
#1822=CARTESIAN_POINT('',(-0.00229791819023477,0.0407169328663202,0.00973270369407185));
#1823=CARTESIAN_POINT('',(-0.00235287150383536,0.0410332068316122,0.00971932472078189));
#1824=CARTESIAN_POINT('',(-0.00242228407770349,0.0416802595941203,0.00970225835506695));
#1825=CARTESIAN_POINT('',(-0.00243617402017057,0.042007006556756,0.009698716692957));
#1826=CARTESIAN_POINT('',(-0.00242254545413268,0.0426625439167676,0.00970212981099809));
#1827=CARTESIAN_POINT('',(-0.0023949729892165,0.0429872071742279,0.00970909658790712));
#1828=CARTESIAN_POINT('',(-0.00229870013709984,0.0436260371986096,0.00973233938229054));
#1829=CARTESIAN_POINT('',(-0.00223046387716389,0.0439361401239914,0.0097484948018955));
#1830=CARTESIAN_POINT('',(-0.00205442643027203,0.0445337129331684,0.00978710641877957));
#1831=CARTESIAN_POINT('',(-0.00194759616239298,0.0448173384449498,0.00980933530728434));
#1832=CARTESIAN_POINT('',(-0.00169737834733199,0.0453506896510001,0.00985571391267581));
#1833=CARTESIAN_POINT('',(-0.00155544114250007,0.0455969381798163,0.00987957672991066));
#1834=CARTESIAN_POINT('',(-0.00123961351541569,0.0460455713949985,0.00992415194575199));
#1835=CARTESIAN_POINT('',(-0.00106760652785751,0.0462449797479879,0.00994457941044971));
#1836=CARTESIAN_POINT('',(-0.000697877139942637,0.0465916542494326,0.00997734487960648));
#1837=CARTESIAN_POINT('',(-0.000502403724275635,0.0467365592754239,0.00998946636869454));
#1838=CARTESIAN_POINT('',(-9.34504796383045E-5,0.046967952556455,0.0100016556050136));
#1839=CARTESIAN_POINT('',(0.000117503602333291,0.0470527856365605,0.0100016354963042));
#1840=CARTESIAN_POINT('',(0.000548632776193693,0.0471600053831628,0.00998726798350682));
#1841=CARTESIAN_POINT('',(0.000766112098801912,0.0471815064296864,0.00997300455952616));
#1842=CARTESIAN_POINT('',(0.00120101797826119,0.0471604322471246,0.00993002031761032));
#1843=CARTESIAN_POINT('',(0.00141569669000021,0.0471177749869072,0.00990157299365076));
#1844=CARTESIAN_POINT('',(0.00183591705787507,0.0469692167441998,0.00983233204399012));
#1845=CARTESIAN_POINT('',(0.0020387788039576,0.0468640404718311,0.00979198948210602));
#1846=CARTESIAN_POINT('',(0.00242710198595644,0.0465937071789277,0.00970303318446907));
#1847=CARTESIAN_POINT('',(0.00260996748903047,0.0464301615552589,0.00965503560198177));
#1848=CARTESIAN_POINT('',(0.00295170317458149,0.0460482263776312,0.00955610229845292));
#1849=CARTESIAN_POINT('',(0.00310774606371241,0.0458329168911333,0.00950601638008338));
#1850=CARTESIAN_POINT('',(0.00324939496023267,0.0455932744111136,0.00945734806340628));
#1851=CARTESIAN_POINT('',(0.013376446580723,0.0387538631223003,0.00678753835149858));
#1852=CARTESIAN_POINT('',(0.0139420826538388,0.03742051122045,0.00567281894597319));
#1853=CARTESIAN_POINT('',(0.014367607080766,0.0360871964556337,0.0044871334694572));
#1854=CARTESIAN_POINT('',(0.0149121311435621,0.033420529788967,0.00204715528409653));
#1855=CARTESIAN_POINT('',(0.0150310875568592,0.0320871964556336,0.000793036479635844));
#1856=CARTESIAN_POINT('',(0.0149550234216698,0.029420529788967,-0.00170580610190824));
#1857=CARTESIAN_POINT('',(0.0147600078105563,0.0280871964556337,-0.00295036767747951));
#1858=CARTESIAN_POINT('',(0.0140680847768969,0.025420529788967,-0.00535270872643395));
#1859=CARTESIAN_POINT('',(0.0135712222675292,0.0240871964556337,-0.00651033226228281));
#1860=CARTESIAN_POINT('',(0.0123064607583578,0.021420529788967,-0.0086668058477734));
#1861=CARTESIAN_POINT('',(0.0115386438550539,0.0200871964556337,-0.00966551591929924));
#1862=CARTESIAN_POINT('',(0.0097796806152381,0.017420529788967,-0.0114420429584902));
#1863=CARTESIAN_POINT('',(0.00878864845418466,0.0160871964556337,-0.0122197446106192));
#1864=CARTESIAN_POINT('',(0.00664484729857617,0.013420529788967,-0.0135058692566826));
#1865=CARTESIAN_POINT('',(0.00549221745956125,0.0120871964556336,-0.0140142087674221));
#1866=CARTESIAN_POINT('',(0.00309686956068364,0.00942052978896698,-0.0147299660191092));
#1867=CARTESIAN_POINT('',(0.00185432437822951,0.00808721502415063,-0.0149373365972843));
#1868=CARTESIAN_POINT('',(0.000605325228688535,0.00675386312230031,-0.0149877810688411));
#1869=CARTESIAN_POINT('',(0.00891763105381533,0.0387538631223003,0.00452502556766572));
#1870=CARTESIAN_POINT('',(0.00929471967127295,0.0374205186385842,0.00378188343182691));
#1871=CARTESIAN_POINT('',(0.00957840472051066,0.0360871964556337,0.00299142231297147));
#1872=CARTESIAN_POINT('',(0.00994142076237475,0.033420529788967,0.00136477018939769));
#1873=CARTESIAN_POINT('',(0.0100207250379061,0.0320871964556336,0.000528690986423895));
#1874=CARTESIAN_POINT('',(0.00997001561444654,0.029420529788967,-0.00113720406793883));
#1875=CARTESIAN_POINT('',(0.00984000520703756,0.0280871964556337,-0.00196691178498634));
#1876=CARTESIAN_POINT('',(0.00937872318459792,0.025420529788967,-0.0035684724842893));
#1877=CARTESIAN_POINT('',(0.00904748151168611,0.0240871964556337,-0.00434022150818854));
#1878=CARTESIAN_POINT('',(0.00820430717223854,0.021420529788967,-0.00577787056518226));
#1879=CARTESIAN_POINT('',(0.00769242923670259,0.0200871964556337,-0.00644367727953283));
#1880=CARTESIAN_POINT('',(0.0065197870768254,0.017420529788967,-0.00762802863899349));
#1881=CARTESIAN_POINT('',(0.00585909896945644,0.0160871964556337,-0.00814649640707948));
#1882=CARTESIAN_POINT('',(0.00442989819905078,0.013420529788967,-0.00900391283778842));
#1883=CARTESIAN_POINT('',(0.00366147830637417,0.0120871964556336,-0.00934280584494806));
#1884=CARTESIAN_POINT('',(0.00206457970712243,0.00942052978896698,-0.00981997734607278));
#1885=CARTESIAN_POINT('',(0.00123621161959591,0.00808720760601651,-0.00995822458528884));
#1886=CARTESIAN_POINT('',(0.000403550152459024,0.00675386312230031,-0.0099918540458941));
#1887=CARTESIAN_POINT('',(0.013376446580723,0.0387538631223003,0.00678753835149858));
#1888=CARTESIAN_POINT('',(0.0118901747384204,0.0387538631223003,0.00603336742355429));
#1889=CARTESIAN_POINT('',(0.0104039028961179,0.0387538631223003,0.00527919649561001));
#1890=CARTESIAN_POINT('',(0.00891763105381533,0.0387538631223003,0.00452502556766572));
#1891=CARTESIAN_POINT('',(0.000403550152459024,0.00675386312230031,-0.0099918540458941));
#1892=CARTESIAN_POINT('',(0.000470808511202194,0.00675386312230031,-0.0116571630535431));
#1893=CARTESIAN_POINT('',(0.000538066869945365,0.00675386312230031,-0.0133224720611921));
#1894=CARTESIAN_POINT('',(0.000605325228688535,0.00675386312230031,-0.0149877810688411));
#1895=CARTESIAN_POINT('',(-0.00647029803193063,0.0135932744111136,-0.0135327470743377));
#1896=CARTESIAN_POINT('',(-0.00667251476032559,0.0133541900894643,-0.0134360628983481));
#1897=CARTESIAN_POINT('',(-0.00685040754232957,0.0130943212772004,-0.0133454847160559));
#1898=CARTESIAN_POINT('',(-0.00715697299085159,0.0125375536941209,-0.0131836179939616));
#1899=CARTESIAN_POINT('',(-0.00728373433823355,0.0122439069573031,-0.0131133748441301));
#1900=CARTESIAN_POINT('',(-0.00748514549591295,0.0116302046670885,-0.0129994608587295));
#1901=CARTESIAN_POINT('',(-0.00755836997617825,0.0113139307018039,-0.012956616739015));
#1902=CARTESIAN_POINT('',(-0.0076507893808377,0.0106668779392915,-0.0129022593319378));
#1903=CARTESIAN_POINT('',(-0.00766922875920827,0.0103401309766575,-0.0128912001485209));
#1904=CARTESIAN_POINT('',(-0.00765110976541829,0.00968459361664688,-0.0129019622688882));
#1905=CARTESIAN_POINT('',(-0.0076144790074147,0.00935993035918728,-0.0129238240019551));
#1906=CARTESIAN_POINT('',(-0.00748611267601935,0.00872110033480318,-0.0129986012474347));
#1907=CARTESIAN_POINT('',(-0.00739499227867999,0.00841099740942507,-0.0130511439812982));
#1908=CARTESIAN_POINT('',(-0.00715859994364139,0.00781342460024316,-0.0131822879982653));
#1909=CARTESIAN_POINT('',(-0.00701462564007648,0.00752979908846251,-0.0132601453457424));
#1910=CARTESIAN_POINT('',(-0.00667496548467051,0.00699644788241554,-0.0134343315144107));
#1911=CARTESIAN_POINT('',(-0.00648124064378125,0.0067501993535936,-0.0135296247218774));
#1912=CARTESIAN_POINT('',(-0.00604651654300236,0.00630156613841949,-0.0137294159778425));
#1913=CARTESIAN_POINT('',(-0.00580810154280365,0.00610215778542397,-0.0138326951099153));
#1914=CARTESIAN_POINT('',(-0.0052908389477333,0.00575548328398341,-0.0140386794523039));
#1915=CARTESIAN_POINT('',(-0.00501513035417398,0.00561057825799141,-0.0141401069711617));
#1916=CARTESIAN_POINT('',(-0.00443265559164154,0.00537918497695758,-0.0143333779002419));
#1917=CARTESIAN_POINT('',(-0.00412948145682052,0.00529435189685418,-0.0144240095749117));
#1918=CARTESIAN_POINT('',(-0.00350372416319308,0.00518713215025047,-0.0145886458010202));
#1919=CARTESIAN_POINT('',(-0.00318505122934726,0.00516563110372639,-0.0146616124956985));
#1920=CARTESIAN_POINT('',(-0.00254156791760798,0.00518670528629056,-0.0147867462556093));
#1921=CARTESIAN_POINT('',(-0.00222082405000165,0.00522936254650677,-0.0148381254371617));
#1922=CARTESIAN_POINT('',(-0.00158716132179673,0.00537792078921415,-0.0149192139500915));
#1923=CARTESIAN_POINT('',(-0.00127828765411082,0.00548309706158288,-0.0149484197823354));
#1924=CARTESIAN_POINT('',(-0.000681991926597822,0.00575343035448622,-0.0149874667748631));
#1925=CARTESIAN_POINT('',(-0.000398565324264818,0.00591697597815505,-0.0149970777791305));
#1926=CARTESIAN_POINT('',(0.000135066528137129,0.00629891115578275,-0.0150017650049577));
#1927=CARTESIAN_POINT('',(0.000380845264274692,0.00651422261686962,-0.0149968473465757));
#1928=CARTESIAN_POINT('',(0.000605325228688542,0.00675386312230031,-0.0149877810688411));
#1929=CARTESIAN_POINT('',(-0.00431353202128709,0.0135932744111136,-0.00902183138289177));
#1930=CARTESIAN_POINT('',(-0.00444832998268882,0.0133542134831387,-0.00895738157240061));
#1931=CARTESIAN_POINT('',(-0.00456693836155305,0.0130943212772004,-0.00889698981070393));
#1932=CARTESIAN_POINT('',(-0.00477131532723439,0.0125375536941209,-0.00878907866264107));
#1933=CARTESIAN_POINT('',(-0.0048558228921557,0.0122439069573031,-0.00874224989608674));
#1934=CARTESIAN_POINT('',(-0.0049900969972753,0.0116302046670885,-0.00866630723915302));
#1935=CARTESIAN_POINT('',(-0.00503891331745216,0.0113139307018039,-0.00863774449267664));
#1936=CARTESIAN_POINT('',(-0.0051005262538918,0.0106668779392915,-0.00860150622129188));
#1937=CARTESIAN_POINT('',(-0.00511281917280551,0.0103401309766575,-0.00859413343234727));
#1938=CARTESIAN_POINT('',(-0.00510073984361219,0.00968459361664688,-0.00860130817925877));
#1939=CARTESIAN_POINT('',(-0.00507631933827647,0.00935993035918728,-0.00861588266797005));
#1940=CARTESIAN_POINT('',(-0.0049907417840129,0.00872110033480318,-0.00866573416495648));
#1941=CARTESIAN_POINT('',(-0.00492999485245332,0.00841099740942507,-0.0087007626541988));
#1942=CARTESIAN_POINT('',(-0.0047723999624276,0.00781342460024316,-0.00878819199884355));
#1943=CARTESIAN_POINT('',(-0.00467641709338432,0.00752979908846251,-0.00884009689716158));
#1944=CARTESIAN_POINT('',(-0.00444997698978034,0.00699644788241554,-0.00895622100960714));
#1945=CARTESIAN_POINT('',(-0.00432082709585417,0.0067501993535936,-0.00901974981458497));
#1946=CARTESIAN_POINT('',(-0.00403101102866824,0.00630156613841949,-0.00915294398522837));
#1947=CARTESIAN_POINT('',(-0.00387206769520243,0.00610215778542397,-0.00922179673994351));
#1948=CARTESIAN_POINT('',(-0.00352722596515553,0.00575548328398341,-0.00935911963486928));
#1949=CARTESIAN_POINT('',(-0.00334342023611598,0.00561057825799141,-0.00942673798077448));
#1950=CARTESIAN_POINT('',(-0.00295510372776103,0.00537918497695758,-0.00955558526682793));
#1951=CARTESIAN_POINT('',(-0.00275298763788035,0.00529435189685418,-0.00961600638327446));
#1952=CARTESIAN_POINT('',(-0.00233581610879539,0.00518713215025047,-0.00972576386734683));
#1953=CARTESIAN_POINT('',(-0.0021233674862315,0.00516563110372639,-0.00977440833046567));
#1954=CARTESIAN_POINT('',(-0.00169437861173865,0.00518670528629056,-0.00985783083707285));
#1955=CARTESIAN_POINT('',(-0.00148054936666777,0.00522936254650677,-0.00989208362477447));
#1956=CARTESIAN_POINT('',(-0.00105810754786448,0.00537792078921415,-0.00994614263339431));
#1957=CARTESIAN_POINT('',(-0.000852191769407213,0.00548309706158288,-0.00996561318822361));
#1958=CARTESIAN_POINT('',(-0.000454661284398549,0.00575343035448622,-0.00999164451657538));
#1959=CARTESIAN_POINT('',(-0.000265710216176545,0.00591697597815505,-0.00999805185275366));
#1960=CARTESIAN_POINT('',(9.00443520914203E-5,0.00629891115578275,-0.0100011766699718));
#1961=CARTESIAN_POINT('',(0.000253895609736981,0.00651422064228063,-0.00999789828085332));
#1962=CARTESIAN_POINT('',(0.000403550152459027,0.00675386312230031,-0.0099918540458941));
#1963=CARTESIAN_POINT('',(-0.00431353202128709,0.0135932744111136,-0.00902183138289177));
#1964=CARTESIAN_POINT('',(-0.00503245402483493,0.0135932744111136,-0.0105254699467071));
#1965=CARTESIAN_POINT('',(-0.00575137602838278,0.0135932744111136,-0.0120291085105224));
#1966=CARTESIAN_POINT('',(-0.00647029803193063,0.0135932744111136,-0.0135327470743377));
#1967=CARTESIAN_POINT('',(0.0149978861500831,0.0455932744111136,-0.000251815466451545));
#1968=CARTESIAN_POINT('',(0.0149769012356389,0.0442599225092633,-0.0015016567178233));
#1969=CARTESIAN_POINT('',(0.0147988816757662,0.042926607744447,-0.00274874537683491));
#1970=CARTESIAN_POINT('',(0.0141397944178657,0.0402599410777803,-0.00516030171797091));
#1971=CARTESIAN_POINT('',(0.0136587697938644,0.038926607744447,-0.00632459545885883));
#1972=CARTESIAN_POINT('',(0.012423543375931,0.0362599410777803,-0.00849812155634178));
#1973=CARTESIAN_POINT('',(0.0116694217613565,0.034926607744447,-0.00950721282793119));
#1974=CARTESIAN_POINT('',(0.00993485657933538,0.0322599410777803,-0.0113075693563222));
#1975=CARTESIAN_POINT('',(0.00895452560365325,0.030926607744447,-0.0120987177507998));
#1976=CARTESIAN_POINT('',(0.00682846851933255,0.0282599410777803,-0.0134139672610486));
#1977=CARTESIAN_POINT('',(0.0056828804144548,0.026926607744447,-0.0139379830031108));
#1978=CARTESIAN_POINT('',(0.00329751935994742,0.0242599410777803,-0.0146863496509777));
#1979=CARTESIAN_POINT('',(0.00205790124566953,0.022926607744447,-0.014910651979812));
#1980=CARTESIAN_POINT('',(-0.00043845358196377,0.0202599410777803,-0.0150456059517875));
#1981=CARTESIAN_POINT('',(-0.00169502825528878,0.018926607744447,-0.0149562488349777));
#1982=CARTESIAN_POINT('',(-0.00414716560376387,0.0162599410777803,-0.0144693993467233));
#1983=CARTESIAN_POINT('',(-0.00534255340387892,0.0149266263129639,-0.0140719460859885));
#1984=CARTESIAN_POINT('',(-0.00647029803193063,0.0135932744111136,-0.0135327470743377));
#1985=CARTESIAN_POINT('',(0.00999859076672209,0.0455932744111136,-0.000167876977634362));
#1986=CARTESIAN_POINT('',(0.00998460090159261,0.0442599299273975,-0.0010010998428684));
#1987=CARTESIAN_POINT('',(0.00986592111717747,0.042926607744447,-0.00183249691788994));
#1988=CARTESIAN_POINT('',(0.00942652961191048,0.0402599410777803,-0.00344020114531394));
#1989=CARTESIAN_POINT('',(0.00910584652924292,0.038926607744447,-0.00421639697257255));
#1990=CARTESIAN_POINT('',(0.00828236225062067,0.0362599410777803,-0.00566541437089452));
#1991=CARTESIAN_POINT('',(0.007779614507571,0.034926607744447,-0.00633814188528746));
#1992=CARTESIAN_POINT('',(0.00662323771955692,0.0322599410777803,-0.00753837957088145));
#1993=CARTESIAN_POINT('',(0.00596968373576884,0.030926607744447,-0.00806581183386653));
#1994=CARTESIAN_POINT('',(0.0045523123462217,0.0282599410777803,-0.00894264484069908));
#1995=CARTESIAN_POINT('',(0.00378858694296986,0.026926607744447,-0.00929198866874054));
#1996=CARTESIAN_POINT('',(0.00219834623996494,0.0242599410777803,-0.00979089976731845));
#1997=CARTESIAN_POINT('',(0.00137193416377968,0.022926607744447,-0.009940434653208));
#1998=CARTESIAN_POINT('',(-0.000292302387975847,0.0202599410777803,-0.0100304039678583));
#1999=CARTESIAN_POINT('',(-0.00113001883685918,0.018926607744447,-0.00997083255665182));
#2000=CARTESIAN_POINT('',(-0.00276477706917591,0.0162599410777803,-0.00964626623114889));
#2001=CARTESIAN_POINT('',(-0.00356170645207482,0.0149266188948298,-0.00938129539076154));
#2002=CARTESIAN_POINT('',(-0.00431353202128709,0.0135932744111136,-0.00902183138289177));
#2003=CARTESIAN_POINT('',(0.00999859076672209,0.0455932744111136,-0.000167876977634362));
#2004=CARTESIAN_POINT('',(0.0116650225611758,0.0455932744111136,-0.000195856473906757));
#2005=CARTESIAN_POINT('',(0.0133314543556295,0.0455932744111136,-0.000223835970179151));
#2006=CARTESIAN_POINT('',(0.0149978861500831,0.0455932744111136,-0.000251815466451545));
#2007=CARTESIAN_POINT('',(0.013376446580723,0.0387538631223003,0.00678753835149858));
#2008=CARTESIAN_POINT('',(0.0132750219555719,0.0389929474439468,0.00698741951754812));
#2009=CARTESIAN_POINT('',(0.0131802750715106,0.0392528162562164,0.00716312744838466));
#2010=CARTESIAN_POINT('',(0.0130112259638642,0.0398095838392901,0.0074657916338291));
#2011=CARTESIAN_POINT('',(0.0129380138996257,0.0401032305761162,0.00759086174592302));
#2012=CARTESIAN_POINT('',(0.0128193832454266,0.0407169328663202,0.00778953136712997));
#2013=CARTESIAN_POINT('',(0.0127748247441338,0.0410332068316122,0.00786172543244691));
#2014=CARTESIAN_POINT('',(0.0127183036292269,0.0416802595941203,0.00795283765792487));
#2015=CARTESIAN_POINT('',(0.0127068128055748,0.042007006556756,0.00797101118769582));
#2016=CARTESIAN_POINT('',(0.0127179990955776,0.0426625439167676,0.00795315095010644));
#2017=CARTESIAN_POINT('',(0.0127407183337969,0.0429872071742279,0.00791704577015453));
#2018=CARTESIAN_POINT('',(0.0128185010714812,0.0436260371986096,0.00779047801282458));
#2019=CARTESIAN_POINT('',(0.0128731773930436,0.0439361401239914,0.00770062165214883));
#2020=CARTESIAN_POINT('',(0.013009857981911,0.0445337129331684,0.00746738677937735));
#2021=CARTESIAN_POINT('',(0.013091087928237,0.0448173384449498,0.00732528800224251));
#2022=CARTESIAN_POINT('',(0.0132732332762722,0.0453506896510001,0.00698982874284423));
#2023=CARTESIAN_POINT('',(0.0133730671206555,0.0455969381798163,0.00679840431159291));
#2024=CARTESIAN_POINT('',(0.0135830516009855,0.0460455713949985,0.00636851117628031));
#2025=CARTESIAN_POINT('',(0.0136919227345638,0.0462449797479879,0.00613259727734743));
#2026=CARTESIAN_POINT('',(0.0139100444502687,0.0465916542494326,0.00562033459208121));
#2027=CARTESIAN_POINT('',(0.0140179436931297,0.0467365592754239,0.00534709381267036));
#2028=CARTESIAN_POINT('',(0.0142248929258212,0.046967952556455,0.00476933736216837));
#2029=CARTESIAN_POINT('',(0.0143226468335855,0.0470527856365605,0.00446838415982174));
#2030=CARTESIAN_POINT('',(0.0145019897208226,0.0471600053831628,0.00384668213614246));
#2031=CARTESIAN_POINT('',(0.014582448947257,0.0471815064296864,0.00352981798514147));
#2032=CARTESIAN_POINT('',(0.0147227182437587,0.0471604322471246,0.00288946358732575));
#2033=CARTESIAN_POINT('',(0.0147816447799111,0.0471177749869072,0.00257002014593988));
#2034=CARTESIAN_POINT('',(0.0148776495479411,0.0469692167441998,0.0019384452219912));
#2035=CARTESIAN_POINT('',(0.0149141290539673,0.0468640404718311,0.00163034593788478));
#2036=CARTESIAN_POINT('',(0.0149672230479887,0.0465937071789277,0.00103513648729234));
#2037=CARTESIAN_POINT('',(0.0149835132498045,0.0464301615552589,0.000752015241819897));
#2038=CARTESIAN_POINT('',(0.0150007797069344,0.0460482263776312,0.000218642207778951));
#2039=CARTESIAN_POINT('',(0.0150016577241866,0.0458329149165444,-2.71841528641593E-5));
#2040=CARTESIAN_POINT('',(0.0149978861500831,0.0455932744111136,-0.000251815466451552));
#2041=CARTESIAN_POINT('',(0.00891763105381533,0.0387538631223003,0.00452502556766572));
#2042=CARTESIAN_POINT('',(0.00885002125310889,0.0389929240502723,0.00465826663985553));
#2043=CARTESIAN_POINT('',(0.00878685004767376,0.0392528162562164,0.00477541829892311));
#2044=CARTESIAN_POINT('',(0.00867415064257614,0.0398095838392901,0.00497719442255274));
#2045=CARTESIAN_POINT('',(0.0086253425997505,0.0401032305761162,0.00506057449728201));
#2046=CARTESIAN_POINT('',(0.00854625549695108,0.0407169328663202,0.00519302091141998));
#2047=CARTESIAN_POINT('',(0.00851654982942252,0.0410332068316122,0.00524115028829794));
#2048=CARTESIAN_POINT('',(0.0084788690861513,0.0416802595941203,0.00530189177194992));
#2049=CARTESIAN_POINT('',(0.00847120853704989,0.042007006556756,0.00531400745846388));
#2050=CARTESIAN_POINT('',(0.00847866606371843,0.0426625439167676,0.0053021006334043));
#2051=CARTESIAN_POINT('',(0.00849381222253124,0.0429872071742279,0.00527803051343635));
#2052=CARTESIAN_POINT('',(0.0085456673809875,0.0436260371986096,0.00519365200854972));
#2053=CARTESIAN_POINT('',(0.00858211826202907,0.0439361401239914,0.00513374776809922));
#2054=CARTESIAN_POINT('',(0.00867323865460732,0.0445337129331684,0.00497825785291823));
#2055=CARTESIAN_POINT('',(0.00872739195215803,0.0448173384449498,0.00488352533482834));
#2056=CARTESIAN_POINT('',(0.00884882218418149,0.0453506896510001,0.00465988582856282));
#2057=CARTESIAN_POINT('',(0.00891537808043699,0.0455969381798163,0.00453226954106194));
#2058=CARTESIAN_POINT('',(0.00905536773399034,0.0460455713949985,0.00424567411752021));
#2059=CARTESIAN_POINT('',(0.00912794848970921,0.0462449797479879,0.00408839818489829));
#2060=CARTESIAN_POINT('',(0.00927336296684577,0.0465916542494326,0.00374688972805413));
#2061=CARTESIAN_POINT('',(0.00934529579541979,0.0467365592754239,0.00356472920844691));
#2062=CARTESIAN_POINT('',(0.00948326195054744,0.046967952556455,0.00317955824144558));
#2063=CARTESIAN_POINT('',(0.00954843122239033,0.0470527856365605,0.0029789227732145));
#2064=CARTESIAN_POINT('',(0.00966799314721508,0.0471600053831628,0.00256445475742831));
#2065=CARTESIAN_POINT('',(0.00972163263150468,0.0471815064296864,0.00235321199009431));
#2066=CARTESIAN_POINT('',(0.00981514549583911,0.0471604322471246,0.00192630905821717));
#2067=CARTESIAN_POINT('',(0.0098544298532741,0.0471177749869072,0.00171334676395992));
#2068=CARTESIAN_POINT('',(0.0099184330319607,0.0469692167441998,0.0012922968146608));
#2069=CARTESIAN_POINT('',(0.00994275270264486,0.0468640404718311,0.00108689729192319));
#2070=CARTESIAN_POINT('',(0.00997814869865915,0.0465937071789277,0.000690090991528228));
#2071=CARTESIAN_POINT('',(0.00998900883320299,0.0464301615552589,0.000501343494546597));
#2072=CARTESIAN_POINT('',(0.0100005198046229,0.0460482263776312,0.000145761471852635));
#2073=CARTESIAN_POINT('',(0.0100011051701757,0.0458329168911333,-1.81215346319172E-5));
#2074=CARTESIAN_POINT('',(0.00999859076672209,0.0455932744111136,-0.000167876977634366));
#2075=CARTESIAN_POINT('',(0.014386230148375,-0.0102860928431153,-0.0136359119787812));
#2076=MECHANICAL_DESIGN_GEOMETRIC_PRESENTATION_REPRESENTATION('',(#494,
#495),#2077);
#2077=(
GEOMETRIC_REPRESENTATION_CONTEXT(3)
GLOBAL_UNCERTAINTY_ASSIGNED_CONTEXT((#2080))
GLOBAL_UNIT_ASSIGNED_CONTEXT((#2085,#2084,#2083))
REPRESENTATION_CONTEXT('Assembly 1','TOP_LEVEL_ASSEMBLY_PART')
);
#2078=(
GEOMETRIC_REPRESENTATION_CONTEXT(3)
GLOBAL_UNCERTAINTY_ASSIGNED_CONTEXT((#2081))
GLOBAL_UNIT_ASSIGNED_CONTEXT((#2085,#2084,#2083))
REPRESENTATION_CONTEXT('Part 2','COMPONENT_PART')
);
#2079=(
GEOMETRIC_REPRESENTATION_CONTEXT(3)
GLOBAL_UNCERTAINTY_ASSIGNED_CONTEXT((#2082))
GLOBAL_UNIT_ASSIGNED_CONTEXT((#2085,#2084,#2083))
REPRESENTATION_CONTEXT('Part 1','COMPONENT_PART')
);
#2080=UNCERTAINTY_MEASURE_WITH_UNIT(LENGTH_MEASURE(1.E-8),#2085,
'DISTANCE_ACCURACY_VALUE','Maximum Tolerance applied to model');
#2081=UNCERTAINTY_MEASURE_WITH_UNIT(LENGTH_MEASURE(1.E-8),#2085,
'DISTANCE_ACCURACY_VALUE','Maximum Tolerance applied to model');
#2082=UNCERTAINTY_MEASURE_WITH_UNIT(LENGTH_MEASURE(2.E-5),#2085,
'DISTANCE_ACCURACY_VALUE','Maximum Tolerance applied to model');
#2083=(
NAMED_UNIT(*)
SI_UNIT($,.STERADIAN.)
SOLID_ANGLE_UNIT()
);
#2084=(
NAMED_UNIT(*)
PLANE_ANGLE_UNIT()
SI_UNIT($,.RADIAN.)
);
#2085=(
LENGTH_UNIT()
NAMED_UNIT(*)
SI_UNIT($,.METRE.)
);
#2086=PRODUCT_DEFINITION_SHAPE('','',#2091);
#2087=PRODUCT_DEFINITION_SHAPE('','',#2092);
#2088=PRODUCT_DEFINITION_SHAPE(' ','NAUO PRDDFN',#94);
#2089=PRODUCT_DEFINITION_SHAPE('','',#2093);
#2090=PRODUCT_DEFINITION_SHAPE(' ','NAUO PRDDFN',#95);
#2091=PRODUCT_DEFINITION('','',#2097,#2094);
#2092=PRODUCT_DEFINITION('','',#2098,#2095);
#2093=PRODUCT_DEFINITION('','',#2099,#2096);
#2094=PRODUCT_DEFINITION_CONTEXT('',#2113,'design');
#2095=PRODUCT_DEFINITION_CONTEXT('',#2113,'design');
#2096=PRODUCT_DEFINITION_CONTEXT('',#2113,'design');
#2097=PRODUCT_DEFINITION_FORMATION_WITH_SPECIFIED_SOURCE('','',#2103,
 .NOT_KNOWN.);
#2098=PRODUCT_DEFINITION_FORMATION_WITH_SPECIFIED_SOURCE('','',#2104,
 .NOT_KNOWN.);
#2099=PRODUCT_DEFINITION_FORMATION_WITH_SPECIFIED_SOURCE('','',#2105,
 .NOT_KNOWN.);
#2100=PRODUCT_RELATED_PRODUCT_CATEGORY('','',(#2103));
#2101=PRODUCT_RELATED_PRODUCT_CATEGORY('','',(#2104));
#2102=PRODUCT_RELATED_PRODUCT_CATEGORY('','',(#2105));
#2103=PRODUCT('Assembly 1','Assembly 1','Assembly 1',(#2109));
#2104=PRODUCT('Part 2','Part 2','Part 2',(#2110));
#2105=PRODUCT('Part 1','Part 1','Part 1',(#2111));
#2106=PRODUCT_CATEGORY('','');
#2107=PRODUCT_CATEGORY('','');
#2108=PRODUCT_CATEGORY('','');
#2109=PRODUCT_CONTEXT('',#2113,'mechanical');
#2110=PRODUCT_CONTEXT('',#2113,'mechanical');
#2111=PRODUCT_CONTEXT('',#2113,'mechanical');
#2112=APPLICATION_PROTOCOL_DEFINITION('international standard',
'ap242_managed_model_based_3d_engineering',2020,#2113);
#2113=APPLICATION_CONTEXT('managed model based 3d engineering');
ENDSEC;
END-ISO-10303-21;
