ISO-10303-21;
HEADER;
/* Generated by software containing ST-Developer
 * from STEP Tools, Inc. (www.steptools.com) 
 */
/* OPTION: using custom renumber hook */

FILE_DESCRIPTION(
/* description */ ('STEP AP242 Edition 2',
'CAx-IF Rec.Pracs.---Representation and Presentation of Product Manufa
cturing Information (PMI)---4.0---2014-10-13',
'CAx-IF Rec.Pracs.---3D Tessellated Geometry---0.4---2014-09-14','2;1',
'CAx-IF Rec.Pracs.---User Defined Attributes---1.5---2016-08-15'),
/* implementation_level */ '2;1');

FILE_NAME(
/* name */ 'Part Studio 1 Copy 1',
/* time_stamp */ '2026-07-27T23:40:16Z',
/* author */ (''),
/* organization */ (''),
/* preprocessor_version */ 'ST-DEVELOPER v20',
/* originating_system */ 'ONSHAPE BY PTC INC, 1.218',
/* authorisation */ '  ');

FILE_SCHEMA (('AP242_MANAGED_MODEL_BASED_3D_ENGINEERING_MIM_LF { 1 0 10303 442 3 1 4 }'));
ENDSEC;

DATA;
#10=CONICAL_SURFACE('',#2890,0.0024,0.785398163397448);
#11=PLANE('',#2887);
#12=PLANE('',#2888);
#13=CIRCLE('',#2885,0.0025);
#14=CIRCLE('',#2886,0.0025);
#15=CIRCLE('',#2889,0.0024);
#16=SHAPE_REPRESENTATION_RELATIONSHIP('','',#2819,#47);
#17=SHAPE_REPRESENTATION_RELATIONSHIP('','',#2820,#48);
#18=SHAPE_REPRESENTATION_RELATIONSHIP('','',#2821,#49);
#19=SHAPE_REPRESENTATION_RELATIONSHIP('','',#2822,#50);
#20=SHAPE_REPRESENTATION_RELATIONSHIP('','',#2823,#51);
#21=SHAPE_REPRESENTATION_RELATIONSHIP('','',#2824,#52);
#22=SHAPE_REPRESENTATION_RELATIONSHIP('','',#2825,#53);
#23=SHAPE_REPRESENTATION_RELATIONSHIP('','',#2826,#54);
#24=SHAPE_REPRESENTATION_RELATIONSHIP('','',#2827,#55);
#25=SHAPE_REPRESENTATION_RELATIONSHIP('','',#2828,#56);
#26=SHAPE_REPRESENTATION_RELATIONSHIP('','',#2829,#57);
#27=SHAPE_REPRESENTATION_RELATIONSHIP('','',#2830,#58);
#28=SHAPE_REPRESENTATION_RELATIONSHIP('','',#2831,#59);
#29=SHAPE_REPRESENTATION_RELATIONSHIP('','',#2832,#60);
#30=SHAPE_REPRESENTATION_RELATIONSHIP('','',#2833,#61);
#31=SHAPE_REPRESENTATION_RELATIONSHIP('','',#2834,#62);
#32=SHAPE_REPRESENTATION_RELATIONSHIP('','',#2835,#63);
#33=SHAPE_REPRESENTATION_RELATIONSHIP('','',#2836,#64);
#34=SHAPE_REPRESENTATION_RELATIONSHIP('','',#2837,#65);
#35=SHAPE_REPRESENTATION_RELATIONSHIP('','',#2838,#66);
#36=SHAPE_REPRESENTATION_RELATIONSHIP('','',#2839,#67);
#37=SHAPE_REPRESENTATION_RELATIONSHIP('','',#2840,#68);
#38=SHAPE_REPRESENTATION_RELATIONSHIP('','',#2841,#69);
#39=SHAPE_REPRESENTATION_RELATIONSHIP('','',#2842,#70);
#40=SHAPE_REPRESENTATION_RELATIONSHIP('','',#2843,#71);
#41=SHAPE_REPRESENTATION_RELATIONSHIP('','',#2844,#72);
#42=SHAPE_REPRESENTATION_RELATIONSHIP('','',#2845,#73);
#43=SHAPE_REPRESENTATION_RELATIONSHIP('','',#2846,#74);
#44=SHAPE_REPRESENTATION_RELATIONSHIP('','',#2847,#75);
#45=SHAPE_REPRESENTATION_RELATIONSHIP('','',#2848,#76);
#46=SHAPE_REPRESENTATION_RELATIONSHIP('','',#2849,#77);
#47=ADVANCED_BREP_SHAPE_REPRESENTATION('',(#2757),#6156);
#48=ADVANCED_BREP_SHAPE_REPRESENTATION('',(#2758),#6157);
#49=ADVANCED_BREP_SHAPE_REPRESENTATION('',(#2759),#6158);
#50=ADVANCED_BREP_SHAPE_REPRESENTATION('',(#2760),#6159);
#51=ADVANCED_BREP_SHAPE_REPRESENTATION('',(#2761),#6160);
#52=ADVANCED_BREP_SHAPE_REPRESENTATION('',(#2762),#6161);
#53=ADVANCED_BREP_SHAPE_REPRESENTATION('',(#2763),#6162);
#54=ADVANCED_BREP_SHAPE_REPRESENTATION('',(#2764),#6163);
#55=ADVANCED_BREP_SHAPE_REPRESENTATION('',(#2765),#6164);
#56=ADVANCED_BREP_SHAPE_REPRESENTATION('',(#2766),#6165);
#57=ADVANCED_BREP_SHAPE_REPRESENTATION('',(#2767),#6166);
#58=ADVANCED_BREP_SHAPE_REPRESENTATION('',(#2768),#6167);
#59=ADVANCED_BREP_SHAPE_REPRESENTATION('',(#2769),#6168);
#60=ADVANCED_BREP_SHAPE_REPRESENTATION('',(#2770),#6169);
#61=ADVANCED_BREP_SHAPE_REPRESENTATION('',(#2771),#6170);
#62=ADVANCED_BREP_SHAPE_REPRESENTATION('',(#2772),#6171);
#63=ADVANCED_BREP_SHAPE_REPRESENTATION('',(#2773),#6172);
#64=ADVANCED_BREP_SHAPE_REPRESENTATION('',(#2774),#6173);
#65=ADVANCED_BREP_SHAPE_REPRESENTATION('',(#2775),#6174);
#66=ADVANCED_BREP_SHAPE_REPRESENTATION('',(#2776),#6175);
#67=ADVANCED_BREP_SHAPE_REPRESENTATION('',(#2777),#6176);
#68=ADVANCED_BREP_SHAPE_REPRESENTATION('',(#2778),#6177);
#69=ADVANCED_BREP_SHAPE_REPRESENTATION('',(#2779),#6178);
#70=ADVANCED_BREP_SHAPE_REPRESENTATION('',(#2780),#6179);
#71=ADVANCED_BREP_SHAPE_REPRESENTATION('',(#2781),#6180);
#72=ADVANCED_BREP_SHAPE_REPRESENTATION('',(#2782),#6181);
#73=ADVANCED_BREP_SHAPE_REPRESENTATION('',(#2783),#6182);
#74=ADVANCED_BREP_SHAPE_REPRESENTATION('',(#2784),#6183);
#75=ADVANCED_BREP_SHAPE_REPRESENTATION('',(#2785),#6184);
#76=ADVANCED_BREP_SHAPE_REPRESENTATION('',(#2786),#6185);
#77=ADVANCED_BREP_SHAPE_REPRESENTATION('',(#2787),#6186);
#78=CYLINDRICAL_SURFACE('',#2851,0.0125);
#79=CYLINDRICAL_SURFACE('',#2852,0.0025);
#80=CYLINDRICAL_SURFACE('',#2854,0.0125);
#81=CYLINDRICAL_SURFACE('',#2855,0.0025);
#82=CYLINDRICAL_SURFACE('',#2857,0.0125);
#83=CYLINDRICAL_SURFACE('',#2858,0.0025);
#84=CYLINDRICAL_SURFACE('',#2860,0.0125);
#85=CYLINDRICAL_SURFACE('',#2861,0.0025);
#86=CYLINDRICAL_SURFACE('',#2863,0.0125);
#87=CYLINDRICAL_SURFACE('',#2864,0.0025);
#88=CYLINDRICAL_SURFACE('',#2866,0.0125);
#89=CYLINDRICAL_SURFACE('',#2867,0.0025);
#90=CYLINDRICAL_SURFACE('',#2869,0.0125);
#91=CYLINDRICAL_SURFACE('',#2870,0.0025);
#92=CYLINDRICAL_SURFACE('',#2872,0.0125);
#93=CYLINDRICAL_SURFACE('',#2873,0.0025);
#94=CYLINDRICAL_SURFACE('',#2875,0.0125);
#95=CYLINDRICAL_SURFACE('',#2876,0.0025);
#96=CYLINDRICAL_SURFACE('',#2878,0.0125);
#97=CYLINDRICAL_SURFACE('',#2879,0.0025);
#98=CYLINDRICAL_SURFACE('',#2881,0.0125);
#99=CYLINDRICAL_SURFACE('',#2882,0.0025);
#100=CYLINDRICAL_SURFACE('',#2884,0.0025);
#101=CYLINDRICAL_SURFACE('',#2892,0.0125);
#102=CYLINDRICAL_SURFACE('',#2893,0.0025);
#103=CYLINDRICAL_SURFACE('',#2895,0.0125);
#104=CYLINDRICAL_SURFACE('',#2896,0.0025);
#105=CYLINDRICAL_SURFACE('',#2898,0.0125);
#106=CYLINDRICAL_SURFACE('',#2899,0.0025);
#107=CYLINDRICAL_SURFACE('',#2901,0.0125);
#108=CYLINDRICAL_SURFACE('',#2902,0.0025);
#109=CYLINDRICAL_SURFACE('',#2904,0.0125);
#110=CYLINDRICAL_SURFACE('',#2905,0.0025);
#111=CYLINDRICAL_SURFACE('',#2907,0.0125);
#112=CYLINDRICAL_SURFACE('',#2908,0.0025);
#113=CYLINDRICAL_SURFACE('',#2910,0.0125);
#114=CYLINDRICAL_SURFACE('',#2911,0.0025);
#115=CYLINDRICAL_SURFACE('',#2913,0.0125);
#116=CYLINDRICAL_SURFACE('',#2914,0.0025);
#117=CYLINDRICAL_SURFACE('',#2916,0.0125);
#118=CYLINDRICAL_SURFACE('',#2917,0.0025);
#119=CYLINDRICAL_SURFACE('',#2919,0.0125);
#120=CYLINDRICAL_SURFACE('',#2920,0.0025);
#121=CYLINDRICAL_SURFACE('',#2922,0.0125);
#122=CYLINDRICAL_SURFACE('',#2923,0.0025);
#123=CYLINDRICAL_SURFACE('',#2925,0.0125);
#124=CYLINDRICAL_SURFACE('',#2926,0.0025);
#125=CYLINDRICAL_SURFACE('',#2928,0.0125);
#126=CYLINDRICAL_SURFACE('',#2929,0.0025);
#127=CYLINDRICAL_SURFACE('',#2931,0.0125);
#128=CYLINDRICAL_SURFACE('',#2932,0.0025);
#129=CYLINDRICAL_SURFACE('',#2934,0.0125);
#130=CYLINDRICAL_SURFACE('',#2935,0.0025);
#131=CYLINDRICAL_SURFACE('',#2937,0.0125);
#132=CYLINDRICAL_SURFACE('',#2938,0.0025);
#133=CYLINDRICAL_SURFACE('',#2940,0.0125);
#134=CYLINDRICAL_SURFACE('',#2941,0.0025);
#135=CYLINDRICAL_SURFACE('',#2943,0.0125);
#136=CYLINDRICAL_SURFACE('',#2944,0.0025);
#137=CYLINDRICAL_SURFACE('',#2946,0.0125);
#138=CYLINDRICAL_SURFACE('',#2947,0.0025);
#139=ORIENTED_EDGE('',*,*,#865,.F.);
#140=ORIENTED_EDGE('',*,*,#866,.T.);
#141=ORIENTED_EDGE('',*,*,#867,.T.);
#142=ORIENTED_EDGE('',*,*,#868,.F.);
#143=ORIENTED_EDGE('',*,*,#867,.F.);
#144=ORIENTED_EDGE('',*,*,#869,.F.);
#145=ORIENTED_EDGE('',*,*,#870,.T.);
#146=ORIENTED_EDGE('',*,*,#871,.T.);
#147=ORIENTED_EDGE('',*,*,#870,.F.);
#148=ORIENTED_EDGE('',*,*,#872,.F.);
#149=ORIENTED_EDGE('',*,*,#873,.T.);
#150=ORIENTED_EDGE('',*,*,#874,.T.);
#151=ORIENTED_EDGE('',*,*,#875,.T.);
#152=ORIENTED_EDGE('',*,*,#865,.T.);
#153=ORIENTED_EDGE('',*,*,#876,.F.);
#154=ORIENTED_EDGE('',*,*,#873,.F.);
#155=ORIENTED_EDGE('',*,*,#874,.F.);
#156=ORIENTED_EDGE('',*,*,#876,.T.);
#157=ORIENTED_EDGE('',*,*,#868,.T.);
#158=ORIENTED_EDGE('',*,*,#871,.F.);
#159=ORIENTED_EDGE('',*,*,#872,.T.);
#160=ORIENTED_EDGE('',*,*,#869,.T.);
#161=ORIENTED_EDGE('',*,*,#866,.F.);
#162=ORIENTED_EDGE('',*,*,#875,.F.);
#163=ORIENTED_EDGE('',*,*,#877,.F.);
#164=ORIENTED_EDGE('',*,*,#878,.T.);
#165=ORIENTED_EDGE('',*,*,#879,.T.);
#166=ORIENTED_EDGE('',*,*,#880,.F.);
#167=ORIENTED_EDGE('',*,*,#879,.F.);
#168=ORIENTED_EDGE('',*,*,#881,.F.);
#169=ORIENTED_EDGE('',*,*,#882,.T.);
#170=ORIENTED_EDGE('',*,*,#883,.T.);
#171=ORIENTED_EDGE('',*,*,#882,.F.);
#172=ORIENTED_EDGE('',*,*,#884,.F.);
#173=ORIENTED_EDGE('',*,*,#885,.T.);
#174=ORIENTED_EDGE('',*,*,#886,.T.);
#175=ORIENTED_EDGE('',*,*,#887,.T.);
#176=ORIENTED_EDGE('',*,*,#877,.T.);
#177=ORIENTED_EDGE('',*,*,#888,.F.);
#178=ORIENTED_EDGE('',*,*,#885,.F.);
#179=ORIENTED_EDGE('',*,*,#886,.F.);
#180=ORIENTED_EDGE('',*,*,#888,.T.);
#181=ORIENTED_EDGE('',*,*,#880,.T.);
#182=ORIENTED_EDGE('',*,*,#883,.F.);
#183=ORIENTED_EDGE('',*,*,#884,.T.);
#184=ORIENTED_EDGE('',*,*,#881,.T.);
#185=ORIENTED_EDGE('',*,*,#878,.F.);
#186=ORIENTED_EDGE('',*,*,#887,.F.);
#187=ORIENTED_EDGE('',*,*,#889,.F.);
#188=ORIENTED_EDGE('',*,*,#890,.T.);
#189=ORIENTED_EDGE('',*,*,#891,.T.);
#190=ORIENTED_EDGE('',*,*,#892,.F.);
#191=ORIENTED_EDGE('',*,*,#891,.F.);
#192=ORIENTED_EDGE('',*,*,#893,.F.);
#193=ORIENTED_EDGE('',*,*,#894,.T.);
#194=ORIENTED_EDGE('',*,*,#895,.T.);
#195=ORIENTED_EDGE('',*,*,#894,.F.);
#196=ORIENTED_EDGE('',*,*,#896,.F.);
#197=ORIENTED_EDGE('',*,*,#897,.T.);
#198=ORIENTED_EDGE('',*,*,#898,.T.);
#199=ORIENTED_EDGE('',*,*,#899,.T.);
#200=ORIENTED_EDGE('',*,*,#889,.T.);
#201=ORIENTED_EDGE('',*,*,#900,.F.);
#202=ORIENTED_EDGE('',*,*,#897,.F.);
#203=ORIENTED_EDGE('',*,*,#898,.F.);
#204=ORIENTED_EDGE('',*,*,#900,.T.);
#205=ORIENTED_EDGE('',*,*,#892,.T.);
#206=ORIENTED_EDGE('',*,*,#895,.F.);
#207=ORIENTED_EDGE('',*,*,#896,.T.);
#208=ORIENTED_EDGE('',*,*,#893,.T.);
#209=ORIENTED_EDGE('',*,*,#890,.F.);
#210=ORIENTED_EDGE('',*,*,#899,.F.);
#211=ORIENTED_EDGE('',*,*,#901,.F.);
#212=ORIENTED_EDGE('',*,*,#902,.T.);
#213=ORIENTED_EDGE('',*,*,#903,.T.);
#214=ORIENTED_EDGE('',*,*,#904,.F.);
#215=ORIENTED_EDGE('',*,*,#903,.F.);
#216=ORIENTED_EDGE('',*,*,#905,.F.);
#217=ORIENTED_EDGE('',*,*,#906,.T.);
#218=ORIENTED_EDGE('',*,*,#907,.T.);
#219=ORIENTED_EDGE('',*,*,#906,.F.);
#220=ORIENTED_EDGE('',*,*,#908,.F.);
#221=ORIENTED_EDGE('',*,*,#909,.T.);
#222=ORIENTED_EDGE('',*,*,#910,.T.);
#223=ORIENTED_EDGE('',*,*,#911,.T.);
#224=ORIENTED_EDGE('',*,*,#901,.T.);
#225=ORIENTED_EDGE('',*,*,#912,.F.);
#226=ORIENTED_EDGE('',*,*,#909,.F.);
#227=ORIENTED_EDGE('',*,*,#910,.F.);
#228=ORIENTED_EDGE('',*,*,#912,.T.);
#229=ORIENTED_EDGE('',*,*,#904,.T.);
#230=ORIENTED_EDGE('',*,*,#907,.F.);
#231=ORIENTED_EDGE('',*,*,#908,.T.);
#232=ORIENTED_EDGE('',*,*,#905,.T.);
#233=ORIENTED_EDGE('',*,*,#902,.F.);
#234=ORIENTED_EDGE('',*,*,#911,.F.);
#235=ORIENTED_EDGE('',*,*,#913,.F.);
#236=ORIENTED_EDGE('',*,*,#914,.T.);
#237=ORIENTED_EDGE('',*,*,#915,.T.);
#238=ORIENTED_EDGE('',*,*,#916,.F.);
#239=ORIENTED_EDGE('',*,*,#915,.F.);
#240=ORIENTED_EDGE('',*,*,#917,.F.);
#241=ORIENTED_EDGE('',*,*,#918,.T.);
#242=ORIENTED_EDGE('',*,*,#919,.T.);
#243=ORIENTED_EDGE('',*,*,#918,.F.);
#244=ORIENTED_EDGE('',*,*,#920,.F.);
#245=ORIENTED_EDGE('',*,*,#921,.T.);
#246=ORIENTED_EDGE('',*,*,#922,.T.);
#247=ORIENTED_EDGE('',*,*,#923,.T.);
#248=ORIENTED_EDGE('',*,*,#913,.T.);
#249=ORIENTED_EDGE('',*,*,#924,.F.);
#250=ORIENTED_EDGE('',*,*,#921,.F.);
#251=ORIENTED_EDGE('',*,*,#922,.F.);
#252=ORIENTED_EDGE('',*,*,#924,.T.);
#253=ORIENTED_EDGE('',*,*,#916,.T.);
#254=ORIENTED_EDGE('',*,*,#919,.F.);
#255=ORIENTED_EDGE('',*,*,#920,.T.);
#256=ORIENTED_EDGE('',*,*,#917,.T.);
#257=ORIENTED_EDGE('',*,*,#914,.F.);
#258=ORIENTED_EDGE('',*,*,#923,.F.);
#259=ORIENTED_EDGE('',*,*,#925,.F.);
#260=ORIENTED_EDGE('',*,*,#926,.T.);
#261=ORIENTED_EDGE('',*,*,#927,.T.);
#262=ORIENTED_EDGE('',*,*,#928,.F.);
#263=ORIENTED_EDGE('',*,*,#927,.F.);
#264=ORIENTED_EDGE('',*,*,#929,.F.);
#265=ORIENTED_EDGE('',*,*,#930,.T.);
#266=ORIENTED_EDGE('',*,*,#931,.T.);
#267=ORIENTED_EDGE('',*,*,#930,.F.);
#268=ORIENTED_EDGE('',*,*,#932,.F.);
#269=ORIENTED_EDGE('',*,*,#933,.T.);
#270=ORIENTED_EDGE('',*,*,#934,.T.);
#271=ORIENTED_EDGE('',*,*,#935,.T.);
#272=ORIENTED_EDGE('',*,*,#925,.T.);
#273=ORIENTED_EDGE('',*,*,#936,.F.);
#274=ORIENTED_EDGE('',*,*,#933,.F.);
#275=ORIENTED_EDGE('',*,*,#934,.F.);
#276=ORIENTED_EDGE('',*,*,#936,.T.);
#277=ORIENTED_EDGE('',*,*,#928,.T.);
#278=ORIENTED_EDGE('',*,*,#931,.F.);
#279=ORIENTED_EDGE('',*,*,#932,.T.);
#280=ORIENTED_EDGE('',*,*,#929,.T.);
#281=ORIENTED_EDGE('',*,*,#926,.F.);
#282=ORIENTED_EDGE('',*,*,#935,.F.);
#283=ORIENTED_EDGE('',*,*,#937,.F.);
#284=ORIENTED_EDGE('',*,*,#938,.T.);
#285=ORIENTED_EDGE('',*,*,#939,.T.);
#286=ORIENTED_EDGE('',*,*,#940,.F.);
#287=ORIENTED_EDGE('',*,*,#939,.F.);
#288=ORIENTED_EDGE('',*,*,#941,.F.);
#289=ORIENTED_EDGE('',*,*,#942,.T.);
#290=ORIENTED_EDGE('',*,*,#943,.T.);
#291=ORIENTED_EDGE('',*,*,#942,.F.);
#292=ORIENTED_EDGE('',*,*,#944,.F.);
#293=ORIENTED_EDGE('',*,*,#945,.T.);
#294=ORIENTED_EDGE('',*,*,#946,.T.);
#295=ORIENTED_EDGE('',*,*,#947,.T.);
#296=ORIENTED_EDGE('',*,*,#937,.T.);
#297=ORIENTED_EDGE('',*,*,#948,.F.);
#298=ORIENTED_EDGE('',*,*,#945,.F.);
#299=ORIENTED_EDGE('',*,*,#946,.F.);
#300=ORIENTED_EDGE('',*,*,#948,.T.);
#301=ORIENTED_EDGE('',*,*,#940,.T.);
#302=ORIENTED_EDGE('',*,*,#943,.F.);
#303=ORIENTED_EDGE('',*,*,#944,.T.);
#304=ORIENTED_EDGE('',*,*,#941,.T.);
#305=ORIENTED_EDGE('',*,*,#938,.F.);
#306=ORIENTED_EDGE('',*,*,#947,.F.);
#307=ORIENTED_EDGE('',*,*,#949,.F.);
#308=ORIENTED_EDGE('',*,*,#950,.T.);
#309=ORIENTED_EDGE('',*,*,#951,.T.);
#310=ORIENTED_EDGE('',*,*,#952,.F.);
#311=ORIENTED_EDGE('',*,*,#951,.F.);
#312=ORIENTED_EDGE('',*,*,#953,.F.);
#313=ORIENTED_EDGE('',*,*,#954,.T.);
#314=ORIENTED_EDGE('',*,*,#955,.T.);
#315=ORIENTED_EDGE('',*,*,#954,.F.);
#316=ORIENTED_EDGE('',*,*,#956,.F.);
#317=ORIENTED_EDGE('',*,*,#957,.T.);
#318=ORIENTED_EDGE('',*,*,#958,.T.);
#319=ORIENTED_EDGE('',*,*,#959,.T.);
#320=ORIENTED_EDGE('',*,*,#949,.T.);
#321=ORIENTED_EDGE('',*,*,#960,.F.);
#322=ORIENTED_EDGE('',*,*,#957,.F.);
#323=ORIENTED_EDGE('',*,*,#958,.F.);
#324=ORIENTED_EDGE('',*,*,#960,.T.);
#325=ORIENTED_EDGE('',*,*,#952,.T.);
#326=ORIENTED_EDGE('',*,*,#955,.F.);
#327=ORIENTED_EDGE('',*,*,#956,.T.);
#328=ORIENTED_EDGE('',*,*,#953,.T.);
#329=ORIENTED_EDGE('',*,*,#950,.F.);
#330=ORIENTED_EDGE('',*,*,#959,.F.);
#331=ORIENTED_EDGE('',*,*,#961,.F.);
#332=ORIENTED_EDGE('',*,*,#962,.T.);
#333=ORIENTED_EDGE('',*,*,#963,.T.);
#334=ORIENTED_EDGE('',*,*,#964,.F.);
#335=ORIENTED_EDGE('',*,*,#963,.F.);
#336=ORIENTED_EDGE('',*,*,#965,.F.);
#337=ORIENTED_EDGE('',*,*,#966,.T.);
#338=ORIENTED_EDGE('',*,*,#967,.T.);
#339=ORIENTED_EDGE('',*,*,#966,.F.);
#340=ORIENTED_EDGE('',*,*,#968,.F.);
#341=ORIENTED_EDGE('',*,*,#969,.T.);
#342=ORIENTED_EDGE('',*,*,#970,.T.);
#343=ORIENTED_EDGE('',*,*,#971,.T.);
#344=ORIENTED_EDGE('',*,*,#961,.T.);
#345=ORIENTED_EDGE('',*,*,#972,.F.);
#346=ORIENTED_EDGE('',*,*,#969,.F.);
#347=ORIENTED_EDGE('',*,*,#970,.F.);
#348=ORIENTED_EDGE('',*,*,#972,.T.);
#349=ORIENTED_EDGE('',*,*,#964,.T.);
#350=ORIENTED_EDGE('',*,*,#967,.F.);
#351=ORIENTED_EDGE('',*,*,#968,.T.);
#352=ORIENTED_EDGE('',*,*,#965,.T.);
#353=ORIENTED_EDGE('',*,*,#962,.F.);
#354=ORIENTED_EDGE('',*,*,#971,.F.);
#355=ORIENTED_EDGE('',*,*,#973,.F.);
#356=ORIENTED_EDGE('',*,*,#974,.T.);
#357=ORIENTED_EDGE('',*,*,#975,.T.);
#358=ORIENTED_EDGE('',*,*,#976,.F.);
#359=ORIENTED_EDGE('',*,*,#975,.F.);
#360=ORIENTED_EDGE('',*,*,#977,.F.);
#361=ORIENTED_EDGE('',*,*,#978,.T.);
#362=ORIENTED_EDGE('',*,*,#979,.T.);
#363=ORIENTED_EDGE('',*,*,#978,.F.);
#364=ORIENTED_EDGE('',*,*,#980,.F.);
#365=ORIENTED_EDGE('',*,*,#981,.T.);
#366=ORIENTED_EDGE('',*,*,#982,.T.);
#367=ORIENTED_EDGE('',*,*,#983,.T.);
#368=ORIENTED_EDGE('',*,*,#973,.T.);
#369=ORIENTED_EDGE('',*,*,#984,.F.);
#370=ORIENTED_EDGE('',*,*,#981,.F.);
#371=ORIENTED_EDGE('',*,*,#982,.F.);
#372=ORIENTED_EDGE('',*,*,#984,.T.);
#373=ORIENTED_EDGE('',*,*,#976,.T.);
#374=ORIENTED_EDGE('',*,*,#979,.F.);
#375=ORIENTED_EDGE('',*,*,#980,.T.);
#376=ORIENTED_EDGE('',*,*,#977,.T.);
#377=ORIENTED_EDGE('',*,*,#974,.F.);
#378=ORIENTED_EDGE('',*,*,#983,.F.);
#379=ORIENTED_EDGE('',*,*,#985,.F.);
#380=ORIENTED_EDGE('',*,*,#986,.T.);
#381=ORIENTED_EDGE('',*,*,#987,.T.);
#382=ORIENTED_EDGE('',*,*,#988,.F.);
#383=ORIENTED_EDGE('',*,*,#987,.F.);
#384=ORIENTED_EDGE('',*,*,#989,.F.);
#385=ORIENTED_EDGE('',*,*,#990,.T.);
#386=ORIENTED_EDGE('',*,*,#991,.T.);
#387=ORIENTED_EDGE('',*,*,#990,.F.);
#388=ORIENTED_EDGE('',*,*,#992,.F.);
#389=ORIENTED_EDGE('',*,*,#993,.T.);
#390=ORIENTED_EDGE('',*,*,#994,.T.);
#391=ORIENTED_EDGE('',*,*,#995,.T.);
#392=ORIENTED_EDGE('',*,*,#985,.T.);
#393=ORIENTED_EDGE('',*,*,#996,.F.);
#394=ORIENTED_EDGE('',*,*,#993,.F.);
#395=ORIENTED_EDGE('',*,*,#994,.F.);
#396=ORIENTED_EDGE('',*,*,#996,.T.);
#397=ORIENTED_EDGE('',*,*,#988,.T.);
#398=ORIENTED_EDGE('',*,*,#991,.F.);
#399=ORIENTED_EDGE('',*,*,#992,.T.);
#400=ORIENTED_EDGE('',*,*,#989,.T.);
#401=ORIENTED_EDGE('',*,*,#986,.F.);
#402=ORIENTED_EDGE('',*,*,#995,.F.);
#403=ORIENTED_EDGE('',*,*,#997,.T.);
#404=ORIENTED_EDGE('',*,*,#998,.T.);
#405=ORIENTED_EDGE('',*,*,#998,.F.);
#406=ORIENTED_EDGE('',*,*,#999,.T.);
#407=ORIENTED_EDGE('',*,*,#997,.F.);
#408=ORIENTED_EDGE('',*,*,#999,.F.);
#409=ORIENTED_EDGE('',*,*,#1000,.F.);
#410=ORIENTED_EDGE('',*,*,#1001,.T.);
#411=ORIENTED_EDGE('',*,*,#1002,.T.);
#412=ORIENTED_EDGE('',*,*,#1003,.F.);
#413=ORIENTED_EDGE('',*,*,#1002,.F.);
#414=ORIENTED_EDGE('',*,*,#1004,.F.);
#415=ORIENTED_EDGE('',*,*,#1005,.T.);
#416=ORIENTED_EDGE('',*,*,#1006,.T.);
#417=ORIENTED_EDGE('',*,*,#1005,.F.);
#418=ORIENTED_EDGE('',*,*,#1007,.F.);
#419=ORIENTED_EDGE('',*,*,#1008,.T.);
#420=ORIENTED_EDGE('',*,*,#1009,.T.);
#421=ORIENTED_EDGE('',*,*,#1010,.T.);
#422=ORIENTED_EDGE('',*,*,#1000,.T.);
#423=ORIENTED_EDGE('',*,*,#1011,.F.);
#424=ORIENTED_EDGE('',*,*,#1008,.F.);
#425=ORIENTED_EDGE('',*,*,#1009,.F.);
#426=ORIENTED_EDGE('',*,*,#1011,.T.);
#427=ORIENTED_EDGE('',*,*,#1003,.T.);
#428=ORIENTED_EDGE('',*,*,#1006,.F.);
#429=ORIENTED_EDGE('',*,*,#1007,.T.);
#430=ORIENTED_EDGE('',*,*,#1004,.T.);
#431=ORIENTED_EDGE('',*,*,#1001,.F.);
#432=ORIENTED_EDGE('',*,*,#1010,.F.);
#433=ORIENTED_EDGE('',*,*,#1012,.F.);
#434=ORIENTED_EDGE('',*,*,#1013,.T.);
#435=ORIENTED_EDGE('',*,*,#1014,.T.);
#436=ORIENTED_EDGE('',*,*,#1015,.F.);
#437=ORIENTED_EDGE('',*,*,#1014,.F.);
#438=ORIENTED_EDGE('',*,*,#1016,.F.);
#439=ORIENTED_EDGE('',*,*,#1017,.T.);
#440=ORIENTED_EDGE('',*,*,#1018,.T.);
#441=ORIENTED_EDGE('',*,*,#1017,.F.);
#442=ORIENTED_EDGE('',*,*,#1019,.F.);
#443=ORIENTED_EDGE('',*,*,#1020,.T.);
#444=ORIENTED_EDGE('',*,*,#1021,.T.);
#445=ORIENTED_EDGE('',*,*,#1022,.T.);
#446=ORIENTED_EDGE('',*,*,#1012,.T.);
#447=ORIENTED_EDGE('',*,*,#1023,.F.);
#448=ORIENTED_EDGE('',*,*,#1020,.F.);
#449=ORIENTED_EDGE('',*,*,#1021,.F.);
#450=ORIENTED_EDGE('',*,*,#1023,.T.);
#451=ORIENTED_EDGE('',*,*,#1015,.T.);
#452=ORIENTED_EDGE('',*,*,#1018,.F.);
#453=ORIENTED_EDGE('',*,*,#1019,.T.);
#454=ORIENTED_EDGE('',*,*,#1016,.T.);
#455=ORIENTED_EDGE('',*,*,#1013,.F.);
#456=ORIENTED_EDGE('',*,*,#1022,.F.);
#457=ORIENTED_EDGE('',*,*,#1024,.F.);
#458=ORIENTED_EDGE('',*,*,#1025,.T.);
#459=ORIENTED_EDGE('',*,*,#1026,.T.);
#460=ORIENTED_EDGE('',*,*,#1027,.F.);
#461=ORIENTED_EDGE('',*,*,#1026,.F.);
#462=ORIENTED_EDGE('',*,*,#1028,.F.);
#463=ORIENTED_EDGE('',*,*,#1029,.T.);
#464=ORIENTED_EDGE('',*,*,#1030,.T.);
#465=ORIENTED_EDGE('',*,*,#1029,.F.);
#466=ORIENTED_EDGE('',*,*,#1031,.F.);
#467=ORIENTED_EDGE('',*,*,#1032,.T.);
#468=ORIENTED_EDGE('',*,*,#1033,.T.);
#469=ORIENTED_EDGE('',*,*,#1034,.T.);
#470=ORIENTED_EDGE('',*,*,#1024,.T.);
#471=ORIENTED_EDGE('',*,*,#1035,.F.);
#472=ORIENTED_EDGE('',*,*,#1032,.F.);
#473=ORIENTED_EDGE('',*,*,#1033,.F.);
#474=ORIENTED_EDGE('',*,*,#1035,.T.);
#475=ORIENTED_EDGE('',*,*,#1027,.T.);
#476=ORIENTED_EDGE('',*,*,#1030,.F.);
#477=ORIENTED_EDGE('',*,*,#1031,.T.);
#478=ORIENTED_EDGE('',*,*,#1028,.T.);
#479=ORIENTED_EDGE('',*,*,#1025,.F.);
#480=ORIENTED_EDGE('',*,*,#1034,.F.);
#481=ORIENTED_EDGE('',*,*,#1036,.F.);
#482=ORIENTED_EDGE('',*,*,#1037,.T.);
#483=ORIENTED_EDGE('',*,*,#1038,.T.);
#484=ORIENTED_EDGE('',*,*,#1039,.F.);
#485=ORIENTED_EDGE('',*,*,#1038,.F.);
#486=ORIENTED_EDGE('',*,*,#1040,.F.);
#487=ORIENTED_EDGE('',*,*,#1041,.T.);
#488=ORIENTED_EDGE('',*,*,#1042,.T.);
#489=ORIENTED_EDGE('',*,*,#1041,.F.);
#490=ORIENTED_EDGE('',*,*,#1043,.F.);
#491=ORIENTED_EDGE('',*,*,#1044,.T.);
#492=ORIENTED_EDGE('',*,*,#1045,.T.);
#493=ORIENTED_EDGE('',*,*,#1046,.T.);
#494=ORIENTED_EDGE('',*,*,#1036,.T.);
#495=ORIENTED_EDGE('',*,*,#1047,.F.);
#496=ORIENTED_EDGE('',*,*,#1044,.F.);
#497=ORIENTED_EDGE('',*,*,#1045,.F.);
#498=ORIENTED_EDGE('',*,*,#1047,.T.);
#499=ORIENTED_EDGE('',*,*,#1039,.T.);
#500=ORIENTED_EDGE('',*,*,#1042,.F.);
#501=ORIENTED_EDGE('',*,*,#1043,.T.);
#502=ORIENTED_EDGE('',*,*,#1040,.T.);
#503=ORIENTED_EDGE('',*,*,#1037,.F.);
#504=ORIENTED_EDGE('',*,*,#1046,.F.);
#505=ORIENTED_EDGE('',*,*,#1048,.F.);
#506=ORIENTED_EDGE('',*,*,#1049,.T.);
#507=ORIENTED_EDGE('',*,*,#1050,.T.);
#508=ORIENTED_EDGE('',*,*,#1051,.F.);
#509=ORIENTED_EDGE('',*,*,#1050,.F.);
#510=ORIENTED_EDGE('',*,*,#1052,.F.);
#511=ORIENTED_EDGE('',*,*,#1053,.T.);
#512=ORIENTED_EDGE('',*,*,#1054,.T.);
#513=ORIENTED_EDGE('',*,*,#1053,.F.);
#514=ORIENTED_EDGE('',*,*,#1055,.F.);
#515=ORIENTED_EDGE('',*,*,#1056,.T.);
#516=ORIENTED_EDGE('',*,*,#1057,.T.);
#517=ORIENTED_EDGE('',*,*,#1058,.T.);
#518=ORIENTED_EDGE('',*,*,#1048,.T.);
#519=ORIENTED_EDGE('',*,*,#1059,.F.);
#520=ORIENTED_EDGE('',*,*,#1056,.F.);
#521=ORIENTED_EDGE('',*,*,#1057,.F.);
#522=ORIENTED_EDGE('',*,*,#1059,.T.);
#523=ORIENTED_EDGE('',*,*,#1051,.T.);
#524=ORIENTED_EDGE('',*,*,#1054,.F.);
#525=ORIENTED_EDGE('',*,*,#1055,.T.);
#526=ORIENTED_EDGE('',*,*,#1052,.T.);
#527=ORIENTED_EDGE('',*,*,#1049,.F.);
#528=ORIENTED_EDGE('',*,*,#1058,.F.);
#529=ORIENTED_EDGE('',*,*,#1060,.F.);
#530=ORIENTED_EDGE('',*,*,#1061,.T.);
#531=ORIENTED_EDGE('',*,*,#1062,.T.);
#532=ORIENTED_EDGE('',*,*,#1063,.F.);
#533=ORIENTED_EDGE('',*,*,#1062,.F.);
#534=ORIENTED_EDGE('',*,*,#1064,.F.);
#535=ORIENTED_EDGE('',*,*,#1065,.T.);
#536=ORIENTED_EDGE('',*,*,#1066,.T.);
#537=ORIENTED_EDGE('',*,*,#1065,.F.);
#538=ORIENTED_EDGE('',*,*,#1067,.F.);
#539=ORIENTED_EDGE('',*,*,#1068,.T.);
#540=ORIENTED_EDGE('',*,*,#1069,.T.);
#541=ORIENTED_EDGE('',*,*,#1070,.T.);
#542=ORIENTED_EDGE('',*,*,#1060,.T.);
#543=ORIENTED_EDGE('',*,*,#1071,.F.);
#544=ORIENTED_EDGE('',*,*,#1068,.F.);
#545=ORIENTED_EDGE('',*,*,#1069,.F.);
#546=ORIENTED_EDGE('',*,*,#1071,.T.);
#547=ORIENTED_EDGE('',*,*,#1063,.T.);
#548=ORIENTED_EDGE('',*,*,#1066,.F.);
#549=ORIENTED_EDGE('',*,*,#1067,.T.);
#550=ORIENTED_EDGE('',*,*,#1064,.T.);
#551=ORIENTED_EDGE('',*,*,#1061,.F.);
#552=ORIENTED_EDGE('',*,*,#1070,.F.);
#553=ORIENTED_EDGE('',*,*,#1072,.F.);
#554=ORIENTED_EDGE('',*,*,#1073,.T.);
#555=ORIENTED_EDGE('',*,*,#1074,.T.);
#556=ORIENTED_EDGE('',*,*,#1075,.F.);
#557=ORIENTED_EDGE('',*,*,#1074,.F.);
#558=ORIENTED_EDGE('',*,*,#1076,.F.);
#559=ORIENTED_EDGE('',*,*,#1077,.T.);
#560=ORIENTED_EDGE('',*,*,#1078,.T.);
#561=ORIENTED_EDGE('',*,*,#1077,.F.);
#562=ORIENTED_EDGE('',*,*,#1079,.F.);
#563=ORIENTED_EDGE('',*,*,#1080,.T.);
#564=ORIENTED_EDGE('',*,*,#1081,.T.);
#565=ORIENTED_EDGE('',*,*,#1082,.T.);
#566=ORIENTED_EDGE('',*,*,#1072,.T.);
#567=ORIENTED_EDGE('',*,*,#1083,.F.);
#568=ORIENTED_EDGE('',*,*,#1080,.F.);
#569=ORIENTED_EDGE('',*,*,#1081,.F.);
#570=ORIENTED_EDGE('',*,*,#1083,.T.);
#571=ORIENTED_EDGE('',*,*,#1075,.T.);
#572=ORIENTED_EDGE('',*,*,#1078,.F.);
#573=ORIENTED_EDGE('',*,*,#1079,.T.);
#574=ORIENTED_EDGE('',*,*,#1076,.T.);
#575=ORIENTED_EDGE('',*,*,#1073,.F.);
#576=ORIENTED_EDGE('',*,*,#1082,.F.);
#577=ORIENTED_EDGE('',*,*,#1084,.F.);
#578=ORIENTED_EDGE('',*,*,#1085,.T.);
#579=ORIENTED_EDGE('',*,*,#1086,.T.);
#580=ORIENTED_EDGE('',*,*,#1087,.F.);
#581=ORIENTED_EDGE('',*,*,#1086,.F.);
#582=ORIENTED_EDGE('',*,*,#1088,.F.);
#583=ORIENTED_EDGE('',*,*,#1089,.T.);
#584=ORIENTED_EDGE('',*,*,#1090,.T.);
#585=ORIENTED_EDGE('',*,*,#1089,.F.);
#586=ORIENTED_EDGE('',*,*,#1091,.F.);
#587=ORIENTED_EDGE('',*,*,#1092,.T.);
#588=ORIENTED_EDGE('',*,*,#1093,.T.);
#589=ORIENTED_EDGE('',*,*,#1094,.T.);
#590=ORIENTED_EDGE('',*,*,#1084,.T.);
#591=ORIENTED_EDGE('',*,*,#1095,.F.);
#592=ORIENTED_EDGE('',*,*,#1092,.F.);
#593=ORIENTED_EDGE('',*,*,#1093,.F.);
#594=ORIENTED_EDGE('',*,*,#1095,.T.);
#595=ORIENTED_EDGE('',*,*,#1087,.T.);
#596=ORIENTED_EDGE('',*,*,#1090,.F.);
#597=ORIENTED_EDGE('',*,*,#1091,.T.);
#598=ORIENTED_EDGE('',*,*,#1088,.T.);
#599=ORIENTED_EDGE('',*,*,#1085,.F.);
#600=ORIENTED_EDGE('',*,*,#1094,.F.);
#601=ORIENTED_EDGE('',*,*,#1096,.F.);
#602=ORIENTED_EDGE('',*,*,#1097,.T.);
#603=ORIENTED_EDGE('',*,*,#1098,.T.);
#604=ORIENTED_EDGE('',*,*,#1099,.F.);
#605=ORIENTED_EDGE('',*,*,#1098,.F.);
#606=ORIENTED_EDGE('',*,*,#1100,.F.);
#607=ORIENTED_EDGE('',*,*,#1101,.T.);
#608=ORIENTED_EDGE('',*,*,#1102,.T.);
#609=ORIENTED_EDGE('',*,*,#1101,.F.);
#610=ORIENTED_EDGE('',*,*,#1103,.F.);
#611=ORIENTED_EDGE('',*,*,#1104,.T.);
#612=ORIENTED_EDGE('',*,*,#1105,.T.);
#613=ORIENTED_EDGE('',*,*,#1106,.T.);
#614=ORIENTED_EDGE('',*,*,#1096,.T.);
#615=ORIENTED_EDGE('',*,*,#1107,.F.);
#616=ORIENTED_EDGE('',*,*,#1104,.F.);
#617=ORIENTED_EDGE('',*,*,#1105,.F.);
#618=ORIENTED_EDGE('',*,*,#1107,.T.);
#619=ORIENTED_EDGE('',*,*,#1099,.T.);
#620=ORIENTED_EDGE('',*,*,#1102,.F.);
#621=ORIENTED_EDGE('',*,*,#1103,.T.);
#622=ORIENTED_EDGE('',*,*,#1100,.T.);
#623=ORIENTED_EDGE('',*,*,#1097,.F.);
#624=ORIENTED_EDGE('',*,*,#1106,.F.);
#625=ORIENTED_EDGE('',*,*,#1108,.F.);
#626=ORIENTED_EDGE('',*,*,#1109,.T.);
#627=ORIENTED_EDGE('',*,*,#1110,.T.);
#628=ORIENTED_EDGE('',*,*,#1111,.F.);
#629=ORIENTED_EDGE('',*,*,#1110,.F.);
#630=ORIENTED_EDGE('',*,*,#1112,.F.);
#631=ORIENTED_EDGE('',*,*,#1113,.T.);
#632=ORIENTED_EDGE('',*,*,#1114,.T.);
#633=ORIENTED_EDGE('',*,*,#1113,.F.);
#634=ORIENTED_EDGE('',*,*,#1115,.F.);
#635=ORIENTED_EDGE('',*,*,#1116,.T.);
#636=ORIENTED_EDGE('',*,*,#1117,.T.);
#637=ORIENTED_EDGE('',*,*,#1118,.T.);
#638=ORIENTED_EDGE('',*,*,#1108,.T.);
#639=ORIENTED_EDGE('',*,*,#1119,.F.);
#640=ORIENTED_EDGE('',*,*,#1116,.F.);
#641=ORIENTED_EDGE('',*,*,#1117,.F.);
#642=ORIENTED_EDGE('',*,*,#1119,.T.);
#643=ORIENTED_EDGE('',*,*,#1111,.T.);
#644=ORIENTED_EDGE('',*,*,#1114,.F.);
#645=ORIENTED_EDGE('',*,*,#1115,.T.);
#646=ORIENTED_EDGE('',*,*,#1112,.T.);
#647=ORIENTED_EDGE('',*,*,#1109,.F.);
#648=ORIENTED_EDGE('',*,*,#1118,.F.);
#649=ORIENTED_EDGE('',*,*,#1120,.F.);
#650=ORIENTED_EDGE('',*,*,#1121,.T.);
#651=ORIENTED_EDGE('',*,*,#1122,.T.);
#652=ORIENTED_EDGE('',*,*,#1123,.F.);
#653=ORIENTED_EDGE('',*,*,#1122,.F.);
#654=ORIENTED_EDGE('',*,*,#1124,.F.);
#655=ORIENTED_EDGE('',*,*,#1125,.T.);
#656=ORIENTED_EDGE('',*,*,#1126,.T.);
#657=ORIENTED_EDGE('',*,*,#1125,.F.);
#658=ORIENTED_EDGE('',*,*,#1127,.F.);
#659=ORIENTED_EDGE('',*,*,#1128,.T.);
#660=ORIENTED_EDGE('',*,*,#1129,.T.);
#661=ORIENTED_EDGE('',*,*,#1130,.T.);
#662=ORIENTED_EDGE('',*,*,#1120,.T.);
#663=ORIENTED_EDGE('',*,*,#1131,.F.);
#664=ORIENTED_EDGE('',*,*,#1128,.F.);
#665=ORIENTED_EDGE('',*,*,#1129,.F.);
#666=ORIENTED_EDGE('',*,*,#1131,.T.);
#667=ORIENTED_EDGE('',*,*,#1123,.T.);
#668=ORIENTED_EDGE('',*,*,#1126,.F.);
#669=ORIENTED_EDGE('',*,*,#1127,.T.);
#670=ORIENTED_EDGE('',*,*,#1124,.T.);
#671=ORIENTED_EDGE('',*,*,#1121,.F.);
#672=ORIENTED_EDGE('',*,*,#1130,.F.);
#673=ORIENTED_EDGE('',*,*,#1132,.F.);
#674=ORIENTED_EDGE('',*,*,#1133,.T.);
#675=ORIENTED_EDGE('',*,*,#1134,.T.);
#676=ORIENTED_EDGE('',*,*,#1135,.F.);
#677=ORIENTED_EDGE('',*,*,#1134,.F.);
#678=ORIENTED_EDGE('',*,*,#1136,.F.);
#679=ORIENTED_EDGE('',*,*,#1137,.T.);
#680=ORIENTED_EDGE('',*,*,#1138,.T.);
#681=ORIENTED_EDGE('',*,*,#1137,.F.);
#682=ORIENTED_EDGE('',*,*,#1139,.F.);
#683=ORIENTED_EDGE('',*,*,#1140,.T.);
#684=ORIENTED_EDGE('',*,*,#1141,.T.);
#685=ORIENTED_EDGE('',*,*,#1142,.T.);
#686=ORIENTED_EDGE('',*,*,#1132,.T.);
#687=ORIENTED_EDGE('',*,*,#1143,.F.);
#688=ORIENTED_EDGE('',*,*,#1140,.F.);
#689=ORIENTED_EDGE('',*,*,#1141,.F.);
#690=ORIENTED_EDGE('',*,*,#1143,.T.);
#691=ORIENTED_EDGE('',*,*,#1135,.T.);
#692=ORIENTED_EDGE('',*,*,#1138,.F.);
#693=ORIENTED_EDGE('',*,*,#1139,.T.);
#694=ORIENTED_EDGE('',*,*,#1136,.T.);
#695=ORIENTED_EDGE('',*,*,#1133,.F.);
#696=ORIENTED_EDGE('',*,*,#1142,.F.);
#697=ORIENTED_EDGE('',*,*,#1144,.F.);
#698=ORIENTED_EDGE('',*,*,#1145,.T.);
#699=ORIENTED_EDGE('',*,*,#1146,.T.);
#700=ORIENTED_EDGE('',*,*,#1147,.F.);
#701=ORIENTED_EDGE('',*,*,#1146,.F.);
#702=ORIENTED_EDGE('',*,*,#1148,.F.);
#703=ORIENTED_EDGE('',*,*,#1149,.T.);
#704=ORIENTED_EDGE('',*,*,#1150,.T.);
#705=ORIENTED_EDGE('',*,*,#1149,.F.);
#706=ORIENTED_EDGE('',*,*,#1151,.F.);
#707=ORIENTED_EDGE('',*,*,#1152,.T.);
#708=ORIENTED_EDGE('',*,*,#1153,.T.);
#709=ORIENTED_EDGE('',*,*,#1154,.T.);
#710=ORIENTED_EDGE('',*,*,#1144,.T.);
#711=ORIENTED_EDGE('',*,*,#1155,.F.);
#712=ORIENTED_EDGE('',*,*,#1152,.F.);
#713=ORIENTED_EDGE('',*,*,#1153,.F.);
#714=ORIENTED_EDGE('',*,*,#1155,.T.);
#715=ORIENTED_EDGE('',*,*,#1147,.T.);
#716=ORIENTED_EDGE('',*,*,#1150,.F.);
#717=ORIENTED_EDGE('',*,*,#1151,.T.);
#718=ORIENTED_EDGE('',*,*,#1148,.T.);
#719=ORIENTED_EDGE('',*,*,#1145,.F.);
#720=ORIENTED_EDGE('',*,*,#1154,.F.);
#721=ORIENTED_EDGE('',*,*,#1156,.F.);
#722=ORIENTED_EDGE('',*,*,#1157,.T.);
#723=ORIENTED_EDGE('',*,*,#1158,.T.);
#724=ORIENTED_EDGE('',*,*,#1159,.F.);
#725=ORIENTED_EDGE('',*,*,#1158,.F.);
#726=ORIENTED_EDGE('',*,*,#1160,.F.);
#727=ORIENTED_EDGE('',*,*,#1161,.T.);
#728=ORIENTED_EDGE('',*,*,#1162,.T.);
#729=ORIENTED_EDGE('',*,*,#1161,.F.);
#730=ORIENTED_EDGE('',*,*,#1163,.F.);
#731=ORIENTED_EDGE('',*,*,#1164,.T.);
#732=ORIENTED_EDGE('',*,*,#1165,.T.);
#733=ORIENTED_EDGE('',*,*,#1166,.T.);
#734=ORIENTED_EDGE('',*,*,#1156,.T.);
#735=ORIENTED_EDGE('',*,*,#1167,.F.);
#736=ORIENTED_EDGE('',*,*,#1164,.F.);
#737=ORIENTED_EDGE('',*,*,#1165,.F.);
#738=ORIENTED_EDGE('',*,*,#1167,.T.);
#739=ORIENTED_EDGE('',*,*,#1159,.T.);
#740=ORIENTED_EDGE('',*,*,#1162,.F.);
#741=ORIENTED_EDGE('',*,*,#1163,.T.);
#742=ORIENTED_EDGE('',*,*,#1160,.T.);
#743=ORIENTED_EDGE('',*,*,#1157,.F.);
#744=ORIENTED_EDGE('',*,*,#1166,.F.);
#745=ORIENTED_EDGE('',*,*,#1168,.F.);
#746=ORIENTED_EDGE('',*,*,#1169,.T.);
#747=ORIENTED_EDGE('',*,*,#1170,.T.);
#748=ORIENTED_EDGE('',*,*,#1171,.F.);
#749=ORIENTED_EDGE('',*,*,#1170,.F.);
#750=ORIENTED_EDGE('',*,*,#1172,.F.);
#751=ORIENTED_EDGE('',*,*,#1173,.T.);
#752=ORIENTED_EDGE('',*,*,#1174,.T.);
#753=ORIENTED_EDGE('',*,*,#1173,.F.);
#754=ORIENTED_EDGE('',*,*,#1175,.F.);
#755=ORIENTED_EDGE('',*,*,#1176,.T.);
#756=ORIENTED_EDGE('',*,*,#1177,.T.);
#757=ORIENTED_EDGE('',*,*,#1178,.T.);
#758=ORIENTED_EDGE('',*,*,#1168,.T.);
#759=ORIENTED_EDGE('',*,*,#1179,.F.);
#760=ORIENTED_EDGE('',*,*,#1176,.F.);
#761=ORIENTED_EDGE('',*,*,#1177,.F.);
#762=ORIENTED_EDGE('',*,*,#1179,.T.);
#763=ORIENTED_EDGE('',*,*,#1171,.T.);
#764=ORIENTED_EDGE('',*,*,#1174,.F.);
#765=ORIENTED_EDGE('',*,*,#1175,.T.);
#766=ORIENTED_EDGE('',*,*,#1172,.T.);
#767=ORIENTED_EDGE('',*,*,#1169,.F.);
#768=ORIENTED_EDGE('',*,*,#1178,.F.);
#769=ORIENTED_EDGE('',*,*,#1180,.F.);
#770=ORIENTED_EDGE('',*,*,#1181,.T.);
#771=ORIENTED_EDGE('',*,*,#1182,.T.);
#772=ORIENTED_EDGE('',*,*,#1183,.F.);
#773=ORIENTED_EDGE('',*,*,#1182,.F.);
#774=ORIENTED_EDGE('',*,*,#1184,.F.);
#775=ORIENTED_EDGE('',*,*,#1185,.T.);
#776=ORIENTED_EDGE('',*,*,#1186,.T.);
#777=ORIENTED_EDGE('',*,*,#1185,.F.);
#778=ORIENTED_EDGE('',*,*,#1187,.F.);
#779=ORIENTED_EDGE('',*,*,#1188,.T.);
#780=ORIENTED_EDGE('',*,*,#1189,.T.);
#781=ORIENTED_EDGE('',*,*,#1190,.T.);
#782=ORIENTED_EDGE('',*,*,#1180,.T.);
#783=ORIENTED_EDGE('',*,*,#1191,.F.);
#784=ORIENTED_EDGE('',*,*,#1188,.F.);
#785=ORIENTED_EDGE('',*,*,#1189,.F.);
#786=ORIENTED_EDGE('',*,*,#1191,.T.);
#787=ORIENTED_EDGE('',*,*,#1183,.T.);
#788=ORIENTED_EDGE('',*,*,#1186,.F.);
#789=ORIENTED_EDGE('',*,*,#1187,.T.);
#790=ORIENTED_EDGE('',*,*,#1184,.T.);
#791=ORIENTED_EDGE('',*,*,#1181,.F.);
#792=ORIENTED_EDGE('',*,*,#1190,.F.);
#793=ORIENTED_EDGE('',*,*,#1192,.F.);
#794=ORIENTED_EDGE('',*,*,#1193,.T.);
#795=ORIENTED_EDGE('',*,*,#1194,.T.);
#796=ORIENTED_EDGE('',*,*,#1195,.F.);
#797=ORIENTED_EDGE('',*,*,#1194,.F.);
#798=ORIENTED_EDGE('',*,*,#1196,.F.);
#799=ORIENTED_EDGE('',*,*,#1197,.T.);
#800=ORIENTED_EDGE('',*,*,#1198,.T.);
#801=ORIENTED_EDGE('',*,*,#1197,.F.);
#802=ORIENTED_EDGE('',*,*,#1199,.F.);
#803=ORIENTED_EDGE('',*,*,#1200,.T.);
#804=ORIENTED_EDGE('',*,*,#1201,.T.);
#805=ORIENTED_EDGE('',*,*,#1202,.T.);
#806=ORIENTED_EDGE('',*,*,#1192,.T.);
#807=ORIENTED_EDGE('',*,*,#1203,.F.);
#808=ORIENTED_EDGE('',*,*,#1200,.F.);
#809=ORIENTED_EDGE('',*,*,#1201,.F.);
#810=ORIENTED_EDGE('',*,*,#1203,.T.);
#811=ORIENTED_EDGE('',*,*,#1195,.T.);
#812=ORIENTED_EDGE('',*,*,#1198,.F.);
#813=ORIENTED_EDGE('',*,*,#1199,.T.);
#814=ORIENTED_EDGE('',*,*,#1196,.T.);
#815=ORIENTED_EDGE('',*,*,#1193,.F.);
#816=ORIENTED_EDGE('',*,*,#1202,.F.);
#817=ORIENTED_EDGE('',*,*,#1204,.F.);
#818=ORIENTED_EDGE('',*,*,#1205,.T.);
#819=ORIENTED_EDGE('',*,*,#1206,.T.);
#820=ORIENTED_EDGE('',*,*,#1207,.F.);
#821=ORIENTED_EDGE('',*,*,#1206,.F.);
#822=ORIENTED_EDGE('',*,*,#1208,.F.);
#823=ORIENTED_EDGE('',*,*,#1209,.T.);
#824=ORIENTED_EDGE('',*,*,#1210,.T.);
#825=ORIENTED_EDGE('',*,*,#1209,.F.);
#826=ORIENTED_EDGE('',*,*,#1211,.F.);
#827=ORIENTED_EDGE('',*,*,#1212,.T.);
#828=ORIENTED_EDGE('',*,*,#1213,.T.);
#829=ORIENTED_EDGE('',*,*,#1214,.T.);
#830=ORIENTED_EDGE('',*,*,#1204,.T.);
#831=ORIENTED_EDGE('',*,*,#1215,.F.);
#832=ORIENTED_EDGE('',*,*,#1212,.F.);
#833=ORIENTED_EDGE('',*,*,#1213,.F.);
#834=ORIENTED_EDGE('',*,*,#1215,.T.);
#835=ORIENTED_EDGE('',*,*,#1207,.T.);
#836=ORIENTED_EDGE('',*,*,#1210,.F.);
#837=ORIENTED_EDGE('',*,*,#1211,.T.);
#838=ORIENTED_EDGE('',*,*,#1208,.T.);
#839=ORIENTED_EDGE('',*,*,#1205,.F.);
#840=ORIENTED_EDGE('',*,*,#1214,.F.);
#841=ORIENTED_EDGE('',*,*,#1216,.F.);
#842=ORIENTED_EDGE('',*,*,#1217,.T.);
#843=ORIENTED_EDGE('',*,*,#1218,.T.);
#844=ORIENTED_EDGE('',*,*,#1219,.F.);
#845=ORIENTED_EDGE('',*,*,#1218,.F.);
#846=ORIENTED_EDGE('',*,*,#1220,.F.);
#847=ORIENTED_EDGE('',*,*,#1221,.T.);
#848=ORIENTED_EDGE('',*,*,#1222,.T.);
#849=ORIENTED_EDGE('',*,*,#1221,.F.);
#850=ORIENTED_EDGE('',*,*,#1223,.F.);
#851=ORIENTED_EDGE('',*,*,#1224,.T.);
#852=ORIENTED_EDGE('',*,*,#1225,.T.);
#853=ORIENTED_EDGE('',*,*,#1226,.T.);
#854=ORIENTED_EDGE('',*,*,#1216,.T.);
#855=ORIENTED_EDGE('',*,*,#1227,.F.);
#856=ORIENTED_EDGE('',*,*,#1224,.F.);
#857=ORIENTED_EDGE('',*,*,#1225,.F.);
#858=ORIENTED_EDGE('',*,*,#1227,.T.);
#859=ORIENTED_EDGE('',*,*,#1219,.T.);
#860=ORIENTED_EDGE('',*,*,#1222,.F.);
#861=ORIENTED_EDGE('',*,*,#1223,.T.);
#862=ORIENTED_EDGE('',*,*,#1220,.T.);
#863=ORIENTED_EDGE('',*,*,#1217,.F.);
#864=ORIENTED_EDGE('',*,*,#1226,.F.);
#865=EDGE_CURVE('',#1228,#1229,#1471,.F.);
#866=EDGE_CURVE('',#1228,#1230,#1472,.T.);
#867=EDGE_CURVE('',#1230,#1231,#1473,.T.);
#868=EDGE_CURVE('',#1229,#1231,#1474,.T.);
#869=EDGE_CURVE('',#1232,#1230,#1475,.T.);
#870=EDGE_CURVE('',#1232,#1233,#1476,.T.);
#871=EDGE_CURVE('',#1233,#1231,#1477,.T.);
#872=EDGE_CURVE('',#1234,#1232,#1478,.T.);
#873=EDGE_CURVE('',#1234,#1235,#1479,.T.);
#874=EDGE_CURVE('',#1235,#1233,#1480,.T.);
#875=EDGE_CURVE('',#1234,#1228,#1481,.T.);
#876=EDGE_CURVE('',#1235,#1229,#1482,.T.);
#877=EDGE_CURVE('',#1236,#1237,#1483,.F.);
#878=EDGE_CURVE('',#1236,#1238,#1484,.T.);
#879=EDGE_CURVE('',#1238,#1239,#1485,.T.);
#880=EDGE_CURVE('',#1237,#1239,#1486,.T.);
#881=EDGE_CURVE('',#1240,#1238,#1487,.T.);
#882=EDGE_CURVE('',#1240,#1241,#1488,.T.);
#883=EDGE_CURVE('',#1241,#1239,#1489,.T.);
#884=EDGE_CURVE('',#1242,#1240,#1490,.T.);
#885=EDGE_CURVE('',#1242,#1243,#1491,.T.);
#886=EDGE_CURVE('',#1243,#1241,#1492,.T.);
#887=EDGE_CURVE('',#1242,#1236,#1493,.T.);
#888=EDGE_CURVE('',#1243,#1237,#1494,.T.);
#889=EDGE_CURVE('',#1244,#1245,#1495,.F.);
#890=EDGE_CURVE('',#1244,#1246,#1496,.T.);
#891=EDGE_CURVE('',#1246,#1247,#1497,.T.);
#892=EDGE_CURVE('',#1245,#1247,#1498,.T.);
#893=EDGE_CURVE('',#1248,#1246,#1499,.T.);
#894=EDGE_CURVE('',#1248,#1249,#1500,.T.);
#895=EDGE_CURVE('',#1249,#1247,#1501,.T.);
#896=EDGE_CURVE('',#1250,#1248,#1502,.T.);
#897=EDGE_CURVE('',#1250,#1251,#1503,.T.);
#898=EDGE_CURVE('',#1251,#1249,#1504,.T.);
#899=EDGE_CURVE('',#1250,#1244,#1505,.T.);
#900=EDGE_CURVE('',#1251,#1245,#1506,.T.);
#901=EDGE_CURVE('',#1252,#1253,#1507,.F.);
#902=EDGE_CURVE('',#1252,#1254,#1508,.T.);
#903=EDGE_CURVE('',#1254,#1255,#1509,.T.);
#904=EDGE_CURVE('',#1253,#1255,#1510,.T.);
#905=EDGE_CURVE('',#1256,#1254,#1511,.T.);
#906=EDGE_CURVE('',#1256,#1257,#1512,.T.);
#907=EDGE_CURVE('',#1257,#1255,#1513,.T.);
#908=EDGE_CURVE('',#1258,#1256,#1514,.T.);
#909=EDGE_CURVE('',#1258,#1259,#1515,.T.);
#910=EDGE_CURVE('',#1259,#1257,#1516,.T.);
#911=EDGE_CURVE('',#1258,#1252,#1517,.T.);
#912=EDGE_CURVE('',#1259,#1253,#1518,.T.);
#913=EDGE_CURVE('',#1260,#1261,#1519,.F.);
#914=EDGE_CURVE('',#1260,#1262,#1520,.T.);
#915=EDGE_CURVE('',#1262,#1263,#1521,.T.);
#916=EDGE_CURVE('',#1261,#1263,#1522,.T.);
#917=EDGE_CURVE('',#1264,#1262,#1523,.T.);
#918=EDGE_CURVE('',#1264,#1265,#1524,.T.);
#919=EDGE_CURVE('',#1265,#1263,#1525,.T.);
#920=EDGE_CURVE('',#1266,#1264,#1526,.T.);
#921=EDGE_CURVE('',#1266,#1267,#1527,.T.);
#922=EDGE_CURVE('',#1267,#1265,#1528,.T.);
#923=EDGE_CURVE('',#1266,#1260,#1529,.T.);
#924=EDGE_CURVE('',#1267,#1261,#1530,.T.);
#925=EDGE_CURVE('',#1268,#1269,#1531,.F.);
#926=EDGE_CURVE('',#1268,#1270,#1532,.T.);
#927=EDGE_CURVE('',#1270,#1271,#1533,.T.);
#928=EDGE_CURVE('',#1269,#1271,#1534,.T.);
#929=EDGE_CURVE('',#1272,#1270,#1535,.T.);
#930=EDGE_CURVE('',#1272,#1273,#1536,.T.);
#931=EDGE_CURVE('',#1273,#1271,#1537,.T.);
#932=EDGE_CURVE('',#1274,#1272,#1538,.T.);
#933=EDGE_CURVE('',#1274,#1275,#1539,.T.);
#934=EDGE_CURVE('',#1275,#1273,#1540,.T.);
#935=EDGE_CURVE('',#1274,#1268,#1541,.T.);
#936=EDGE_CURVE('',#1275,#1269,#1542,.T.);
#937=EDGE_CURVE('',#1276,#1277,#1543,.F.);
#938=EDGE_CURVE('',#1276,#1278,#1544,.T.);
#939=EDGE_CURVE('',#1278,#1279,#1545,.T.);
#940=EDGE_CURVE('',#1277,#1279,#1546,.T.);
#941=EDGE_CURVE('',#1280,#1278,#1547,.T.);
#942=EDGE_CURVE('',#1280,#1281,#1548,.T.);
#943=EDGE_CURVE('',#1281,#1279,#1549,.T.);
#944=EDGE_CURVE('',#1282,#1280,#1550,.T.);
#945=EDGE_CURVE('',#1282,#1283,#1551,.T.);
#946=EDGE_CURVE('',#1283,#1281,#1552,.T.);
#947=EDGE_CURVE('',#1282,#1276,#1553,.T.);
#948=EDGE_CURVE('',#1283,#1277,#1554,.T.);
#949=EDGE_CURVE('',#1284,#1285,#1555,.F.);
#950=EDGE_CURVE('',#1284,#1286,#1556,.T.);
#951=EDGE_CURVE('',#1286,#1287,#1557,.T.);
#952=EDGE_CURVE('',#1285,#1287,#1558,.T.);
#953=EDGE_CURVE('',#1288,#1286,#1559,.T.);
#954=EDGE_CURVE('',#1288,#1289,#1560,.T.);
#955=EDGE_CURVE('',#1289,#1287,#1561,.T.);
#956=EDGE_CURVE('',#1290,#1288,#1562,.T.);
#957=EDGE_CURVE('',#1290,#1291,#1563,.T.);
#958=EDGE_CURVE('',#1291,#1289,#1564,.T.);
#959=EDGE_CURVE('',#1290,#1284,#1565,.T.);
#960=EDGE_CURVE('',#1291,#1285,#1566,.T.);
#961=EDGE_CURVE('',#1292,#1293,#1567,.F.);
#962=EDGE_CURVE('',#1292,#1294,#1568,.T.);
#963=EDGE_CURVE('',#1294,#1295,#1569,.T.);
#964=EDGE_CURVE('',#1293,#1295,#1570,.T.);
#965=EDGE_CURVE('',#1296,#1294,#1571,.T.);
#966=EDGE_CURVE('',#1296,#1297,#1572,.T.);
#967=EDGE_CURVE('',#1297,#1295,#1573,.T.);
#968=EDGE_CURVE('',#1298,#1296,#1574,.T.);
#969=EDGE_CURVE('',#1298,#1299,#1575,.T.);
#970=EDGE_CURVE('',#1299,#1297,#1576,.T.);
#971=EDGE_CURVE('',#1298,#1292,#1577,.T.);
#972=EDGE_CURVE('',#1299,#1293,#1578,.T.);
#973=EDGE_CURVE('',#1300,#1301,#1579,.F.);
#974=EDGE_CURVE('',#1300,#1302,#1580,.T.);
#975=EDGE_CURVE('',#1302,#1303,#1581,.T.);
#976=EDGE_CURVE('',#1301,#1303,#1582,.T.);
#977=EDGE_CURVE('',#1304,#1302,#1583,.T.);
#978=EDGE_CURVE('',#1304,#1305,#1584,.T.);
#979=EDGE_CURVE('',#1305,#1303,#1585,.T.);
#980=EDGE_CURVE('',#1306,#1304,#1586,.T.);
#981=EDGE_CURVE('',#1306,#1307,#1587,.T.);
#982=EDGE_CURVE('',#1307,#1305,#1588,.T.);
#983=EDGE_CURVE('',#1306,#1300,#1589,.T.);
#984=EDGE_CURVE('',#1307,#1301,#1590,.T.);
#985=EDGE_CURVE('',#1308,#1309,#1591,.F.);
#986=EDGE_CURVE('',#1308,#1310,#1592,.T.);
#987=EDGE_CURVE('',#1310,#1311,#1593,.T.);
#988=EDGE_CURVE('',#1309,#1311,#1594,.T.);
#989=EDGE_CURVE('',#1312,#1310,#1595,.T.);
#990=EDGE_CURVE('',#1312,#1313,#1596,.T.);
#991=EDGE_CURVE('',#1313,#1311,#1597,.T.);
#992=EDGE_CURVE('',#1314,#1312,#1598,.T.);
#993=EDGE_CURVE('',#1314,#1315,#1599,.T.);
#994=EDGE_CURVE('',#1315,#1313,#1600,.T.);
#995=EDGE_CURVE('',#1314,#1308,#1601,.T.);
#996=EDGE_CURVE('',#1315,#1309,#1602,.T.);
#997=EDGE_CURVE('',#1316,#1316,#13,.F.);
#998=EDGE_CURVE('',#1317,#1317,#14,.T.);
#999=EDGE_CURVE('',#1318,#1318,#15,.T.);
#1000=EDGE_CURVE('',#1319,#1320,#1603,.F.);
#1001=EDGE_CURVE('',#1319,#1321,#1604,.T.);
#1002=EDGE_CURVE('',#1321,#1322,#1605,.T.);
#1003=EDGE_CURVE('',#1320,#1322,#1606,.T.);
#1004=EDGE_CURVE('',#1323,#1321,#1607,.T.);
#1005=EDGE_CURVE('',#1323,#1324,#1608,.T.);
#1006=EDGE_CURVE('',#1324,#1322,#1609,.T.);
#1007=EDGE_CURVE('',#1325,#1323,#1610,.T.);
#1008=EDGE_CURVE('',#1325,#1326,#1611,.T.);
#1009=EDGE_CURVE('',#1326,#1324,#1612,.T.);
#1010=EDGE_CURVE('',#1325,#1319,#1613,.T.);
#1011=EDGE_CURVE('',#1326,#1320,#1614,.T.);
#1012=EDGE_CURVE('',#1327,#1328,#1615,.F.);
#1013=EDGE_CURVE('',#1327,#1329,#1616,.T.);
#1014=EDGE_CURVE('',#1329,#1330,#1617,.T.);
#1015=EDGE_CURVE('',#1328,#1330,#1618,.T.);
#1016=EDGE_CURVE('',#1331,#1329,#1619,.T.);
#1017=EDGE_CURVE('',#1331,#1332,#1620,.T.);
#1018=EDGE_CURVE('',#1332,#1330,#1621,.T.);
#1019=EDGE_CURVE('',#1333,#1331,#1622,.T.);
#1020=EDGE_CURVE('',#1333,#1334,#1623,.T.);
#1021=EDGE_CURVE('',#1334,#1332,#1624,.T.);
#1022=EDGE_CURVE('',#1333,#1327,#1625,.T.);
#1023=EDGE_CURVE('',#1334,#1328,#1626,.T.);
#1024=EDGE_CURVE('',#1335,#1336,#1627,.F.);
#1025=EDGE_CURVE('',#1335,#1337,#1628,.T.);
#1026=EDGE_CURVE('',#1337,#1338,#1629,.T.);
#1027=EDGE_CURVE('',#1336,#1338,#1630,.T.);
#1028=EDGE_CURVE('',#1339,#1337,#1631,.T.);
#1029=EDGE_CURVE('',#1339,#1340,#1632,.T.);
#1030=EDGE_CURVE('',#1340,#1338,#1633,.T.);
#1031=EDGE_CURVE('',#1341,#1339,#1634,.T.);
#1032=EDGE_CURVE('',#1341,#1342,#1635,.T.);
#1033=EDGE_CURVE('',#1342,#1340,#1636,.T.);
#1034=EDGE_CURVE('',#1341,#1335,#1637,.T.);
#1035=EDGE_CURVE('',#1342,#1336,#1638,.T.);
#1036=EDGE_CURVE('',#1343,#1344,#1639,.F.);
#1037=EDGE_CURVE('',#1343,#1345,#1640,.T.);
#1038=EDGE_CURVE('',#1345,#1346,#1641,.T.);
#1039=EDGE_CURVE('',#1344,#1346,#1642,.T.);
#1040=EDGE_CURVE('',#1347,#1345,#1643,.T.);
#1041=EDGE_CURVE('',#1347,#1348,#1644,.T.);
#1042=EDGE_CURVE('',#1348,#1346,#1645,.T.);
#1043=EDGE_CURVE('',#1349,#1347,#1646,.T.);
#1044=EDGE_CURVE('',#1349,#1350,#1647,.T.);
#1045=EDGE_CURVE('',#1350,#1348,#1648,.T.);
#1046=EDGE_CURVE('',#1349,#1343,#1649,.T.);
#1047=EDGE_CURVE('',#1350,#1344,#1650,.T.);
#1048=EDGE_CURVE('',#1351,#1352,#1651,.F.);
#1049=EDGE_CURVE('',#1351,#1353,#1652,.T.);
#1050=EDGE_CURVE('',#1353,#1354,#1653,.T.);
#1051=EDGE_CURVE('',#1352,#1354,#1654,.T.);
#1052=EDGE_CURVE('',#1355,#1353,#1655,.T.);
#1053=EDGE_CURVE('',#1355,#1356,#1656,.T.);
#1054=EDGE_CURVE('',#1356,#1354,#1657,.T.);
#1055=EDGE_CURVE('',#1357,#1355,#1658,.T.);
#1056=EDGE_CURVE('',#1357,#1358,#1659,.T.);
#1057=EDGE_CURVE('',#1358,#1356,#1660,.T.);
#1058=EDGE_CURVE('',#1357,#1351,#1661,.T.);
#1059=EDGE_CURVE('',#1358,#1352,#1662,.T.);
#1060=EDGE_CURVE('',#1359,#1360,#1663,.F.);
#1061=EDGE_CURVE('',#1359,#1361,#1664,.T.);
#1062=EDGE_CURVE('',#1361,#1362,#1665,.T.);
#1063=EDGE_CURVE('',#1360,#1362,#1666,.T.);
#1064=EDGE_CURVE('',#1363,#1361,#1667,.T.);
#1065=EDGE_CURVE('',#1363,#1364,#1668,.T.);
#1066=EDGE_CURVE('',#1364,#1362,#1669,.T.);
#1067=EDGE_CURVE('',#1365,#1363,#1670,.T.);
#1068=EDGE_CURVE('',#1365,#1366,#1671,.T.);
#1069=EDGE_CURVE('',#1366,#1364,#1672,.T.);
#1070=EDGE_CURVE('',#1365,#1359,#1673,.T.);
#1071=EDGE_CURVE('',#1366,#1360,#1674,.T.);
#1072=EDGE_CURVE('',#1367,#1368,#1675,.F.);
#1073=EDGE_CURVE('',#1367,#1369,#1676,.T.);
#1074=EDGE_CURVE('',#1369,#1370,#1677,.T.);
#1075=EDGE_CURVE('',#1368,#1370,#1678,.T.);
#1076=EDGE_CURVE('',#1371,#1369,#1679,.T.);
#1077=EDGE_CURVE('',#1371,#1372,#1680,.T.);
#1078=EDGE_CURVE('',#1372,#1370,#1681,.T.);
#1079=EDGE_CURVE('',#1373,#1371,#1682,.T.);
#1080=EDGE_CURVE('',#1373,#1374,#1683,.T.);
#1081=EDGE_CURVE('',#1374,#1372,#1684,.T.);
#1082=EDGE_CURVE('',#1373,#1367,#1685,.T.);
#1083=EDGE_CURVE('',#1374,#1368,#1686,.T.);
#1084=EDGE_CURVE('',#1375,#1376,#1687,.F.);
#1085=EDGE_CURVE('',#1375,#1377,#1688,.T.);
#1086=EDGE_CURVE('',#1377,#1378,#1689,.T.);
#1087=EDGE_CURVE('',#1376,#1378,#1690,.T.);
#1088=EDGE_CURVE('',#1379,#1377,#1691,.T.);
#1089=EDGE_CURVE('',#1379,#1380,#1692,.T.);
#1090=EDGE_CURVE('',#1380,#1378,#1693,.T.);
#1091=EDGE_CURVE('',#1381,#1379,#1694,.T.);
#1092=EDGE_CURVE('',#1381,#1382,#1695,.T.);
#1093=EDGE_CURVE('',#1382,#1380,#1696,.T.);
#1094=EDGE_CURVE('',#1381,#1375,#1697,.T.);
#1095=EDGE_CURVE('',#1382,#1376,#1698,.T.);
#1096=EDGE_CURVE('',#1383,#1384,#1699,.F.);
#1097=EDGE_CURVE('',#1383,#1385,#1700,.T.);
#1098=EDGE_CURVE('',#1385,#1386,#1701,.T.);
#1099=EDGE_CURVE('',#1384,#1386,#1702,.T.);
#1100=EDGE_CURVE('',#1387,#1385,#1703,.T.);
#1101=EDGE_CURVE('',#1387,#1388,#1704,.T.);
#1102=EDGE_CURVE('',#1388,#1386,#1705,.T.);
#1103=EDGE_CURVE('',#1389,#1387,#1706,.T.);
#1104=EDGE_CURVE('',#1389,#1390,#1707,.T.);
#1105=EDGE_CURVE('',#1390,#1388,#1708,.T.);
#1106=EDGE_CURVE('',#1389,#1383,#1709,.T.);
#1107=EDGE_CURVE('',#1390,#1384,#1710,.T.);
#1108=EDGE_CURVE('',#1391,#1392,#1711,.F.);
#1109=EDGE_CURVE('',#1391,#1393,#1712,.T.);
#1110=EDGE_CURVE('',#1393,#1394,#1713,.T.);
#1111=EDGE_CURVE('',#1392,#1394,#1714,.T.);
#1112=EDGE_CURVE('',#1395,#1393,#1715,.T.);
#1113=EDGE_CURVE('',#1395,#1396,#1716,.T.);
#1114=EDGE_CURVE('',#1396,#1394,#1717,.T.);
#1115=EDGE_CURVE('',#1397,#1395,#1718,.T.);
#1116=EDGE_CURVE('',#1397,#1398,#1719,.T.);
#1117=EDGE_CURVE('',#1398,#1396,#1720,.T.);
#1118=EDGE_CURVE('',#1397,#1391,#1721,.T.);
#1119=EDGE_CURVE('',#1398,#1392,#1722,.T.);
#1120=EDGE_CURVE('',#1399,#1400,#1723,.F.);
#1121=EDGE_CURVE('',#1399,#1401,#1724,.T.);
#1122=EDGE_CURVE('',#1401,#1402,#1725,.T.);
#1123=EDGE_CURVE('',#1400,#1402,#1726,.T.);
#1124=EDGE_CURVE('',#1403,#1401,#1727,.T.);
#1125=EDGE_CURVE('',#1403,#1404,#1728,.T.);
#1126=EDGE_CURVE('',#1404,#1402,#1729,.T.);
#1127=EDGE_CURVE('',#1405,#1403,#1730,.T.);
#1128=EDGE_CURVE('',#1405,#1406,#1731,.T.);
#1129=EDGE_CURVE('',#1406,#1404,#1732,.T.);
#1130=EDGE_CURVE('',#1405,#1399,#1733,.T.);
#1131=EDGE_CURVE('',#1406,#1400,#1734,.T.);
#1132=EDGE_CURVE('',#1407,#1408,#1735,.F.);
#1133=EDGE_CURVE('',#1407,#1409,#1736,.T.);
#1134=EDGE_CURVE('',#1409,#1410,#1737,.T.);
#1135=EDGE_CURVE('',#1408,#1410,#1738,.T.);
#1136=EDGE_CURVE('',#1411,#1409,#1739,.T.);
#1137=EDGE_CURVE('',#1411,#1412,#1740,.T.);
#1138=EDGE_CURVE('',#1412,#1410,#1741,.T.);
#1139=EDGE_CURVE('',#1413,#1411,#1742,.T.);
#1140=EDGE_CURVE('',#1413,#1414,#1743,.T.);
#1141=EDGE_CURVE('',#1414,#1412,#1744,.T.);
#1142=EDGE_CURVE('',#1413,#1407,#1745,.T.);
#1143=EDGE_CURVE('',#1414,#1408,#1746,.T.);
#1144=EDGE_CURVE('',#1415,#1416,#1747,.F.);
#1145=EDGE_CURVE('',#1415,#1417,#1748,.T.);
#1146=EDGE_CURVE('',#1417,#1418,#1749,.T.);
#1147=EDGE_CURVE('',#1416,#1418,#1750,.T.);
#1148=EDGE_CURVE('',#1419,#1417,#1751,.T.);
#1149=EDGE_CURVE('',#1419,#1420,#1752,.T.);
#1150=EDGE_CURVE('',#1420,#1418,#1753,.T.);
#1151=EDGE_CURVE('',#1421,#1419,#1754,.T.);
#1152=EDGE_CURVE('',#1421,#1422,#1755,.T.);
#1153=EDGE_CURVE('',#1422,#1420,#1756,.T.);
#1154=EDGE_CURVE('',#1421,#1415,#1757,.T.);
#1155=EDGE_CURVE('',#1422,#1416,#1758,.T.);
#1156=EDGE_CURVE('',#1423,#1424,#1759,.F.);
#1157=EDGE_CURVE('',#1423,#1425,#1760,.T.);
#1158=EDGE_CURVE('',#1425,#1426,#1761,.T.);
#1159=EDGE_CURVE('',#1424,#1426,#1762,.T.);
#1160=EDGE_CURVE('',#1427,#1425,#1763,.T.);
#1161=EDGE_CURVE('',#1427,#1428,#1764,.T.);
#1162=EDGE_CURVE('',#1428,#1426,#1765,.T.);
#1163=EDGE_CURVE('',#1429,#1427,#1766,.T.);
#1164=EDGE_CURVE('',#1429,#1430,#1767,.T.);
#1165=EDGE_CURVE('',#1430,#1428,#1768,.T.);
#1166=EDGE_CURVE('',#1429,#1423,#1769,.T.);
#1167=EDGE_CURVE('',#1430,#1424,#1770,.T.);
#1168=EDGE_CURVE('',#1431,#1432,#1771,.F.);
#1169=EDGE_CURVE('',#1431,#1433,#1772,.T.);
#1170=EDGE_CURVE('',#1433,#1434,#1773,.T.);
#1171=EDGE_CURVE('',#1432,#1434,#1774,.T.);
#1172=EDGE_CURVE('',#1435,#1433,#1775,.T.);
#1173=EDGE_CURVE('',#1435,#1436,#1776,.T.);
#1174=EDGE_CURVE('',#1436,#1434,#1777,.T.);
#1175=EDGE_CURVE('',#1437,#1435,#1778,.T.);
#1176=EDGE_CURVE('',#1437,#1438,#1779,.T.);
#1177=EDGE_CURVE('',#1438,#1436,#1780,.T.);
#1178=EDGE_CURVE('',#1437,#1431,#1781,.T.);
#1179=EDGE_CURVE('',#1438,#1432,#1782,.T.);
#1180=EDGE_CURVE('',#1439,#1440,#1783,.F.);
#1181=EDGE_CURVE('',#1439,#1441,#1784,.T.);
#1182=EDGE_CURVE('',#1441,#1442,#1785,.T.);
#1183=EDGE_CURVE('',#1440,#1442,#1786,.T.);
#1184=EDGE_CURVE('',#1443,#1441,#1787,.T.);
#1185=EDGE_CURVE('',#1443,#1444,#1788,.T.);
#1186=EDGE_CURVE('',#1444,#1442,#1789,.T.);
#1187=EDGE_CURVE('',#1445,#1443,#1790,.T.);
#1188=EDGE_CURVE('',#1445,#1446,#1791,.T.);
#1189=EDGE_CURVE('',#1446,#1444,#1792,.T.);
#1190=EDGE_CURVE('',#1445,#1439,#1793,.T.);
#1191=EDGE_CURVE('',#1446,#1440,#1794,.T.);
#1192=EDGE_CURVE('',#1447,#1448,#1795,.F.);
#1193=EDGE_CURVE('',#1447,#1449,#1796,.T.);
#1194=EDGE_CURVE('',#1449,#1450,#1797,.T.);
#1195=EDGE_CURVE('',#1448,#1450,#1798,.T.);
#1196=EDGE_CURVE('',#1451,#1449,#1799,.T.);
#1197=EDGE_CURVE('',#1451,#1452,#1800,.T.);
#1198=EDGE_CURVE('',#1452,#1450,#1801,.T.);
#1199=EDGE_CURVE('',#1453,#1451,#1802,.T.);
#1200=EDGE_CURVE('',#1453,#1454,#1803,.T.);
#1201=EDGE_CURVE('',#1454,#1452,#1804,.T.);
#1202=EDGE_CURVE('',#1453,#1447,#1805,.T.);
#1203=EDGE_CURVE('',#1454,#1448,#1806,.T.);
#1204=EDGE_CURVE('',#1455,#1456,#1807,.F.);
#1205=EDGE_CURVE('',#1455,#1457,#1808,.T.);
#1206=EDGE_CURVE('',#1457,#1458,#1809,.T.);
#1207=EDGE_CURVE('',#1456,#1458,#1810,.T.);
#1208=EDGE_CURVE('',#1459,#1457,#1811,.T.);
#1209=EDGE_CURVE('',#1459,#1460,#1812,.T.);
#1210=EDGE_CURVE('',#1460,#1458,#1813,.T.);
#1211=EDGE_CURVE('',#1461,#1459,#1814,.T.);
#1212=EDGE_CURVE('',#1461,#1462,#1815,.T.);
#1213=EDGE_CURVE('',#1462,#1460,#1816,.T.);
#1214=EDGE_CURVE('',#1461,#1455,#1817,.T.);
#1215=EDGE_CURVE('',#1462,#1456,#1818,.T.);
#1216=EDGE_CURVE('',#1463,#1464,#1819,.F.);
#1217=EDGE_CURVE('',#1463,#1465,#1820,.T.);
#1218=EDGE_CURVE('',#1465,#1466,#1821,.T.);
#1219=EDGE_CURVE('',#1464,#1466,#1822,.T.);
#1220=EDGE_CURVE('',#1467,#1465,#1823,.T.);
#1221=EDGE_CURVE('',#1467,#1468,#1824,.T.);
#1222=EDGE_CURVE('',#1468,#1466,#1825,.T.);
#1223=EDGE_CURVE('',#1469,#1467,#1826,.T.);
#1224=EDGE_CURVE('',#1469,#1470,#1827,.T.);
#1225=EDGE_CURVE('',#1470,#1468,#1828,.T.);
#1226=EDGE_CURVE('',#1469,#1463,#1829,.T.);
#1227=EDGE_CURVE('',#1470,#1464,#1830,.T.);
#1228=VERTEX_POINT('',#3161);
#1229=VERTEX_POINT('',#3162);
#1230=VERTEX_POINT('',#3167);
#1231=VERTEX_POINT('',#3172);
#1232=VERTEX_POINT('',#3189);
#1233=VERTEX_POINT('',#3194);
#1234=VERTEX_POINT('',#3215);
#1235=VERTEX_POINT('',#3220);
#1236=VERTEX_POINT('',#3260);
#1237=VERTEX_POINT('',#3261);
#1238=VERTEX_POINT('',#3266);
#1239=VERTEX_POINT('',#3271);
#1240=VERTEX_POINT('',#3288);
#1241=VERTEX_POINT('',#3293);
#1242=VERTEX_POINT('',#3314);
#1243=VERTEX_POINT('',#3319);
#1244=VERTEX_POINT('',#3359);
#1245=VERTEX_POINT('',#3360);
#1246=VERTEX_POINT('',#3365);
#1247=VERTEX_POINT('',#3370);
#1248=VERTEX_POINT('',#3387);
#1249=VERTEX_POINT('',#3392);
#1250=VERTEX_POINT('',#3413);
#1251=VERTEX_POINT('',#3418);
#1252=VERTEX_POINT('',#3458);
#1253=VERTEX_POINT('',#3459);
#1254=VERTEX_POINT('',#3464);
#1255=VERTEX_POINT('',#3469);
#1256=VERTEX_POINT('',#3486);
#1257=VERTEX_POINT('',#3491);
#1258=VERTEX_POINT('',#3512);
#1259=VERTEX_POINT('',#3517);
#1260=VERTEX_POINT('',#3557);
#1261=VERTEX_POINT('',#3558);
#1262=VERTEX_POINT('',#3563);
#1263=VERTEX_POINT('',#3568);
#1264=VERTEX_POINT('',#3585);
#1265=VERTEX_POINT('',#3590);
#1266=VERTEX_POINT('',#3611);
#1267=VERTEX_POINT('',#3616);
#1268=VERTEX_POINT('',#3656);
#1269=VERTEX_POINT('',#3657);
#1270=VERTEX_POINT('',#3662);
#1271=VERTEX_POINT('',#3667);
#1272=VERTEX_POINT('',#3684);
#1273=VERTEX_POINT('',#3689);
#1274=VERTEX_POINT('',#3710);
#1275=VERTEX_POINT('',#3715);
#1276=VERTEX_POINT('',#3755);
#1277=VERTEX_POINT('',#3756);
#1278=VERTEX_POINT('',#3761);
#1279=VERTEX_POINT('',#3766);
#1280=VERTEX_POINT('',#3783);
#1281=VERTEX_POINT('',#3788);
#1282=VERTEX_POINT('',#3809);
#1283=VERTEX_POINT('',#3814);
#1284=VERTEX_POINT('',#3854);
#1285=VERTEX_POINT('',#3855);
#1286=VERTEX_POINT('',#3860);
#1287=VERTEX_POINT('',#3865);
#1288=VERTEX_POINT('',#3882);
#1289=VERTEX_POINT('',#3887);
#1290=VERTEX_POINT('',#3908);
#1291=VERTEX_POINT('',#3913);
#1292=VERTEX_POINT('',#3953);
#1293=VERTEX_POINT('',#3954);
#1294=VERTEX_POINT('',#3959);
#1295=VERTEX_POINT('',#3964);
#1296=VERTEX_POINT('',#3981);
#1297=VERTEX_POINT('',#3986);
#1298=VERTEX_POINT('',#4007);
#1299=VERTEX_POINT('',#4012);
#1300=VERTEX_POINT('',#4052);
#1301=VERTEX_POINT('',#4053);
#1302=VERTEX_POINT('',#4058);
#1303=VERTEX_POINT('',#4063);
#1304=VERTEX_POINT('',#4080);
#1305=VERTEX_POINT('',#4085);
#1306=VERTEX_POINT('',#4106);
#1307=VERTEX_POINT('',#4111);
#1308=VERTEX_POINT('',#4151);
#1309=VERTEX_POINT('',#4152);
#1310=VERTEX_POINT('',#4157);
#1311=VERTEX_POINT('',#4162);
#1312=VERTEX_POINT('',#4179);
#1313=VERTEX_POINT('',#4184);
#1314=VERTEX_POINT('',#4205);
#1315=VERTEX_POINT('',#4210);
#1316=VERTEX_POINT('',#4236);
#1317=VERTEX_POINT('',#4238);
#1318=VERTEX_POINT('',#4242);
#1319=VERTEX_POINT('',#4261);
#1320=VERTEX_POINT('',#4262);
#1321=VERTEX_POINT('',#4267);
#1322=VERTEX_POINT('',#4272);
#1323=VERTEX_POINT('',#4289);
#1324=VERTEX_POINT('',#4294);
#1325=VERTEX_POINT('',#4315);
#1326=VERTEX_POINT('',#4320);
#1327=VERTEX_POINT('',#4360);
#1328=VERTEX_POINT('',#4361);
#1329=VERTEX_POINT('',#4366);
#1330=VERTEX_POINT('',#4371);
#1331=VERTEX_POINT('',#4388);
#1332=VERTEX_POINT('',#4393);
#1333=VERTEX_POINT('',#4414);
#1334=VERTEX_POINT('',#4419);
#1335=VERTEX_POINT('',#4459);
#1336=VERTEX_POINT('',#4460);
#1337=VERTEX_POINT('',#4465);
#1338=VERTEX_POINT('',#4470);
#1339=VERTEX_POINT('',#4487);
#1340=VERTEX_POINT('',#4492);
#1341=VERTEX_POINT('',#4513);
#1342=VERTEX_POINT('',#4518);
#1343=VERTEX_POINT('',#4558);
#1344=VERTEX_POINT('',#4559);
#1345=VERTEX_POINT('',#4564);
#1346=VERTEX_POINT('',#4569);
#1347=VERTEX_POINT('',#4586);
#1348=VERTEX_POINT('',#4591);
#1349=VERTEX_POINT('',#4612);
#1350=VERTEX_POINT('',#4617);
#1351=VERTEX_POINT('',#4657);
#1352=VERTEX_POINT('',#4658);
#1353=VERTEX_POINT('',#4663);
#1354=VERTEX_POINT('',#4668);
#1355=VERTEX_POINT('',#4685);
#1356=VERTEX_POINT('',#4690);
#1357=VERTEX_POINT('',#4711);
#1358=VERTEX_POINT('',#4716);
#1359=VERTEX_POINT('',#4756);
#1360=VERTEX_POINT('',#4757);
#1361=VERTEX_POINT('',#4762);
#1362=VERTEX_POINT('',#4767);
#1363=VERTEX_POINT('',#4784);
#1364=VERTEX_POINT('',#4789);
#1365=VERTEX_POINT('',#4810);
#1366=VERTEX_POINT('',#4815);
#1367=VERTEX_POINT('',#4855);
#1368=VERTEX_POINT('',#4856);
#1369=VERTEX_POINT('',#4861);
#1370=VERTEX_POINT('',#4866);
#1371=VERTEX_POINT('',#4883);
#1372=VERTEX_POINT('',#4888);
#1373=VERTEX_POINT('',#4909);
#1374=VERTEX_POINT('',#4914);
#1375=VERTEX_POINT('',#4954);
#1376=VERTEX_POINT('',#4955);
#1377=VERTEX_POINT('',#4960);
#1378=VERTEX_POINT('',#4965);
#1379=VERTEX_POINT('',#4982);
#1380=VERTEX_POINT('',#4987);
#1381=VERTEX_POINT('',#5008);
#1382=VERTEX_POINT('',#5013);
#1383=VERTEX_POINT('',#5053);
#1384=VERTEX_POINT('',#5054);
#1385=VERTEX_POINT('',#5059);
#1386=VERTEX_POINT('',#5064);
#1387=VERTEX_POINT('',#5081);
#1388=VERTEX_POINT('',#5086);
#1389=VERTEX_POINT('',#5107);
#1390=VERTEX_POINT('',#5112);
#1391=VERTEX_POINT('',#5152);
#1392=VERTEX_POINT('',#5153);
#1393=VERTEX_POINT('',#5158);
#1394=VERTEX_POINT('',#5163);
#1395=VERTEX_POINT('',#5180);
#1396=VERTEX_POINT('',#5185);
#1397=VERTEX_POINT('',#5206);
#1398=VERTEX_POINT('',#5211);
#1399=VERTEX_POINT('',#5251);
#1400=VERTEX_POINT('',#5252);
#1401=VERTEX_POINT('',#5257);
#1402=VERTEX_POINT('',#5262);
#1403=VERTEX_POINT('',#5279);
#1404=VERTEX_POINT('',#5284);
#1405=VERTEX_POINT('',#5305);
#1406=VERTEX_POINT('',#5310);
#1407=VERTEX_POINT('',#5350);
#1408=VERTEX_POINT('',#5351);
#1409=VERTEX_POINT('',#5356);
#1410=VERTEX_POINT('',#5361);
#1411=VERTEX_POINT('',#5378);
#1412=VERTEX_POINT('',#5383);
#1413=VERTEX_POINT('',#5404);
#1414=VERTEX_POINT('',#5409);
#1415=VERTEX_POINT('',#5449);
#1416=VERTEX_POINT('',#5450);
#1417=VERTEX_POINT('',#5455);
#1418=VERTEX_POINT('',#5460);
#1419=VERTEX_POINT('',#5477);
#1420=VERTEX_POINT('',#5482);
#1421=VERTEX_POINT('',#5503);
#1422=VERTEX_POINT('',#5508);
#1423=VERTEX_POINT('',#5548);
#1424=VERTEX_POINT('',#5549);
#1425=VERTEX_POINT('',#5554);
#1426=VERTEX_POINT('',#5559);
#1427=VERTEX_POINT('',#5576);
#1428=VERTEX_POINT('',#5581);
#1429=VERTEX_POINT('',#5602);
#1430=VERTEX_POINT('',#5607);
#1431=VERTEX_POINT('',#5647);
#1432=VERTEX_POINT('',#5648);
#1433=VERTEX_POINT('',#5653);
#1434=VERTEX_POINT('',#5658);
#1435=VERTEX_POINT('',#5675);
#1436=VERTEX_POINT('',#5680);
#1437=VERTEX_POINT('',#5701);
#1438=VERTEX_POINT('',#5706);
#1439=VERTEX_POINT('',#5746);
#1440=VERTEX_POINT('',#5747);
#1441=VERTEX_POINT('',#5752);
#1442=VERTEX_POINT('',#5757);
#1443=VERTEX_POINT('',#5774);
#1444=VERTEX_POINT('',#5779);
#1445=VERTEX_POINT('',#5800);
#1446=VERTEX_POINT('',#5805);
#1447=VERTEX_POINT('',#5845);
#1448=VERTEX_POINT('',#5846);
#1449=VERTEX_POINT('',#5851);
#1450=VERTEX_POINT('',#5856);
#1451=VERTEX_POINT('',#5873);
#1452=VERTEX_POINT('',#5878);
#1453=VERTEX_POINT('',#5899);
#1454=VERTEX_POINT('',#5904);
#1455=VERTEX_POINT('',#5944);
#1456=VERTEX_POINT('',#5945);
#1457=VERTEX_POINT('',#5950);
#1458=VERTEX_POINT('',#5955);
#1459=VERTEX_POINT('',#5972);
#1460=VERTEX_POINT('',#5977);
#1461=VERTEX_POINT('',#5998);
#1462=VERTEX_POINT('',#6003);
#1463=VERTEX_POINT('',#6043);
#1464=VERTEX_POINT('',#6044);
#1465=VERTEX_POINT('',#6049);
#1466=VERTEX_POINT('',#6054);
#1467=VERTEX_POINT('',#6071);
#1468=VERTEX_POINT('',#6076);
#1469=VERTEX_POINT('',#6097);
#1470=VERTEX_POINT('',#6102);
#1471=B_SPLINE_CURVE_WITH_KNOTS('',3,(#3157,#3158,#3159,#3160),
 .UNSPECIFIED.,.F.,.F.,(4,4),(0.,1.),.UNSPECIFIED.);
#1472=B_SPLINE_CURVE_WITH_KNOTS('',3,(#3163,#3164,#3165,#3166),
 .UNSPECIFIED.,.F.,.F.,(4,4),(0.,1.),.UNSPECIFIED.);
#1473=B_SPLINE_CURVE_WITH_KNOTS('',3,(#3168,#3169,#3170,#3171),
 .UNSPECIFIED.,.F.,.F.,(4,4),(0.,1.),.UNSPECIFIED.);
#1474=B_SPLINE_CURVE_WITH_KNOTS('',3,(#3173,#3174,#3175,#3176),
 .UNSPECIFIED.,.F.,.F.,(4,4),(1.74112419728773E-7,0.999999476274739),
 .UNSPECIFIED.);
#1475=B_SPLINE_CURVE_WITH_KNOTS('',3,(#3185,#3186,#3187,#3188),
 .UNSPECIFIED.,.F.,.F.,(4,4),(0.,1.),.UNSPECIFIED.);
#1476=B_SPLINE_CURVE_WITH_KNOTS('',3,(#3190,#3191,#3192,#3193),
 .UNSPECIFIED.,.F.,.F.,(4,4),(0.,1.),.UNSPECIFIED.);
#1477=B_SPLINE_CURVE_WITH_KNOTS('',3,(#3195,#3196,#3197,#3198),
 .UNSPECIFIED.,.F.,.F.,(4,4),(4.38292342931494E-6,1.),.UNSPECIFIED.);
#1478=B_SPLINE_CURVE_WITH_KNOTS('',3,(#3211,#3212,#3213,#3214),
 .UNSPECIFIED.,.F.,.F.,(4,4),(0.,1.),.UNSPECIFIED.);
#1479=B_SPLINE_CURVE_WITH_KNOTS('',3,(#3216,#3217,#3218,#3219),
 .UNSPECIFIED.,.F.,.F.,(4,4),(0.,1.),.UNSPECIFIED.);
#1480=B_SPLINE_CURVE_WITH_KNOTS('',3,(#3221,#3222,#3223,#3224),
 .UNSPECIFIED.,.F.,.F.,(4,4),(4.24583386964206E-7,0.999999474088088),
 .UNSPECIFIED.);
#1481=B_SPLINE_CURVE_WITH_KNOTS('',3,(#3233,#3234,#3235,#3236),
 .UNSPECIFIED.,.F.,.F.,(4,4),(0.,1.),.UNSPECIFIED.);
#1482=B_SPLINE_CURVE_WITH_KNOTS('',3,(#3237,#3238,#3239,#3240),
 .UNSPECIFIED.,.F.,.F.,(4,4),(0.,0.999998476431141),.UNSPECIFIED.);
#1483=B_SPLINE_CURVE_WITH_KNOTS('',3,(#3256,#3257,#3258,#3259),
 .UNSPECIFIED.,.F.,.F.,(4,4),(0.,1.),.UNSPECIFIED.);
#1484=B_SPLINE_CURVE_WITH_KNOTS('',3,(#3262,#3263,#3264,#3265),
 .UNSPECIFIED.,.F.,.F.,(4,4),(0.,1.),.UNSPECIFIED.);
#1485=B_SPLINE_CURVE_WITH_KNOTS('',3,(#3267,#3268,#3269,#3270),
 .UNSPECIFIED.,.F.,.F.,(4,4),(0.,1.),.UNSPECIFIED.);
#1486=B_SPLINE_CURVE_WITH_KNOTS('',3,(#3272,#3273,#3274,#3275),
 .UNSPECIFIED.,.F.,.F.,(4,4),(1.74112419728773E-7,0.999999476274739),
 .UNSPECIFIED.);
#1487=B_SPLINE_CURVE_WITH_KNOTS('',3,(#3284,#3285,#3286,#3287),
 .UNSPECIFIED.,.F.,.F.,(4,4),(0.,1.),.UNSPECIFIED.);
#1488=B_SPLINE_CURVE_WITH_KNOTS('',3,(#3289,#3290,#3291,#3292),
 .UNSPECIFIED.,.F.,.F.,(4,4),(0.,1.),.UNSPECIFIED.);
#1489=B_SPLINE_CURVE_WITH_KNOTS('',3,(#3294,#3295,#3296,#3297),
 .UNSPECIFIED.,.F.,.F.,(4,4),(4.38292342931494E-6,1.),.UNSPECIFIED.);
#1490=B_SPLINE_CURVE_WITH_KNOTS('',3,(#3310,#3311,#3312,#3313),
 .UNSPECIFIED.,.F.,.F.,(4,4),(0.,1.),.UNSPECIFIED.);
#1491=B_SPLINE_CURVE_WITH_KNOTS('',3,(#3315,#3316,#3317,#3318),
 .UNSPECIFIED.,.F.,.F.,(4,4),(0.,1.),.UNSPECIFIED.);
#1492=B_SPLINE_CURVE_WITH_KNOTS('',3,(#3320,#3321,#3322,#3323),
 .UNSPECIFIED.,.F.,.F.,(4,4),(4.24583386964206E-7,0.999999474088088),
 .UNSPECIFIED.);
#1493=B_SPLINE_CURVE_WITH_KNOTS('',3,(#3332,#3333,#3334,#3335),
 .UNSPECIFIED.,.F.,.F.,(4,4),(0.,1.),.UNSPECIFIED.);
#1494=B_SPLINE_CURVE_WITH_KNOTS('',3,(#3336,#3337,#3338,#3339),
 .UNSPECIFIED.,.F.,.F.,(4,4),(0.,0.999998476431141),.UNSPECIFIED.);
#1495=B_SPLINE_CURVE_WITH_KNOTS('',3,(#3355,#3356,#3357,#3358),
 .UNSPECIFIED.,.F.,.F.,(4,4),(0.,1.),.UNSPECIFIED.);
#1496=B_SPLINE_CURVE_WITH_KNOTS('',3,(#3361,#3362,#3363,#3364),
 .UNSPECIFIED.,.F.,.F.,(4,4),(0.,1.),.UNSPECIFIED.);
#1497=B_SPLINE_CURVE_WITH_KNOTS('',3,(#3366,#3367,#3368,#3369),
 .UNSPECIFIED.,.F.,.F.,(4,4),(0.,1.),.UNSPECIFIED.);
#1498=B_SPLINE_CURVE_WITH_KNOTS('',3,(#3371,#3372,#3373,#3374),
 .UNSPECIFIED.,.F.,.F.,(4,4),(1.74112419728773E-7,0.999999476274739),
 .UNSPECIFIED.);
#1499=B_SPLINE_CURVE_WITH_KNOTS('',3,(#3383,#3384,#3385,#3386),
 .UNSPECIFIED.,.F.,.F.,(4,4),(0.,1.),.UNSPECIFIED.);
#1500=B_SPLINE_CURVE_WITH_KNOTS('',3,(#3388,#3389,#3390,#3391),
 .UNSPECIFIED.,.F.,.F.,(4,4),(0.,1.),.UNSPECIFIED.);
#1501=B_SPLINE_CURVE_WITH_KNOTS('',3,(#3393,#3394,#3395,#3396),
 .UNSPECIFIED.,.F.,.F.,(4,4),(4.38292342931494E-6,1.),.UNSPECIFIED.);
#1502=B_SPLINE_CURVE_WITH_KNOTS('',3,(#3409,#3410,#3411,#3412),
 .UNSPECIFIED.,.F.,.F.,(4,4),(0.,1.),.UNSPECIFIED.);
#1503=B_SPLINE_CURVE_WITH_KNOTS('',3,(#3414,#3415,#3416,#3417),
 .UNSPECIFIED.,.F.,.F.,(4,4),(0.,1.),.UNSPECIFIED.);
#1504=B_SPLINE_CURVE_WITH_KNOTS('',3,(#3419,#3420,#3421,#3422),
 .UNSPECIFIED.,.F.,.F.,(4,4),(4.24583386964206E-7,0.999999474088088),
 .UNSPECIFIED.);
#1505=B_SPLINE_CURVE_WITH_KNOTS('',3,(#3431,#3432,#3433,#3434),
 .UNSPECIFIED.,.F.,.F.,(4,4),(0.,1.),.UNSPECIFIED.);
#1506=B_SPLINE_CURVE_WITH_KNOTS('',3,(#3435,#3436,#3437,#3438),
 .UNSPECIFIED.,.F.,.F.,(4,4),(0.,0.999998476431141),.UNSPECIFIED.);
#1507=B_SPLINE_CURVE_WITH_KNOTS('',3,(#3454,#3455,#3456,#3457),
 .UNSPECIFIED.,.F.,.F.,(4,4),(0.,1.),.UNSPECIFIED.);
#1508=B_SPLINE_CURVE_WITH_KNOTS('',3,(#3460,#3461,#3462,#3463),
 .UNSPECIFIED.,.F.,.F.,(4,4),(0.,1.),.UNSPECIFIED.);
#1509=B_SPLINE_CURVE_WITH_KNOTS('',3,(#3465,#3466,#3467,#3468),
 .UNSPECIFIED.,.F.,.F.,(4,4),(0.,1.),.UNSPECIFIED.);
#1510=B_SPLINE_CURVE_WITH_KNOTS('',3,(#3470,#3471,#3472,#3473),
 .UNSPECIFIED.,.F.,.F.,(4,4),(1.74112419728773E-7,0.999999476274739),
 .UNSPECIFIED.);
#1511=B_SPLINE_CURVE_WITH_KNOTS('',3,(#3482,#3483,#3484,#3485),
 .UNSPECIFIED.,.F.,.F.,(4,4),(0.,1.),.UNSPECIFIED.);
#1512=B_SPLINE_CURVE_WITH_KNOTS('',3,(#3487,#3488,#3489,#3490),
 .UNSPECIFIED.,.F.,.F.,(4,4),(0.,1.),.UNSPECIFIED.);
#1513=B_SPLINE_CURVE_WITH_KNOTS('',3,(#3492,#3493,#3494,#3495),
 .UNSPECIFIED.,.F.,.F.,(4,4),(4.38292342931494E-6,1.),.UNSPECIFIED.);
#1514=B_SPLINE_CURVE_WITH_KNOTS('',3,(#3508,#3509,#3510,#3511),
 .UNSPECIFIED.,.F.,.F.,(4,4),(0.,1.),.UNSPECIFIED.);
#1515=B_SPLINE_CURVE_WITH_KNOTS('',3,(#3513,#3514,#3515,#3516),
 .UNSPECIFIED.,.F.,.F.,(4,4),(0.,1.),.UNSPECIFIED.);
#1516=B_SPLINE_CURVE_WITH_KNOTS('',3,(#3518,#3519,#3520,#3521),
 .UNSPECIFIED.,.F.,.F.,(4,4),(4.24583386964206E-7,0.999999474088088),
 .UNSPECIFIED.);
#1517=B_SPLINE_CURVE_WITH_KNOTS('',3,(#3530,#3531,#3532,#3533),
 .UNSPECIFIED.,.F.,.F.,(4,4),(0.,1.),.UNSPECIFIED.);
#1518=B_SPLINE_CURVE_WITH_KNOTS('',3,(#3534,#3535,#3536,#3537),
 .UNSPECIFIED.,.F.,.F.,(4,4),(0.,0.999998476431141),.UNSPECIFIED.);
#1519=B_SPLINE_CURVE_WITH_KNOTS('',3,(#3553,#3554,#3555,#3556),
 .UNSPECIFIED.,.F.,.F.,(4,4),(0.,1.),.UNSPECIFIED.);
#1520=B_SPLINE_CURVE_WITH_KNOTS('',3,(#3559,#3560,#3561,#3562),
 .UNSPECIFIED.,.F.,.F.,(4,4),(0.,1.),.UNSPECIFIED.);
#1521=B_SPLINE_CURVE_WITH_KNOTS('',3,(#3564,#3565,#3566,#3567),
 .UNSPECIFIED.,.F.,.F.,(4,4),(0.,1.),.UNSPECIFIED.);
#1522=B_SPLINE_CURVE_WITH_KNOTS('',3,(#3569,#3570,#3571,#3572),
 .UNSPECIFIED.,.F.,.F.,(4,4),(1.74112419728773E-7,0.999999476274739),
 .UNSPECIFIED.);
#1523=B_SPLINE_CURVE_WITH_KNOTS('',3,(#3581,#3582,#3583,#3584),
 .UNSPECIFIED.,.F.,.F.,(4,4),(0.,1.),.UNSPECIFIED.);
#1524=B_SPLINE_CURVE_WITH_KNOTS('',3,(#3586,#3587,#3588,#3589),
 .UNSPECIFIED.,.F.,.F.,(4,4),(0.,1.),.UNSPECIFIED.);
#1525=B_SPLINE_CURVE_WITH_KNOTS('',3,(#3591,#3592,#3593,#3594),
 .UNSPECIFIED.,.F.,.F.,(4,4),(4.38292342931494E-6,1.),.UNSPECIFIED.);
#1526=B_SPLINE_CURVE_WITH_KNOTS('',3,(#3607,#3608,#3609,#3610),
 .UNSPECIFIED.,.F.,.F.,(4,4),(0.,1.),.UNSPECIFIED.);
#1527=B_SPLINE_CURVE_WITH_KNOTS('',3,(#3612,#3613,#3614,#3615),
 .UNSPECIFIED.,.F.,.F.,(4,4),(0.,1.),.UNSPECIFIED.);
#1528=B_SPLINE_CURVE_WITH_KNOTS('',3,(#3617,#3618,#3619,#3620),
 .UNSPECIFIED.,.F.,.F.,(4,4),(4.24583386964206E-7,0.999999474088088),
 .UNSPECIFIED.);
#1529=B_SPLINE_CURVE_WITH_KNOTS('',3,(#3629,#3630,#3631,#3632),
 .UNSPECIFIED.,.F.,.F.,(4,4),(0.,1.),.UNSPECIFIED.);
#1530=B_SPLINE_CURVE_WITH_KNOTS('',3,(#3633,#3634,#3635,#3636),
 .UNSPECIFIED.,.F.,.F.,(4,4),(0.,0.999998476431141),.UNSPECIFIED.);
#1531=B_SPLINE_CURVE_WITH_KNOTS('',3,(#3652,#3653,#3654,#3655),
 .UNSPECIFIED.,.F.,.F.,(4,4),(0.,1.),.UNSPECIFIED.);
#1532=B_SPLINE_CURVE_WITH_KNOTS('',3,(#3658,#3659,#3660,#3661),
 .UNSPECIFIED.,.F.,.F.,(4,4),(0.,1.),.UNSPECIFIED.);
#1533=B_SPLINE_CURVE_WITH_KNOTS('',3,(#3663,#3664,#3665,#3666),
 .UNSPECIFIED.,.F.,.F.,(4,4),(0.,1.),.UNSPECIFIED.);
#1534=B_SPLINE_CURVE_WITH_KNOTS('',3,(#3668,#3669,#3670,#3671),
 .UNSPECIFIED.,.F.,.F.,(4,4),(1.74112419728773E-7,0.999999476274739),
 .UNSPECIFIED.);
#1535=B_SPLINE_CURVE_WITH_KNOTS('',3,(#3680,#3681,#3682,#3683),
 .UNSPECIFIED.,.F.,.F.,(4,4),(0.,1.),.UNSPECIFIED.);
#1536=B_SPLINE_CURVE_WITH_KNOTS('',3,(#3685,#3686,#3687,#3688),
 .UNSPECIFIED.,.F.,.F.,(4,4),(0.,1.),.UNSPECIFIED.);
#1537=B_SPLINE_CURVE_WITH_KNOTS('',3,(#3690,#3691,#3692,#3693),
 .UNSPECIFIED.,.F.,.F.,(4,4),(4.38292342931494E-6,1.),.UNSPECIFIED.);
#1538=B_SPLINE_CURVE_WITH_KNOTS('',3,(#3706,#3707,#3708,#3709),
 .UNSPECIFIED.,.F.,.F.,(4,4),(0.,1.),.UNSPECIFIED.);
#1539=B_SPLINE_CURVE_WITH_KNOTS('',3,(#3711,#3712,#3713,#3714),
 .UNSPECIFIED.,.F.,.F.,(4,4),(0.,1.),.UNSPECIFIED.);
#1540=B_SPLINE_CURVE_WITH_KNOTS('',3,(#3716,#3717,#3718,#3719),
 .UNSPECIFIED.,.F.,.F.,(4,4),(4.24583386964206E-7,0.999999474088088),
 .UNSPECIFIED.);
#1541=B_SPLINE_CURVE_WITH_KNOTS('',3,(#3728,#3729,#3730,#3731),
 .UNSPECIFIED.,.F.,.F.,(4,4),(0.,1.),.UNSPECIFIED.);
#1542=B_SPLINE_CURVE_WITH_KNOTS('',3,(#3732,#3733,#3734,#3735),
 .UNSPECIFIED.,.F.,.F.,(4,4),(0.,0.999998476431141),.UNSPECIFIED.);
#1543=B_SPLINE_CURVE_WITH_KNOTS('',3,(#3751,#3752,#3753,#3754),
 .UNSPECIFIED.,.F.,.F.,(4,4),(0.,1.),.UNSPECIFIED.);
#1544=B_SPLINE_CURVE_WITH_KNOTS('',3,(#3757,#3758,#3759,#3760),
 .UNSPECIFIED.,.F.,.F.,(4,4),(0.,1.),.UNSPECIFIED.);
#1545=B_SPLINE_CURVE_WITH_KNOTS('',3,(#3762,#3763,#3764,#3765),
 .UNSPECIFIED.,.F.,.F.,(4,4),(0.,1.),.UNSPECIFIED.);
#1546=B_SPLINE_CURVE_WITH_KNOTS('',3,(#3767,#3768,#3769,#3770),
 .UNSPECIFIED.,.F.,.F.,(4,4),(1.74112419728773E-7,0.999999476274739),
 .UNSPECIFIED.);
#1547=B_SPLINE_CURVE_WITH_KNOTS('',3,(#3779,#3780,#3781,#3782),
 .UNSPECIFIED.,.F.,.F.,(4,4),(0.,1.),.UNSPECIFIED.);
#1548=B_SPLINE_CURVE_WITH_KNOTS('',3,(#3784,#3785,#3786,#3787),
 .UNSPECIFIED.,.F.,.F.,(4,4),(0.,1.),.UNSPECIFIED.);
#1549=B_SPLINE_CURVE_WITH_KNOTS('',3,(#3789,#3790,#3791,#3792),
 .UNSPECIFIED.,.F.,.F.,(4,4),(4.38292342931494E-6,1.),.UNSPECIFIED.);
#1550=B_SPLINE_CURVE_WITH_KNOTS('',3,(#3805,#3806,#3807,#3808),
 .UNSPECIFIED.,.F.,.F.,(4,4),(0.,1.),.UNSPECIFIED.);
#1551=B_SPLINE_CURVE_WITH_KNOTS('',3,(#3810,#3811,#3812,#3813),
 .UNSPECIFIED.,.F.,.F.,(4,4),(0.,1.),.UNSPECIFIED.);
#1552=B_SPLINE_CURVE_WITH_KNOTS('',3,(#3815,#3816,#3817,#3818),
 .UNSPECIFIED.,.F.,.F.,(4,4),(4.24583386964206E-7,0.999999474088088),
 .UNSPECIFIED.);
#1553=B_SPLINE_CURVE_WITH_KNOTS('',3,(#3827,#3828,#3829,#3830),
 .UNSPECIFIED.,.F.,.F.,(4,4),(0.,1.),.UNSPECIFIED.);
#1554=B_SPLINE_CURVE_WITH_KNOTS('',3,(#3831,#3832,#3833,#3834),
 .UNSPECIFIED.,.F.,.F.,(4,4),(0.,0.999998476431141),.UNSPECIFIED.);
#1555=B_SPLINE_CURVE_WITH_KNOTS('',3,(#3850,#3851,#3852,#3853),
 .UNSPECIFIED.,.F.,.F.,(4,4),(0.,1.),.UNSPECIFIED.);
#1556=B_SPLINE_CURVE_WITH_KNOTS('',3,(#3856,#3857,#3858,#3859),
 .UNSPECIFIED.,.F.,.F.,(4,4),(0.,1.),.UNSPECIFIED.);
#1557=B_SPLINE_CURVE_WITH_KNOTS('',3,(#3861,#3862,#3863,#3864),
 .UNSPECIFIED.,.F.,.F.,(4,4),(0.,1.),.UNSPECIFIED.);
#1558=B_SPLINE_CURVE_WITH_KNOTS('',3,(#3866,#3867,#3868,#3869),
 .UNSPECIFIED.,.F.,.F.,(4,4),(1.74112419728773E-7,0.999999476274739),
 .UNSPECIFIED.);
#1559=B_SPLINE_CURVE_WITH_KNOTS('',3,(#3878,#3879,#3880,#3881),
 .UNSPECIFIED.,.F.,.F.,(4,4),(0.,1.),.UNSPECIFIED.);
#1560=B_SPLINE_CURVE_WITH_KNOTS('',3,(#3883,#3884,#3885,#3886),
 .UNSPECIFIED.,.F.,.F.,(4,4),(0.,1.),.UNSPECIFIED.);
#1561=B_SPLINE_CURVE_WITH_KNOTS('',3,(#3888,#3889,#3890,#3891),
 .UNSPECIFIED.,.F.,.F.,(4,4),(4.38292342931494E-6,1.),.UNSPECIFIED.);
#1562=B_SPLINE_CURVE_WITH_KNOTS('',3,(#3904,#3905,#3906,#3907),
 .UNSPECIFIED.,.F.,.F.,(4,4),(0.,1.),.UNSPECIFIED.);
#1563=B_SPLINE_CURVE_WITH_KNOTS('',3,(#3909,#3910,#3911,#3912),
 .UNSPECIFIED.,.F.,.F.,(4,4),(0.,1.),.UNSPECIFIED.);
#1564=B_SPLINE_CURVE_WITH_KNOTS('',3,(#3914,#3915,#3916,#3917),
 .UNSPECIFIED.,.F.,.F.,(4,4),(4.24583386964206E-7,0.999999474088088),
 .UNSPECIFIED.);
#1565=B_SPLINE_CURVE_WITH_KNOTS('',3,(#3926,#3927,#3928,#3929),
 .UNSPECIFIED.,.F.,.F.,(4,4),(0.,1.),.UNSPECIFIED.);
#1566=B_SPLINE_CURVE_WITH_KNOTS('',3,(#3930,#3931,#3932,#3933),
 .UNSPECIFIED.,.F.,.F.,(4,4),(0.,0.999998476431141),.UNSPECIFIED.);
#1567=B_SPLINE_CURVE_WITH_KNOTS('',3,(#3949,#3950,#3951,#3952),
 .UNSPECIFIED.,.F.,.F.,(4,4),(0.,1.),.UNSPECIFIED.);
#1568=B_SPLINE_CURVE_WITH_KNOTS('',3,(#3955,#3956,#3957,#3958),
 .UNSPECIFIED.,.F.,.F.,(4,4),(0.,1.),.UNSPECIFIED.);
#1569=B_SPLINE_CURVE_WITH_KNOTS('',3,(#3960,#3961,#3962,#3963),
 .UNSPECIFIED.,.F.,.F.,(4,4),(0.,1.),.UNSPECIFIED.);
#1570=B_SPLINE_CURVE_WITH_KNOTS('',3,(#3965,#3966,#3967,#3968),
 .UNSPECIFIED.,.F.,.F.,(4,4),(1.74112419728773E-7,0.999999476274739),
 .UNSPECIFIED.);
#1571=B_SPLINE_CURVE_WITH_KNOTS('',3,(#3977,#3978,#3979,#3980),
 .UNSPECIFIED.,.F.,.F.,(4,4),(0.,1.),.UNSPECIFIED.);
#1572=B_SPLINE_CURVE_WITH_KNOTS('',3,(#3982,#3983,#3984,#3985),
 .UNSPECIFIED.,.F.,.F.,(4,4),(0.,1.),.UNSPECIFIED.);
#1573=B_SPLINE_CURVE_WITH_KNOTS('',3,(#3987,#3988,#3989,#3990),
 .UNSPECIFIED.,.F.,.F.,(4,4),(4.38292342931494E-6,1.),.UNSPECIFIED.);
#1574=B_SPLINE_CURVE_WITH_KNOTS('',3,(#4003,#4004,#4005,#4006),
 .UNSPECIFIED.,.F.,.F.,(4,4),(0.,1.),.UNSPECIFIED.);
#1575=B_SPLINE_CURVE_WITH_KNOTS('',3,(#4008,#4009,#4010,#4011),
 .UNSPECIFIED.,.F.,.F.,(4,4),(0.,1.),.UNSPECIFIED.);
#1576=B_SPLINE_CURVE_WITH_KNOTS('',3,(#4013,#4014,#4015,#4016),
 .UNSPECIFIED.,.F.,.F.,(4,4),(4.24583386964206E-7,0.999999474088088),
 .UNSPECIFIED.);
#1577=B_SPLINE_CURVE_WITH_KNOTS('',3,(#4025,#4026,#4027,#4028),
 .UNSPECIFIED.,.F.,.F.,(4,4),(0.,1.),.UNSPECIFIED.);
#1578=B_SPLINE_CURVE_WITH_KNOTS('',3,(#4029,#4030,#4031,#4032),
 .UNSPECIFIED.,.F.,.F.,(4,4),(0.,0.999998476431141),.UNSPECIFIED.);
#1579=B_SPLINE_CURVE_WITH_KNOTS('',3,(#4048,#4049,#4050,#4051),
 .UNSPECIFIED.,.F.,.F.,(4,4),(0.,1.),.UNSPECIFIED.);
#1580=B_SPLINE_CURVE_WITH_KNOTS('',3,(#4054,#4055,#4056,#4057),
 .UNSPECIFIED.,.F.,.F.,(4,4),(0.,1.),.UNSPECIFIED.);
#1581=B_SPLINE_CURVE_WITH_KNOTS('',3,(#4059,#4060,#4061,#4062),
 .UNSPECIFIED.,.F.,.F.,(4,4),(0.,1.),.UNSPECIFIED.);
#1582=B_SPLINE_CURVE_WITH_KNOTS('',3,(#4064,#4065,#4066,#4067),
 .UNSPECIFIED.,.F.,.F.,(4,4),(1.74112419728773E-7,0.999999476274739),
 .UNSPECIFIED.);
#1583=B_SPLINE_CURVE_WITH_KNOTS('',3,(#4076,#4077,#4078,#4079),
 .UNSPECIFIED.,.F.,.F.,(4,4),(0.,1.),.UNSPECIFIED.);
#1584=B_SPLINE_CURVE_WITH_KNOTS('',3,(#4081,#4082,#4083,#4084),
 .UNSPECIFIED.,.F.,.F.,(4,4),(0.,1.),.UNSPECIFIED.);
#1585=B_SPLINE_CURVE_WITH_KNOTS('',3,(#4086,#4087,#4088,#4089),
 .UNSPECIFIED.,.F.,.F.,(4,4),(4.38292342931494E-6,1.),.UNSPECIFIED.);
#1586=B_SPLINE_CURVE_WITH_KNOTS('',3,(#4102,#4103,#4104,#4105),
 .UNSPECIFIED.,.F.,.F.,(4,4),(0.,1.),.UNSPECIFIED.);
#1587=B_SPLINE_CURVE_WITH_KNOTS('',3,(#4107,#4108,#4109,#4110),
 .UNSPECIFIED.,.F.,.F.,(4,4),(0.,1.),.UNSPECIFIED.);
#1588=B_SPLINE_CURVE_WITH_KNOTS('',3,(#4112,#4113,#4114,#4115),
 .UNSPECIFIED.,.F.,.F.,(4,4),(4.24583386964206E-7,0.999999474088088),
 .UNSPECIFIED.);
#1589=B_SPLINE_CURVE_WITH_KNOTS('',3,(#4124,#4125,#4126,#4127),
 .UNSPECIFIED.,.F.,.F.,(4,4),(0.,1.),.UNSPECIFIED.);
#1590=B_SPLINE_CURVE_WITH_KNOTS('',3,(#4128,#4129,#4130,#4131),
 .UNSPECIFIED.,.F.,.F.,(4,4),(0.,0.999998476431141),.UNSPECIFIED.);
#1591=B_SPLINE_CURVE_WITH_KNOTS('',3,(#4147,#4148,#4149,#4150),
 .UNSPECIFIED.,.F.,.F.,(4,4),(0.,1.),.UNSPECIFIED.);
#1592=B_SPLINE_CURVE_WITH_KNOTS('',3,(#4153,#4154,#4155,#4156),
 .UNSPECIFIED.,.F.,.F.,(4,4),(0.,1.),.UNSPECIFIED.);
#1593=B_SPLINE_CURVE_WITH_KNOTS('',3,(#4158,#4159,#4160,#4161),
 .UNSPECIFIED.,.F.,.F.,(4,4),(0.,1.),.UNSPECIFIED.);
#1594=B_SPLINE_CURVE_WITH_KNOTS('',3,(#4163,#4164,#4165,#4166),
 .UNSPECIFIED.,.F.,.F.,(4,4),(1.74112419728773E-7,0.999999476274739),
 .UNSPECIFIED.);
#1595=B_SPLINE_CURVE_WITH_KNOTS('',3,(#4175,#4176,#4177,#4178),
 .UNSPECIFIED.,.F.,.F.,(4,4),(0.,1.),.UNSPECIFIED.);
#1596=B_SPLINE_CURVE_WITH_KNOTS('',3,(#4180,#4181,#4182,#4183),
 .UNSPECIFIED.,.F.,.F.,(4,4),(0.,1.),.UNSPECIFIED.);
#1597=B_SPLINE_CURVE_WITH_KNOTS('',3,(#4185,#4186,#4187,#4188),
 .UNSPECIFIED.,.F.,.F.,(4,4),(4.38292342931494E-6,1.),.UNSPECIFIED.);
#1598=B_SPLINE_CURVE_WITH_KNOTS('',3,(#4201,#4202,#4203,#4204),
 .UNSPECIFIED.,.F.,.F.,(4,4),(0.,1.),.UNSPECIFIED.);
#1599=B_SPLINE_CURVE_WITH_KNOTS('',3,(#4206,#4207,#4208,#4209),
 .UNSPECIFIED.,.F.,.F.,(4,4),(0.,1.),.UNSPECIFIED.);
#1600=B_SPLINE_CURVE_WITH_KNOTS('',3,(#4211,#4212,#4213,#4214),
 .UNSPECIFIED.,.F.,.F.,(4,4),(4.24583386964206E-7,0.999999474088088),
 .UNSPECIFIED.);
#1601=B_SPLINE_CURVE_WITH_KNOTS('',3,(#4223,#4224,#4225,#4226),
 .UNSPECIFIED.,.F.,.F.,(4,4),(0.,1.),.UNSPECIFIED.);
#1602=B_SPLINE_CURVE_WITH_KNOTS('',3,(#4227,#4228,#4229,#4230),
 .UNSPECIFIED.,.F.,.F.,(4,4),(0.,0.999998476431141),.UNSPECIFIED.);
#1603=B_SPLINE_CURVE_WITH_KNOTS('',3,(#4257,#4258,#4259,#4260),
 .UNSPECIFIED.,.F.,.F.,(4,4),(0.,1.),.UNSPECIFIED.);
#1604=B_SPLINE_CURVE_WITH_KNOTS('',3,(#4263,#4264,#4265,#4266),
 .UNSPECIFIED.,.F.,.F.,(4,4),(0.,1.),.UNSPECIFIED.);
#1605=B_SPLINE_CURVE_WITH_KNOTS('',3,(#4268,#4269,#4270,#4271),
 .UNSPECIFIED.,.F.,.F.,(4,4),(0.,1.),.UNSPECIFIED.);
#1606=B_SPLINE_CURVE_WITH_KNOTS('',3,(#4273,#4274,#4275,#4276),
 .UNSPECIFIED.,.F.,.F.,(4,4),(1.74112419728773E-7,0.999999476274739),
 .UNSPECIFIED.);
#1607=B_SPLINE_CURVE_WITH_KNOTS('',3,(#4285,#4286,#4287,#4288),
 .UNSPECIFIED.,.F.,.F.,(4,4),(0.,1.),.UNSPECIFIED.);
#1608=B_SPLINE_CURVE_WITH_KNOTS('',3,(#4290,#4291,#4292,#4293),
 .UNSPECIFIED.,.F.,.F.,(4,4),(0.,1.),.UNSPECIFIED.);
#1609=B_SPLINE_CURVE_WITH_KNOTS('',3,(#4295,#4296,#4297,#4298),
 .UNSPECIFIED.,.F.,.F.,(4,4),(4.38292342931494E-6,1.),.UNSPECIFIED.);
#1610=B_SPLINE_CURVE_WITH_KNOTS('',3,(#4311,#4312,#4313,#4314),
 .UNSPECIFIED.,.F.,.F.,(4,4),(0.,1.),.UNSPECIFIED.);
#1611=B_SPLINE_CURVE_WITH_KNOTS('',3,(#4316,#4317,#4318,#4319),
 .UNSPECIFIED.,.F.,.F.,(4,4),(0.,1.),.UNSPECIFIED.);
#1612=B_SPLINE_CURVE_WITH_KNOTS('',3,(#4321,#4322,#4323,#4324),
 .UNSPECIFIED.,.F.,.F.,(4,4),(4.24583386964206E-7,0.999999474088088),
 .UNSPECIFIED.);
#1613=B_SPLINE_CURVE_WITH_KNOTS('',3,(#4333,#4334,#4335,#4336),
 .UNSPECIFIED.,.F.,.F.,(4,4),(0.,1.),.UNSPECIFIED.);
#1614=B_SPLINE_CURVE_WITH_KNOTS('',3,(#4337,#4338,#4339,#4340),
 .UNSPECIFIED.,.F.,.F.,(4,4),(0.,0.999998476431141),.UNSPECIFIED.);
#1615=B_SPLINE_CURVE_WITH_KNOTS('',3,(#4356,#4357,#4358,#4359),
 .UNSPECIFIED.,.F.,.F.,(4,4),(0.,1.),.UNSPECIFIED.);
#1616=B_SPLINE_CURVE_WITH_KNOTS('',3,(#4362,#4363,#4364,#4365),
 .UNSPECIFIED.,.F.,.F.,(4,4),(0.,1.),.UNSPECIFIED.);
#1617=B_SPLINE_CURVE_WITH_KNOTS('',3,(#4367,#4368,#4369,#4370),
 .UNSPECIFIED.,.F.,.F.,(4,4),(0.,1.),.UNSPECIFIED.);
#1618=B_SPLINE_CURVE_WITH_KNOTS('',3,(#4372,#4373,#4374,#4375),
 .UNSPECIFIED.,.F.,.F.,(4,4),(1.74112419728773E-7,0.999999476274739),
 .UNSPECIFIED.);
#1619=B_SPLINE_CURVE_WITH_KNOTS('',3,(#4384,#4385,#4386,#4387),
 .UNSPECIFIED.,.F.,.F.,(4,4),(0.,1.),.UNSPECIFIED.);
#1620=B_SPLINE_CURVE_WITH_KNOTS('',3,(#4389,#4390,#4391,#4392),
 .UNSPECIFIED.,.F.,.F.,(4,4),(0.,1.),.UNSPECIFIED.);
#1621=B_SPLINE_CURVE_WITH_KNOTS('',3,(#4394,#4395,#4396,#4397),
 .UNSPECIFIED.,.F.,.F.,(4,4),(4.38292342931494E-6,1.),.UNSPECIFIED.);
#1622=B_SPLINE_CURVE_WITH_KNOTS('',3,(#4410,#4411,#4412,#4413),
 .UNSPECIFIED.,.F.,.F.,(4,4),(0.,1.),.UNSPECIFIED.);
#1623=B_SPLINE_CURVE_WITH_KNOTS('',3,(#4415,#4416,#4417,#4418),
 .UNSPECIFIED.,.F.,.F.,(4,4),(0.,1.),.UNSPECIFIED.);
#1624=B_SPLINE_CURVE_WITH_KNOTS('',3,(#4420,#4421,#4422,#4423),
 .UNSPECIFIED.,.F.,.F.,(4,4),(4.24583386964206E-7,0.999999474088088),
 .UNSPECIFIED.);
#1625=B_SPLINE_CURVE_WITH_KNOTS('',3,(#4432,#4433,#4434,#4435),
 .UNSPECIFIED.,.F.,.F.,(4,4),(0.,1.),.UNSPECIFIED.);
#1626=B_SPLINE_CURVE_WITH_KNOTS('',3,(#4436,#4437,#4438,#4439),
 .UNSPECIFIED.,.F.,.F.,(4,4),(0.,0.999998476431141),.UNSPECIFIED.);
#1627=B_SPLINE_CURVE_WITH_KNOTS('',3,(#4455,#4456,#4457,#4458),
 .UNSPECIFIED.,.F.,.F.,(4,4),(0.,1.),.UNSPECIFIED.);
#1628=B_SPLINE_CURVE_WITH_KNOTS('',3,(#4461,#4462,#4463,#4464),
 .UNSPECIFIED.,.F.,.F.,(4,4),(0.,1.),.UNSPECIFIED.);
#1629=B_SPLINE_CURVE_WITH_KNOTS('',3,(#4466,#4467,#4468,#4469),
 .UNSPECIFIED.,.F.,.F.,(4,4),(0.,1.),.UNSPECIFIED.);
#1630=B_SPLINE_CURVE_WITH_KNOTS('',3,(#4471,#4472,#4473,#4474),
 .UNSPECIFIED.,.F.,.F.,(4,4),(1.74112419728773E-7,0.999999476274739),
 .UNSPECIFIED.);
#1631=B_SPLINE_CURVE_WITH_KNOTS('',3,(#4483,#4484,#4485,#4486),
 .UNSPECIFIED.,.F.,.F.,(4,4),(0.,1.),.UNSPECIFIED.);
#1632=B_SPLINE_CURVE_WITH_KNOTS('',3,(#4488,#4489,#4490,#4491),
 .UNSPECIFIED.,.F.,.F.,(4,4),(0.,1.),.UNSPECIFIED.);
#1633=B_SPLINE_CURVE_WITH_KNOTS('',3,(#4493,#4494,#4495,#4496),
 .UNSPECIFIED.,.F.,.F.,(4,4),(4.38292342931494E-6,1.),.UNSPECIFIED.);
#1634=B_SPLINE_CURVE_WITH_KNOTS('',3,(#4509,#4510,#4511,#4512),
 .UNSPECIFIED.,.F.,.F.,(4,4),(0.,1.),.UNSPECIFIED.);
#1635=B_SPLINE_CURVE_WITH_KNOTS('',3,(#4514,#4515,#4516,#4517),
 .UNSPECIFIED.,.F.,.F.,(4,4),(0.,1.),.UNSPECIFIED.);
#1636=B_SPLINE_CURVE_WITH_KNOTS('',3,(#4519,#4520,#4521,#4522),
 .UNSPECIFIED.,.F.,.F.,(4,4),(4.24583386964206E-7,0.999999474088088),
 .UNSPECIFIED.);
#1637=B_SPLINE_CURVE_WITH_KNOTS('',3,(#4531,#4532,#4533,#4534),
 .UNSPECIFIED.,.F.,.F.,(4,4),(0.,1.),.UNSPECIFIED.);
#1638=B_SPLINE_CURVE_WITH_KNOTS('',3,(#4535,#4536,#4537,#4538),
 .UNSPECIFIED.,.F.,.F.,(4,4),(0.,0.999998476431141),.UNSPECIFIED.);
#1639=B_SPLINE_CURVE_WITH_KNOTS('',3,(#4554,#4555,#4556,#4557),
 .UNSPECIFIED.,.F.,.F.,(4,4),(0.,1.),.UNSPECIFIED.);
#1640=B_SPLINE_CURVE_WITH_KNOTS('',3,(#4560,#4561,#4562,#4563),
 .UNSPECIFIED.,.F.,.F.,(4,4),(0.,1.),.UNSPECIFIED.);
#1641=B_SPLINE_CURVE_WITH_KNOTS('',3,(#4565,#4566,#4567,#4568),
 .UNSPECIFIED.,.F.,.F.,(4,4),(0.,1.),.UNSPECIFIED.);
#1642=B_SPLINE_CURVE_WITH_KNOTS('',3,(#4570,#4571,#4572,#4573),
 .UNSPECIFIED.,.F.,.F.,(4,4),(1.74112419728773E-7,0.999999476274739),
 .UNSPECIFIED.);
#1643=B_SPLINE_CURVE_WITH_KNOTS('',3,(#4582,#4583,#4584,#4585),
 .UNSPECIFIED.,.F.,.F.,(4,4),(0.,1.),.UNSPECIFIED.);
#1644=B_SPLINE_CURVE_WITH_KNOTS('',3,(#4587,#4588,#4589,#4590),
 .UNSPECIFIED.,.F.,.F.,(4,4),(0.,1.),.UNSPECIFIED.);
#1645=B_SPLINE_CURVE_WITH_KNOTS('',3,(#4592,#4593,#4594,#4595),
 .UNSPECIFIED.,.F.,.F.,(4,4),(4.38292342931494E-6,1.),.UNSPECIFIED.);
#1646=B_SPLINE_CURVE_WITH_KNOTS('',3,(#4608,#4609,#4610,#4611),
 .UNSPECIFIED.,.F.,.F.,(4,4),(0.,1.),.UNSPECIFIED.);
#1647=B_SPLINE_CURVE_WITH_KNOTS('',3,(#4613,#4614,#4615,#4616),
 .UNSPECIFIED.,.F.,.F.,(4,4),(0.,1.),.UNSPECIFIED.);
#1648=B_SPLINE_CURVE_WITH_KNOTS('',3,(#4618,#4619,#4620,#4621),
 .UNSPECIFIED.,.F.,.F.,(4,4),(4.24583386964206E-7,0.999999474088088),
 .UNSPECIFIED.);
#1649=B_SPLINE_CURVE_WITH_KNOTS('',3,(#4630,#4631,#4632,#4633),
 .UNSPECIFIED.,.F.,.F.,(4,4),(0.,1.),.UNSPECIFIED.);
#1650=B_SPLINE_CURVE_WITH_KNOTS('',3,(#4634,#4635,#4636,#4637),
 .UNSPECIFIED.,.F.,.F.,(4,4),(0.,0.999998476431141),.UNSPECIFIED.);
#1651=B_SPLINE_CURVE_WITH_KNOTS('',3,(#4653,#4654,#4655,#4656),
 .UNSPECIFIED.,.F.,.F.,(4,4),(0.,1.),.UNSPECIFIED.);
#1652=B_SPLINE_CURVE_WITH_KNOTS('',3,(#4659,#4660,#4661,#4662),
 .UNSPECIFIED.,.F.,.F.,(4,4),(0.,1.),.UNSPECIFIED.);
#1653=B_SPLINE_CURVE_WITH_KNOTS('',3,(#4664,#4665,#4666,#4667),
 .UNSPECIFIED.,.F.,.F.,(4,4),(0.,1.),.UNSPECIFIED.);
#1654=B_SPLINE_CURVE_WITH_KNOTS('',3,(#4669,#4670,#4671,#4672),
 .UNSPECIFIED.,.F.,.F.,(4,4),(1.74112419728773E-7,0.999999476274739),
 .UNSPECIFIED.);
#1655=B_SPLINE_CURVE_WITH_KNOTS('',3,(#4681,#4682,#4683,#4684),
 .UNSPECIFIED.,.F.,.F.,(4,4),(0.,1.),.UNSPECIFIED.);
#1656=B_SPLINE_CURVE_WITH_KNOTS('',3,(#4686,#4687,#4688,#4689),
 .UNSPECIFIED.,.F.,.F.,(4,4),(0.,1.),.UNSPECIFIED.);
#1657=B_SPLINE_CURVE_WITH_KNOTS('',3,(#4691,#4692,#4693,#4694),
 .UNSPECIFIED.,.F.,.F.,(4,4),(4.38292342931494E-6,1.),.UNSPECIFIED.);
#1658=B_SPLINE_CURVE_WITH_KNOTS('',3,(#4707,#4708,#4709,#4710),
 .UNSPECIFIED.,.F.,.F.,(4,4),(0.,1.),.UNSPECIFIED.);
#1659=B_SPLINE_CURVE_WITH_KNOTS('',3,(#4712,#4713,#4714,#4715),
 .UNSPECIFIED.,.F.,.F.,(4,4),(0.,1.),.UNSPECIFIED.);
#1660=B_SPLINE_CURVE_WITH_KNOTS('',3,(#4717,#4718,#4719,#4720),
 .UNSPECIFIED.,.F.,.F.,(4,4),(4.24583386964206E-7,0.999999474088088),
 .UNSPECIFIED.);
#1661=B_SPLINE_CURVE_WITH_KNOTS('',3,(#4729,#4730,#4731,#4732),
 .UNSPECIFIED.,.F.,.F.,(4,4),(0.,1.),.UNSPECIFIED.);
#1662=B_SPLINE_CURVE_WITH_KNOTS('',3,(#4733,#4734,#4735,#4736),
 .UNSPECIFIED.,.F.,.F.,(4,4),(0.,0.999998476431141),.UNSPECIFIED.);
#1663=B_SPLINE_CURVE_WITH_KNOTS('',3,(#4752,#4753,#4754,#4755),
 .UNSPECIFIED.,.F.,.F.,(4,4),(0.,1.),.UNSPECIFIED.);
#1664=B_SPLINE_CURVE_WITH_KNOTS('',3,(#4758,#4759,#4760,#4761),
 .UNSPECIFIED.,.F.,.F.,(4,4),(0.,1.),.UNSPECIFIED.);
#1665=B_SPLINE_CURVE_WITH_KNOTS('',3,(#4763,#4764,#4765,#4766),
 .UNSPECIFIED.,.F.,.F.,(4,4),(0.,1.),.UNSPECIFIED.);
#1666=B_SPLINE_CURVE_WITH_KNOTS('',3,(#4768,#4769,#4770,#4771),
 .UNSPECIFIED.,.F.,.F.,(4,4),(1.74112419728773E-7,0.999999476274739),
 .UNSPECIFIED.);
#1667=B_SPLINE_CURVE_WITH_KNOTS('',3,(#4780,#4781,#4782,#4783),
 .UNSPECIFIED.,.F.,.F.,(4,4),(0.,1.),.UNSPECIFIED.);
#1668=B_SPLINE_CURVE_WITH_KNOTS('',3,(#4785,#4786,#4787,#4788),
 .UNSPECIFIED.,.F.,.F.,(4,4),(0.,1.),.UNSPECIFIED.);
#1669=B_SPLINE_CURVE_WITH_KNOTS('',3,(#4790,#4791,#4792,#4793),
 .UNSPECIFIED.,.F.,.F.,(4,4),(4.38292342931494E-6,1.),.UNSPECIFIED.);
#1670=B_SPLINE_CURVE_WITH_KNOTS('',3,(#4806,#4807,#4808,#4809),
 .UNSPECIFIED.,.F.,.F.,(4,4),(0.,1.),.UNSPECIFIED.);
#1671=B_SPLINE_CURVE_WITH_KNOTS('',3,(#4811,#4812,#4813,#4814),
 .UNSPECIFIED.,.F.,.F.,(4,4),(0.,1.),.UNSPECIFIED.);
#1672=B_SPLINE_CURVE_WITH_KNOTS('',3,(#4816,#4817,#4818,#4819),
 .UNSPECIFIED.,.F.,.F.,(4,4),(4.24583386964206E-7,0.999999474088088),
 .UNSPECIFIED.);
#1673=B_SPLINE_CURVE_WITH_KNOTS('',3,(#4828,#4829,#4830,#4831),
 .UNSPECIFIED.,.F.,.F.,(4,4),(0.,1.),.UNSPECIFIED.);
#1674=B_SPLINE_CURVE_WITH_KNOTS('',3,(#4832,#4833,#4834,#4835),
 .UNSPECIFIED.,.F.,.F.,(4,4),(0.,0.999998476431141),.UNSPECIFIED.);
#1675=B_SPLINE_CURVE_WITH_KNOTS('',3,(#4851,#4852,#4853,#4854),
 .UNSPECIFIED.,.F.,.F.,(4,4),(0.,1.),.UNSPECIFIED.);
#1676=B_SPLINE_CURVE_WITH_KNOTS('',3,(#4857,#4858,#4859,#4860),
 .UNSPECIFIED.,.F.,.F.,(4,4),(0.,1.),.UNSPECIFIED.);
#1677=B_SPLINE_CURVE_WITH_KNOTS('',3,(#4862,#4863,#4864,#4865),
 .UNSPECIFIED.,.F.,.F.,(4,4),(0.,1.),.UNSPECIFIED.);
#1678=B_SPLINE_CURVE_WITH_KNOTS('',3,(#4867,#4868,#4869,#4870),
 .UNSPECIFIED.,.F.,.F.,(4,4),(1.74112419728773E-7,0.999999476274739),
 .UNSPECIFIED.);
#1679=B_SPLINE_CURVE_WITH_KNOTS('',3,(#4879,#4880,#4881,#4882),
 .UNSPECIFIED.,.F.,.F.,(4,4),(0.,1.),.UNSPECIFIED.);
#1680=B_SPLINE_CURVE_WITH_KNOTS('',3,(#4884,#4885,#4886,#4887),
 .UNSPECIFIED.,.F.,.F.,(4,4),(0.,1.),.UNSPECIFIED.);
#1681=B_SPLINE_CURVE_WITH_KNOTS('',3,(#4889,#4890,#4891,#4892),
 .UNSPECIFIED.,.F.,.F.,(4,4),(4.38292342931494E-6,1.),.UNSPECIFIED.);
#1682=B_SPLINE_CURVE_WITH_KNOTS('',3,(#4905,#4906,#4907,#4908),
 .UNSPECIFIED.,.F.,.F.,(4,4),(0.,1.),.UNSPECIFIED.);
#1683=B_SPLINE_CURVE_WITH_KNOTS('',3,(#4910,#4911,#4912,#4913),
 .UNSPECIFIED.,.F.,.F.,(4,4),(0.,1.),.UNSPECIFIED.);
#1684=B_SPLINE_CURVE_WITH_KNOTS('',3,(#4915,#4916,#4917,#4918),
 .UNSPECIFIED.,.F.,.F.,(4,4),(4.24583386964206E-7,0.999999474088088),
 .UNSPECIFIED.);
#1685=B_SPLINE_CURVE_WITH_KNOTS('',3,(#4927,#4928,#4929,#4930),
 .UNSPECIFIED.,.F.,.F.,(4,4),(0.,1.),.UNSPECIFIED.);
#1686=B_SPLINE_CURVE_WITH_KNOTS('',3,(#4931,#4932,#4933,#4934),
 .UNSPECIFIED.,.F.,.F.,(4,4),(0.,0.999998476431141),.UNSPECIFIED.);
#1687=B_SPLINE_CURVE_WITH_KNOTS('',3,(#4950,#4951,#4952,#4953),
 .UNSPECIFIED.,.F.,.F.,(4,4),(0.,1.),.UNSPECIFIED.);
#1688=B_SPLINE_CURVE_WITH_KNOTS('',3,(#4956,#4957,#4958,#4959),
 .UNSPECIFIED.,.F.,.F.,(4,4),(0.,1.),.UNSPECIFIED.);
#1689=B_SPLINE_CURVE_WITH_KNOTS('',3,(#4961,#4962,#4963,#4964),
 .UNSPECIFIED.,.F.,.F.,(4,4),(0.,1.),.UNSPECIFIED.);
#1690=B_SPLINE_CURVE_WITH_KNOTS('',3,(#4966,#4967,#4968,#4969),
 .UNSPECIFIED.,.F.,.F.,(4,4),(1.74112419728773E-7,0.999999476274739),
 .UNSPECIFIED.);
#1691=B_SPLINE_CURVE_WITH_KNOTS('',3,(#4978,#4979,#4980,#4981),
 .UNSPECIFIED.,.F.,.F.,(4,4),(0.,1.),.UNSPECIFIED.);
#1692=B_SPLINE_CURVE_WITH_KNOTS('',3,(#4983,#4984,#4985,#4986),
 .UNSPECIFIED.,.F.,.F.,(4,4),(0.,1.),.UNSPECIFIED.);
#1693=B_SPLINE_CURVE_WITH_KNOTS('',3,(#4988,#4989,#4990,#4991),
 .UNSPECIFIED.,.F.,.F.,(4,4),(4.38292342931494E-6,1.),.UNSPECIFIED.);
#1694=B_SPLINE_CURVE_WITH_KNOTS('',3,(#5004,#5005,#5006,#5007),
 .UNSPECIFIED.,.F.,.F.,(4,4),(0.,1.),.UNSPECIFIED.);
#1695=B_SPLINE_CURVE_WITH_KNOTS('',3,(#5009,#5010,#5011,#5012),
 .UNSPECIFIED.,.F.,.F.,(4,4),(0.,1.),.UNSPECIFIED.);
#1696=B_SPLINE_CURVE_WITH_KNOTS('',3,(#5014,#5015,#5016,#5017),
 .UNSPECIFIED.,.F.,.F.,(4,4),(4.24583386964206E-7,0.999999474088088),
 .UNSPECIFIED.);
#1697=B_SPLINE_CURVE_WITH_KNOTS('',3,(#5026,#5027,#5028,#5029),
 .UNSPECIFIED.,.F.,.F.,(4,4),(0.,1.),.UNSPECIFIED.);
#1698=B_SPLINE_CURVE_WITH_KNOTS('',3,(#5030,#5031,#5032,#5033),
 .UNSPECIFIED.,.F.,.F.,(4,4),(0.,0.999998476431141),.UNSPECIFIED.);
#1699=B_SPLINE_CURVE_WITH_KNOTS('',3,(#5049,#5050,#5051,#5052),
 .UNSPECIFIED.,.F.,.F.,(4,4),(0.,1.),.UNSPECIFIED.);
#1700=B_SPLINE_CURVE_WITH_KNOTS('',3,(#5055,#5056,#5057,#5058),
 .UNSPECIFIED.,.F.,.F.,(4,4),(0.,1.),.UNSPECIFIED.);
#1701=B_SPLINE_CURVE_WITH_KNOTS('',3,(#5060,#5061,#5062,#5063),
 .UNSPECIFIED.,.F.,.F.,(4,4),(0.,1.),.UNSPECIFIED.);
#1702=B_SPLINE_CURVE_WITH_KNOTS('',3,(#5065,#5066,#5067,#5068),
 .UNSPECIFIED.,.F.,.F.,(4,4),(1.74112419728773E-7,0.999999476274739),
 .UNSPECIFIED.);
#1703=B_SPLINE_CURVE_WITH_KNOTS('',3,(#5077,#5078,#5079,#5080),
 .UNSPECIFIED.,.F.,.F.,(4,4),(0.,1.),.UNSPECIFIED.);
#1704=B_SPLINE_CURVE_WITH_KNOTS('',3,(#5082,#5083,#5084,#5085),
 .UNSPECIFIED.,.F.,.F.,(4,4),(0.,1.),.UNSPECIFIED.);
#1705=B_SPLINE_CURVE_WITH_KNOTS('',3,(#5087,#5088,#5089,#5090),
 .UNSPECIFIED.,.F.,.F.,(4,4),(4.38292342931494E-6,1.),.UNSPECIFIED.);
#1706=B_SPLINE_CURVE_WITH_KNOTS('',3,(#5103,#5104,#5105,#5106),
 .UNSPECIFIED.,.F.,.F.,(4,4),(0.,1.),.UNSPECIFIED.);
#1707=B_SPLINE_CURVE_WITH_KNOTS('',3,(#5108,#5109,#5110,#5111),
 .UNSPECIFIED.,.F.,.F.,(4,4),(0.,1.),.UNSPECIFIED.);
#1708=B_SPLINE_CURVE_WITH_KNOTS('',3,(#5113,#5114,#5115,#5116),
 .UNSPECIFIED.,.F.,.F.,(4,4),(4.24583386964206E-7,0.999999474088088),
 .UNSPECIFIED.);
#1709=B_SPLINE_CURVE_WITH_KNOTS('',3,(#5125,#5126,#5127,#5128),
 .UNSPECIFIED.,.F.,.F.,(4,4),(0.,1.),.UNSPECIFIED.);
#1710=B_SPLINE_CURVE_WITH_KNOTS('',3,(#5129,#5130,#5131,#5132),
 .UNSPECIFIED.,.F.,.F.,(4,4),(0.,0.999998476431141),.UNSPECIFIED.);
#1711=B_SPLINE_CURVE_WITH_KNOTS('',3,(#5148,#5149,#5150,#5151),
 .UNSPECIFIED.,.F.,.F.,(4,4),(0.,1.),.UNSPECIFIED.);
#1712=B_SPLINE_CURVE_WITH_KNOTS('',3,(#5154,#5155,#5156,#5157),
 .UNSPECIFIED.,.F.,.F.,(4,4),(0.,1.),.UNSPECIFIED.);
#1713=B_SPLINE_CURVE_WITH_KNOTS('',3,(#5159,#5160,#5161,#5162),
 .UNSPECIFIED.,.F.,.F.,(4,4),(0.,1.),.UNSPECIFIED.);
#1714=B_SPLINE_CURVE_WITH_KNOTS('',3,(#5164,#5165,#5166,#5167),
 .UNSPECIFIED.,.F.,.F.,(4,4),(1.74112419728773E-7,0.999999476274739),
 .UNSPECIFIED.);
#1715=B_SPLINE_CURVE_WITH_KNOTS('',3,(#5176,#5177,#5178,#5179),
 .UNSPECIFIED.,.F.,.F.,(4,4),(0.,1.),.UNSPECIFIED.);
#1716=B_SPLINE_CURVE_WITH_KNOTS('',3,(#5181,#5182,#5183,#5184),
 .UNSPECIFIED.,.F.,.F.,(4,4),(0.,1.),.UNSPECIFIED.);
#1717=B_SPLINE_CURVE_WITH_KNOTS('',3,(#5186,#5187,#5188,#5189),
 .UNSPECIFIED.,.F.,.F.,(4,4),(4.38292342931494E-6,1.),.UNSPECIFIED.);
#1718=B_SPLINE_CURVE_WITH_KNOTS('',3,(#5202,#5203,#5204,#5205),
 .UNSPECIFIED.,.F.,.F.,(4,4),(0.,1.),.UNSPECIFIED.);
#1719=B_SPLINE_CURVE_WITH_KNOTS('',3,(#5207,#5208,#5209,#5210),
 .UNSPECIFIED.,.F.,.F.,(4,4),(0.,1.),.UNSPECIFIED.);
#1720=B_SPLINE_CURVE_WITH_KNOTS('',3,(#5212,#5213,#5214,#5215),
 .UNSPECIFIED.,.F.,.F.,(4,4),(4.24583386964206E-7,0.999999474088088),
 .UNSPECIFIED.);
#1721=B_SPLINE_CURVE_WITH_KNOTS('',3,(#5224,#5225,#5226,#5227),
 .UNSPECIFIED.,.F.,.F.,(4,4),(0.,1.),.UNSPECIFIED.);
#1722=B_SPLINE_CURVE_WITH_KNOTS('',3,(#5228,#5229,#5230,#5231),
 .UNSPECIFIED.,.F.,.F.,(4,4),(0.,0.999998476431141),.UNSPECIFIED.);
#1723=B_SPLINE_CURVE_WITH_KNOTS('',3,(#5247,#5248,#5249,#5250),
 .UNSPECIFIED.,.F.,.F.,(4,4),(0.,1.),.UNSPECIFIED.);
#1724=B_SPLINE_CURVE_WITH_KNOTS('',3,(#5253,#5254,#5255,#5256),
 .UNSPECIFIED.,.F.,.F.,(4,4),(0.,1.),.UNSPECIFIED.);
#1725=B_SPLINE_CURVE_WITH_KNOTS('',3,(#5258,#5259,#5260,#5261),
 .UNSPECIFIED.,.F.,.F.,(4,4),(0.,1.),.UNSPECIFIED.);
#1726=B_SPLINE_CURVE_WITH_KNOTS('',3,(#5263,#5264,#5265,#5266),
 .UNSPECIFIED.,.F.,.F.,(4,4),(1.74112419728773E-7,0.999999476274739),
 .UNSPECIFIED.);
#1727=B_SPLINE_CURVE_WITH_KNOTS('',3,(#5275,#5276,#5277,#5278),
 .UNSPECIFIED.,.F.,.F.,(4,4),(0.,1.),.UNSPECIFIED.);
#1728=B_SPLINE_CURVE_WITH_KNOTS('',3,(#5280,#5281,#5282,#5283),
 .UNSPECIFIED.,.F.,.F.,(4,4),(0.,1.),.UNSPECIFIED.);
#1729=B_SPLINE_CURVE_WITH_KNOTS('',3,(#5285,#5286,#5287,#5288),
 .UNSPECIFIED.,.F.,.F.,(4,4),(4.38292342931494E-6,1.),.UNSPECIFIED.);
#1730=B_SPLINE_CURVE_WITH_KNOTS('',3,(#5301,#5302,#5303,#5304),
 .UNSPECIFIED.,.F.,.F.,(4,4),(0.,1.),.UNSPECIFIED.);
#1731=B_SPLINE_CURVE_WITH_KNOTS('',3,(#5306,#5307,#5308,#5309),
 .UNSPECIFIED.,.F.,.F.,(4,4),(0.,1.),.UNSPECIFIED.);
#1732=B_SPLINE_CURVE_WITH_KNOTS('',3,(#5311,#5312,#5313,#5314),
 .UNSPECIFIED.,.F.,.F.,(4,4),(4.24583386964206E-7,0.999999474088088),
 .UNSPECIFIED.);
#1733=B_SPLINE_CURVE_WITH_KNOTS('',3,(#5323,#5324,#5325,#5326),
 .UNSPECIFIED.,.F.,.F.,(4,4),(0.,1.),.UNSPECIFIED.);
#1734=B_SPLINE_CURVE_WITH_KNOTS('',3,(#5327,#5328,#5329,#5330),
 .UNSPECIFIED.,.F.,.F.,(4,4),(0.,0.999998476431141),.UNSPECIFIED.);
#1735=B_SPLINE_CURVE_WITH_KNOTS('',3,(#5346,#5347,#5348,#5349),
 .UNSPECIFIED.,.F.,.F.,(4,4),(0.,1.),.UNSPECIFIED.);
#1736=B_SPLINE_CURVE_WITH_KNOTS('',3,(#5352,#5353,#5354,#5355),
 .UNSPECIFIED.,.F.,.F.,(4,4),(0.,1.),.UNSPECIFIED.);
#1737=B_SPLINE_CURVE_WITH_KNOTS('',3,(#5357,#5358,#5359,#5360),
 .UNSPECIFIED.,.F.,.F.,(4,4),(0.,1.),.UNSPECIFIED.);
#1738=B_SPLINE_CURVE_WITH_KNOTS('',3,(#5362,#5363,#5364,#5365),
 .UNSPECIFIED.,.F.,.F.,(4,4),(1.74112419728773E-7,0.999999476274739),
 .UNSPECIFIED.);
#1739=B_SPLINE_CURVE_WITH_KNOTS('',3,(#5374,#5375,#5376,#5377),
 .UNSPECIFIED.,.F.,.F.,(4,4),(0.,1.),.UNSPECIFIED.);
#1740=B_SPLINE_CURVE_WITH_KNOTS('',3,(#5379,#5380,#5381,#5382),
 .UNSPECIFIED.,.F.,.F.,(4,4),(0.,1.),.UNSPECIFIED.);
#1741=B_SPLINE_CURVE_WITH_KNOTS('',3,(#5384,#5385,#5386,#5387),
 .UNSPECIFIED.,.F.,.F.,(4,4),(4.38292342931494E-6,1.),.UNSPECIFIED.);
#1742=B_SPLINE_CURVE_WITH_KNOTS('',3,(#5400,#5401,#5402,#5403),
 .UNSPECIFIED.,.F.,.F.,(4,4),(0.,1.),.UNSPECIFIED.);
#1743=B_SPLINE_CURVE_WITH_KNOTS('',3,(#5405,#5406,#5407,#5408),
 .UNSPECIFIED.,.F.,.F.,(4,4),(0.,1.),.UNSPECIFIED.);
#1744=B_SPLINE_CURVE_WITH_KNOTS('',3,(#5410,#5411,#5412,#5413),
 .UNSPECIFIED.,.F.,.F.,(4,4),(4.24583386964206E-7,0.999999474088088),
 .UNSPECIFIED.);
#1745=B_SPLINE_CURVE_WITH_KNOTS('',3,(#5422,#5423,#5424,#5425),
 .UNSPECIFIED.,.F.,.F.,(4,4),(0.,1.),.UNSPECIFIED.);
#1746=B_SPLINE_CURVE_WITH_KNOTS('',3,(#5426,#5427,#5428,#5429),
 .UNSPECIFIED.,.F.,.F.,(4,4),(0.,0.999998476431141),.UNSPECIFIED.);
#1747=B_SPLINE_CURVE_WITH_KNOTS('',3,(#5445,#5446,#5447,#5448),
 .UNSPECIFIED.,.F.,.F.,(4,4),(0.,1.),.UNSPECIFIED.);
#1748=B_SPLINE_CURVE_WITH_KNOTS('',3,(#5451,#5452,#5453,#5454),
 .UNSPECIFIED.,.F.,.F.,(4,4),(0.,1.),.UNSPECIFIED.);
#1749=B_SPLINE_CURVE_WITH_KNOTS('',3,(#5456,#5457,#5458,#5459),
 .UNSPECIFIED.,.F.,.F.,(4,4),(0.,1.),.UNSPECIFIED.);
#1750=B_SPLINE_CURVE_WITH_KNOTS('',3,(#5461,#5462,#5463,#5464),
 .UNSPECIFIED.,.F.,.F.,(4,4),(1.74112419728773E-7,0.999999476274739),
 .UNSPECIFIED.);
#1751=B_SPLINE_CURVE_WITH_KNOTS('',3,(#5473,#5474,#5475,#5476),
 .UNSPECIFIED.,.F.,.F.,(4,4),(0.,1.),.UNSPECIFIED.);
#1752=B_SPLINE_CURVE_WITH_KNOTS('',3,(#5478,#5479,#5480,#5481),
 .UNSPECIFIED.,.F.,.F.,(4,4),(0.,1.),.UNSPECIFIED.);
#1753=B_SPLINE_CURVE_WITH_KNOTS('',3,(#5483,#5484,#5485,#5486),
 .UNSPECIFIED.,.F.,.F.,(4,4),(4.38292342931494E-6,1.),.UNSPECIFIED.);
#1754=B_SPLINE_CURVE_WITH_KNOTS('',3,(#5499,#5500,#5501,#5502),
 .UNSPECIFIED.,.F.,.F.,(4,4),(0.,1.),.UNSPECIFIED.);
#1755=B_SPLINE_CURVE_WITH_KNOTS('',3,(#5504,#5505,#5506,#5507),
 .UNSPECIFIED.,.F.,.F.,(4,4),(0.,1.),.UNSPECIFIED.);
#1756=B_SPLINE_CURVE_WITH_KNOTS('',3,(#5509,#5510,#5511,#5512),
 .UNSPECIFIED.,.F.,.F.,(4,4),(4.24583386964206E-7,0.999999474088088),
 .UNSPECIFIED.);
#1757=B_SPLINE_CURVE_WITH_KNOTS('',3,(#5521,#5522,#5523,#5524),
 .UNSPECIFIED.,.F.,.F.,(4,4),(0.,1.),.UNSPECIFIED.);
#1758=B_SPLINE_CURVE_WITH_KNOTS('',3,(#5525,#5526,#5527,#5528),
 .UNSPECIFIED.,.F.,.F.,(4,4),(0.,0.999998476431141),.UNSPECIFIED.);
#1759=B_SPLINE_CURVE_WITH_KNOTS('',3,(#5544,#5545,#5546,#5547),
 .UNSPECIFIED.,.F.,.F.,(4,4),(0.,1.),.UNSPECIFIED.);
#1760=B_SPLINE_CURVE_WITH_KNOTS('',3,(#5550,#5551,#5552,#5553),
 .UNSPECIFIED.,.F.,.F.,(4,4),(0.,1.),.UNSPECIFIED.);
#1761=B_SPLINE_CURVE_WITH_KNOTS('',3,(#5555,#5556,#5557,#5558),
 .UNSPECIFIED.,.F.,.F.,(4,4),(0.,1.),.UNSPECIFIED.);
#1762=B_SPLINE_CURVE_WITH_KNOTS('',3,(#5560,#5561,#5562,#5563),
 .UNSPECIFIED.,.F.,.F.,(4,4),(1.74112419728773E-7,0.999999476274739),
 .UNSPECIFIED.);
#1763=B_SPLINE_CURVE_WITH_KNOTS('',3,(#5572,#5573,#5574,#5575),
 .UNSPECIFIED.,.F.,.F.,(4,4),(0.,1.),.UNSPECIFIED.);
#1764=B_SPLINE_CURVE_WITH_KNOTS('',3,(#5577,#5578,#5579,#5580),
 .UNSPECIFIED.,.F.,.F.,(4,4),(0.,1.),.UNSPECIFIED.);
#1765=B_SPLINE_CURVE_WITH_KNOTS('',3,(#5582,#5583,#5584,#5585),
 .UNSPECIFIED.,.F.,.F.,(4,4),(4.38292342931494E-6,1.),.UNSPECIFIED.);
#1766=B_SPLINE_CURVE_WITH_KNOTS('',3,(#5598,#5599,#5600,#5601),
 .UNSPECIFIED.,.F.,.F.,(4,4),(0.,1.),.UNSPECIFIED.);
#1767=B_SPLINE_CURVE_WITH_KNOTS('',3,(#5603,#5604,#5605,#5606),
 .UNSPECIFIED.,.F.,.F.,(4,4),(0.,1.),.UNSPECIFIED.);
#1768=B_SPLINE_CURVE_WITH_KNOTS('',3,(#5608,#5609,#5610,#5611),
 .UNSPECIFIED.,.F.,.F.,(4,4),(4.24583386964206E-7,0.999999474088088),
 .UNSPECIFIED.);
#1769=B_SPLINE_CURVE_WITH_KNOTS('',3,(#5620,#5621,#5622,#5623),
 .UNSPECIFIED.,.F.,.F.,(4,4),(0.,1.),.UNSPECIFIED.);
#1770=B_SPLINE_CURVE_WITH_KNOTS('',3,(#5624,#5625,#5626,#5627),
 .UNSPECIFIED.,.F.,.F.,(4,4),(0.,0.999998476431141),.UNSPECIFIED.);
#1771=B_SPLINE_CURVE_WITH_KNOTS('',3,(#5643,#5644,#5645,#5646),
 .UNSPECIFIED.,.F.,.F.,(4,4),(0.,1.),.UNSPECIFIED.);
#1772=B_SPLINE_CURVE_WITH_KNOTS('',3,(#5649,#5650,#5651,#5652),
 .UNSPECIFIED.,.F.,.F.,(4,4),(0.,1.),.UNSPECIFIED.);
#1773=B_SPLINE_CURVE_WITH_KNOTS('',3,(#5654,#5655,#5656,#5657),
 .UNSPECIFIED.,.F.,.F.,(4,4),(0.,1.),.UNSPECIFIED.);
#1774=B_SPLINE_CURVE_WITH_KNOTS('',3,(#5659,#5660,#5661,#5662),
 .UNSPECIFIED.,.F.,.F.,(4,4),(1.74112419728773E-7,0.999999476274739),
 .UNSPECIFIED.);
#1775=B_SPLINE_CURVE_WITH_KNOTS('',3,(#5671,#5672,#5673,#5674),
 .UNSPECIFIED.,.F.,.F.,(4,4),(0.,1.),.UNSPECIFIED.);
#1776=B_SPLINE_CURVE_WITH_KNOTS('',3,(#5676,#5677,#5678,#5679),
 .UNSPECIFIED.,.F.,.F.,(4,4),(0.,1.),.UNSPECIFIED.);
#1777=B_SPLINE_CURVE_WITH_KNOTS('',3,(#5681,#5682,#5683,#5684),
 .UNSPECIFIED.,.F.,.F.,(4,4),(4.38292342931494E-6,1.),.UNSPECIFIED.);
#1778=B_SPLINE_CURVE_WITH_KNOTS('',3,(#5697,#5698,#5699,#5700),
 .UNSPECIFIED.,.F.,.F.,(4,4),(0.,1.),.UNSPECIFIED.);
#1779=B_SPLINE_CURVE_WITH_KNOTS('',3,(#5702,#5703,#5704,#5705),
 .UNSPECIFIED.,.F.,.F.,(4,4),(0.,1.),.UNSPECIFIED.);
#1780=B_SPLINE_CURVE_WITH_KNOTS('',3,(#5707,#5708,#5709,#5710),
 .UNSPECIFIED.,.F.,.F.,(4,4),(4.24583386964206E-7,0.999999474088088),
 .UNSPECIFIED.);
#1781=B_SPLINE_CURVE_WITH_KNOTS('',3,(#5719,#5720,#5721,#5722),
 .UNSPECIFIED.,.F.,.F.,(4,4),(0.,1.),.UNSPECIFIED.);
#1782=B_SPLINE_CURVE_WITH_KNOTS('',3,(#5723,#5724,#5725,#5726),
 .UNSPECIFIED.,.F.,.F.,(4,4),(0.,0.999998476431141),.UNSPECIFIED.);
#1783=B_SPLINE_CURVE_WITH_KNOTS('',3,(#5742,#5743,#5744,#5745),
 .UNSPECIFIED.,.F.,.F.,(4,4),(0.,1.),.UNSPECIFIED.);
#1784=B_SPLINE_CURVE_WITH_KNOTS('',3,(#5748,#5749,#5750,#5751),
 .UNSPECIFIED.,.F.,.F.,(4,4),(0.,1.),.UNSPECIFIED.);
#1785=B_SPLINE_CURVE_WITH_KNOTS('',3,(#5753,#5754,#5755,#5756),
 .UNSPECIFIED.,.F.,.F.,(4,4),(0.,1.),.UNSPECIFIED.);
#1786=B_SPLINE_CURVE_WITH_KNOTS('',3,(#5758,#5759,#5760,#5761),
 .UNSPECIFIED.,.F.,.F.,(4,4),(1.74112419728773E-7,0.999999476274739),
 .UNSPECIFIED.);
#1787=B_SPLINE_CURVE_WITH_KNOTS('',3,(#5770,#5771,#5772,#5773),
 .UNSPECIFIED.,.F.,.F.,(4,4),(0.,1.),.UNSPECIFIED.);
#1788=B_SPLINE_CURVE_WITH_KNOTS('',3,(#5775,#5776,#5777,#5778),
 .UNSPECIFIED.,.F.,.F.,(4,4),(0.,1.),.UNSPECIFIED.);
#1789=B_SPLINE_CURVE_WITH_KNOTS('',3,(#5780,#5781,#5782,#5783),
 .UNSPECIFIED.,.F.,.F.,(4,4),(4.38292342931494E-6,1.),.UNSPECIFIED.);
#1790=B_SPLINE_CURVE_WITH_KNOTS('',3,(#5796,#5797,#5798,#5799),
 .UNSPECIFIED.,.F.,.F.,(4,4),(0.,1.),.UNSPECIFIED.);
#1791=B_SPLINE_CURVE_WITH_KNOTS('',3,(#5801,#5802,#5803,#5804),
 .UNSPECIFIED.,.F.,.F.,(4,4),(0.,1.),.UNSPECIFIED.);
#1792=B_SPLINE_CURVE_WITH_KNOTS('',3,(#5806,#5807,#5808,#5809),
 .UNSPECIFIED.,.F.,.F.,(4,4),(4.24583386964206E-7,0.999999474088088),
 .UNSPECIFIED.);
#1793=B_SPLINE_CURVE_WITH_KNOTS('',3,(#5818,#5819,#5820,#5821),
 .UNSPECIFIED.,.F.,.F.,(4,4),(0.,1.),.UNSPECIFIED.);
#1794=B_SPLINE_CURVE_WITH_KNOTS('',3,(#5822,#5823,#5824,#5825),
 .UNSPECIFIED.,.F.,.F.,(4,4),(0.,0.999998476431141),.UNSPECIFIED.);
#1795=B_SPLINE_CURVE_WITH_KNOTS('',3,(#5841,#5842,#5843,#5844),
 .UNSPECIFIED.,.F.,.F.,(4,4),(0.,1.),.UNSPECIFIED.);
#1796=B_SPLINE_CURVE_WITH_KNOTS('',3,(#5847,#5848,#5849,#5850),
 .UNSPECIFIED.,.F.,.F.,(4,4),(0.,1.),.UNSPECIFIED.);
#1797=B_SPLINE_CURVE_WITH_KNOTS('',3,(#5852,#5853,#5854,#5855),
 .UNSPECIFIED.,.F.,.F.,(4,4),(0.,1.),.UNSPECIFIED.);
#1798=B_SPLINE_CURVE_WITH_KNOTS('',3,(#5857,#5858,#5859,#5860),
 .UNSPECIFIED.,.F.,.F.,(4,4),(1.74112419728773E-7,0.999999476274739),
 .UNSPECIFIED.);
#1799=B_SPLINE_CURVE_WITH_KNOTS('',3,(#5869,#5870,#5871,#5872),
 .UNSPECIFIED.,.F.,.F.,(4,4),(0.,1.),.UNSPECIFIED.);
#1800=B_SPLINE_CURVE_WITH_KNOTS('',3,(#5874,#5875,#5876,#5877),
 .UNSPECIFIED.,.F.,.F.,(4,4),(0.,1.),.UNSPECIFIED.);
#1801=B_SPLINE_CURVE_WITH_KNOTS('',3,(#5879,#5880,#5881,#5882),
 .UNSPECIFIED.,.F.,.F.,(4,4),(4.38292342931494E-6,1.),.UNSPECIFIED.);
#1802=B_SPLINE_CURVE_WITH_KNOTS('',3,(#5895,#5896,#5897,#5898),
 .UNSPECIFIED.,.F.,.F.,(4,4),(0.,1.),.UNSPECIFIED.);
#1803=B_SPLINE_CURVE_WITH_KNOTS('',3,(#5900,#5901,#5902,#5903),
 .UNSPECIFIED.,.F.,.F.,(4,4),(0.,1.),.UNSPECIFIED.);
#1804=B_SPLINE_CURVE_WITH_KNOTS('',3,(#5905,#5906,#5907,#5908),
 .UNSPECIFIED.,.F.,.F.,(4,4),(4.24583386964206E-7,0.999999474088088),
 .UNSPECIFIED.);
#1805=B_SPLINE_CURVE_WITH_KNOTS('',3,(#5917,#5918,#5919,#5920),
 .UNSPECIFIED.,.F.,.F.,(4,4),(0.,1.),.UNSPECIFIED.);
#1806=B_SPLINE_CURVE_WITH_KNOTS('',3,(#5921,#5922,#5923,#5924),
 .UNSPECIFIED.,.F.,.F.,(4,4),(0.,0.999998476431141),.UNSPECIFIED.);
#1807=B_SPLINE_CURVE_WITH_KNOTS('',3,(#5940,#5941,#5942,#5943),
 .UNSPECIFIED.,.F.,.F.,(4,4),(0.,1.),.UNSPECIFIED.);
#1808=B_SPLINE_CURVE_WITH_KNOTS('',3,(#5946,#5947,#5948,#5949),
 .UNSPECIFIED.,.F.,.F.,(4,4),(0.,1.),.UNSPECIFIED.);
#1809=B_SPLINE_CURVE_WITH_KNOTS('',3,(#5951,#5952,#5953,#5954),
 .UNSPECIFIED.,.F.,.F.,(4,4),(0.,1.),.UNSPECIFIED.);
#1810=B_SPLINE_CURVE_WITH_KNOTS('',3,(#5956,#5957,#5958,#5959),
 .UNSPECIFIED.,.F.,.F.,(4,4),(1.74112419728773E-7,0.999999476274739),
 .UNSPECIFIED.);
#1811=B_SPLINE_CURVE_WITH_KNOTS('',3,(#5968,#5969,#5970,#5971),
 .UNSPECIFIED.,.F.,.F.,(4,4),(0.,1.),.UNSPECIFIED.);
#1812=B_SPLINE_CURVE_WITH_KNOTS('',3,(#5973,#5974,#5975,#5976),
 .UNSPECIFIED.,.F.,.F.,(4,4),(0.,1.),.UNSPECIFIED.);
#1813=B_SPLINE_CURVE_WITH_KNOTS('',3,(#5978,#5979,#5980,#5981),
 .UNSPECIFIED.,.F.,.F.,(4,4),(4.38292342931494E-6,1.),.UNSPECIFIED.);
#1814=B_SPLINE_CURVE_WITH_KNOTS('',3,(#5994,#5995,#5996,#5997),
 .UNSPECIFIED.,.F.,.F.,(4,4),(0.,1.),.UNSPECIFIED.);
#1815=B_SPLINE_CURVE_WITH_KNOTS('',3,(#5999,#6000,#6001,#6002),
 .UNSPECIFIED.,.F.,.F.,(4,4),(0.,1.),.UNSPECIFIED.);
#1816=B_SPLINE_CURVE_WITH_KNOTS('',3,(#6004,#6005,#6006,#6007),
 .UNSPECIFIED.,.F.,.F.,(4,4),(4.24583386964206E-7,0.999999474088088),
 .UNSPECIFIED.);
#1817=B_SPLINE_CURVE_WITH_KNOTS('',3,(#6016,#6017,#6018,#6019),
 .UNSPECIFIED.,.F.,.F.,(4,4),(0.,1.),.UNSPECIFIED.);
#1818=B_SPLINE_CURVE_WITH_KNOTS('',3,(#6020,#6021,#6022,#6023),
 .UNSPECIFIED.,.F.,.F.,(4,4),(0.,0.999998476431141),.UNSPECIFIED.);
#1819=B_SPLINE_CURVE_WITH_KNOTS('',3,(#6039,#6040,#6041,#6042),
 .UNSPECIFIED.,.F.,.F.,(4,4),(0.,1.),.UNSPECIFIED.);
#1820=B_SPLINE_CURVE_WITH_KNOTS('',3,(#6045,#6046,#6047,#6048),
 .UNSPECIFIED.,.F.,.F.,(4,4),(0.,1.),.UNSPECIFIED.);
#1821=B_SPLINE_CURVE_WITH_KNOTS('',3,(#6050,#6051,#6052,#6053),
 .UNSPECIFIED.,.F.,.F.,(4,4),(0.,1.),.UNSPECIFIED.);
#1822=B_SPLINE_CURVE_WITH_KNOTS('',3,(#6055,#6056,#6057,#6058),
 .UNSPECIFIED.,.F.,.F.,(4,4),(1.74112419728773E-7,0.999999476274739),
 .UNSPECIFIED.);
#1823=B_SPLINE_CURVE_WITH_KNOTS('',3,(#6067,#6068,#6069,#6070),
 .UNSPECIFIED.,.F.,.F.,(4,4),(0.,1.),.UNSPECIFIED.);
#1824=B_SPLINE_CURVE_WITH_KNOTS('',3,(#6072,#6073,#6074,#6075),
 .UNSPECIFIED.,.F.,.F.,(4,4),(0.,1.),.UNSPECIFIED.);
#1825=B_SPLINE_CURVE_WITH_KNOTS('',3,(#6077,#6078,#6079,#6080),
 .UNSPECIFIED.,.F.,.F.,(4,4),(4.38292342931494E-6,1.),.UNSPECIFIED.);
#1826=B_SPLINE_CURVE_WITH_KNOTS('',3,(#6093,#6094,#6095,#6096),
 .UNSPECIFIED.,.F.,.F.,(4,4),(0.,1.),.UNSPECIFIED.);
#1827=B_SPLINE_CURVE_WITH_KNOTS('',3,(#6098,#6099,#6100,#6101),
 .UNSPECIFIED.,.F.,.F.,(4,4),(0.,1.),.UNSPECIFIED.);
#1828=B_SPLINE_CURVE_WITH_KNOTS('',3,(#6103,#6104,#6105,#6106),
 .UNSPECIFIED.,.F.,.F.,(4,4),(4.24583386964206E-7,0.999999474088088),
 .UNSPECIFIED.);
#1829=B_SPLINE_CURVE_WITH_KNOTS('',3,(#6115,#6116,#6117,#6118),
 .UNSPECIFIED.,.F.,.F.,(4,4),(0.,1.),.UNSPECIFIED.);
#1830=B_SPLINE_CURVE_WITH_KNOTS('',3,(#6119,#6120,#6121,#6122),
 .UNSPECIFIED.,.F.,.F.,(4,4),(0.,0.999998476431141),.UNSPECIFIED.);
#1831=EDGE_LOOP('',(#139,#140,#141,#142));
#1832=EDGE_LOOP('',(#143,#144,#145,#146));
#1833=EDGE_LOOP('',(#147,#148,#149,#150));
#1834=EDGE_LOOP('',(#151,#152,#153,#154));
#1835=EDGE_LOOP('',(#155,#156,#157,#158));
#1836=EDGE_LOOP('',(#159,#160,#161,#162));
#1837=EDGE_LOOP('',(#163,#164,#165,#166));
#1838=EDGE_LOOP('',(#167,#168,#169,#170));
#1839=EDGE_LOOP('',(#171,#172,#173,#174));
#1840=EDGE_LOOP('',(#175,#176,#177,#178));
#1841=EDGE_LOOP('',(#179,#180,#181,#182));
#1842=EDGE_LOOP('',(#183,#184,#185,#186));
#1843=EDGE_LOOP('',(#187,#188,#189,#190));
#1844=EDGE_LOOP('',(#191,#192,#193,#194));
#1845=EDGE_LOOP('',(#195,#196,#197,#198));
#1846=EDGE_LOOP('',(#199,#200,#201,#202));
#1847=EDGE_LOOP('',(#203,#204,#205,#206));
#1848=EDGE_LOOP('',(#207,#208,#209,#210));
#1849=EDGE_LOOP('',(#211,#212,#213,#214));
#1850=EDGE_LOOP('',(#215,#216,#217,#218));
#1851=EDGE_LOOP('',(#219,#220,#221,#222));
#1852=EDGE_LOOP('',(#223,#224,#225,#226));
#1853=EDGE_LOOP('',(#227,#228,#229,#230));
#1854=EDGE_LOOP('',(#231,#232,#233,#234));
#1855=EDGE_LOOP('',(#235,#236,#237,#238));
#1856=EDGE_LOOP('',(#239,#240,#241,#242));
#1857=EDGE_LOOP('',(#243,#244,#245,#246));
#1858=EDGE_LOOP('',(#247,#248,#249,#250));
#1859=EDGE_LOOP('',(#251,#252,#253,#254));
#1860=EDGE_LOOP('',(#255,#256,#257,#258));
#1861=EDGE_LOOP('',(#259,#260,#261,#262));
#1862=EDGE_LOOP('',(#263,#264,#265,#266));
#1863=EDGE_LOOP('',(#267,#268,#269,#270));
#1864=EDGE_LOOP('',(#271,#272,#273,#274));
#1865=EDGE_LOOP('',(#275,#276,#277,#278));
#1866=EDGE_LOOP('',(#279,#280,#281,#282));
#1867=EDGE_LOOP('',(#283,#284,#285,#286));
#1868=EDGE_LOOP('',(#287,#288,#289,#290));
#1869=EDGE_LOOP('',(#291,#292,#293,#294));
#1870=EDGE_LOOP('',(#295,#296,#297,#298));
#1871=EDGE_LOOP('',(#299,#300,#301,#302));
#1872=EDGE_LOOP('',(#303,#304,#305,#306));
#1873=EDGE_LOOP('',(#307,#308,#309,#310));
#1874=EDGE_LOOP('',(#311,#312,#313,#314));
#1875=EDGE_LOOP('',(#315,#316,#317,#318));
#1876=EDGE_LOOP('',(#319,#320,#321,#322));
#1877=EDGE_LOOP('',(#323,#324,#325,#326));
#1878=EDGE_LOOP('',(#327,#328,#329,#330));
#1879=EDGE_LOOP('',(#331,#332,#333,#334));
#1880=EDGE_LOOP('',(#335,#336,#337,#338));
#1881=EDGE_LOOP('',(#339,#340,#341,#342));
#1882=EDGE_LOOP('',(#343,#344,#345,#346));
#1883=EDGE_LOOP('',(#347,#348,#349,#350));
#1884=EDGE_LOOP('',(#351,#352,#353,#354));
#1885=EDGE_LOOP('',(#355,#356,#357,#358));
#1886=EDGE_LOOP('',(#359,#360,#361,#362));
#1887=EDGE_LOOP('',(#363,#364,#365,#366));
#1888=EDGE_LOOP('',(#367,#368,#369,#370));
#1889=EDGE_LOOP('',(#371,#372,#373,#374));
#1890=EDGE_LOOP('',(#375,#376,#377,#378));
#1891=EDGE_LOOP('',(#379,#380,#381,#382));
#1892=EDGE_LOOP('',(#383,#384,#385,#386));
#1893=EDGE_LOOP('',(#387,#388,#389,#390));
#1894=EDGE_LOOP('',(#391,#392,#393,#394));
#1895=EDGE_LOOP('',(#395,#396,#397,#398));
#1896=EDGE_LOOP('',(#399,#400,#401,#402));
#1897=EDGE_LOOP('',(#403));
#1898=EDGE_LOOP('',(#404));
#1899=EDGE_LOOP('',(#405));
#1900=EDGE_LOOP('',(#406));
#1901=EDGE_LOOP('',(#407));
#1902=EDGE_LOOP('',(#408));
#1903=EDGE_LOOP('',(#409,#410,#411,#412));
#1904=EDGE_LOOP('',(#413,#414,#415,#416));
#1905=EDGE_LOOP('',(#417,#418,#419,#420));
#1906=EDGE_LOOP('',(#421,#422,#423,#424));
#1907=EDGE_LOOP('',(#425,#426,#427,#428));
#1908=EDGE_LOOP('',(#429,#430,#431,#432));
#1909=EDGE_LOOP('',(#433,#434,#435,#436));
#1910=EDGE_LOOP('',(#437,#438,#439,#440));
#1911=EDGE_LOOP('',(#441,#442,#443,#444));
#1912=EDGE_LOOP('',(#445,#446,#447,#448));
#1913=EDGE_LOOP('',(#449,#450,#451,#452));
#1914=EDGE_LOOP('',(#453,#454,#455,#456));
#1915=EDGE_LOOP('',(#457,#458,#459,#460));
#1916=EDGE_LOOP('',(#461,#462,#463,#464));
#1917=EDGE_LOOP('',(#465,#466,#467,#468));
#1918=EDGE_LOOP('',(#469,#470,#471,#472));
#1919=EDGE_LOOP('',(#473,#474,#475,#476));
#1920=EDGE_LOOP('',(#477,#478,#479,#480));
#1921=EDGE_LOOP('',(#481,#482,#483,#484));
#1922=EDGE_LOOP('',(#485,#486,#487,#488));
#1923=EDGE_LOOP('',(#489,#490,#491,#492));
#1924=EDGE_LOOP('',(#493,#494,#495,#496));
#1925=EDGE_LOOP('',(#497,#498,#499,#500));
#1926=EDGE_LOOP('',(#501,#502,#503,#504));
#1927=EDGE_LOOP('',(#505,#506,#507,#508));
#1928=EDGE_LOOP('',(#509,#510,#511,#512));
#1929=EDGE_LOOP('',(#513,#514,#515,#516));
#1930=EDGE_LOOP('',(#517,#518,#519,#520));
#1931=EDGE_LOOP('',(#521,#522,#523,#524));
#1932=EDGE_LOOP('',(#525,#526,#527,#528));
#1933=EDGE_LOOP('',(#529,#530,#531,#532));
#1934=EDGE_LOOP('',(#533,#534,#535,#536));
#1935=EDGE_LOOP('',(#537,#538,#539,#540));
#1936=EDGE_LOOP('',(#541,#542,#543,#544));
#1937=EDGE_LOOP('',(#545,#546,#547,#548));
#1938=EDGE_LOOP('',(#549,#550,#551,#552));
#1939=EDGE_LOOP('',(#553,#554,#555,#556));
#1940=EDGE_LOOP('',(#557,#558,#559,#560));
#1941=EDGE_LOOP('',(#561,#562,#563,#564));
#1942=EDGE_LOOP('',(#565,#566,#567,#568));
#1943=EDGE_LOOP('',(#569,#570,#571,#572));
#1944=EDGE_LOOP('',(#573,#574,#575,#576));
#1945=EDGE_LOOP('',(#577,#578,#579,#580));
#1946=EDGE_LOOP('',(#581,#582,#583,#584));
#1947=EDGE_LOOP('',(#585,#586,#587,#588));
#1948=EDGE_LOOP('',(#589,#590,#591,#592));
#1949=EDGE_LOOP('',(#593,#594,#595,#596));
#1950=EDGE_LOOP('',(#597,#598,#599,#600));
#1951=EDGE_LOOP('',(#601,#602,#603,#604));
#1952=EDGE_LOOP('',(#605,#606,#607,#608));
#1953=EDGE_LOOP('',(#609,#610,#611,#612));
#1954=EDGE_LOOP('',(#613,#614,#615,#616));
#1955=EDGE_LOOP('',(#617,#618,#619,#620));
#1956=EDGE_LOOP('',(#621,#622,#623,#624));
#1957=EDGE_LOOP('',(#625,#626,#627,#628));
#1958=EDGE_LOOP('',(#629,#630,#631,#632));
#1959=EDGE_LOOP('',(#633,#634,#635,#636));
#1960=EDGE_LOOP('',(#637,#638,#639,#640));
#1961=EDGE_LOOP('',(#641,#642,#643,#644));
#1962=EDGE_LOOP('',(#645,#646,#647,#648));
#1963=EDGE_LOOP('',(#649,#650,#651,#652));
#1964=EDGE_LOOP('',(#653,#654,#655,#656));
#1965=EDGE_LOOP('',(#657,#658,#659,#660));
#1966=EDGE_LOOP('',(#661,#662,#663,#664));
#1967=EDGE_LOOP('',(#665,#666,#667,#668));
#1968=EDGE_LOOP('',(#669,#670,#671,#672));
#1969=EDGE_LOOP('',(#673,#674,#675,#676));
#1970=EDGE_LOOP('',(#677,#678,#679,#680));
#1971=EDGE_LOOP('',(#681,#682,#683,#684));
#1972=EDGE_LOOP('',(#685,#686,#687,#688));
#1973=EDGE_LOOP('',(#689,#690,#691,#692));
#1974=EDGE_LOOP('',(#693,#694,#695,#696));
#1975=EDGE_LOOP('',(#697,#698,#699,#700));
#1976=EDGE_LOOP('',(#701,#702,#703,#704));
#1977=EDGE_LOOP('',(#705,#706,#707,#708));
#1978=EDGE_LOOP('',(#709,#710,#711,#712));
#1979=EDGE_LOOP('',(#713,#714,#715,#716));
#1980=EDGE_LOOP('',(#717,#718,#719,#720));
#1981=EDGE_LOOP('',(#721,#722,#723,#724));
#1982=EDGE_LOOP('',(#725,#726,#727,#728));
#1983=EDGE_LOOP('',(#729,#730,#731,#732));
#1984=EDGE_LOOP('',(#733,#734,#735,#736));
#1985=EDGE_LOOP('',(#737,#738,#739,#740));
#1986=EDGE_LOOP('',(#741,#742,#743,#744));
#1987=EDGE_LOOP('',(#745,#746,#747,#748));
#1988=EDGE_LOOP('',(#749,#750,#751,#752));
#1989=EDGE_LOOP('',(#753,#754,#755,#756));
#1990=EDGE_LOOP('',(#757,#758,#759,#760));
#1991=EDGE_LOOP('',(#761,#762,#763,#764));
#1992=EDGE_LOOP('',(#765,#766,#767,#768));
#1993=EDGE_LOOP('',(#769,#770,#771,#772));
#1994=EDGE_LOOP('',(#773,#774,#775,#776));
#1995=EDGE_LOOP('',(#777,#778,#779,#780));
#1996=EDGE_LOOP('',(#781,#782,#783,#784));
#1997=EDGE_LOOP('',(#785,#786,#787,#788));
#1998=EDGE_LOOP('',(#789,#790,#791,#792));
#1999=EDGE_LOOP('',(#793,#794,#795,#796));
#2000=EDGE_LOOP('',(#797,#798,#799,#800));
#2001=EDGE_LOOP('',(#801,#802,#803,#804));
#2002=EDGE_LOOP('',(#805,#806,#807,#808));
#2003=EDGE_LOOP('',(#809,#810,#811,#812));
#2004=EDGE_LOOP('',(#813,#814,#815,#816));
#2005=EDGE_LOOP('',(#817,#818,#819,#820));
#2006=EDGE_LOOP('',(#821,#822,#823,#824));
#2007=EDGE_LOOP('',(#825,#826,#827,#828));
#2008=EDGE_LOOP('',(#829,#830,#831,#832));
#2009=EDGE_LOOP('',(#833,#834,#835,#836));
#2010=EDGE_LOOP('',(#837,#838,#839,#840));
#2011=EDGE_LOOP('',(#841,#842,#843,#844));
#2012=EDGE_LOOP('',(#845,#846,#847,#848));
#2013=EDGE_LOOP('',(#849,#850,#851,#852));
#2014=EDGE_LOOP('',(#853,#854,#855,#856));
#2015=EDGE_LOOP('',(#857,#858,#859,#860));
#2016=EDGE_LOOP('',(#861,#862,#863,#864));
#2017=FACE_BOUND('',#1831,.T.);
#2018=FACE_BOUND('',#1832,.T.);
#2019=FACE_BOUND('',#1833,.T.);
#2020=FACE_BOUND('',#1834,.T.);
#2021=FACE_BOUND('',#1835,.T.);
#2022=FACE_BOUND('',#1836,.T.);
#2023=FACE_BOUND('',#1837,.T.);
#2024=FACE_BOUND('',#1838,.T.);
#2025=FACE_BOUND('',#1839,.T.);
#2026=FACE_BOUND('',#1840,.T.);
#2027=FACE_BOUND('',#1841,.T.);
#2028=FACE_BOUND('',#1842,.T.);
#2029=FACE_BOUND('',#1843,.T.);
#2030=FACE_BOUND('',#1844,.T.);
#2031=FACE_BOUND('',#1845,.T.);
#2032=FACE_BOUND('',#1846,.T.);
#2033=FACE_BOUND('',#1847,.T.);
#2034=FACE_BOUND('',#1848,.T.);
#2035=FACE_BOUND('',#1849,.T.);
#2036=FACE_BOUND('',#1850,.T.);
#2037=FACE_BOUND('',#1851,.T.);
#2038=FACE_BOUND('',#1852,.T.);
#2039=FACE_BOUND('',#1853,.T.);
#2040=FACE_BOUND('',#1854,.T.);
#2041=FACE_BOUND('',#1855,.T.);
#2042=FACE_BOUND('',#1856,.T.);
#2043=FACE_BOUND('',#1857,.T.);
#2044=FACE_BOUND('',#1858,.T.);
#2045=FACE_BOUND('',#1859,.T.);
#2046=FACE_BOUND('',#1860,.T.);
#2047=FACE_BOUND('',#1861,.T.);
#2048=FACE_BOUND('',#1862,.T.);
#2049=FACE_BOUND('',#1863,.T.);
#2050=FACE_BOUND('',#1864,.T.);
#2051=FACE_BOUND('',#1865,.T.);
#2052=FACE_BOUND('',#1866,.T.);
#2053=FACE_BOUND('',#1867,.T.);
#2054=FACE_BOUND('',#1868,.T.);
#2055=FACE_BOUND('',#1869,.T.);
#2056=FACE_BOUND('',#1870,.T.);
#2057=FACE_BOUND('',#1871,.T.);
#2058=FACE_BOUND('',#1872,.T.);
#2059=FACE_BOUND('',#1873,.T.);
#2060=FACE_BOUND('',#1874,.T.);
#2061=FACE_BOUND('',#1875,.T.);
#2062=FACE_BOUND('',#1876,.T.);
#2063=FACE_BOUND('',#1877,.T.);
#2064=FACE_BOUND('',#1878,.T.);
#2065=FACE_BOUND('',#1879,.T.);
#2066=FACE_BOUND('',#1880,.T.);
#2067=FACE_BOUND('',#1881,.T.);
#2068=FACE_BOUND('',#1882,.T.);
#2069=FACE_BOUND('',#1883,.T.);
#2070=FACE_BOUND('',#1884,.T.);
#2071=FACE_BOUND('',#1885,.T.);
#2072=FACE_BOUND('',#1886,.T.);
#2073=FACE_BOUND('',#1887,.T.);
#2074=FACE_BOUND('',#1888,.T.);
#2075=FACE_BOUND('',#1889,.T.);
#2076=FACE_BOUND('',#1890,.T.);
#2077=FACE_BOUND('',#1891,.T.);
#2078=FACE_BOUND('',#1892,.T.);
#2079=FACE_BOUND('',#1893,.T.);
#2080=FACE_BOUND('',#1894,.T.);
#2081=FACE_BOUND('',#1895,.T.);
#2082=FACE_BOUND('',#1896,.T.);
#2083=FACE_BOUND('',#1897,.T.);
#2084=FACE_BOUND('',#1898,.T.);
#2085=FACE_BOUND('',#1899,.T.);
#2086=FACE_BOUND('',#1900,.T.);
#2087=FACE_BOUND('',#1901,.T.);
#2088=FACE_BOUND('',#1902,.T.);
#2089=FACE_BOUND('',#1903,.T.);
#2090=FACE_BOUND('',#1904,.T.);
#2091=FACE_BOUND('',#1905,.T.);
#2092=FACE_BOUND('',#1906,.T.);
#2093=FACE_BOUND('',#1907,.T.);
#2094=FACE_BOUND('',#1908,.T.);
#2095=FACE_BOUND('',#1909,.T.);
#2096=FACE_BOUND('',#1910,.T.);
#2097=FACE_BOUND('',#1911,.T.);
#2098=FACE_BOUND('',#1912,.T.);
#2099=FACE_BOUND('',#1913,.T.);
#2100=FACE_BOUND('',#1914,.T.);
#2101=FACE_BOUND('',#1915,.T.);
#2102=FACE_BOUND('',#1916,.T.);
#2103=FACE_BOUND('',#1917,.T.);
#2104=FACE_BOUND('',#1918,.T.);
#2105=FACE_BOUND('',#1919,.T.);
#2106=FACE_BOUND('',#1920,.T.);
#2107=FACE_BOUND('',#1921,.T.);
#2108=FACE_BOUND('',#1922,.T.);
#2109=FACE_BOUND('',#1923,.T.);
#2110=FACE_BOUND('',#1924,.T.);
#2111=FACE_BOUND('',#1925,.T.);
#2112=FACE_BOUND('',#1926,.T.);
#2113=FACE_BOUND('',#1927,.T.);
#2114=FACE_BOUND('',#1928,.T.);
#2115=FACE_BOUND('',#1929,.T.);
#2116=FACE_BOUND('',#1930,.T.);
#2117=FACE_BOUND('',#1931,.T.);
#2118=FACE_BOUND('',#1932,.T.);
#2119=FACE_BOUND('',#1933,.T.);
#2120=FACE_BOUND('',#1934,.T.);
#2121=FACE_BOUND('',#1935,.T.);
#2122=FACE_BOUND('',#1936,.T.);
#2123=FACE_BOUND('',#1937,.T.);
#2124=FACE_BOUND('',#1938,.T.);
#2125=FACE_BOUND('',#1939,.T.);
#2126=FACE_BOUND('',#1940,.T.);
#2127=FACE_BOUND('',#1941,.T.);
#2128=FACE_BOUND('',#1942,.T.);
#2129=FACE_BOUND('',#1943,.T.);
#2130=FACE_BOUND('',#1944,.T.);
#2131=FACE_BOUND('',#1945,.T.);
#2132=FACE_BOUND('',#1946,.T.);
#2133=FACE_BOUND('',#1947,.T.);
#2134=FACE_BOUND('',#1948,.T.);
#2135=FACE_BOUND('',#1949,.T.);
#2136=FACE_BOUND('',#1950,.T.);
#2137=FACE_BOUND('',#1951,.T.);
#2138=FACE_BOUND('',#1952,.T.);
#2139=FACE_BOUND('',#1953,.T.);
#2140=FACE_BOUND('',#1954,.T.);
#2141=FACE_BOUND('',#1955,.T.);
#2142=FACE_BOUND('',#1956,.T.);
#2143=FACE_BOUND('',#1957,.T.);
#2144=FACE_BOUND('',#1958,.T.);
#2145=FACE_BOUND('',#1959,.T.);
#2146=FACE_BOUND('',#1960,.T.);
#2147=FACE_BOUND('',#1961,.T.);
#2148=FACE_BOUND('',#1962,.T.);
#2149=FACE_BOUND('',#1963,.T.);
#2150=FACE_BOUND('',#1964,.T.);
#2151=FACE_BOUND('',#1965,.T.);
#2152=FACE_BOUND('',#1966,.T.);
#2153=FACE_BOUND('',#1967,.T.);
#2154=FACE_BOUND('',#1968,.T.);
#2155=FACE_BOUND('',#1969,.T.);
#2156=FACE_BOUND('',#1970,.T.);
#2157=FACE_BOUND('',#1971,.T.);
#2158=FACE_BOUND('',#1972,.T.);
#2159=FACE_BOUND('',#1973,.T.);
#2160=FACE_BOUND('',#1974,.T.);
#2161=FACE_BOUND('',#1975,.T.);
#2162=FACE_BOUND('',#1976,.T.);
#2163=FACE_BOUND('',#1977,.T.);
#2164=FACE_BOUND('',#1978,.T.);
#2165=FACE_BOUND('',#1979,.T.);
#2166=FACE_BOUND('',#1980,.T.);
#2167=FACE_BOUND('',#1981,.T.);
#2168=FACE_BOUND('',#1982,.T.);
#2169=FACE_BOUND('',#1983,.T.);
#2170=FACE_BOUND('',#1984,.T.);
#2171=FACE_BOUND('',#1985,.T.);
#2172=FACE_BOUND('',#1986,.T.);
#2173=FACE_BOUND('',#1987,.T.);
#2174=FACE_BOUND('',#1988,.T.);
#2175=FACE_BOUND('',#1989,.T.);
#2176=FACE_BOUND('',#1990,.T.);
#2177=FACE_BOUND('',#1991,.T.);
#2178=FACE_BOUND('',#1992,.T.);
#2179=FACE_BOUND('',#1993,.T.);
#2180=FACE_BOUND('',#1994,.T.);
#2181=FACE_BOUND('',#1995,.T.);
#2182=FACE_BOUND('',#1996,.T.);
#2183=FACE_BOUND('',#1997,.T.);
#2184=FACE_BOUND('',#1998,.T.);
#2185=FACE_BOUND('',#1999,.T.);
#2186=FACE_BOUND('',#2000,.T.);
#2187=FACE_BOUND('',#2001,.T.);
#2188=FACE_BOUND('',#2002,.T.);
#2189=FACE_BOUND('',#2003,.T.);
#2190=FACE_BOUND('',#2004,.T.);
#2191=FACE_BOUND('',#2005,.T.);
#2192=FACE_BOUND('',#2006,.T.);
#2193=FACE_BOUND('',#2007,.T.);
#2194=FACE_BOUND('',#2008,.T.);
#2195=FACE_BOUND('',#2009,.T.);
#2196=FACE_BOUND('',#2010,.T.);
#2197=FACE_BOUND('',#2011,.T.);
#2198=FACE_BOUND('',#2012,.T.);
#2199=FACE_BOUND('',#2013,.T.);
#2200=FACE_BOUND('',#2014,.T.);
#2201=FACE_BOUND('',#2015,.T.);
#2202=FACE_BOUND('',#2016,.T.);
#2203=B_SPLINE_SURFACE_WITH_KNOTS('',1,3,((#3145,#3146,#3147,#3148,#3149,
#3150),(#3151,#3152,#3153,#3154,#3155,#3156)),.RULED_SURF.,.F.,.F.,.F.,
(2,2),(4,2,4),(0.,1.),(0.,0.5,1.),.UNSPECIFIED.);
#2204=B_SPLINE_SURFACE_WITH_KNOTS('',1,3,((#3177,#3178,#3179,#3180),(#3181,
#3182,#3183,#3184)),.RULED_SURF.,.F.,.F.,.F.,(2,2),(4,4),(0.,1.),(0.,1.),
 .PIECEWISE_BEZIER_KNOTS.);
#2205=B_SPLINE_SURFACE_WITH_KNOTS('',1,3,((#3199,#3200,#3201,#3202,#3203,
#3204),(#3205,#3206,#3207,#3208,#3209,#3210)),.RULED_SURF.,.F.,.F.,.F.,
(2,2),(4,2,4),(0.,1.),(0.,0.5,1.),.UNSPECIFIED.);
#2206=B_SPLINE_SURFACE_WITH_KNOTS('',1,3,((#3225,#3226,#3227,#3228),(#3229,
#3230,#3231,#3232)),.RULED_SURF.,.F.,.F.,.F.,(2,2),(4,4),(0.,1.),(0.,1.),
 .PIECEWISE_BEZIER_KNOTS.);
#2207=B_SPLINE_SURFACE_WITH_KNOTS('',1,3,((#3244,#3245,#3246,#3247,#3248,
#3249),(#3250,#3251,#3252,#3253,#3254,#3255)),.RULED_SURF.,.F.,.F.,.F.,
(2,2),(4,2,4),(0.,1.),(0.,0.5,1.),.UNSPECIFIED.);
#2208=B_SPLINE_SURFACE_WITH_KNOTS('',1,3,((#3276,#3277,#3278,#3279),(#3280,
#3281,#3282,#3283)),.RULED_SURF.,.F.,.F.,.F.,(2,2),(4,4),(0.,1.),(0.,1.),
 .PIECEWISE_BEZIER_KNOTS.);
#2209=B_SPLINE_SURFACE_WITH_KNOTS('',1,3,((#3298,#3299,#3300,#3301,#3302,
#3303),(#3304,#3305,#3306,#3307,#3308,#3309)),.RULED_SURF.,.F.,.F.,.F.,
(2,2),(4,2,4),(0.,1.),(0.,0.5,1.),.UNSPECIFIED.);
#2210=B_SPLINE_SURFACE_WITH_KNOTS('',1,3,((#3324,#3325,#3326,#3327),(#3328,
#3329,#3330,#3331)),.RULED_SURF.,.F.,.F.,.F.,(2,2),(4,4),(0.,1.),(0.,1.),
 .PIECEWISE_BEZIER_KNOTS.);
#2211=B_SPLINE_SURFACE_WITH_KNOTS('',1,3,((#3343,#3344,#3345,#3346,#3347,
#3348),(#3349,#3350,#3351,#3352,#3353,#3354)),.RULED_SURF.,.F.,.F.,.F.,
(2,2),(4,2,4),(0.,1.),(0.,0.5,1.),.UNSPECIFIED.);
#2212=B_SPLINE_SURFACE_WITH_KNOTS('',1,3,((#3375,#3376,#3377,#3378),(#3379,
#3380,#3381,#3382)),.RULED_SURF.,.F.,.F.,.F.,(2,2),(4,4),(0.,1.),(0.,1.),
 .PIECEWISE_BEZIER_KNOTS.);
#2213=B_SPLINE_SURFACE_WITH_KNOTS('',1,3,((#3397,#3398,#3399,#3400,#3401,
#3402),(#3403,#3404,#3405,#3406,#3407,#3408)),.RULED_SURF.,.F.,.F.,.F.,
(2,2),(4,2,4),(0.,1.),(0.,0.5,1.),.UNSPECIFIED.);
#2214=B_SPLINE_SURFACE_WITH_KNOTS('',1,3,((#3423,#3424,#3425,#3426),(#3427,
#3428,#3429,#3430)),.RULED_SURF.,.F.,.F.,.F.,(2,2),(4,4),(0.,1.),(0.,1.),
 .PIECEWISE_BEZIER_KNOTS.);
#2215=B_SPLINE_SURFACE_WITH_KNOTS('',1,3,((#3442,#3443,#3444,#3445,#3446,
#3447),(#3448,#3449,#3450,#3451,#3452,#3453)),.RULED_SURF.,.F.,.F.,.F.,
(2,2),(4,2,4),(0.,1.),(0.,0.5,1.),.UNSPECIFIED.);
#2216=B_SPLINE_SURFACE_WITH_KNOTS('',1,3,((#3474,#3475,#3476,#3477),(#3478,
#3479,#3480,#3481)),.RULED_SURF.,.F.,.F.,.F.,(2,2),(4,4),(0.,1.),(0.,1.),
 .PIECEWISE_BEZIER_KNOTS.);
#2217=B_SPLINE_SURFACE_WITH_KNOTS('',1,3,((#3496,#3497,#3498,#3499,#3500,
#3501),(#3502,#3503,#3504,#3505,#3506,#3507)),.RULED_SURF.,.F.,.F.,.F.,
(2,2),(4,2,4),(0.,1.),(0.,0.5,1.),.UNSPECIFIED.);
#2218=B_SPLINE_SURFACE_WITH_KNOTS('',1,3,((#3522,#3523,#3524,#3525),(#3526,
#3527,#3528,#3529)),.RULED_SURF.,.F.,.F.,.F.,(2,2),(4,4),(0.,1.),(0.,1.),
 .PIECEWISE_BEZIER_KNOTS.);
#2219=B_SPLINE_SURFACE_WITH_KNOTS('',1,3,((#3541,#3542,#3543,#3544,#3545,
#3546),(#3547,#3548,#3549,#3550,#3551,#3552)),.RULED_SURF.,.F.,.F.,.F.,
(2,2),(4,2,4),(0.,1.),(0.,0.5,1.),.UNSPECIFIED.);
#2220=B_SPLINE_SURFACE_WITH_KNOTS('',1,3,((#3573,#3574,#3575,#3576),(#3577,
#3578,#3579,#3580)),.RULED_SURF.,.F.,.F.,.F.,(2,2),(4,4),(0.,1.),(0.,1.),
 .PIECEWISE_BEZIER_KNOTS.);
#2221=B_SPLINE_SURFACE_WITH_KNOTS('',1,3,((#3595,#3596,#3597,#3598,#3599,
#3600),(#3601,#3602,#3603,#3604,#3605,#3606)),.RULED_SURF.,.F.,.F.,.F.,
(2,2),(4,2,4),(0.,1.),(0.,0.5,1.),.UNSPECIFIED.);
#2222=B_SPLINE_SURFACE_WITH_KNOTS('',1,3,((#3621,#3622,#3623,#3624),(#3625,
#3626,#3627,#3628)),.RULED_SURF.,.F.,.F.,.F.,(2,2),(4,4),(0.,1.),(0.,1.),
 .PIECEWISE_BEZIER_KNOTS.);
#2223=B_SPLINE_SURFACE_WITH_KNOTS('',1,3,((#3640,#3641,#3642,#3643,#3644,
#3645),(#3646,#3647,#3648,#3649,#3650,#3651)),.RULED_SURF.,.F.,.F.,.F.,
(2,2),(4,2,4),(0.,1.),(0.,0.5,1.),.UNSPECIFIED.);
#2224=B_SPLINE_SURFACE_WITH_KNOTS('',1,3,((#3672,#3673,#3674,#3675),(#3676,
#3677,#3678,#3679)),.RULED_SURF.,.F.,.F.,.F.,(2,2),(4,4),(0.,1.),(0.,1.),
 .PIECEWISE_BEZIER_KNOTS.);
#2225=B_SPLINE_SURFACE_WITH_KNOTS('',1,3,((#3694,#3695,#3696,#3697,#3698,
#3699),(#3700,#3701,#3702,#3703,#3704,#3705)),.RULED_SURF.,.F.,.F.,.F.,
(2,2),(4,2,4),(0.,1.),(0.,0.5,1.),.UNSPECIFIED.);
#2226=B_SPLINE_SURFACE_WITH_KNOTS('',1,3,((#3720,#3721,#3722,#3723),(#3724,
#3725,#3726,#3727)),.RULED_SURF.,.F.,.F.,.F.,(2,2),(4,4),(0.,1.),(0.,1.),
 .PIECEWISE_BEZIER_KNOTS.);
#2227=B_SPLINE_SURFACE_WITH_KNOTS('',1,3,((#3739,#3740,#3741,#3742,#3743,
#3744),(#3745,#3746,#3747,#3748,#3749,#3750)),.RULED_SURF.,.F.,.F.,.F.,
(2,2),(4,2,4),(0.,1.),(0.,0.5,1.),.UNSPECIFIED.);
#2228=B_SPLINE_SURFACE_WITH_KNOTS('',1,3,((#3771,#3772,#3773,#3774),(#3775,
#3776,#3777,#3778)),.RULED_SURF.,.F.,.F.,.F.,(2,2),(4,4),(0.,1.),(0.,1.),
 .PIECEWISE_BEZIER_KNOTS.);
#2229=B_SPLINE_SURFACE_WITH_KNOTS('',1,3,((#3793,#3794,#3795,#3796,#3797,
#3798),(#3799,#3800,#3801,#3802,#3803,#3804)),.RULED_SURF.,.F.,.F.,.F.,
(2,2),(4,2,4),(0.,1.),(0.,0.5,1.),.UNSPECIFIED.);
#2230=B_SPLINE_SURFACE_WITH_KNOTS('',1,3,((#3819,#3820,#3821,#3822),(#3823,
#3824,#3825,#3826)),.RULED_SURF.,.F.,.F.,.F.,(2,2),(4,4),(0.,1.),(0.,1.),
 .PIECEWISE_BEZIER_KNOTS.);
#2231=B_SPLINE_SURFACE_WITH_KNOTS('',1,3,((#3838,#3839,#3840,#3841,#3842,
#3843),(#3844,#3845,#3846,#3847,#3848,#3849)),.RULED_SURF.,.F.,.F.,.F.,
(2,2),(4,2,4),(0.,1.),(0.,0.5,1.),.UNSPECIFIED.);
#2232=B_SPLINE_SURFACE_WITH_KNOTS('',1,3,((#3870,#3871,#3872,#3873),(#3874,
#3875,#3876,#3877)),.RULED_SURF.,.F.,.F.,.F.,(2,2),(4,4),(0.,1.),(0.,1.),
 .PIECEWISE_BEZIER_KNOTS.);
#2233=B_SPLINE_SURFACE_WITH_KNOTS('',1,3,((#3892,#3893,#3894,#3895,#3896,
#3897),(#3898,#3899,#3900,#3901,#3902,#3903)),.RULED_SURF.,.F.,.F.,.F.,
(2,2),(4,2,4),(0.,1.),(0.,0.5,1.),.UNSPECIFIED.);
#2234=B_SPLINE_SURFACE_WITH_KNOTS('',1,3,((#3918,#3919,#3920,#3921),(#3922,
#3923,#3924,#3925)),.RULED_SURF.,.F.,.F.,.F.,(2,2),(4,4),(0.,1.),(0.,1.),
 .PIECEWISE_BEZIER_KNOTS.);
#2235=B_SPLINE_SURFACE_WITH_KNOTS('',1,3,((#3937,#3938,#3939,#3940,#3941,
#3942),(#3943,#3944,#3945,#3946,#3947,#3948)),.RULED_SURF.,.F.,.F.,.F.,
(2,2),(4,2,4),(0.,1.),(0.,0.5,1.),.UNSPECIFIED.);
#2236=B_SPLINE_SURFACE_WITH_KNOTS('',1,3,((#3969,#3970,#3971,#3972),(#3973,
#3974,#3975,#3976)),.RULED_SURF.,.F.,.F.,.F.,(2,2),(4,4),(0.,1.),(0.,1.),
 .PIECEWISE_BEZIER_KNOTS.);
#2237=B_SPLINE_SURFACE_WITH_KNOTS('',1,3,((#3991,#3992,#3993,#3994,#3995,
#3996),(#3997,#3998,#3999,#4000,#4001,#4002)),.RULED_SURF.,.F.,.F.,.F.,
(2,2),(4,2,4),(0.,1.),(0.,0.5,1.),.UNSPECIFIED.);
#2238=B_SPLINE_SURFACE_WITH_KNOTS('',1,3,((#4017,#4018,#4019,#4020),(#4021,
#4022,#4023,#4024)),.RULED_SURF.,.F.,.F.,.F.,(2,2),(4,4),(0.,1.),(0.,1.),
 .PIECEWISE_BEZIER_KNOTS.);
#2239=B_SPLINE_SURFACE_WITH_KNOTS('',1,3,((#4036,#4037,#4038,#4039,#4040,
#4041),(#4042,#4043,#4044,#4045,#4046,#4047)),.RULED_SURF.,.F.,.F.,.F.,
(2,2),(4,2,4),(0.,1.),(0.,0.5,1.),.UNSPECIFIED.);
#2240=B_SPLINE_SURFACE_WITH_KNOTS('',1,3,((#4068,#4069,#4070,#4071),(#4072,
#4073,#4074,#4075)),.RULED_SURF.,.F.,.F.,.F.,(2,2),(4,4),(0.,1.),(0.,1.),
 .PIECEWISE_BEZIER_KNOTS.);
#2241=B_SPLINE_SURFACE_WITH_KNOTS('',1,3,((#4090,#4091,#4092,#4093,#4094,
#4095),(#4096,#4097,#4098,#4099,#4100,#4101)),.RULED_SURF.,.F.,.F.,.F.,
(2,2),(4,2,4),(0.,1.),(0.,0.5,1.),.UNSPECIFIED.);
#2242=B_SPLINE_SURFACE_WITH_KNOTS('',1,3,((#4116,#4117,#4118,#4119),(#4120,
#4121,#4122,#4123)),.RULED_SURF.,.F.,.F.,.F.,(2,2),(4,4),(0.,1.),(0.,1.),
 .PIECEWISE_BEZIER_KNOTS.);
#2243=B_SPLINE_SURFACE_WITH_KNOTS('',1,3,((#4135,#4136,#4137,#4138,#4139,
#4140),(#4141,#4142,#4143,#4144,#4145,#4146)),.RULED_SURF.,.F.,.F.,.F.,
(2,2),(4,2,4),(0.,1.),(0.,0.5,1.),.UNSPECIFIED.);
#2244=B_SPLINE_SURFACE_WITH_KNOTS('',1,3,((#4167,#4168,#4169,#4170),(#4171,
#4172,#4173,#4174)),.RULED_SURF.,.F.,.F.,.F.,(2,2),(4,4),(0.,1.),(0.,1.),
 .PIECEWISE_BEZIER_KNOTS.);
#2245=B_SPLINE_SURFACE_WITH_KNOTS('',1,3,((#4189,#4190,#4191,#4192,#4193,
#4194),(#4195,#4196,#4197,#4198,#4199,#4200)),.RULED_SURF.,.F.,.F.,.F.,
(2,2),(4,2,4),(0.,1.),(0.,0.5,1.),.UNSPECIFIED.);
#2246=B_SPLINE_SURFACE_WITH_KNOTS('',1,3,((#4215,#4216,#4217,#4218),(#4219,
#4220,#4221,#4222)),.RULED_SURF.,.F.,.F.,.F.,(2,2),(4,4),(0.,1.),(0.,1.),
 .PIECEWISE_BEZIER_KNOTS.);
#2247=B_SPLINE_SURFACE_WITH_KNOTS('',1,3,((#4245,#4246,#4247,#4248,#4249,
#4250),(#4251,#4252,#4253,#4254,#4255,#4256)),.RULED_SURF.,.F.,.F.,.F.,
(2,2),(4,2,4),(0.,1.),(0.,0.5,1.),.UNSPECIFIED.);
#2248=B_SPLINE_SURFACE_WITH_KNOTS('',1,3,((#4277,#4278,#4279,#4280),(#4281,
#4282,#4283,#4284)),.RULED_SURF.,.F.,.F.,.F.,(2,2),(4,4),(0.,1.),(0.,1.),
 .PIECEWISE_BEZIER_KNOTS.);
#2249=B_SPLINE_SURFACE_WITH_KNOTS('',1,3,((#4299,#4300,#4301,#4302,#4303,
#4304),(#4305,#4306,#4307,#4308,#4309,#4310)),.RULED_SURF.,.F.,.F.,.F.,
(2,2),(4,2,4),(0.,1.),(0.,0.5,1.),.UNSPECIFIED.);
#2250=B_SPLINE_SURFACE_WITH_KNOTS('',1,3,((#4325,#4326,#4327,#4328),(#4329,
#4330,#4331,#4332)),.RULED_SURF.,.F.,.F.,.F.,(2,2),(4,4),(0.,1.),(0.,1.),
 .PIECEWISE_BEZIER_KNOTS.);
#2251=B_SPLINE_SURFACE_WITH_KNOTS('',1,3,((#4344,#4345,#4346,#4347,#4348,
#4349),(#4350,#4351,#4352,#4353,#4354,#4355)),.RULED_SURF.,.F.,.F.,.F.,
(2,2),(4,2,4),(0.,1.),(0.,0.5,1.),.UNSPECIFIED.);
#2252=B_SPLINE_SURFACE_WITH_KNOTS('',1,3,((#4376,#4377,#4378,#4379),(#4380,
#4381,#4382,#4383)),.RULED_SURF.,.F.,.F.,.F.,(2,2),(4,4),(0.,1.),(0.,1.),
 .PIECEWISE_BEZIER_KNOTS.);
#2253=B_SPLINE_SURFACE_WITH_KNOTS('',1,3,((#4398,#4399,#4400,#4401,#4402,
#4403),(#4404,#4405,#4406,#4407,#4408,#4409)),.RULED_SURF.,.F.,.F.,.F.,
(2,2),(4,2,4),(0.,1.),(0.,0.5,1.),.UNSPECIFIED.);
#2254=B_SPLINE_SURFACE_WITH_KNOTS('',1,3,((#4424,#4425,#4426,#4427),(#4428,
#4429,#4430,#4431)),.RULED_SURF.,.F.,.F.,.F.,(2,2),(4,4),(0.,1.),(0.,1.),
 .PIECEWISE_BEZIER_KNOTS.);
#2255=B_SPLINE_SURFACE_WITH_KNOTS('',1,3,((#4443,#4444,#4445,#4446,#4447,
#4448),(#4449,#4450,#4451,#4452,#4453,#4454)),.RULED_SURF.,.F.,.F.,.F.,
(2,2),(4,2,4),(0.,1.),(0.,0.5,1.),.UNSPECIFIED.);
#2256=B_SPLINE_SURFACE_WITH_KNOTS('',1,3,((#4475,#4476,#4477,#4478),(#4479,
#4480,#4481,#4482)),.RULED_SURF.,.F.,.F.,.F.,(2,2),(4,4),(0.,1.),(0.,1.),
 .PIECEWISE_BEZIER_KNOTS.);
#2257=B_SPLINE_SURFACE_WITH_KNOTS('',1,3,((#4497,#4498,#4499,#4500,#4501,
#4502),(#4503,#4504,#4505,#4506,#4507,#4508)),.RULED_SURF.,.F.,.F.,.F.,
(2,2),(4,2,4),(0.,1.),(0.,0.5,1.),.UNSPECIFIED.);
#2258=B_SPLINE_SURFACE_WITH_KNOTS('',1,3,((#4523,#4524,#4525,#4526),(#4527,
#4528,#4529,#4530)),.RULED_SURF.,.F.,.F.,.F.,(2,2),(4,4),(0.,1.),(0.,1.),
 .PIECEWISE_BEZIER_KNOTS.);
#2259=B_SPLINE_SURFACE_WITH_KNOTS('',1,3,((#4542,#4543,#4544,#4545,#4546,
#4547),(#4548,#4549,#4550,#4551,#4552,#4553)),.RULED_SURF.,.F.,.F.,.F.,
(2,2),(4,2,4),(0.,1.),(0.,0.5,1.),.UNSPECIFIED.);
#2260=B_SPLINE_SURFACE_WITH_KNOTS('',1,3,((#4574,#4575,#4576,#4577),(#4578,
#4579,#4580,#4581)),.RULED_SURF.,.F.,.F.,.F.,(2,2),(4,4),(0.,1.),(0.,1.),
 .PIECEWISE_BEZIER_KNOTS.);
#2261=B_SPLINE_SURFACE_WITH_KNOTS('',1,3,((#4596,#4597,#4598,#4599,#4600,
#4601),(#4602,#4603,#4604,#4605,#4606,#4607)),.RULED_SURF.,.F.,.F.,.F.,
(2,2),(4,2,4),(0.,1.),(0.,0.5,1.),.UNSPECIFIED.);
#2262=B_SPLINE_SURFACE_WITH_KNOTS('',1,3,((#4622,#4623,#4624,#4625),(#4626,
#4627,#4628,#4629)),.RULED_SURF.,.F.,.F.,.F.,(2,2),(4,4),(0.,1.),(0.,1.),
 .PIECEWISE_BEZIER_KNOTS.);
#2263=B_SPLINE_SURFACE_WITH_KNOTS('',1,3,((#4641,#4642,#4643,#4644,#4645,
#4646),(#4647,#4648,#4649,#4650,#4651,#4652)),.RULED_SURF.,.F.,.F.,.F.,
(2,2),(4,2,4),(0.,1.),(0.,0.5,1.),.UNSPECIFIED.);
#2264=B_SPLINE_SURFACE_WITH_KNOTS('',1,3,((#4673,#4674,#4675,#4676),(#4677,
#4678,#4679,#4680)),.RULED_SURF.,.F.,.F.,.F.,(2,2),(4,4),(0.,1.),(0.,1.),
 .PIECEWISE_BEZIER_KNOTS.);
#2265=B_SPLINE_SURFACE_WITH_KNOTS('',1,3,((#4695,#4696,#4697,#4698,#4699,
#4700),(#4701,#4702,#4703,#4704,#4705,#4706)),.RULED_SURF.,.F.,.F.,.F.,
(2,2),(4,2,4),(0.,1.),(0.,0.5,1.),.UNSPECIFIED.);
#2266=B_SPLINE_SURFACE_WITH_KNOTS('',1,3,((#4721,#4722,#4723,#4724),(#4725,
#4726,#4727,#4728)),.RULED_SURF.,.F.,.F.,.F.,(2,2),(4,4),(0.,1.),(0.,1.),
 .PIECEWISE_BEZIER_KNOTS.);
#2267=B_SPLINE_SURFACE_WITH_KNOTS('',1,3,((#4740,#4741,#4742,#4743,#4744,
#4745),(#4746,#4747,#4748,#4749,#4750,#4751)),.RULED_SURF.,.F.,.F.,.F.,
(2,2),(4,2,4),(0.,1.),(0.,0.5,1.),.UNSPECIFIED.);
#2268=B_SPLINE_SURFACE_WITH_KNOTS('',1,3,((#4772,#4773,#4774,#4775),(#4776,
#4777,#4778,#4779)),.RULED_SURF.,.F.,.F.,.F.,(2,2),(4,4),(0.,1.),(0.,1.),
 .PIECEWISE_BEZIER_KNOTS.);
#2269=B_SPLINE_SURFACE_WITH_KNOTS('',1,3,((#4794,#4795,#4796,#4797,#4798,
#4799),(#4800,#4801,#4802,#4803,#4804,#4805)),.RULED_SURF.,.F.,.F.,.F.,
(2,2),(4,2,4),(0.,1.),(0.,0.5,1.),.UNSPECIFIED.);
#2270=B_SPLINE_SURFACE_WITH_KNOTS('',1,3,((#4820,#4821,#4822,#4823),(#4824,
#4825,#4826,#4827)),.RULED_SURF.,.F.,.F.,.F.,(2,2),(4,4),(0.,1.),(0.,1.),
 .PIECEWISE_BEZIER_KNOTS.);
#2271=B_SPLINE_SURFACE_WITH_KNOTS('',1,3,((#4839,#4840,#4841,#4842,#4843,
#4844),(#4845,#4846,#4847,#4848,#4849,#4850)),.RULED_SURF.,.F.,.F.,.F.,
(2,2),(4,2,4),(0.,1.),(0.,0.5,1.),.UNSPECIFIED.);
#2272=B_SPLINE_SURFACE_WITH_KNOTS('',1,3,((#4871,#4872,#4873,#4874),(#4875,
#4876,#4877,#4878)),.RULED_SURF.,.F.,.F.,.F.,(2,2),(4,4),(0.,1.),(0.,1.),
 .PIECEWISE_BEZIER_KNOTS.);
#2273=B_SPLINE_SURFACE_WITH_KNOTS('',1,3,((#4893,#4894,#4895,#4896,#4897,
#4898),(#4899,#4900,#4901,#4902,#4903,#4904)),.RULED_SURF.,.F.,.F.,.F.,
(2,2),(4,2,4),(0.,1.),(0.,0.5,1.),.UNSPECIFIED.);
#2274=B_SPLINE_SURFACE_WITH_KNOTS('',1,3,((#4919,#4920,#4921,#4922),(#4923,
#4924,#4925,#4926)),.RULED_SURF.,.F.,.F.,.F.,(2,2),(4,4),(0.,1.),(0.,1.),
 .PIECEWISE_BEZIER_KNOTS.);
#2275=B_SPLINE_SURFACE_WITH_KNOTS('',1,3,((#4938,#4939,#4940,#4941,#4942,
#4943),(#4944,#4945,#4946,#4947,#4948,#4949)),.RULED_SURF.,.F.,.F.,.F.,
(2,2),(4,2,4),(0.,1.),(0.,0.5,1.),.UNSPECIFIED.);
#2276=B_SPLINE_SURFACE_WITH_KNOTS('',1,3,((#4970,#4971,#4972,#4973),(#4974,
#4975,#4976,#4977)),.RULED_SURF.,.F.,.F.,.F.,(2,2),(4,4),(0.,1.),(0.,1.),
 .PIECEWISE_BEZIER_KNOTS.);
#2277=B_SPLINE_SURFACE_WITH_KNOTS('',1,3,((#4992,#4993,#4994,#4995,#4996,
#4997),(#4998,#4999,#5000,#5001,#5002,#5003)),.RULED_SURF.,.F.,.F.,.F.,
(2,2),(4,2,4),(0.,1.),(0.,0.5,1.),.UNSPECIFIED.);
#2278=B_SPLINE_SURFACE_WITH_KNOTS('',1,3,((#5018,#5019,#5020,#5021),(#5022,
#5023,#5024,#5025)),.RULED_SURF.,.F.,.F.,.F.,(2,2),(4,4),(0.,1.),(0.,1.),
 .PIECEWISE_BEZIER_KNOTS.);
#2279=B_SPLINE_SURFACE_WITH_KNOTS('',1,3,((#5037,#5038,#5039,#5040,#5041,
#5042),(#5043,#5044,#5045,#5046,#5047,#5048)),.RULED_SURF.,.F.,.F.,.F.,
(2,2),(4,2,4),(0.,1.),(0.,0.5,1.),.UNSPECIFIED.);
#2280=B_SPLINE_SURFACE_WITH_KNOTS('',1,3,((#5069,#5070,#5071,#5072),(#5073,
#5074,#5075,#5076)),.RULED_SURF.,.F.,.F.,.F.,(2,2),(4,4),(0.,1.),(0.,1.),
 .PIECEWISE_BEZIER_KNOTS.);
#2281=B_SPLINE_SURFACE_WITH_KNOTS('',1,3,((#5091,#5092,#5093,#5094,#5095,
#5096),(#5097,#5098,#5099,#5100,#5101,#5102)),.RULED_SURF.,.F.,.F.,.F.,
(2,2),(4,2,4),(0.,1.),(0.,0.5,1.),.UNSPECIFIED.);
#2282=B_SPLINE_SURFACE_WITH_KNOTS('',1,3,((#5117,#5118,#5119,#5120),(#5121,
#5122,#5123,#5124)),.RULED_SURF.,.F.,.F.,.F.,(2,2),(4,4),(0.,1.),(0.,1.),
 .PIECEWISE_BEZIER_KNOTS.);
#2283=B_SPLINE_SURFACE_WITH_KNOTS('',1,3,((#5136,#5137,#5138,#5139,#5140,
#5141),(#5142,#5143,#5144,#5145,#5146,#5147)),.RULED_SURF.,.F.,.F.,.F.,
(2,2),(4,2,4),(0.,1.),(0.,0.5,1.),.UNSPECIFIED.);
#2284=B_SPLINE_SURFACE_WITH_KNOTS('',1,3,((#5168,#5169,#5170,#5171),(#5172,
#5173,#5174,#5175)),.RULED_SURF.,.F.,.F.,.F.,(2,2),(4,4),(0.,1.),(0.,1.),
 .PIECEWISE_BEZIER_KNOTS.);
#2285=B_SPLINE_SURFACE_WITH_KNOTS('',1,3,((#5190,#5191,#5192,#5193,#5194,
#5195),(#5196,#5197,#5198,#5199,#5200,#5201)),.RULED_SURF.,.F.,.F.,.F.,
(2,2),(4,2,4),(0.,1.),(0.,0.5,1.),.UNSPECIFIED.);
#2286=B_SPLINE_SURFACE_WITH_KNOTS('',1,3,((#5216,#5217,#5218,#5219),(#5220,
#5221,#5222,#5223)),.RULED_SURF.,.F.,.F.,.F.,(2,2),(4,4),(0.,1.),(0.,1.),
 .PIECEWISE_BEZIER_KNOTS.);
#2287=B_SPLINE_SURFACE_WITH_KNOTS('',1,3,((#5235,#5236,#5237,#5238,#5239,
#5240),(#5241,#5242,#5243,#5244,#5245,#5246)),.RULED_SURF.,.F.,.F.,.F.,
(2,2),(4,2,4),(0.,1.),(0.,0.5,1.),.UNSPECIFIED.);
#2288=B_SPLINE_SURFACE_WITH_KNOTS('',1,3,((#5267,#5268,#5269,#5270),(#5271,
#5272,#5273,#5274)),.RULED_SURF.,.F.,.F.,.F.,(2,2),(4,4),(0.,1.),(0.,1.),
 .PIECEWISE_BEZIER_KNOTS.);
#2289=B_SPLINE_SURFACE_WITH_KNOTS('',1,3,((#5289,#5290,#5291,#5292,#5293,
#5294),(#5295,#5296,#5297,#5298,#5299,#5300)),.RULED_SURF.,.F.,.F.,.F.,
(2,2),(4,2,4),(0.,1.),(0.,0.5,1.),.UNSPECIFIED.);
#2290=B_SPLINE_SURFACE_WITH_KNOTS('',1,3,((#5315,#5316,#5317,#5318),(#5319,
#5320,#5321,#5322)),.RULED_SURF.,.F.,.F.,.F.,(2,2),(4,4),(0.,1.),(0.,1.),
 .PIECEWISE_BEZIER_KNOTS.);
#2291=B_SPLINE_SURFACE_WITH_KNOTS('',1,3,((#5334,#5335,#5336,#5337,#5338,
#5339),(#5340,#5341,#5342,#5343,#5344,#5345)),.RULED_SURF.,.F.,.F.,.F.,
(2,2),(4,2,4),(0.,1.),(0.,0.5,1.),.UNSPECIFIED.);
#2292=B_SPLINE_SURFACE_WITH_KNOTS('',1,3,((#5366,#5367,#5368,#5369),(#5370,
#5371,#5372,#5373)),.RULED_SURF.,.F.,.F.,.F.,(2,2),(4,4),(0.,1.),(0.,1.),
 .PIECEWISE_BEZIER_KNOTS.);
#2293=B_SPLINE_SURFACE_WITH_KNOTS('',1,3,((#5388,#5389,#5390,#5391,#5392,
#5393),(#5394,#5395,#5396,#5397,#5398,#5399)),.RULED_SURF.,.F.,.F.,.F.,
(2,2),(4,2,4),(0.,1.),(0.,0.5,1.),.UNSPECIFIED.);
#2294=B_SPLINE_SURFACE_WITH_KNOTS('',1,3,((#5414,#5415,#5416,#5417),(#5418,
#5419,#5420,#5421)),.RULED_SURF.,.F.,.F.,.F.,(2,2),(4,4),(0.,1.),(0.,1.),
 .PIECEWISE_BEZIER_KNOTS.);
#2295=B_SPLINE_SURFACE_WITH_KNOTS('',1,3,((#5433,#5434,#5435,#5436,#5437,
#5438),(#5439,#5440,#5441,#5442,#5443,#5444)),.RULED_SURF.,.F.,.F.,.F.,
(2,2),(4,2,4),(0.,1.),(0.,0.5,1.),.UNSPECIFIED.);
#2296=B_SPLINE_SURFACE_WITH_KNOTS('',1,3,((#5465,#5466,#5467,#5468),(#5469,
#5470,#5471,#5472)),.RULED_SURF.,.F.,.F.,.F.,(2,2),(4,4),(0.,1.),(0.,1.),
 .PIECEWISE_BEZIER_KNOTS.);
#2297=B_SPLINE_SURFACE_WITH_KNOTS('',1,3,((#5487,#5488,#5489,#5490,#5491,
#5492),(#5493,#5494,#5495,#5496,#5497,#5498)),.RULED_SURF.,.F.,.F.,.F.,
(2,2),(4,2,4),(0.,1.),(0.,0.5,1.),.UNSPECIFIED.);
#2298=B_SPLINE_SURFACE_WITH_KNOTS('',1,3,((#5513,#5514,#5515,#5516),(#5517,
#5518,#5519,#5520)),.RULED_SURF.,.F.,.F.,.F.,(2,2),(4,4),(0.,1.),(0.,1.),
 .PIECEWISE_BEZIER_KNOTS.);
#2299=B_SPLINE_SURFACE_WITH_KNOTS('',1,3,((#5532,#5533,#5534,#5535,#5536,
#5537),(#5538,#5539,#5540,#5541,#5542,#5543)),.RULED_SURF.,.F.,.F.,.F.,
(2,2),(4,2,4),(0.,1.),(0.,0.5,1.),.UNSPECIFIED.);
#2300=B_SPLINE_SURFACE_WITH_KNOTS('',1,3,((#5564,#5565,#5566,#5567),(#5568,
#5569,#5570,#5571)),.RULED_SURF.,.F.,.F.,.F.,(2,2),(4,4),(0.,1.),(0.,1.),
 .PIECEWISE_BEZIER_KNOTS.);
#2301=B_SPLINE_SURFACE_WITH_KNOTS('',1,3,((#5586,#5587,#5588,#5589,#5590,
#5591),(#5592,#5593,#5594,#5595,#5596,#5597)),.RULED_SURF.,.F.,.F.,.F.,
(2,2),(4,2,4),(0.,1.),(0.,0.5,1.),.UNSPECIFIED.);
#2302=B_SPLINE_SURFACE_WITH_KNOTS('',1,3,((#5612,#5613,#5614,#5615),(#5616,
#5617,#5618,#5619)),.RULED_SURF.,.F.,.F.,.F.,(2,2),(4,4),(0.,1.),(0.,1.),
 .PIECEWISE_BEZIER_KNOTS.);
#2303=B_SPLINE_SURFACE_WITH_KNOTS('',1,3,((#5631,#5632,#5633,#5634,#5635,
#5636),(#5637,#5638,#5639,#5640,#5641,#5642)),.RULED_SURF.,.F.,.F.,.F.,
(2,2),(4,2,4),(0.,1.),(0.,0.5,1.),.UNSPECIFIED.);
#2304=B_SPLINE_SURFACE_WITH_KNOTS('',1,3,((#5663,#5664,#5665,#5666),(#5667,
#5668,#5669,#5670)),.RULED_SURF.,.F.,.F.,.F.,(2,2),(4,4),(0.,1.),(0.,1.),
 .PIECEWISE_BEZIER_KNOTS.);
#2305=B_SPLINE_SURFACE_WITH_KNOTS('',1,3,((#5685,#5686,#5687,#5688,#5689,
#5690),(#5691,#5692,#5693,#5694,#5695,#5696)),.RULED_SURF.,.F.,.F.,.F.,
(2,2),(4,2,4),(0.,1.),(0.,0.5,1.),.UNSPECIFIED.);
#2306=B_SPLINE_SURFACE_WITH_KNOTS('',1,3,((#5711,#5712,#5713,#5714),(#5715,
#5716,#5717,#5718)),.RULED_SURF.,.F.,.F.,.F.,(2,2),(4,4),(0.,1.),(0.,1.),
 .PIECEWISE_BEZIER_KNOTS.);
#2307=B_SPLINE_SURFACE_WITH_KNOTS('',1,3,((#5730,#5731,#5732,#5733,#5734,
#5735),(#5736,#5737,#5738,#5739,#5740,#5741)),.RULED_SURF.,.F.,.F.,.F.,
(2,2),(4,2,4),(0.,1.),(0.,0.5,1.),.UNSPECIFIED.);
#2308=B_SPLINE_SURFACE_WITH_KNOTS('',1,3,((#5762,#5763,#5764,#5765),(#5766,
#5767,#5768,#5769)),.RULED_SURF.,.F.,.F.,.F.,(2,2),(4,4),(0.,1.),(0.,1.),
 .PIECEWISE_BEZIER_KNOTS.);
#2309=B_SPLINE_SURFACE_WITH_KNOTS('',1,3,((#5784,#5785,#5786,#5787,#5788,
#5789),(#5790,#5791,#5792,#5793,#5794,#5795)),.RULED_SURF.,.F.,.F.,.F.,
(2,2),(4,2,4),(0.,1.),(0.,0.5,1.),.UNSPECIFIED.);
#2310=B_SPLINE_SURFACE_WITH_KNOTS('',1,3,((#5810,#5811,#5812,#5813),(#5814,
#5815,#5816,#5817)),.RULED_SURF.,.F.,.F.,.F.,(2,2),(4,4),(0.,1.),(0.,1.),
 .PIECEWISE_BEZIER_KNOTS.);
#2311=B_SPLINE_SURFACE_WITH_KNOTS('',1,3,((#5829,#5830,#5831,#5832,#5833,
#5834),(#5835,#5836,#5837,#5838,#5839,#5840)),.RULED_SURF.,.F.,.F.,.F.,
(2,2),(4,2,4),(0.,1.),(0.,0.5,1.),.UNSPECIFIED.);
#2312=B_SPLINE_SURFACE_WITH_KNOTS('',1,3,((#5861,#5862,#5863,#5864),(#5865,
#5866,#5867,#5868)),.RULED_SURF.,.F.,.F.,.F.,(2,2),(4,4),(0.,1.),(0.,1.),
 .PIECEWISE_BEZIER_KNOTS.);
#2313=B_SPLINE_SURFACE_WITH_KNOTS('',1,3,((#5883,#5884,#5885,#5886,#5887,
#5888),(#5889,#5890,#5891,#5892,#5893,#5894)),.RULED_SURF.,.F.,.F.,.F.,
(2,2),(4,2,4),(0.,1.),(0.,0.5,1.),.UNSPECIFIED.);
#2314=B_SPLINE_SURFACE_WITH_KNOTS('',1,3,((#5909,#5910,#5911,#5912),(#5913,
#5914,#5915,#5916)),.RULED_SURF.,.F.,.F.,.F.,(2,2),(4,4),(0.,1.),(0.,1.),
 .PIECEWISE_BEZIER_KNOTS.);
#2315=B_SPLINE_SURFACE_WITH_KNOTS('',1,3,((#5928,#5929,#5930,#5931,#5932,
#5933),(#5934,#5935,#5936,#5937,#5938,#5939)),.RULED_SURF.,.F.,.F.,.F.,
(2,2),(4,2,4),(0.,1.),(0.,0.5,1.),.UNSPECIFIED.);
#2316=B_SPLINE_SURFACE_WITH_KNOTS('',1,3,((#5960,#5961,#5962,#5963),(#5964,
#5965,#5966,#5967)),.RULED_SURF.,.F.,.F.,.F.,(2,2),(4,4),(0.,1.),(0.,1.),
 .PIECEWISE_BEZIER_KNOTS.);
#2317=B_SPLINE_SURFACE_WITH_KNOTS('',1,3,((#5982,#5983,#5984,#5985,#5986,
#5987),(#5988,#5989,#5990,#5991,#5992,#5993)),.RULED_SURF.,.F.,.F.,.F.,
(2,2),(4,2,4),(0.,1.),(0.,0.5,1.),.UNSPECIFIED.);
#2318=B_SPLINE_SURFACE_WITH_KNOTS('',1,3,((#6008,#6009,#6010,#6011),(#6012,
#6013,#6014,#6015)),.RULED_SURF.,.F.,.F.,.F.,(2,2),(4,4),(0.,1.),(0.,1.),
 .PIECEWISE_BEZIER_KNOTS.);
#2319=B_SPLINE_SURFACE_WITH_KNOTS('',1,3,((#6027,#6028,#6029,#6030,#6031,
#6032),(#6033,#6034,#6035,#6036,#6037,#6038)),.RULED_SURF.,.F.,.F.,.F.,
(2,2),(4,2,4),(0.,1.),(0.,0.5,1.),.UNSPECIFIED.);
#2320=B_SPLINE_SURFACE_WITH_KNOTS('',1,3,((#6059,#6060,#6061,#6062),(#6063,
#6064,#6065,#6066)),.RULED_SURF.,.F.,.F.,.F.,(2,2),(4,4),(0.,1.),(0.,1.),
 .PIECEWISE_BEZIER_KNOTS.);
#2321=B_SPLINE_SURFACE_WITH_KNOTS('',1,3,((#6081,#6082,#6083,#6084,#6085,
#6086),(#6087,#6088,#6089,#6090,#6091,#6092)),.RULED_SURF.,.F.,.F.,.F.,
(2,2),(4,2,4),(0.,1.),(0.,0.5,1.),.UNSPECIFIED.);
#2322=B_SPLINE_SURFACE_WITH_KNOTS('',1,3,((#6107,#6108,#6109,#6110),(#6111,
#6112,#6113,#6114)),.RULED_SURF.,.F.,.F.,.F.,(2,2),(4,4),(0.,1.),(0.,1.),
 .PIECEWISE_BEZIER_KNOTS.);
#2323=ADVANCED_FACE('',(#2017),#2203,.T.);
#2324=ADVANCED_FACE('',(#2018),#2204,.F.);
#2325=ADVANCED_FACE('',(#2019),#2205,.F.);
#2326=ADVANCED_FACE('',(#2020),#2206,.T.);
#2327=ADVANCED_FACE('',(#2021),#78,.T.);
#2328=ADVANCED_FACE('',(#2022),#79,.F.);
#2329=ADVANCED_FACE('',(#2023),#2207,.T.);
#2330=ADVANCED_FACE('',(#2024),#2208,.F.);
#2331=ADVANCED_FACE('',(#2025),#2209,.F.);
#2332=ADVANCED_FACE('',(#2026),#2210,.T.);
#2333=ADVANCED_FACE('',(#2027),#80,.T.);
#2334=ADVANCED_FACE('',(#2028),#81,.F.);
#2335=ADVANCED_FACE('',(#2029),#2211,.T.);
#2336=ADVANCED_FACE('',(#2030),#2212,.F.);
#2337=ADVANCED_FACE('',(#2031),#2213,.F.);
#2338=ADVANCED_FACE('',(#2032),#2214,.T.);
#2339=ADVANCED_FACE('',(#2033),#82,.T.);
#2340=ADVANCED_FACE('',(#2034),#83,.F.);
#2341=ADVANCED_FACE('',(#2035),#2215,.T.);
#2342=ADVANCED_FACE('',(#2036),#2216,.F.);
#2343=ADVANCED_FACE('',(#2037),#2217,.F.);
#2344=ADVANCED_FACE('',(#2038),#2218,.T.);
#2345=ADVANCED_FACE('',(#2039),#84,.T.);
#2346=ADVANCED_FACE('',(#2040),#85,.F.);
#2347=ADVANCED_FACE('',(#2041),#2219,.T.);
#2348=ADVANCED_FACE('',(#2042),#2220,.F.);
#2349=ADVANCED_FACE('',(#2043),#2221,.F.);
#2350=ADVANCED_FACE('',(#2044),#2222,.T.);
#2351=ADVANCED_FACE('',(#2045),#86,.T.);
#2352=ADVANCED_FACE('',(#2046),#87,.F.);
#2353=ADVANCED_FACE('',(#2047),#2223,.T.);
#2354=ADVANCED_FACE('',(#2048),#2224,.F.);
#2355=ADVANCED_FACE('',(#2049),#2225,.F.);
#2356=ADVANCED_FACE('',(#2050),#2226,.T.);
#2357=ADVANCED_FACE('',(#2051),#88,.T.);
#2358=ADVANCED_FACE('',(#2052),#89,.F.);
#2359=ADVANCED_FACE('',(#2053),#2227,.T.);
#2360=ADVANCED_FACE('',(#2054),#2228,.F.);
#2361=ADVANCED_FACE('',(#2055),#2229,.F.);
#2362=ADVANCED_FACE('',(#2056),#2230,.T.);
#2363=ADVANCED_FACE('',(#2057),#90,.T.);
#2364=ADVANCED_FACE('',(#2058),#91,.F.);
#2365=ADVANCED_FACE('',(#2059),#2231,.T.);
#2366=ADVANCED_FACE('',(#2060),#2232,.F.);
#2367=ADVANCED_FACE('',(#2061),#2233,.F.);
#2368=ADVANCED_FACE('',(#2062),#2234,.T.);
#2369=ADVANCED_FACE('',(#2063),#92,.T.);
#2370=ADVANCED_FACE('',(#2064),#93,.F.);
#2371=ADVANCED_FACE('',(#2065),#2235,.T.);
#2372=ADVANCED_FACE('',(#2066),#2236,.F.);
#2373=ADVANCED_FACE('',(#2067),#2237,.F.);
#2374=ADVANCED_FACE('',(#2068),#2238,.T.);
#2375=ADVANCED_FACE('',(#2069),#94,.T.);
#2376=ADVANCED_FACE('',(#2070),#95,.F.);
#2377=ADVANCED_FACE('',(#2071),#2239,.T.);
#2378=ADVANCED_FACE('',(#2072),#2240,.F.);
#2379=ADVANCED_FACE('',(#2073),#2241,.F.);
#2380=ADVANCED_FACE('',(#2074),#2242,.T.);
#2381=ADVANCED_FACE('',(#2075),#96,.T.);
#2382=ADVANCED_FACE('',(#2076),#97,.F.);
#2383=ADVANCED_FACE('',(#2077),#2243,.T.);
#2384=ADVANCED_FACE('',(#2078),#2244,.F.);
#2385=ADVANCED_FACE('',(#2079),#2245,.F.);
#2386=ADVANCED_FACE('',(#2080),#2246,.T.);
#2387=ADVANCED_FACE('',(#2081),#98,.T.);
#2388=ADVANCED_FACE('',(#2082),#99,.F.);
#2389=ADVANCED_FACE('',(#2083,#2084),#100,.T.);
#2390=ADVANCED_FACE('',(#2085),#11,.F.);
#2391=ADVANCED_FACE('',(#2086),#12,.T.);
#2392=ADVANCED_FACE('',(#2087,#2088),#10,.T.);
#2393=ADVANCED_FACE('',(#2089),#2247,.T.);
#2394=ADVANCED_FACE('',(#2090),#2248,.F.);
#2395=ADVANCED_FACE('',(#2091),#2249,.F.);
#2396=ADVANCED_FACE('',(#2092),#2250,.T.);
#2397=ADVANCED_FACE('',(#2093),#101,.T.);
#2398=ADVANCED_FACE('',(#2094),#102,.F.);
#2399=ADVANCED_FACE('',(#2095),#2251,.T.);
#2400=ADVANCED_FACE('',(#2096),#2252,.F.);
#2401=ADVANCED_FACE('',(#2097),#2253,.F.);
#2402=ADVANCED_FACE('',(#2098),#2254,.T.);
#2403=ADVANCED_FACE('',(#2099),#103,.T.);
#2404=ADVANCED_FACE('',(#2100),#104,.F.);
#2405=ADVANCED_FACE('',(#2101),#2255,.T.);
#2406=ADVANCED_FACE('',(#2102),#2256,.F.);
#2407=ADVANCED_FACE('',(#2103),#2257,.F.);
#2408=ADVANCED_FACE('',(#2104),#2258,.T.);
#2409=ADVANCED_FACE('',(#2105),#105,.T.);
#2410=ADVANCED_FACE('',(#2106),#106,.F.);
#2411=ADVANCED_FACE('',(#2107),#2259,.T.);
#2412=ADVANCED_FACE('',(#2108),#2260,.F.);
#2413=ADVANCED_FACE('',(#2109),#2261,.F.);
#2414=ADVANCED_FACE('',(#2110),#2262,.T.);
#2415=ADVANCED_FACE('',(#2111),#107,.T.);
#2416=ADVANCED_FACE('',(#2112),#108,.F.);
#2417=ADVANCED_FACE('',(#2113),#2263,.T.);
#2418=ADVANCED_FACE('',(#2114),#2264,.F.);
#2419=ADVANCED_FACE('',(#2115),#2265,.F.);
#2420=ADVANCED_FACE('',(#2116),#2266,.T.);
#2421=ADVANCED_FACE('',(#2117),#109,.T.);
#2422=ADVANCED_FACE('',(#2118),#110,.F.);
#2423=ADVANCED_FACE('',(#2119),#2267,.T.);
#2424=ADVANCED_FACE('',(#2120),#2268,.F.);
#2425=ADVANCED_FACE('',(#2121),#2269,.F.);
#2426=ADVANCED_FACE('',(#2122),#2270,.T.);
#2427=ADVANCED_FACE('',(#2123),#111,.T.);
#2428=ADVANCED_FACE('',(#2124),#112,.F.);
#2429=ADVANCED_FACE('',(#2125),#2271,.T.);
#2430=ADVANCED_FACE('',(#2126),#2272,.F.);
#2431=ADVANCED_FACE('',(#2127),#2273,.F.);
#2432=ADVANCED_FACE('',(#2128),#2274,.T.);
#2433=ADVANCED_FACE('',(#2129),#113,.T.);
#2434=ADVANCED_FACE('',(#2130),#114,.F.);
#2435=ADVANCED_FACE('',(#2131),#2275,.T.);
#2436=ADVANCED_FACE('',(#2132),#2276,.F.);
#2437=ADVANCED_FACE('',(#2133),#2277,.F.);
#2438=ADVANCED_FACE('',(#2134),#2278,.T.);
#2439=ADVANCED_FACE('',(#2135),#115,.T.);
#2440=ADVANCED_FACE('',(#2136),#116,.F.);
#2441=ADVANCED_FACE('',(#2137),#2279,.T.);
#2442=ADVANCED_FACE('',(#2138),#2280,.F.);
#2443=ADVANCED_FACE('',(#2139),#2281,.F.);
#2444=ADVANCED_FACE('',(#2140),#2282,.T.);
#2445=ADVANCED_FACE('',(#2141),#117,.T.);
#2446=ADVANCED_FACE('',(#2142),#118,.F.);
#2447=ADVANCED_FACE('',(#2143),#2283,.T.);
#2448=ADVANCED_FACE('',(#2144),#2284,.F.);
#2449=ADVANCED_FACE('',(#2145),#2285,.F.);
#2450=ADVANCED_FACE('',(#2146),#2286,.T.);
#2451=ADVANCED_FACE('',(#2147),#119,.T.);
#2452=ADVANCED_FACE('',(#2148),#120,.F.);
#2453=ADVANCED_FACE('',(#2149),#2287,.T.);
#2454=ADVANCED_FACE('',(#2150),#2288,.F.);
#2455=ADVANCED_FACE('',(#2151),#2289,.F.);
#2456=ADVANCED_FACE('',(#2152),#2290,.T.);
#2457=ADVANCED_FACE('',(#2153),#121,.T.);
#2458=ADVANCED_FACE('',(#2154),#122,.F.);
#2459=ADVANCED_FACE('',(#2155),#2291,.T.);
#2460=ADVANCED_FACE('',(#2156),#2292,.F.);
#2461=ADVANCED_FACE('',(#2157),#2293,.F.);
#2462=ADVANCED_FACE('',(#2158),#2294,.T.);
#2463=ADVANCED_FACE('',(#2159),#123,.T.);
#2464=ADVANCED_FACE('',(#2160),#124,.F.);
#2465=ADVANCED_FACE('',(#2161),#2295,.T.);
#2466=ADVANCED_FACE('',(#2162),#2296,.F.);
#2467=ADVANCED_FACE('',(#2163),#2297,.F.);
#2468=ADVANCED_FACE('',(#2164),#2298,.T.);
#2469=ADVANCED_FACE('',(#2165),#125,.T.);
#2470=ADVANCED_FACE('',(#2166),#126,.F.);
#2471=ADVANCED_FACE('',(#2167),#2299,.T.);
#2472=ADVANCED_FACE('',(#2168),#2300,.F.);
#2473=ADVANCED_FACE('',(#2169),#2301,.F.);
#2474=ADVANCED_FACE('',(#2170),#2302,.T.);
#2475=ADVANCED_FACE('',(#2171),#127,.T.);
#2476=ADVANCED_FACE('',(#2172),#128,.F.);
#2477=ADVANCED_FACE('',(#2173),#2303,.T.);
#2478=ADVANCED_FACE('',(#2174),#2304,.F.);
#2479=ADVANCED_FACE('',(#2175),#2305,.F.);
#2480=ADVANCED_FACE('',(#2176),#2306,.T.);
#2481=ADVANCED_FACE('',(#2177),#129,.T.);
#2482=ADVANCED_FACE('',(#2178),#130,.F.);
#2483=ADVANCED_FACE('',(#2179),#2307,.T.);
#2484=ADVANCED_FACE('',(#2180),#2308,.F.);
#2485=ADVANCED_FACE('',(#2181),#2309,.F.);
#2486=ADVANCED_FACE('',(#2182),#2310,.T.);
#2487=ADVANCED_FACE('',(#2183),#131,.T.);
#2488=ADVANCED_FACE('',(#2184),#132,.F.);
#2489=ADVANCED_FACE('',(#2185),#2311,.T.);
#2490=ADVANCED_FACE('',(#2186),#2312,.F.);
#2491=ADVANCED_FACE('',(#2187),#2313,.F.);
#2492=ADVANCED_FACE('',(#2188),#2314,.T.);
#2493=ADVANCED_FACE('',(#2189),#133,.T.);
#2494=ADVANCED_FACE('',(#2190),#134,.F.);
#2495=ADVANCED_FACE('',(#2191),#2315,.T.);
#2496=ADVANCED_FACE('',(#2192),#2316,.F.);
#2497=ADVANCED_FACE('',(#2193),#2317,.F.);
#2498=ADVANCED_FACE('',(#2194),#2318,.T.);
#2499=ADVANCED_FACE('',(#2195),#135,.T.);
#2500=ADVANCED_FACE('',(#2196),#136,.F.);
#2501=ADVANCED_FACE('',(#2197),#2319,.T.);
#2502=ADVANCED_FACE('',(#2198),#2320,.F.);
#2503=ADVANCED_FACE('',(#2199),#2321,.F.);
#2504=ADVANCED_FACE('',(#2200),#2322,.T.);
#2505=ADVANCED_FACE('',(#2201),#137,.T.);
#2506=ADVANCED_FACE('',(#2202),#138,.F.);
#2507=CLOSED_SHELL('',(#2323,#2324,#2325,#2326,#2327,#2328));
#2508=CLOSED_SHELL('',(#2329,#2330,#2331,#2332,#2333,#2334));
#2509=CLOSED_SHELL('',(#2335,#2336,#2337,#2338,#2339,#2340));
#2510=CLOSED_SHELL('',(#2341,#2342,#2343,#2344,#2345,#2346));
#2511=CLOSED_SHELL('',(#2347,#2348,#2349,#2350,#2351,#2352));
#2512=CLOSED_SHELL('',(#2353,#2354,#2355,#2356,#2357,#2358));
#2513=CLOSED_SHELL('',(#2359,#2360,#2361,#2362,#2363,#2364));
#2514=CLOSED_SHELL('',(#2365,#2366,#2367,#2368,#2369,#2370));
#2515=CLOSED_SHELL('',(#2371,#2372,#2373,#2374,#2375,#2376));
#2516=CLOSED_SHELL('',(#2377,#2378,#2379,#2380,#2381,#2382));
#2517=CLOSED_SHELL('',(#2383,#2384,#2385,#2386,#2387,#2388));
#2518=CLOSED_SHELL('',(#2389,#2390,#2391,#2392));
#2519=CLOSED_SHELL('',(#2393,#2394,#2395,#2396,#2397,#2398));
#2520=CLOSED_SHELL('',(#2399,#2400,#2401,#2402,#2403,#2404));
#2521=CLOSED_SHELL('',(#2405,#2406,#2407,#2408,#2409,#2410));
#2522=CLOSED_SHELL('',(#2411,#2412,#2413,#2414,#2415,#2416));
#2523=CLOSED_SHELL('',(#2417,#2418,#2419,#2420,#2421,#2422));
#2524=CLOSED_SHELL('',(#2423,#2424,#2425,#2426,#2427,#2428));
#2525=CLOSED_SHELL('',(#2429,#2430,#2431,#2432,#2433,#2434));
#2526=CLOSED_SHELL('',(#2435,#2436,#2437,#2438,#2439,#2440));
#2527=CLOSED_SHELL('',(#2441,#2442,#2443,#2444,#2445,#2446));
#2528=CLOSED_SHELL('',(#2447,#2448,#2449,#2450,#2451,#2452));
#2529=CLOSED_SHELL('',(#2453,#2454,#2455,#2456,#2457,#2458));
#2530=CLOSED_SHELL('',(#2459,#2460,#2461,#2462,#2463,#2464));
#2531=CLOSED_SHELL('',(#2465,#2466,#2467,#2468,#2469,#2470));
#2532=CLOSED_SHELL('',(#2471,#2472,#2473,#2474,#2475,#2476));
#2533=CLOSED_SHELL('',(#2477,#2478,#2479,#2480,#2481,#2482));
#2534=CLOSED_SHELL('',(#2483,#2484,#2485,#2486,#2487,#2488));
#2535=CLOSED_SHELL('',(#2489,#2490,#2491,#2492,#2493,#2494));
#2536=CLOSED_SHELL('',(#2495,#2496,#2497,#2498,#2499,#2500));
#2537=CLOSED_SHELL('',(#2501,#2502,#2503,#2504,#2505,#2506));
#2538=STYLED_ITEM('',(#2569),#2757);
#2539=STYLED_ITEM('',(#2570),#2758);
#2540=STYLED_ITEM('',(#2571),#2759);
#2541=STYLED_ITEM('',(#2572),#2760);
#2542=STYLED_ITEM('',(#2573),#2761);
#2543=STYLED_ITEM('',(#2574),#2762);
#2544=STYLED_ITEM('',(#2575),#2763);
#2545=STYLED_ITEM('',(#2576),#2764);
#2546=STYLED_ITEM('',(#2577),#2765);
#2547=STYLED_ITEM('',(#2578),#2766);
#2548=STYLED_ITEM('',(#2579),#2767);
#2549=STYLED_ITEM('',(#2580),#2768);
#2550=STYLED_ITEM('',(#2581),#2769);
#2551=STYLED_ITEM('',(#2582),#2770);
#2552=STYLED_ITEM('',(#2583),#2771);
#2553=STYLED_ITEM('',(#2584),#2772);
#2554=STYLED_ITEM('',(#2585),#2773);
#2555=STYLED_ITEM('',(#2586),#2774);
#2556=STYLED_ITEM('',(#2587),#2775);
#2557=STYLED_ITEM('',(#2588),#2776);
#2558=STYLED_ITEM('',(#2589),#2777);
#2559=STYLED_ITEM('',(#2590),#2778);
#2560=STYLED_ITEM('',(#2591),#2779);
#2561=STYLED_ITEM('',(#2592),#2780);
#2562=STYLED_ITEM('',(#2593),#2781);
#2563=STYLED_ITEM('',(#2594),#2782);
#2564=STYLED_ITEM('',(#2595),#2783);
#2565=STYLED_ITEM('',(#2596),#2784);
#2566=STYLED_ITEM('',(#2597),#2785);
#2567=STYLED_ITEM('',(#2598),#2786);
#2568=STYLED_ITEM('',(#2599),#2787);
#2569=PRESENTATION_STYLE_ASSIGNMENT((#2600));
#2570=PRESENTATION_STYLE_ASSIGNMENT((#2601));
#2571=PRESENTATION_STYLE_ASSIGNMENT((#2602));
#2572=PRESENTATION_STYLE_ASSIGNMENT((#2603));
#2573=PRESENTATION_STYLE_ASSIGNMENT((#2604));
#2574=PRESENTATION_STYLE_ASSIGNMENT((#2605));
#2575=PRESENTATION_STYLE_ASSIGNMENT((#2606));
#2576=PRESENTATION_STYLE_ASSIGNMENT((#2607));
#2577=PRESENTATION_STYLE_ASSIGNMENT((#2608));
#2578=PRESENTATION_STYLE_ASSIGNMENT((#2609));
#2579=PRESENTATION_STYLE_ASSIGNMENT((#2610));
#2580=PRESENTATION_STYLE_ASSIGNMENT((#2611));
#2581=PRESENTATION_STYLE_ASSIGNMENT((#2612));
#2582=PRESENTATION_STYLE_ASSIGNMENT((#2613));
#2583=PRESENTATION_STYLE_ASSIGNMENT((#2614));
#2584=PRESENTATION_STYLE_ASSIGNMENT((#2615));
#2585=PRESENTATION_STYLE_ASSIGNMENT((#2616));
#2586=PRESENTATION_STYLE_ASSIGNMENT((#2617));
#2587=PRESENTATION_STYLE_ASSIGNMENT((#2618));
#2588=PRESENTATION_STYLE_ASSIGNMENT((#2619));
#2589=PRESENTATION_STYLE_ASSIGNMENT((#2620));
#2590=PRESENTATION_STYLE_ASSIGNMENT((#2621));
#2591=PRESENTATION_STYLE_ASSIGNMENT((#2622));
#2592=PRESENTATION_STYLE_ASSIGNMENT((#2623));
#2593=PRESENTATION_STYLE_ASSIGNMENT((#2624));
#2594=PRESENTATION_STYLE_ASSIGNMENT((#2625));
#2595=PRESENTATION_STYLE_ASSIGNMENT((#2626));
#2596=PRESENTATION_STYLE_ASSIGNMENT((#2627));
#2597=PRESENTATION_STYLE_ASSIGNMENT((#2628));
#2598=PRESENTATION_STYLE_ASSIGNMENT((#2629));
#2599=PRESENTATION_STYLE_ASSIGNMENT((#2630));
#2600=SURFACE_STYLE_USAGE(.BOTH.,#2631);
#2601=SURFACE_STYLE_USAGE(.BOTH.,#2632);
#2602=SURFACE_STYLE_USAGE(.BOTH.,#2633);
#2603=SURFACE_STYLE_USAGE(.BOTH.,#2634);
#2604=SURFACE_STYLE_USAGE(.BOTH.,#2635);
#2605=SURFACE_STYLE_USAGE(.BOTH.,#2636);
#2606=SURFACE_STYLE_USAGE(.BOTH.,#2637);
#2607=SURFACE_STYLE_USAGE(.BOTH.,#2638);
#2608=SURFACE_STYLE_USAGE(.BOTH.,#2639);
#2609=SURFACE_STYLE_USAGE(.BOTH.,#2640);
#2610=SURFACE_STYLE_USAGE(.BOTH.,#2641);
#2611=SURFACE_STYLE_USAGE(.BOTH.,#2642);
#2612=SURFACE_STYLE_USAGE(.BOTH.,#2643);
#2613=SURFACE_STYLE_USAGE(.BOTH.,#2644);
#2614=SURFACE_STYLE_USAGE(.BOTH.,#2645);
#2615=SURFACE_STYLE_USAGE(.BOTH.,#2646);
#2616=SURFACE_STYLE_USAGE(.BOTH.,#2647);
#2617=SURFACE_STYLE_USAGE(.BOTH.,#2648);
#2618=SURFACE_STYLE_USAGE(.BOTH.,#2649);
#2619=SURFACE_STYLE_USAGE(.BOTH.,#2650);
#2620=SURFACE_STYLE_USAGE(.BOTH.,#2651);
#2621=SURFACE_STYLE_USAGE(.BOTH.,#2652);
#2622=SURFACE_STYLE_USAGE(.BOTH.,#2653);
#2623=SURFACE_STYLE_USAGE(.BOTH.,#2654);
#2624=SURFACE_STYLE_USAGE(.BOTH.,#2655);
#2625=SURFACE_STYLE_USAGE(.BOTH.,#2656);
#2626=SURFACE_STYLE_USAGE(.BOTH.,#2657);
#2627=SURFACE_STYLE_USAGE(.BOTH.,#2658);
#2628=SURFACE_STYLE_USAGE(.BOTH.,#2659);
#2629=SURFACE_STYLE_USAGE(.BOTH.,#2660);
#2630=SURFACE_STYLE_USAGE(.BOTH.,#2661);
#2631=SURFACE_SIDE_STYLE('',(#2662));
#2632=SURFACE_SIDE_STYLE('',(#2663));
#2633=SURFACE_SIDE_STYLE('',(#2664));
#2634=SURFACE_SIDE_STYLE('',(#2665));
#2635=SURFACE_SIDE_STYLE('',(#2666));
#2636=SURFACE_SIDE_STYLE('',(#2667));
#2637=SURFACE_SIDE_STYLE('',(#2668));
#2638=SURFACE_SIDE_STYLE('',(#2669));
#2639=SURFACE_SIDE_STYLE('',(#2670));
#2640=SURFACE_SIDE_STYLE('',(#2671));
#2641=SURFACE_SIDE_STYLE('',(#2672));
#2642=SURFACE_SIDE_STYLE('',(#2673));
#2643=SURFACE_SIDE_STYLE('',(#2674));
#2644=SURFACE_SIDE_STYLE('',(#2675));
#2645=SURFACE_SIDE_STYLE('',(#2676));
#2646=SURFACE_SIDE_STYLE('',(#2677));
#2647=SURFACE_SIDE_STYLE('',(#2678));
#2648=SURFACE_SIDE_STYLE('',(#2679));
#2649=SURFACE_SIDE_STYLE('',(#2680));
#2650=SURFACE_SIDE_STYLE('',(#2681));
#2651=SURFACE_SIDE_STYLE('',(#2682));
#2652=SURFACE_SIDE_STYLE('',(#2683));
#2653=SURFACE_SIDE_STYLE('',(#2684));
#2654=SURFACE_SIDE_STYLE('',(#2685));
#2655=SURFACE_SIDE_STYLE('',(#2686));
#2656=SURFACE_SIDE_STYLE('',(#2687));
#2657=SURFACE_SIDE_STYLE('',(#2688));
#2658=SURFACE_SIDE_STYLE('',(#2689));
#2659=SURFACE_SIDE_STYLE('',(#2690));
#2660=SURFACE_SIDE_STYLE('',(#2691));
#2661=SURFACE_SIDE_STYLE('',(#2692));
#2662=SURFACE_STYLE_FILL_AREA(#2693);
#2663=SURFACE_STYLE_FILL_AREA(#2694);
#2664=SURFACE_STYLE_FILL_AREA(#2695);
#2665=SURFACE_STYLE_FILL_AREA(#2696);
#2666=SURFACE_STYLE_FILL_AREA(#2697);
#2667=SURFACE_STYLE_FILL_AREA(#2698);
#2668=SURFACE_STYLE_FILL_AREA(#2699);
#2669=SURFACE_STYLE_FILL_AREA(#2700);
#2670=SURFACE_STYLE_FILL_AREA(#2701);
#2671=SURFACE_STYLE_FILL_AREA(#2702);
#2672=SURFACE_STYLE_FILL_AREA(#2703);
#2673=SURFACE_STYLE_FILL_AREA(#2704);
#2674=SURFACE_STYLE_FILL_AREA(#2705);
#2675=SURFACE_STYLE_FILL_AREA(#2706);
#2676=SURFACE_STYLE_FILL_AREA(#2707);
#2677=SURFACE_STYLE_FILL_AREA(#2708);
#2678=SURFACE_STYLE_FILL_AREA(#2709);
#2679=SURFACE_STYLE_FILL_AREA(#2710);
#2680=SURFACE_STYLE_FILL_AREA(#2711);
#2681=SURFACE_STYLE_FILL_AREA(#2712);
#2682=SURFACE_STYLE_FILL_AREA(#2713);
#2683=SURFACE_STYLE_FILL_AREA(#2714);
#2684=SURFACE_STYLE_FILL_AREA(#2715);
#2685=SURFACE_STYLE_FILL_AREA(#2716);
#2686=SURFACE_STYLE_FILL_AREA(#2717);
#2687=SURFACE_STYLE_FILL_AREA(#2718);
#2688=SURFACE_STYLE_FILL_AREA(#2719);
#2689=SURFACE_STYLE_FILL_AREA(#2720);
#2690=SURFACE_STYLE_FILL_AREA(#2721);
#2691=SURFACE_STYLE_FILL_AREA(#2722);
#2692=SURFACE_STYLE_FILL_AREA(#2723);
#2693=FILL_AREA_STYLE('',(#2724));
#2694=FILL_AREA_STYLE('',(#2725));
#2695=FILL_AREA_STYLE('',(#2726));
#2696=FILL_AREA_STYLE('',(#2727));
#2697=FILL_AREA_STYLE('',(#2728));
#2698=FILL_AREA_STYLE('',(#2729));
#2699=FILL_AREA_STYLE('',(#2730));
#2700=FILL_AREA_STYLE('',(#2731));
#2701=FILL_AREA_STYLE('',(#2732));
#2702=FILL_AREA_STYLE('',(#2733));
#2703=FILL_AREA_STYLE('',(#2734));
#2704=FILL_AREA_STYLE('',(#2735));
#2705=FILL_AREA_STYLE('',(#2736));
#2706=FILL_AREA_STYLE('',(#2737));
#2707=FILL_AREA_STYLE('',(#2738));
#2708=FILL_AREA_STYLE('',(#2739));
#2709=FILL_AREA_STYLE('',(#2740));
#2710=FILL_AREA_STYLE('',(#2741));
#2711=FILL_AREA_STYLE('',(#2742));
#2712=FILL_AREA_STYLE('',(#2743));
#2713=FILL_AREA_STYLE('',(#2744));
#2714=FILL_AREA_STYLE('',(#2745));
#2715=FILL_AREA_STYLE('',(#2746));
#2716=FILL_AREA_STYLE('',(#2747));
#2717=FILL_AREA_STYLE('',(#2748));
#2718=FILL_AREA_STYLE('',(#2749));
#2719=FILL_AREA_STYLE('',(#2750));
#2720=FILL_AREA_STYLE('',(#2751));
#2721=FILL_AREA_STYLE('',(#2752));
#2722=FILL_AREA_STYLE('',(#2753));
#2723=FILL_AREA_STYLE('',(#2754));
#2724=FILL_AREA_STYLE_COLOUR('',#2755);
#2725=FILL_AREA_STYLE_COLOUR('',#2755);
#2726=FILL_AREA_STYLE_COLOUR('',#2755);
#2727=FILL_AREA_STYLE_COLOUR('',#2755);
#2728=FILL_AREA_STYLE_COLOUR('',#2755);
#2729=FILL_AREA_STYLE_COLOUR('',#2755);
#2730=FILL_AREA_STYLE_COLOUR('',#2755);
#2731=FILL_AREA_STYLE_COLOUR('',#2755);
#2732=FILL_AREA_STYLE_COLOUR('',#2755);
#2733=FILL_AREA_STYLE_COLOUR('',#2755);
#2734=FILL_AREA_STYLE_COLOUR('',#2755);
#2735=FILL_AREA_STYLE_COLOUR('',#2756);
#2736=FILL_AREA_STYLE_COLOUR('',#2755);
#2737=FILL_AREA_STYLE_COLOUR('',#2755);
#2738=FILL_AREA_STYLE_COLOUR('',#2755);
#2739=FILL_AREA_STYLE_COLOUR('',#2755);
#2740=FILL_AREA_STYLE_COLOUR('',#2755);
#2741=FILL_AREA_STYLE_COLOUR('',#2755);
#2742=FILL_AREA_STYLE_COLOUR('',#2755);
#2743=FILL_AREA_STYLE_COLOUR('',#2755);
#2744=FILL_AREA_STYLE_COLOUR('',#2755);
#2745=FILL_AREA_STYLE_COLOUR('',#2755);
#2746=FILL_AREA_STYLE_COLOUR('',#2755);
#2747=FILL_AREA_STYLE_COLOUR('',#2755);
#2748=FILL_AREA_STYLE_COLOUR('',#2755);
#2749=FILL_AREA_STYLE_COLOUR('',#2755);
#2750=FILL_AREA_STYLE_COLOUR('',#2755);
#2751=FILL_AREA_STYLE_COLOUR('',#2755);
#2752=FILL_AREA_STYLE_COLOUR('',#2755);
#2753=FILL_AREA_STYLE_COLOUR('',#2755);
#2754=FILL_AREA_STYLE_COLOUR('',#2755);
#2755=COLOUR_RGB('',0.647058823529412,0.647058823529412,0.647058823529412);
#2756=COLOUR_RGB('',0.615686274509804,0.811764705882353,0.929411764705882);
#2757=MANIFOLD_SOLID_BREP('Part 6',#2507);
#2758=MANIFOLD_SOLID_BREP('Part 22',#2508);
#2759=MANIFOLD_SOLID_BREP('Part 7',#2509);
#2760=MANIFOLD_SOLID_BREP('Part 21',#2510);
#2761=MANIFOLD_SOLID_BREP('Part 8',#2511);
#2762=MANIFOLD_SOLID_BREP('Part 20',#2512);
#2763=MANIFOLD_SOLID_BREP('Part 19',#2513);
#2764=MANIFOLD_SOLID_BREP('Part 9',#2514);
#2765=MANIFOLD_SOLID_BREP('Part 31',#2515);
#2766=MANIFOLD_SOLID_BREP('Part 10',#2516);
#2767=MANIFOLD_SOLID_BREP('Part 30',#2517);
#2768=MANIFOLD_SOLID_BREP('Part 1',#2518);
#2769=MANIFOLD_SOLID_BREP('Part 11',#2519);
#2770=MANIFOLD_SOLID_BREP('Part 29',#2520);
#2771=MANIFOLD_SOLID_BREP('Part 18',#2521);
#2772=MANIFOLD_SOLID_BREP('Part 12',#2522);
#2773=MANIFOLD_SOLID_BREP('Part 28',#2523);
#2774=MANIFOLD_SOLID_BREP('Part 16',#2524);
#2775=MANIFOLD_SOLID_BREP('Part 13',#2525);
#2776=MANIFOLD_SOLID_BREP('Part 27',#2526);
#2777=MANIFOLD_SOLID_BREP('Part 17',#2527);
#2778=MANIFOLD_SOLID_BREP('Part 14',#2528);
#2779=MANIFOLD_SOLID_BREP('Part 26',#2529);
#2780=MANIFOLD_SOLID_BREP('Part 15',#2530);
#2781=MANIFOLD_SOLID_BREP('Part 25',#2531);
#2782=MANIFOLD_SOLID_BREP('Part 3',#2532);
#2783=MANIFOLD_SOLID_BREP('Part 2',#2533);
#2784=MANIFOLD_SOLID_BREP('Part 4',#2534);
#2785=MANIFOLD_SOLID_BREP('Part 24',#2535);
#2786=MANIFOLD_SOLID_BREP('Part 5',#2536);
#2787=MANIFOLD_SOLID_BREP('Part 23',#2537);
#2788=SHAPE_DEFINITION_REPRESENTATION(#6311,#2819);
#2789=SHAPE_DEFINITION_REPRESENTATION(#6312,#2820);
#2790=SHAPE_DEFINITION_REPRESENTATION(#6313,#2821);
#2791=SHAPE_DEFINITION_REPRESENTATION(#6314,#2822);
#2792=SHAPE_DEFINITION_REPRESENTATION(#6315,#2823);
#2793=SHAPE_DEFINITION_REPRESENTATION(#6316,#2824);
#2794=SHAPE_DEFINITION_REPRESENTATION(#6317,#2825);
#2795=SHAPE_DEFINITION_REPRESENTATION(#6318,#2826);
#2796=SHAPE_DEFINITION_REPRESENTATION(#6319,#2827);
#2797=SHAPE_DEFINITION_REPRESENTATION(#6320,#2828);
#2798=SHAPE_DEFINITION_REPRESENTATION(#6321,#2829);
#2799=SHAPE_DEFINITION_REPRESENTATION(#6322,#2830);
#2800=SHAPE_DEFINITION_REPRESENTATION(#6323,#2831);
#2801=SHAPE_DEFINITION_REPRESENTATION(#6324,#2832);
#2802=SHAPE_DEFINITION_REPRESENTATION(#6325,#2833);
#2803=SHAPE_DEFINITION_REPRESENTATION(#6326,#2834);
#2804=SHAPE_DEFINITION_REPRESENTATION(#6327,#2835);
#2805=SHAPE_DEFINITION_REPRESENTATION(#6328,#2836);
#2806=SHAPE_DEFINITION_REPRESENTATION(#6329,#2837);
#2807=SHAPE_DEFINITION_REPRESENTATION(#6330,#2838);
#2808=SHAPE_DEFINITION_REPRESENTATION(#6331,#2839);
#2809=SHAPE_DEFINITION_REPRESENTATION(#6332,#2840);
#2810=SHAPE_DEFINITION_REPRESENTATION(#6333,#2841);
#2811=SHAPE_DEFINITION_REPRESENTATION(#6334,#2842);
#2812=SHAPE_DEFINITION_REPRESENTATION(#6335,#2843);
#2813=SHAPE_DEFINITION_REPRESENTATION(#6336,#2844);
#2814=SHAPE_DEFINITION_REPRESENTATION(#6337,#2845);
#2815=SHAPE_DEFINITION_REPRESENTATION(#6338,#2846);
#2816=SHAPE_DEFINITION_REPRESENTATION(#6339,#2847);
#2817=SHAPE_DEFINITION_REPRESENTATION(#6340,#2848);
#2818=SHAPE_DEFINITION_REPRESENTATION(#6341,#2849);
#2819=SHAPE_REPRESENTATION('Part 6',(#2850),#6156);
#2820=SHAPE_REPRESENTATION('Part 22',(#2853),#6157);
#2821=SHAPE_REPRESENTATION('Part 7',(#2856),#6158);
#2822=SHAPE_REPRESENTATION('Part 21',(#2859),#6159);
#2823=SHAPE_REPRESENTATION('Part 8',(#2862),#6160);
#2824=SHAPE_REPRESENTATION('Part 20',(#2865),#6161);
#2825=SHAPE_REPRESENTATION('Part 19',(#2868),#6162);
#2826=SHAPE_REPRESENTATION('Part 9',(#2871),#6163);
#2827=SHAPE_REPRESENTATION('Part 31',(#2874),#6164);
#2828=SHAPE_REPRESENTATION('Part 10',(#2877),#6165);
#2829=SHAPE_REPRESENTATION('Part 30',(#2880),#6166);
#2830=SHAPE_REPRESENTATION('Part 1',(#2883),#6167);
#2831=SHAPE_REPRESENTATION('Part 11',(#2891),#6168);
#2832=SHAPE_REPRESENTATION('Part 29',(#2894),#6169);
#2833=SHAPE_REPRESENTATION('Part 18',(#2897),#6170);
#2834=SHAPE_REPRESENTATION('Part 12',(#2900),#6171);
#2835=SHAPE_REPRESENTATION('Part 28',(#2903),#6172);
#2836=SHAPE_REPRESENTATION('Part 16',(#2906),#6173);
#2837=SHAPE_REPRESENTATION('Part 13',(#2909),#6174);
#2838=SHAPE_REPRESENTATION('Part 27',(#2912),#6175);
#2839=SHAPE_REPRESENTATION('Part 17',(#2915),#6176);
#2840=SHAPE_REPRESENTATION('Part 14',(#2918),#6177);
#2841=SHAPE_REPRESENTATION('Part 26',(#2921),#6178);
#2842=SHAPE_REPRESENTATION('Part 15',(#2924),#6179);
#2843=SHAPE_REPRESENTATION('Part 25',(#2927),#6180);
#2844=SHAPE_REPRESENTATION('Part 3',(#2930),#6181);
#2845=SHAPE_REPRESENTATION('Part 2',(#2933),#6182);
#2846=SHAPE_REPRESENTATION('Part 4',(#2936),#6183);
#2847=SHAPE_REPRESENTATION('Part 24',(#2939),#6184);
#2848=SHAPE_REPRESENTATION('Part 5',(#2942),#6185);
#2849=SHAPE_REPRESENTATION('Part 23',(#2945),#6186);
#2850=AXIS2_PLACEMENT_3D('',#3144,#2948,#2949);
#2851=AXIS2_PLACEMENT_3D('',#3241,#2950,#2951);
#2852=AXIS2_PLACEMENT_3D('',#3242,#2952,#2953);
#2853=AXIS2_PLACEMENT_3D('',#3243,#2954,#2955);
#2854=AXIS2_PLACEMENT_3D('',#3340,#2956,#2957);
#2855=AXIS2_PLACEMENT_3D('',#3341,#2958,#2959);
#2856=AXIS2_PLACEMENT_3D('',#3342,#2960,#2961);
#2857=AXIS2_PLACEMENT_3D('',#3439,#2962,#2963);
#2858=AXIS2_PLACEMENT_3D('',#3440,#2964,#2965);
#2859=AXIS2_PLACEMENT_3D('',#3441,#2966,#2967);
#2860=AXIS2_PLACEMENT_3D('',#3538,#2968,#2969);
#2861=AXIS2_PLACEMENT_3D('',#3539,#2970,#2971);
#2862=AXIS2_PLACEMENT_3D('',#3540,#2972,#2973);
#2863=AXIS2_PLACEMENT_3D('',#3637,#2974,#2975);
#2864=AXIS2_PLACEMENT_3D('',#3638,#2976,#2977);
#2865=AXIS2_PLACEMENT_3D('',#3639,#2978,#2979);
#2866=AXIS2_PLACEMENT_3D('',#3736,#2980,#2981);
#2867=AXIS2_PLACEMENT_3D('',#3737,#2982,#2983);
#2868=AXIS2_PLACEMENT_3D('',#3738,#2984,#2985);
#2869=AXIS2_PLACEMENT_3D('',#3835,#2986,#2987);
#2870=AXIS2_PLACEMENT_3D('',#3836,#2988,#2989);
#2871=AXIS2_PLACEMENT_3D('',#3837,#2990,#2991);
#2872=AXIS2_PLACEMENT_3D('',#3934,#2992,#2993);
#2873=AXIS2_PLACEMENT_3D('',#3935,#2994,#2995);
#2874=AXIS2_PLACEMENT_3D('',#3936,#2996,#2997);
#2875=AXIS2_PLACEMENT_3D('',#4033,#2998,#2999);
#2876=AXIS2_PLACEMENT_3D('',#4034,#3000,#3001);
#2877=AXIS2_PLACEMENT_3D('',#4035,#3002,#3003);
#2878=AXIS2_PLACEMENT_3D('',#4132,#3004,#3005);
#2879=AXIS2_PLACEMENT_3D('',#4133,#3006,#3007);
#2880=AXIS2_PLACEMENT_3D('',#4134,#3008,#3009);
#2881=AXIS2_PLACEMENT_3D('',#4231,#3010,#3011);
#2882=AXIS2_PLACEMENT_3D('',#4232,#3012,#3013);
#2883=AXIS2_PLACEMENT_3D('',#4233,#3014,#3015);
#2884=AXIS2_PLACEMENT_3D('',#4234,#3016,#3017);
#2885=AXIS2_PLACEMENT_3D('',#4235,#3018,#3019);
#2886=AXIS2_PLACEMENT_3D('',#4237,#3020,#3021);
#2887=AXIS2_PLACEMENT_3D('',#4239,#3022,#3023);
#2888=AXIS2_PLACEMENT_3D('',#4240,#3024,#3025);
#2889=AXIS2_PLACEMENT_3D('',#4241,#3026,#3027);
#2890=AXIS2_PLACEMENT_3D('',#4243,#3028,#3029);
#2891=AXIS2_PLACEMENT_3D('',#4244,#3030,#3031);
#2892=AXIS2_PLACEMENT_3D('',#4341,#3032,#3033);
#2893=AXIS2_PLACEMENT_3D('',#4342,#3034,#3035);
#2894=AXIS2_PLACEMENT_3D('',#4343,#3036,#3037);
#2895=AXIS2_PLACEMENT_3D('',#4440,#3038,#3039);
#2896=AXIS2_PLACEMENT_3D('',#4441,#3040,#3041);
#2897=AXIS2_PLACEMENT_3D('',#4442,#3042,#3043);
#2898=AXIS2_PLACEMENT_3D('',#4539,#3044,#3045);
#2899=AXIS2_PLACEMENT_3D('',#4540,#3046,#3047);
#2900=AXIS2_PLACEMENT_3D('',#4541,#3048,#3049);
#2901=AXIS2_PLACEMENT_3D('',#4638,#3050,#3051);
#2902=AXIS2_PLACEMENT_3D('',#4639,#3052,#3053);
#2903=AXIS2_PLACEMENT_3D('',#4640,#3054,#3055);
#2904=AXIS2_PLACEMENT_3D('',#4737,#3056,#3057);
#2905=AXIS2_PLACEMENT_3D('',#4738,#3058,#3059);
#2906=AXIS2_PLACEMENT_3D('',#4739,#3060,#3061);
#2907=AXIS2_PLACEMENT_3D('',#4836,#3062,#3063);
#2908=AXIS2_PLACEMENT_3D('',#4837,#3064,#3065);
#2909=AXIS2_PLACEMENT_3D('',#4838,#3066,#3067);
#2910=AXIS2_PLACEMENT_3D('',#4935,#3068,#3069);
#2911=AXIS2_PLACEMENT_3D('',#4936,#3070,#3071);
#2912=AXIS2_PLACEMENT_3D('',#4937,#3072,#3073);
#2913=AXIS2_PLACEMENT_3D('',#5034,#3074,#3075);
#2914=AXIS2_PLACEMENT_3D('',#5035,#3076,#3077);
#2915=AXIS2_PLACEMENT_3D('',#5036,#3078,#3079);
#2916=AXIS2_PLACEMENT_3D('',#5133,#3080,#3081);
#2917=AXIS2_PLACEMENT_3D('',#5134,#3082,#3083);
#2918=AXIS2_PLACEMENT_3D('',#5135,#3084,#3085);
#2919=AXIS2_PLACEMENT_3D('',#5232,#3086,#3087);
#2920=AXIS2_PLACEMENT_3D('',#5233,#3088,#3089);
#2921=AXIS2_PLACEMENT_3D('',#5234,#3090,#3091);
#2922=AXIS2_PLACEMENT_3D('',#5331,#3092,#3093);
#2923=AXIS2_PLACEMENT_3D('',#5332,#3094,#3095);
#2924=AXIS2_PLACEMENT_3D('',#5333,#3096,#3097);
#2925=AXIS2_PLACEMENT_3D('',#5430,#3098,#3099);
#2926=AXIS2_PLACEMENT_3D('',#5431,#3100,#3101);
#2927=AXIS2_PLACEMENT_3D('',#5432,#3102,#3103);
#2928=AXIS2_PLACEMENT_3D('',#5529,#3104,#3105);
#2929=AXIS2_PLACEMENT_3D('',#5530,#3106,#3107);
#2930=AXIS2_PLACEMENT_3D('',#5531,#3108,#3109);
#2931=AXIS2_PLACEMENT_3D('',#5628,#3110,#3111);
#2932=AXIS2_PLACEMENT_3D('',#5629,#3112,#3113);
#2933=AXIS2_PLACEMENT_3D('',#5630,#3114,#3115);
#2934=AXIS2_PLACEMENT_3D('',#5727,#3116,#3117);
#2935=AXIS2_PLACEMENT_3D('',#5728,#3118,#3119);
#2936=AXIS2_PLACEMENT_3D('',#5729,#3120,#3121);
#2937=AXIS2_PLACEMENT_3D('',#5826,#3122,#3123);
#2938=AXIS2_PLACEMENT_3D('',#5827,#3124,#3125);
#2939=AXIS2_PLACEMENT_3D('',#5828,#3126,#3127);
#2940=AXIS2_PLACEMENT_3D('',#5925,#3128,#3129);
#2941=AXIS2_PLACEMENT_3D('',#5926,#3130,#3131);
#2942=AXIS2_PLACEMENT_3D('',#5927,#3132,#3133);
#2943=AXIS2_PLACEMENT_3D('',#6024,#3134,#3135);
#2944=AXIS2_PLACEMENT_3D('',#6025,#3136,#3137);
#2945=AXIS2_PLACEMENT_3D('',#6026,#3138,#3139);
#2946=AXIS2_PLACEMENT_3D('',#6123,#3140,#3141);
#2947=AXIS2_PLACEMENT_3D('',#6124,#3142,#3143);
#2948=DIRECTION('',(0.,0.,1.));
#2949=DIRECTION('',(1.,0.,0.));
#2950=DIRECTION('',(0.,-1.,0.));
#2951=DIRECTION('',(0.729724553192441,0.,0.683741235021037));
#2952=DIRECTION('',(0.,-1.,0.));
#2953=DIRECTION('',(0.729724553192441,0.,0.683741235021037));
#2954=DIRECTION('',(0.,0.,1.));
#2955=DIRECTION('',(1.,0.,0.));
#2956=DIRECTION('',(0.,-1.,0.));
#2957=DIRECTION('',(-0.855936117156781,0.,-0.517081582873122));
#2958=DIRECTION('',(0.,-1.,0.));
#2959=DIRECTION('',(-0.855936117156781,0.,-0.517081582873122));
#2960=DIRECTION('',(0.,0.,1.));
#2961=DIRECTION('',(1.,0.,0.));
#2962=DIRECTION('',(0.,-1.,0.));
#2963=DIRECTION('',(0.855936117156781,0.,0.517081582873122));
#2964=DIRECTION('',(0.,-1.,0.));
#2965=DIRECTION('',(0.855936117156781,0.,0.517081582873122));
#2966=DIRECTION('',(0.,0.,1.));
#2967=DIRECTION('',(1.,0.,0.));
#2968=DIRECTION('',(0.,-1.,0.));
#2969=DIRECTION('',(-0.729724553192441,0.,-0.683741235021037));
#2970=DIRECTION('',(0.,-1.,0.));
#2971=DIRECTION('',(-0.729724553192441,0.,-0.683741235021037));
#2972=DIRECTION('',(0.,0.,1.));
#2973=DIRECTION('',(1.,0.,0.));
#2974=DIRECTION('',(0.,-1.,0.));
#2975=DIRECTION('',(0.944739165564189,0.,0.327822984320928));
#2976=DIRECTION('',(0.,-1.,0.));
#2977=DIRECTION('',(0.944739165564189,0.,0.327822984320928));
#2978=DIRECTION('',(0.,0.,1.));
#2979=DIRECTION('',(1.,0.,0.));
#2980=DIRECTION('',(0.,-1.,0.));
#2981=DIRECTION('',(-0.571620524646688,0.,-0.820518114244071));
#2982=DIRECTION('',(0.,-1.,0.));
#2983=DIRECTION('',(-0.571620524646688,0.,-0.820518114244071));
#2984=DIRECTION('',(0.,0.,1.));
#2985=DIRECTION('',(1.,0.,0.));
#2986=DIRECTION('',(0.,-1.,0.));
#2987=DIRECTION('',(-0.388533936234272,0.,-0.921434414591892));
#2988=DIRECTION('',(0.,-1.,0.));
#2989=DIRECTION('',(-0.388533936234272,0.,-0.921434414591892));
#2990=DIRECTION('',(0.,0.,1.));
#2991=DIRECTION('',(1.,0.,0.));
#2992=DIRECTION('',(0.,-1.,0.));
#2993=DIRECTION('',(0.992252579074957,0.,0.124236948284703));
#2994=DIRECTION('',(0.,-1.,0.));
#2995=DIRECTION('',(0.992252579074957,0.,0.124236948284703));
#2996=DIRECTION('',(0.,0.,1.));
#2997=DIRECTION('',(1.,0.,0.));
#2998=DIRECTION('',(0.,-1.,0.));
#2999=DIRECTION('',(-0.227275002546943,0.,0.973830618340422));
#3000=DIRECTION('',(0.,-1.,0.));
#3001=DIRECTION('',(-0.227275002546943,0.,0.973830618340422));
#3002=DIRECTION('',(0.,0.,1.));
#3003=DIRECTION('',(1.,0.,0.));
#3004=DIRECTION('',(0.,-1.,0.));
#3005=DIRECTION('',(0.996399793524011,0.,-0.0847788385465854));
#3006=DIRECTION('',(0.,-1.,0.));
#3007=DIRECTION('',(0.996399793524011,0.,-0.0847788385465854));
#3008=DIRECTION('',(0.,0.,1.));
#3009=DIRECTION('',(1.,0.,0.));
#3010=DIRECTION('',(0.,-1.,0.));
#3011=DIRECTION('',(-0.424779268877324,0.,0.905296952790656));
#3012=DIRECTION('',(0.,-1.,0.));
#3013=DIRECTION('',(-0.424779268877324,0.,0.905296952790656));
#3014=DIRECTION('',(0.,0.,1.));
#3015=DIRECTION('',(1.,0.,0.));
#3016=DIRECTION('',(0.,-1.,0.));
#3017=DIRECTION('',(-1.,0.,0.));
#3018=DIRECTION('',(0.,1.,0.));
#3019=DIRECTION('',(1.,0.,0.));
#3020=DIRECTION('',(0.,1.,0.));
#3021=DIRECTION('',(1.,0.,0.));
#3022=DIRECTION('',(0.,1.,0.));
#3023=DIRECTION('',(1.,0.,0.));
#3024=DIRECTION('',(0.,1.,0.));
#3025=DIRECTION('',(1.,0.,0.));
#3026=DIRECTION('',(0.,1.,0.));
#3027=DIRECTION('',(1.,0.,0.));
#3028=DIRECTION('',(0.,-1.,0.));
#3029=DIRECTION('',(-1.,0.,0.));
#3030=DIRECTION('',(0.,0.,1.));
#3031=DIRECTION('',(1.,0.,0.));
#3032=DIRECTION('',(0.,-1.,0.));
#3033=DIRECTION('',(0.956999555739385,0.,-0.290089383319384));
#3034=DIRECTION('',(0.,-1.,0.));
#3035=DIRECTION('',(0.956999555739385,0.,-0.290089383319384));
#3036=DIRECTION('',(0.,0.,1.));
#3037=DIRECTION('',(1.,0.,0.));
#3038=DIRECTION('',(0.,-1.,0.));
#3039=DIRECTION('',(-0.603718642840685,0.,0.79719746630719));
#3040=DIRECTION('',(0.,-1.,0.));
#3041=DIRECTION('',(-0.603718642840685,0.,0.79719746630719));
#3042=DIRECTION('',(0.,0.,1.));
#3043=DIRECTION('',(1.,0.,0.));
#3044=DIRECTION('',(0.,-1.,0.));
#3045=DIRECTION('',(-0.188466550415742,0.,-0.982079609489165));
#3046=DIRECTION('',(0.,-1.,0.));
#3047=DIRECTION('',(-0.188466550415742,0.,-0.982079609489165));
#3048=DIRECTION('',(0.,0.,1.));
#3049=DIRECTION('',(1.,0.,0.));
#3050=DIRECTION('',(0.,-1.,0.));
#3051=DIRECTION('',(0.875773845175582,0.,-0.482721630037825));
#3052=DIRECTION('',(0.,-1.,0.));
#3053=DIRECTION('',(0.875773845175582,0.,-0.482721630037825));
#3054=DIRECTION('',(0.,0.,1.));
#3055=DIRECTION('',(1.,0.,0.));
#3056=DIRECTION('',(0.,-1.,0.));
#3057=DIRECTION('',(-0.756272615148446,0.,0.654256625168238));
#3058=DIRECTION('',(0.,-1.,0.));
#3059=DIRECTION('',(-0.756272615148446,0.,0.654256625168238));
#3060=DIRECTION('',(0.,0.,1.));
#3061=DIRECTION('',(1.,0.,0.));
#3062=DIRECTION('',(0.,-1.,0.));
#3063=DIRECTION('',(0.227275002546943,0.,-0.973830618340421));
#3064=DIRECTION('',(0.,-1.,0.));
#3065=DIRECTION('',(0.227275002546943,0.,-0.973830618340421));
#3066=DIRECTION('',(0.,0.,1.));
#3067=DIRECTION('',(1.,0.,0.));
#3068=DIRECTION('',(0.,-1.,0.));
#3069=DIRECTION('',(0.756272615148447,0.,-0.654256625168236));
#3070=DIRECTION('',(0.,-1.,0.));
#3071=DIRECTION('',(0.756272615148447,0.,-0.654256625168236));
#3072=DIRECTION('',(0.,0.,1.));
#3073=DIRECTION('',(1.,0.,0.));
#3074=DIRECTION('',(0.,-1.,0.));
#3075=DIRECTION('',(-0.875773845175583,0.,0.482721630037825));
#3076=DIRECTION('',(0.,-1.,0.));
#3077=DIRECTION('',(-0.875773845175583,0.,0.482721630037825));
#3078=DIRECTION('',(0.,0.,1.));
#3079=DIRECTION('',(1.,0.,0.));
#3080=DIRECTION('',(0.,-1.,0.));
#3081=DIRECTION('',(0.0198377280188009,0.,-0.999803212910947));
#3082=DIRECTION('',(0.,-1.,0.));
#3083=DIRECTION('',(0.0198377280188009,0.,-0.999803212910947));
#3084=DIRECTION('',(0.,0.,1.));
#3085=DIRECTION('',(1.,0.,0.));
#3086=DIRECTION('',(0.,-1.,0.));
#3087=DIRECTION('',(0.603718642840684,0.,-0.797197466307189));
#3088=DIRECTION('',(0.,-1.,0.));
#3089=DIRECTION('',(0.603718642840684,0.,-0.797197466307189));
#3090=DIRECTION('',(0.,0.,1.));
#3091=DIRECTION('',(1.,0.,0.));
#3092=DIRECTION('',(0.,-1.,0.));
#3093=DIRECTION('',(-0.956999555739385,0.,0.290089383319384));
#3094=DIRECTION('',(0.,-1.,0.));
#3095=DIRECTION('',(-0.956999555739385,0.,0.290089383319384));
#3096=DIRECTION('',(0.,0.,1.));
#3097=DIRECTION('',(1.,0.,0.));
#3098=DIRECTION('',(0.,-1.,0.));
#3099=DIRECTION('',(0.424779268877324,0.,-0.905296952790655));
#3100=DIRECTION('',(0.,-1.,0.));
#3101=DIRECTION('',(0.424779268877324,0.,-0.905296952790655));
#3102=DIRECTION('',(0.,0.,1.));
#3103=DIRECTION('',(1.,0.,0.));
#3104=DIRECTION('',(0.,-1.,0.));
#3105=DIRECTION('',(-0.996399793524012,0.,0.0847788385465854));
#3106=DIRECTION('',(0.,-1.,0.));
#3107=DIRECTION('',(-0.996399793524012,0.,0.0847788385465854));
#3108=DIRECTION('',(0.,0.,1.));
#3109=DIRECTION('',(1.,0.,0.));
#3110=DIRECTION('',(0.,-1.,0.));
#3111=DIRECTION('',(0.188466550415742,0.,0.982079609489165));
#3112=DIRECTION('',(0.,-1.,0.));
#3113=DIRECTION('',(0.188466550415742,0.,0.982079609489165));
#3114=DIRECTION('',(0.,0.,1.));
#3115=DIRECTION('',(1.,0.,0.));
#3116=DIRECTION('',(0.,-1.,0.));
#3117=DIRECTION('',(-0.0198377280188019,0.,0.999803212910947));
#3118=DIRECTION('',(0.,-1.,0.));
#3119=DIRECTION('',(-0.0198377280188019,0.,0.999803212910947));
#3120=DIRECTION('',(0.,0.,1.));
#3121=DIRECTION('',(1.,0.,0.));
#3122=DIRECTION('',(0.,-1.,0.));
#3123=DIRECTION('',(0.388533936234272,0.,0.921434414591892));
#3124=DIRECTION('',(0.,-1.,0.));
#3125=DIRECTION('',(0.388533936234272,0.,0.921434414591892));
#3126=DIRECTION('',(0.,0.,1.));
#3127=DIRECTION('',(1.,0.,0.));
#3128=DIRECTION('',(0.,-1.,0.));
#3129=DIRECTION('',(-0.992252579074957,0.,-0.124236948284703));
#3130=DIRECTION('',(0.,-1.,0.));
#3131=DIRECTION('',(-0.992252579074957,0.,-0.124236948284703));
#3132=DIRECTION('',(0.,0.,1.));
#3133=DIRECTION('',(1.,0.,0.));
#3134=DIRECTION('',(0.,-1.,0.));
#3135=DIRECTION('',(0.571620524646687,0.,0.820518114244071));
#3136=DIRECTION('',(0.,-1.,0.));
#3137=DIRECTION('',(0.571620524646687,0.,0.820518114244071));
#3138=DIRECTION('',(0.,0.,1.));
#3139=DIRECTION('',(1.,0.,0.));
#3140=DIRECTION('',(0.,-1.,0.));
#3141=DIRECTION('',(-0.944739165564189,0.,-0.327822984320929));
#3142=DIRECTION('',(0.,-1.,0.));
#3143=DIRECTION('',(-0.944739165564189,0.,-0.327822984320929));
#3144=CARTESIAN_POINT('',(0.,0.,0.));
#3145=CARTESIAN_POINT('',(0.0124970402537591,8.08622768358869E-5,0.000272001646916678));
#3146=CARTESIAN_POINT('',(0.0124935589172922,0.000288097721733181,0.000431950685667796));
#3147=CARTESIAN_POINT('',(0.0124860705207777,0.000491260591963996,0.000660764809605394));
#3148=CARTESIAN_POINT('',(0.0124404781758135,0.000889313880988838,0.00125422084999276));
#3149=CARTESIAN_POINT('',(0.0124023556066194,0.00108419191981175,0.00161896338620664));
#3150=CARTESIAN_POINT('',(0.0123310271913761,0.00127502214391041,0.00204835748968345));
#3151=CARTESIAN_POINT('',(0.00249940805075181,8.08622768358869E-5,5.44003293833357E-5));
#3152=CARTESIAN_POINT('',(0.00249871171661859,0.000288117615801088,8.63932080725485E-5));
#3153=CARTESIAN_POINT('',(0.00249721410415555,0.000491260591963996,0.000132152961921079));
#3154=CARTESIAN_POINT('',(0.0024880956351627,0.000889313880988838,0.000250844169998553));
#3155=CARTESIAN_POINT('',(0.00248046912555883,0.0010842186169065,0.000323804691664226));
#3156=CARTESIAN_POINT('',(0.00246620543827523,0.00127502214391041,0.000409671497936689));
#3157=CARTESIAN_POINT('',(0.0124970402537591,8.08622768358869E-5,0.000272001646916678));
#3158=CARTESIAN_POINT('',(0.00916449618608998,8.08622768358869E-5,0.000199467874405564));
#3159=CARTESIAN_POINT('',(0.0058319521184209,8.08622768358869E-5,0.00012693410189445));
#3160=CARTESIAN_POINT('',(0.00249940805075181,8.08622768358869E-5,5.44003293833357E-5));
#3161=CARTESIAN_POINT('',(0.00249940805075181,8.08622768358865E-5,5.44003293833357E-5));
#3162=CARTESIAN_POINT('',(0.0124970402448583,8.08623066116195E-5,0.000272002055860589));
#3163=CARTESIAN_POINT('',(0.00249940805075182,8.0862276835887E-5,5.44003293833355E-5));
#3164=CARTESIAN_POINT('',(0.00249801537359569,0.000495375600665085,0.000118386495194759));
#3165=CARTESIAN_POINT('',(0.00249473178122707,0.000893428889689928,0.000237944095673531));
#3166=CARTESIAN_POINT('',(0.00246620543827523,0.00127502214391041,0.000409671497936688));
#3167=CARTESIAN_POINT('',(0.00246620543827523,0.00127502214391041,0.000409671497936689));
#3168=CARTESIAN_POINT('',(0.00246620543827523,0.00127502214391041,0.000409671497936689));
#3169=CARTESIAN_POINT('',(0.00575447935597553,0.00127502214391041,0.000955900161852275));
#3170=CARTESIAN_POINT('',(0.00904275327367584,0.00127502214391041,0.00150212882576786));
#3171=CARTESIAN_POINT('',(0.0123310271913761,0.00127502214391041,0.00204835748968345));
#3172=CARTESIAN_POINT('',(0.0123310274154756,0.00127502154436024,0.0020483561406138));
#3173=CARTESIAN_POINT('',(0.0124970402501218,8.08624933516389E-5,0.000272001814028495));
#3174=CARTESIAN_POINT('',(0.0124900768628371,0.000495375522186032,0.000591932515540794));
#3175=CARTESIAN_POINT('',(0.0124736588895261,0.000893428539188926,0.00118971999724261));
#3176=CARTESIAN_POINT('',(0.0123310274154755,0.00127502154436032,0.00204835614061397));
#3177=CARTESIAN_POINT('',(0.0122724159350496,0.00129913772316411,0.00237440668739398));
#3178=CARTESIAN_POINT('',(0.0122933920802109,0.00129109919662513,0.00226598887527242));
#3179=CARTESIAN_POINT('',(0.0123129314522283,0.00128306067044939,0.00215729308935477));
#3180=CARTESIAN_POINT('',(0.0123310271913761,0.00127502214391041,0.00204835748968345));
#3181=CARTESIAN_POINT('',(0.00245448318700991,0.00129913772316411,0.000474881337478797));
#3182=CARTESIAN_POINT('',(0.00245867841603509,0.00129109919663872,0.000453197775091128));
#3183=CARTESIAN_POINT('',(0.00246258629045178,0.00128306067043581,0.000431458617834135));
#3184=CARTESIAN_POINT('',(0.00246620543827523,0.00127502214391041,0.000409671497936689));
#3185=CARTESIAN_POINT('',(0.00245448318700992,0.00129913772316411,0.000474881337478797));
#3186=CARTESIAN_POINT('',(0.002458678415979,0.00129109919674621,0.000453197775381089));
#3187=CARTESIAN_POINT('',(0.00246258629050018,0.00128306067032831,0.000431458617542789));
#3188=CARTESIAN_POINT('',(0.00246620543827523,0.00127502214391041,0.00040967149793669));
#3189=CARTESIAN_POINT('',(0.00245448318700991,0.00129913772316411,0.000474881337478797));
#3190=CARTESIAN_POINT('',(0.00245448318700991,0.00129913772316411,0.000474881337478797));
#3191=CARTESIAN_POINT('',(0.00572712743635647,0.00129913772316411,0.00110805645411719));
#3192=CARTESIAN_POINT('',(0.00899977168570303,0.00129913772316411,0.00174123157075559));
#3193=CARTESIAN_POINT('',(0.0122724159350496,0.00129913772316411,0.00237440668739398));
#3194=CARTESIAN_POINT('',(0.0122724162039827,0.00129913712010266,0.0023744052973791));
#3195=CARTESIAN_POINT('',(0.01227241621086,0.00129913761746738,0.00237440526183308));
#3196=CARTESIAN_POINT('',(0.0122933922511748,0.00129109912628172,0.00226598792409494));
#3197=CARTESIAN_POINT('',(0.0123129315318131,0.00128306063509607,0.00215729261025756));
#3198=CARTESIAN_POINT('',(0.0123310271913761,0.00127502214391041,0.00204835748968345));
#3199=CARTESIAN_POINT('',(0.012488316274548,0.000100405687938132,0.000540330109154374));
#3200=CARTESIAN_POINT('',(0.0124810782719377,0.000308843358335533,0.000707617595566555));
#3201=CARTESIAN_POINT('',(0.012468021135944,0.000512991912846519,0.000945175374516669));
#3202=CARTESIAN_POINT('',(0.0124063233254988,0.000912569257921846,0.00155821984268102));
#3203=CARTESIAN_POINT('',(0.0123576595567009,0.00110798570256778,0.0019338144391202));
#3204=CARTESIAN_POINT('',(0.0122724159350496,0.00129913772316411,0.00237440668739398));
#3205=CARTESIAN_POINT('',(0.0024976632549096,0.000100405687938132,0.000108066021830875));
#3206=CARTESIAN_POINT('',(0.00249621550107444,0.000308865433642619,0.000141527062544426));
#3207=CARTESIAN_POINT('',(0.00249360422718881,0.000512991912846519,0.000189035074903333));
#3208=CARTESIAN_POINT('',(0.00248126466509976,0.000912569257921846,0.000311643968536206));
#3209=CARTESIAN_POINT('',(0.00247152939034173,0.00110801396825727,0.000386775917917719));
#3210=CARTESIAN_POINT('',(0.00245448318700991,0.00129913772316411,0.000474881337478796));
#3211=CARTESIAN_POINT('',(0.00249766325490961,0.000100405687938132,0.000108066021830875));
#3212=CARTESIAN_POINT('',(0.00249476772621831,0.000517328206124206,0.000174988589102912));
#3213=CARTESIAN_POINT('',(0.00248857422570077,0.000916905551199533,0.000298677568893907));
#3214=CARTESIAN_POINT('',(0.00245448318700992,0.00129913772316411,0.000474881337478797));
#3215=CARTESIAN_POINT('',(0.0024976632549096,0.000100405687938131,0.000108066021830875));
#3216=CARTESIAN_POINT('',(0.0024976632549096,0.000100405687938132,0.000108066021830875));
#3217=CARTESIAN_POINT('',(0.00582788092812241,0.000100405687938132,0.000252154050938708));
#3218=CARTESIAN_POINT('',(0.00915809860133521,0.000100405687938132,0.000396242080046541));
#3219=CARTESIAN_POINT('',(0.012488316274548,0.000100405687938132,0.000540330109154374));
#3220=CARTESIAN_POINT('',(0.0124883162561071,0.000100406218993178,0.000540330535367627));
#3221=CARTESIAN_POINT('',(0.0124883162561071,0.000100406218993247,0.000540330535367679));
#3222=CARTESIAN_POINT('',(0.0124738386046692,0.000517328326167497,0.000874943291761208));
#3223=CARTESIAN_POINT('',(0.0124428710794473,0.000916905293203995,0.00149338756295629));
#3224=CARTESIAN_POINT('',(0.0122724162039827,0.00129913712010274,0.00237440529737929));
#3225=CARTESIAN_POINT('',(0.012488316274548,0.000100405687938131,0.000540330109154375));
#3226=CARTESIAN_POINT('',(0.0124921846837488,9.38912175283777E-5,0.000450921955213207));
#3227=CARTESIAN_POINT('',(0.0124950929003621,8.73767472456409E-5,0.000361472258827293));
#3228=CARTESIAN_POINT('',(0.0124970402537591,8.08622768358869E-5,0.000272001646916678));
#3229=CARTESIAN_POINT('',(0.0024976632549096,0.000100405687938131,0.000108066021830875));
#3230=CARTESIAN_POINT('',(0.00249843693674919,9.38912175331294E-5,9.01843910556845E-5));
#3231=CARTESIAN_POINT('',(0.0024990185800727,8.73767472408892E-5,7.22944517524068E-5));
#3232=CARTESIAN_POINT('',(0.00249940805075181,8.08622768358869E-5,5.44003293833357E-5));
#3233=CARTESIAN_POINT('',(0.00249766325490961,0.000100405687938132,0.000108066021830875));
#3234=CARTESIAN_POINT('',(0.00249843693674473,9.38912175707167E-5,9.01843911588577E-5));
#3235=CARTESIAN_POINT('',(0.00249901858007495,8.73767472033018E-5,7.229445164916E-5));
#3236=CARTESIAN_POINT('',(0.00249940805075182,8.0862276835887E-5,5.44003293833355E-5));
#3237=CARTESIAN_POINT('',(0.012488316274548,0.000100405687938132,0.000540330109154374));
#3238=CARTESIAN_POINT('',(0.0124921846778299,9.38912274959608E-5,0.000450922092013767));
#3239=CARTESIAN_POINT('',(0.0124950928915131,8.73767670537902E-5,0.000361472530811351));
#3240=CARTESIAN_POINT('',(0.0124970402448583,8.08623066116195E-5,0.000272002055860589));
#3241=CARTESIAN_POINT('',(0.,0.0005,0.));
#3242=CARTESIAN_POINT('',(0.,0.0005,0.));
#3243=CARTESIAN_POINT('',(0.,0.,0.));
#3244=CARTESIAN_POINT('',(-0.0122805022628039,8.08622768358869E-5,0.00233222301104946));
#3245=CARTESIAN_POINT('',(-0.0123103522769829,0.000288097721733181,0.00217504543200424));
#3246=CARTESIAN_POINT('',(-0.0123506006512898,0.000491260591963996,0.00194967452047984));
#3247=CARTESIAN_POINT('',(-0.0124293910572341,0.000889313880988838,0.00135970773690408));
#3248=CARTESIAN_POINT('',(-0.0124679357950605,0.00108419191981175,0.000995009572401456));
#3249=CARTESIAN_POINT('',(-0.0124874421309072,0.00127502214391041,0.000560168748899795));
#3250=CARTESIAN_POINT('',(-0.00245610045256078,8.08622768358869E-5,0.000466444602209892));
#3251=CARTESIAN_POINT('',(-0.00246207102850145,0.000288117615801087,0.000435006068672456));
#3252=CARTESIAN_POINT('',(-0.00247012013025796,0.000491260591963996,0.000389934904095968));
#3253=CARTESIAN_POINT('',(-0.00248587821144682,0.000889313880988838,0.000271941547380816));
#3254=CARTESIAN_POINT('',(-0.00249358770479829,0.0010842186169065,0.000198989747658474));
#3255=CARTESIAN_POINT('',(-0.00249748842618144,0.00127502214391041,0.000112033749779959));
#3256=CARTESIAN_POINT('',(-0.0122805022628039,8.08622768358869E-5,0.00233222301104946));
#3257=CARTESIAN_POINT('',(-0.00900570165938953,8.08622768358869E-5,0.0017102968747696));
#3258=CARTESIAN_POINT('',(-0.00573090105597515,8.08622768358869E-5,0.00108837073848975));
#3259=CARTESIAN_POINT('',(-0.00245610045256078,8.08622768358869E-5,0.000466444602209892));
#3260=CARTESIAN_POINT('',(-0.00245610045256078,8.08622768358865E-5,0.000466444602209892));
#3261=CARTESIAN_POINT('',(-0.0122805023391218,8.08623066116194E-5,0.00233222260919137));
#3262=CARTESIAN_POINT('',(-0.00245610045256078,8.0862276835887E-5,0.000466444602209891));
#3263=CARTESIAN_POINT('',(-0.00246804168066471,0.000495375600665085,0.000403567133778999));
#3264=CARTESIAN_POINT('',(-0.00248968726553321,0.000893428889689928,0.000285939456479879));
#3265=CARTESIAN_POINT('',(-0.00249748842618144,0.00127502214391041,0.00011203374977996));
#3266=CARTESIAN_POINT('',(-0.00249748842618144,0.00127502214391041,0.000112033749779959));
#3267=CARTESIAN_POINT('',(-0.00249748842618144,0.00127502214391041,0.000112033749779959));
#3268=CARTESIAN_POINT('',(-0.00582747299442336,0.00127502214391041,0.000261412082819904));
#3269=CARTESIAN_POINT('',(-0.00915745756266528,0.00127502214391041,0.00041079041585985));
#3270=CARTESIAN_POINT('',(-0.0124874421309072,0.00127502214391041,0.000560168748899795));
#3271=CARTESIAN_POINT('',(-0.0124874420696221,0.00127502154436024,0.000560170115081924));
#3272=CARTESIAN_POINT('',(-0.0122805022939906,8.08624933516389E-5,0.00233222284683321));
#3273=CARTESIAN_POINT('',(-0.012340208406521,0.000495375522186032,0.00201783562912368));
#3274=CARTESIAN_POINT('',(-0.0124484362113883,0.000893428539188926,0.00142969774955747));
#3275=CARTESIAN_POINT('',(-0.0124874420696222,0.00127502154436032,0.000560170115081749));
#3276=CARTESIAN_POINT('',(-0.0124979011111411,0.00129913772316411,0.000229058543034242));
#3277=CARTESIAN_POINT('',(-0.0124958775465704,0.00129109919662513,0.000339468351645093));
#3278=CARTESIAN_POINT('',(-0.0124923908117942,0.00128306067044939,0.000449851337723973));
#3279=CARTESIAN_POINT('',(-0.0124874421309072,0.00127502214391041,0.000560168748899795));
#3280=CARTESIAN_POINT('',(-0.00249958022222823,0.00129913772316411,4.58117086068488E-5));
#3281=CARTESIAN_POINT('',(-0.00249917550931477,0.00129109919663872,6.78936702917016E-5));
#3282=CARTESIAN_POINT('',(-0.00249847816235716,0.00128306067043581,8.99702675820802E-5));
#3283=CARTESIAN_POINT('',(-0.00249748842618144,0.00127502214391041,0.000112033749779959));
#3284=CARTESIAN_POINT('',(-0.00249958022222823,0.00129913772316411,4.58117086068481E-5));
#3285=CARTESIAN_POINT('',(-0.00249917550932018,0.00129109919674621,6.78936699964123E-5));
#3286=CARTESIAN_POINT('',(-0.00249847816234392,0.00128306067032831,8.99702678771208E-5));
#3287=CARTESIAN_POINT('',(-0.00249748842618144,0.00127502214391041,0.000112033749779958));
#3288=CARTESIAN_POINT('',(-0.00249958022222823,0.00129913772316411,4.58117086068488E-5));
#3289=CARTESIAN_POINT('',(-0.00249958022222823,0.00129913772316411,4.58117086068488E-5));
#3290=CARTESIAN_POINT('',(-0.00583235385186587,0.00129913772316411,0.000106893986749313));
#3291=CARTESIAN_POINT('',(-0.0091651274815035,0.00129913772316411,0.000167976264891778));
#3292=CARTESIAN_POINT('',(-0.0124979011111411,0.00129913772316411,0.000229058543034242));
#3293=CARTESIAN_POINT('',(-0.0124979010851971,0.00129913712010266,0.000229059958588321));
#3294=CARTESIAN_POINT('',(-0.0124979010845337,0.00129913761746738,0.000229059994787429));
#3295=CARTESIAN_POINT('',(-0.0124958775160374,0.00129109912628172,0.000339469317582463));
#3296=CARTESIAN_POINT('',(-0.0124923907900299,0.00128306063509607,0.000449851822898363));
#3297=CARTESIAN_POINT('',(-0.0124874421309072,0.00127502214391041,0.000560168748899789));
#3298=CARTESIAN_POINT('',(-0.0123277575477481,0.000100405687938132,0.00206794435223464));
#3299=CARTESIAN_POINT('',(-0.0123554587370134,0.000308843358335533,0.00190280763340692));
#3300=CARTESIAN_POINT('',(-0.0123920779702571,0.000512991912846519,0.00166772633066953));
#3301=CARTESIAN_POINT('',(-0.0124591875169221,0.000912569257921846,0.00105525065890201));
#3302=CARTESIAN_POINT('',(-0.0124896776758375,0.00110798570256778,0.000677745939094122));
#3303=CARTESIAN_POINT('',(-0.0124979011111411,0.00129913772316411,0.000229058543034245));
#3304=CARTESIAN_POINT('',(-0.00246555150954963,0.000100405687938132,0.000413588870446927));
#3305=CARTESIAN_POINT('',(-0.00247109233416058,0.000308865433642619,0.000380558028807155));
#3306=CARTESIAN_POINT('',(-0.00247841559405143,0.000512991912846519,0.000333545266133907));
#3307=CARTESIAN_POINT('',(-0.00249183750338442,0.000912569257921846,0.000211050131780402));
#3308=CARTESIAN_POINT('',(-0.00249793577836772,0.00110801396825726,0.000135535918318903));
#3309=CARTESIAN_POINT('',(-0.00249958022222823,0.00129913772316411,4.58117086068492E-5));
#3310=CARTESIAN_POINT('',(-0.00246555150954963,0.000100405687938132,0.000413588870446927));
#3311=CARTESIAN_POINT('',(-0.00247663323922277,0.000517328206124206,0.000347526707568817));
#3312=CARTESIAN_POINT('',(-0.00249629146647526,0.000916905551199533,0.000225252927584361));
#3313=CARTESIAN_POINT('',(-0.00249958022222823,0.00129913772316411,4.58117086068481E-5));
#3314=CARTESIAN_POINT('',(-0.00246555150954963,0.000100405687938131,0.000413588870446927));
#3315=CARTESIAN_POINT('',(-0.00246555150954963,0.000100405687938132,0.000413588870446927));
#3316=CARTESIAN_POINT('',(-0.00575295352228246,0.000100405687938132,0.000965040697709498));
#3317=CARTESIAN_POINT('',(-0.00904035553501529,0.000100405687938132,0.00151649252497207));
#3318=CARTESIAN_POINT('',(-0.0123277575477481,0.000100405687938132,0.00206794435223464));
#3319=CARTESIAN_POINT('',(-0.0123277576183249,0.000100406218993178,0.00206794393150108));
#3320=CARTESIAN_POINT('',(-0.0123277576183249,0.000100406218993247,0.00206794393150103));
#3321=CARTESIAN_POINT('',(-0.0123831662422576,0.000517328326167497,0.00173763319367024));
#3322=CARTESIAN_POINT('',(-0.0124814572258619,0.000916905293203995,0.00112626490308388));
#3323=CARTESIAN_POINT('',(-0.0124979010851971,0.00129913712010274,0.000229059958588124));
#3324=CARTESIAN_POINT('',(-0.0123277575477481,0.000100405687938131,0.00206794435223463));
#3325=CARTESIAN_POINT('',(-0.0123129524224677,9.38912175283776E-5,0.00215620301099593));
#3326=CARTESIAN_POINT('',(-0.0122971994499517,8.73767472456408E-5,0.00224430266913552));
#3327=CARTESIAN_POINT('',(-0.0122805022628039,8.08622768358869E-5,0.00233222301104946));
#3328=CARTESIAN_POINT('',(-0.00246555150954963,0.000100405687938131,0.000413588870446927));
#3329=CARTESIAN_POINT('',(-0.0024625904844957,9.38912175331293E-5,0.000431240602186312));
#3330=CARTESIAN_POINT('',(-0.0024594398899879,8.73767472408892E-5,0.00044886053383993));
#3331=CARTESIAN_POINT('',(-0.00245610045256078,8.08622768358869E-5,0.000466444602209892));
#3332=CARTESIAN_POINT('',(-0.00246555150954963,0.000100405687938132,0.000413588870446927));
#3333=CARTESIAN_POINT('',(-0.00246259048451278,9.38912175707167E-5,0.000431240602084464));
#3334=CARTESIAN_POINT('',(-0.00245943988996863,8.73767472033018E-5,0.000448860533941387));
#3335=CARTESIAN_POINT('',(-0.00245610045256078,8.0862276835887E-5,0.000466444602209891));
#3336=CARTESIAN_POINT('',(-0.0123277575477481,0.000100405687938132,0.00206794435223464));
#3337=CARTESIAN_POINT('',(-0.0123129524451205,9.38912274959608E-5,0.00215620287595418));
#3338=CARTESIAN_POINT('',(-0.0122971994978448,8.73767670537902E-5,0.00224430240125516));
#3339=CARTESIAN_POINT('',(-0.0122805023391218,8.08623066116195E-5,0.00233222260919137));
#3340=CARTESIAN_POINT('',(0.,0.0005,0.));
#3341=CARTESIAN_POINT('',(0.,0.0005,0.));
#3342=CARTESIAN_POINT('',(0.,0.,0.));
#3343=CARTESIAN_POINT('',(0.0122805022628039,8.08622768358869E-5,-0.00233222301104945));
#3344=CARTESIAN_POINT('',(0.0123103522769829,0.000288097721733181,-0.00217504543200424));
#3345=CARTESIAN_POINT('',(0.0123506006512898,0.000491260591963996,-0.00194967452047983));
#3346=CARTESIAN_POINT('',(0.0124293910572341,0.000889313880988838,-0.00135970773690408));
#3347=CARTESIAN_POINT('',(0.0124679357950605,0.00108419191981175,-0.000995009572401454));
#3348=CARTESIAN_POINT('',(0.0124874421309072,0.00127502214391041,-0.000560168748899794));
#3349=CARTESIAN_POINT('',(0.00245610045256078,8.08622768358869E-5,-0.000466444602209891));
#3350=CARTESIAN_POINT('',(0.00246207102850145,0.000288117615801088,-0.000435006068672456));
#3351=CARTESIAN_POINT('',(0.00247012013025796,0.000491260591963996,-0.000389934904095968));
#3352=CARTESIAN_POINT('',(0.00248587821144682,0.000889313880988838,-0.000271941547380815));
#3353=CARTESIAN_POINT('',(0.00249358770479829,0.0010842186169065,-0.000198989747658473));
#3354=CARTESIAN_POINT('',(0.00249748842618144,0.00127502214391041,-0.000112033749779959));
#3355=CARTESIAN_POINT('',(0.0122805022628039,8.08622768358869E-5,-0.00233222301104945));
#3356=CARTESIAN_POINT('',(0.00900570165938953,8.08622768358869E-5,-0.0017102968747696));
#3357=CARTESIAN_POINT('',(0.00573090105597515,8.08622768358869E-5,-0.00108837073848975));
#3358=CARTESIAN_POINT('',(0.00245610045256078,8.08622768358869E-5,-0.000466444602209891));
#3359=CARTESIAN_POINT('',(0.00245610045256078,8.08622768358865E-5,-0.000466444602209891));
#3360=CARTESIAN_POINT('',(0.0122805023391218,8.08623066116195E-5,-0.00233222260919137));
#3361=CARTESIAN_POINT('',(0.00245610045256078,8.0862276835887E-5,-0.000466444602209891));
#3362=CARTESIAN_POINT('',(0.00246804168066471,0.000495375600665085,-0.000403567133778999));
#3363=CARTESIAN_POINT('',(0.00248968726553321,0.000893428889689928,-0.000285939456479879));
#3364=CARTESIAN_POINT('',(0.00249748842618144,0.00127502214391041,-0.00011203374977996));
#3365=CARTESIAN_POINT('',(0.00249748842618144,0.00127502214391041,-0.000112033749779959));
#3366=CARTESIAN_POINT('',(0.00249748842618144,0.00127502214391041,-0.000112033749779959));
#3367=CARTESIAN_POINT('',(0.00582747299442336,0.00127502214391041,-0.000261412082819904));
#3368=CARTESIAN_POINT('',(0.00915745756266528,0.00127502214391041,-0.000410790415859849));
#3369=CARTESIAN_POINT('',(0.0124874421309072,0.00127502214391041,-0.000560168748899794));
#3370=CARTESIAN_POINT('',(0.0124874420696221,0.00127502154436024,-0.000560170115081922));
#3371=CARTESIAN_POINT('',(0.0122805022939906,8.08624933516389E-5,-0.00233222284683321));
#3372=CARTESIAN_POINT('',(0.012340208406521,0.000495375522186032,-0.00201783562912368));
#3373=CARTESIAN_POINT('',(0.0124484362113883,0.000893428539188926,-0.00142969774955747));
#3374=CARTESIAN_POINT('',(0.0124874420696222,0.00127502154436032,-0.000560170115081749));
#3375=CARTESIAN_POINT('',(0.0124979011111411,0.00129913772316411,-0.000229058543034241));
#3376=CARTESIAN_POINT('',(0.0124958775465704,0.00129109919662513,-0.000339468351645092));
#3377=CARTESIAN_POINT('',(0.0124923908117941,0.00128306067044939,-0.000449851337723972));
#3378=CARTESIAN_POINT('',(0.0124874421309072,0.00127502214391041,-0.000560168748899794));
#3379=CARTESIAN_POINT('',(0.00249958022222823,0.00129913772316411,-4.58117086068483E-5));
#3380=CARTESIAN_POINT('',(0.00249917550931477,0.00129109919663872,-6.78936702917013E-5));
#3381=CARTESIAN_POINT('',(0.00249847816235716,0.00128306067043581,-8.997026758208E-5));
#3382=CARTESIAN_POINT('',(0.00249748842618144,0.00127502214391041,-0.000112033749779959));
#3383=CARTESIAN_POINT('',(0.00249958022222823,0.00129913772316411,-4.58117086068481E-5));
#3384=CARTESIAN_POINT('',(0.00249917550932018,0.00129109919674621,-6.78936699964123E-5));
#3385=CARTESIAN_POINT('',(0.00249847816234392,0.00128306067032831,-8.99702678771208E-5));
#3386=CARTESIAN_POINT('',(0.00249748842618144,0.00127502214391041,-0.000112033749779958));
#3387=CARTESIAN_POINT('',(0.00249958022222823,0.00129913772316411,-4.58117086068483E-5));
#3388=CARTESIAN_POINT('',(0.00249958022222823,0.00129913772316411,-4.58117086068483E-5));
#3389=CARTESIAN_POINT('',(0.00583235385186587,0.00129913772316411,-0.000106893986749313));
#3390=CARTESIAN_POINT('',(0.0091651274815035,0.00129913772316411,-0.000167976264891777));
#3391=CARTESIAN_POINT('',(0.0124979011111411,0.00129913772316411,-0.000229058543034241));
#3392=CARTESIAN_POINT('',(0.0124979010851971,0.00129913712010266,-0.000229059958588319));
#3393=CARTESIAN_POINT('',(0.0124979010845337,0.00129913761746738,-0.000229059994787429));
#3394=CARTESIAN_POINT('',(0.0124958775160374,0.00129109912628172,-0.000339469317582463));
#3395=CARTESIAN_POINT('',(0.0124923907900299,0.00128306063509607,-0.000449851822898363));
#3396=CARTESIAN_POINT('',(0.0124874421309072,0.00127502214391041,-0.000560168748899789));
#3397=CARTESIAN_POINT('',(0.0123277575477481,0.000100405687938132,-0.00206794435223463));
#3398=CARTESIAN_POINT('',(0.0123554587370134,0.000308843358335533,-0.00190280763340692));
#3399=CARTESIAN_POINT('',(0.0123920779702571,0.000512991912846519,-0.00166772633066953));
#3400=CARTESIAN_POINT('',(0.0124591875169221,0.000912569257921846,-0.00105525065890201));
#3401=CARTESIAN_POINT('',(0.0124896776758375,0.00110798570256778,-0.000677745939094121));
#3402=CARTESIAN_POINT('',(0.0124979011111411,0.00129913772316411,-0.000229058543034243));
#3403=CARTESIAN_POINT('',(0.00246555150954963,0.000100405687938132,-0.000413588870446927));
#3404=CARTESIAN_POINT('',(0.00247109233416058,0.000308865433642619,-0.000380558028807154));
#3405=CARTESIAN_POINT('',(0.00247841559405143,0.000512991912846519,-0.000333545266133907));
#3406=CARTESIAN_POINT('',(0.00249183750338442,0.000912569257921846,-0.000211050131780401));
#3407=CARTESIAN_POINT('',(0.00249793577836772,0.00110801396825727,-0.000135535918318903));
#3408=CARTESIAN_POINT('',(0.00249958022222823,0.00129913772316411,-4.58117086068488E-5));
#3409=CARTESIAN_POINT('',(0.00246555150954963,0.000100405687938132,-0.000413588870446927));
#3410=CARTESIAN_POINT('',(0.00247663323922277,0.000517328206124206,-0.000347526707568817));
#3411=CARTESIAN_POINT('',(0.00249629146647526,0.000916905551199533,-0.000225252927584361));
#3412=CARTESIAN_POINT('',(0.00249958022222823,0.00129913772316411,-4.58117086068481E-5));
#3413=CARTESIAN_POINT('',(0.00246555150954963,0.000100405687938131,-0.000413588870446927));
#3414=CARTESIAN_POINT('',(0.00246555150954963,0.000100405687938132,-0.000413588870446927));
#3415=CARTESIAN_POINT('',(0.00575295352228246,0.000100405687938132,-0.000965040697709496));
#3416=CARTESIAN_POINT('',(0.00904035553501529,0.000100405687938132,-0.00151649252497207));
#3417=CARTESIAN_POINT('',(0.0123277575477481,0.000100405687938132,-0.00206794435223463));
#3418=CARTESIAN_POINT('',(0.0123277576183249,0.000100406218993178,-0.00206794393150108));
#3419=CARTESIAN_POINT('',(0.0123277576183249,0.000100406218993247,-0.00206794393150103));
#3420=CARTESIAN_POINT('',(0.0123831662422576,0.000517328326167497,-0.00173763319367024));
#3421=CARTESIAN_POINT('',(0.0124814572258619,0.000916905293203995,-0.00112626490308388));
#3422=CARTESIAN_POINT('',(0.0124979010851971,0.00129913712010274,-0.000229059958588124));
#3423=CARTESIAN_POINT('',(0.0123277575477481,0.000100405687938131,-0.00206794435223463));
#3424=CARTESIAN_POINT('',(0.0123129524224677,9.38912175283777E-5,-0.00215620301099593));
#3425=CARTESIAN_POINT('',(0.0122971994499517,8.73767472456409E-5,-0.00224430266913551));
#3426=CARTESIAN_POINT('',(0.0122805022628039,8.08622768358869E-5,-0.00233222301104945));
#3427=CARTESIAN_POINT('',(0.00246555150954963,0.000100405687938131,-0.000413588870446927));
#3428=CARTESIAN_POINT('',(0.0024625904844957,9.38912175331294E-5,-0.000431240602186311));
#3429=CARTESIAN_POINT('',(0.0024594398899879,8.73767472408892E-5,-0.00044886053383993));
#3430=CARTESIAN_POINT('',(0.00245610045256078,8.08622768358869E-5,-0.000466444602209891));
#3431=CARTESIAN_POINT('',(0.00246555150954963,0.000100405687938132,-0.000413588870446927));
#3432=CARTESIAN_POINT('',(0.00246259048451278,9.38912175707167E-5,-0.000431240602084464));
#3433=CARTESIAN_POINT('',(0.00245943988996863,8.73767472033018E-5,-0.000448860533941387));
#3434=CARTESIAN_POINT('',(0.00245610045256078,8.0862276835887E-5,-0.000466444602209891));
#3435=CARTESIAN_POINT('',(0.0123277575477481,0.000100405687938132,-0.00206794435223464));
#3436=CARTESIAN_POINT('',(0.0123129524451205,9.38912274959608E-5,-0.00215620287595418));
#3437=CARTESIAN_POINT('',(0.0122971994978448,8.73767670537902E-5,-0.00224430240125516));
#3438=CARTESIAN_POINT('',(0.0122805023391218,8.08623066116195E-5,-0.00233222260919137));
#3439=CARTESIAN_POINT('',(0.,0.0005,0.));
#3440=CARTESIAN_POINT('',(0.,0.0005,0.));
#3441=CARTESIAN_POINT('',(0.,0.,0.));
#3442=CARTESIAN_POINT('',(-0.0124970402537591,8.08622768358869E-5,-0.000272001646916669));
#3443=CARTESIAN_POINT('',(-0.0124935589172922,0.000288097721733181,-0.000431950685667787));
#3444=CARTESIAN_POINT('',(-0.0124860705207777,0.000491260591963996,-0.000660764809605386));
#3445=CARTESIAN_POINT('',(-0.0124404781758135,0.000889313880988838,-0.00125422084999275));
#3446=CARTESIAN_POINT('',(-0.0124023556066194,0.00108419191981175,-0.00161896338620663));
#3447=CARTESIAN_POINT('',(-0.0123310271913761,0.00127502214391041,-0.00204835748968344));
#3448=CARTESIAN_POINT('',(-0.00249940805075181,8.08622768358869E-5,-5.4400329383334E-5));
#3449=CARTESIAN_POINT('',(-0.00249871171661859,0.000288117615801088,-8.63932080725468E-5));
#3450=CARTESIAN_POINT('',(-0.00249721410415555,0.000491260591963996,-0.000132152961921077));
#3451=CARTESIAN_POINT('',(-0.0024880956351627,0.000889313880988838,-0.000250844169998551));
#3452=CARTESIAN_POINT('',(-0.00248046912555883,0.0010842186169065,-0.000323804691664224));
#3453=CARTESIAN_POINT('',(-0.00246620543827523,0.00127502214391041,-0.000409671497936688));
#3454=CARTESIAN_POINT('',(-0.0124970402537591,8.08622768358869E-5,-0.000272001646916669));
#3455=CARTESIAN_POINT('',(-0.00916449618608999,8.08622768358869E-5,-0.000199467874405558));
#3456=CARTESIAN_POINT('',(-0.0058319521184209,8.08622768358869E-5,-0.000126934101894446));
#3457=CARTESIAN_POINT('',(-0.00249940805075181,8.08622768358869E-5,-5.4400329383334E-5));
#3458=CARTESIAN_POINT('',(-0.00249940805075181,8.08622768358865E-5,-5.4400329383334E-5));
#3459=CARTESIAN_POINT('',(-0.0124970402448583,8.08623066116194E-5,-0.000272002055860582));
#3460=CARTESIAN_POINT('',(-0.00249940805075182,8.0862276835887E-5,-5.44003293833355E-5));
#3461=CARTESIAN_POINT('',(-0.00249801537359569,0.000495375600665085,-0.000118386495194759));
#3462=CARTESIAN_POINT('',(-0.00249473178122707,0.000893428889689928,-0.000237944095673531));
#3463=CARTESIAN_POINT('',(-0.00246620543827523,0.00127502214391041,-0.000409671497936688));
#3464=CARTESIAN_POINT('',(-0.00246620543827523,0.00127502214391041,-0.000409671497936688));
#3465=CARTESIAN_POINT('',(-0.00246620543827523,0.00127502214391041,-0.000409671497936688));
#3466=CARTESIAN_POINT('',(-0.00575447935597553,0.00127502214391041,-0.000955900161852272));
#3467=CARTESIAN_POINT('',(-0.00904275327367584,0.00127502214391041,-0.00150212882576786));
#3468=CARTESIAN_POINT('',(-0.0123310271913761,0.00127502214391041,-0.00204835748968344));
#3469=CARTESIAN_POINT('',(-0.0123310274154756,0.00127502154436024,-0.00204835614061379));
#3470=CARTESIAN_POINT('',(-0.0124970402501218,8.08624933516389E-5,-0.000272001814028495));
#3471=CARTESIAN_POINT('',(-0.0124900768628371,0.000495375522186032,-0.000591932515540794));
#3472=CARTESIAN_POINT('',(-0.0124736588895261,0.000893428539188926,-0.00118971999724261));
#3473=CARTESIAN_POINT('',(-0.0123310274154755,0.00127502154436032,-0.00204835614061397));
#3474=CARTESIAN_POINT('',(-0.0122724159350496,0.00129913772316411,-0.00237440668739397));
#3475=CARTESIAN_POINT('',(-0.0122933920802109,0.00129109919662513,-0.00226598887527241));
#3476=CARTESIAN_POINT('',(-0.0123129314522283,0.00128306067044939,-0.00215729308935476));
#3477=CARTESIAN_POINT('',(-0.0123310271913761,0.00127502214391041,-0.00204835748968344));
#3478=CARTESIAN_POINT('',(-0.00245448318700991,0.00129913772316411,-0.000474881337478795));
#3479=CARTESIAN_POINT('',(-0.00245867841603509,0.00129109919663872,-0.000453197775091126));
#3480=CARTESIAN_POINT('',(-0.00246258629045178,0.00128306067043581,-0.000431458617834133));
#3481=CARTESIAN_POINT('',(-0.00246620543827523,0.00127502214391041,-0.000409671497936688));
#3482=CARTESIAN_POINT('',(-0.00245448318700992,0.00129913772316411,-0.000474881337478797));
#3483=CARTESIAN_POINT('',(-0.002458678415979,0.00129109919674621,-0.000453197775381089));
#3484=CARTESIAN_POINT('',(-0.00246258629050018,0.00128306067032831,-0.000431458617542789));
#3485=CARTESIAN_POINT('',(-0.00246620543827523,0.00127502214391041,-0.00040967149793669));
#3486=CARTESIAN_POINT('',(-0.00245448318700991,0.00129913772316411,-0.000474881337478795));
#3487=CARTESIAN_POINT('',(-0.00245448318700991,0.00129913772316411,-0.000474881337478795));
#3488=CARTESIAN_POINT('',(-0.00572712743635647,0.00129913772316411,-0.00110805645411719));
#3489=CARTESIAN_POINT('',(-0.00899977168570303,0.00129913772316411,-0.00174123157075558));
#3490=CARTESIAN_POINT('',(-0.0122724159350496,0.00129913772316411,-0.00237440668739397));
#3491=CARTESIAN_POINT('',(-0.0122724162039827,0.00129913712010266,-0.00237440529737909));
#3492=CARTESIAN_POINT('',(-0.01227241621086,0.00129913761746738,-0.00237440526183308));
#3493=CARTESIAN_POINT('',(-0.0122933922511748,0.00129109912628172,-0.00226598792409494));
#3494=CARTESIAN_POINT('',(-0.0123129315318131,0.00128306063509607,-0.00215729261025756));
#3495=CARTESIAN_POINT('',(-0.0123310271913761,0.00127502214391041,-0.00204835748968345));
#3496=CARTESIAN_POINT('',(-0.012488316274548,0.000100405687938132,-0.000540330109154366));
#3497=CARTESIAN_POINT('',(-0.0124810782719377,0.000308843358335533,-0.000707617595566546));
#3498=CARTESIAN_POINT('',(-0.012468021135944,0.000512991912846519,-0.000945175374516661));
#3499=CARTESIAN_POINT('',(-0.0124063233254988,0.000912569257921846,-0.00155821984268102));
#3500=CARTESIAN_POINT('',(-0.0123576595567009,0.00110798570256778,-0.00193381443912018));
#3501=CARTESIAN_POINT('',(-0.0122724159350496,0.00129913772316411,-0.00237440668739397));
#3502=CARTESIAN_POINT('',(-0.00249766325490961,0.000100405687938132,-0.000108066021830873));
#3503=CARTESIAN_POINT('',(-0.00249621550107444,0.000308865433642619,-0.000141527062544424));
#3504=CARTESIAN_POINT('',(-0.00249360422718881,0.000512991912846519,-0.000189035074903332));
#3505=CARTESIAN_POINT('',(-0.00248126466509976,0.000912569257921846,-0.000311643968536204));
#3506=CARTESIAN_POINT('',(-0.00247152939034173,0.00110801396825727,-0.000386775917917718));
#3507=CARTESIAN_POINT('',(-0.00245448318700991,0.00129913772316411,-0.000474881337478795));
#3508=CARTESIAN_POINT('',(-0.00249766325490961,0.000100405687938132,-0.000108066021830875));
#3509=CARTESIAN_POINT('',(-0.00249476772621831,0.000517328206124206,-0.000174988589102912));
#3510=CARTESIAN_POINT('',(-0.00248857422570077,0.000916905551199533,-0.000298677568893907));
#3511=CARTESIAN_POINT('',(-0.00245448318700992,0.00129913772316411,-0.000474881337478797));
#3512=CARTESIAN_POINT('',(-0.00249766325490961,0.000100405687938131,-0.000108066021830873));
#3513=CARTESIAN_POINT('',(-0.00249766325490961,0.000100405687938132,-0.000108066021830873));
#3514=CARTESIAN_POINT('',(-0.00582788092812242,0.000100405687938132,-0.000252154050938704));
#3515=CARTESIAN_POINT('',(-0.00915809860133523,0.000100405687938132,-0.000396242080046535));
#3516=CARTESIAN_POINT('',(-0.012488316274548,0.000100405687938132,-0.000540330109154366));
#3517=CARTESIAN_POINT('',(-0.0124883162561071,0.000100406218993178,-0.000540330535367619));
#3518=CARTESIAN_POINT('',(-0.0124883162561071,0.000100406218993247,-0.000540330535367679));
#3519=CARTESIAN_POINT('',(-0.0124738386046692,0.000517328326167497,-0.000874943291761208));
#3520=CARTESIAN_POINT('',(-0.0124428710794473,0.000916905293203995,-0.00149338756295629));
#3521=CARTESIAN_POINT('',(-0.0122724162039827,0.00129913712010274,-0.00237440529737929));
#3522=CARTESIAN_POINT('',(-0.012488316274548,0.000100405687938131,-0.000540330109154367));
#3523=CARTESIAN_POINT('',(-0.0124921846837488,9.38912175283776E-5,-0.000450921955213198));
#3524=CARTESIAN_POINT('',(-0.0124950929003621,8.73767472456408E-5,-0.000361472258827284));
#3525=CARTESIAN_POINT('',(-0.0124970402537591,8.08622768358869E-5,-0.000272001646916669));
#3526=CARTESIAN_POINT('',(-0.00249766325490961,0.000100405687938131,-0.000108066021830873));
#3527=CARTESIAN_POINT('',(-0.00249843693674919,9.38912175331294E-5,-9.01843910556827E-5));
#3528=CARTESIAN_POINT('',(-0.0024990185800727,8.73767472408892E-5,-7.22944517524051E-5));
#3529=CARTESIAN_POINT('',(-0.00249940805075181,8.08622768358869E-5,-5.4400329383334E-5));
#3530=CARTESIAN_POINT('',(-0.00249766325490961,0.000100405687938132,-0.000108066021830875));
#3531=CARTESIAN_POINT('',(-0.00249843693674473,9.38912175707167E-5,-9.01843911588577E-5));
#3532=CARTESIAN_POINT('',(-0.00249901858007495,8.73767472033018E-5,-7.229445164916E-5));
#3533=CARTESIAN_POINT('',(-0.00249940805075182,8.0862276835887E-5,-5.44003293833355E-5));
#3534=CARTESIAN_POINT('',(-0.012488316274548,0.000100405687938132,-0.000540330109154374));
#3535=CARTESIAN_POINT('',(-0.0124921846778299,9.38912274959608E-5,-0.000450922092013767));
#3536=CARTESIAN_POINT('',(-0.0124950928915131,8.73767670537902E-5,-0.000361472530811351));
#3537=CARTESIAN_POINT('',(-0.0124970402448583,8.08623066116195E-5,-0.000272002055860589));
#3538=CARTESIAN_POINT('',(0.,0.0005,0.));
#3539=CARTESIAN_POINT('',(0.,0.0005,0.));
#3540=CARTESIAN_POINT('',(0.,0.,0.));
#3541=CARTESIAN_POINT('',(0.0115272473945763,8.08622768358869E-5,-0.00483451833218508));
#3542=CARTESIAN_POINT('',(0.0115891241705453,0.000288097721733181,-0.00468698162727176));
#3543=CARTESIAN_POINT('',(0.0116753502685832,0.000491260591963996,-0.00447490371844377));
#3544=CARTESIAN_POINT('',(0.011875079906618,0.000889313880988838,-0.0039142105710966));
#3545=CARTESIAN_POINT('',(0.0119886073614637,0.00108419191981175,-0.00356549583810996));
#3546=CARTESIAN_POINT('',(0.0120980959279221,0.00127502214391041,-0.00314421292516824));
#3547=CARTESIAN_POINT('',(0.00230544947891526,8.08622768358869E-5,-0.000966903666437017));
#3548=CARTESIAN_POINT('',(0.00231782602211123,0.000288117615801088,-0.000937393492825766));
#3549=CARTESIAN_POINT('',(0.00233507005371665,0.000491260591963996,-0.000894980743688755));
#3550=CARTESIAN_POINT('',(0.00237501598132361,0.000889313880988838,-0.000782842114219321));
#3551=CARTESIAN_POINT('',(0.00239772453577669,0.0010842186169065,-0.00071308738014975));
#3552=CARTESIAN_POINT('',(0.00241961918558442,0.00127502214391041,-0.000628842585033648));
#3553=CARTESIAN_POINT('',(0.0115272473945763,8.08622768358869E-5,-0.00483451833218508));
#3554=CARTESIAN_POINT('',(0.00845331475602262,8.08622768358869E-5,-0.00354531344360239));
#3555=CARTESIAN_POINT('',(0.00537938211746894,8.08622768358869E-5,-0.0022561085550197));
#3556=CARTESIAN_POINT('',(0.00230544947891526,8.08622768358869E-5,-0.000966903666437017));
#3557=CARTESIAN_POINT('',(0.00230544947891526,8.08622768358865E-5,-0.000966903666437017));
#3558=CARTESIAN_POINT('',(0.0115272475527775,8.08623066116195E-5,-0.00483451795497595));
#3559=CARTESIAN_POINT('',(0.00230544947891526,8.0862276835887E-5,-0.000966903666437016));
#3560=CARTESIAN_POINT('',(0.00233020272331075,0.000495375600665085,-0.000907882942476653));
#3561=CARTESIAN_POINT('',(0.00237583146949058,0.000893428889689928,-0.000797326082295378));
#3562=CARTESIAN_POINT('',(0.00241961918558442,0.00127502214391041,-0.000628842585033649));
#3563=CARTESIAN_POINT('',(0.00241961918558442,0.00127502214391041,-0.000628842585033648));
#3564=CARTESIAN_POINT('',(0.00241961918558442,0.00127502214391041,-0.000628842585033648));
#3565=CARTESIAN_POINT('',(0.00564577809969698,0.00127502214391041,-0.00146729936507851));
#3566=CARTESIAN_POINT('',(0.00887193701380954,0.00127502214391041,-0.00230575614512338));
#3567=CARTESIAN_POINT('',(0.0120980959279221,0.00127502214391041,-0.00314421292516824));
#3568=CARTESIAN_POINT('',(0.012098095583931,0.00127502154436024,-0.00314421424875414));
#3569=CARTESIAN_POINT('',(0.011527247459224,8.08624933516389E-5,-0.00483451817804144));
#3570=CARTESIAN_POINT('',(0.0116510136279502,0.000495375522186032,-0.00453941467414583));
#3571=CARTESIAN_POINT('',(0.0118791571365885,0.000893428539188926,-0.00398663084425093));
#3572=CARTESIAN_POINT('',(0.0120980955839311,0.00127502154436032,-0.00314421424875396));
#3573=CARTESIAN_POINT('',(0.0121771680370926,0.00129913772316411,-0.00282251281598704));
#3574=CARTESIAN_POINT('',(0.0121522332022716,0.00129109919662513,-0.00293008918264584));
#3575=CARTESIAN_POINT('',(0.0121258727477427,0.00128306067044939,-0.00303733510271797));
#3576=CARTESIAN_POINT('',(0.0120980959279221,0.00127502214391041,-0.00314421292516824));
#3577=CARTESIAN_POINT('',(0.00243543360741852,0.00129913772316411,-0.000564502563197409));
#3578=CARTESIAN_POINT('',(0.00243044664046276,0.00129109919663872,-0.000586017836492809));
#3579=CARTESIAN_POINT('',(0.00242517454953915,0.00128306067043581,-0.000607467020579717));
#3580=CARTESIAN_POINT('',(0.00241961918558442,0.00127502214391041,-0.000628842585033648));
#3581=CARTESIAN_POINT('',(0.00243543360741851,0.00129913772316411,-0.000564502563197408));
#3582=CARTESIAN_POINT('',(0.00243044664052944,0.00129109919674621,-0.000586017836205098));
#3583=CARTESIAN_POINT('',(0.00242517454946486,0.00128306067032831,-0.000607467020865558));
#3584=CARTESIAN_POINT('',(0.00241961918558442,0.00127502214391041,-0.000628842585033646));
#3585=CARTESIAN_POINT('',(0.00243543360741852,0.00129913772316411,-0.000564502563197409));
#3586=CARTESIAN_POINT('',(0.00243543360741852,0.00129913772316411,-0.000564502563197409));
#3587=CARTESIAN_POINT('',(0.00568267841730986,0.00129913772316411,-0.00131717264746062));
#3588=CARTESIAN_POINT('',(0.00892992322720121,0.00129913772316411,-0.00206984273172383));
#3589=CARTESIAN_POINT('',(0.0121771680370926,0.00129913772316411,-0.00282251281598704));
#3590=CARTESIAN_POINT('',(0.0121771677174052,0.00129913712010266,-0.00282251419521381));
#3591=CARTESIAN_POINT('',(0.0121771677092301,0.00129913761746738,-0.00282251423048393));
#3592=CARTESIAN_POINT('',(0.0121522329715762,0.00129109912628172,-0.002930090121127));
#3593=CARTESIAN_POINT('',(0.0121258726255806,0.00128306063509607,-0.0030373355727651));
#3594=CARTESIAN_POINT('',(0.0120980959279221,0.00127502214391041,-0.00314421292516823));
#3595=CARTESIAN_POINT('',(0.0116284166609677,0.000100405687938132,-0.00458583972233305));
#3596=CARTESIAN_POINT('',(0.0116898463672126,0.000308843358335533,-0.00443007103811647));
#3597=CARTESIAN_POINT('',(0.0117745415334824,0.000512991912846519,-0.00420774039256667));
#3598=CARTESIAN_POINT('',(0.011967525428041,0.000912569257921846,-0.00362260164303657));
#3599=CARTESIAN_POINT('',(0.0120758369484171,0.00110798570256778,-0.00325968556758419));
#3600=CARTESIAN_POINT('',(0.0121771680370926,0.00129913772316411,-0.00282251281598704));
#3601=CARTESIAN_POINT('',(0.00232568333219355,0.000100405687938132,-0.00091716794446661));
#3602=CARTESIAN_POINT('',(0.00233797057462731,0.000308865433642619,-0.000886010908179838));
#3603=CARTESIAN_POINT('',(0.00235490830669649,0.000512991912846519,-0.000841548078513334));
#3604=CARTESIAN_POINT('',(0.00239350508560821,0.000912569257921846,-0.000724520328607313));
#3605=CARTESIAN_POINT('',(0.00241517038645329,0.00110801396825727,-0.000651924184551497));
#3606=CARTESIAN_POINT('',(0.00243543360741852,0.00129913772316411,-0.000564502563197409));
#3607=CARTESIAN_POINT('',(0.00232568333219355,0.000100405687938132,-0.000917167944466609));
#3608=CARTESIAN_POINT('',(0.00235025799546838,0.000517328206124206,-0.000854853419501629));
#3609=CARTESIAN_POINT('',(0.00239490879162933,0.000916905551199533,-0.000739338790243725));
#3610=CARTESIAN_POINT('',(0.00243543360741851,0.00129913772316411,-0.000564502563197408));
#3611=CARTESIAN_POINT('',(0.00232568333219355,0.000100405687938131,-0.00091716794446661));
#3612=CARTESIAN_POINT('',(0.00232568333219355,0.000100405687938132,-0.00091716794446661));
#3613=CARTESIAN_POINT('',(0.00542659444178495,0.000100405687938132,-0.00214005853708876));
#3614=CARTESIAN_POINT('',(0.00852750555137634,0.000100405687938132,-0.0033629491297109));
#3615=CARTESIAN_POINT('',(0.0116284166609677,0.000100405687938132,-0.00458583972233305));
#3616=CARTESIAN_POINT('',(0.0116284168174777,0.000100406218993178,-0.00458583932546727));
#3617=CARTESIAN_POINT('',(0.0116284168174777,0.000100406218993247,-0.00458583932546722));
#3618=CARTESIAN_POINT('',(0.0117512900940351,0.000517328326167497,-0.00427426677044914));
#3619=CARTESIAN_POINT('',(0.0119745437988295,0.000916905293203995,-0.00369669418844067));
#3620=CARTESIAN_POINT('',(0.0121771677174053,0.00129913712010274,-0.00282251419521361));
#3621=CARTESIAN_POINT('',(0.0116284166609677,0.000100405687938131,-0.00458583972233305));
#3622=CARTESIAN_POINT('',(0.0115955850562238,9.38912175283777E-5,-0.00466909155901457));
#3623=CARTESIAN_POINT('',(0.0115618593750685,8.73767472456409E-5,-0.00475199080109807));
#3624=CARTESIAN_POINT('',(0.0115272473945763,8.08622768358869E-5,-0.00483451833218508));
#3625=CARTESIAN_POINT('',(0.00232568333219355,0.000100405687938131,-0.00091716794446661));
#3626=CARTESIAN_POINT('',(0.00231911701124955,9.38912175331294E-5,-0.000933818311790769));
#3627=CARTESIAN_POINT('',(0.00231237187500866,8.73767472408892E-5,-0.000950398160231653));
#3628=CARTESIAN_POINT('',(0.00230544947891526,8.08622768358869E-5,-0.000966903666437017));
#3629=CARTESIAN_POINT('',(0.00232568333219355,0.000100405687938132,-0.000917167944466609));
#3630=CARTESIAN_POINT('',(0.00231911701128743,9.38912175707167E-5,-0.000933818311694699));
#3631=CARTESIAN_POINT('',(0.00231237187496872,8.73767472033018E-5,-0.000950398160326886));
#3632=CARTESIAN_POINT('',(0.00230544947891526,8.0862276835887E-5,-0.000966903666437016));
#3633=CARTESIAN_POINT('',(0.0116284166609677,0.000100405687938132,-0.00458583972233305));
#3634=CARTESIAN_POINT('',(0.0115955851064584,9.38912274959608E-5,-0.00466909143163359));
#3635=CARTESIAN_POINT('',(0.0115618594776105,8.73767670537902E-5,-0.00475199054902906));
#3636=CARTESIAN_POINT('',(0.0115272475527775,8.08623066116195E-5,-0.00483451795497595));
#3637=CARTESIAN_POINT('',(0.,0.0005,0.));
#3638=CARTESIAN_POINT('',(0.,0.0005,0.));
#3639=CARTESIAN_POINT('',(0.,0.,0.));
#3640=CARTESIAN_POINT('',(-0.0121673976181726,8.08622768358869E-5,-0.00286433852770384));
#3641=CARTESIAN_POINT('',(-0.0121307370821688,0.000288097721733181,-0.0030200684856468));
#3642=CARTESIAN_POINT('',(-0.0120758391936939,0.000491260591963996,-0.00324232554680953));
#3643=CARTESIAN_POINT('',(-0.0119078567020723,0.000889313880988838,-0.00381333396732555));
#3644=CARTESIAN_POINT('',(-0.011794732965064,0.00108419191981175,-0.00416217987618927));
#3645=CARTESIAN_POINT('',(-0.0116356871927486,0.00127502214391041,-0.00456736067685777));
#3646=CARTESIAN_POINT('',(-0.00243347952363452,8.08622768358869E-5,-0.000572867705540769));
#3647=CARTESIAN_POINT('',(-0.00242614671257038,0.000288117615801088,-0.000604016687064175));
#3648=CARTESIAN_POINT('',(-0.00241516783873878,0.000491260591963996,-0.000648465109361906));
#3649=CARTESIAN_POINT('',(-0.00238157134041447,0.000889313880988838,-0.000762666793465111));
#3650=CARTESIAN_POINT('',(-0.00235894214292102,0.0010842186169065,-0.000832447312173898));
#3651=CARTESIAN_POINT('',(-0.00232713743854972,0.00127502214391041,-0.000913472135371553));
#3652=CARTESIAN_POINT('',(-0.0121673976181726,8.08622768358869E-5,-0.00286433852770384));
#3653=CARTESIAN_POINT('',(-0.00892275825332654,8.08622768358869E-5,-0.00210051492031615));
#3654=CARTESIAN_POINT('',(-0.00567811888848053,8.08622768358869E-5,-0.00133669131292846));
#3655=CARTESIAN_POINT('',(-0.00243347952363452,8.08622768358869E-5,-0.000572867705540769));
#3656=CARTESIAN_POINT('',(-0.00243347952363452,8.08622768358865E-5,-0.000572867705540769));
#3657=CARTESIAN_POINT('',(-0.0121673975244421,8.08623066116194E-5,-0.00286433892586077));
#3658=CARTESIAN_POINT('',(-0.00243347952363451,8.0862276835887E-5,-0.000572867705540768));
#3659=CARTESIAN_POINT('',(-0.00241881380789285,0.000495375600665085,-0.000635166066247074));
#3660=CARTESIAN_POINT('',(-0.00239074454703004,0.000893428889689928,-0.00075142834906356));
#3661=CARTESIAN_POINT('',(-0.00232713743854972,0.00127502214391041,-0.000913472135371552));
#3662=CARTESIAN_POINT('',(-0.00232713743854972,0.00127502214391041,-0.000913472135371553));
#3663=CARTESIAN_POINT('',(-0.00232713743854972,0.00127502214391041,-0.000913472135371553));
#3664=CARTESIAN_POINT('',(-0.00542998735661601,0.00127502214391041,-0.00213143498253363));
#3665=CARTESIAN_POINT('',(-0.00853283727468231,0.00127502214391041,-0.0033493978296957));
#3666=CARTESIAN_POINT('',(-0.0116356871927486,0.00127502214391041,-0.00456736067685777));
#3667=CARTESIAN_POINT('',(-0.0116356876924382,0.00127502154436024,-0.00456735940386142));
#3668=CARTESIAN_POINT('',(-0.0121673975798703,8.08624933516389E-5,-0.00286433869040764));
#3669=CARTESIAN_POINT('',(-0.0120940690262088,0.000495375522186032,-0.00317583036886879));
#3670=CARTESIAN_POINT('',(-0.0119537228189355,0.000893428539188926,-0.00375714127125324));
#3671=CARTESIAN_POINT('',(-0.0116356876924382,0.00127502154436032,-0.00456735940386158));
#3672=CARTESIAN_POINT('',(-0.011510567293011,0.00129913772316411,-0.0048740989519157));
#3673=CARTESIAN_POINT('',(-0.0115536263897062,0.00129109919662513,-0.00477241151491952));
#3674=CARTESIAN_POINT('',(-0.0115953379041997,0.00128306067044939,-0.00467015345658794));
#3675=CARTESIAN_POINT('',(-0.0116356871927486,0.00127502214391041,-0.00456736067685777));
#3676=CARTESIAN_POINT('',(-0.0023021134586022,0.00129913772316411,-0.00097481979038314));
#3677=CARTESIAN_POINT('',(-0.00231072527792668,0.00129109919663872,-0.000954482303018273));
#3678=CARTESIAN_POINT('',(-0.00231906758085359,0.00128306067043581,-0.000934030691282847));
#3679=CARTESIAN_POINT('',(-0.00232713743854972,0.00127502214391041,-0.000913472135371553));
#3680=CARTESIAN_POINT('',(-0.0023021134586022,0.00129913772316411,-0.00097481979038314));
#3681=CARTESIAN_POINT('',(-0.00231072527781152,0.00129109919674621,-0.000954482303290234));
#3682=CARTESIAN_POINT('',(-0.0023190675809615,0.00128306067032831,-0.00093403069100793));
#3683=CARTESIAN_POINT('',(-0.00232713743854972,0.00127502214391041,-0.000913472135371554));
#3684=CARTESIAN_POINT('',(-0.0023021134586022,0.00129913772316411,-0.00097481979038314));
#3685=CARTESIAN_POINT('',(-0.0023021134586022,0.00129913772316411,-0.00097481979038314));
#3686=CARTESIAN_POINT('',(-0.0053715980700718,0.00129913772316411,-0.00227457951089399));
#3687=CARTESIAN_POINT('',(-0.0084410826815414,0.00129913772316411,-0.00357433923140485));
#3688=CARTESIAN_POINT('',(-0.011510567293011,0.00129913772316411,-0.0048740989519157));
#3689=CARTESIAN_POINT('',(-0.0115105678450677,0.00129913712010266,-0.00487409764819032));
#3690=CARTESIAN_POINT('',(-0.0115105678591851,0.00129913761746738,-0.00487409761485094));
#3691=CARTESIAN_POINT('',(-0.011553626754695,0.00129109912628172,-0.00477241062007294));
#3692=CARTESIAN_POINT('',(-0.0115953380816553,0.00128306063509607,-0.00467015300450677));
#3693=CARTESIAN_POINT('',(-0.0116356871927486,0.00127502214391041,-0.00456736067685777));
#3694=CARTESIAN_POINT('',(-0.0121030756545601,0.000100405687938132,-0.00312498955198181));
#3695=CARTESIAN_POINT('',(-0.0120612147955201,0.000308843358335533,-0.00328711654008783));
#3696=CARTESIAN_POINT('',(-0.011999051949787,0.000512991912846519,-0.00351676838038185));
#3697=CARTESIAN_POINT('',(-0.0118112432726069,0.000912569257921846,-0.00410358865997051));
#3698=CARTESIAN_POINT('',(-0.0116855524163069,0.00110798570256778,-0.00446085784687374));
#3699=CARTESIAN_POINT('',(-0.011510567293011,0.00129913772316411,-0.0048740989519157));
#3700=CARTESIAN_POINT('',(-0.00242061513091201,0.000100405687938132,-0.000624997910396362));
#3701=CARTESIAN_POINT('',(-0.00241224207242042,0.000308865433642619,-0.000657426742140622));
#3702=CARTESIAN_POINT('',(-0.00239981038995739,0.000512991912846519,-0.000703353676076369));
#3703=CARTESIAN_POINT('',(-0.00236224865452138,0.000912569257921846,-0.000820717731994103));
#3704=CARTESIAN_POINT('',(-0.00233710530824398,0.00110801396825727,-0.000892183790584568));
#3705=CARTESIAN_POINT('',(-0.0023021134586022,0.00129913772316411,-0.00097481979038314));
#3706=CARTESIAN_POINT('',(-0.00242061513091201,0.000100405687938132,-0.000624997910396362));
#3707=CARTESIAN_POINT('',(-0.00240386889235437,0.000517328206124206,-0.000689856044742432));
#3708=CARTESIAN_POINT('',(-0.00237209434975912,0.000916905551199533,-0.000809554422397524));
#3709=CARTESIAN_POINT('',(-0.0023021134586022,0.00129913772316411,-0.00097481979038314));
#3710=CARTESIAN_POINT('',(-0.00242061513091201,0.000100405687938131,-0.000624997910396363));
#3711=CARTESIAN_POINT('',(-0.00242061513091201,0.000100405687938132,-0.000624997910396362));
#3712=CARTESIAN_POINT('',(-0.00564810197212803,0.000100405687938132,-0.00145832845759151));
#3713=CARTESIAN_POINT('',(-0.00887558881334404,0.000100405687938132,-0.00229165900478666));
#3714=CARTESIAN_POINT('',(-0.0121030756545601,0.000100405687938132,-0.00312498955198181));
#3715=CARTESIAN_POINT('',(-0.0121030755479074,0.000100406218993178,-0.0031249899650472));
#3716=CARTESIAN_POINT('',(-0.0121030755479074,0.000100406218993247,-0.00312498996504725));
#3717=CARTESIAN_POINT('',(-0.0120193443639381,0.000517328326167497,-0.00344928055689897));
#3718=CARTESIAN_POINT('',(-0.0118604717593409,0.000916905293203995,-0.00404777182642667));
#3719=CARTESIAN_POINT('',(-0.0115105678450676,0.00129913712010274,-0.0048740976481905));
#3720=CARTESIAN_POINT('',(-0.0121030756545601,0.000100405687938131,-0.00312498955198181));
#3721=CARTESIAN_POINT('',(-0.0121254485301972,9.38912175283776E-5,-0.00303833946821592));
#3722=CARTESIAN_POINT('',(-0.0121468908329187,8.73767472456408E-5,-0.00295144911454301));
#3723=CARTESIAN_POINT('',(-0.0121673976181726,8.08622768358869E-5,-0.00286433852770384));
#3724=CARTESIAN_POINT('',(-0.00242061513091201,0.000100405687938131,-0.000624997910396363));
#3725=CARTESIAN_POINT('',(-0.00242508970603618,9.38912175331294E-5,-0.000607667893655825));
#3726=CARTESIAN_POINT('',(-0.00242937816658673,8.73767472408892E-5,-0.000590289822895895));
#3727=CARTESIAN_POINT('',(-0.00243347952363452,8.08622768358869E-5,-0.000572867705540769));
#3728=CARTESIAN_POINT('',(-0.00242061513091201,0.000100405687938132,-0.000624997910396362));
#3729=CARTESIAN_POINT('',(-0.00242508970601037,9.38912175707167E-5,-0.000607667893755815));
#3730=CARTESIAN_POINT('',(-0.0024293781666104,8.73767472033018E-5,-0.000590289822795371));
#3731=CARTESIAN_POINT('',(-0.00243347952363451,8.0862276835887E-5,-0.000572867705540768));
#3732=CARTESIAN_POINT('',(-0.0121030756545601,0.000100405687938132,-0.00312498955198181));
#3733=CARTESIAN_POINT('',(-0.0121254484959652,9.38912274959608E-5,-0.00303833960079644));
#3734=CARTESIAN_POINT('',(-0.0121468907677144,8.73767670537902E-5,-0.00295144937874376));
#3735=CARTESIAN_POINT('',(-0.0121673975244421,8.08623066116195E-5,-0.00286433892586077));
#3736=CARTESIAN_POINT('',(0.,0.0005,0.));
#3737=CARTESIAN_POINT('',(0.,0.0005,0.));
#3738=CARTESIAN_POINT('',(0.,0.,0.));
#3739=CARTESIAN_POINT('',(-0.0113059813210204,8.08622768358869E-5,-0.00533149007020916));
#3740=CARTESIAN_POINT('',(-0.0112377438268197,0.000288097721733181,-0.0054761948009066));
#3741=CARTESIAN_POINT('',(-0.0111378357475402,0.000491260591963996,-0.00568218109921394));
#3742=CARTESIAN_POINT('',(-0.0108548047502146,0.000889313880988838,-0.00620578609187967));
#3743=CARTESIAN_POINT('',(-0.0106716238955271,0.00108419191981175,-0.00652348913322748));
#3744=CARTESIAN_POINT('',(-0.010431811829576,0.00127502214391041,-0.00688674828582527));
#3745=CARTESIAN_POINT('',(-0.00226119626420407,8.08622768358869E-5,-0.00106629801404183));
#3746=CARTESIAN_POINT('',(-0.00224754745523928,0.000288117615801088,-0.00109524173843746));
#3747=CARTESIAN_POINT('',(-0.00222756714950804,0.000491260591963996,-0.00113643621984279));
#3748=CARTESIAN_POINT('',(-0.00217096095004291,0.000889313880988838,-0.00124115721837593));
#3749=CARTESIAN_POINT('',(-0.00213431806917728,0.0010842186169065,-0.00130470799061618));
#3750=CARTESIAN_POINT('',(-0.00208636236591521,0.00127502214391041,-0.00137734965716505));
#3751=CARTESIAN_POINT('',(-0.0113059813210204,8.08622768358869E-5,-0.00533149007020916));
#3752=CARTESIAN_POINT('',(-0.00829105296874826,8.08622768358869E-5,-0.00390975938482005));
#3753=CARTESIAN_POINT('',(-0.00527612461647617,8.08622768358869E-5,-0.00248802869943094));
#3754=CARTESIAN_POINT('',(-0.00226119626420407,8.08622768358869E-5,-0.00106629801404183));
#3755=CARTESIAN_POINT('',(-0.00226119626420407,8.08622768358865E-5,-0.00106629801404183));
#3756=CARTESIAN_POINT('',(-0.0113059811465566,8.08623066116194E-5,-0.00533149044017774));
#3757=CARTESIAN_POINT('',(-0.00226119626420407,8.0862276835887E-5,-0.00106629801404183));
#3758=CARTESIAN_POINT('',(-0.0022338984720287,0.000495375600665085,-0.00112418583233945));
#3759=CARTESIAN_POINT('',(-0.00218227030406266,0.000893428889689928,-0.00123207157784624));
#3760=CARTESIAN_POINT('',(-0.00208636236591521,0.00127502214391041,-0.00137734965716505));
#3761=CARTESIAN_POINT('',(-0.00208636236591521,0.00127502214391041,-0.00137734965716505));
#3762=CARTESIAN_POINT('',(-0.00208636236591521,0.00127502214391041,-0.00137734965716505));
#3763=CARTESIAN_POINT('',(-0.00486817885380215,0.00127502214391041,-0.00321381586671846));
#3764=CARTESIAN_POINT('',(-0.0076499953416891,0.00127502214391041,-0.00505028207627186));
#3765=CARTESIAN_POINT('',(-0.010431811829576,0.00127502214391041,-0.00688674828582527));
#3766=CARTESIAN_POINT('',(-0.0104318125830171,0.00127502154436024,-0.00688674714453826));
#3767=CARTESIAN_POINT('',(-0.0113059812497271,8.08624933516389E-5,-0.005331490221394));
#3768=CARTESIAN_POINT('',(-0.0111694923393533,0.000495375522186032,-0.00562092919575233));
#3769=CARTESIAN_POINT('',(-0.0109113517008312,0.000893428539188926,-0.00616035744294603));
#3770=CARTESIAN_POINT('',(-0.010431812583017,0.00127502154436032,-0.0068867471445384));
#3771=CARTESIAN_POINT('',(-0.0102456516264378,0.00129913772316411,-0.00716076970371702));
#3772=CARTESIAN_POINT('',(-0.0103089117855208,0.00129109919662513,-0.00707025687079342));
#3773=CARTESIAN_POINT('',(-0.0103709724491531,0.00128306067044939,-0.00697890570788561));
#3774=CARTESIAN_POINT('',(-0.010431811829576,0.00127502214391041,-0.00688674828582527));
#3775=CARTESIAN_POINT('',(-0.00204913032528757,0.00129913772316411,-0.0014321539407434));
#3776=CARTESIAN_POINT('',(-0.00206178235708278,0.00129109919663872,-0.00141405137418928));
#3777=CARTESIAN_POINT('',(-0.00207419448985118,0.00128306067043581,-0.00139578114154597));
#3778=CARTESIAN_POINT('',(-0.00208636236591521,0.00127502214391041,-0.00137734965716505));
#3779=CARTESIAN_POINT('',(-0.00204913032528757,0.00129913772316411,-0.0014321539407434));
#3780=CARTESIAN_POINT('',(-0.00206178235691359,0.00129109919674621,-0.00141405137443135));
#3781=CARTESIAN_POINT('',(-0.0020741944900139,0.00128306067032831,-0.0013957811412995));
#3782=CARTESIAN_POINT('',(-0.00208636236591521,0.00127502214391041,-0.00137734965716505));
#3783=CARTESIAN_POINT('',(-0.00204913032528757,0.00129913772316411,-0.0014321539407434));
#3784=CARTESIAN_POINT('',(-0.00204913032528757,0.00129913772316411,-0.0014321539407434));
#3785=CARTESIAN_POINT('',(-0.00478130409233766,0.00129913772316411,-0.00334169252840128));
#3786=CARTESIAN_POINT('',(-0.00751347785938775,0.00129913772316411,-0.00525123111605915));
#3787=CARTESIAN_POINT('',(-0.0102456516264378,0.00129913772316411,-0.00716076970371702));
#3788=CARTESIAN_POINT('',(-0.0102456524374905,0.00129913712010266,-0.00716076854326021));
#3789=CARTESIAN_POINT('',(-0.0102456524582311,0.00129913761746738,-0.00716076851358454));
#3790=CARTESIAN_POINT('',(-0.0103089123285828,0.00129109912628172,-0.00707025607138683));
#3791=CARTESIAN_POINT('',(-0.0103709727167238,0.00128306063509607,-0.00697890530257859));
#3792=CARTESIAN_POINT('',(-0.010431811829576,0.00127502214391041,-0.00688674828582527));
#3793=CARTESIAN_POINT('',(-0.0111888725514673,0.000100405687938132,-0.00557307195602407));
#3794=CARTESIAN_POINT('',(-0.0111142183564084,0.000308843358335533,-0.00572295271847208));
#3795=CARTESIAN_POINT('',(-0.0110056666155848,0.000512991912846519,-0.00593466173269736));
#3796=CARTESIAN_POINT('',(-0.0106999552120687,0.000912569257921846,-0.0064696109616162));
#3797=CARTESIAN_POINT('',(-0.0105027305618185,0.00110798570256778,-0.00679294036114805));
#3798=CARTESIAN_POINT('',(-0.0102456516264378,0.00129913772316411,-0.00716076970371702));
#3799=CARTESIAN_POINT('',(-0.00223777451029346,0.000100405687938132,-0.00111461439120481));
#3800=CARTESIAN_POINT('',(-0.00222284208997991,0.000308865433642619,-0.00114459371842176));
#3801=CARTESIAN_POINT('',(-0.00220113332311696,0.000512991912846519,-0.00118693234653947));
#3802=CARTESIAN_POINT('',(-0.00213999104241374,0.000912569257921846,-0.00129392219232324));
#3803=CARTESIAN_POINT('',(-0.00210053850950046,0.00110801396825727,-0.00135859895043006));
#3804=CARTESIAN_POINT('',(-0.00204913032528757,0.00129913772316411,-0.0014321539407434));
#3805=CARTESIAN_POINT('',(-0.00223777451029346,0.000100405687938132,-0.00111461439120481));
#3806=CARTESIAN_POINT('',(-0.0022079094528518,0.000517328206124206,-0.00117457348093013));
#3807=CARTESIAN_POINT('',(-0.00215194256816144,0.000916905551199533,-0.00128504986296925));
#3808=CARTESIAN_POINT('',(-0.00204913032528757,0.00129913772316411,-0.0014321539407434));
#3809=CARTESIAN_POINT('',(-0.00223777451029346,0.000100405687938131,-0.00111461439120481));
#3810=CARTESIAN_POINT('',(-0.00223777451029346,0.000100405687938132,-0.00111461439120481));
#3811=CARTESIAN_POINT('',(-0.00522147385735141,0.000100405687938132,-0.00260076691281123));
#3812=CARTESIAN_POINT('',(-0.00820517320440935,0.000100405687938132,-0.00408691943441765));
#3813=CARTESIAN_POINT('',(-0.0111888725514673,0.000100405687938132,-0.00557307195602407));
#3814=CARTESIAN_POINT('',(-0.0111888723612641,0.000100406218993178,-0.00557307233788866));
#3815=CARTESIAN_POINT('',(-0.0111888723612641,0.000100406218993247,-0.0055730723378887));
#3816=CARTESIAN_POINT('',(-0.0110395470992898,0.000517328326167497,-0.00587286771021578));
#3817=CARTESIAN_POINT('',(-0.0107597129104935,0.000916905293203995,-0.00642524903771801));
#3818=CARTESIAN_POINT('',(-0.0102456524374904,0.00129913712010274,-0.00716076854326036));
#3819=CARTESIAN_POINT('',(-0.0111888725514673,0.000100405687938131,-0.00557307195602407));
#3820=CARTESIAN_POINT('',(-0.0112287720915186,9.38912175283776E-5,-0.00549296696688726));
#3821=CARTESIAN_POINT('',(-0.0112678113488277,8.73767472456408E-5,-0.00541243348132904));
#3822=CARTESIAN_POINT('',(-0.0113059813210204,8.08622768358869E-5,-0.00533149007020916));
#3823=CARTESIAN_POINT('',(-0.00223777451029346,0.000100405687938131,-0.00111461439120481));
#3824=CARTESIAN_POINT('',(-0.00224575441829789,9.38912175331294E-5,-0.00109859339338914));
#3825=CARTESIAN_POINT('',(-0.0022535622697711,8.73767472408892E-5,-0.001082486696254));
#3826=CARTESIAN_POINT('',(-0.00226119626420407,8.08622768358869E-5,-0.00106629801404183));
#3827=CARTESIAN_POINT('',(-0.00223777451029346,0.000100405687938132,-0.00111461439120481));
#3828=CARTESIAN_POINT('',(-0.00224575441825185,9.38912175707167E-5,-0.00109859339348158));
#3829=CARTESIAN_POINT('',(-0.00225356226981515,8.73767472033018E-5,-0.00108248669616059));
#3830=CARTESIAN_POINT('',(-0.00226119626420407,8.0862276835887E-5,-0.00106629801404183));
#3831=CARTESIAN_POINT('',(-0.0111888725514673,0.000100405687938132,-0.00557307195602407));
#3832=CARTESIAN_POINT('',(-0.0112287720304696,9.38912274959608E-5,-0.00549296708945334));
#3833=CARTESIAN_POINT('',(-0.0112678112301178,8.73767670537902E-5,-0.00541243372619963));
#3834=CARTESIAN_POINT('',(-0.0113059811465566,8.08623066116195E-5,-0.00533149044017773));
#3835=CARTESIAN_POINT('',(0.,0.0005,0.));
#3836=CARTESIAN_POINT('',(0.,0.0005,0.));
#3837=CARTESIAN_POINT('',(0.,0.,0.));
#3838=CARTESIAN_POINT('',(0.0102701965013358,8.08622768358869E-5,-0.0071255220036114));
#3839=CARTESIAN_POINT('',(0.0103613957270672,0.000288097721733181,-0.00699407423479433));
#3840=CARTESIAN_POINT('',(0.0104898310545931,0.000491260591963996,-0.00680455815094127));
#3841=CARTESIAN_POINT('',(0.0108017707811272,0.000889313880988838,-0.00629764362086599));
#3842=CARTESIAN_POINT('',(0.0109853192584503,0.00108419191981175,-0.00598015282654578));
#3843=CARTESIAN_POINT('',(0.0111800048797816,0.00127502214391041,-0.00559083990899926));
#3844=CARTESIAN_POINT('',(0.00205403930026715,8.08622768358869E-5,-0.00142510440072228));
#3845=CARTESIAN_POINT('',(0.00207228089639151,0.000288117615801088,-0.00139881232322955));
#3846=CARTESIAN_POINT('',(0.00209796621091863,0.000491260591963996,-0.00136091163018825));
#3847=CARTESIAN_POINT('',(0.00216035415622545,0.000889313880988838,-0.0012595287241732));
#3848=CARTESIAN_POINT('',(0.0021970692989828,0.0010842186169065,-0.00119601967235559));
#3849=CARTESIAN_POINT('',(0.00223600097595633,0.00127502214391041,-0.00111816798179985));
#3850=CARTESIAN_POINT('',(0.0102701965013358,8.08622768358869E-5,-0.0071255220036114));
#3851=CARTESIAN_POINT('',(0.00753147743431291,8.08622768358869E-5,-0.00522538280264836));
#3852=CARTESIAN_POINT('',(0.00479275836729003,8.08622768358869E-5,-0.00332524360168532));
#3853=CARTESIAN_POINT('',(0.00205403930026715,8.08622768358869E-5,-0.00142510440072228));
#3854=CARTESIAN_POINT('',(0.00205403930026715,8.08622768358865E-5,-0.00142510440072228));
#3855=CARTESIAN_POINT('',(0.0102701967345061,8.08623066116195E-5,-0.00712552166753708));
#3856=CARTESIAN_POINT('',(0.00205403930026716,8.0862276835887E-5,-0.00142510440072228));
#3857=CARTESIAN_POINT('',(0.00209052272539487,0.000495375600665085,-0.00137251991008237));
#3858=CARTESIAN_POINT('',(0.00215814043772695,0.000893428889689928,-0.00127386573231953));
#3859=CARTESIAN_POINT('',(0.00223600097595633,0.00127502214391041,-0.00111816798179985));
#3860=CARTESIAN_POINT('',(0.00223600097595633,0.00127502214391041,-0.00111816798179985));
#3861=CARTESIAN_POINT('',(0.00223600097595633,0.00127502214391041,-0.00111816798179985));
#3862=CARTESIAN_POINT('',(0.00521733561056477,0.00127502214391041,-0.00260905862419965));
#3863=CARTESIAN_POINT('',(0.0081986702451732,0.00127502214391041,-0.00409994926659946));
#3864=CARTESIAN_POINT('',(0.0111800048797816,0.00127502214391041,-0.00559083990899926));
#3865=CARTESIAN_POINT('',(0.0111800042681186,0.00127502154436024,-0.00559084113214186));
#3866=CARTESIAN_POINT('',(0.0102701965966191,8.08624933516389E-5,-0.00712552186627718));
#3867=CARTESIAN_POINT('',(0.0104526136460718,0.000495375522186032,-0.00686259951537946));
#3868=CARTESIAN_POINT('',(0.0107907018923994,0.000893428539188926,-0.00636932904107339));
#3869=CARTESIAN_POINT('',(0.0111800042681187,0.00127502154436032,-0.0055908411321417));
#3870=CARTESIAN_POINT('',(0.0113242342872878,0.00129913772316411,-0.00529260973496203));
#3871=CARTESIAN_POINT('',(0.011277477954149,0.00129109919662513,-0.00539265105623711));
#3872=CARTESIAN_POINT('',(0.0112293958582217,0.00128306067044939,-0.00549207274897231));
#3873=CARTESIAN_POINT('',(0.0111800048797816,0.00127502214391041,-0.00559083990899926));
#3874=CARTESIAN_POINT('',(0.00226484685745757,0.00129913772316411,-0.0010585219469924));
#3875=CARTESIAN_POINT('',(0.00225549559084559,0.00129109919663872,-0.00107853021121361));
#3876=CARTESIAN_POINT('',(0.00224587917162765,0.00128306067043581,-0.00109841454982784));
#3877=CARTESIAN_POINT('',(0.00223600097595633,0.00127502214391041,-0.00111816798179985));
#3878=CARTESIAN_POINT('',(0.00226484685745757,0.00129913772316411,-0.0010585219469924));
#3879=CARTESIAN_POINT('',(0.00225549559097064,0.00129109919674621,-0.00107853021094605));
#3880=CARTESIAN_POINT('',(0.00224587917149555,0.00128306067032831,-0.00109841455009199));
#3881=CARTESIAN_POINT('',(0.00223600097595633,0.00127502214391041,-0.00111816798179985));
#3882=CARTESIAN_POINT('',(0.00226484685745757,0.00129913772316411,-0.0010585219469924));
#3883=CARTESIAN_POINT('',(0.00226484685745757,0.00129913772316411,-0.0010585219469924));
#3884=CARTESIAN_POINT('',(0.00528464266740098,0.00129913772316411,-0.00246988454298228));
#3885=CARTESIAN_POINT('',(0.0083044384773444,0.00129913772316411,-0.00388124713897216));
#3886=CARTESIAN_POINT('',(0.0113242342872878,0.00129913772316411,-0.00529260973496203));
#3887=CARTESIAN_POINT('',(0.0113242336878291,0.00129913712010266,-0.00529261101758264));
#3888=CARTESIAN_POINT('',(0.0113242336724995,0.00129913761746738,-0.00529261105038232));
#3889=CARTESIAN_POINT('',(0.0112774775333736,0.00129109912628172,-0.00539265192624592));
#3890=CARTESIAN_POINT('',(0.0112293956410009,0.00128306063509607,-0.00549207318334886));
#3891=CARTESIAN_POINT('',(0.0111800048797816,0.00127502214391041,-0.00559083990899925));
#3892=CARTESIAN_POINT('',(0.0104208581667691,0.000100405687938132,-0.00690331189126505));
#3893=CARTESIAN_POINT('',(0.0105133316170582,0.000308843358335533,-0.00676371908062095));
#3894=CARTESIAN_POINT('',(0.0106424011311757,0.000512991912846519,-0.00656385600833007));
#3895=CARTESIAN_POINT('',(0.0109528250513962,0.000912569257921846,-0.00603162755219909));
#3896=CARTESIAN_POINT('',(0.0111342242000561,0.00110798570256778,-0.00569916129506404));
#3897=CARTESIAN_POINT('',(0.0113242342872878,0.00129913772316411,-0.00529260973496203));
#3898=CARTESIAN_POINT('',(0.00208417163335383,0.000100405687938132,-0.00138066237825301));
#3899=CARTESIAN_POINT('',(0.00210266828215529,0.000308865433642619,-0.00135274085931302));
#3900=CARTESIAN_POINT('',(0.00212848022623513,0.000512991912846519,-0.00131277120166601));
#3901=CARTESIAN_POINT('',(0.00219056501027925,0.000912569257921846,-0.00120632551043982));
#3902=CARTESIAN_POINT('',(0.00222685045937754,0.00110801396825727,-0.00113982023563987));
#3903=CARTESIAN_POINT('',(0.00226484685745757,0.00129913772316411,-0.00105852194699241));
#3904=CARTESIAN_POINT('',(0.00208417163335382,0.000100405687938132,-0.00138066237825301));
#3905=CARTESIAN_POINT('',(0.00212116519952291,0.000517328206124206,-0.00132481893496039));
#3906=CARTESIAN_POINT('',(0.0021888571105418,0.000916905551199533,-0.0012211120000283));
#3907=CARTESIAN_POINT('',(0.00226484685745757,0.00129913772316411,-0.0010585219469924));
#3908=CARTESIAN_POINT('',(0.00208417163335383,0.000100405687938131,-0.00138066237825301));
#3909=CARTESIAN_POINT('',(0.00208417163335383,0.000100405687938132,-0.00138066237825301));
#3910=CARTESIAN_POINT('',(0.00486306714449226,0.000100405687938132,-0.00322154554925702));
#3911=CARTESIAN_POINT('',(0.00764196265563069,0.000100405687938132,-0.00506242872026104));
#3912=CARTESIAN_POINT('',(0.0104208581667691,0.000100405687938132,-0.00690331189126505));
#3913=CARTESIAN_POINT('',(0.010420858402372,0.000100406218993178,-0.00690331153561199));
#3914=CARTESIAN_POINT('',(0.010420858402372,0.000100406218993247,-0.00690331153561195));
#3915=CARTESIAN_POINT('',(0.0106058261797571,0.000517328326167497,-0.00662409437915187));
#3916=CARTESIAN_POINT('',(0.0109442853475521,0.000916905293203995,-0.0061055601990558));
#3917=CARTESIAN_POINT('',(0.0113242336878292,0.00129913712010274,-0.00529261101758246));
#3918=CARTESIAN_POINT('',(0.0104208581667691,0.000100405687938131,-0.00690331189126505));
#3919=CARTESIAN_POINT('',(0.0103714349812324,9.38912175283777E-5,-0.00697791840111718));
#3920=CARTESIAN_POINT('',(0.0103212105655382,8.73767472456409E-5,-0.00705199413247084));
#3921=CARTESIAN_POINT('',(0.0102701965013358,8.08622768358869E-5,-0.0071255220036114));
#3922=CARTESIAN_POINT('',(0.00208417163335383,0.000100405687938131,-0.00138066237825301));
#3923=CARTESIAN_POINT('',(0.00207428699625369,9.38912175331294E-5,-0.00139558368021255));
#3924=CARTESIAN_POINT('',(0.0020642421131002,8.73767472408892E-5,-0.00141039882650489));
#3925=CARTESIAN_POINT('',(0.00205403930026715,8.08622768358869E-5,-0.00142510440072228));
#3926=CARTESIAN_POINT('',(0.00208417163335382,0.000100405687938132,-0.00138066237825301));
#3927=CARTESIAN_POINT('',(0.00207428699631072,9.38912175707167E-5,-0.00139558368012646));
#3928=CARTESIAN_POINT('',(0.00206424211304133,8.73767472033018E-5,-0.00141039882658974));
#3929=CARTESIAN_POINT('',(0.00205403930026716,8.0862276835887E-5,-0.00142510440072228));
#3930=CARTESIAN_POINT('',(0.0104208581667691,0.000100405687938132,-0.00690331189126505));
#3931=CARTESIAN_POINT('',(0.0103714350568532,9.38912274959608E-5,-0.00697791828696414));
#3932=CARTESIAN_POINT('',(0.0103212107182475,8.73767670537902E-5,-0.00705199390722982));
#3933=CARTESIAN_POINT('',(0.0102701967345061,8.08623066116195E-5,-0.00712552166753707));
#3934=CARTESIAN_POINT('',(0.,0.0005,0.));
#3935=CARTESIAN_POINT('',(0.,0.0005,0.));
#3936=CARTESIAN_POINT('',(0.,0.,0.));
#3937=CARTESIAN_POINT('',(0.0060129597907785,8.08622768358868E-5,0.0109587551553304));
#3938=CARTESIAN_POINT('',(0.0058726991916757,0.000288097721733181,0.0110357147488866));
#3939=CARTESIAN_POINT('',(0.00567079614934382,0.000491260591963996,0.0111436366692402));
#3940=CARTESIAN_POINT('',(0.0051340519698569,0.000889313880988837,0.0114008805604767));
#3941=CARTESIAN_POINT('',(0.00479911438305789,0.00108419191981174,0.0115502367152041));
#3942=CARTESIAN_POINT('',(0.00439158397359009,0.00127502214391041,0.0117031615473301));
#3943=CARTESIAN_POINT('',(0.0012025919581557,8.08622768358868E-5,0.00219175103106609));
#3944=CARTESIAN_POINT('',(0.00117453714540403,0.000288117615801087,0.00220714442736179));
#3945=CARTESIAN_POINT('',(0.00113415922986876,0.000491260591963996,0.00222872733384805));
#3946=CARTESIAN_POINT('',(0.00102681039397138,0.000889313880988837,0.00228017611209535));
#3947=CARTESIAN_POINT('',(0.000959811473933611,0.0010842186169065,0.00231005162186904));
#3948=CARTESIAN_POINT('',(0.000878316794718018,0.00127502214391041,0.00234063230946603));
#3949=CARTESIAN_POINT('',(0.0060129597907785,8.08622768358868E-5,0.0109587551553304));
#3950=CARTESIAN_POINT('',(0.0044095038465709,8.08622768358868E-5,0.00803642044724231));
#3951=CARTESIAN_POINT('',(0.0028060479023633,8.08622768358868E-5,0.0051140857391542));
#3952=CARTESIAN_POINT('',(0.0012025919581557,8.08622768358868E-5,0.00219175103106609));
#3953=CARTESIAN_POINT('',(0.0012025919581557,8.08622768358864E-5,0.00219175103106609));
#3954=CARTESIAN_POINT('',(0.00601295943217229,8.08623066116194E-5,0.0109587553520941));
#3955=CARTESIAN_POINT('',(0.0012025919581557,8.0862276835887E-5,0.00219175103106609));
#3956=CARTESIAN_POINT('',(0.00114648197449418,0.000495375600665085,0.00222253802017532));
#3957=CARTESIAN_POINT('',(0.00104130025907974,0.000893428889689928,0.00227947314600781));
#3958=CARTESIAN_POINT('',(0.00087831679471802,0.00127502214391041,0.00234063230946603));
#3959=CARTESIAN_POINT('',(0.000878316794718018,0.00127502214391041,0.00234063230946603));
#3960=CARTESIAN_POINT('',(0.000878316794718018,0.00127502214391041,0.00234063230946603));
#3961=CARTESIAN_POINT('',(0.00204940585434204,0.00127502214391041,0.00546147538875407));
#3962=CARTESIAN_POINT('',(0.00322049491396607,0.00127502214391041,0.0085823184680421));
#3963=CARTESIAN_POINT('',(0.00439158397359009,0.00127502214391041,0.0117031615473301));
#3964=CARTESIAN_POINT('',(0.00439158525396839,0.00127502154436024,0.0117031610668711));
#3965=CARTESIAN_POINT('',(0.0060129596442368,8.08624933516389E-5,0.0109587552357364));
#3966=CARTESIAN_POINT('',(0.0057324098356342,0.000495375522186032,0.0111126901162076));
#3967=CARTESIAN_POINT('',(0.00520650170376063,0.000893428539188926,0.0113973654750925));
#3968=CARTESIAN_POINT('',(0.00439158525396822,0.00127502154436032,0.0117031610668712));
#3969=CARTESIAN_POINT('',(0.00407991145732595,0.00129913772316411,0.0118154273092589));
#3970=CARTESIAN_POINT('',(0.00418429210942662,0.00129109919662513,0.0117793842777813));
#3971=CARTESIAN_POINT('',(0.00428819510732433,0.00128306067044939,0.0117419579773635));
#3972=CARTESIAN_POINT('',(0.00439158397359009,0.00127502214391041,0.0117031615473301));
#3973=CARTESIAN_POINT('',(0.00081598229146519,0.00129913772316411,0.00236308546185177));
#3974=CARTESIAN_POINT('',(0.000836858421850046,0.00129109919663872,0.00235587685556844));
#3975=CARTESIAN_POINT('',(0.000857639021499809,0.00128306067043581,0.00234839159545959));
#3976=CARTESIAN_POINT('',(0.000878316794718018,0.00127502214391041,0.00234063230946603));
#3977=CARTESIAN_POINT('',(0.00081598229146519,0.00129913772316411,0.00236308546185178));
#3978=CARTESIAN_POINT('',(0.000836858421570882,0.00129109919674621,0.00235587685566484));
#3979=CARTESIAN_POINT('',(0.000857639021776319,0.00128306067032831,0.00234839159535583));
#3980=CARTESIAN_POINT('',(0.000878316794718018,0.00127502214391041,0.00234063230946603));
#3981=CARTESIAN_POINT('',(0.00081598229146519,0.00129913772316411,0.00236308546185177));
#3982=CARTESIAN_POINT('',(0.00081598229146519,0.00129913772316411,0.00236308546185177));
#3983=CARTESIAN_POINT('',(0.00190395868008544,0.00129913772316411,0.00551386607765414));
#3984=CARTESIAN_POINT('',(0.0029919350687057,0.00129913772316411,0.00866464669345651));
#3985=CARTESIAN_POINT('',(0.00407991145732595,0.00129913772316411,0.0118154273092589));
#3986=CARTESIAN_POINT('',(0.00407991279558074,0.00129913712010266,0.0118154268471544));
#3987=CARTESIAN_POINT('',(0.00407991282980312,0.00129913761746738,0.0118154268353373));
#3988=CARTESIAN_POINT('',(0.00418429301865245,0.00129109912628172,0.0117793839502517));
#3989=CARTESIAN_POINT('',(0.00428819556202707,0.00128306063509607,0.0117419578067374));
#3990=CARTESIAN_POINT('',(0.00439158397359009,0.00127502214391041,0.0117031615473302));
#3991=CARTESIAN_POINT('',(0.00577621853631672,0.000100405687938132,0.0110853641988304));
#3992=CARTESIAN_POINT('',(0.00562772432204338,0.000308843358335533,0.0111627396479033));
#3993=CARTESIAN_POINT('',(0.00541546468260913,0.000512991912846519,0.0112702107259072));
#3994=CARTESIAN_POINT('',(0.00485370369430664,0.000912569257921845,0.0115233010887859));
#3995=CARTESIAN_POINT('',(0.00450409734786722,0.00110798570256778,0.0116689543269826));
#3996=CARTESIAN_POINT('',(0.00407991145732596,0.00129913772316411,0.0118154273092589));
#3997=CARTESIAN_POINT('',(0.00115524370726334,0.000100405687938132,0.00221707283976609));
#3998=CARTESIAN_POINT('',(0.00112554171905076,0.000308865433642619,0.00223254956852319));
#3999=CARTESIAN_POINT('',(0.00108309293652182,0.000512991912846519,0.00225404214518144));
#4000=CARTESIAN_POINT('',(0.000970740738861329,0.000912569257921845,0.00230466021775718));
#4001=CARTESIAN_POINT('',(0.000900806924682078,0.00110801396825726,0.00233379519719467));
#4002=CARTESIAN_POINT('',(0.000815982291465191,0.00129913772316411,0.00236308546185177));
#4003=CARTESIAN_POINT('',(0.00115524370726334,0.000100405687938132,0.00221707283976609));
#4004=CARTESIAN_POINT('',(0.00109583929957364,0.000517328206124206,0.00224802652199805));
#4005=CARTESIAN_POINT('',(0.000985624750647684,0.000916905551199533,0.00230450728310701));
#4006=CARTESIAN_POINT('',(0.00081598229146519,0.00129913772316411,0.00236308546185178));
#4007=CARTESIAN_POINT('',(0.00115524370726334,0.000100405687938131,0.00221707283976609));
#4008=CARTESIAN_POINT('',(0.00115524370726334,0.000100405687938132,0.00221707283976609));
#4009=CARTESIAN_POINT('',(0.00269556865028114,0.000100405687938132,0.0051731699594542));
#4010=CARTESIAN_POINT('',(0.00423589359329893,0.000100405687938132,0.00812926707914231));
#4011=CARTESIAN_POINT('',(0.00577621853631672,0.000100405687938132,0.0110853641988304));
#4012=CARTESIAN_POINT('',(0.00577621815798476,0.000100406218993178,0.0110853643959668));
#4013=CARTESIAN_POINT('',(0.00577621815798471,0.000100406218993247,0.0110853643959668));
#4014=CARTESIAN_POINT('',(0.0054791961847986,0.000517328326167497,0.0112401327602311));
#4015=CARTESIAN_POINT('',(0.00492812397250776,0.000916905293203995,0.0115225362322942));
#4016=CARTESIAN_POINT('',(0.00407991279558056,0.00129913712010274,0.0118154268471545));
#4017=CARTESIAN_POINT('',(0.00577621853631672,0.000100405687938131,0.0110853641988304));
#4018=CARTESIAN_POINT('',(0.00585558247353561,9.38912175283776E-5,0.0110440102624999));
#4019=CARTESIAN_POINT('',(0.00593450229127328,8.73767472456408E-5,0.0110018040037738));
#4020=CARTESIAN_POINT('',(0.0060129597907785,8.08622768358868E-5,0.0109587551553304));
#4021=CARTESIAN_POINT('',(0.00115524370726334,0.000100405687938131,0.00221707283976609));
#4022=CARTESIAN_POINT('',(0.00117111649469554,9.38912175331293E-5,0.00220880205250602));
#4023=CARTESIAN_POINT('',(0.0011869004582661,8.73767472408891E-5,0.00220036080074848));
#4024=CARTESIAN_POINT('',(0.0012025919581557,8.08622768358868E-5,0.00219175103106609));
#4025=CARTESIAN_POINT('',(0.00115524370726334,0.000100405687938132,0.00221707283976609));
#4026=CARTESIAN_POINT('',(0.00117111649460396,9.38912175707167E-5,0.00220880205255374));
#4027=CARTESIAN_POINT('',(0.00118690045835664,8.73767472033018E-5,0.00220036080069881));
#4028=CARTESIAN_POINT('',(0.0012025919581557,8.0862276835887E-5,0.00219175103106609));
#4029=CARTESIAN_POINT('',(0.00577621853631672,0.000100405687938132,0.0110853641988304));
#4030=CARTESIAN_POINT('',(0.00585558235210339,9.38912274959608E-5,0.0110440103257743));
#4031=CARTESIAN_POINT('',(0.00593450205130369,8.73767670537902E-5,0.0110018041321024));
#4032=CARTESIAN_POINT('',(0.00601295943217229,8.08623066116195E-5,0.0109587553520941));
#4033=CARTESIAN_POINT('',(0.,0.0005,0.));
#4034=CARTESIAN_POINT('',(0.,0.0005,0.));
#4035=CARTESIAN_POINT('',(0.,0.,0.));
#4036=CARTESIAN_POINT('',(0.00856428873911632,8.08622768358869E-5,-0.0091051061714318));
#4037=CARTESIAN_POINT('',(0.0086808245708233,0.000288097721733181,-0.00899549223696466));
#4038=CARTESIAN_POINT('',(0.00884585588772328,0.000491260591963996,-0.00883682074034997));
#4039=CARTESIAN_POINT('',(0.00925637243985419,0.000889313880988838,-0.00840583942495666));
#4040=CARTESIAN_POINT('',(0.00950191999043226,0.00108419191981175,-0.00813344844050453));
#4041=CARTESIAN_POINT('',(0.0097732939707792,0.00127502214391041,-0.00779312036098064));
#4042=CARTESIAN_POINT('',(0.00171285774782327,8.08622768358869E-5,-0.00182102123428636));
#4043=CARTESIAN_POINT('',(0.00173616715159248,0.000288117615801088,-0.00179909634286196));
#4044=CARTESIAN_POINT('',(0.00176917117754466,0.000491260591963996,-0.00176736414807));
#4045=CARTESIAN_POINT('',(0.00185127448797084,0.000889313880988838,-0.00168116788499134));
#4046=CARTESIAN_POINT('',(0.00190039159111518,0.0010842186169065,-0.00162668016574036));
#4047=CARTESIAN_POINT('',(0.00195465879415584,0.00127502214391041,-0.00155862407219613));
#4048=CARTESIAN_POINT('',(0.00856428873911632,8.08622768358869E-5,-0.0091051061714318));
#4049=CARTESIAN_POINT('',(0.0062804784086853,8.08622768358869E-5,-0.00667707785904999));
#4050=CARTESIAN_POINT('',(0.00399666807825428,8.08622768358869E-5,-0.00424904954666817));
#4051=CARTESIAN_POINT('',(0.00171285774782327,8.08622768358869E-5,-0.00182102123428636));
#4052=CARTESIAN_POINT('',(0.00171285774782327,8.08622768358865E-5,-0.00182102123428636));
#4053=CARTESIAN_POINT('',(0.00856428903706509,8.08623066116195E-5,-0.00910510589118034));
#4054=CARTESIAN_POINT('',(0.00171285774782326,8.0862276835887E-5,-0.00182102123428636));
#4055=CARTESIAN_POINT('',(0.00175947685293822,0.000495375600665085,-0.00177717117153625));
#4056=CARTESIAN_POINT('',(0.00184612831292786,0.000893428889689928,-0.00169473133715536));
#4057=CARTESIAN_POINT('',(0.00195465879415584,0.00127502214391041,-0.00155862407219613));
#4058=CARTESIAN_POINT('',(0.00195465879415584,0.00127502214391041,-0.00155862407219613));
#4059=CARTESIAN_POINT('',(0.00195465879415584,0.00127502214391041,-0.00155862407219613));
#4060=CARTESIAN_POINT('',(0.00456087051969696,0.00127502214391041,-0.00363678950179097));
#4061=CARTESIAN_POINT('',(0.00716708224523808,0.00127502214391041,-0.0057149549313858));
#4062=CARTESIAN_POINT('',(0.0097732939707792,0.00127502214391041,-0.00779312036098064));
#4063=CARTESIAN_POINT('',(0.00977329311817685,0.00127502154436024,-0.00779312143022275));
#4064=CARTESIAN_POINT('',(0.00856428886087082,8.08624933516389E-5,-0.00910510605690917));
#4065=CARTESIAN_POINT('',(0.00879738429065488,0.000495375522186032,-0.00888585582738497));
#4066=CARTESIAN_POINT('',(0.00923064119598001,0.000893428539188926,-0.00847365699536925));
#4067=CARTESIAN_POINT('',(0.00977329311817696,0.00127502154436032,-0.00779312143022261));
#4068=CARTESIAN_POINT('',(0.00997637715942359,0.00129913772316411,-0.00753139421175995));
#4069=CARTESIAN_POINT('',(0.00990984280408676,0.00129109919662513,-0.00761952820186007));
#4070=CARTESIAN_POINT('',(0.00984214048507672,0.00128306067044939,-0.00770678046220761));
#4071=CARTESIAN_POINT('',(0.0097732939707792,0.00127502214391041,-0.00779312036098064));
#4072=CARTESIAN_POINT('',(0.00199527543188472,0.00129913772316411,-0.00150627884235199));
#4073=CARTESIAN_POINT('',(0.00198196856083984,0.00129109919663872,-0.00152390564034222));
#4074=CARTESIAN_POINT('',(0.00196842809699207,0.00128306067043581,-0.00154135609247071));
#4075=CARTESIAN_POINT('',(0.00195465879415584,0.00127502214391041,-0.00155862407219613));
#4076=CARTESIAN_POINT('',(0.00199527543188472,0.00129913772316411,-0.00150627884235199));
#4077=CARTESIAN_POINT('',(0.00198196856101778,0.00129109919674621,-0.00152390564010651));
#4078=CARTESIAN_POINT('',(0.00196842809680795,0.00128306067032831,-0.00154135609270162));
#4079=CARTESIAN_POINT('',(0.00195465879415584,0.00127502214391041,-0.00155862407219613));
#4080=CARTESIAN_POINT('',(0.00199527543188472,0.00129913772316411,-0.00150627884235199));
#4081=CARTESIAN_POINT('',(0.00199527543188472,0.00129913772316411,-0.00150627884235199));
#4082=CARTESIAN_POINT('',(0.00465564267439768,0.00129913772316411,-0.00351465063215464));
#4083=CARTESIAN_POINT('',(0.00731600991691063,0.00129913772316411,-0.0055230224219573));
#4084=CARTESIAN_POINT('',(0.00997637715942359,0.00129913772316411,-0.00753139421175995));
#4085=CARTESIAN_POINT('',(0.00997637630639263,0.00129913712010266,-0.00753139534171775));
#4086=CARTESIAN_POINT('',(0.00997637628457858,0.00129913761746738,-0.00753139537061347));
#4087=CARTESIAN_POINT('',(0.00990984221162131,0.00129109912628172,-0.00761952896537298));
#4088=CARTESIAN_POINT('',(0.00984214018229074,0.00128306063509607,-0.00770678084192924));
#4089=CARTESIAN_POINT('',(0.0097732939707792,0.00127502214391041,-0.00779312036098063));
#4090=CARTESIAN_POINT('',(0.00875785816585723,0.000100405687938132,-0.00891907620478309));
#4091=CARTESIAN_POINT('',(0.00887733382667611,0.000308843358335534,-0.00880176014337724));
#4092=CARTESIAN_POINT('',(0.00904513673153002,0.000512991912846519,-0.00863309961965381));
#4093=CARTESIAN_POINT('',(0.00945943366251965,0.000912569257921846,-0.00817704239437037));
#4094=CARTESIAN_POINT('',(0.00970599242621726,0.00110798570256778,-0.00788955632633955));
#4095=CARTESIAN_POINT('',(0.00997637715942359,0.00129913772316411,-0.00753139421175995));
#4096=CARTESIAN_POINT('',(0.00175157163317145,0.000100405687938132,-0.00178381524095662));
#4097=CARTESIAN_POINT('',(0.00177546929603123,0.000308865433642619,-0.0017603495437234));
#4098=CARTESIAN_POINT('',(0.00180902734630601,0.000512991912846519,-0.00172661992393076));
#4099=CARTESIAN_POINT('',(0.00189188673250393,0.000912569257921846,-0.00163540847887407));
#4100=CARTESIAN_POINT('',(0.00194120648161293,0.00110801396825727,-0.00157790067296647));
#4101=CARTESIAN_POINT('',(0.00199527543188472,0.00129913772316411,-0.00150627884235199));
#4102=CARTESIAN_POINT('',(0.00175157163317144,0.000100405687938132,-0.00178381524095662));
#4103=CARTESIAN_POINT('',(0.00179936730587838,0.000517328206124206,-0.00173688350577483));
#4104=CARTESIAN_POINT('',(0.00188714187042185,0.000916905551199533,-0.00164951675586617));
#4105=CARTESIAN_POINT('',(0.00199527543188472,0.00129913772316411,-0.00150627884235199));
#4106=CARTESIAN_POINT('',(0.00175157163317145,0.000100405687938131,-0.00178381524095662));
#4107=CARTESIAN_POINT('',(0.00175157163317145,0.000100405687938132,-0.00178381524095662));
#4108=CARTESIAN_POINT('',(0.00408700047740004,0.000100405687938132,-0.00416223556223211));
#4109=CARTESIAN_POINT('',(0.00642242932162863,0.000100405687938132,-0.0065406558835076));
#4110=CARTESIAN_POINT('',(0.00875785816585723,0.000100405687938132,-0.00891907620478309));
#4111=CARTESIAN_POINT('',(0.00875785847025602,0.000100406218993178,-0.00891907590588649));
#4112=CARTESIAN_POINT('',(0.00875785847025606,0.000100406218993247,-0.00891907590588645));
#4113=CARTESIAN_POINT('',(0.0089968367690233,0.000517328326167497,-0.00868441727755425));
#4114=CARTESIAN_POINT('',(0.0094357091100789,0.000916905293203995,-0.00824758393124383));
#4115=CARTESIAN_POINT('',(0.00997637630639275,0.00129913712010274,-0.00753139534171759));
#4116=CARTESIAN_POINT('',(0.00875785816585723,0.000100405687938131,-0.00891907620478309));
#4117=CARTESIAN_POINT('',(0.0086940034298945,9.38912175283777E-5,-0.00898177672532354));
#4118=CARTESIAN_POINT('',(0.00862947532763068,8.73767472456409E-5,-0.00904379148103241));
#4119=CARTESIAN_POINT('',(0.00856428873911632,8.08622768358869E-5,-0.0091051061714318));
#4120=CARTESIAN_POINT('',(0.00175157163317145,0.000100405687938131,-0.00178381524095662));
#4121=CARTESIAN_POINT('',(0.00173880068598821,9.38912175331294E-5,-0.00179635534505556));
#4122=CARTESIAN_POINT('',(0.00172589506551662,8.73767472408892E-5,-0.00180875829621542));
#4123=CARTESIAN_POINT('',(0.00171285774782327,8.08622768358869E-5,-0.00182102123428636));
#4124=CARTESIAN_POINT('',(0.00175157163317144,0.000100405687938132,-0.00178381524095662));
#4125=CARTESIAN_POINT('',(0.0017388006860619,9.38912175707167E-5,-0.00179635534498321));
#4126=CARTESIAN_POINT('',(0.0017258950654414,8.73767472033018E-5,-0.00180875829628618));
#4127=CARTESIAN_POINT('',(0.00171285774782326,8.0862276835887E-5,-0.00182102123428636));
#4128=CARTESIAN_POINT('',(0.00875785816585722,0.000100405687938132,-0.00891907620478309));
#4129=CARTESIAN_POINT('',(0.00869400352759659,9.38912274959608E-5,-0.00898177662938747));
#4130=CARTESIAN_POINT('',(0.00862947552383311,8.73767670537902E-5,-0.00904379129246348));
#4131=CARTESIAN_POINT('',(0.00856428903706508,8.08623066116195E-5,-0.00910510589118033));
#4132=CARTESIAN_POINT('',(0.,0.0005,0.));
#4133=CARTESIAN_POINT('',(0.,0.0005,0.));
#4134=CARTESIAN_POINT('',(0.,0.,0.));
#4135=CARTESIAN_POINT('',(0.00360310887905623,8.08622768358868E-5,0.0119694446991356));
#4136=CARTESIAN_POINT('',(0.00344991251134545,0.000288097721733181,0.0120155607226115));
#4137=CARTESIAN_POINT('',(0.00322998330597063,0.000491260591963996,0.0120791462871595));
#4138=CARTESIAN_POINT('',(0.00265148426221813,0.000889313880988837,0.0122191733922822));
#4139=CARTESIAN_POINT('',(0.00229281297463171,0.00108419191981174,0.0122956283166938));
#4140=CARTESIAN_POINT('',(0.00186239322196937,0.00127502214391041,0.0123604810378384));
#4141=CARTESIAN_POINT('',(0.000720621775811247,8.08622768358868E-5,0.00239388893982713));
#4142=CARTESIAN_POINT('',(0.000689979560977898,0.000288117615801087,0.00240311302992614));
#4143=CARTESIAN_POINT('',(0.000645996661194127,0.000491260591963996,0.0024158292574319));
#4144=CARTESIAN_POINT('',(0.000530296852443628,0.000889313880988837,0.00244383467845645));
#4145=CARTESIAN_POINT('',(0.000458550551805838,0.0010842186169065,0.00245912747791426));
#4146=CARTESIAN_POINT('',(0.000372478644393875,0.00127502214391041,0.00247209620756768));
#4147=CARTESIAN_POINT('',(0.00360310887905623,8.08622768358868E-5,0.0119694446991356));
#4148=CARTESIAN_POINT('',(0.00264227984464124,8.08622768358868E-5,0.00877759277936614));
#4149=CARTESIAN_POINT('',(0.00168145081022624,8.08622768358868E-5,0.00558574085959663));
#4150=CARTESIAN_POINT('',(0.000720621775811247,8.08622768358868E-5,0.00239388893982713));
#4151=CARTESIAN_POINT('',(0.000720621775811247,8.08622768358864E-5,0.00239388893982713));
#4152=CARTESIAN_POINT('',(0.00360310848737697,8.08623066116194E-5,0.0119694448170411));
#4153=CARTESIAN_POINT('',(0.000720621775811247,8.0862276835887E-5,0.00239388893982713));
#4154=CARTESIAN_POINT('',(0.00065933695495463,0.000495375600665085,0.00241233723778332));
#4155=CARTESIAN_POINT('',(0.000544616234102176,0.000893428889689928,0.00244615968621892));
#4156=CARTESIAN_POINT('',(0.000372478644393876,0.00127502214391041,0.00247209620756768));
#4157=CARTESIAN_POINT('',(0.000372478644393875,0.00127502214391041,0.00247209620756768));
#4158=CARTESIAN_POINT('',(0.000372478644393875,0.00127502214391041,0.00247209620756768));
#4159=CARTESIAN_POINT('',(0.00086911683691904,0.00127502214391041,0.00576822448432459));
#4160=CARTESIAN_POINT('',(0.0013657550294442,0.00127502214391041,0.00906435276108149));
#4161=CARTESIAN_POINT('',(0.00186239322196937,0.00127502214391041,0.0123604810378384));
#4162=CARTESIAN_POINT('',(0.00186239457426138,0.00127502154436024,0.0123604808340842));
#4163=CARTESIAN_POINT('',(0.00360310871899948,8.08624933516389E-5,0.0119694447473168));
#4164=CARTESIAN_POINT('',(0.00329668473555393,0.000495375522186032,0.0120616861962538));
#4165=CARTESIAN_POINT('',(0.00272308162295548,0.000893428539188926,0.0122307982666225));
#4166=CARTESIAN_POINT('',(0.00186239457426121,0.00127502154436032,0.0123604808340842));
#4167=CARTESIAN_POINT('',(0.00153419013358739,0.00129913772316411,0.0124054931636756));
#4168=CARTESIAN_POINT('',(0.00164378358561939,0.00129109919662513,0.0123919397167796));
#4169=CARTESIAN_POINT('',(0.00175319741912299,0.00128306067044939,0.0123769339187955));
#4170=CARTESIAN_POINT('',(0.00186239322196937,0.00127502214391041,0.0123604810378384));
#4171=CARTESIAN_POINT('',(0.000306838026717477,0.00129913772316411,0.00248109863273513));
#4172=CARTESIAN_POINT('',(0.000328756717086838,0.00129109919663872,0.0024783879433605));
#4173=CARTESIAN_POINT('',(0.000350639483861504,0.00128306067043581,0.00247538678375355));
#4174=CARTESIAN_POINT('',(0.000372478644393875,0.00127502214391041,0.00247209620756768));
#4175=CARTESIAN_POINT('',(0.000306838026717477,0.00129913772316411,0.00248109863273513));
#4176=CARTESIAN_POINT('',(0.000328756716793732,0.00129109919674621,0.00247838794339675));
#4177=CARTESIAN_POINT('',(0.000350639484153545,0.00128306067032831,0.00247538678370955));
#4178=CARTESIAN_POINT('',(0.000372478644393874,0.00127502214391041,0.00247209620756768));
#4179=CARTESIAN_POINT('',(0.000306838026717477,0.00129913772316411,0.00248109863273513));
#4180=CARTESIAN_POINT('',(0.000306838026717477,0.00129913772316411,0.00248109863273513));
#4181=CARTESIAN_POINT('',(0.000715955395674113,0.00129913772316411,0.00578923014304863));
#4182=CARTESIAN_POINT('',(0.00112507276463075,0.00129913772316411,0.00909736165336214));
#4183=CARTESIAN_POINT('',(0.00153419013358739,0.00129913772316411,0.0124054931636756));
#4184=CARTESIAN_POINT('',(0.00153419153867502,0.00129913712010266,0.0124054929899081));
#4185=CARTESIAN_POINT('',(0.00153419157460648,0.00129913761746738,0.0124054929854644));
#4186=CARTESIAN_POINT('',(0.00164378454307369,0.00129109912628172,0.0123919395854459));
#4187=CARTESIAN_POINT('',(0.00175319789936456,0.00128306063509607,0.012376933846436));
#4188=CARTESIAN_POINT('',(0.00186239322196937,0.00127502214391041,0.0123604810378384));
#4189=CARTESIAN_POINT('',(0.00334521748870283,0.000100405687938132,0.0120440657567649));
#4190=CARTESIAN_POINT('',(0.00318388096884398,0.000308843358335533,0.0120888766834651));
#4191=CARTESIAN_POINT('',(0.00295391521825695,0.000512991912846519,0.0121498680000356));
#4192=CARTESIAN_POINT('',(0.00235180961008723,0.000912569257921845,0.0122806310543409));
#4193=CARTESIAN_POINT('',(0.00197955999008964,0.00110798570256778,0.0123504141732133));
#4194=CARTESIAN_POINT('',(0.00153419013358739,0.00129913772316411,0.0124054931636756));
#4195=CARTESIAN_POINT('',(0.000669043497740566,0.000100405687938132,0.00240881315135298));
#4196=CARTESIAN_POINT('',(0.000636772776389189,0.000308865433642619,0.00241777628586402));
#4197=CARTESIAN_POINT('',(0.00059078304365139,0.000512991912846519,0.00242997360000713));
#4198=CARTESIAN_POINT('',(0.000470361922017446,0.000912569257921845,0.00245612621086817));
#4199=CARTESIAN_POINT('',(0.00039589882663106,0.00110801396825726,0.00247008446355104));
#4200=CARTESIAN_POINT('',(0.000306838026717477,0.00129913772316411,0.00248109863273513));
#4201=CARTESIAN_POINT('',(0.000669043497740566,0.000100405687938132,0.00240881315135298));
#4202=CARTESIAN_POINT('',(0.000604501586475982,0.000517328206124206,0.00242673955051726));
#4203=CARTESIAN_POINT('',(0.000484952479337266,0.000916905551199533,0.00245907117826369));
#4204=CARTESIAN_POINT('',(0.000306838026717477,0.00129913772316411,0.00248109863273513));
#4205=CARTESIAN_POINT('',(0.000669043497740566,0.000100405687938131,0.00240881315135298));
#4206=CARTESIAN_POINT('',(0.000669043497740566,0.000100405687938132,0.00240881315135298));
#4207=CARTESIAN_POINT('',(0.00156110149472799,0.000100405687938132,0.00562056401982362));
#4208=CARTESIAN_POINT('',(0.00245315949171541,0.000100405687938132,0.00883231488829426));
#4209=CARTESIAN_POINT('',(0.00334521748870283,0.000100405687938132,0.0120440657567649));
#4210=CARTESIAN_POINT('',(0.00334521707765138,0.000100406218993178,0.0120440658709337));
#4211=CARTESIAN_POINT('',(0.00334521707765133,0.000100406218993247,0.0120440658709337));
#4212=CARTESIAN_POINT('',(0.00302250759491482,0.000517328326167497,0.0121336978344532));
#4213=CARTESIAN_POINT('',(0.00242476264926203,0.000916905293203995,0.0122953557576705));
#4214=CARTESIAN_POINT('',(0.00153419153867483,0.00129913712010274,0.0124054929899081));
#4215=CARTESIAN_POINT('',(0.00334521748870283,0.000100405687938131,0.0120440657567649));
#4216=CARTESIAN_POINT('',(0.00343144510030272,9.38912175283776E-5,0.0120201161935395));
#4217=CARTESIAN_POINT('',(0.003517415505288,8.73767472456408E-5,0.0119952405955754));
#4218=CARTESIAN_POINT('',(0.00360310887905623,8.08622768358868E-5,0.0119694446991356));
#4219=CARTESIAN_POINT('',(0.000669043497740566,0.000100405687938131,0.00240881315135298));
#4220=CARTESIAN_POINT('',(0.000686289020047966,9.38912175331293E-5,0.00240402323871138));
#4221=CARTESIAN_POINT('',(0.000703483101070103,8.73767472408891E-5,0.00239904811911132));
#4222=CARTESIAN_POINT('',(0.000720621775811247,8.08622768358868E-5,0.00239388893982713));
#4223=CARTESIAN_POINT('',(0.000669043497740566,0.000100405687938132,0.00240881315135298));
#4224=CARTESIAN_POINT('',(0.000686289019948463,9.38912175707167E-5,0.00240402323873902));
#4225=CARTESIAN_POINT('',(0.00070348310116899,8.73767472033018E-5,0.00239904811908155));
#4226=CARTESIAN_POINT('',(0.000720621775811247,8.0862276835887E-5,0.00239388893982713));
#4227=CARTESIAN_POINT('',(0.00334521748870283,0.000100405687938132,0.0120440657567649));
#4228=CARTESIAN_POINT('',(0.00343144496836861,9.38912274959608E-5,0.0120201162301839));
#4229=CARTESIAN_POINT('',(0.00351741524388132,8.73767670537902E-5,0.0119952406712073));
#4230=CARTESIAN_POINT('',(0.00360310848737697,8.08623066116195E-5,0.0119694448170411));
#4231=CARTESIAN_POINT('',(0.,0.0005,0.));
#4232=CARTESIAN_POINT('',(0.,0.0005,0.));
#4233=CARTESIAN_POINT('',(0.,0.,0.));
#4234=CARTESIAN_POINT('',(0.,0.001,-1.53080849893419E-19));
#4235=CARTESIAN_POINT('',(0.,0.0012,-1.53080849893419E-19));
#4236=CARTESIAN_POINT('',(0.0025,0.0012,-1.53080849893419E-19));
#4237=CARTESIAN_POINT('',(0.,0.,-1.53080849893419E-19));
#4238=CARTESIAN_POINT('',(0.0025,0.,-1.53080849893419E-19));
#4239=CARTESIAN_POINT('',(0.,0.,0.));
#4240=CARTESIAN_POINT('',(0.,0.0013,0.));
#4241=CARTESIAN_POINT('',(0.,0.0013,-1.53080849893419E-19));
#4242=CARTESIAN_POINT('',(0.0024,0.0013,-1.53080849893419E-19));
#4243=CARTESIAN_POINT('',(0.,0.0013,-1.53080849893419E-19));
#4244=CARTESIAN_POINT('',(0.,0.,0.));
#4245=CARTESIAN_POINT('',(0.00648408046298059,8.08622768358869E-5,-0.0106867535084137));
#4246=CARTESIAN_POINT('',(0.00662085972561654,0.000288097721733181,-0.0106037640632188));
#4247=CARTESIAN_POINT('',(0.00681527437143394,0.000491260591963996,-0.0104828718596348));
#4248=CARTESIAN_POINT('',(0.00730642620595659,0.000889313880988838,-0.010146659710484));
#4249=CARTESIAN_POINT('',(0.00760324122356154,0.00108419191981175,-0.00993127332899746));
#4250=CARTESIAN_POINT('',(0.00793944321778606,0.00127502214391041,-0.00965480405764669));
#4251=CARTESIAN_POINT('',(0.00129681609259612,8.08622768358869E-5,-0.00213735070168275));
#4252=CARTESIAN_POINT('',(0.00132417457121455,0.000288117615801088,-0.00212075121928924));
#4253=CARTESIAN_POINT('',(0.00136305487428679,0.000491260591963996,-0.00209657437192697));
#4254=CARTESIAN_POINT('',(0.00146128524119132,0.000889313880988838,-0.00202933194209679));
#4255=CARTESIAN_POINT('',(0.00152065765162522,0.0010842186169065,-0.00198624693020481));
#4256=CARTESIAN_POINT('',(0.00158788864355722,0.00127502214391041,-0.00193096081152934));
#4257=CARTESIAN_POINT('',(0.00648408046298059,8.08622768358869E-5,-0.0106867535084137));
#4258=CARTESIAN_POINT('',(0.0047549923395191,8.08622768358869E-5,-0.00783695257283674));
#4259=CARTESIAN_POINT('',(0.00302590421605761,8.08622768358869E-5,-0.00498715163725975));
#4260=CARTESIAN_POINT('',(0.00129681609259612,8.08622768358869E-5,-0.00213735070168275));
#4261=CARTESIAN_POINT('',(0.00129681609259612,8.08622768358865E-5,-0.00213735070168275));
#4262=CARTESIAN_POINT('',(0.00648408081268601,8.08623066116195E-5,-0.0106867532962335));
#4263=CARTESIAN_POINT('',(0.00129681609259612,8.0862276835887E-5,-0.00213735070168275));
#4264=CARTESIAN_POINT('',(0.00135153339910151,0.000495375600665085,-0.00210415152498056));
#4265=CARTESIAN_POINT('',(0.00145343152214733,0.000893428889689928,-0.00204152905033428));
#4266=CARTESIAN_POINT('',(0.00158788864355721,0.00127502214391041,-0.00193096081152934));
#4267=CARTESIAN_POINT('',(0.00158788864355722,0.00127502214391041,-0.00193096081152934));
#4268=CARTESIAN_POINT('',(0.00158788864355722,0.00127502214391041,-0.00193096081152934));
#4269=CARTESIAN_POINT('',(0.0037050735016335,0.00127502214391041,-0.00450557522690179));
#4270=CARTESIAN_POINT('',(0.00582225835970978,0.00127502214391041,-0.00708018964227424));
#4271=CARTESIAN_POINT('',(0.00793944321778606,0.00127502214391041,-0.00965480405764669));
#4272=CARTESIAN_POINT('',(0.00793944216150718,0.00127502154436024,-0.0096548049262573));
#4273=CARTESIAN_POINT('',(0.00648408060588505,8.08624933516389E-5,-0.0106867534217079));
#4274=CARTESIAN_POINT('',(0.0067576670272029,0.000495375522186032,-0.0105207576006668));
#4275=CARTESIAN_POINT('',(0.00726715718576553,0.000893428539188926,-0.0102076454778499));
#4276=CARTESIAN_POINT('',(0.00793944216150732,0.00127502154436032,-0.00965480492625719));
#4277=CARTESIAN_POINT('',(0.00819250447772364,0.00129913772316411,-0.00944102062186489));
#4278=CARTESIAN_POINT('',(0.00810909997078431,0.00129109919662513,-0.00951339540250888));
#4279=CARTESIAN_POINT('',(0.008024736344904,0.00128306067044939,-0.00958466488800875));
#4280=CARTESIAN_POINT('',(0.00793944321778606,0.00127502214391041,-0.00965480405764669));
#4281=CARTESIAN_POINT('',(0.00163850089554473,0.00129913772316411,-0.00188820412437298));
#4282=CARTESIAN_POINT('',(0.00162181999418505,0.00129109919663872,-0.00190267908047731));
#4283=CARTESIAN_POINT('',(0.00160494726895198,0.00128306067043581,-0.00191693297762546));
#4284=CARTESIAN_POINT('',(0.00158788864355722,0.00127502214391041,-0.00193096081152934));
#4285=CARTESIAN_POINT('',(0.00163850089554473,0.00129913772316411,-0.00188820412437298));
#4286=CARTESIAN_POINT('',(0.00162181999440812,0.00129109919674621,-0.00190267908028375));
#4287=CARTESIAN_POINT('',(0.00160494726872386,0.00128306067032831,-0.00191693297781304));
#4288=CARTESIAN_POINT('',(0.00158788864355721,0.00127502214391041,-0.00193096081152934));
#4289=CARTESIAN_POINT('',(0.00163850089554473,0.00129913772316411,-0.00188820412437298));
#4290=CARTESIAN_POINT('',(0.00163850089554473,0.00129913772316411,-0.00188820412437298));
#4291=CARTESIAN_POINT('',(0.00382316875627103,0.00129913772316411,-0.00440580962353695));
#4292=CARTESIAN_POINT('',(0.00600783661699734,0.00129913772316411,-0.00692341512270092));
#4293=CARTESIAN_POINT('',(0.00819250447772364,0.00129913772316411,-0.00944102062186489));
#4294=CARTESIAN_POINT('',(0.00819250340840201,0.00129913712010266,-0.00944102154977529));
#4295=CARTESIAN_POINT('',(0.0081925033810569,0.00129913761746738,-0.00944102157350418));
#4296=CARTESIAN_POINT('',(0.0081090992325224,0.00129109912628172,-0.00951339602615671));
#4297=CARTESIAN_POINT('',(0.00802473596978606,0.00128306063509607,-0.00958466519647982));
#4298=CARTESIAN_POINT('',(0.00793944321778607,0.00127502214391041,-0.00965480405764669));
#4299=CARTESIAN_POINT('',(0.00671209773823133,0.000100405687938132,-0.010545034089676));
#4300=CARTESIAN_POINT('',(0.00685335394989438,0.000308843358335534,-0.0104551220523368));
#4301=CARTESIAN_POINT('',(0.00705255645333493,0.000512991912846519,-0.0103250353513905));
#4302=CARTESIAN_POINT('',(0.00755261963119216,0.000912569257921846,-0.00996508124610487));
#4303=CARTESIAN_POINT('',(0.00785356220883371,0.00110798570256778,-0.00973513988786244));
#4304=CARTESIAN_POINT('',(0.00819250447772364,0.00129913772316411,-0.0094410206218649));
#4305=CARTESIAN_POINT('',(0.00134241954764627,0.000100405687938132,-0.00210900681793521));
#4306=CARTESIAN_POINT('',(0.00137067378202369,0.000308865433642619,-0.00209102250597876));
#4307=CARTESIAN_POINT('',(0.00141051129066699,0.000512991912846519,-0.0020650070702781));
#4308=CARTESIAN_POINT('',(0.00151052392623843,0.000912569257921846,-0.00199301624922098));
#4309=CARTESIAN_POINT('',(0.00157072246565966,0.00110801396825727,-0.00194701927927695));
#4310=CARTESIAN_POINT('',(0.00163850089554473,0.00129913772316411,-0.00188820412437298));
#4311=CARTESIAN_POINT('',(0.00134241954764627,0.000100405687938132,-0.00210900681793521));
#4312=CARTESIAN_POINT('',(0.00139892842664467,0.000517328206124206,-0.00207303793289514));
#4313=CARTESIAN_POINT('',(0.00150294947505308,0.000916905551199533,-0.0020058297142131));
#4314=CARTESIAN_POINT('',(0.00163850089554473,0.00129913772316411,-0.00188820412437298));
#4315=CARTESIAN_POINT('',(0.00134241954764627,0.000100405687938131,-0.00210900681793521));
#4316=CARTESIAN_POINT('',(0.00134241954764627,0.000100405687938132,-0.00210900681793521));
#4317=CARTESIAN_POINT('',(0.00313231227784129,0.000100405687938132,-0.00492101590851549));
#4318=CARTESIAN_POINT('',(0.00492220500803631,0.000100405687938132,-0.00773302499909576));
#4319=CARTESIAN_POINT('',(0.00671209773823133,0.000100405687938132,-0.010545034089676));
#4320=CARTESIAN_POINT('',(0.00671209809812238,0.000100406218993178,-0.0105450338605991));
#4321=CARTESIAN_POINT('',(0.00671209809812242,0.000100406218993247,-0.0105450338605991));
#4322=CARTESIAN_POINT('',(0.00699464241987057,0.000517328326167497,-0.0103651894684699));
#4323=CARTESIAN_POINT('',(0.00751474710693951,0.000916905293203995,-0.0100291486693379));
#4324=CARTESIAN_POINT('',(0.00819250340840216,0.00129913712010274,-0.00944102154977517));
#4325=CARTESIAN_POINT('',(0.00671209773823133,0.000100405687938131,-0.010545034089676));
#4326=CARTESIAN_POINT('',(0.00663660221021318,9.38912175283777E-5,-0.0105930883072867));
#4327=CARTESIAN_POINT('',(0.00656059060908883,8.73767472456409E-5,-0.0106403317449465));
#4328=CARTESIAN_POINT('',(0.00648408046298059,8.08622768358869E-5,-0.0106867535084137));
#4329=CARTESIAN_POINT('',(0.00134241954764627,0.000100405687938131,-0.00210900681793521));
#4330=CARTESIAN_POINT('',(0.00132732044205365,9.38912175331294E-5,-0.00211861766145034));
#4331=CARTESIAN_POINT('',(0.0013121181218066,8.73767472408892E-5,-0.00212806634899608));
#4332=CARTESIAN_POINT('',(0.00129681609259612,8.08622768358869E-5,-0.00213735070168275));
#4333=CARTESIAN_POINT('',(0.00134241954764627,0.000100405687938132,-0.00210900681793521));
#4334=CARTESIAN_POINT('',(0.00132732044214077,9.38912175707167E-5,-0.00211861766139488));
#4335=CARTESIAN_POINT('',(0.00131211812171831,8.73767472033018E-5,-0.00212806634904964));
#4336=CARTESIAN_POINT('',(0.00129681609259612,8.0862276835887E-5,-0.00213735070168275));
#4337=CARTESIAN_POINT('',(0.00671209773823133,0.000100405687938132,-0.010545034089676));
#4338=CARTESIAN_POINT('',(0.00663660232572648,9.38912274959608E-5,-0.0105930882337605));
#4339=CARTESIAN_POINT('',(0.00656059084020945,8.73767670537902E-5,-0.010640331601291));
#4340=CARTESIAN_POINT('',(0.00648408081268601,8.08623066116195E-5,-0.0106867532962335));
#4341=CARTESIAN_POINT('',(0.,0.0005,0.));
#4342=CARTESIAN_POINT('',(0.,0.0005,0.));
#4343=CARTESIAN_POINT('',(0.,0.,0.));
#4344=CARTESIAN_POINT('',(0.00103578481968458,8.08622768358868E-5,0.0124570120738206));
#4345=CARTESIAN_POINT('',(0.000876348099752483,0.000288097721733181,0.0124702690357009));
#4346=CARTESIAN_POINT('',(0.000648004692947035,0.000491260591963996,0.0124867392501552));
#4347=CARTESIAN_POINT('',(5.30339690873538E-5,0.000889313880988838,0.0125034297127457));
#4348=CARTESIAN_POINT('',(-0.000313695362923174,0.00108419191981174,0.0125036419597733));
#4349=CARTESIAN_POINT('',(-0.000748193050205584,0.00127502214391041,0.0124775881948245));
#4350=CARTESIAN_POINT('',(0.000207156963936916,8.08622768358868E-5,0.00249140241476411));
#4351=CARTESIAN_POINT('',(0.000175266558847764,0.000288117615801087,0.00249405406166701));
#4352=CARTESIAN_POINT('',(0.000129600938589407,0.000491260591963996,0.00249734785003105));
#4353=CARTESIAN_POINT('',(1.06067938174705E-5,0.000889313880988838,0.00250068594254913));
#4354=CARTESIAN_POINT('',(-6.27512298055203E-5,0.0010842186169065,0.00250072766297178));
#4355=CARTESIAN_POINT('',(-0.000149638610041117,0.00127502214391041,0.00249551763896491));
#4356=CARTESIAN_POINT('',(0.00103578481968458,8.08622768358868E-5,0.0124570120738206));
#4357=CARTESIAN_POINT('',(0.000759575534435356,8.08622768358868E-5,0.00913514218746841));
#4358=CARTESIAN_POINT('',(0.000483366249186136,8.08622768358868E-5,0.00581327230111626));
#4359=CARTESIAN_POINT('',(0.000207156963936916,8.08622768358868E-5,0.00249140241476411));
#4360=CARTESIAN_POINT('',(0.000207156963936916,8.08622768358865E-5,0.00249140241476411));
#4361=CARTESIAN_POINT('',(0.00103578441205052,8.08623066116194E-5,0.0124570121077148));
#4362=CARTESIAN_POINT('',(0.000207156963936916,8.0862276835887E-5,0.00249140241476411));
#4363=CARTESIAN_POINT('',(0.000143375746633833,0.000495375600665085,0.00249670574242182));
#4364=CARTESIAN_POINT('',(2.41298663357112E-5,0.000893428889689928,0.00250593731016578));
#4365=CARTESIAN_POINT('',(-0.000149638610041115,0.00127502214391041,0.00249551763896491));
#4366=CARTESIAN_POINT('',(-0.000149638610041117,0.00127502214391041,0.00249551763896491));
#4367=CARTESIAN_POINT('',(-0.000149638610041117,0.00127502214391041,0.00249551763896491));
#4368=CARTESIAN_POINT('',(-0.000349156756762606,0.00127502214391041,0.00582287449091811));
#4369=CARTESIAN_POINT('',(-0.000548674903484095,0.00127502214391041,0.00915023134287131));
#4370=CARTESIAN_POINT('',(-0.000748193050205584,0.00127502214391041,0.0124775881948245));
#4371=CARTESIAN_POINT('',(-0.000748191685101513,0.00127502154436024,0.0124775882766801));
#4372=CARTESIAN_POINT('',(0.00103578465310802,8.08624933516389E-5,0.0124570120876712));
#4373=CARTESIAN_POINT('',(0.000716878693281497,0.000495375522186032,0.0124835287111318));
#4374=CARTESIAN_POINT('',(0.000120649808431823,0.000893428539188926,0.0125296864840194));
#4375=CARTESIAN_POINT('',(-0.000748191685101682,0.00127502154436032,0.0124775882766801));
#4376=CARTESIAN_POINT('',(-0.00107858266084997,0.00129913772316411,0.012453379438679));
#4377=CARTESIAN_POINT('',(-0.00096856616862816,0.00129109919662513,0.0124629079270305));
#4378=CARTESIAN_POINT('',(-0.000858423409068599,0.00128306067044939,0.0124709784568579));
#4379=CARTESIAN_POINT('',(-0.000748193050205584,0.00127502214391041,0.0124775881948245));
#4380=CARTESIAN_POINT('',(-0.000215716532169995,0.00129913772316411,0.00249067588773581));
#4381=CARTESIAN_POINT('',(-0.000193713233762817,0.00129109919663872,0.00249258158540289));
#4382=CARTESIAN_POINT('',(-0.000171684681776463,0.00128306067043581,0.00249419569137382));
#4383=CARTESIAN_POINT('',(-0.000149638610041117,0.00127502214391041,0.00249551763896491));
#4384=CARTESIAN_POINT('',(-0.000215716532169994,0.00129913772316411,0.00249067588773581));
#4385=CARTESIAN_POINT('',(-0.000193713234057053,0.00129109919674621,0.0024925815853774));
#4386=CARTESIAN_POINT('',(-0.000171684681481655,0.00128306067032831,0.0024941956913915));
#4387=CARTESIAN_POINT('',(-0.000149638610041117,0.00127502214391041,0.00249551763896491));
#4388=CARTESIAN_POINT('',(-0.000215716532169995,0.00129913772316411,0.00249067588773581));
#4389=CARTESIAN_POINT('',(-0.000215716532169995,0.00129913772316411,0.00249067588773581));
#4390=CARTESIAN_POINT('',(-0.000503338575063321,0.00129913772316411,0.00581157707138355));
#4391=CARTESIAN_POINT('',(-0.000790960617956647,0.00129913772316411,0.0091324782550313));
#4392=CARTESIAN_POINT('',(-0.00107858266084997,0.00129913772316411,0.012453379438679));
#4393=CARTESIAN_POINT('',(-0.00107858125033856,0.00129913712010266,0.0124533795608428));
#4394=CARTESIAN_POINT('',(-0.0010785812142684,0.00129913761746738,0.0124533795639669));
#4395=CARTESIAN_POINT('',(-0.000968565204790727,0.00129109912628172,0.0124629079976328));
#4396=CARTESIAN_POINT('',(-0.00085842292427706,0.00128306063509607,0.0124709784859275));
#4397=CARTESIAN_POINT('',(-0.000748193050205585,0.00127502214391041,0.0124775881948245));
#4398=CARTESIAN_POINT('',(0.000768014384698179,0.000100405687938132,0.0124763838472891));
#4399=CARTESIAN_POINT('',(0.000600886739350163,0.000308843358335533,0.012486671799093));
#4400=CARTESIAN_POINT('',(0.00036326548440912,0.000512991912846519,0.0124985177410274));
#4401=CARTESIAN_POINT('',(-0.000252869839327554,0.000912569257921845,0.0125012385138153));
#4402=CARTESIAN_POINT('',(-0.000631493638237573,0.00110798570256778,0.0124921016562121));
#4403=CARTESIAN_POINT('',(-0.00107858266084997,0.00129913772316411,0.012453379438679));
#4404=CARTESIAN_POINT('',(0.000153602876939636,0.000100405687938132,0.00249527676945782));
#4405=CARTESIAN_POINT('',(0.000120173807824621,0.000308865433642619,0.00249733457773478));
#4406=CARTESIAN_POINT('',(7.2653096881824E-5,0.000512991912846519,0.00249970354820548));
#4407=CARTESIAN_POINT('',(-5.0573967865511E-5,0.000912569257921845,0.00250024770276306));
#4408=CARTESIAN_POINT('',(-0.000126311949877072,0.00110801396825726,0.00249841918606993));
#4409=CARTESIAN_POINT('',(-0.000215716532169994,0.00129913772316411,0.00249067588773581));
#4410=CARTESIAN_POINT('',(0.000153602876939637,0.000100405687938132,0.00249527676945782));
#4411=CARTESIAN_POINT('',(8.67442533288902E-5,0.000517328206124206,0.00249939241589053));
#4412=CARTESIAN_POINT('',(-3.69145423803643E-5,0.000916905551199533,0.00250616186299756));
#4413=CARTESIAN_POINT('',(-0.000215716532169994,0.00129913772316411,0.00249067588773581));
#4414=CARTESIAN_POINT('',(0.000153602876939636,0.000100405687938131,0.00249527676945782));
#4415=CARTESIAN_POINT('',(0.000153602876939636,0.000100405687938132,0.00249527676945782));
#4416=CARTESIAN_POINT('',(0.00035840671285915,0.000100405687938132,0.00582231246206826));
#4417=CARTESIAN_POINT('',(0.000563210548778665,0.000100405687938132,0.00914934815467869));
#4418=CARTESIAN_POINT('',(0.000768014384698179,0.000100405687938132,0.0124763838472891));
#4419=CARTESIAN_POINT('',(0.000768013958892168,0.000100406218993178,0.0124763838735006));
#4420=CARTESIAN_POINT('',(0.000768013958892118,0.000100406218993247,0.0124763838735007));
#4421=CARTESIAN_POINT('',(0.000433720919532687,0.000517328326167497,0.0124969620893677));
#4422=CARTESIAN_POINT('',(-0.000184572437058538,0.000916905293203995,0.0125308092367738));
#4423=CARTESIAN_POINT('',(-0.00107858125033875,0.00129913712010274,0.0124533795608428));
#4424=CARTESIAN_POINT('',(0.000768014384698178,0.000100405687938131,0.0124763838472891));
#4425=CARTESIAN_POINT('',(0.000857337110286172,9.38912175283776E-5,0.0124708853680044));
#4426=CARTESIAN_POINT('',(0.000946600783289447,8.73767472456408E-5,0.0124644276137999));
#4427=CARTESIAN_POINT('',(0.00103578481968458,8.08622768358868E-5,0.0124570120738206));
#4428=CARTESIAN_POINT('',(0.000153602876939636,0.000100405687938131,0.00249527676945782));
#4429=CARTESIAN_POINT('',(0.000171467422044204,9.38912175331293E-5,0.00249417707360169));
#4430=CARTESIAN_POINT('',(0.0001893201566709,8.73767472408892E-5,0.0024928855227589));
#4431=CARTESIAN_POINT('',(0.000207156963936916,8.08622768358868E-5,0.00249140241476411));
#4432=CARTESIAN_POINT('',(0.000153602876939637,0.000100405687938132,0.00249527676945782));
#4433=CARTESIAN_POINT('',(0.00017146742194113,9.38912175707167E-5,0.00249417707360804));
#4434=CARTESIAN_POINT('',(0.000189320156773816,8.73767472033018E-5,0.00249288552275034));
#4435=CARTESIAN_POINT('',(0.000207156963936916,8.0862276835887E-5,0.00249140241476411));
#4436=CARTESIAN_POINT('',(0.000768014384698184,0.000100405687938132,0.0124763838472891));
#4437=CARTESIAN_POINT('',(0.000857336973616327,9.38912274959608E-5,0.0124708853764175));
#4438=CARTESIAN_POINT('',(0.00094660051187038,8.73767670537902E-5,0.0124644276334295));
#4439=CARTESIAN_POINT('',(0.00103578441205052,8.08623066116195E-5,0.0124570121077148));
#4440=CARTESIAN_POINT('',(0.,0.0005,0.));
#4441=CARTESIAN_POINT('',(0.,0.0005,0.));
#4442=CARTESIAN_POINT('',(0.,0.,0.));
#4443=CARTESIAN_POINT('',(-0.00995043938802201,8.08622768358869E-5,-0.00756562991331853));
#4444=CARTESIAN_POINT('',(-0.00985360724156093,0.000288097721733181,-0.00769298512566865));
#4445=CARTESIAN_POINT('',(-0.00971305543395335,0.000491260591963996,-0.00787369807145265));
#4446=CARTESIAN_POINT('',(-0.00932734574364027,0.000889313880988838,-0.00832701558555306));
#4447=CARTESIAN_POINT('',(-0.00908211365362277,0.00108419191981175,-0.00859969061196975));
#4448=CARTESIAN_POINT('',(-0.00877201623206412,0.00127502214391041,-0.00890515194841749));
#4449=CARTESIAN_POINT('',(-0.00199008787760441,8.08622768358869E-5,-0.0015131259826637));
#4450=CARTESIAN_POINT('',(-0.00197071958918495,0.000288117615801088,-0.00153859947028807));
#4451=CARTESIAN_POINT('',(-0.00194261108679067,0.000491260591963996,-0.00157473961429053));
#4452=CARTESIAN_POINT('',(-0.00186546914872806,0.000889313880988838,-0.00166540311711062));
#4453=CARTESIAN_POINT('',(-0.00181641405421612,0.0010842186169065,-0.00171994666918498));
#4454=CARTESIAN_POINT('',(-0.00175440324641282,0.00127502214391041,-0.0017810303896835));
#4455=CARTESIAN_POINT('',(-0.00995043938802201,8.08622768358869E-5,-0.00756562991331853));
#4456=CARTESIAN_POINT('',(-0.00729698888454948,8.08622768358869E-5,-0.00554812860310026));
#4457=CARTESIAN_POINT('',(-0.00464353838107694,8.08622768358869E-5,-0.00353062729288198));
#4458=CARTESIAN_POINT('',(-0.00199008787760441,8.08622768358869E-5,-0.0015131259826637));
#4459=CARTESIAN_POINT('',(-0.00199008787760441,8.08622768358865E-5,-0.0015131259826637));
#4460=CARTESIAN_POINT('',(-0.00995043914044992,8.08623066116194E-5,-0.00756563023892936));
#4461=CARTESIAN_POINT('',(-0.0019900878776044,8.0862276835887E-5,-0.00151312598266371));
#4462=CARTESIAN_POINT('',(-0.00195135105350272,0.000495375600665085,-0.00156407328311647));
#4463=CARTESIAN_POINT('',(-0.00187842037711301,0.000893428889689928,-0.00165886736654167));
#4464=CARTESIAN_POINT('',(-0.00175440324641282,0.00127502214391041,-0.0017810303896835));
#4465=CARTESIAN_POINT('',(-0.00175440324641282,0.00127502214391041,-0.0017810303896835));
#4466=CARTESIAN_POINT('',(-0.00175440324641282,0.00127502214391041,-0.0017810303896835));
#4467=CARTESIAN_POINT('',(-0.00409360757496326,0.00127502214391041,-0.00415573757592816));
#4468=CARTESIAN_POINT('',(-0.00643281190351369,0.00127502214391041,-0.00653044476217283));
#4469=CARTESIAN_POINT('',(-0.00877201623206412,0.00127502214391041,-0.00890515194841749));
#4470=CARTESIAN_POINT('',(-0.00877201720632759,0.00127502154436024,-0.00890515098871955));
#4471=CARTESIAN_POINT('',(-0.00995043928685356,8.08624933516389E-5,-0.00756563004637693));
#4472=CARTESIAN_POINT('',(-0.00975675524009726,0.000495375522186032,-0.00782036644457069));
#4473=CARTESIAN_POINT('',(-0.00939210215492614,0.000893428539188926,-0.00829433643370736));
#4474=CARTESIAN_POINT('',(-0.00877201720632747,0.00127502154436032,-0.00890515098871967));
#4475=CARTESIAN_POINT('',(-0.00853295181969821,0.00129913772316411,-0.00913448045828054));
#4476=CARTESIAN_POINT('',(-0.00861364826866109,0.00129109919662513,-0.00905909807455703));
#4477=CARTESIAN_POINT('',(-0.00869334573263131,0.00128306067044939,-0.00898264629124358));
#4478=CARTESIAN_POINT('',(-0.00877201623206412,0.00127502214391041,-0.00890515194841749));
#4479=CARTESIAN_POINT('',(-0.00170659036393965,0.00129913772316411,-0.00182689609165611));
#4480=CARTESIAN_POINT('',(-0.00172272965370495,0.00129109919663872,-0.00181181961493688));
#4481=CARTESIAN_POINT('',(-0.00173866914655285,0.00128306067043581,-0.00179652925822253));
#4482=CARTESIAN_POINT('',(-0.00175440324641282,0.00127502214391041,-0.0017810303896835));
#4483=CARTESIAN_POINT('',(-0.00170659036393964,0.00129913772316411,-0.00182689609165611));
#4484=CARTESIAN_POINT('',(-0.00172272965348912,0.00129109919674621,-0.00181181961513849));
#4485=CARTESIAN_POINT('',(-0.00173866914676325,0.00128306067032831,-0.00179652925801527));
#4486=CARTESIAN_POINT('',(-0.00175440324641282,0.00127502214391041,-0.0017810303896835));
#4487=CARTESIAN_POINT('',(-0.00170659036393965,0.00129913772316411,-0.00182689609165611));
#4488=CARTESIAN_POINT('',(-0.00170659036393965,0.00129913772316411,-0.00182689609165611));
#4489=CARTESIAN_POINT('',(-0.00398204418252583,0.00129913772316411,-0.00426275754719759));
#4490=CARTESIAN_POINT('',(-0.00625749800111202,0.00129913772316411,-0.00669861900273906));
#4491=CARTESIAN_POINT('',(-0.00853295181969821,0.00129913772316411,-0.00913448045828054));
#4492=CARTESIAN_POINT('',(-0.00853295285429997,0.00129913712010266,-0.00913447949180982));
#4493=CARTESIAN_POINT('',(-0.0085329528807572,0.00129913761746738,-0.00913447946709485));
#4494=CARTESIAN_POINT('',(-0.00861364896606189,0.00129109912628172,-0.00905909740552835));
#4495=CARTESIAN_POINT('',(-0.00869334607862303,0.00128306063509607,-0.00898264595042458));
#4496=CARTESIAN_POINT('',(-0.00877201623206411,0.00127502214391041,-0.00890515194841749));
#4497=CARTESIAN_POINT('',(-0.00978566202770807,0.000100405687938132,-0.00777758437302177));
#4498=CARTESIAN_POINT('',(-0.00968147724318486,0.000308843358335533,-0.00790866840128511));
#4499=CARTESIAN_POINT('',(-0.00953128083923386,0.000512991912846519,-0.00809318188962745));
#4500=CARTESIAN_POINT('',(-0.00912102776468143,0.000912569257921846,-0.0085528802196015));
#4501=CARTESIAN_POINT('',(-0.00886088898408593,0.00110798570256778,-0.00882813878549583));
#4502=CARTESIAN_POINT('',(-0.00853295181969821,0.00129913772316411,-0.00913448045828054));
#4503=CARTESIAN_POINT('',(-0.00195713240554161,0.000100405687938132,-0.00155551687460436));
#4504=CARTESIAN_POINT('',(-0.00193629324182751,0.000308865433642619,-0.00158173645683783));
#4505=CARTESIAN_POINT('',(-0.00190625616784677,0.000512991912846519,-0.00161863637792549));
#4506=CARTESIAN_POINT('',(-0.00182420555293628,0.000912569257921846,-0.0017105760439203));
#4507=CARTESIAN_POINT('',(-0.0017721680983897,0.00110801396825727,-0.00176563681686068));
#4508=CARTESIAN_POINT('',(-0.00170659036393965,0.00129913772316411,-0.0018268960916561));
#4509=CARTESIAN_POINT('',(-0.00195713240554161,0.000100405687938132,-0.00155551687460435));
#4510=CARTESIAN_POINT('',(-0.0019154537755346,0.000517328206124206,-0.0016079564197723));
#4511=CARTESIAN_POINT('',(-0.00183774057016899,0.000916905551199533,-0.00170438245817584));
#4512=CARTESIAN_POINT('',(-0.00170659036393964,0.00129913772316411,-0.00182689609165611));
#4513=CARTESIAN_POINT('',(-0.00195713240554161,0.000100405687938131,-0.00155551687460436));
#4514=CARTESIAN_POINT('',(-0.00195713240554161,0.000100405687938132,-0.00155551687460436));
#4515=CARTESIAN_POINT('',(-0.0045666422795971,0.000100405687938132,-0.00362953937407683));
#4516=CARTESIAN_POINT('',(-0.00717615215365258,0.000100405687938132,-0.0057035618735493));
#4517=CARTESIAN_POINT('',(-0.00978566202770807,0.000100405687938132,-0.00777758437302177));
#4518=CARTESIAN_POINT('',(-0.00978566176226719,0.000100406218993178,-0.00777758470699624));
#4519=CARTESIAN_POINT('',(-0.00978566176226716,0.000100406218993247,-0.00777758470699629));
#4520=CARTESIAN_POINT('',(-0.00957726865277816,0.000517328326167497,-0.00803978236345023));
#4521=CARTESIAN_POINT('',(-0.00918870297662668,0.000916905293203995,-0.00852191203429545));
#4522=CARTESIAN_POINT('',(-0.00853295285429982,0.00129913712010274,-0.00913447949180995));
#4523=CARTESIAN_POINT('',(-0.00978566202770807,0.000100405687938131,-0.00777758437302177));
#4524=CARTESIAN_POINT('',(-0.00984134443081398,9.38912175283776E-5,-0.00770752545092571));
#4525=CARTESIAN_POINT('',(-0.00989627443983516,8.73767472456408E-5,-0.0076368685332436));
#4526=CARTESIAN_POINT('',(-0.00995043938802201,8.08622768358869E-5,-0.00756562991331853));
#4527=CARTESIAN_POINT('',(-0.00195713240554161,0.000100405687938131,-0.00155551687460436));
#4528=CARTESIAN_POINT('',(-0.00196826888615467,9.38912175331294E-5,-0.00154150509019536));
#4529=CARTESIAN_POINT('',(-0.00197925488797494,8.73767472408892E-5,-0.00152737370663833));
#4530=CARTESIAN_POINT('',(-0.00199008787760441,8.08622768358869E-5,-0.0015131259826637));
#4531=CARTESIAN_POINT('',(-0.00195713240554161,0.000100405687938132,-0.00155551687460435));
#4532=CARTESIAN_POINT('',(-0.00196826888609042,9.38912175707167E-5,-0.00154150509027621));
#4533=CARTESIAN_POINT('',(-0.00197925488803744,8.73767472033018E-5,-0.00152737370655612));
#4534=CARTESIAN_POINT('',(-0.0019900878776044,8.0862276835887E-5,-0.00151312598266371));
#4535=CARTESIAN_POINT('',(-0.00978566202770807,0.000100405687938132,-0.00777758437302177));
#4536=CARTESIAN_POINT('',(-0.00984134434561612,9.38912274959608E-5,-0.00770752555812063));
#4537=CARTESIAN_POINT('',(-0.00989627427280797,8.73767670537902E-5,-0.00763686874808204));
#4538=CARTESIAN_POINT('',(-0.00995043914044992,8.08623066116195E-5,-0.00756563023892936));
#4539=CARTESIAN_POINT('',(0.,0.0005,0.));
#4540=CARTESIAN_POINT('',(0.,0.0005,0.));
#4541=CARTESIAN_POINT('',(0.,0.,0.));
#4542=CARTESIAN_POINT('',(0.00412048675654247,8.08622768358869E-5,-0.0118013384363452));
#4543=CARTESIAN_POINT('',(0.00427153153999047,0.000288097721733181,-0.0117486005174049));
#4544=CARTESIAN_POINT('',(0.0044868326617981,0.000491260591963996,-0.0116707711762535));
#4545=CARTESIAN_POINT('',(0.00503715408673587,0.000889313880988838,-0.0114440222775879));
#4546=CARTESIAN_POINT('',(0.0053722643308219,0.00108419191981175,-0.0112950539174765));
#4547=CARTESIAN_POINT('',(0.00575860069850022,0.00127502214391041,-0.0110945264881036));
#4548=CARTESIAN_POINT('',(0.000824097351308495,8.08622768358869E-5,-0.00236026768726904));
#4549=CARTESIAN_POINT('',(0.000854309207979979,0.000288117615801088,-0.00234971909094017));
#4550=CARTESIAN_POINT('',(0.000897366532359621,0.000491260591963996,-0.0023341542352507));
#4551=CARTESIAN_POINT('',(0.00100743081734717,0.000889313880988838,-0.00228880445551758));
#4552=CARTESIAN_POINT('',(0.00107446367583425,0.0010842186169065,-0.00225900517274908));
#4553=CARTESIAN_POINT('',(0.00115172013970004,0.00127502214391041,-0.00221890529762072));
#4554=CARTESIAN_POINT('',(0.00412048675654247,8.08622768358869E-5,-0.0118013384363452));
#4555=CARTESIAN_POINT('',(0.00302169028813115,8.08622768358869E-5,-0.0086543148533198));
#4556=CARTESIAN_POINT('',(0.00192289381971982,8.08622768358869E-5,-0.00550729127029442));
#4557=CARTESIAN_POINT('',(0.000824097351308495,8.08622768358869E-5,-0.00236026768726904));
#4558=CARTESIAN_POINT('',(0.000824097351308495,8.08622768358865E-5,-0.00236026768726904));
#4559=CARTESIAN_POINT('',(0.00412048714272075,8.08623066116195E-5,-0.0118013383015094));
#4560=CARTESIAN_POINT('',(0.000824097351308495,8.0862276835887E-5,-0.00236026768726903));
#4561=CARTESIAN_POINT('',(0.00088452145034727,0.000495375600665085,-0.00233917035994398));
#4562=CARTESIAN_POINT('',(0.000997212799510715,0.000893428889689928,-0.00229910214767032));
#4563=CARTESIAN_POINT('',(0.00115172013970004,0.00127502214391041,-0.00221890529762072));
#4564=CARTESIAN_POINT('',(0.00115172013970004,0.00127502214391041,-0.00221890529762072));
#4565=CARTESIAN_POINT('',(0.00115172013970004,0.00127502214391041,-0.00221890529762072));
#4566=CARTESIAN_POINT('',(0.00268734699263344,0.00127502214391041,-0.00517744569444836));
#4567=CARTESIAN_POINT('',(0.00422297384556683,0.00127502214391041,-0.00813598609127599));
#4568=CARTESIAN_POINT('',(0.00575860069850022,0.00127502214391041,-0.0110945264881036));
#4569=CARTESIAN_POINT('',(0.00575859948470927,0.00127502154436024,-0.0110945271181203));
#4570=CARTESIAN_POINT('',(0.00412048691435129,8.08624933516389E-5,-0.0118013383812456));
#4571=CARTESIAN_POINT('',(0.00442260728777804,0.000495375522186032,-0.0116958517826033));
#4572=CARTESIAN_POINT('',(0.00498606353484394,0.000893428539188926,-0.0114955108712311));
#4573=CARTESIAN_POINT('',(0.00575859948470943,0.00127502154436032,-0.0110945271181202));
#4574=CARTESIAN_POINT('',(0.00605058003834906,0.00129913772316411,-0.0109380291277511));
#4575=CARTESIAN_POINT('',(0.00595395055697972,0.00129109919662513,-0.0109914815737321));
#4576=CARTESIAN_POINT('',(0.0058566127195017,0.00128306067044939,-0.011043653465879));
#4577=CARTESIAN_POINT('',(0.00575860069850022,0.00127502214391041,-0.0110945264881036));
#4578=CARTESIAN_POINT('',(0.00121011600766981,0.00129913772316411,-0.00218760582555023));
#4579=CARTESIAN_POINT('',(0.0011907901114286,0.00129109919663872,-0.00219829631472835));
#4580=CARTESIAN_POINT('',(0.00117132254386721,0.00128306067043581,-0.002208730693193));
#4581=CARTESIAN_POINT('',(0.00115172013970004,0.00127502214391041,-0.00221890529762072));
#4582=CARTESIAN_POINT('',(0.00121011600766981,0.00129913772316411,-0.00218760582555022));
#4583=CARTESIAN_POINT('',(0.00119079011168704,0.00129109919674621,-0.00219829631458539));
#4584=CARTESIAN_POINT('',(0.00117132254360508,0.00128306067032831,-0.00220873069332906));
#4585=CARTESIAN_POINT('',(0.00115172013970005,0.00127502214391041,-0.00221890529762072));
#4586=CARTESIAN_POINT('',(0.00121011600766981,0.00129913772316411,-0.00218760582555023));
#4587=CARTESIAN_POINT('',(0.00121011600766981,0.00129913772316411,-0.00218760582555023));
#4588=CARTESIAN_POINT('',(0.00282360401789623,0.00129913772316411,-0.00510441359295052));
#4589=CARTESIAN_POINT('',(0.00443709202812264,0.00129913772316411,-0.00802122136035082));
#4590=CARTESIAN_POINT('',(0.00605058003834906,0.00129913772316411,-0.0109380291277511));
#4591=CARTESIAN_POINT('',(0.00605057879947126,0.00129913712010266,-0.01093802981306));
#4592=CARTESIAN_POINT('',(0.00605057876779018,0.00129913761746738,-0.010938029830585));
#4593=CARTESIAN_POINT('',(0.00595394970518692,0.00129109912628172,-0.0109914820302584));
#4594=CARTESIAN_POINT('',(0.00585661228844623,0.00128306063509607,-0.0110436536896178));
#4595=CARTESIAN_POINT('',(0.00575860069850023,0.00127502214391041,-0.0110945264881036));
#4596=CARTESIAN_POINT('',(0.0043729864312263,0.000100405687938132,-0.0117101233841625));
#4597=CARTESIAN_POINT('',(0.00452984961946134,0.000308843358335533,-0.0116515449583674));
#4598=CARTESIAN_POINT('',(0.00475174561620853,0.000512991912846519,-0.0115657174932549));
#4599=CARTESIAN_POINT('',(0.00531571988049163,0.000912569257921846,-0.0113175982296195));
#4600=CARTESIAN_POINT('',(0.00565789363735148,0.00110798570256778,-0.0111552511219017));
#4601=CARTESIAN_POINT('',(0.00605058003834906,0.00129913772316411,-0.0109380291277511));
#4602=CARTESIAN_POINT('',(0.000874597286245262,0.000100405687938132,-0.00234202467683251));
#4603=CARTESIAN_POINT('',(0.000905973246519166,0.000308865433642619,-0.00233030775088363));
#4604=CARTESIAN_POINT('',(0.000950349123241706,0.000512991912846519,-0.00231314349865098));
#4605=CARTESIAN_POINT('',(0.00106314397609833,0.000912569257921846,-0.0022635196459239));
#4606=CARTESIAN_POINT('',(0.00113159034079443,0.00110801396825727,-0.00223104380024794));
#4607=CARTESIAN_POINT('',(0.00121011600766981,0.00129913772316411,-0.00218760582555023));
#4608=CARTESIAN_POINT('',(0.000874597286245261,0.000100405687938132,-0.00234202467683251));
#4609=CARTESIAN_POINT('',(0.000937349662363221,0.000517328206124206,-0.00231859065480827));
#4610=CARTESIAN_POINT('',(0.00105307097567276,0.000916905551199533,-0.00227447828901007));
#4611=CARTESIAN_POINT('',(0.00121011600766981,0.00129913772316411,-0.00218760582555022));
#4612=CARTESIAN_POINT('',(0.000874597286245262,0.000100405687938131,-0.00234202467683251));
#4613=CARTESIAN_POINT('',(0.000874597286245262,0.000100405687938132,-0.00234202467683251));
#4614=CARTESIAN_POINT('',(0.00204072700123894,0.000100405687938132,-0.00546472424594252));
#4615=CARTESIAN_POINT('',(0.00320685671623262,0.000100405687938132,-0.00858742381505253));
#4616=CARTESIAN_POINT('',(0.0043729864312263,0.000100405687938132,-0.0117101233841625));
#4617=CARTESIAN_POINT('',(0.00437298683088065,0.000100406218993178,-0.0117101232349171));
#4618=CARTESIAN_POINT('',(0.00437298683088069,0.000100406218993247,-0.011710123234917));
#4619=CARTESIAN_POINT('',(0.00468674863295127,0.000517328326167497,-0.0115929531419161));
#4620=CARTESIAN_POINT('',(0.00526535459546946,0.000916905293203995,-0.0113723914853871));
#4621=CARTESIAN_POINT('',(0.00605057879947143,0.00129913712010274,-0.0109380298130599));
#4622=CARTESIAN_POINT('',(0.0043729864312263,0.000100405687938131,-0.0117101233841625));
#4623=CARTESIAN_POINT('',(0.00428914962799487,9.38912175283777E-5,-0.0117414310989441));
#4624=CARTESIAN_POINT('',(0.00420497659972326,8.73767472456409E-5,-0.0117718384536299));
#4625=CARTESIAN_POINT('',(0.00412048675654247,8.08622768358869E-5,-0.0118013384363452));
#4626=CARTESIAN_POINT('',(0.000874597286245262,0.000100405687938131,-0.00234202467683251));
#4627=CARTESIAN_POINT('',(0.000857829925611204,9.38912175331294E-5,-0.00234828621978426));
#4628=CARTESIAN_POINT('',(0.000840995319932326,8.73767472408892E-5,-0.0023543676907303));
#4629=CARTESIAN_POINT('',(0.000824097351308495,8.08622768358869E-5,-0.00236026768726904));
#4630=CARTESIAN_POINT('',(0.000874597286245261,0.000100405687938132,-0.00234202467683251));
#4631=CARTESIAN_POINT('',(0.000857829925707948,9.38912175707167E-5,-0.00234828621974813));
#4632=CARTESIAN_POINT('',(0.000840995319834827,8.73767472033018E-5,-0.00235436769076433));
#4633=CARTESIAN_POINT('',(0.000824097351308495,8.0862276835887E-5,-0.00236026768726903));
#4634=CARTESIAN_POINT('',(0.00437298643122631,0.000100405687938132,-0.0117101233841625));
#4635=CARTESIAN_POINT('',(0.00428914975627088,9.38912274959608E-5,-0.0117414310510412));
#4636=CARTESIAN_POINT('',(0.00420497685566099,8.73767670537902E-5,-0.0117718383611664));
#4637=CARTESIAN_POINT('',(0.00412048714272075,8.08623066116195E-5,-0.0118013383015094));
#4638=CARTESIAN_POINT('',(0.,0.0005,0.));
#4639=CARTESIAN_POINT('',(0.,0.0005,0.));
#4640=CARTESIAN_POINT('',(0.,0.,0.));
#4641=CARTESIAN_POINT('',(-0.00157680800655429,8.08622768358868E-5,0.0124001482455036));
#4642=CARTESIAN_POINT('',(-0.00173551692898439,0.000288097721733181,0.0123799667529404));
#4643=CARTESIAN_POINT('',(-0.00196229483462985,0.000491260591963996,0.0123486017898964));
#4644=CARTESIAN_POINT('',(-0.00254773416297776,0.000889313880988837,0.0122412261566497));
#4645=CARTESIAN_POINT('',(-0.00290649370784095,0.00108419191981174,0.0121651864500797));
#4646=CARTESIAN_POINT('',(-0.00332607969585797,0.00127502214391041,0.0120493648735857));
#4647=CARTESIAN_POINT('',(-0.000315361601310858,8.08622768358868E-5,0.00248002964910072));
#4648=CARTESIAN_POINT('',(-0.000347106432926274,0.000288117615801087,0.00247599296311384));
#4649=CARTESIAN_POINT('',(-0.000392458966925969,0.000491260591963996,0.00246972035797929));
#4650=CARTESIAN_POINT('',(-0.000509546832595552,0.000889313880988837,0.00244824523132993));
#4651=CARTESIAN_POINT('',(-0.000581310481560567,0.0010842186169065,0.00243303404933474));
#4652=CARTESIAN_POINT('',(-0.000665215939171593,0.00127502214391041,0.00240987297471715));
#4653=CARTESIAN_POINT('',(-0.00157680800655429,8.08622768358868E-5,0.0124001482455036));
#4654=CARTESIAN_POINT('',(-0.00115632587147315,8.08622768358868E-5,0.00909344204670266));
#4655=CARTESIAN_POINT('',(-0.000735843736392002,8.08622768358868E-5,0.00578673584790169));
#4656=CARTESIAN_POINT('',(-0.000315361601310858,8.08622768358868E-5,0.00248002964910072));
#4657=CARTESIAN_POINT('',(-0.000315361601310858,8.08622768358864E-5,0.00248002964910072));
#4658=CARTESIAN_POINT('',(-0.00157680841232758,8.08623066116194E-5,0.0124001481939053));
#4659=CARTESIAN_POINT('',(-0.000315361601310858,8.0862276835887E-5,0.00248002964910072));
#4660=CARTESIAN_POINT('',(-0.000378851669808026,0.000495375600665085,0.00247195622559312));
#4661=CARTESIAN_POINT('',(-0.000497411092377568,0.000893428889689928,0.00245619344883705));
#4662=CARTESIAN_POINT('',(-0.00066521593917159,0.00127502214391041,0.00240987297471715));
#4663=CARTESIAN_POINT('',(-0.000665215939171593,0.00127502214391041,0.00240987297471715));
#4664=CARTESIAN_POINT('',(-0.000665215939171593,0.00127502214391041,0.00240987297471715));
#4665=CARTESIAN_POINT('',(-0.00155217052473372,0.00127502214391041,0.00562303694100667));
#4666=CARTESIAN_POINT('',(-0.00243912511029584,0.00127502214391041,0.00883620090729619));
#4667=CARTESIAN_POINT('',(-0.00332607969585797,0.00127502214391041,0.0120493648735857));
#4668=CARTESIAN_POINT('',(-0.00332607837760342,0.00127502154436024,0.0120493652374737));
#4669=CARTESIAN_POINT('',(-0.00157680817237046,8.08624933516389E-5,0.0124001482244184));
#4670=CARTESIAN_POINT('',(-0.00189425838785296,0.000495375522186032,0.0123597811187165));
#4671=CARTESIAN_POINT('',(-0.00248705498166231,0.000893428539188926,0.0122809672779583));
#4672=CARTESIAN_POINT('',(-0.00332607837760359,0.00127502154436032,0.0120493652374736));
#4673=CARTESIAN_POINT('',(-0.00364421621739435,0.00129913772316411,0.0119569932742676));
#4674=CARTESIAN_POINT('',(-0.00353858493361053,0.00129109919662513,0.0119891872572029));
#4675=CARTESIAN_POINT('',(-0.00343252701511135,0.00128306067044939,0.0120199813939616));
#4676=CARTESIAN_POINT('',(-0.00332607969585797,0.00127502214391041,0.0120493648735857));
#4677=CARTESIAN_POINT('',(-0.00072884324347887,0.00129913772316411,0.00239139865485352));
#4678=CARTESIAN_POINT('',(-0.000707716986757807,0.00129109919663872,0.00239783745142969));
#4679=CARTESIAN_POINT('',(-0.000686505402986292,0.00128306067043581,0.00240399627880225));
#4680=CARTESIAN_POINT('',(-0.000665215939171593,0.00127502214391041,0.00240987297471715));
#4681=CARTESIAN_POINT('',(-0.000728843243478869,0.00129913772316411,0.00239139865485352));
#4682=CARTESIAN_POINT('',(-0.000707716987040316,0.00129109919674621,0.00239783745134359));
#4683=CARTESIAN_POINT('',(-0.000686505402701601,0.00128306067032831,0.00240399627888083));
#4684=CARTESIAN_POINT('',(-0.000665215939171593,0.00127502214391041,0.00240987297471715));
#4685=CARTESIAN_POINT('',(-0.00072884324347887,0.00129913772316411,0.00239139865485352));
#4686=CARTESIAN_POINT('',(-0.00072884324347887,0.00129913772316411,0.00239139865485352));
#4687=CARTESIAN_POINT('',(-0.00170063423478403,0.00129913772316411,0.0055799301946582));
#4688=CARTESIAN_POINT('',(-0.00267242522608919,0.00129913772316411,0.00876846173446289));
#4689=CARTESIAN_POINT('',(-0.00364421621739435,0.00129913772316411,0.0119569932742676));
#4690=CARTESIAN_POINT('',(-0.00364421486310527,0.00129913712010266,0.0119569936870236));
#4691=CARTESIAN_POINT('',(-0.00364421482847286,0.00129913761746738,0.0119569936975788));
#4692=CARTESIAN_POINT('',(-0.00353858400551428,0.00129109912628172,0.0119891875266554));
#4693=CARTESIAN_POINT('',(-0.00343252654695756,0.00128306063509607,0.0120199815231897));
#4694=CARTESIAN_POINT('',(-0.00332607969585796,0.00127502214391041,0.0120493648735857));
#4695=CARTESIAN_POINT('',(-0.00184275463325967,0.000100405687938132,0.0123634240953548));
#4696=CARTESIAN_POINT('',(-0.00200836912402773,0.000308843358335533,0.0123387394394016));
#4697=CARTESIAN_POINT('',(-0.00224326069424857,0.000512991912846519,0.0123009222821941));
#4698=CARTESIAN_POINT('',(-0.00284649766335961,0.000912569257921845,0.0121754818626381));
#4699=CARTESIAN_POINT('',(-0.00321494796433112,0.00110798570256778,0.01208782435308));
#4700=CARTESIAN_POINT('',(-0.00364421621739435,0.00129913772316411,0.0119569932742676));
#4701=CARTESIAN_POINT('',(-0.000368550926651935,0.000100405687938132,0.00247268481907096));
#4702=CARTESIAN_POINT('',(-0.000401677332799791,0.000308865433642619,0.00246774736501767));
#4703=CARTESIAN_POINT('',(-0.000448652138849715,0.000512991912846519,0.00246018445643883));
#4704=CARTESIAN_POINT('',(-0.000569299532671921,0.000912569257921845,0.00243509637252761));
#4705=CARTESIAN_POINT('',(-0.000643002288063593,0.00110801396825726,0.00241756100141218));
#4706=CARTESIAN_POINT('',(-0.000728843243478869,0.00129913772316411,0.00239139865485352));
#4707=CARTESIAN_POINT('',(-0.000368550926651934,0.000100405687938132,0.00247268481907097));
#4708=CARTESIAN_POINT('',(-0.000434804219933782,0.000517328206124206,0.00246280983927393));
#4709=CARTESIAN_POINT('',(-0.000557168221460345,0.000916905551199533,0.00244372124841956));
#4710=CARTESIAN_POINT('',(-0.000728843243478869,0.00129913772316411,0.00239139865485352));
#4711=CARTESIAN_POINT('',(-0.000368550926651935,0.000100405687938131,0.00247268481907096));
#4712=CARTESIAN_POINT('',(-0.000368550926651935,0.000100405687938132,0.00247268481907096));
#4713=CARTESIAN_POINT('',(-0.000859952162187846,0.000100405687938132,0.00576959791116558));
#4714=CARTESIAN_POINT('',(-0.00135135339772376,0.000100405687938132,0.0090665110032602));
#4715=CARTESIAN_POINT('',(-0.00184275463325967,0.000100405687938132,0.0123634240953548));
#4716=CARTESIAN_POINT('',(-0.00184275505521049,0.000100406218993178,0.0123634240324635));
#4717=CARTESIAN_POINT('',(-0.00184275505521053,0.000100406218993247,0.0123634240324635));
#4718=CARTESIAN_POINT('',(-0.00217402144125689,0.000517328326167497,0.0123140491338994));
#4719=CARTESIAN_POINT('',(-0.00278584082220283,0.000916905293203995,0.0122186062227361));
#4720=CARTESIAN_POINT('',(-0.00364421486310546,0.00129913712010274,0.0119569936870236));
#4721=CARTESIAN_POINT('',(-0.00184275463325967,0.000100405687938131,0.0123634240953548));
#4722=CARTESIAN_POINT('',(-0.00175424062540977,9.38912175283776E-5,0.0123766170099403));
#4723=CARTESIAN_POINT('',(-0.00166558493523337,8.73767472456408E-5,0.0123888593343417));
#4724=CARTESIAN_POINT('',(-0.00157680800655429,8.08622768358868E-5,0.0124001482455036));
#4725=CARTESIAN_POINT('',(-0.000368550926651935,0.000100405687938131,0.00247268481907096));
#4726=CARTESIAN_POINT('',(-0.000350848125094866,9.38912175331293E-5,0.00247532340198613));
#4727=CARTESIAN_POINT('',(-0.000333116987033724,8.73767472408891E-5,0.00247777186686998));
#4728=CARTESIAN_POINT('',(-0.000315361601310858,8.08622768358868E-5,0.00248002964910072));
#4729=CARTESIAN_POINT('',(-0.000368550926651934,0.000100405687938132,0.00247268481907097));
#4730=CARTESIAN_POINT('',(-0.000350848125197007,9.38912175707167E-5,0.00247532340197091));
#4731=CARTESIAN_POINT('',(-0.000333116986931277,8.73767472033018E-5,0.00247777186688301));
#4732=CARTESIAN_POINT('',(-0.000315361601310858,8.0862276835887E-5,0.00248002964910072));
#4733=CARTESIAN_POINT('',(-0.00184275463325967,0.000100405687938132,0.0123634240953548));
#4734=CARTESIAN_POINT('',(-0.00175424076084222,9.38912274959608E-5,0.0123766169897542));
#4735=CARTESIAN_POINT('',(-0.0016655852048025,8.73767670537902E-5,0.0123888592971111));
#4736=CARTESIAN_POINT('',(-0.00157680841232758,8.08623066116195E-5,0.0124001481939053));
#4737=CARTESIAN_POINT('',(0.,0.0005,0.));
#4738=CARTESIAN_POINT('',(0.,0.0005,0.));
#4739=CARTESIAN_POINT('',(0.,0.,0.));
#4740=CARTESIAN_POINT('',(-0.00601295979077849,8.08622768358869E-5,-0.0109587551553304));
#4741=CARTESIAN_POINT('',(-0.0058726991916757,0.000288097721733181,-0.0110357147488866));
#4742=CARTESIAN_POINT('',(-0.00567079614934382,0.000491260591963996,-0.0111436366692402));
#4743=CARTESIAN_POINT('',(-0.0051340519698569,0.000889313880988838,-0.0114008805604767));
#4744=CARTESIAN_POINT('',(-0.00479911438305788,0.00108419191981175,-0.0115502367152041));
#4745=CARTESIAN_POINT('',(-0.00439158397359008,0.00127502214391041,-0.0117031615473301));
#4746=CARTESIAN_POINT('',(-0.0012025919581557,8.08622768358869E-5,-0.00219175103106609));
#4747=CARTESIAN_POINT('',(-0.00117453714540403,0.000288117615801088,-0.00220714442736179));
#4748=CARTESIAN_POINT('',(-0.00113415922986876,0.000491260591963996,-0.00222872733384805));
#4749=CARTESIAN_POINT('',(-0.00102681039397138,0.000889313880988838,-0.00228017611209535));
#4750=CARTESIAN_POINT('',(-0.00095981147393361,0.0010842186169065,-0.00231005162186904));
#4751=CARTESIAN_POINT('',(-0.000878316794718017,0.00127502214391041,-0.00234063230946603));
#4752=CARTESIAN_POINT('',(-0.00601295979077849,8.08622768358869E-5,-0.0109587551553304));
#4753=CARTESIAN_POINT('',(-0.00440950384657089,8.08622768358869E-5,-0.00803642044724231));
#4754=CARTESIAN_POINT('',(-0.0028060479023633,8.08622768358869E-5,-0.0051140857391542));
#4755=CARTESIAN_POINT('',(-0.0012025919581557,8.08622768358869E-5,-0.00219175103106609));
#4756=CARTESIAN_POINT('',(-0.0012025919581557,8.08622768358865E-5,-0.00219175103106609));
#4757=CARTESIAN_POINT('',(-0.00601295943217228,8.08623066116195E-5,-0.0109587553520941));
#4758=CARTESIAN_POINT('',(-0.0012025919581557,8.0862276835887E-5,-0.00219175103106608));
#4759=CARTESIAN_POINT('',(-0.00114648197449418,0.000495375600665085,-0.00222253802017532));
#4760=CARTESIAN_POINT('',(-0.00104130025907974,0.000893428889689928,-0.00227947314600781));
#4761=CARTESIAN_POINT('',(-0.000878316794718019,0.00127502214391041,-0.00234063230946603));
#4762=CARTESIAN_POINT('',(-0.000878316794718017,0.00127502214391041,-0.00234063230946603));
#4763=CARTESIAN_POINT('',(-0.000878316794718017,0.00127502214391041,-0.00234063230946603));
#4764=CARTESIAN_POINT('',(-0.00204940585434204,0.00127502214391041,-0.00546147538875407));
#4765=CARTESIAN_POINT('',(-0.00322049491396606,0.00127502214391041,-0.0085823184680421));
#4766=CARTESIAN_POINT('',(-0.00439158397359008,0.00127502214391041,-0.0117031615473301));
#4767=CARTESIAN_POINT('',(-0.00439158525396838,0.00127502154436024,-0.0117031610668711));
#4768=CARTESIAN_POINT('',(-0.00601295964423679,8.08624933516389E-5,-0.0109587552357364));
#4769=CARTESIAN_POINT('',(-0.00573240983563419,0.000495375522186032,-0.0111126901162076));
#4770=CARTESIAN_POINT('',(-0.00520650170376062,0.000893428539188926,-0.0113973654750925));
#4771=CARTESIAN_POINT('',(-0.00439158525396822,0.00127502154436032,-0.0117031610668712));
#4772=CARTESIAN_POINT('',(-0.00407991145732595,0.00129913772316411,-0.0118154273092589));
#4773=CARTESIAN_POINT('',(-0.00418429210942662,0.00129109919662513,-0.0117793842777813));
#4774=CARTESIAN_POINT('',(-0.00428819510732432,0.00128306067044939,-0.0117419579773635));
#4775=CARTESIAN_POINT('',(-0.00439158397359008,0.00127502214391041,-0.0117031615473301));
#4776=CARTESIAN_POINT('',(-0.000815982291465189,0.00129913772316411,-0.00236308546185177));
#4777=CARTESIAN_POINT('',(-0.000836858421850045,0.00129109919663872,-0.00235587685556844));
#4778=CARTESIAN_POINT('',(-0.000857639021499808,0.00128306067043581,-0.00234839159545959));
#4779=CARTESIAN_POINT('',(-0.000878316794718017,0.00127502214391041,-0.00234063230946603));
#4780=CARTESIAN_POINT('',(-0.000815982291465189,0.00129913772316411,-0.00236308546185178));
#4781=CARTESIAN_POINT('',(-0.000836858421570881,0.00129109919674621,-0.00235587685566484));
#4782=CARTESIAN_POINT('',(-0.000857639021776318,0.00128306067032831,-0.00234839159535583));
#4783=CARTESIAN_POINT('',(-0.000878316794718016,0.00127502214391041,-0.00234063230946603));
#4784=CARTESIAN_POINT('',(-0.000815982291465189,0.00129913772316411,-0.00236308546185177));
#4785=CARTESIAN_POINT('',(-0.000815982291465189,0.00129913772316411,-0.00236308546185177));
#4786=CARTESIAN_POINT('',(-0.00190395868008544,0.00129913772316411,-0.00551386607765414));
#4787=CARTESIAN_POINT('',(-0.00299193506870569,0.00129913772316411,-0.00866464669345651));
#4788=CARTESIAN_POINT('',(-0.00407991145732595,0.00129913772316411,-0.0118154273092589));
#4789=CARTESIAN_POINT('',(-0.00407991279558073,0.00129913712010266,-0.0118154268471544));
#4790=CARTESIAN_POINT('',(-0.00407991282980311,0.00129913761746738,-0.0118154268353373));
#4791=CARTESIAN_POINT('',(-0.00418429301865244,0.00129109912628172,-0.0117793839502516));
#4792=CARTESIAN_POINT('',(-0.00428819556202707,0.00128306063509607,-0.0117419578067374));
#4793=CARTESIAN_POINT('',(-0.00439158397359008,0.00127502214391041,-0.0117031615473301));
#4794=CARTESIAN_POINT('',(-0.00577621853631671,0.000100405687938132,-0.0110853641988304));
#4795=CARTESIAN_POINT('',(-0.00562772432204338,0.000308843358335533,-0.0111627396479033));
#4796=CARTESIAN_POINT('',(-0.00541546468260912,0.000512991912846519,-0.0112702107259072));
#4797=CARTESIAN_POINT('',(-0.00485370369430664,0.000912569257921846,-0.0115233010887859));
#4798=CARTESIAN_POINT('',(-0.00450409734786722,0.00110798570256778,-0.0116689543269826));
#4799=CARTESIAN_POINT('',(-0.00407991145732595,0.00129913772316411,-0.0118154273092589));
#4800=CARTESIAN_POINT('',(-0.00115524370726334,0.000100405687938132,-0.00221707283976609));
#4801=CARTESIAN_POINT('',(-0.00112554171905076,0.000308865433642619,-0.00223254956852319));
#4802=CARTESIAN_POINT('',(-0.00108309293652182,0.000512991912846519,-0.00225404214518144));
#4803=CARTESIAN_POINT('',(-0.000970740738861328,0.000912569257921846,-0.00230466021775718));
#4804=CARTESIAN_POINT('',(-0.000900806924682077,0.00110801396825727,-0.00233379519719467));
#4805=CARTESIAN_POINT('',(-0.00081598229146519,0.00129913772316411,-0.00236308546185177));
#4806=CARTESIAN_POINT('',(-0.00115524370726334,0.000100405687938132,-0.00221707283976608));
#4807=CARTESIAN_POINT('',(-0.00109583929957363,0.000517328206124206,-0.00224802652199805));
#4808=CARTESIAN_POINT('',(-0.000985624750647683,0.000916905551199533,-0.00230450728310701));
#4809=CARTESIAN_POINT('',(-0.000815982291465189,0.00129913772316411,-0.00236308546185178));
#4810=CARTESIAN_POINT('',(-0.00115524370726334,0.000100405687938131,-0.00221707283976609));
#4811=CARTESIAN_POINT('',(-0.00115524370726334,0.000100405687938132,-0.00221707283976609));
#4812=CARTESIAN_POINT('',(-0.00269556865028113,0.000100405687938132,-0.0051731699594542));
#4813=CARTESIAN_POINT('',(-0.00423589359329892,0.000100405687938132,-0.00812926707914231));
#4814=CARTESIAN_POINT('',(-0.00577621853631671,0.000100405687938132,-0.0110853641988304));
#4815=CARTESIAN_POINT('',(-0.00577621815798475,0.000100406218993178,-0.0110853643959668));
#4816=CARTESIAN_POINT('',(-0.0057762181579847,0.000100406218993247,-0.0110853643959668));
#4817=CARTESIAN_POINT('',(-0.00547919618479859,0.000517328326167497,-0.0112401327602311));
#4818=CARTESIAN_POINT('',(-0.00492812397250776,0.000916905293203995,-0.0115225362322942));
#4819=CARTESIAN_POINT('',(-0.00407991279558055,0.00129913712010274,-0.0118154268471544));
#4820=CARTESIAN_POINT('',(-0.00577621853631671,0.000100405687938131,-0.0110853641988304));
#4821=CARTESIAN_POINT('',(-0.00585558247353561,9.38912175283777E-5,-0.0110440102624999));
#4822=CARTESIAN_POINT('',(-0.00593450229127327,8.73767472456409E-5,-0.0110018040037738));
#4823=CARTESIAN_POINT('',(-0.00601295979077849,8.08622768358869E-5,-0.0109587551553304));
#4824=CARTESIAN_POINT('',(-0.00115524370726334,0.000100405687938131,-0.00221707283976609));
#4825=CARTESIAN_POINT('',(-0.00117111649469554,9.38912175331294E-5,-0.00220880205250602));
#4826=CARTESIAN_POINT('',(-0.0011869004582661,8.73767472408892E-5,-0.00220036080074848));
#4827=CARTESIAN_POINT('',(-0.0012025919581557,8.08622768358869E-5,-0.00219175103106609));
#4828=CARTESIAN_POINT('',(-0.00115524370726334,0.000100405687938132,-0.00221707283976608));
#4829=CARTESIAN_POINT('',(-0.00117111649460396,9.38912175707167E-5,-0.00220880205255374));
#4830=CARTESIAN_POINT('',(-0.00118690045835664,8.73767472033018E-5,-0.0022003608006988));
#4831=CARTESIAN_POINT('',(-0.0012025919581557,8.0862276835887E-5,-0.00219175103106608));
#4832=CARTESIAN_POINT('',(-0.00577621853631671,0.000100405687938132,-0.0110853641988304));
#4833=CARTESIAN_POINT('',(-0.00585558235210338,9.38912274959608E-5,-0.0110440103257743));
#4834=CARTESIAN_POINT('',(-0.00593450205130368,8.73767670537902E-5,-0.0110018041321024));
#4835=CARTESIAN_POINT('',(-0.00601295943217228,8.08623066116195E-5,-0.0109587553520941));
#4836=CARTESIAN_POINT('',(0.,0.0005,0.));
#4837=CARTESIAN_POINT('',(0.,0.0005,0.));
#4838=CARTESIAN_POINT('',(0.,0.,0.));
#4839=CARTESIAN_POINT('',(0.00157680800655432,8.08622768358869E-5,-0.0124001482455036));
#4840=CARTESIAN_POINT('',(0.00173551692898441,0.000288097721733181,-0.0123799667529404));
#4841=CARTESIAN_POINT('',(0.00196229483462987,0.000491260591963996,-0.0123486017898964));
#4842=CARTESIAN_POINT('',(0.00254773416297778,0.000889313880988838,-0.0122412261566497));
#4843=CARTESIAN_POINT('',(0.00290649370784096,0.00108419191981175,-0.0121651864500797));
#4844=CARTESIAN_POINT('',(0.00332607969585798,0.00127502214391041,-0.0120493648735857));
#4845=CARTESIAN_POINT('',(0.000315361601310863,8.08622768358869E-5,-0.00248002964910072));
#4846=CARTESIAN_POINT('',(0.000347106432926278,0.000288117615801088,-0.00247599296311384));
#4847=CARTESIAN_POINT('',(0.000392458966925973,0.000491260591963996,-0.00246972035797929));
#4848=CARTESIAN_POINT('',(0.000509546832595556,0.000889313880988838,-0.00244824523132993));
#4849=CARTESIAN_POINT('',(0.000581310481560571,0.0010842186169065,-0.00243303404933473));
#4850=CARTESIAN_POINT('',(0.000665215939171597,0.00127502214391041,-0.00240987297471715));
#4851=CARTESIAN_POINT('',(0.00157680800655432,8.08622768358869E-5,-0.0124001482455036));
#4852=CARTESIAN_POINT('',(0.00115632587147316,8.08622768358869E-5,-0.00909344204670264));
#4853=CARTESIAN_POINT('',(0.000735843736392014,8.08622768358869E-5,-0.00578673584790168));
#4854=CARTESIAN_POINT('',(0.000315361601310863,8.08622768358869E-5,-0.00248002964910072));
#4855=CARTESIAN_POINT('',(0.000315361601310863,8.08622768358865E-5,-0.00248002964910072));
#4856=CARTESIAN_POINT('',(0.0015768084123276,8.08623066116195E-5,-0.0124001481939053));
#4857=CARTESIAN_POINT('',(0.000315361601310863,8.0862276835887E-5,-0.00248002964910072));
#4858=CARTESIAN_POINT('',(0.00037885166980803,0.000495375600665085,-0.00247195622559312));
#4859=CARTESIAN_POINT('',(0.000497411092377573,0.000893428889689928,-0.00245619344883704));
#4860=CARTESIAN_POINT('',(0.000665215939171595,0.00127502214391041,-0.00240987297471714));
#4861=CARTESIAN_POINT('',(0.000665215939171597,0.00127502214391041,-0.00240987297471715));
#4862=CARTESIAN_POINT('',(0.000665215939171597,0.00127502214391041,-0.00240987297471715));
#4863=CARTESIAN_POINT('',(0.00155217052473373,0.00127502214391041,-0.00562303694100667));
#4864=CARTESIAN_POINT('',(0.00243912511029586,0.00127502214391041,-0.00883620090729619));
#4865=CARTESIAN_POINT('',(0.00332607969585798,0.00127502214391041,-0.0120493648735857));
#4866=CARTESIAN_POINT('',(0.00332607837760344,0.00127502154436024,-0.0120493652374737));
#4867=CARTESIAN_POINT('',(0.00157680817237048,8.08624933516389E-5,-0.0124001482244184));
#4868=CARTESIAN_POINT('',(0.00189425838785298,0.000495375522186032,-0.0123597811187165));
#4869=CARTESIAN_POINT('',(0.00248705498166233,0.000893428539188926,-0.0122809672779583));
#4870=CARTESIAN_POINT('',(0.00332607837760362,0.00127502154436032,-0.0120493652374736));
#4871=CARTESIAN_POINT('',(0.00364421621739437,0.00129913772316411,-0.0119569932742676));
#4872=CARTESIAN_POINT('',(0.00353858493361055,0.00129109919662513,-0.0119891872572029));
#4873=CARTESIAN_POINT('',(0.00343252701511137,0.00128306067044939,-0.0120199813939615));
#4874=CARTESIAN_POINT('',(0.00332607969585798,0.00127502214391041,-0.0120493648735857));
#4875=CARTESIAN_POINT('',(0.000728843243478873,0.00129913772316411,-0.00239139865485352));
#4876=CARTESIAN_POINT('',(0.000707716986757811,0.00129109919663872,-0.00239783745142969));
#4877=CARTESIAN_POINT('',(0.000686505402986296,0.00128306067043581,-0.00240399627880224));
#4878=CARTESIAN_POINT('',(0.000665215939171597,0.00127502214391041,-0.00240987297471715));
#4879=CARTESIAN_POINT('',(0.000728843243478874,0.00129913772316411,-0.00239139865485352));
#4880=CARTESIAN_POINT('',(0.00070771698704032,0.00129109919674621,-0.00239783745134359));
#4881=CARTESIAN_POINT('',(0.000686505402701606,0.00128306067032831,-0.00240399627888083));
#4882=CARTESIAN_POINT('',(0.000665215939171598,0.00127502214391041,-0.00240987297471714));
#4883=CARTESIAN_POINT('',(0.000728843243478873,0.00129913772316411,-0.00239139865485352));
#4884=CARTESIAN_POINT('',(0.000728843243478873,0.00129913772316411,-0.00239139865485352));
#4885=CARTESIAN_POINT('',(0.00170063423478404,0.00129913772316411,-0.0055799301946582));
#4886=CARTESIAN_POINT('',(0.0026724252260892,0.00129913772316411,-0.00876846173446288));
#4887=CARTESIAN_POINT('',(0.00364421621739437,0.00129913772316411,-0.0119569932742676));
#4888=CARTESIAN_POINT('',(0.00364421486310529,0.00129913712010266,-0.0119569936870236));
#4889=CARTESIAN_POINT('',(0.00364421482847288,0.00129913761746738,-0.0119569936975788));
#4890=CARTESIAN_POINT('',(0.00353858400551431,0.00129109912628172,-0.0119891875266553));
#4891=CARTESIAN_POINT('',(0.00343252654695759,0.00128306063509607,-0.0120199815231897));
#4892=CARTESIAN_POINT('',(0.00332607969585799,0.00127502214391041,-0.0120493648735857));
#4893=CARTESIAN_POINT('',(0.00184275463325969,0.000100405687938132,-0.0123634240953548));
#4894=CARTESIAN_POINT('',(0.00200836912402775,0.000308843358335533,-0.0123387394394016));
#4895=CARTESIAN_POINT('',(0.00224326069424859,0.000512991912846519,-0.0123009222821941));
#4896=CARTESIAN_POINT('',(0.00284649766335962,0.000912569257921846,-0.0121754818626381));
#4897=CARTESIAN_POINT('',(0.00321494796433114,0.00110798570256778,-0.01208782435308));
#4898=CARTESIAN_POINT('',(0.00364421621739437,0.00129913772316411,-0.0119569932742676));
#4899=CARTESIAN_POINT('',(0.000368550926651939,0.000100405687938132,-0.00247268481907096));
#4900=CARTESIAN_POINT('',(0.000401677332799795,0.000308865433642619,-0.00246774736501767));
#4901=CARTESIAN_POINT('',(0.000448652138849719,0.000512991912846519,-0.00246018445643883));
#4902=CARTESIAN_POINT('',(0.000569299532671925,0.000912569257921846,-0.00243509637252761));
#4903=CARTESIAN_POINT('',(0.000643002288063597,0.00110801396825727,-0.00241756100141217));
#4904=CARTESIAN_POINT('',(0.000728843243478873,0.00129913772316411,-0.00239139865485352));
#4905=CARTESIAN_POINT('',(0.000368550926651939,0.000100405687938132,-0.00247268481907096));
#4906=CARTESIAN_POINT('',(0.000434804219933787,0.000517328206124206,-0.00246280983927393));
#4907=CARTESIAN_POINT('',(0.00055716822146035,0.000916905551199533,-0.00244372124841956));
#4908=CARTESIAN_POINT('',(0.000728843243478874,0.00129913772316411,-0.00239139865485352));
#4909=CARTESIAN_POINT('',(0.000368550926651939,0.000100405687938131,-0.00247268481907096));
#4910=CARTESIAN_POINT('',(0.000368550926651939,0.000100405687938132,-0.00247268481907096));
#4911=CARTESIAN_POINT('',(0.000859952162187856,0.000100405687938132,-0.00576959791116558));
#4912=CARTESIAN_POINT('',(0.00135135339772377,0.000100405687938132,-0.0090665110032602));
#4913=CARTESIAN_POINT('',(0.00184275463325969,0.000100405687938132,-0.0123634240953548));
#4914=CARTESIAN_POINT('',(0.0018427550552105,0.000100406218993178,-0.0123634240324635));
#4915=CARTESIAN_POINT('',(0.00184275505521056,0.000100406218993247,-0.0123634240324635));
#4916=CARTESIAN_POINT('',(0.00217402144125692,0.000517328326167497,-0.0123140491338994));
#4917=CARTESIAN_POINT('',(0.00278584082220285,0.000916905293203995,-0.0122186062227361));
#4918=CARTESIAN_POINT('',(0.00364421486310548,0.00129913712010274,-0.0119569936870236));
#4919=CARTESIAN_POINT('',(0.00184275463325969,0.000100405687938131,-0.0123634240953548));
#4920=CARTESIAN_POINT('',(0.00175424062540979,9.38912175283777E-5,-0.0123766170099403));
#4921=CARTESIAN_POINT('',(0.00166558493523339,8.73767472456409E-5,-0.0123888593343417));
#4922=CARTESIAN_POINT('',(0.00157680800655432,8.08622768358869E-5,-0.0124001482455036));
#4923=CARTESIAN_POINT('',(0.000368550926651939,0.000100405687938131,-0.00247268481907096));
#4924=CARTESIAN_POINT('',(0.000350848125094871,9.38912175331294E-5,-0.00247532340198613));
#4925=CARTESIAN_POINT('',(0.000333116987033728,8.73767472408892E-5,-0.00247777186686998));
#4926=CARTESIAN_POINT('',(0.000315361601310863,8.08622768358869E-5,-0.00248002964910072));
#4927=CARTESIAN_POINT('',(0.000368550926651939,0.000100405687938132,-0.00247268481907096));
#4928=CARTESIAN_POINT('',(0.000350848125197012,9.38912175707167E-5,-0.00247532340197091));
#4929=CARTESIAN_POINT('',(0.000333116986931282,8.73767472033018E-5,-0.00247777186688301));
#4930=CARTESIAN_POINT('',(0.000315361601310863,8.0862276835887E-5,-0.00248002964910072));
#4931=CARTESIAN_POINT('',(0.00184275463325969,0.000100405687938132,-0.0123634240953548));
#4932=CARTESIAN_POINT('',(0.00175424076084225,9.38912274959608E-5,-0.0123766169897542));
#4933=CARTESIAN_POINT('',(0.00166558520480253,8.73767670537902E-5,-0.0123888592971111));
#4934=CARTESIAN_POINT('',(0.0015768084123276,8.08623066116195E-5,-0.0124001481939053));
#4935=CARTESIAN_POINT('',(0.,0.0005,0.));
#4936=CARTESIAN_POINT('',(0.,0.0005,0.));
#4937=CARTESIAN_POINT('',(0.,0.,0.));
#4938=CARTESIAN_POINT('',(-0.00412048675654247,8.08622768358868E-5,0.0118013384363452));
#4939=CARTESIAN_POINT('',(-0.00427153153999048,0.000288097721733181,0.0117486005174049));
#4940=CARTESIAN_POINT('',(-0.00448683266179811,0.000491260591963996,0.0116707711762535));
#4941=CARTESIAN_POINT('',(-0.00503715408673587,0.000889313880988837,0.0114440222775879));
#4942=CARTESIAN_POINT('',(-0.0053722643308219,0.00108419191981174,0.0112950539174765));
#4943=CARTESIAN_POINT('',(-0.00575860069850023,0.00127502214391041,0.0110945264881036));
#4944=CARTESIAN_POINT('',(-0.000824097351308495,8.08622768358868E-5,0.00236026768726904));
#4945=CARTESIAN_POINT('',(-0.00085430920797998,0.000288117615801087,0.00234971909094017));
#4946=CARTESIAN_POINT('',(-0.000897366532359622,0.000491260591963996,0.0023341542352507));
#4947=CARTESIAN_POINT('',(-0.00100743081734717,0.000889313880988837,0.00228880445551758));
#4948=CARTESIAN_POINT('',(-0.00107446367583425,0.0010842186169065,0.00225900517274908));
#4949=CARTESIAN_POINT('',(-0.00115172013970005,0.00127502214391041,0.00221890529762072));
#4950=CARTESIAN_POINT('',(-0.00412048675654247,8.08622768358868E-5,0.0118013384363452));
#4951=CARTESIAN_POINT('',(-0.00302169028813115,8.08622768358868E-5,0.0086543148533198));
#4952=CARTESIAN_POINT('',(-0.00192289381971982,8.08622768358868E-5,0.00550729127029442));
#4953=CARTESIAN_POINT('',(-0.000824097351308495,8.08622768358868E-5,0.00236026768726904));
#4954=CARTESIAN_POINT('',(-0.000824097351308495,8.08622768358864E-5,0.00236026768726904));
#4955=CARTESIAN_POINT('',(-0.00412048714272076,8.08623066116194E-5,0.0118013383015094));
#4956=CARTESIAN_POINT('',(-0.000824097351308496,8.0862276835887E-5,0.00236026768726904));
#4957=CARTESIAN_POINT('',(-0.000884521450347272,0.000495375600665085,0.00233917035994398));
#4958=CARTESIAN_POINT('',(-0.000997212799510717,0.000893428889689928,0.00229910214767032));
#4959=CARTESIAN_POINT('',(-0.00115172013970005,0.00127502214391041,0.00221890529762072));
#4960=CARTESIAN_POINT('',(-0.00115172013970005,0.00127502214391041,0.00221890529762072));
#4961=CARTESIAN_POINT('',(-0.00115172013970005,0.00127502214391041,0.00221890529762072));
#4962=CARTESIAN_POINT('',(-0.00268734699263344,0.00127502214391041,0.00517744569444836));
#4963=CARTESIAN_POINT('',(-0.00422297384556684,0.00127502214391041,0.00813598609127599));
#4964=CARTESIAN_POINT('',(-0.00575860069850023,0.00127502214391041,0.0110945264881036));
#4965=CARTESIAN_POINT('',(-0.00575859948470928,0.00127502154436024,0.0110945271181203));
#4966=CARTESIAN_POINT('',(-0.0041204869143513,8.08624933516389E-5,0.0118013383812456));
#4967=CARTESIAN_POINT('',(-0.00442260728777804,0.000495375522186032,0.0116958517826033));
#4968=CARTESIAN_POINT('',(-0.00498606353484395,0.000893428539188926,0.0114955108712311));
#4969=CARTESIAN_POINT('',(-0.00575859948470943,0.00127502154436032,0.0110945271181202));
#4970=CARTESIAN_POINT('',(-0.00605058003834907,0.00129913772316411,0.0109380291277511));
#4971=CARTESIAN_POINT('',(-0.00595395055697972,0.00129109919662513,0.0109914815737321));
#4972=CARTESIAN_POINT('',(-0.0058566127195017,0.00128306067044939,0.011043653465879));
#4973=CARTESIAN_POINT('',(-0.00575860069850023,0.00127502214391041,0.0110945264881036));
#4974=CARTESIAN_POINT('',(-0.00121011600766981,0.00129913772316411,0.00218760582555023));
#4975=CARTESIAN_POINT('',(-0.0011907901114286,0.00129109919663872,0.00219829631472835));
#4976=CARTESIAN_POINT('',(-0.00117132254386721,0.00128306067043581,0.002208730693193));
#4977=CARTESIAN_POINT('',(-0.00115172013970005,0.00127502214391041,0.00221890529762072));
#4978=CARTESIAN_POINT('',(-0.00121011600766981,0.00129913772316411,0.00218760582555022));
#4979=CARTESIAN_POINT('',(-0.00119079011168704,0.00129109919674621,0.00219829631458539));
#4980=CARTESIAN_POINT('',(-0.00117132254360508,0.00128306067032831,0.00220873069332906));
#4981=CARTESIAN_POINT('',(-0.00115172013970005,0.00127502214391041,0.00221890529762072));
#4982=CARTESIAN_POINT('',(-0.00121011600766981,0.00129913772316411,0.00218760582555023));
#4983=CARTESIAN_POINT('',(-0.00121011600766981,0.00129913772316411,0.00218760582555023));
#4984=CARTESIAN_POINT('',(-0.00282360401789623,0.00129913772316411,0.00510441359295052));
#4985=CARTESIAN_POINT('',(-0.00443709202812265,0.00129913772316411,0.00802122136035082));
#4986=CARTESIAN_POINT('',(-0.00605058003834907,0.00129913772316411,0.0109380291277511));
#4987=CARTESIAN_POINT('',(-0.00605057879947127,0.00129913712010266,0.01093802981306));
#4988=CARTESIAN_POINT('',(-0.0060505787677902,0.00129913761746738,0.010938029830585));
#4989=CARTESIAN_POINT('',(-0.00595394970518694,0.00129109912628172,0.0109914820302584));
#4990=CARTESIAN_POINT('',(-0.00585661228844625,0.00128306063509607,0.0110436536896179));
#4991=CARTESIAN_POINT('',(-0.00575860069850024,0.00127502214391041,0.0110945264881036));
#4992=CARTESIAN_POINT('',(-0.00437298643122631,0.000100405687938132,0.0117101233841626));
#4993=CARTESIAN_POINT('',(-0.00452984961946134,0.000308843358335533,0.0116515449583674));
#4994=CARTESIAN_POINT('',(-0.00475174561620854,0.000512991912846519,0.0115657174932549));
#4995=CARTESIAN_POINT('',(-0.00531571988049164,0.000912569257921845,0.0113175982296195));
#4996=CARTESIAN_POINT('',(-0.00565789363735148,0.00110798570256778,0.0111552511219017));
#4997=CARTESIAN_POINT('',(-0.00605058003834907,0.00129913772316411,0.0109380291277511));
#4998=CARTESIAN_POINT('',(-0.000874597286245262,0.000100405687938132,0.00234202467683251));
#4999=CARTESIAN_POINT('',(-0.000905973246519167,0.000308865433642619,0.00233030775088363));
#5000=CARTESIAN_POINT('',(-0.000950349123241707,0.000512991912846519,0.00231314349865099));
#5001=CARTESIAN_POINT('',(-0.00106314397609833,0.000912569257921845,0.0022635196459239));
#5002=CARTESIAN_POINT('',(-0.00113159034079443,0.00110801396825726,0.00223104380024795));
#5003=CARTESIAN_POINT('',(-0.00121011600766981,0.00129913772316411,0.00218760582555023));
#5004=CARTESIAN_POINT('',(-0.000874597286245263,0.000100405687938132,0.00234202467683251));
#5005=CARTESIAN_POINT('',(-0.000937349662363223,0.000517328206124206,0.00231859065480827));
#5006=CARTESIAN_POINT('',(-0.00105307097567276,0.000916905551199533,0.00227447828901007));
#5007=CARTESIAN_POINT('',(-0.00121011600766981,0.00129913772316411,0.00218760582555022));
#5008=CARTESIAN_POINT('',(-0.000874597286245263,0.000100405687938131,0.00234202467683251));
#5009=CARTESIAN_POINT('',(-0.000874597286245262,0.000100405687938132,0.00234202467683251));
#5010=CARTESIAN_POINT('',(-0.00204072700123894,0.000100405687938132,0.00546472424594253));
#5011=CARTESIAN_POINT('',(-0.00320685671623263,0.000100405687938132,0.00858742381505254));
#5012=CARTESIAN_POINT('',(-0.00437298643122631,0.000100405687938132,0.0117101233841626));
#5013=CARTESIAN_POINT('',(-0.00437298683088065,0.000100406218993178,0.0117101232349171));
#5014=CARTESIAN_POINT('',(-0.0043729868308807,0.000100406218993247,0.011710123234917));
#5015=CARTESIAN_POINT('',(-0.00468674863295128,0.000517328326167497,0.0115929531419161));
#5016=CARTESIAN_POINT('',(-0.00526535459546947,0.000916905293203995,0.0113723914853872));
#5017=CARTESIAN_POINT('',(-0.00605057879947144,0.00129913712010274,0.0109380298130599));
#5018=CARTESIAN_POINT('',(-0.00437298643122631,0.000100405687938131,0.0117101233841626));
#5019=CARTESIAN_POINT('',(-0.00428914962799487,9.38912175283776E-5,0.0117414310989441));
#5020=CARTESIAN_POINT('',(-0.00420497659972326,8.73767472456408E-5,0.0117718384536299));
#5021=CARTESIAN_POINT('',(-0.00412048675654247,8.08622768358868E-5,0.0118013384363452));
#5022=CARTESIAN_POINT('',(-0.000874597286245263,0.000100405687938131,0.00234202467683251));
#5023=CARTESIAN_POINT('',(-0.000857829925611205,9.38912175331293E-5,0.00234828621978426));
#5024=CARTESIAN_POINT('',(-0.000840995319932327,8.73767472408891E-5,0.0023543676907303));
#5025=CARTESIAN_POINT('',(-0.000824097351308495,8.08622768358868E-5,0.00236026768726904));
#5026=CARTESIAN_POINT('',(-0.000874597286245263,0.000100405687938132,0.00234202467683251));
#5027=CARTESIAN_POINT('',(-0.00085782992570795,9.38912175707167E-5,0.00234828621974813));
#5028=CARTESIAN_POINT('',(-0.000840995319834829,8.73767472033018E-5,0.00235436769076434));
#5029=CARTESIAN_POINT('',(-0.000824097351308496,8.0862276835887E-5,0.00236026768726904));
#5030=CARTESIAN_POINT('',(-0.00437298643122631,0.000100405687938132,0.0117101233841626));
#5031=CARTESIAN_POINT('',(-0.00428914975627089,9.38912274959608E-5,0.0117414310510412));
#5032=CARTESIAN_POINT('',(-0.004204976855661,8.73767670537902E-5,0.0117718383611664));
#5033=CARTESIAN_POINT('',(-0.00412048714272076,8.08623066116195E-5,0.0118013383015094));
#5034=CARTESIAN_POINT('',(0.,0.0005,0.));
#5035=CARTESIAN_POINT('',(0.,0.0005,0.));
#5036=CARTESIAN_POINT('',(0.,0.,0.));
#5037=CARTESIAN_POINT('',(-0.00816001550626142,8.08622768358869E-5,-0.00946911542529572));
#5038=CARTESIAN_POINT('',(-0.00803882073699244,0.000288097721733181,-0.00957355508540069));
#5039=CARTESIAN_POINT('',(-0.00786376798949168,0.000491260591963996,-0.00972109665577366));
#5040=CARTESIAN_POINT('',(-0.00739223697049824,0.000889313880988838,-0.0100843145406838));
#5041=CARTESIAN_POINT('',(-0.00709567146423862,0.00108419191981175,-0.010300044345075));
#5042=CARTESIAN_POINT('',(-0.00672884143240698,0.00127502214391041,-0.0105343577392038));
#5043=CARTESIAN_POINT('',(-0.00163200310125228,8.08622768358869E-5,-0.00189382308505915));
#5044=CARTESIAN_POINT('',(-0.00160776182052147,0.000288117615801088,-0.00191471302226771));
#5045=CARTESIAN_POINT('',(-0.00157275359789834,0.000491260591963996,-0.00194421933115473));
#5046=CARTESIAN_POINT('',(-0.00147844739409965,0.000889313880988838,-0.00201686290813677));
#5047=CARTESIAN_POINT('',(-0.00141912402896404,0.0010842186169065,-0.00206001542509061));
#5048=CARTESIAN_POINT('',(-0.00134576828648139,0.00127502214391041,-0.00210687154784077));
#5049=CARTESIAN_POINT('',(-0.00816001550626142,8.08622768358869E-5,-0.00946911542529572));
#5050=CARTESIAN_POINT('',(-0.00598401137125837,8.08622768358869E-5,-0.0069440179785502));
#5051=CARTESIAN_POINT('',(-0.00380800723625533,8.08622768358869E-5,-0.00441892053180467));
#5052=CARTESIAN_POINT('',(-0.00163200310125228,8.08622768358869E-5,-0.00189382308505915));
#5053=CARTESIAN_POINT('',(-0.00163200310125228,8.08622768358865E-5,-0.00189382308505915));
#5054=CARTESIAN_POINT('',(-0.00816001519640108,8.08623066116195E-5,-0.00946911569231803));
#5055=CARTESIAN_POINT('',(-0.00163200310125228,8.0862276835887E-5,-0.00189382308505914));
#5056=CARTESIAN_POINT('',(-0.00158352023031745,0.000495375600665085,-0.00193560322616498));
#5057=CARTESIAN_POINT('',(-0.0014924744660225,0.000893428889689928,-0.00201316269119044));
#5058=CARTESIAN_POINT('',(-0.0013457682864814,0.00127502214391041,-0.00210687154784076));
#5059=CARTESIAN_POINT('',(-0.00134576828648139,0.00127502214391041,-0.00210687154784077));
#5060=CARTESIAN_POINT('',(-0.00134576828648139,0.00127502214391041,-0.00210687154784077));
#5061=CARTESIAN_POINT('',(-0.00314012600178992,0.00127502214391041,-0.00491603361162844));
#5062=CARTESIAN_POINT('',(-0.00493448371709845,0.00127502214391041,-0.00772519567541612));
#5063=CARTESIAN_POINT('',(-0.00672884143240698,0.00127502214391041,-0.0105343577392038));
#5064=CARTESIAN_POINT('',(-0.00672884258491288,0.00127502154436024,-0.0105343570030383));
#5065=CARTESIAN_POINT('',(-0.00816001537963935,8.08624933516389E-5,-0.00946911553441235));
#5066=CARTESIAN_POINT('',(-0.00791760111874297,0.000495375522186032,-0.00967801615347963));
#5067=CARTESIAN_POINT('',(-0.00746237267654438,0.000893428539188926,-0.0100658131216737));
#5068=CARTESIAN_POINT('',(-0.00672884258491273,0.00127502154436032,-0.0105343570030384));
#5069=CARTESIAN_POINT('',(-0.00644732107279209,0.00129913772316411,-0.0107089705847169));
#5070=CARTESIAN_POINT('',(-0.00654192698959069,0.00129109919662513,-0.010652013222087));
#5071=CARTESIAN_POINT('',(-0.00663577809229246,0.00128306067044939,-0.010593802128155));
#5072=CARTESIAN_POINT('',(-0.00672884143240698,0.00127502214391041,-0.0105343577392038));
#5073=CARTESIAN_POINT('',(-0.00128946421455842,0.00129913772316411,-0.00214179411694337));
#5074=CARTESIAN_POINT('',(-0.00130838539788616,0.00129109919663872,-0.00213040264443665));
#5075=CARTESIAN_POINT('',(-0.00132715561848995,0.00128306067043581,-0.00211876042561092));
#5076=CARTESIAN_POINT('',(-0.00134576828648139,0.00127502214391041,-0.00210687154784077));
#5077=CARTESIAN_POINT('',(-0.00128946421455842,0.00129913772316411,-0.00214179411694337));
#5078=CARTESIAN_POINT('',(-0.00130838539763314,0.00129109919674621,-0.00213040264458898));
#5079=CARTESIAN_POINT('',(-0.00132715561873884,0.00128306067032831,-0.00211876042545194));
#5080=CARTESIAN_POINT('',(-0.00134576828648139,0.00127502214391041,-0.00210687154784076));
#5081=CARTESIAN_POINT('',(-0.00128946421455842,0.00129913772316411,-0.00214179411694337));
#5082=CARTESIAN_POINT('',(-0.00128946421455842,0.00129913772316411,-0.00214179411694337));
#5083=CARTESIAN_POINT('',(-0.00300874983396964,0.00129913772316411,-0.0049975196062012));
#5084=CARTESIAN_POINT('',(-0.00472803545338087,0.00129913772316411,-0.00785324509545903));
#5085=CARTESIAN_POINT('',(-0.00644732107279209,0.00129913772316411,-0.0107089705847169));
#5086=CARTESIAN_POINT('',(-0.00644732228572587,0.00129913712010266,-0.0107089698544717));
#5087=CARTESIAN_POINT('',(-0.00644732231674349,0.00129913761746738,-0.0107089698357975));
#5088=CARTESIAN_POINT('',(-0.0065419278108505,0.00129109912628172,-0.010652012712676));
#5089=CARTESIAN_POINT('',(-0.00663577850158369,0.00128306063509607,-0.0105938018667195));
#5090=CARTESIAN_POINT('',(-0.00672884143240697,0.00127502214391041,-0.0105343577392038));
#5091=CARTESIAN_POINT('',(-0.00795477111652182,0.000100405687938132,-0.00964217903192791));
#5092=CARTESIAN_POINT('',(-0.00782560911755204,0.000308843358335533,-0.00974873732496052));
#5093=CARTESIAN_POINT('',(-0.00764033235404859,0.000512991912846519,-0.0098979911625854));
#5094=CARTESIAN_POINT('',(-0.00714346763643046,0.000912569257921846,-0.0102623475707175));
#5095=CARTESIAN_POINT('',(-0.00683178403848599,0.00110798570256778,-0.0104775051828076));
#5096=CARTESIAN_POINT('',(-0.00644732107279209,0.00129913772316411,-0.0107089705847169));
#5097=CARTESIAN_POINT('',(-0.00159095422330437,0.000100405687938132,-0.00192843580638558));
#5098=CARTESIAN_POINT('',(-0.00156511908764142,0.000308865433642619,-0.00194974972207647));
#5099=CARTESIAN_POINT('',(-0.00152806647080972,0.000512991912846519,-0.00197959823251708));
#5100=CARTESIAN_POINT('',(-0.00142869352728609,0.000912569257921846,-0.0020524695141435));
#5101=CARTESIAN_POINT('',(-0.00136634543757328,0.00110801396825727,-0.00209550788192904));
#5102=CARTESIAN_POINT('',(-0.00128946421455842,0.00129913772316411,-0.00214179411694337));
#5103=CARTESIAN_POINT('',(-0.00159095422330436,0.000100405687938132,-0.00192843580638558));
#5104=CARTESIAN_POINT('',(-0.00153928357685955,0.000517328206124206,-0.00197106394723945));
#5105=CARTESIAN_POINT('',(-0.00144322049080251,0.000916905551199533,-0.00204922536142571));
#5106=CARTESIAN_POINT('',(-0.00128946421455842,0.00129913772316411,-0.00214179411694337));
#5107=CARTESIAN_POINT('',(-0.00159095422330437,0.000100405687938131,-0.00192843580638559));
#5108=CARTESIAN_POINT('',(-0.00159095422330437,0.000100405687938132,-0.00192843580638558));
#5109=CARTESIAN_POINT('',(-0.00371222652104352,0.000100405687938132,-0.00449968354823302));
#5110=CARTESIAN_POINT('',(-0.00583349881878267,0.000100405687938132,-0.00707093129008047));
#5111=CARTESIAN_POINT('',(-0.00795477111652182,0.000100405687938132,-0.00964217903192791));
#5112=CARTESIAN_POINT('',(-0.00795477078744427,0.000100406218993178,-0.00964217930341598));
#5113=CARTESIAN_POINT('',(-0.00795477078744423,0.000100406218993247,-0.00964217930341601));
#5114=CARTESIAN_POINT('',(-0.00769641760930631,0.000517328326167497,-0.00985531994824583));
#5115=CARTESIAN_POINT('',(-0.00721610263039239,0.000916905293203995,-0.0102461265823033));
#5116=CARTESIAN_POINT('',(-0.0064473222857257,0.00129913712010274,-0.0107089698544718));
#5117=CARTESIAN_POINT('',(-0.00795477111652182,0.000100405687938131,-0.00964217903192791));
#5118=CARTESIAN_POINT('',(-0.00802380279447283,9.38912175283777E-5,-0.0095852280879482));
#5119=CARTESIAN_POINT('',(-0.00809222285022843,8.73767472456409E-5,-0.00952753578449442));
#5120=CARTESIAN_POINT('',(-0.00816001550626142,8.08622768358869E-5,-0.00946911542529572));
#5121=CARTESIAN_POINT('',(-0.00159095422330437,0.000100405687938131,-0.00192843580638559));
#5122=CARTESIAN_POINT('',(-0.00160476055888449,9.38912175331294E-5,-0.00191704561759795));
#5123=CARTESIAN_POINT('',(-0.00161844457005557,8.73767472408892E-5,-0.00190550715689037));
#5124=CARTESIAN_POINT('',(-0.00163200310125228,8.08622768358869E-5,-0.00189382308505915));
#5125=CARTESIAN_POINT('',(-0.00159095422330436,0.000100405687938132,-0.00192843580638558));
#5126=CARTESIAN_POINT('',(-0.00160476055880483,9.38912175707167E-5,-0.00191704561766367));
#5127=CARTESIAN_POINT('',(-0.00161844457013381,8.73767472033018E-5,-0.00190550715682295));
#5128=CARTESIAN_POINT('',(-0.00163200310125228,8.0862276835887E-5,-0.00189382308505914));
#5129=CARTESIAN_POINT('',(-0.00795477111652182,0.000100405687938132,-0.00964217903192791));
#5130=CARTESIAN_POINT('',(-0.00802380268884966,9.38912274959608E-5,-0.00958522817508702));
#5131=CARTESIAN_POINT('',(-0.00809222264218377,8.73767670537902E-5,-0.00952753595991122));
#5132=CARTESIAN_POINT('',(-0.00816001519640107,8.08623066116195E-5,-0.00946911569231803));
#5133=CARTESIAN_POINT('',(0.,0.0005,0.));
#5134=CARTESIAN_POINT('',(0.,0.0005,0.));
#5135=CARTESIAN_POINT('',(0.,0.,0.));
#5136=CARTESIAN_POINT('',(-0.00103578481968458,8.08622768358869E-5,-0.0124570120738205));
#5137=CARTESIAN_POINT('',(-0.000876348099752488,0.000288097721733181,-0.0124702690357009));
#5138=CARTESIAN_POINT('',(-0.00064800469294704,0.000491260591963996,-0.0124867392501552));
#5139=CARTESIAN_POINT('',(-5.30339690873582E-5,0.000889313880988838,-0.0125034297127456));
#5140=CARTESIAN_POINT('',(0.00031369536292317,0.00108419191981175,-0.0125036419597732));
#5141=CARTESIAN_POINT('',(0.000748193050205579,0.00127502214391041,-0.0124775881948245));
#5142=CARTESIAN_POINT('',(-0.000207156963936916,8.08622768358869E-5,-0.00249140241476411));
#5143=CARTESIAN_POINT('',(-0.000175266558847765,0.000288117615801088,-0.00249405406166701));
#5144=CARTESIAN_POINT('',(-0.000129600938589408,0.000491260591963996,-0.00249734785003104));
#5145=CARTESIAN_POINT('',(-1.06067938174714E-5,0.000889313880988838,-0.00250068594254913));
#5146=CARTESIAN_POINT('',(6.27512298055192E-5,0.0010842186169065,-0.00250072766297177));
#5147=CARTESIAN_POINT('',(0.000149638610041116,0.00127502214391041,-0.00249551763896491));
#5148=CARTESIAN_POINT('',(-0.00103578481968458,8.08622768358869E-5,-0.0124570120738205));
#5149=CARTESIAN_POINT('',(-0.000759575534435359,8.08622768358869E-5,-0.0091351421874684));
#5150=CARTESIAN_POINT('',(-0.000483366249186138,8.08622768358869E-5,-0.00581327230111625));
#5151=CARTESIAN_POINT('',(-0.000207156963936916,8.08622768358869E-5,-0.00249140241476411));
#5152=CARTESIAN_POINT('',(-0.000207156963936916,8.08622768358865E-5,-0.00249140241476411));
#5153=CARTESIAN_POINT('',(-0.00103578441205052,8.08623066116195E-5,-0.0124570121077148));
#5154=CARTESIAN_POINT('',(-0.000207156963936916,8.0862276835887E-5,-0.00249140241476411));
#5155=CARTESIAN_POINT('',(-0.000143375746633833,0.000495375600665085,-0.00249670574242182));
#5156=CARTESIAN_POINT('',(-2.41298663357118E-5,0.000893428889689928,-0.00250593731016577));
#5157=CARTESIAN_POINT('',(0.000149638610041114,0.00127502214391041,-0.0024955176389649));
#5158=CARTESIAN_POINT('',(0.000149638610041116,0.00127502214391041,-0.00249551763896491));
#5159=CARTESIAN_POINT('',(0.000149638610041116,0.00127502214391041,-0.00249551763896491));
#5160=CARTESIAN_POINT('',(0.000349156756762604,0.00127502214391041,-0.0058228744909181));
#5161=CARTESIAN_POINT('',(0.000548674903484091,0.00127502214391041,-0.0091502313428713));
#5162=CARTESIAN_POINT('',(0.000748193050205579,0.00127502214391041,-0.0124775881948245));
#5163=CARTESIAN_POINT('',(0.000748191685101507,0.00127502154436024,-0.0124775882766801));
#5164=CARTESIAN_POINT('',(-0.00103578465310802,8.08624933516389E-5,-0.0124570120876712));
#5165=CARTESIAN_POINT('',(-0.000716878693281499,0.000495375522186032,-0.0124835287111318));
#5166=CARTESIAN_POINT('',(-0.000120649808431825,0.000893428539188926,-0.0125296864840194));
#5167=CARTESIAN_POINT('',(0.00074819168510168,0.00127502154436032,-0.0124775882766801));
#5168=CARTESIAN_POINT('',(0.00107858266084997,0.00129913772316411,-0.012453379438679));
#5169=CARTESIAN_POINT('',(0.000968566168628155,0.00129109919662513,-0.0124629079270305));
#5170=CARTESIAN_POINT('',(0.000858423409068594,0.00128306067044939,-0.0124709784568579));
#5171=CARTESIAN_POINT('',(0.000748193050205579,0.00127502214391041,-0.0124775881948245));
#5172=CARTESIAN_POINT('',(0.000215716532169994,0.00129913772316411,-0.00249067588773581));
#5173=CARTESIAN_POINT('',(0.000193713233762815,0.00129109919663872,-0.00249258158540289));
#5174=CARTESIAN_POINT('',(0.000171684681776463,0.00128306067043581,-0.00249419569137382));
#5175=CARTESIAN_POINT('',(0.000149638610041116,0.00127502214391041,-0.00249551763896491));
#5176=CARTESIAN_POINT('',(0.000215716532169993,0.00129913772316411,-0.00249067588773581));
#5177=CARTESIAN_POINT('',(0.000193713234057052,0.00129109919674621,-0.0024925815853774));
#5178=CARTESIAN_POINT('',(0.000171684681481654,0.00128306067032831,-0.00249419569139149));
#5179=CARTESIAN_POINT('',(0.000149638610041116,0.00127502214391041,-0.0024955176389649));
#5180=CARTESIAN_POINT('',(0.000215716532169994,0.00129913772316411,-0.00249067588773581));
#5181=CARTESIAN_POINT('',(0.000215716532169994,0.00129913772316411,-0.00249067588773581));
#5182=CARTESIAN_POINT('',(0.000503338575063318,0.00129913772316411,-0.00581157707138355));
#5183=CARTESIAN_POINT('',(0.000790960617956643,0.00129913772316411,-0.0091324782550313));
#5184=CARTESIAN_POINT('',(0.00107858266084997,0.00129913772316411,-0.012453379438679));
#5185=CARTESIAN_POINT('',(0.00107858125033855,0.00129913712010266,-0.0124533795608428));
#5186=CARTESIAN_POINT('',(0.0010785812142684,0.00129913761746738,-0.0124533795639669));
#5187=CARTESIAN_POINT('',(0.000968565204790723,0.00129109912628172,-0.0124629079976327));
#5188=CARTESIAN_POINT('',(0.000858422924277056,0.00128306063509607,-0.0124709784859274));
#5189=CARTESIAN_POINT('',(0.000748193050205581,0.00127502214391041,-0.0124775881948245));
#5190=CARTESIAN_POINT('',(-0.000768014384698184,0.000100405687938132,-0.0124763838472891));
#5191=CARTESIAN_POINT('',(-0.000600886739350167,0.000308843358335534,-0.012486671799093));
#5192=CARTESIAN_POINT('',(-0.000363265484409123,0.000512991912846519,-0.0124985177410274));
#5193=CARTESIAN_POINT('',(0.000252869839327548,0.000912569257921846,-0.0125012385138153));
#5194=CARTESIAN_POINT('',(0.000631493638237566,0.00110798570256778,-0.0124921016562121));
#5195=CARTESIAN_POINT('',(0.00107858266084997,0.00129913772316411,-0.012453379438679));
#5196=CARTESIAN_POINT('',(-0.000153602876939637,0.000100405687938132,-0.00249527676945782));
#5197=CARTESIAN_POINT('',(-0.000120173807824622,0.000308865433642619,-0.00249733457773477));
#5198=CARTESIAN_POINT('',(-7.26530968818248E-5,0.000512991912846519,-0.00249970354820548));
#5199=CARTESIAN_POINT('',(5.05739678655099E-5,0.000912569257921846,-0.00250024770276306));
#5200=CARTESIAN_POINT('',(0.000126311949877071,0.00110801396825727,-0.00249841918606993));
#5201=CARTESIAN_POINT('',(0.000215716532169994,0.00129913772316411,-0.00249067588773581));
#5202=CARTESIAN_POINT('',(-0.000153602876939637,0.000100405687938132,-0.00249527676945782));
#5203=CARTESIAN_POINT('',(-8.67442533288905E-5,0.000517328206124206,-0.00249939241589053));
#5204=CARTESIAN_POINT('',(3.69145423803637E-5,0.000916905551199533,-0.00250616186299756));
#5205=CARTESIAN_POINT('',(0.000215716532169993,0.00129913772316411,-0.00249067588773581));
#5206=CARTESIAN_POINT('',(-0.000153602876939637,0.000100405687938131,-0.00249527676945782));
#5207=CARTESIAN_POINT('',(-0.000153602876939637,0.000100405687938132,-0.00249527676945782));
#5208=CARTESIAN_POINT('',(-0.000358406712859153,0.000100405687938132,-0.00582231246206826));
#5209=CARTESIAN_POINT('',(-0.000563210548778668,0.000100405687938132,-0.00914934815467869));
#5210=CARTESIAN_POINT('',(-0.000768014384698184,0.000100405687938132,-0.0124763838472891));
#5211=CARTESIAN_POINT('',(-0.000768013958892172,0.000100406218993178,-0.0124763838735006));
#5212=CARTESIAN_POINT('',(-0.000768013958892119,0.000100406218993247,-0.0124763838735006));
#5213=CARTESIAN_POINT('',(-0.000433720919532689,0.000517328326167497,-0.0124969620893676));
#5214=CARTESIAN_POINT('',(0.000184572437058536,0.000916905293203995,-0.0125308092367738));
#5215=CARTESIAN_POINT('',(0.00107858125033875,0.00129913712010274,-0.0124533795608428));
#5216=CARTESIAN_POINT('',(-0.000768014384698183,0.000100405687938131,-0.0124763838472891));
#5217=CARTESIAN_POINT('',(-0.000857337110286177,9.38912175283777E-5,-0.0124708853680044));
#5218=CARTESIAN_POINT('',(-0.000946600783289451,8.73767472456409E-5,-0.0124644276137999));
#5219=CARTESIAN_POINT('',(-0.00103578481968458,8.08622768358869E-5,-0.0124570120738205));
#5220=CARTESIAN_POINT('',(-0.000153602876939637,0.000100405687938131,-0.00249527676945782));
#5221=CARTESIAN_POINT('',(-0.000171467422044205,9.38912175331294E-5,-0.00249417707360169));
#5222=CARTESIAN_POINT('',(-0.000189320156670901,8.73767472408892E-5,-0.0024928855227589));
#5223=CARTESIAN_POINT('',(-0.000207156963936916,8.08622768358869E-5,-0.00249140241476411));
#5224=CARTESIAN_POINT('',(-0.000153602876939637,0.000100405687938132,-0.00249527676945782));
#5225=CARTESIAN_POINT('',(-0.00017146742194113,9.38912175707167E-5,-0.00249417707360803));
#5226=CARTESIAN_POINT('',(-0.000189320156773816,8.73767472033018E-5,-0.00249288552275033));
#5227=CARTESIAN_POINT('',(-0.000207156963936916,8.0862276835887E-5,-0.00249140241476411));
#5228=CARTESIAN_POINT('',(-0.000768014384698185,0.000100405687938132,-0.0124763838472891));
#5229=CARTESIAN_POINT('',(-0.000857336973616329,9.38912274959608E-5,-0.0124708853764175));
#5230=CARTESIAN_POINT('',(-0.000946600511870381,8.73767670537902E-5,-0.0124644276334294));
#5231=CARTESIAN_POINT('',(-0.00103578441205052,8.08623066116195E-5,-0.0124570121077148));
#5232=CARTESIAN_POINT('',(0.,0.0005,0.));
#5233=CARTESIAN_POINT('',(0.,0.0005,0.));
#5234=CARTESIAN_POINT('',(0.,0.,0.));
#5235=CARTESIAN_POINT('',(-0.00648408046298059,8.08622768358868E-5,0.0106867535084137));
#5236=CARTESIAN_POINT('',(-0.00662085972561654,0.000288097721733181,0.0106037640632188));
#5237=CARTESIAN_POINT('',(-0.00681527437143394,0.000491260591963996,0.0104828718596348));
#5238=CARTESIAN_POINT('',(-0.00730642620595659,0.000889313880988838,0.010146659710484));
#5239=CARTESIAN_POINT('',(-0.00760324122356154,0.00108419191981174,0.00993127332899746));
#5240=CARTESIAN_POINT('',(-0.00793944321778606,0.00127502214391041,0.00965480405764669));
#5241=CARTESIAN_POINT('',(-0.00129681609259612,8.08622768358868E-5,0.00213735070168275));
#5242=CARTESIAN_POINT('',(-0.00132417457121455,0.000288117615801087,0.00212075121928924));
#5243=CARTESIAN_POINT('',(-0.00136305487428679,0.000491260591963996,0.00209657437192697));
#5244=CARTESIAN_POINT('',(-0.00146128524119132,0.000889313880988838,0.00202933194209679));
#5245=CARTESIAN_POINT('',(-0.00152065765162522,0.0010842186169065,0.00198624693020481));
#5246=CARTESIAN_POINT('',(-0.00158788864355722,0.00127502214391041,0.00193096081152934));
#5247=CARTESIAN_POINT('',(-0.00648408046298059,8.08622768358868E-5,0.0106867535084137));
#5248=CARTESIAN_POINT('',(-0.0047549923395191,8.08622768358868E-5,0.00783695257283674));
#5249=CARTESIAN_POINT('',(-0.00302590421605761,8.08622768358868E-5,0.00498715163725975));
#5250=CARTESIAN_POINT('',(-0.00129681609259612,8.08622768358868E-5,0.00213735070168275));
#5251=CARTESIAN_POINT('',(-0.00129681609259612,8.08622768358865E-5,0.00213735070168275));
#5252=CARTESIAN_POINT('',(-0.00648408081268601,8.08623066116194E-5,0.0106867532962335));
#5253=CARTESIAN_POINT('',(-0.00129681609259612,8.0862276835887E-5,0.00213735070168275));
#5254=CARTESIAN_POINT('',(-0.00135153339910151,0.000495375600665085,0.00210415152498056));
#5255=CARTESIAN_POINT('',(-0.00145343152214733,0.000893428889689928,0.00204152905033428));
#5256=CARTESIAN_POINT('',(-0.00158788864355721,0.00127502214391041,0.00193096081152934));
#5257=CARTESIAN_POINT('',(-0.00158788864355722,0.00127502214391041,0.00193096081152934));
#5258=CARTESIAN_POINT('',(-0.00158788864355722,0.00127502214391041,0.00193096081152934));
#5259=CARTESIAN_POINT('',(-0.0037050735016335,0.00127502214391041,0.00450557522690179));
#5260=CARTESIAN_POINT('',(-0.00582225835970978,0.00127502214391041,0.00708018964227424));
#5261=CARTESIAN_POINT('',(-0.00793944321778606,0.00127502214391041,0.00965480405764669));
#5262=CARTESIAN_POINT('',(-0.00793944216150718,0.00127502154436024,0.0096548049262573));
#5263=CARTESIAN_POINT('',(-0.00648408060588505,8.08624933516389E-5,0.0106867534217079));
#5264=CARTESIAN_POINT('',(-0.0067576670272029,0.000495375522186032,0.0105207576006668));
#5265=CARTESIAN_POINT('',(-0.00726715718576553,0.000893428539188926,0.0102076454778499));
#5266=CARTESIAN_POINT('',(-0.00793944216150732,0.00127502154436032,0.00965480492625719));
#5267=CARTESIAN_POINT('',(-0.00819250447772364,0.00129913772316411,0.0094410206218649));
#5268=CARTESIAN_POINT('',(-0.00810909997078431,0.00129109919662513,0.00951339540250888));
#5269=CARTESIAN_POINT('',(-0.008024736344904,0.00128306067044939,0.00958466488800876));
#5270=CARTESIAN_POINT('',(-0.00793944321778606,0.00127502214391041,0.00965480405764669));
#5271=CARTESIAN_POINT('',(-0.00163850089554473,0.00129913772316411,0.00188820412437298));
#5272=CARTESIAN_POINT('',(-0.00162181999418505,0.00129109919663872,0.00190267908047731));
#5273=CARTESIAN_POINT('',(-0.00160494726895198,0.00128306067043581,0.00191693297762546));
#5274=CARTESIAN_POINT('',(-0.00158788864355722,0.00127502214391041,0.00193096081152934));
#5275=CARTESIAN_POINT('',(-0.00163850089554473,0.00129913772316411,0.00188820412437298));
#5276=CARTESIAN_POINT('',(-0.00162181999440812,0.00129109919674621,0.00190267908028375));
#5277=CARTESIAN_POINT('',(-0.00160494726872386,0.00128306067032831,0.00191693297781304));
#5278=CARTESIAN_POINT('',(-0.00158788864355721,0.00127502214391041,0.00193096081152934));
#5279=CARTESIAN_POINT('',(-0.00163850089554473,0.00129913772316411,0.00188820412437298));
#5280=CARTESIAN_POINT('',(-0.00163850089554473,0.00129913772316411,0.00188820412437298));
#5281=CARTESIAN_POINT('',(-0.00382316875627103,0.00129913772316411,0.00440580962353695));
#5282=CARTESIAN_POINT('',(-0.00600783661699734,0.00129913772316411,0.00692341512270093));
#5283=CARTESIAN_POINT('',(-0.00819250447772364,0.00129913772316411,0.0094410206218649));
#5284=CARTESIAN_POINT('',(-0.00819250340840202,0.00129913712010266,0.0094410215497753));
#5285=CARTESIAN_POINT('',(-0.0081925033810569,0.00129913761746738,0.00944102157350418));
#5286=CARTESIAN_POINT('',(-0.0081090992325224,0.00129109912628172,0.00951339602615671));
#5287=CARTESIAN_POINT('',(-0.00802473596978606,0.00128306063509607,0.00958466519647982));
#5288=CARTESIAN_POINT('',(-0.00793944321778607,0.00127502214391041,0.00965480405764669));
#5289=CARTESIAN_POINT('',(-0.00671209773823133,0.000100405687938132,0.010545034089676));
#5290=CARTESIAN_POINT('',(-0.00685335394989438,0.000308843358335533,0.0104551220523368));
#5291=CARTESIAN_POINT('',(-0.00705255645333493,0.000512991912846519,0.0103250353513905));
#5292=CARTESIAN_POINT('',(-0.00755261963119216,0.000912569257921845,0.00996508124610488));
#5293=CARTESIAN_POINT('',(-0.00785356220883371,0.00110798570256778,0.00973513988786244));
#5294=CARTESIAN_POINT('',(-0.00819250447772364,0.00129913772316411,0.0094410206218649));
#5295=CARTESIAN_POINT('',(-0.00134241954764627,0.000100405687938132,0.00210900681793521));
#5296=CARTESIAN_POINT('',(-0.00137067378202369,0.000308865433642619,0.00209102250597876));
#5297=CARTESIAN_POINT('',(-0.00141051129066699,0.000512991912846519,0.0020650070702781));
#5298=CARTESIAN_POINT('',(-0.00151052392623843,0.000912569257921845,0.00199301624922098));
#5299=CARTESIAN_POINT('',(-0.00157072246565966,0.00110801396825726,0.00194701927927695));
#5300=CARTESIAN_POINT('',(-0.00163850089554473,0.00129913772316411,0.00188820412437298));
#5301=CARTESIAN_POINT('',(-0.00134241954764627,0.000100405687938132,0.00210900681793521));
#5302=CARTESIAN_POINT('',(-0.00139892842664467,0.000517328206124206,0.00207303793289514));
#5303=CARTESIAN_POINT('',(-0.00150294947505308,0.000916905551199533,0.0020058297142131));
#5304=CARTESIAN_POINT('',(-0.00163850089554473,0.00129913772316411,0.00188820412437298));
#5305=CARTESIAN_POINT('',(-0.00134241954764627,0.000100405687938131,0.00210900681793521));
#5306=CARTESIAN_POINT('',(-0.00134241954764627,0.000100405687938132,0.00210900681793521));
#5307=CARTESIAN_POINT('',(-0.00313231227784129,0.000100405687938132,0.00492101590851549));
#5308=CARTESIAN_POINT('',(-0.00492220500803631,0.000100405687938132,0.00773302499909576));
#5309=CARTESIAN_POINT('',(-0.00671209773823133,0.000100405687938132,0.010545034089676));
#5310=CARTESIAN_POINT('',(-0.00671209809812238,0.000100406218993178,0.0105450338605991));
#5311=CARTESIAN_POINT('',(-0.00671209809812242,0.000100406218993247,0.0105450338605991));
#5312=CARTESIAN_POINT('',(-0.00699464241987057,0.000517328326167497,0.0103651894684699));
#5313=CARTESIAN_POINT('',(-0.00751474710693951,0.000916905293203995,0.0100291486693379));
#5314=CARTESIAN_POINT('',(-0.00819250340840216,0.00129913712010274,0.00944102154977517));
#5315=CARTESIAN_POINT('',(-0.00671209773823133,0.000100405687938131,0.010545034089676));
#5316=CARTESIAN_POINT('',(-0.00663660221021318,9.38912175283776E-5,0.0105930883072867));
#5317=CARTESIAN_POINT('',(-0.00656059060908883,8.73767472456408E-5,0.0106403317449465));
#5318=CARTESIAN_POINT('',(-0.00648408046298059,8.08622768358868E-5,0.0106867535084137));
#5319=CARTESIAN_POINT('',(-0.00134241954764627,0.000100405687938131,0.00210900681793521));
#5320=CARTESIAN_POINT('',(-0.00132732044205365,9.38912175331293E-5,0.00211861766145034));
#5321=CARTESIAN_POINT('',(-0.0013121181218066,8.73767472408892E-5,0.00212806634899608));
#5322=CARTESIAN_POINT('',(-0.00129681609259612,8.08622768358868E-5,0.00213735070168275));
#5323=CARTESIAN_POINT('',(-0.00134241954764627,0.000100405687938132,0.00210900681793521));
#5324=CARTESIAN_POINT('',(-0.00132732044214077,9.38912175707167E-5,0.00211861766139488));
#5325=CARTESIAN_POINT('',(-0.00131211812171831,8.73767472033018E-5,0.00212806634904964));
#5326=CARTESIAN_POINT('',(-0.00129681609259612,8.0862276835887E-5,0.00213735070168275));
#5327=CARTESIAN_POINT('',(-0.00671209773823133,0.000100405687938132,0.010545034089676));
#5328=CARTESIAN_POINT('',(-0.00663660232572648,9.38912274959608E-5,0.0105930882337605));
#5329=CARTESIAN_POINT('',(-0.00656059084020945,8.73767670537902E-5,0.010640331601291));
#5330=CARTESIAN_POINT('',(-0.00648408081268601,8.08623066116195E-5,0.0106867532962335));
#5331=CARTESIAN_POINT('',(0.,0.0005,0.));
#5332=CARTESIAN_POINT('',(0.,0.0005,0.));
#5333=CARTESIAN_POINT('',(0.,0.,0.));
#5334=CARTESIAN_POINT('',(-0.00360310887905623,8.08622768358869E-5,-0.0119694446991356));
#5335=CARTESIAN_POINT('',(-0.00344991251134545,0.000288097721733181,-0.0120155607226115));
#5336=CARTESIAN_POINT('',(-0.00322998330597064,0.000491260591963996,-0.0120791462871595));
#5337=CARTESIAN_POINT('',(-0.00265148426221814,0.000889313880988838,-0.0122191733922822));
#5338=CARTESIAN_POINT('',(-0.00229281297463171,0.00108419191981175,-0.0122956283166938));
#5339=CARTESIAN_POINT('',(-0.00186239322196937,0.00127502214391041,-0.0123604810378384));
#5340=CARTESIAN_POINT('',(-0.000720621775811247,8.08622768358869E-5,-0.00239388893982713));
#5341=CARTESIAN_POINT('',(-0.000689979560977899,0.000288117615801088,-0.00240311302992614));
#5342=CARTESIAN_POINT('',(-0.000645996661194127,0.000491260591963996,-0.0024158292574319));
#5343=CARTESIAN_POINT('',(-0.000530296852443628,0.000889313880988838,-0.00244383467845644));
#5344=CARTESIAN_POINT('',(-0.000458550551805839,0.0010842186169065,-0.00245912747791426));
#5345=CARTESIAN_POINT('',(-0.000372478644393875,0.00127502214391041,-0.00247209620756768));
#5346=CARTESIAN_POINT('',(-0.00360310887905623,8.08622768358869E-5,-0.0119694446991356));
#5347=CARTESIAN_POINT('',(-0.00264227984464124,8.08622768358869E-5,-0.00877759277936614));
#5348=CARTESIAN_POINT('',(-0.00168145081022624,8.08622768358869E-5,-0.00558574085959663));
#5349=CARTESIAN_POINT('',(-0.000720621775811247,8.08622768358869E-5,-0.00239388893982713));
#5350=CARTESIAN_POINT('',(-0.000720621775811247,8.08622768358865E-5,-0.00239388893982713));
#5351=CARTESIAN_POINT('',(-0.00360310848737697,8.08623066116195E-5,-0.0119694448170411));
#5352=CARTESIAN_POINT('',(-0.000720621775811246,8.0862276835887E-5,-0.00239388893982713));
#5353=CARTESIAN_POINT('',(-0.000659336954954629,0.000495375600665085,-0.00241233723778332));
#5354=CARTESIAN_POINT('',(-0.000544616234102175,0.000893428889689928,-0.00244615968621891));
#5355=CARTESIAN_POINT('',(-0.000372478644393876,0.00127502214391041,-0.00247209620756768));
#5356=CARTESIAN_POINT('',(-0.000372478644393875,0.00127502214391041,-0.00247209620756768));
#5357=CARTESIAN_POINT('',(-0.000372478644393875,0.00127502214391041,-0.00247209620756768));
#5358=CARTESIAN_POINT('',(-0.000869116836919042,0.00127502214391041,-0.00576822448432459));
#5359=CARTESIAN_POINT('',(-0.00136575502944421,0.00127502214391041,-0.00906435276108149));
#5360=CARTESIAN_POINT('',(-0.00186239322196937,0.00127502214391041,-0.0123604810378384));
#5361=CARTESIAN_POINT('',(-0.00186239457426139,0.00127502154436024,-0.0123604808340842));
#5362=CARTESIAN_POINT('',(-0.00360310871899948,8.08624933516389E-5,-0.0119694447473168));
#5363=CARTESIAN_POINT('',(-0.00329668473555392,0.000495375522186032,-0.0120616861962538));
#5364=CARTESIAN_POINT('',(-0.00272308162295547,0.000893428539188926,-0.0122307982666225));
#5365=CARTESIAN_POINT('',(-0.00186239457426121,0.00127502154436032,-0.0123604808340842));
#5366=CARTESIAN_POINT('',(-0.00153419013358739,0.00129913772316411,-0.0124054931636756));
#5367=CARTESIAN_POINT('',(-0.00164378358561939,0.00129109919662513,-0.0123919397167796));
#5368=CARTESIAN_POINT('',(-0.00175319741912299,0.00128306067044939,-0.0123769339187955));
#5369=CARTESIAN_POINT('',(-0.00186239322196937,0.00127502214391041,-0.0123604810378384));
#5370=CARTESIAN_POINT('',(-0.000306838026717478,0.00129913772316411,-0.00248109863273513));
#5371=CARTESIAN_POINT('',(-0.000328756717086839,0.00129109919663872,-0.0024783879433605));
#5372=CARTESIAN_POINT('',(-0.000350639483861505,0.00128306067043581,-0.00247538678375355));
#5373=CARTESIAN_POINT('',(-0.000372478644393875,0.00127502214391041,-0.00247209620756768));
#5374=CARTESIAN_POINT('',(-0.000306838026717477,0.00129913772316411,-0.00248109863273513));
#5375=CARTESIAN_POINT('',(-0.000328756716793732,0.00129109919674621,-0.00247838794339675));
#5376=CARTESIAN_POINT('',(-0.000350639484153545,0.00128306067032831,-0.00247538678370954));
#5377=CARTESIAN_POINT('',(-0.000372478644393873,0.00127502214391041,-0.00247209620756768));
#5378=CARTESIAN_POINT('',(-0.000306838026717478,0.00129913772316411,-0.00248109863273513));
#5379=CARTESIAN_POINT('',(-0.000306838026717478,0.00129913772316411,-0.00248109863273513));
#5380=CARTESIAN_POINT('',(-0.000715955395674115,0.00129913772316411,-0.00578923014304863));
#5381=CARTESIAN_POINT('',(-0.00112507276463075,0.00129913772316411,-0.00909736165336214));
#5382=CARTESIAN_POINT('',(-0.00153419013358739,0.00129913772316411,-0.0124054931636756));
#5383=CARTESIAN_POINT('',(-0.00153419153867503,0.00129913712010266,-0.0124054929899081));
#5384=CARTESIAN_POINT('',(-0.00153419157460648,0.00129913761746738,-0.0124054929854644));
#5385=CARTESIAN_POINT('',(-0.00164378454307369,0.00129109912628172,-0.0123919395854459));
#5386=CARTESIAN_POINT('',(-0.00175319789936456,0.00128306063509607,-0.012376933846436));
#5387=CARTESIAN_POINT('',(-0.00186239322196937,0.00127502214391041,-0.0123604810378384));
#5388=CARTESIAN_POINT('',(-0.00334521748870283,0.000100405687938132,-0.0120440657567649));
#5389=CARTESIAN_POINT('',(-0.00318388096884398,0.000308843358335534,-0.0120888766834651));
#5390=CARTESIAN_POINT('',(-0.00295391521825695,0.000512991912846519,-0.0121498680000356));
#5391=CARTESIAN_POINT('',(-0.00235180961008723,0.000912569257921846,-0.0122806310543409));
#5392=CARTESIAN_POINT('',(-0.00197955999008964,0.00110798570256778,-0.0123504141732133));
#5393=CARTESIAN_POINT('',(-0.00153419013358739,0.00129913772316411,-0.0124054931636756));
#5394=CARTESIAN_POINT('',(-0.000669043497740566,0.000100405687938132,-0.00240881315135298));
#5395=CARTESIAN_POINT('',(-0.00063677277638919,0.000308865433642619,-0.00241777628586402));
#5396=CARTESIAN_POINT('',(-0.000590783043651391,0.000512991912846519,-0.00242997360000713));
#5397=CARTESIAN_POINT('',(-0.000470361922017447,0.000912569257921846,-0.00245612621086817));
#5398=CARTESIAN_POINT('',(-0.000395898826631061,0.00110801396825727,-0.00247008446355104));
#5399=CARTESIAN_POINT('',(-0.000306838026717478,0.00129913772316411,-0.00248109863273513));
#5400=CARTESIAN_POINT('',(-0.000669043497740565,0.000100405687938132,-0.00240881315135298));
#5401=CARTESIAN_POINT('',(-0.000604501586475981,0.000517328206124206,-0.00242673955051726));
#5402=CARTESIAN_POINT('',(-0.000484952479337266,0.000916905551199533,-0.00245907117826369));
#5403=CARTESIAN_POINT('',(-0.000306838026717477,0.00129913772316411,-0.00248109863273513));
#5404=CARTESIAN_POINT('',(-0.000669043497740566,0.000100405687938131,-0.00240881315135298));
#5405=CARTESIAN_POINT('',(-0.000669043497740566,0.000100405687938132,-0.00240881315135298));
#5406=CARTESIAN_POINT('',(-0.00156110149472799,0.000100405687938132,-0.00562056401982362));
#5407=CARTESIAN_POINT('',(-0.00245315949171541,0.000100405687938132,-0.00883231488829426));
#5408=CARTESIAN_POINT('',(-0.00334521748870283,0.000100405687938132,-0.0120440657567649));
#5409=CARTESIAN_POINT('',(-0.00334521707765139,0.000100406218993178,-0.0120440658709337));
#5410=CARTESIAN_POINT('',(-0.00334521707765133,0.000100406218993247,-0.0120440658709337));
#5411=CARTESIAN_POINT('',(-0.00302250759491481,0.000517328326167497,-0.0121336978344532));
#5412=CARTESIAN_POINT('',(-0.00242476264926203,0.000916905293203995,-0.0122953557576705));
#5413=CARTESIAN_POINT('',(-0.00153419153867483,0.00129913712010274,-0.0124054929899081));
#5414=CARTESIAN_POINT('',(-0.00334521748870283,0.000100405687938131,-0.0120440657567649));
#5415=CARTESIAN_POINT('',(-0.00343144510030272,9.38912175283777E-5,-0.0120201161935394));
#5416=CARTESIAN_POINT('',(-0.00351741550528801,8.73767472456409E-5,-0.0119952405955754));
#5417=CARTESIAN_POINT('',(-0.00360310887905623,8.08622768358869E-5,-0.0119694446991356));
#5418=CARTESIAN_POINT('',(-0.000669043497740566,0.000100405687938131,-0.00240881315135298));
#5419=CARTESIAN_POINT('',(-0.000686289020047966,9.38912175331294E-5,-0.00240402323871138));
#5420=CARTESIAN_POINT('',(-0.000703483101070103,8.73767472408892E-5,-0.00239904811911132));
#5421=CARTESIAN_POINT('',(-0.000720621775811247,8.08622768358869E-5,-0.00239388893982713));
#5422=CARTESIAN_POINT('',(-0.000669043497740565,0.000100405687938132,-0.00240881315135298));
#5423=CARTESIAN_POINT('',(-0.000686289019948462,9.38912175707167E-5,-0.00240402323873902));
#5424=CARTESIAN_POINT('',(-0.000703483101168989,8.73767472033018E-5,-0.00239904811908155));
#5425=CARTESIAN_POINT('',(-0.000720621775811246,8.0862276835887E-5,-0.00239388893982713));
#5426=CARTESIAN_POINT('',(-0.00334521748870283,0.000100405687938132,-0.0120440657567649));
#5427=CARTESIAN_POINT('',(-0.00343144496836861,9.38912274959608E-5,-0.0120201162301839));
#5428=CARTESIAN_POINT('',(-0.00351741524388131,8.73767670537902E-5,-0.0119952406712072));
#5429=CARTESIAN_POINT('',(-0.00360310848737696,8.08623066116195E-5,-0.0119694448170411));
#5430=CARTESIAN_POINT('',(0.,0.0005,0.));
#5431=CARTESIAN_POINT('',(0.,0.0005,0.));
#5432=CARTESIAN_POINT('',(0.,0.,0.));
#5433=CARTESIAN_POINT('',(-0.00856428873911633,8.08622768358869E-5,0.0091051061714318));
#5434=CARTESIAN_POINT('',(-0.0086808245708233,0.000288097721733181,0.00899549223696466));
#5435=CARTESIAN_POINT('',(-0.00884585588772328,0.000491260591963996,0.00883682074034997));
#5436=CARTESIAN_POINT('',(-0.00925637243985419,0.000889313880988838,0.00840583942495666));
#5437=CARTESIAN_POINT('',(-0.00950191999043226,0.00108419191981175,0.00813344844050454));
#5438=CARTESIAN_POINT('',(-0.0097732939707792,0.00127502214391041,0.00779312036098064));
#5439=CARTESIAN_POINT('',(-0.00171285774782327,8.08622768358869E-5,0.00182102123428636));
#5440=CARTESIAN_POINT('',(-0.00173616715159248,0.000288117615801087,0.00179909634286196));
#5441=CARTESIAN_POINT('',(-0.00176917117754466,0.000491260591963996,0.00176736414807));
#5442=CARTESIAN_POINT('',(-0.00185127448797084,0.000889313880988838,0.00168116788499134));
#5443=CARTESIAN_POINT('',(-0.00190039159111518,0.0010842186169065,0.00162668016574036));
#5444=CARTESIAN_POINT('',(-0.00195465879415584,0.00127502214391041,0.00155862407219613));
#5445=CARTESIAN_POINT('',(-0.00856428873911633,8.08622768358869E-5,0.0091051061714318));
#5446=CARTESIAN_POINT('',(-0.00628047840868531,8.08622768358869E-5,0.00667707785904999));
#5447=CARTESIAN_POINT('',(-0.00399666807825429,8.08622768358869E-5,0.00424904954666817));
#5448=CARTESIAN_POINT('',(-0.00171285774782327,8.08622768358869E-5,0.00182102123428636));
#5449=CARTESIAN_POINT('',(-0.00171285774782327,8.08622768358865E-5,0.00182102123428636));
#5450=CARTESIAN_POINT('',(-0.00856428903706509,8.08623066116194E-5,0.00910510589118034));
#5451=CARTESIAN_POINT('',(-0.00171285774782327,8.0862276835887E-5,0.00182102123428636));
#5452=CARTESIAN_POINT('',(-0.00175947685293822,0.000495375600665085,0.00177717117153625));
#5453=CARTESIAN_POINT('',(-0.00184612831292786,0.000893428889689928,0.00169473133715536));
#5454=CARTESIAN_POINT('',(-0.00195465879415584,0.00127502214391041,0.00155862407219613));
#5455=CARTESIAN_POINT('',(-0.00195465879415584,0.00127502214391041,0.00155862407219613));
#5456=CARTESIAN_POINT('',(-0.00195465879415584,0.00127502214391041,0.00155862407219613));
#5457=CARTESIAN_POINT('',(-0.00456087051969696,0.00127502214391041,0.00363678950179097));
#5458=CARTESIAN_POINT('',(-0.00716708224523808,0.00127502214391041,0.0057149549313858));
#5459=CARTESIAN_POINT('',(-0.0097732939707792,0.00127502214391041,0.00779312036098064));
#5460=CARTESIAN_POINT('',(-0.00977329311817685,0.00127502154436024,0.00779312143022275));
#5461=CARTESIAN_POINT('',(-0.00856428886087083,8.08624933516389E-5,0.00910510605690918));
#5462=CARTESIAN_POINT('',(-0.00879738429065489,0.000495375522186032,0.00888585582738498));
#5463=CARTESIAN_POINT('',(-0.00923064119598002,0.000893428539188926,0.00847365699536926));
#5464=CARTESIAN_POINT('',(-0.00977329311817697,0.00127502154436032,0.00779312143022262));
#5465=CARTESIAN_POINT('',(-0.0099763771594236,0.00129913772316411,0.00753139421175995));
#5466=CARTESIAN_POINT('',(-0.00990984280408676,0.00129109919662513,0.00761952820186008));
#5467=CARTESIAN_POINT('',(-0.00984214048507673,0.00128306067044939,0.00770678046220761));
#5468=CARTESIAN_POINT('',(-0.0097732939707792,0.00127502214391041,0.00779312036098064));
#5469=CARTESIAN_POINT('',(-0.00199527543188472,0.00129913772316411,0.00150627884235199));
#5470=CARTESIAN_POINT('',(-0.00198196856083984,0.00129109919663872,0.00152390564034222));
#5471=CARTESIAN_POINT('',(-0.00196842809699207,0.00128306067043581,0.00154135609247071));
#5472=CARTESIAN_POINT('',(-0.00195465879415584,0.00127502214391041,0.00155862407219613));
#5473=CARTESIAN_POINT('',(-0.00199527543188472,0.00129913772316411,0.00150627884235199));
#5474=CARTESIAN_POINT('',(-0.00198196856101779,0.00129109919674621,0.00152390564010651));
#5475=CARTESIAN_POINT('',(-0.00196842809680795,0.00128306067032831,0.00154135609270162));
#5476=CARTESIAN_POINT('',(-0.00195465879415584,0.00127502214391041,0.00155862407219613));
#5477=CARTESIAN_POINT('',(-0.00199527543188472,0.00129913772316411,0.00150627884235199));
#5478=CARTESIAN_POINT('',(-0.00199527543188472,0.00129913772316411,0.00150627884235199));
#5479=CARTESIAN_POINT('',(-0.00465564267439768,0.00129913772316411,0.00351465063215464));
#5480=CARTESIAN_POINT('',(-0.00731600991691064,0.00129913772316411,0.0055230224219573));
#5481=CARTESIAN_POINT('',(-0.0099763771594236,0.00129913772316411,0.00753139421175995));
#5482=CARTESIAN_POINT('',(-0.00997637630639264,0.00129913712010266,0.00753139534171775));
#5483=CARTESIAN_POINT('',(-0.00997637628457859,0.00129913761746738,0.00753139537061348));
#5484=CARTESIAN_POINT('',(-0.00990984221162132,0.00129109912628172,0.00761952896537299));
#5485=CARTESIAN_POINT('',(-0.00984214018229075,0.00128306063509607,0.00770678084192924));
#5486=CARTESIAN_POINT('',(-0.00977329397077921,0.00127502214391041,0.00779312036098064));
#5487=CARTESIAN_POINT('',(-0.00875785816585723,0.000100405687938132,0.0089190762047831));
#5488=CARTESIAN_POINT('',(-0.00887733382667612,0.000308843358335533,0.00880176014337724));
#5489=CARTESIAN_POINT('',(-0.00904513673153002,0.000512991912846519,0.00863309961965381));
#5490=CARTESIAN_POINT('',(-0.00945943366251965,0.000912569257921846,0.00817704239437037));
#5491=CARTESIAN_POINT('',(-0.00970599242621726,0.00110798570256778,0.00788955632633955));
#5492=CARTESIAN_POINT('',(-0.0099763771594236,0.00129913772316411,0.00753139421175996));
#5493=CARTESIAN_POINT('',(-0.00175157163317145,0.000100405687938132,0.00178381524095662));
#5494=CARTESIAN_POINT('',(-0.00177546929603123,0.000308865433642619,0.0017603495437234));
#5495=CARTESIAN_POINT('',(-0.00180902734630601,0.000512991912846519,0.00172661992393076));
#5496=CARTESIAN_POINT('',(-0.00189188673250393,0.000912569257921846,0.00163540847887407));
#5497=CARTESIAN_POINT('',(-0.00194120648161293,0.00110801396825726,0.00157790067296647));
#5498=CARTESIAN_POINT('',(-0.00199527543188472,0.00129913772316411,0.00150627884235199));
#5499=CARTESIAN_POINT('',(-0.00175157163317145,0.000100405687938132,0.00178381524095662));
#5500=CARTESIAN_POINT('',(-0.00179936730587838,0.000517328206124206,0.00173688350577483));
#5501=CARTESIAN_POINT('',(-0.00188714187042186,0.000916905551199533,0.00164951675586617));
#5502=CARTESIAN_POINT('',(-0.00199527543188472,0.00129913772316411,0.00150627884235199));
#5503=CARTESIAN_POINT('',(-0.00175157163317145,0.000100405687938131,0.00178381524095662));
#5504=CARTESIAN_POINT('',(-0.00175157163317145,0.000100405687938132,0.00178381524095662));
#5505=CARTESIAN_POINT('',(-0.00408700047740004,0.000100405687938132,0.00416223556223211));
#5506=CARTESIAN_POINT('',(-0.00642242932162863,0.000100405687938132,0.00654065588350761));
#5507=CARTESIAN_POINT('',(-0.00875785816585723,0.000100405687938132,0.0089190762047831));
#5508=CARTESIAN_POINT('',(-0.00875785847025603,0.000100406218993178,0.0089190759058865));
#5509=CARTESIAN_POINT('',(-0.00875785847025607,0.000100406218993247,0.00891907590588646));
#5510=CARTESIAN_POINT('',(-0.00899683676902331,0.000517328326167497,0.00868441727755426));
#5511=CARTESIAN_POINT('',(-0.00943570911007891,0.000916905293203995,0.00824758393124384));
#5512=CARTESIAN_POINT('',(-0.00997637630639276,0.00129913712010274,0.00753139534171759));
#5513=CARTESIAN_POINT('',(-0.00875785816585723,0.000100405687938131,0.00891907620478309));
#5514=CARTESIAN_POINT('',(-0.00869400342989451,9.38912175283776E-5,0.00898177672532354));
#5515=CARTESIAN_POINT('',(-0.00862947532763068,8.73767472456408E-5,0.00904379148103241));
#5516=CARTESIAN_POINT('',(-0.00856428873911633,8.08622768358869E-5,0.0091051061714318));
#5517=CARTESIAN_POINT('',(-0.00175157163317145,0.000100405687938131,0.00178381524095662));
#5518=CARTESIAN_POINT('',(-0.00173880068598821,9.38912175331293E-5,0.00179635534505556));
#5519=CARTESIAN_POINT('',(-0.00172589506551662,8.73767472408892E-5,0.00180875829621542));
#5520=CARTESIAN_POINT('',(-0.00171285774782327,8.08622768358869E-5,0.00182102123428636));
#5521=CARTESIAN_POINT('',(-0.00175157163317145,0.000100405687938132,0.00178381524095662));
#5522=CARTESIAN_POINT('',(-0.0017388006860619,9.38912175707167E-5,0.00179635534498321));
#5523=CARTESIAN_POINT('',(-0.0017258950654414,8.73767472033018E-5,0.00180875829628618));
#5524=CARTESIAN_POINT('',(-0.00171285774782327,8.0862276835887E-5,0.00182102123428636));
#5525=CARTESIAN_POINT('',(-0.00875785816585723,0.000100405687938132,0.00891907620478309));
#5526=CARTESIAN_POINT('',(-0.0086940035275966,9.38912274959608E-5,0.00898177662938748));
#5527=CARTESIAN_POINT('',(-0.00862947552383312,8.73767670537902E-5,0.00904379129246349));
#5528=CARTESIAN_POINT('',(-0.00856428903706509,8.08623066116195E-5,0.00910510589118034));
#5529=CARTESIAN_POINT('',(0.,0.0005,0.));
#5530=CARTESIAN_POINT('',(0.,0.0005,0.));
#5531=CARTESIAN_POINT('',(0.,0.,0.));
#5532=CARTESIAN_POINT('',(0.00995043938802201,8.08622768358869E-5,0.00756562991331853));
#5533=CARTESIAN_POINT('',(0.00985360724156093,0.000288097721733181,0.00769298512566865));
#5534=CARTESIAN_POINT('',(0.00971305543395335,0.000491260591963996,0.00787369807145265));
#5535=CARTESIAN_POINT('',(0.00932734574364027,0.000889313880988838,0.00832701558555306));
#5536=CARTESIAN_POINT('',(0.00908211365362277,0.00108419191981175,0.00859969061196975));
#5537=CARTESIAN_POINT('',(0.00877201623206411,0.00127502214391041,0.00890515194841748));
#5538=CARTESIAN_POINT('',(0.0019900878776044,8.08622768358869E-5,0.0015131259826637));
#5539=CARTESIAN_POINT('',(0.00197071958918495,0.000288117615801088,0.00153859947028807));
#5540=CARTESIAN_POINT('',(0.00194261108679067,0.000491260591963996,0.00157473961429053));
#5541=CARTESIAN_POINT('',(0.00186546914872806,0.000889313880988838,0.00166540311711062));
#5542=CARTESIAN_POINT('',(0.00181641405421612,0.0010842186169065,0.00171994666918498));
#5543=CARTESIAN_POINT('',(0.00175440324641282,0.00127502214391041,0.00178103038968349));
#5544=CARTESIAN_POINT('',(0.00995043938802201,8.08622768358869E-5,0.00756562991331853));
#5545=CARTESIAN_POINT('',(0.00729698888454948,8.08622768358869E-5,0.00554812860310026));
#5546=CARTESIAN_POINT('',(0.00464353838107694,8.08622768358869E-5,0.00353062729288198));
#5547=CARTESIAN_POINT('',(0.0019900878776044,8.08622768358869E-5,0.0015131259826637));
#5548=CARTESIAN_POINT('',(0.0019900878776044,8.08622768358865E-5,0.0015131259826637));
#5549=CARTESIAN_POINT('',(0.00995043914044992,8.08623066116195E-5,0.00756563023892936));
#5550=CARTESIAN_POINT('',(0.0019900878776044,8.0862276835887E-5,0.00151312598266371));
#5551=CARTESIAN_POINT('',(0.00195135105350272,0.000495375600665085,0.00156407328311647));
#5552=CARTESIAN_POINT('',(0.00187842037711301,0.000893428889689928,0.00165886736654167));
#5553=CARTESIAN_POINT('',(0.00175440324641282,0.00127502214391041,0.0017810303896835));
#5554=CARTESIAN_POINT('',(0.00175440324641282,0.00127502214391041,0.00178103038968349));
#5555=CARTESIAN_POINT('',(0.00175440324641282,0.00127502214391041,0.00178103038968349));
#5556=CARTESIAN_POINT('',(0.00409360757496325,0.00127502214391041,0.00415573757592816));
#5557=CARTESIAN_POINT('',(0.00643281190351368,0.00127502214391041,0.00653044476217282));
#5558=CARTESIAN_POINT('',(0.00877201623206411,0.00127502214391041,0.00890515194841748));
#5559=CARTESIAN_POINT('',(0.00877201720632759,0.00127502154436024,0.00890515098871954));
#5560=CARTESIAN_POINT('',(0.00995043928685356,8.08624933516389E-5,0.00756563004637693));
#5561=CARTESIAN_POINT('',(0.00975675524009726,0.000495375522186032,0.00782036644457069));
#5562=CARTESIAN_POINT('',(0.00939210215492614,0.000893428539188926,0.00829433643370736));
#5563=CARTESIAN_POINT('',(0.00877201720632747,0.00127502154436032,0.00890515098871967));
#5564=CARTESIAN_POINT('',(0.00853295181969821,0.00129913772316411,0.00913448045828054));
#5565=CARTESIAN_POINT('',(0.00861364826866109,0.00129109919662513,0.00905909807455703));
#5566=CARTESIAN_POINT('',(0.00869334573263131,0.00128306067044939,0.00898264629124359));
#5567=CARTESIAN_POINT('',(0.00877201623206411,0.00127502214391041,0.00890515194841748));
#5568=CARTESIAN_POINT('',(0.00170659036393964,0.00129913772316411,0.00182689609165611));
#5569=CARTESIAN_POINT('',(0.00172272965370495,0.00129109919663872,0.00181181961493688));
#5570=CARTESIAN_POINT('',(0.00173866914655285,0.00128306067043581,0.00179652925822253));
#5571=CARTESIAN_POINT('',(0.00175440324641282,0.00127502214391041,0.00178103038968349));
#5572=CARTESIAN_POINT('',(0.00170659036393964,0.00129913772316411,0.00182689609165611));
#5573=CARTESIAN_POINT('',(0.00172272965348912,0.00129109919674621,0.00181181961513849));
#5574=CARTESIAN_POINT('',(0.00173866914676325,0.00128306067032831,0.00179652925801527));
#5575=CARTESIAN_POINT('',(0.00175440324641282,0.00127502214391041,0.0017810303896835));
#5576=CARTESIAN_POINT('',(0.00170659036393964,0.00129913772316411,0.00182689609165611));
#5577=CARTESIAN_POINT('',(0.00170659036393964,0.00129913772316411,0.00182689609165611));
#5578=CARTESIAN_POINT('',(0.00398204418252583,0.00129913772316411,0.00426275754719759));
#5579=CARTESIAN_POINT('',(0.00625749800111202,0.00129913772316411,0.00669861900273906));
#5580=CARTESIAN_POINT('',(0.00853295181969821,0.00129913772316411,0.00913448045828054));
#5581=CARTESIAN_POINT('',(0.00853295285429996,0.00129913712010266,0.00913447949180982));
#5582=CARTESIAN_POINT('',(0.0085329528807572,0.00129913761746738,0.00913447946709485));
#5583=CARTESIAN_POINT('',(0.00861364896606189,0.00129109912628172,0.00905909740552835));
#5584=CARTESIAN_POINT('',(0.00869334607862303,0.00128306063509607,0.00898264595042458));
#5585=CARTESIAN_POINT('',(0.00877201623206411,0.00127502214391041,0.00890515194841749));
#5586=CARTESIAN_POINT('',(0.00978566202770807,0.000100405687938132,0.00777758437302177));
#5587=CARTESIAN_POINT('',(0.00968147724318486,0.000308843358335534,0.00790866840128512));
#5588=CARTESIAN_POINT('',(0.00953128083923386,0.000512991912846519,0.00809318188962745));
#5589=CARTESIAN_POINT('',(0.00912102776468143,0.000912569257921846,0.0085528802196015));
#5590=CARTESIAN_POINT('',(0.00886088898408593,0.00110798570256778,0.00882813878549583));
#5591=CARTESIAN_POINT('',(0.00853295181969821,0.00129913772316411,0.00913448045828054));
#5592=CARTESIAN_POINT('',(0.00195713240554161,0.000100405687938132,0.00155551687460436));
#5593=CARTESIAN_POINT('',(0.00193629324182751,0.000308865433642619,0.00158173645683783));
#5594=CARTESIAN_POINT('',(0.00190625616784677,0.000512991912846519,0.00161863637792549));
#5595=CARTESIAN_POINT('',(0.00182420555293628,0.000912569257921846,0.0017105760439203));
#5596=CARTESIAN_POINT('',(0.0017721680983897,0.00110801396825727,0.00176563681686068));
#5597=CARTESIAN_POINT('',(0.00170659036393965,0.00129913772316411,0.00182689609165611));
#5598=CARTESIAN_POINT('',(0.00195713240554161,0.000100405687938132,0.00155551687460435));
#5599=CARTESIAN_POINT('',(0.0019154537755346,0.000517328206124206,0.0016079564197723));
#5600=CARTESIAN_POINT('',(0.00183774057016899,0.000916905551199533,0.00170438245817584));
#5601=CARTESIAN_POINT('',(0.00170659036393964,0.00129913772316411,0.00182689609165611));
#5602=CARTESIAN_POINT('',(0.00195713240554161,0.000100405687938131,0.00155551687460436));
#5603=CARTESIAN_POINT('',(0.00195713240554161,0.000100405687938132,0.00155551687460436));
#5604=CARTESIAN_POINT('',(0.0045666422795971,0.000100405687938132,0.00362953937407683));
#5605=CARTESIAN_POINT('',(0.00717615215365258,0.000100405687938132,0.0057035618735493));
#5606=CARTESIAN_POINT('',(0.00978566202770807,0.000100405687938132,0.00777758437302177));
#5607=CARTESIAN_POINT('',(0.00978566176226719,0.000100406218993178,0.00777758470699624));
#5608=CARTESIAN_POINT('',(0.00978566176226716,0.000100406218993247,0.00777758470699629));
#5609=CARTESIAN_POINT('',(0.00957726865277816,0.000517328326167497,0.00803978236345023));
#5610=CARTESIAN_POINT('',(0.00918870297662668,0.000916905293203995,0.00852191203429545));
#5611=CARTESIAN_POINT('',(0.00853295285429982,0.00129913712010274,0.00913447949180995));
#5612=CARTESIAN_POINT('',(0.00978566202770807,0.000100405687938131,0.00777758437302177));
#5613=CARTESIAN_POINT('',(0.00984134443081398,9.38912175283777E-5,0.00770752545092571));
#5614=CARTESIAN_POINT('',(0.00989627443983515,8.73767472456409E-5,0.0076368685332436));
#5615=CARTESIAN_POINT('',(0.00995043938802201,8.08622768358869E-5,0.00756562991331853));
#5616=CARTESIAN_POINT('',(0.00195713240554161,0.000100405687938131,0.00155551687460436));
#5617=CARTESIAN_POINT('',(0.00196826888615467,9.38912175331294E-5,0.00154150509019536));
#5618=CARTESIAN_POINT('',(0.00197925488797494,8.73767472408892E-5,0.00152737370663833));
#5619=CARTESIAN_POINT('',(0.0019900878776044,8.08622768358869E-5,0.0015131259826637));
#5620=CARTESIAN_POINT('',(0.00195713240554161,0.000100405687938132,0.00155551687460435));
#5621=CARTESIAN_POINT('',(0.00196826888609042,9.38912175707167E-5,0.00154150509027621));
#5622=CARTESIAN_POINT('',(0.00197925488803744,8.73767472033018E-5,0.00152737370655612));
#5623=CARTESIAN_POINT('',(0.0019900878776044,8.0862276835887E-5,0.00151312598266371));
#5624=CARTESIAN_POINT('',(0.00978566202770807,0.000100405687938132,0.00777758437302177));
#5625=CARTESIAN_POINT('',(0.00984134434561612,9.38912274959608E-5,0.00770752555812063));
#5626=CARTESIAN_POINT('',(0.00989627427280797,8.73767670537902E-5,0.00763686874808204));
#5627=CARTESIAN_POINT('',(0.00995043914044992,8.08623066116195E-5,0.00756563023892936));
#5628=CARTESIAN_POINT('',(0.,0.0005,0.));
#5629=CARTESIAN_POINT('',(0.,0.0005,0.));
#5630=CARTESIAN_POINT('',(0.,0.,0.));
#5631=CARTESIAN_POINT('',(0.00816001550626141,8.08622768358869E-5,0.00946911542529572));
#5632=CARTESIAN_POINT('',(0.00803882073699243,0.000288097721733181,0.00957355508540069));
#5633=CARTESIAN_POINT('',(0.00786376798949167,0.000491260591963996,0.00972109665577367));
#5634=CARTESIAN_POINT('',(0.00739223697049823,0.000889313880988838,0.0100843145406838));
#5635=CARTESIAN_POINT('',(0.00709567146423861,0.00108419191981175,0.010300044345075));
#5636=CARTESIAN_POINT('',(0.00672884143240697,0.00127502214391041,0.0105343577392038));
#5637=CARTESIAN_POINT('',(0.00163200310125228,8.08622768358869E-5,0.00189382308505915));
#5638=CARTESIAN_POINT('',(0.00160776182052147,0.000288117615801088,0.00191471302226771));
#5639=CARTESIAN_POINT('',(0.00157275359789834,0.000491260591963996,0.00194421933115473));
#5640=CARTESIAN_POINT('',(0.00147844739409965,0.000889313880988838,0.00201686290813677));
#5641=CARTESIAN_POINT('',(0.00141912402896403,0.0010842186169065,0.00206001542509061));
#5642=CARTESIAN_POINT('',(0.00134576828648139,0.00127502214391041,0.00210687154784077));
#5643=CARTESIAN_POINT('',(0.00816001550626141,8.08622768358869E-5,0.00946911542529572));
#5644=CARTESIAN_POINT('',(0.00598401137125837,8.08622768358869E-5,0.0069440179785502));
#5645=CARTESIAN_POINT('',(0.00380800723625532,8.08622768358869E-5,0.00441892053180467));
#5646=CARTESIAN_POINT('',(0.00163200310125228,8.08622768358869E-5,0.00189382308505915));
#5647=CARTESIAN_POINT('',(0.00163200310125228,8.08622768358865E-5,0.00189382308505915));
#5648=CARTESIAN_POINT('',(0.00816001519640107,8.08623066116195E-5,0.00946911569231804));
#5649=CARTESIAN_POINT('',(0.00163200310125228,8.0862276835887E-5,0.00189382308505915));
#5650=CARTESIAN_POINT('',(0.00158352023031744,0.000495375600665085,0.00193560322616499));
#5651=CARTESIAN_POINT('',(0.0014924744660225,0.000893428889689928,0.00201316269119044));
#5652=CARTESIAN_POINT('',(0.00134576828648139,0.00127502214391041,0.00210687154784076));
#5653=CARTESIAN_POINT('',(0.00134576828648139,0.00127502214391041,0.00210687154784077));
#5654=CARTESIAN_POINT('',(0.00134576828648139,0.00127502214391041,0.00210687154784077));
#5655=CARTESIAN_POINT('',(0.00314012600178992,0.00127502214391041,0.00491603361162845));
#5656=CARTESIAN_POINT('',(0.00493448371709844,0.00127502214391041,0.00772519567541614));
#5657=CARTESIAN_POINT('',(0.00672884143240697,0.00127502214391041,0.0105343577392038));
#5658=CARTESIAN_POINT('',(0.00672884258491287,0.00127502154436024,0.0105343570030383));
#5659=CARTESIAN_POINT('',(0.00816001537963934,8.08624933516389E-5,0.00946911553441236));
#5660=CARTESIAN_POINT('',(0.00791760111874296,0.000495375522186032,0.00967801615347964));
#5661=CARTESIAN_POINT('',(0.00746237267654437,0.000893428539188926,0.0100658131216737));
#5662=CARTESIAN_POINT('',(0.00672884258491272,0.00127502154436032,0.0105343570030384));
#5663=CARTESIAN_POINT('',(0.00644732107279208,0.00129913772316411,0.0107089705847169));
#5664=CARTESIAN_POINT('',(0.00654192698959068,0.00129109919662513,0.010652013222087));
#5665=CARTESIAN_POINT('',(0.00663577809229245,0.00128306067044939,0.0105938021281551));
#5666=CARTESIAN_POINT('',(0.00672884143240697,0.00127502214391041,0.0105343577392038));
#5667=CARTESIAN_POINT('',(0.00128946421455841,0.00129913772316411,0.00214179411694337));
#5668=CARTESIAN_POINT('',(0.00130838539788616,0.00129109919663872,0.00213040264443665));
#5669=CARTESIAN_POINT('',(0.00132715561848994,0.00128306067043581,0.00211876042561092));
#5670=CARTESIAN_POINT('',(0.00134576828648139,0.00127502214391041,0.00210687154784077));
#5671=CARTESIAN_POINT('',(0.00128946421455841,0.00129913772316411,0.00214179411694338));
#5672=CARTESIAN_POINT('',(0.00130838539763314,0.00129109919674621,0.00213040264458898));
#5673=CARTESIAN_POINT('',(0.00132715561873884,0.00128306067032831,0.00211876042545194));
#5674=CARTESIAN_POINT('',(0.00134576828648139,0.00127502214391041,0.00210687154784077));
#5675=CARTESIAN_POINT('',(0.00128946421455841,0.00129913772316411,0.00214179411694337));
#5676=CARTESIAN_POINT('',(0.00128946421455841,0.00129913772316411,0.00214179411694337));
#5677=CARTESIAN_POINT('',(0.00300874983396964,0.00129913772316411,0.0049975196062012));
#5678=CARTESIAN_POINT('',(0.00472803545338086,0.00129913772316411,0.00785324509545903));
#5679=CARTESIAN_POINT('',(0.00644732107279208,0.00129913772316411,0.0107089705847169));
#5680=CARTESIAN_POINT('',(0.00644732228572586,0.00129913712010266,0.0107089698544717));
#5681=CARTESIAN_POINT('',(0.00644732231674348,0.00129913761746738,0.0107089698357975));
#5682=CARTESIAN_POINT('',(0.00654192781085049,0.00129109912628172,0.010652012712676));
#5683=CARTESIAN_POINT('',(0.00663577850158368,0.00128306063509607,0.0105938018667195));
#5684=CARTESIAN_POINT('',(0.00672884143240696,0.00127502214391041,0.0105343577392038));
#5685=CARTESIAN_POINT('',(0.00795477111652181,0.000100405687938132,0.00964217903192792));
#5686=CARTESIAN_POINT('',(0.00782560911755203,0.000308843358335534,0.00974873732496052));
#5687=CARTESIAN_POINT('',(0.00764033235404858,0.000512991912846519,0.0098979911625854));
#5688=CARTESIAN_POINT('',(0.00714346763643045,0.000912569257921846,0.0102623475707175));
#5689=CARTESIAN_POINT('',(0.00683178403848598,0.00110798570256778,0.0104775051828076));
#5690=CARTESIAN_POINT('',(0.00644732107279208,0.00129913772316411,0.0107089705847169));
#5691=CARTESIAN_POINT('',(0.00159095422330437,0.000100405687938132,0.00192843580638559));
#5692=CARTESIAN_POINT('',(0.00156511908764142,0.000308865433642619,0.00194974972207647));
#5693=CARTESIAN_POINT('',(0.00152806647080972,0.000512991912846519,0.00197959823251708));
#5694=CARTESIAN_POINT('',(0.00142869352728609,0.000912569257921846,0.0020524695141435));
#5695=CARTESIAN_POINT('',(0.00136634543757328,0.00110801396825727,0.00209550788192904));
#5696=CARTESIAN_POINT('',(0.00128946421455842,0.00129913772316411,0.00214179411694337));
#5697=CARTESIAN_POINT('',(0.00159095422330436,0.000100405687938132,0.00192843580638558));
#5698=CARTESIAN_POINT('',(0.00153928357685955,0.000517328206124206,0.00197106394723945));
#5699=CARTESIAN_POINT('',(0.0014432204908025,0.000916905551199533,0.00204922536142571));
#5700=CARTESIAN_POINT('',(0.00128946421455841,0.00129913772316411,0.00214179411694338));
#5701=CARTESIAN_POINT('',(0.00159095422330437,0.000100405687938131,0.00192843580638559));
#5702=CARTESIAN_POINT('',(0.00159095422330437,0.000100405687938132,0.00192843580638559));
#5703=CARTESIAN_POINT('',(0.00371222652104351,0.000100405687938132,0.00449968354823303));
#5704=CARTESIAN_POINT('',(0.00583349881878266,0.000100405687938132,0.00707093129008048));
#5705=CARTESIAN_POINT('',(0.00795477111652181,0.000100405687938132,0.00964217903192792));
#5706=CARTESIAN_POINT('',(0.00795477078744426,0.000100406218993178,0.00964217930341598));
#5707=CARTESIAN_POINT('',(0.00795477078744422,0.000100406218993247,0.00964217930341602));
#5708=CARTESIAN_POINT('',(0.0076964176093063,0.000517328326167497,0.00985531994824584));
#5709=CARTESIAN_POINT('',(0.00721610263039238,0.000916905293203995,0.0102461265823033));
#5710=CARTESIAN_POINT('',(0.00644732228572569,0.00129913712010274,0.0107089698544718));
#5711=CARTESIAN_POINT('',(0.00795477111652181,0.000100405687938131,0.00964217903192792));
#5712=CARTESIAN_POINT('',(0.00802380279447282,9.38912175283777E-5,0.0095852280879482));
#5713=CARTESIAN_POINT('',(0.00809222285022842,8.73767472456409E-5,0.00952753578449443));
#5714=CARTESIAN_POINT('',(0.00816001550626141,8.08622768358869E-5,0.00946911542529572));
#5715=CARTESIAN_POINT('',(0.00159095422330437,0.000100405687938131,0.00192843580638559));
#5716=CARTESIAN_POINT('',(0.00160476055888449,9.38912175331294E-5,0.00191704561759795));
#5717=CARTESIAN_POINT('',(0.00161844457005557,8.73767472408892E-5,0.00190550715689037));
#5718=CARTESIAN_POINT('',(0.00163200310125228,8.08622768358869E-5,0.00189382308505915));
#5719=CARTESIAN_POINT('',(0.00159095422330436,0.000100405687938132,0.00192843580638558));
#5720=CARTESIAN_POINT('',(0.00160476055880483,9.38912175707167E-5,0.00191704561766367));
#5721=CARTESIAN_POINT('',(0.0016184445701338,8.73767472033018E-5,0.00190550715682295));
#5722=CARTESIAN_POINT('',(0.00163200310125228,8.0862276835887E-5,0.00189382308505915));
#5723=CARTESIAN_POINT('',(0.00795477111652181,0.000100405687938132,0.00964217903192792));
#5724=CARTESIAN_POINT('',(0.00802380268884965,9.38912274959608E-5,0.00958522817508702));
#5725=CARTESIAN_POINT('',(0.00809222264218376,8.73767670537902E-5,0.00952753595991123));
#5726=CARTESIAN_POINT('',(0.00816001519640107,8.08623066116195E-5,0.00946911569231804));
#5727=CARTESIAN_POINT('',(0.,0.0005,0.));
#5728=CARTESIAN_POINT('',(0.,0.0005,0.));
#5729=CARTESIAN_POINT('',(0.,0.,0.));
#5730=CARTESIAN_POINT('',(0.0113059813210204,8.08622768358869E-5,0.00533149007020916));
#5731=CARTESIAN_POINT('',(0.0112377438268197,0.000288097721733181,0.0054761948009066));
#5732=CARTESIAN_POINT('',(0.0111378357475402,0.000491260591963996,0.00568218109921394));
#5733=CARTESIAN_POINT('',(0.0108548047502146,0.000889313880988838,0.00620578609187966));
#5734=CARTESIAN_POINT('',(0.0106716238955271,0.00108419191981175,0.00652348913322748));
#5735=CARTESIAN_POINT('',(0.010431811829576,0.00127502214391041,0.00688674828582527));
#5736=CARTESIAN_POINT('',(0.00226119626420407,8.08622768358869E-5,0.00106629801404183));
#5737=CARTESIAN_POINT('',(0.00224754745523928,0.000288117615801088,0.00109524173843746));
#5738=CARTESIAN_POINT('',(0.00222756714950804,0.000491260591963996,0.00113643621984279));
#5739=CARTESIAN_POINT('',(0.00217096095004291,0.000889313880988838,0.00124115721837593));
#5740=CARTESIAN_POINT('',(0.00213431806917728,0.0010842186169065,0.00130470799061618));
#5741=CARTESIAN_POINT('',(0.00208636236591521,0.00127502214391041,0.00137734965716505));
#5742=CARTESIAN_POINT('',(0.0113059813210204,8.08622768358869E-5,0.00533149007020916));
#5743=CARTESIAN_POINT('',(0.00829105296874826,8.08622768358869E-5,0.00390975938482005));
#5744=CARTESIAN_POINT('',(0.00527612461647617,8.08622768358869E-5,0.00248802869943094));
#5745=CARTESIAN_POINT('',(0.00226119626420407,8.08622768358869E-5,0.00106629801404183));
#5746=CARTESIAN_POINT('',(0.00226119626420407,8.08622768358865E-5,0.00106629801404183));
#5747=CARTESIAN_POINT('',(0.0113059811465566,8.08623066116195E-5,0.00533149044017773));
#5748=CARTESIAN_POINT('',(0.00226119626420407,8.0862276835887E-5,0.00106629801404183));
#5749=CARTESIAN_POINT('',(0.0022338984720287,0.000495375600665085,0.00112418583233945));
#5750=CARTESIAN_POINT('',(0.00218227030406266,0.000893428889689928,0.00123207157784624));
#5751=CARTESIAN_POINT('',(0.00208636236591521,0.00127502214391041,0.00137734965716505));
#5752=CARTESIAN_POINT('',(0.00208636236591521,0.00127502214391041,0.00137734965716505));
#5753=CARTESIAN_POINT('',(0.00208636236591521,0.00127502214391041,0.00137734965716505));
#5754=CARTESIAN_POINT('',(0.00486817885380215,0.00127502214391041,0.00321381586671846));
#5755=CARTESIAN_POINT('',(0.0076499953416891,0.00127502214391041,0.00505028207627186));
#5756=CARTESIAN_POINT('',(0.010431811829576,0.00127502214391041,0.00688674828582527));
#5757=CARTESIAN_POINT('',(0.0104318125830171,0.00127502154436024,0.00688674714453826));
#5758=CARTESIAN_POINT('',(0.0113059812497271,8.08624933516389E-5,0.005331490221394));
#5759=CARTESIAN_POINT('',(0.0111694923393533,0.000495375522186032,0.00562092919575233));
#5760=CARTESIAN_POINT('',(0.0109113517008312,0.000893428539188926,0.00616035744294603));
#5761=CARTESIAN_POINT('',(0.010431812583017,0.00127502154436032,0.0068867471445384));
#5762=CARTESIAN_POINT('',(0.0102456516264378,0.00129913772316411,0.00716076970371702));
#5763=CARTESIAN_POINT('',(0.0103089117855208,0.00129109919662513,0.00707025687079341));
#5764=CARTESIAN_POINT('',(0.0103709724491531,0.00128306067044939,0.00697890570788561));
#5765=CARTESIAN_POINT('',(0.010431811829576,0.00127502214391041,0.00688674828582527));
#5766=CARTESIAN_POINT('',(0.00204913032528757,0.00129913772316411,0.0014321539407434));
#5767=CARTESIAN_POINT('',(0.00206178235708278,0.00129109919663872,0.00141405137418927));
#5768=CARTESIAN_POINT('',(0.00207419448985118,0.00128306067043581,0.00139578114154597));
#5769=CARTESIAN_POINT('',(0.00208636236591521,0.00127502214391041,0.00137734965716505));
#5770=CARTESIAN_POINT('',(0.00204913032528757,0.00129913772316411,0.0014321539407434));
#5771=CARTESIAN_POINT('',(0.00206178235691359,0.00129109919674621,0.00141405137443135));
#5772=CARTESIAN_POINT('',(0.0020741944900139,0.00128306067032831,0.0013957811412995));
#5773=CARTESIAN_POINT('',(0.00208636236591521,0.00127502214391041,0.00137734965716505));
#5774=CARTESIAN_POINT('',(0.00204913032528757,0.00129913772316411,0.0014321539407434));
#5775=CARTESIAN_POINT('',(0.00204913032528757,0.00129913772316411,0.0014321539407434));
#5776=CARTESIAN_POINT('',(0.00478130409233766,0.00129913772316411,0.00334169252840128));
#5777=CARTESIAN_POINT('',(0.00751347785938775,0.00129913772316411,0.00525123111605915));
#5778=CARTESIAN_POINT('',(0.0102456516264378,0.00129913772316411,0.00716076970371702));
#5779=CARTESIAN_POINT('',(0.0102456524374905,0.00129913712010266,0.0071607685432602));
#5780=CARTESIAN_POINT('',(0.0102456524582311,0.00129913761746738,0.00716076851358454));
#5781=CARTESIAN_POINT('',(0.0103089123285828,0.00129109912628172,0.00707025607138683));
#5782=CARTESIAN_POINT('',(0.0103709727167238,0.00128306063509607,0.00697890530257859));
#5783=CARTESIAN_POINT('',(0.010431811829576,0.00127502214391041,0.00688674828582527));
#5784=CARTESIAN_POINT('',(0.0111888725514673,0.000100405687938132,0.00557307195602407));
#5785=CARTESIAN_POINT('',(0.0111142183564084,0.000308843358335534,0.00572295271847208));
#5786=CARTESIAN_POINT('',(0.0110056666155848,0.000512991912846519,0.00593466173269736));
#5787=CARTESIAN_POINT('',(0.0106999552120687,0.000912569257921846,0.0064696109616162));
#5788=CARTESIAN_POINT('',(0.0105027305618185,0.00110798570256778,0.00679294036114805));
#5789=CARTESIAN_POINT('',(0.0102456516264378,0.00129913772316411,0.00716076970371702));
#5790=CARTESIAN_POINT('',(0.00223777451029346,0.000100405687938132,0.00111461439120481));
#5791=CARTESIAN_POINT('',(0.00222284208997991,0.000308865433642619,0.00114459371842176));
#5792=CARTESIAN_POINT('',(0.00220113332311696,0.000512991912846519,0.00118693234653947));
#5793=CARTESIAN_POINT('',(0.00213999104241374,0.000912569257921846,0.00129392219232324));
#5794=CARTESIAN_POINT('',(0.00210053850950046,0.00110801396825727,0.00135859895043006));
#5795=CARTESIAN_POINT('',(0.00204913032528757,0.00129913772316411,0.0014321539407434));
#5796=CARTESIAN_POINT('',(0.00223777451029346,0.000100405687938132,0.00111461439120481));
#5797=CARTESIAN_POINT('',(0.0022079094528518,0.000517328206124206,0.00117457348093013));
#5798=CARTESIAN_POINT('',(0.00215194256816144,0.000916905551199533,0.00128504986296925));
#5799=CARTESIAN_POINT('',(0.00204913032528757,0.00129913772316411,0.0014321539407434));
#5800=CARTESIAN_POINT('',(0.00223777451029346,0.000100405687938131,0.00111461439120481));
#5801=CARTESIAN_POINT('',(0.00223777451029346,0.000100405687938132,0.00111461439120481));
#5802=CARTESIAN_POINT('',(0.00522147385735141,0.000100405687938132,0.00260076691281123));
#5803=CARTESIAN_POINT('',(0.00820517320440935,0.000100405687938132,0.00408691943441765));
#5804=CARTESIAN_POINT('',(0.0111888725514673,0.000100405687938132,0.00557307195602407));
#5805=CARTESIAN_POINT('',(0.0111888723612641,0.000100406218993178,0.00557307233788865));
#5806=CARTESIAN_POINT('',(0.0111888723612641,0.000100406218993247,0.0055730723378887));
#5807=CARTESIAN_POINT('',(0.0110395470992898,0.000517328326167497,0.00587286771021578));
#5808=CARTESIAN_POINT('',(0.0107597129104935,0.000916905293203995,0.00642524903771801));
#5809=CARTESIAN_POINT('',(0.0102456524374904,0.00129913712010274,0.00716076854326036));
#5810=CARTESIAN_POINT('',(0.0111888725514673,0.000100405687938131,0.00557307195602407));
#5811=CARTESIAN_POINT('',(0.0112287720915186,9.38912175283777E-5,0.00549296696688726));
#5812=CARTESIAN_POINT('',(0.0112678113488277,8.73767472456409E-5,0.00541243348132903));
#5813=CARTESIAN_POINT('',(0.0113059813210204,8.08622768358869E-5,0.00533149007020916));
#5814=CARTESIAN_POINT('',(0.00223777451029346,0.000100405687938131,0.00111461439120481));
#5815=CARTESIAN_POINT('',(0.00224575441829789,9.38912175331294E-5,0.00109859339338914));
#5816=CARTESIAN_POINT('',(0.0022535622697711,8.73767472408892E-5,0.001082486696254));
#5817=CARTESIAN_POINT('',(0.00226119626420407,8.08622768358869E-5,0.00106629801404183));
#5818=CARTESIAN_POINT('',(0.00223777451029346,0.000100405687938132,0.00111461439120481));
#5819=CARTESIAN_POINT('',(0.00224575441825185,9.38912175707167E-5,0.00109859339348158));
#5820=CARTESIAN_POINT('',(0.00225356226981515,8.73767472033018E-5,0.00108248669616059));
#5821=CARTESIAN_POINT('',(0.00226119626420407,8.0862276835887E-5,0.00106629801404183));
#5822=CARTESIAN_POINT('',(0.0111888725514673,0.000100405687938132,0.00557307195602407));
#5823=CARTESIAN_POINT('',(0.0112287720304696,9.38912274959608E-5,0.00549296708945334));
#5824=CARTESIAN_POINT('',(0.0112678112301178,8.73767670537902E-5,0.00541243372619963));
#5825=CARTESIAN_POINT('',(0.0113059811465566,8.08623066116195E-5,0.00533149044017773));
#5826=CARTESIAN_POINT('',(0.,0.0005,0.));
#5827=CARTESIAN_POINT('',(0.,0.0005,0.));
#5828=CARTESIAN_POINT('',(0.,0.,0.));
#5829=CARTESIAN_POINT('',(-0.0102701965013358,8.08622768358869E-5,0.0071255220036114));
#5830=CARTESIAN_POINT('',(-0.0103613957270672,0.000288097721733181,0.00699407423479433));
#5831=CARTESIAN_POINT('',(-0.0104898310545931,0.000491260591963996,0.00680455815094127));
#5832=CARTESIAN_POINT('',(-0.0108017707811272,0.000889313880988838,0.00629764362086599));
#5833=CARTESIAN_POINT('',(-0.0109853192584503,0.00108419191981175,0.00598015282654578));
#5834=CARTESIAN_POINT('',(-0.0111800048797816,0.00127502214391041,0.00559083990899925));
#5835=CARTESIAN_POINT('',(-0.00205403930026716,8.08622768358869E-5,0.00142510440072228));
#5836=CARTESIAN_POINT('',(-0.00207228089639151,0.000288117615801087,0.00139881232322955));
#5837=CARTESIAN_POINT('',(-0.00209796621091863,0.000491260591963996,0.00136091163018825));
#5838=CARTESIAN_POINT('',(-0.00216035415622545,0.000889313880988838,0.0012595287241732));
#5839=CARTESIAN_POINT('',(-0.0021970692989828,0.0010842186169065,0.00119601967235559));
#5840=CARTESIAN_POINT('',(-0.00223600097595633,0.00127502214391041,0.00111816798179985));
#5841=CARTESIAN_POINT('',(-0.0102701965013358,8.08622768358869E-5,0.0071255220036114));
#5842=CARTESIAN_POINT('',(-0.00753147743431292,8.08622768358869E-5,0.00522538280264836));
#5843=CARTESIAN_POINT('',(-0.00479275836729004,8.08622768358869E-5,0.00332524360168532));
#5844=CARTESIAN_POINT('',(-0.00205403930026716,8.08622768358869E-5,0.00142510440072228));
#5845=CARTESIAN_POINT('',(-0.00205403930026716,8.08622768358865E-5,0.00142510440072228));
#5846=CARTESIAN_POINT('',(-0.0102701967345061,8.08623066116194E-5,0.00712552166753708));
#5847=CARTESIAN_POINT('',(-0.00205403930026716,8.0862276835887E-5,0.00142510440072228));
#5848=CARTESIAN_POINT('',(-0.00209052272539487,0.000495375600665085,0.00137251991008237));
#5849=CARTESIAN_POINT('',(-0.00215814043772695,0.000893428889689928,0.00127386573231953));
#5850=CARTESIAN_POINT('',(-0.00223600097595633,0.00127502214391041,0.00111816798179985));
#5851=CARTESIAN_POINT('',(-0.00223600097595633,0.00127502214391041,0.00111816798179985));
#5852=CARTESIAN_POINT('',(-0.00223600097595633,0.00127502214391041,0.00111816798179985));
#5853=CARTESIAN_POINT('',(-0.00521733561056477,0.00127502214391041,0.00260905862419965));
#5854=CARTESIAN_POINT('',(-0.0081986702451732,0.00127502214391041,0.00409994926659945));
#5855=CARTESIAN_POINT('',(-0.0111800048797816,0.00127502214391041,0.00559083990899925));
#5856=CARTESIAN_POINT('',(-0.0111800042681186,0.00127502154436024,0.00559084113214186));
#5857=CARTESIAN_POINT('',(-0.0102701965966191,8.08624933516389E-5,0.00712552186627718));
#5858=CARTESIAN_POINT('',(-0.0104526136460718,0.000495375522186032,0.00686259951537946));
#5859=CARTESIAN_POINT('',(-0.0107907018923994,0.000893428539188926,0.00636932904107339));
#5860=CARTESIAN_POINT('',(-0.0111800042681187,0.00127502154436032,0.0055908411321417));
#5861=CARTESIAN_POINT('',(-0.0113242342872878,0.00129913772316411,0.00529260973496203));
#5862=CARTESIAN_POINT('',(-0.011277477954149,0.00129109919662513,0.00539265105623711));
#5863=CARTESIAN_POINT('',(-0.0112293958582217,0.00128306067044939,0.00549207274897231));
#5864=CARTESIAN_POINT('',(-0.0111800048797816,0.00127502214391041,0.00559083990899925));
#5865=CARTESIAN_POINT('',(-0.00226484685745757,0.00129913772316411,0.0010585219469924));
#5866=CARTESIAN_POINT('',(-0.00225549559084559,0.00129109919663872,0.00107853021121361));
#5867=CARTESIAN_POINT('',(-0.00224587917162765,0.00128306067043581,0.00109841454982784));
#5868=CARTESIAN_POINT('',(-0.00223600097595633,0.00127502214391041,0.00111816798179985));
#5869=CARTESIAN_POINT('',(-0.00226484685745757,0.00129913772316411,0.0010585219469924));
#5870=CARTESIAN_POINT('',(-0.00225549559097064,0.00129109919674621,0.00107853021094605));
#5871=CARTESIAN_POINT('',(-0.00224587917149555,0.00128306067032831,0.00109841455009199));
#5872=CARTESIAN_POINT('',(-0.00223600097595633,0.00127502214391041,0.00111816798179985));
#5873=CARTESIAN_POINT('',(-0.00226484685745757,0.00129913772316411,0.0010585219469924));
#5874=CARTESIAN_POINT('',(-0.00226484685745757,0.00129913772316411,0.0010585219469924));
#5875=CARTESIAN_POINT('',(-0.00528464266740098,0.00129913772316411,0.00246988454298228));
#5876=CARTESIAN_POINT('',(-0.0083044384773444,0.00129913772316411,0.00388124713897216));
#5877=CARTESIAN_POINT('',(-0.0113242342872878,0.00129913772316411,0.00529260973496203));
#5878=CARTESIAN_POINT('',(-0.0113242336878291,0.00129913712010266,0.00529261101758264));
#5879=CARTESIAN_POINT('',(-0.0113242336724995,0.00129913761746738,0.00529261105038232));
#5880=CARTESIAN_POINT('',(-0.0112774775333736,0.00129109912628172,0.00539265192624592));
#5881=CARTESIAN_POINT('',(-0.0112293956410009,0.00128306063509607,0.00549207318334886));
#5882=CARTESIAN_POINT('',(-0.0111800048797816,0.00127502214391041,0.00559083990899925));
#5883=CARTESIAN_POINT('',(-0.0104208581667691,0.000100405687938132,0.00690331189126505));
#5884=CARTESIAN_POINT('',(-0.0105133316170582,0.000308843358335533,0.00676371908062095));
#5885=CARTESIAN_POINT('',(-0.0106424011311757,0.000512991912846519,0.00656385600833007));
#5886=CARTESIAN_POINT('',(-0.0109528250513962,0.000912569257921846,0.00603162755219909));
#5887=CARTESIAN_POINT('',(-0.0111342242000561,0.00110798570256778,0.00569916129506404));
#5888=CARTESIAN_POINT('',(-0.0113242342872878,0.00129913772316411,0.00529260973496203));
#5889=CARTESIAN_POINT('',(-0.00208417163335383,0.000100405687938132,0.00138066237825301));
#5890=CARTESIAN_POINT('',(-0.00210266828215529,0.000308865433642619,0.00135274085931302));
#5891=CARTESIAN_POINT('',(-0.00212848022623514,0.000512991912846519,0.00131277120166601));
#5892=CARTESIAN_POINT('',(-0.00219056501027925,0.000912569257921846,0.00120632551043982));
#5893=CARTESIAN_POINT('',(-0.00222685045937754,0.00110801396825726,0.00113982023563987));
#5894=CARTESIAN_POINT('',(-0.00226484685745757,0.00129913772316411,0.00105852194699241));
#5895=CARTESIAN_POINT('',(-0.00208417163335382,0.000100405687938132,0.00138066237825301));
#5896=CARTESIAN_POINT('',(-0.00212116519952291,0.000517328206124206,0.00132481893496039));
#5897=CARTESIAN_POINT('',(-0.0021888571105418,0.000916905551199533,0.0012211120000283));
#5898=CARTESIAN_POINT('',(-0.00226484685745757,0.00129913772316411,0.0010585219469924));
#5899=CARTESIAN_POINT('',(-0.00208417163335383,0.000100405687938131,0.00138066237825301));
#5900=CARTESIAN_POINT('',(-0.00208417163335383,0.000100405687938132,0.00138066237825301));
#5901=CARTESIAN_POINT('',(-0.00486306714449226,0.000100405687938132,0.00322154554925702));
#5902=CARTESIAN_POINT('',(-0.00764196265563069,0.000100405687938132,0.00506242872026104));
#5903=CARTESIAN_POINT('',(-0.0104208581667691,0.000100405687938132,0.00690331189126505));
#5904=CARTESIAN_POINT('',(-0.010420858402372,0.000100406218993178,0.00690331153561199));
#5905=CARTESIAN_POINT('',(-0.010420858402372,0.000100406218993247,0.00690331153561195));
#5906=CARTESIAN_POINT('',(-0.0106058261797571,0.000517328326167497,0.00662409437915187));
#5907=CARTESIAN_POINT('',(-0.0109442853475521,0.000916905293203995,0.0061055601990558));
#5908=CARTESIAN_POINT('',(-0.0113242336878292,0.00129913712010274,0.00529261101758246));
#5909=CARTESIAN_POINT('',(-0.0104208581667691,0.000100405687938131,0.00690331189126505));
#5910=CARTESIAN_POINT('',(-0.0103714349812324,9.38912175283776E-5,0.00697791840111718));
#5911=CARTESIAN_POINT('',(-0.0103212105655382,8.73767472456408E-5,0.00705199413247084));
#5912=CARTESIAN_POINT('',(-0.0102701965013358,8.08622768358869E-5,0.0071255220036114));
#5913=CARTESIAN_POINT('',(-0.00208417163335383,0.000100405687938131,0.00138066237825301));
#5914=CARTESIAN_POINT('',(-0.00207428699625369,9.38912175331293E-5,0.00139558368021255));
#5915=CARTESIAN_POINT('',(-0.0020642421131002,8.73767472408892E-5,0.00141039882650489));
#5916=CARTESIAN_POINT('',(-0.00205403930026716,8.08622768358869E-5,0.00142510440072228));
#5917=CARTESIAN_POINT('',(-0.00208417163335382,0.000100405687938132,0.00138066237825301));
#5918=CARTESIAN_POINT('',(-0.00207428699631072,9.38912175707167E-5,0.00139558368012646));
#5919=CARTESIAN_POINT('',(-0.00206424211304133,8.73767472033018E-5,0.00141039882658974));
#5920=CARTESIAN_POINT('',(-0.00205403930026716,8.0862276835887E-5,0.00142510440072228));
#5921=CARTESIAN_POINT('',(-0.0104208581667691,0.000100405687938132,0.00690331189126505));
#5922=CARTESIAN_POINT('',(-0.0103714350568532,9.38912274959608E-5,0.00697791828696414));
#5923=CARTESIAN_POINT('',(-0.0103212107182475,8.73767670537902E-5,0.00705199390722982));
#5924=CARTESIAN_POINT('',(-0.0102701967345061,8.08623066116195E-5,0.00712552166753707));
#5925=CARTESIAN_POINT('',(0.,0.0005,0.));
#5926=CARTESIAN_POINT('',(0.,0.0005,0.));
#5927=CARTESIAN_POINT('',(0.,0.,0.));
#5928=CARTESIAN_POINT('',(0.0121673976181726,8.08622768358869E-5,0.00286433852770384));
#5929=CARTESIAN_POINT('',(0.0121307370821687,0.000288097721733181,0.0030200684856468));
#5930=CARTESIAN_POINT('',(0.0120758391936939,0.000491260591963996,0.00324232554680953));
#5931=CARTESIAN_POINT('',(0.0119078567020723,0.000889313880988838,0.00381333396732556));
#5932=CARTESIAN_POINT('',(0.011794732965064,0.00108419191981175,0.00416217987618927));
#5933=CARTESIAN_POINT('',(0.0116356871927486,0.00127502214391041,0.00456736067685777));
#5934=CARTESIAN_POINT('',(0.00243347952363452,8.08622768358869E-5,0.000572867705540769));
#5935=CARTESIAN_POINT('',(0.00242614671257038,0.000288117615801088,0.000604016687064176));
#5936=CARTESIAN_POINT('',(0.00241516783873878,0.000491260591963996,0.000648465109361906));
#5937=CARTESIAN_POINT('',(0.00238157134041447,0.000889313880988838,0.000762666793465111));
#5938=CARTESIAN_POINT('',(0.00235894214292102,0.0010842186169065,0.000832447312173898));
#5939=CARTESIAN_POINT('',(0.00232713743854972,0.00127502214391041,0.000913472135371554));
#5940=CARTESIAN_POINT('',(0.0121673976181726,8.08622768358869E-5,0.00286433852770384));
#5941=CARTESIAN_POINT('',(0.00892275825332654,8.08622768358869E-5,0.00210051492031615));
#5942=CARTESIAN_POINT('',(0.00567811888848053,8.08622768358869E-5,0.00133669131292846));
#5943=CARTESIAN_POINT('',(0.00243347952363452,8.08622768358869E-5,0.000572867705540769));
#5944=CARTESIAN_POINT('',(0.00243347952363452,8.08622768358865E-5,0.000572867705540769));
#5945=CARTESIAN_POINT('',(0.0121673975244421,8.08623066116195E-5,0.00286433892586077));
#5946=CARTESIAN_POINT('',(0.00243347952363451,8.0862276835887E-5,0.00057286770554077));
#5947=CARTESIAN_POINT('',(0.00241881380789285,0.000495375600665085,0.000635166066247076));
#5948=CARTESIAN_POINT('',(0.00239074454703004,0.000893428889689928,0.000751428349063561));
#5949=CARTESIAN_POINT('',(0.00232713743854972,0.00127502214391041,0.000913472135371553));
#5950=CARTESIAN_POINT('',(0.00232713743854972,0.00127502214391041,0.000913472135371554));
#5951=CARTESIAN_POINT('',(0.00232713743854972,0.00127502214391041,0.000913472135371554));
#5952=CARTESIAN_POINT('',(0.005429987356616,0.00127502214391041,0.00213143498253363));
#5953=CARTESIAN_POINT('',(0.00853283727468229,0.00127502214391041,0.0033493978296957));
#5954=CARTESIAN_POINT('',(0.0116356871927486,0.00127502214391041,0.00456736067685777));
#5955=CARTESIAN_POINT('',(0.0116356876924382,0.00127502154436024,0.00456735940386142));
#5956=CARTESIAN_POINT('',(0.0121673975798703,8.08624933516389E-5,0.00286433869040765));
#5957=CARTESIAN_POINT('',(0.0120940690262088,0.000495375522186032,0.0031758303688688));
#5958=CARTESIAN_POINT('',(0.0119537228189355,0.000893428539188926,0.00375714127125325));
#5959=CARTESIAN_POINT('',(0.0116356876924382,0.00127502154436032,0.00456735940386158));
#5960=CARTESIAN_POINT('',(0.011510567293011,0.00129913772316411,0.0048740989519157));
#5961=CARTESIAN_POINT('',(0.0115536263897062,0.00129109919662513,0.00477241151491952));
#5962=CARTESIAN_POINT('',(0.0115953379041997,0.00128306067044939,0.00467015345658794));
#5963=CARTESIAN_POINT('',(0.0116356871927486,0.00127502214391041,0.00456736067685777));
#5964=CARTESIAN_POINT('',(0.0023021134586022,0.00129913772316411,0.00097481979038314));
#5965=CARTESIAN_POINT('',(0.00231072527792668,0.00129109919663872,0.000954482303018273));
#5966=CARTESIAN_POINT('',(0.00231906758085358,0.00128306067043581,0.000934030691282847));
#5967=CARTESIAN_POINT('',(0.00232713743854972,0.00127502214391041,0.000913472135371554));
#5968=CARTESIAN_POINT('',(0.0023021134586022,0.00129913772316411,0.000974819790383141));
#5969=CARTESIAN_POINT('',(0.00231072527781152,0.00129109919674621,0.000954482303290235));
#5970=CARTESIAN_POINT('',(0.00231906758096149,0.00128306067032831,0.000934030691007931));
#5971=CARTESIAN_POINT('',(0.00232713743854972,0.00127502214391041,0.000913472135371555));
#5972=CARTESIAN_POINT('',(0.0023021134586022,0.00129913772316411,0.00097481979038314));
#5973=CARTESIAN_POINT('',(0.0023021134586022,0.00129913772316411,0.00097481979038314));
#5974=CARTESIAN_POINT('',(0.0053715980700718,0.00129913772316411,0.00227457951089399));
#5975=CARTESIAN_POINT('',(0.0084410826815414,0.00129913772316411,0.00357433923140485));
#5976=CARTESIAN_POINT('',(0.011510567293011,0.00129913772316411,0.0048740989519157));
#5977=CARTESIAN_POINT('',(0.0115105678450677,0.00129913712010266,0.00487409764819032));
#5978=CARTESIAN_POINT('',(0.0115105678591851,0.00129913761746738,0.00487409761485094));
#5979=CARTESIAN_POINT('',(0.011553626754695,0.00129109912628172,0.00477241062007295));
#5980=CARTESIAN_POINT('',(0.0115953380816553,0.00128306063509607,0.00467015300450678));
#5981=CARTESIAN_POINT('',(0.0116356871927486,0.00127502214391041,0.00456736067685778));
#5982=CARTESIAN_POINT('',(0.0121030756545601,0.000100405687938132,0.00312498955198181));
#5983=CARTESIAN_POINT('',(0.0120612147955201,0.000308843358335533,0.00328711654008783));
#5984=CARTESIAN_POINT('',(0.011999051949787,0.000512991912846519,0.00351676838038185));
#5985=CARTESIAN_POINT('',(0.0118112432726069,0.000912569257921846,0.00410358865997051));
#5986=CARTESIAN_POINT('',(0.0116855524163069,0.00110798570256778,0.00446085784687374));
#5987=CARTESIAN_POINT('',(0.011510567293011,0.00129913772316411,0.0048740989519157));
#5988=CARTESIAN_POINT('',(0.00242061513091201,0.000100405687938132,0.000624997910396363));
#5989=CARTESIAN_POINT('',(0.00241224207242042,0.000308865433642619,0.000657426742140623));
#5990=CARTESIAN_POINT('',(0.00239981038995739,0.000512991912846519,0.000703353676076369));
#5991=CARTESIAN_POINT('',(0.00236224865452138,0.000912569257921846,0.000820717731994103));
#5992=CARTESIAN_POINT('',(0.00233710530824398,0.00110801396825727,0.000892183790584568));
#5993=CARTESIAN_POINT('',(0.0023021134586022,0.00129913772316411,0.00097481979038314));
#5994=CARTESIAN_POINT('',(0.00242061513091201,0.000100405687938132,0.000624997910396363));
#5995=CARTESIAN_POINT('',(0.00240386889235437,0.000517328206124206,0.000689856044742434));
#5996=CARTESIAN_POINT('',(0.00237209434975912,0.000916905551199533,0.000809554422397525));
#5997=CARTESIAN_POINT('',(0.0023021134586022,0.00129913772316411,0.000974819790383141));
#5998=CARTESIAN_POINT('',(0.00242061513091201,0.000100405687938131,0.000624997910396363));
#5999=CARTESIAN_POINT('',(0.00242061513091201,0.000100405687938132,0.000624997910396363));
#6000=CARTESIAN_POINT('',(0.00564810197212803,0.000100405687938132,0.00145832845759151));
#6001=CARTESIAN_POINT('',(0.00887558881334404,0.000100405687938132,0.00229165900478666));
#6002=CARTESIAN_POINT('',(0.0121030756545601,0.000100405687938132,0.00312498955198181));
#6003=CARTESIAN_POINT('',(0.0121030755479074,0.000100406218993178,0.0031249899650472));
#6004=CARTESIAN_POINT('',(0.0121030755479074,0.000100406218993247,0.00312498996504726));
#6005=CARTESIAN_POINT('',(0.0120193443639381,0.000517328326167497,0.00344928055689898));
#6006=CARTESIAN_POINT('',(0.0118604717593409,0.000916905293203995,0.00404777182642668));
#6007=CARTESIAN_POINT('',(0.0115105678450676,0.00129913712010274,0.00487409764819051));
#6008=CARTESIAN_POINT('',(0.0121030756545601,0.000100405687938131,0.00312498955198181));
#6009=CARTESIAN_POINT('',(0.0121254485301972,9.38912175283777E-5,0.00303833946821592));
#6010=CARTESIAN_POINT('',(0.0121468908329187,8.73767472456409E-5,0.00295144911454301));
#6011=CARTESIAN_POINT('',(0.0121673976181726,8.08622768358869E-5,0.00286433852770384));
#6012=CARTESIAN_POINT('',(0.00242061513091201,0.000100405687938131,0.000624997910396363));
#6013=CARTESIAN_POINT('',(0.00242508970603618,9.38912175331294E-5,0.000607667893655825));
#6014=CARTESIAN_POINT('',(0.00242937816658673,8.73767472408892E-5,0.000590289822895895));
#6015=CARTESIAN_POINT('',(0.00243347952363452,8.08622768358869E-5,0.000572867705540769));
#6016=CARTESIAN_POINT('',(0.00242061513091201,0.000100405687938132,0.000624997910396363));
#6017=CARTESIAN_POINT('',(0.00242508970601037,9.38912175707167E-5,0.000607667893755817));
#6018=CARTESIAN_POINT('',(0.00242937816661039,8.73767472033018E-5,0.000590289822795373));
#6019=CARTESIAN_POINT('',(0.00243347952363451,8.0862276835887E-5,0.00057286770554077));
#6020=CARTESIAN_POINT('',(0.0121030756545601,0.000100405687938132,0.00312498955198182));
#6021=CARTESIAN_POINT('',(0.0121254484959652,9.38912274959608E-5,0.00303833960079645));
#6022=CARTESIAN_POINT('',(0.0121468907677144,8.73767670537902E-5,0.00295144937874377));
#6023=CARTESIAN_POINT('',(0.0121673975244421,8.08623066116195E-5,0.00286433892586078));
#6024=CARTESIAN_POINT('',(0.,0.0005,0.));
#6025=CARTESIAN_POINT('',(0.,0.0005,0.));
#6026=CARTESIAN_POINT('',(0.,0.,0.));
#6027=CARTESIAN_POINT('',(-0.0115272473945763,8.08622768358869E-5,0.00483451833218506));
#6028=CARTESIAN_POINT('',(-0.0115891241705453,0.000288097721733181,0.00468698162727174));
#6029=CARTESIAN_POINT('',(-0.0116753502685832,0.000491260591963996,0.00447490371844375));
#6030=CARTESIAN_POINT('',(-0.011875079906618,0.000889313880988838,0.00391421057109658));
#6031=CARTESIAN_POINT('',(-0.0119886073614637,0.00108419191981175,0.00356549583810993));
#6032=CARTESIAN_POINT('',(-0.0120980959279221,0.00127502214391041,0.00314421292516822));
#6033=CARTESIAN_POINT('',(-0.00230544947891526,8.08622768358869E-5,0.000966903666437013));
#6034=CARTESIAN_POINT('',(-0.00231782602211123,0.000288117615801087,0.000937393492825762));
#6035=CARTESIAN_POINT('',(-0.00233507005371665,0.000491260591963996,0.000894980743688751));
#6036=CARTESIAN_POINT('',(-0.00237501598132361,0.000889313880988838,0.000782842114219317));
#6037=CARTESIAN_POINT('',(-0.00239772453577669,0.0010842186169065,0.000713087380149746));
#6038=CARTESIAN_POINT('',(-0.00241961918558442,0.00127502214391041,0.000628842585033644));
#6039=CARTESIAN_POINT('',(-0.0115272473945763,8.08622768358869E-5,0.00483451833218506));
#6040=CARTESIAN_POINT('',(-0.00845331475602264,8.08622768358869E-5,0.00354531344360238));
#6041=CARTESIAN_POINT('',(-0.00537938211746895,8.08622768358869E-5,0.0022561085550197));
#6042=CARTESIAN_POINT('',(-0.00230544947891526,8.08622768358869E-5,0.000966903666437013));
#6043=CARTESIAN_POINT('',(-0.00230544947891526,8.08622768358865E-5,0.000966903666437013));
#6044=CARTESIAN_POINT('',(-0.0115272475527775,8.08623066116194E-5,0.00483451795497593));
#6045=CARTESIAN_POINT('',(-0.00230544947891526,8.0862276835887E-5,0.000966903666437013));
#6046=CARTESIAN_POINT('',(-0.00233020272331075,0.000495375600665085,0.00090788294247665));
#6047=CARTESIAN_POINT('',(-0.00237583146949058,0.000893428889689928,0.000797326082295375));
#6048=CARTESIAN_POINT('',(-0.00241961918558442,0.00127502214391041,0.000628842585033646));
#6049=CARTESIAN_POINT('',(-0.00241961918558442,0.00127502214391041,0.000628842585033644));
#6050=CARTESIAN_POINT('',(-0.00241961918558442,0.00127502214391041,0.000628842585033644));
#6051=CARTESIAN_POINT('',(-0.00564577809969698,0.00127502214391041,0.0014672993650785));
#6052=CARTESIAN_POINT('',(-0.00887193701380954,0.00127502214391041,0.00230575614512336));
#6053=CARTESIAN_POINT('',(-0.0120980959279221,0.00127502214391041,0.00314421292516822));
#6054=CARTESIAN_POINT('',(-0.012098095583931,0.00127502154436024,0.00314421424875411));
#6055=CARTESIAN_POINT('',(-0.011527247459224,8.08624933516389E-5,0.00483451817804143));
#6056=CARTESIAN_POINT('',(-0.0116510136279502,0.000495375522186032,0.00453941467414582));
#6057=CARTESIAN_POINT('',(-0.0118791571365885,0.000893428539188926,0.00398663084425092));
#6058=CARTESIAN_POINT('',(-0.0120980955839311,0.00127502154436032,0.00314421424875395));
#6059=CARTESIAN_POINT('',(-0.0121771680370926,0.00129913772316411,0.00282251281598702));
#6060=CARTESIAN_POINT('',(-0.0121522332022716,0.00129109919662513,0.00293008918264582));
#6061=CARTESIAN_POINT('',(-0.0121258727477427,0.00128306067044939,0.00303733510271795));
#6062=CARTESIAN_POINT('',(-0.0120980959279221,0.00127502214391041,0.00314421292516822));
#6063=CARTESIAN_POINT('',(-0.00243543360741852,0.00129913772316411,0.000564502563197404));
#6064=CARTESIAN_POINT('',(-0.00243044664046276,0.00129109919663872,0.000586017836492805));
#6065=CARTESIAN_POINT('',(-0.00242517454953915,0.00128306067043581,0.000607467020579713));
#6066=CARTESIAN_POINT('',(-0.00241961918558442,0.00127502214391041,0.000628842585033644));
#6067=CARTESIAN_POINT('',(-0.00243543360741852,0.00129913772316411,0.000564502563197405));
#6068=CARTESIAN_POINT('',(-0.00243044664052944,0.00129109919674621,0.000586017836205095));
#6069=CARTESIAN_POINT('',(-0.00242517454946486,0.00128306067032831,0.000607467020865555));
#6070=CARTESIAN_POINT('',(-0.00241961918558442,0.00127502214391041,0.000628842585033643));
#6071=CARTESIAN_POINT('',(-0.00243543360741852,0.00129913772316411,0.000564502563197404));
#6072=CARTESIAN_POINT('',(-0.00243543360741852,0.00129913772316411,0.000564502563197404));
#6073=CARTESIAN_POINT('',(-0.00568267841730987,0.00129913772316411,0.00131717264746061));
#6074=CARTESIAN_POINT('',(-0.00892992322720122,0.00129913772316411,0.00206984273172381));
#6075=CARTESIAN_POINT('',(-0.0121771680370926,0.00129913772316411,0.00282251281598702));
#6076=CARTESIAN_POINT('',(-0.0121771677174053,0.00129913712010266,0.00282251419521378));
#6077=CARTESIAN_POINT('',(-0.0121771677092301,0.00129913761746738,0.00282251423048392));
#6078=CARTESIAN_POINT('',(-0.0121522329715762,0.00129109912628172,0.00293009012112698));
#6079=CARTESIAN_POINT('',(-0.0121258726255806,0.00128306063509607,0.00303733557276508));
#6080=CARTESIAN_POINT('',(-0.0120980959279221,0.00127502214391041,0.00314421292516822));
#6081=CARTESIAN_POINT('',(-0.0116284166609678,0.000100405687938132,0.00458583972233303));
#6082=CARTESIAN_POINT('',(-0.0116898463672126,0.000308843358335533,0.00443007103811645));
#6083=CARTESIAN_POINT('',(-0.0117745415334824,0.000512991912846519,0.00420774039256665));
#6084=CARTESIAN_POINT('',(-0.011967525428041,0.000912569257921846,0.00362260164303655));
#6085=CARTESIAN_POINT('',(-0.0120758369484171,0.00110798570256778,0.00325968556758417));
#6086=CARTESIAN_POINT('',(-0.0121771680370926,0.00129913772316411,0.00282251281598703));
#6087=CARTESIAN_POINT('',(-0.00232568333219355,0.000100405687938132,0.000917167944466606));
#6088=CARTESIAN_POINT('',(-0.00233797057462731,0.000308865433642619,0.000886010908179834));
#6089=CARTESIAN_POINT('',(-0.00235490830669649,0.000512991912846519,0.00084154807851333));
#6090=CARTESIAN_POINT('',(-0.00239350508560821,0.000912569257921846,0.000724520328607309));
#6091=CARTESIAN_POINT('',(-0.00241517038645329,0.00110801396825726,0.000651924184551493));
#6092=CARTESIAN_POINT('',(-0.00243543360741852,0.00129913772316411,0.000564502563197405));
#6093=CARTESIAN_POINT('',(-0.00232568333219355,0.000100405687938132,0.000917167944466606));
#6094=CARTESIAN_POINT('',(-0.00235025799546838,0.000517328206124206,0.000854853419501626));
#6095=CARTESIAN_POINT('',(-0.00239490879162934,0.000916905551199533,0.000739338790243722));
#6096=CARTESIAN_POINT('',(-0.00243543360741852,0.00129913772316411,0.000564502563197405));
#6097=CARTESIAN_POINT('',(-0.00232568333219355,0.000100405687938131,0.000917167944466606));
#6098=CARTESIAN_POINT('',(-0.00232568333219355,0.000100405687938132,0.000917167944466606));
#6099=CARTESIAN_POINT('',(-0.00542659444178496,0.000100405687938132,0.00214005853708875));
#6100=CARTESIAN_POINT('',(-0.00852750555137636,0.000100405687938132,0.00336294912971089));
#6101=CARTESIAN_POINT('',(-0.0116284166609678,0.000100405687938132,0.00458583972233303));
#6102=CARTESIAN_POINT('',(-0.0116284168174777,0.000100406218993178,0.00458583932546725));
#6103=CARTESIAN_POINT('',(-0.0116284168174777,0.000100406218993247,0.00458583932546721));
#6104=CARTESIAN_POINT('',(-0.0117512900940351,0.000517328326167497,0.00427426677044913));
#6105=CARTESIAN_POINT('',(-0.0119745437988295,0.000916905293203995,0.00369669418844066));
#6106=CARTESIAN_POINT('',(-0.0121771677174053,0.00129913712010274,0.00282251419521359));
#6107=CARTESIAN_POINT('',(-0.0116284166609678,0.000100405687938131,0.00458583972233303));
#6108=CARTESIAN_POINT('',(-0.0115955850562238,9.38912175283776E-5,0.00466909155901455));
#6109=CARTESIAN_POINT('',(-0.0115618593750685,8.73767472456408E-5,0.00475199080109805));
#6110=CARTESIAN_POINT('',(-0.0115272473945763,8.08622768358869E-5,0.00483451833218506));
#6111=CARTESIAN_POINT('',(-0.00232568333219355,0.000100405687938131,0.000917167944466606));
#6112=CARTESIAN_POINT('',(-0.00231911701124955,9.38912175331293E-5,0.000933818311790765));
#6113=CARTESIAN_POINT('',(-0.00231237187500866,8.73767472408892E-5,0.000950398160231649));
#6114=CARTESIAN_POINT('',(-0.00230544947891526,8.08622768358869E-5,0.000966903666437013));
#6115=CARTESIAN_POINT('',(-0.00232568333219355,0.000100405687938132,0.000917167944466606));
#6116=CARTESIAN_POINT('',(-0.00231911701128743,9.38912175707167E-5,0.000933818311694696));
#6117=CARTESIAN_POINT('',(-0.00231237187496872,8.73767472033018E-5,0.000950398160326883));
#6118=CARTESIAN_POINT('',(-0.00230544947891526,8.0862276835887E-5,0.000966903666437013));
#6119=CARTESIAN_POINT('',(-0.0116284166609678,0.000100405687938132,0.00458583972233303));
#6120=CARTESIAN_POINT('',(-0.0115955851064584,9.38912274959608E-5,0.00466909143163358));
#6121=CARTESIAN_POINT('',(-0.0115618594776105,8.73767670537902E-5,0.00475199054902905));
#6122=CARTESIAN_POINT('',(-0.0115272475527775,8.08623066116195E-5,0.00483451795497594));
#6123=CARTESIAN_POINT('',(0.,0.0005,0.));
#6124=CARTESIAN_POINT('',(0.,0.0005,0.));
#6125=MECHANICAL_DESIGN_GEOMETRIC_PRESENTATION_REPRESENTATION('',(#2538),
#6156);
#6126=MECHANICAL_DESIGN_GEOMETRIC_PRESENTATION_REPRESENTATION('',(#2539),
#6157);
#6127=MECHANICAL_DESIGN_GEOMETRIC_PRESENTATION_REPRESENTATION('',(#2540),
#6158);
#6128=MECHANICAL_DESIGN_GEOMETRIC_PRESENTATION_REPRESENTATION('',(#2541),
#6159);
#6129=MECHANICAL_DESIGN_GEOMETRIC_PRESENTATION_REPRESENTATION('',(#2542),
#6160);
#6130=MECHANICAL_DESIGN_GEOMETRIC_PRESENTATION_REPRESENTATION('',(#2543),
#6161);
#6131=MECHANICAL_DESIGN_GEOMETRIC_PRESENTATION_REPRESENTATION('',(#2544),
#6162);
#6132=MECHANICAL_DESIGN_GEOMETRIC_PRESENTATION_REPRESENTATION('',(#2545),
#6163);
#6133=MECHANICAL_DESIGN_GEOMETRIC_PRESENTATION_REPRESENTATION('',(#2546),
#6164);
#6134=MECHANICAL_DESIGN_GEOMETRIC_PRESENTATION_REPRESENTATION('',(#2547),
#6165);
#6135=MECHANICAL_DESIGN_GEOMETRIC_PRESENTATION_REPRESENTATION('',(#2548),
#6166);
#6136=MECHANICAL_DESIGN_GEOMETRIC_PRESENTATION_REPRESENTATION('',(#2549),
#6167);
#6137=MECHANICAL_DESIGN_GEOMETRIC_PRESENTATION_REPRESENTATION('',(#2550),
#6168);
#6138=MECHANICAL_DESIGN_GEOMETRIC_PRESENTATION_REPRESENTATION('',(#2551),
#6169);
#6139=MECHANICAL_DESIGN_GEOMETRIC_PRESENTATION_REPRESENTATION('',(#2552),
#6170);
#6140=MECHANICAL_DESIGN_GEOMETRIC_PRESENTATION_REPRESENTATION('',(#2553),
#6171);
#6141=MECHANICAL_DESIGN_GEOMETRIC_PRESENTATION_REPRESENTATION('',(#2554),
#6172);
#6142=MECHANICAL_DESIGN_GEOMETRIC_PRESENTATION_REPRESENTATION('',(#2555),
#6173);
#6143=MECHANICAL_DESIGN_GEOMETRIC_PRESENTATION_REPRESENTATION('',(#2556),
#6174);
#6144=MECHANICAL_DESIGN_GEOMETRIC_PRESENTATION_REPRESENTATION('',(#2557),
#6175);
#6145=MECHANICAL_DESIGN_GEOMETRIC_PRESENTATION_REPRESENTATION('',(#2558),
#6176);
#6146=MECHANICAL_DESIGN_GEOMETRIC_PRESENTATION_REPRESENTATION('',(#2559),
#6177);
#6147=MECHANICAL_DESIGN_GEOMETRIC_PRESENTATION_REPRESENTATION('',(#2560),
#6178);
#6148=MECHANICAL_DESIGN_GEOMETRIC_PRESENTATION_REPRESENTATION('',(#2561),
#6179);
#6149=MECHANICAL_DESIGN_GEOMETRIC_PRESENTATION_REPRESENTATION('',(#2562),
#6180);
#6150=MECHANICAL_DESIGN_GEOMETRIC_PRESENTATION_REPRESENTATION('',(#2563),
#6181);
#6151=MECHANICAL_DESIGN_GEOMETRIC_PRESENTATION_REPRESENTATION('',(#2564),
#6182);
#6152=MECHANICAL_DESIGN_GEOMETRIC_PRESENTATION_REPRESENTATION('',(#2565),
#6183);
#6153=MECHANICAL_DESIGN_GEOMETRIC_PRESENTATION_REPRESENTATION('',(#2566),
#6184);
#6154=MECHANICAL_DESIGN_GEOMETRIC_PRESENTATION_REPRESENTATION('',(#2567),
#6185);
#6155=MECHANICAL_DESIGN_GEOMETRIC_PRESENTATION_REPRESENTATION('',(#2568),
#6186);
#6156=(
GEOMETRIC_REPRESENTATION_CONTEXT(3)
GLOBAL_UNCERTAINTY_ASSIGNED_CONTEXT((#6187))
GLOBAL_UNIT_ASSIGNED_CONTEXT((#6280,#6249,#6218))
REPRESENTATION_CONTEXT('Part 6','TOP_LEVEL_ASSEMBLY_PART')
);
#6157=(
GEOMETRIC_REPRESENTATION_CONTEXT(3)
GLOBAL_UNCERTAINTY_ASSIGNED_CONTEXT((#6188))
GLOBAL_UNIT_ASSIGNED_CONTEXT((#6281,#6250,#6219))
REPRESENTATION_CONTEXT('Part 22','TOP_LEVEL_ASSEMBLY_PART')
);
#6158=(
GEOMETRIC_REPRESENTATION_CONTEXT(3)
GLOBAL_UNCERTAINTY_ASSIGNED_CONTEXT((#6189))
GLOBAL_UNIT_ASSIGNED_CONTEXT((#6282,#6251,#6220))
REPRESENTATION_CONTEXT('Part 7','TOP_LEVEL_ASSEMBLY_PART')
);
#6159=(
GEOMETRIC_REPRESENTATION_CONTEXT(3)
GLOBAL_UNCERTAINTY_ASSIGNED_CONTEXT((#6190))
GLOBAL_UNIT_ASSIGNED_CONTEXT((#6283,#6252,#6221))
REPRESENTATION_CONTEXT('Part 21','TOP_LEVEL_ASSEMBLY_PART')
);
#6160=(
GEOMETRIC_REPRESENTATION_CONTEXT(3)
GLOBAL_UNCERTAINTY_ASSIGNED_CONTEXT((#6191))
GLOBAL_UNIT_ASSIGNED_CONTEXT((#6284,#6253,#6222))
REPRESENTATION_CONTEXT('Part 8','TOP_LEVEL_ASSEMBLY_PART')
);
#6161=(
GEOMETRIC_REPRESENTATION_CONTEXT(3)
GLOBAL_UNCERTAINTY_ASSIGNED_CONTEXT((#6192))
GLOBAL_UNIT_ASSIGNED_CONTEXT((#6285,#6254,#6223))
REPRESENTATION_CONTEXT('Part 20','TOP_LEVEL_ASSEMBLY_PART')
);
#6162=(
GEOMETRIC_REPRESENTATION_CONTEXT(3)
GLOBAL_UNCERTAINTY_ASSIGNED_CONTEXT((#6193))
GLOBAL_UNIT_ASSIGNED_CONTEXT((#6286,#6255,#6224))
REPRESENTATION_CONTEXT('Part 19','TOP_LEVEL_ASSEMBLY_PART')
);
#6163=(
GEOMETRIC_REPRESENTATION_CONTEXT(3)
GLOBAL_UNCERTAINTY_ASSIGNED_CONTEXT((#6194))
GLOBAL_UNIT_ASSIGNED_CONTEXT((#6287,#6256,#6225))
REPRESENTATION_CONTEXT('Part 9','TOP_LEVEL_ASSEMBLY_PART')
);
#6164=(
GEOMETRIC_REPRESENTATION_CONTEXT(3)
GLOBAL_UNCERTAINTY_ASSIGNED_CONTEXT((#6195))
GLOBAL_UNIT_ASSIGNED_CONTEXT((#6288,#6257,#6226))
REPRESENTATION_CONTEXT('Part 31','TOP_LEVEL_ASSEMBLY_PART')
);
#6165=(
GEOMETRIC_REPRESENTATION_CONTEXT(3)
GLOBAL_UNCERTAINTY_ASSIGNED_CONTEXT((#6196))
GLOBAL_UNIT_ASSIGNED_CONTEXT((#6289,#6258,#6227))
REPRESENTATION_CONTEXT('Part 10','TOP_LEVEL_ASSEMBLY_PART')
);
#6166=(
GEOMETRIC_REPRESENTATION_CONTEXT(3)
GLOBAL_UNCERTAINTY_ASSIGNED_CONTEXT((#6197))
GLOBAL_UNIT_ASSIGNED_CONTEXT((#6290,#6259,#6228))
REPRESENTATION_CONTEXT('Part 30','TOP_LEVEL_ASSEMBLY_PART')
);
#6167=(
GEOMETRIC_REPRESENTATION_CONTEXT(3)
GLOBAL_UNCERTAINTY_ASSIGNED_CONTEXT((#6198))
GLOBAL_UNIT_ASSIGNED_CONTEXT((#6291,#6260,#6229))
REPRESENTATION_CONTEXT('Part 1','TOP_LEVEL_ASSEMBLY_PART')
);
#6168=(
GEOMETRIC_REPRESENTATION_CONTEXT(3)
GLOBAL_UNCERTAINTY_ASSIGNED_CONTEXT((#6199))
GLOBAL_UNIT_ASSIGNED_CONTEXT((#6292,#6261,#6230))
REPRESENTATION_CONTEXT('Part 11','TOP_LEVEL_ASSEMBLY_PART')
);
#6169=(
GEOMETRIC_REPRESENTATION_CONTEXT(3)
GLOBAL_UNCERTAINTY_ASSIGNED_CONTEXT((#6200))
GLOBAL_UNIT_ASSIGNED_CONTEXT((#6293,#6262,#6231))
REPRESENTATION_CONTEXT('Part 29','TOP_LEVEL_ASSEMBLY_PART')
);
#6170=(
GEOMETRIC_REPRESENTATION_CONTEXT(3)
GLOBAL_UNCERTAINTY_ASSIGNED_CONTEXT((#6201))
GLOBAL_UNIT_ASSIGNED_CONTEXT((#6294,#6263,#6232))
REPRESENTATION_CONTEXT('Part 18','TOP_LEVEL_ASSEMBLY_PART')
);
#6171=(
GEOMETRIC_REPRESENTATION_CONTEXT(3)
GLOBAL_UNCERTAINTY_ASSIGNED_CONTEXT((#6202))
GLOBAL_UNIT_ASSIGNED_CONTEXT((#6295,#6264,#6233))
REPRESENTATION_CONTEXT('Part 12','TOP_LEVEL_ASSEMBLY_PART')
);
#6172=(
GEOMETRIC_REPRESENTATION_CONTEXT(3)
GLOBAL_UNCERTAINTY_ASSIGNED_CONTEXT((#6203))
GLOBAL_UNIT_ASSIGNED_CONTEXT((#6296,#6265,#6234))
REPRESENTATION_CONTEXT('Part 28','TOP_LEVEL_ASSEMBLY_PART')
);
#6173=(
GEOMETRIC_REPRESENTATION_CONTEXT(3)
GLOBAL_UNCERTAINTY_ASSIGNED_CONTEXT((#6204))
GLOBAL_UNIT_ASSIGNED_CONTEXT((#6297,#6266,#6235))
REPRESENTATION_CONTEXT('Part 16','TOP_LEVEL_ASSEMBLY_PART')
);
#6174=(
GEOMETRIC_REPRESENTATION_CONTEXT(3)
GLOBAL_UNCERTAINTY_ASSIGNED_CONTEXT((#6205))
GLOBAL_UNIT_ASSIGNED_CONTEXT((#6298,#6267,#6236))
REPRESENTATION_CONTEXT('Part 13','TOP_LEVEL_ASSEMBLY_PART')
);
#6175=(
GEOMETRIC_REPRESENTATION_CONTEXT(3)
GLOBAL_UNCERTAINTY_ASSIGNED_CONTEXT((#6206))
GLOBAL_UNIT_ASSIGNED_CONTEXT((#6299,#6268,#6237))
REPRESENTATION_CONTEXT('Part 27','TOP_LEVEL_ASSEMBLY_PART')
);
#6176=(
GEOMETRIC_REPRESENTATION_CONTEXT(3)
GLOBAL_UNCERTAINTY_ASSIGNED_CONTEXT((#6207))
GLOBAL_UNIT_ASSIGNED_CONTEXT((#6300,#6269,#6238))
REPRESENTATION_CONTEXT('Part 17','TOP_LEVEL_ASSEMBLY_PART')
);
#6177=(
GEOMETRIC_REPRESENTATION_CONTEXT(3)
GLOBAL_UNCERTAINTY_ASSIGNED_CONTEXT((#6208))
GLOBAL_UNIT_ASSIGNED_CONTEXT((#6301,#6270,#6239))
REPRESENTATION_CONTEXT('Part 14','TOP_LEVEL_ASSEMBLY_PART')
);
#6178=(
GEOMETRIC_REPRESENTATION_CONTEXT(3)
GLOBAL_UNCERTAINTY_ASSIGNED_CONTEXT((#6209))
GLOBAL_UNIT_ASSIGNED_CONTEXT((#6302,#6271,#6240))
REPRESENTATION_CONTEXT('Part 26','TOP_LEVEL_ASSEMBLY_PART')
);
#6179=(
GEOMETRIC_REPRESENTATION_CONTEXT(3)
GLOBAL_UNCERTAINTY_ASSIGNED_CONTEXT((#6210))
GLOBAL_UNIT_ASSIGNED_CONTEXT((#6303,#6272,#6241))
REPRESENTATION_CONTEXT('Part 15','TOP_LEVEL_ASSEMBLY_PART')
);
#6180=(
GEOMETRIC_REPRESENTATION_CONTEXT(3)
GLOBAL_UNCERTAINTY_ASSIGNED_CONTEXT((#6211))
GLOBAL_UNIT_ASSIGNED_CONTEXT((#6304,#6273,#6242))
REPRESENTATION_CONTEXT('Part 25','TOP_LEVEL_ASSEMBLY_PART')
);
#6181=(
GEOMETRIC_REPRESENTATION_CONTEXT(3)
GLOBAL_UNCERTAINTY_ASSIGNED_CONTEXT((#6212))
GLOBAL_UNIT_ASSIGNED_CONTEXT((#6305,#6274,#6243))
REPRESENTATION_CONTEXT('Part 3','TOP_LEVEL_ASSEMBLY_PART')
);
#6182=(
GEOMETRIC_REPRESENTATION_CONTEXT(3)
GLOBAL_UNCERTAINTY_ASSIGNED_CONTEXT((#6213))
GLOBAL_UNIT_ASSIGNED_CONTEXT((#6306,#6275,#6244))
REPRESENTATION_CONTEXT('Part 2','TOP_LEVEL_ASSEMBLY_PART')
);
#6183=(
GEOMETRIC_REPRESENTATION_CONTEXT(3)
GLOBAL_UNCERTAINTY_ASSIGNED_CONTEXT((#6214))
GLOBAL_UNIT_ASSIGNED_CONTEXT((#6307,#6276,#6245))
REPRESENTATION_CONTEXT('Part 4','TOP_LEVEL_ASSEMBLY_PART')
);
#6184=(
GEOMETRIC_REPRESENTATION_CONTEXT(3)
GLOBAL_UNCERTAINTY_ASSIGNED_CONTEXT((#6215))
GLOBAL_UNIT_ASSIGNED_CONTEXT((#6308,#6277,#6246))
REPRESENTATION_CONTEXT('Part 24','TOP_LEVEL_ASSEMBLY_PART')
);
#6185=(
GEOMETRIC_REPRESENTATION_CONTEXT(3)
GLOBAL_UNCERTAINTY_ASSIGNED_CONTEXT((#6216))
GLOBAL_UNIT_ASSIGNED_CONTEXT((#6309,#6278,#6247))
REPRESENTATION_CONTEXT('Part 5','TOP_LEVEL_ASSEMBLY_PART')
);
#6186=(
GEOMETRIC_REPRESENTATION_CONTEXT(3)
GLOBAL_UNCERTAINTY_ASSIGNED_CONTEXT((#6217))
GLOBAL_UNIT_ASSIGNED_CONTEXT((#6310,#6279,#6248))
REPRESENTATION_CONTEXT('Part 23','TOP_LEVEL_ASSEMBLY_PART')
);
#6187=UNCERTAINTY_MEASURE_WITH_UNIT(LENGTH_MEASURE(2.E-5),#6280,
'DISTANCE_ACCURACY_VALUE','Maximum Tolerance applied to model');
#6188=UNCERTAINTY_MEASURE_WITH_UNIT(LENGTH_MEASURE(2.E-5),#6281,
'DISTANCE_ACCURACY_VALUE','Maximum Tolerance applied to model');
#6189=UNCERTAINTY_MEASURE_WITH_UNIT(LENGTH_MEASURE(2.E-5),#6282,
'DISTANCE_ACCURACY_VALUE','Maximum Tolerance applied to model');
#6190=UNCERTAINTY_MEASURE_WITH_UNIT(LENGTH_MEASURE(2.E-5),#6283,
'DISTANCE_ACCURACY_VALUE','Maximum Tolerance applied to model');
#6191=UNCERTAINTY_MEASURE_WITH_UNIT(LENGTH_MEASURE(2.E-5),#6284,
'DISTANCE_ACCURACY_VALUE','Maximum Tolerance applied to model');
#6192=UNCERTAINTY_MEASURE_WITH_UNIT(LENGTH_MEASURE(2.E-5),#6285,
'DISTANCE_ACCURACY_VALUE','Maximum Tolerance applied to model');
#6193=UNCERTAINTY_MEASURE_WITH_UNIT(LENGTH_MEASURE(2.E-5),#6286,
'DISTANCE_ACCURACY_VALUE','Maximum Tolerance applied to model');
#6194=UNCERTAINTY_MEASURE_WITH_UNIT(LENGTH_MEASURE(2.E-5),#6287,
'DISTANCE_ACCURACY_VALUE','Maximum Tolerance applied to model');
#6195=UNCERTAINTY_MEASURE_WITH_UNIT(LENGTH_MEASURE(2.E-5),#6288,
'DISTANCE_ACCURACY_VALUE','Maximum Tolerance applied to model');
#6196=UNCERTAINTY_MEASURE_WITH_UNIT(LENGTH_MEASURE(2.E-5),#6289,
'DISTANCE_ACCURACY_VALUE','Maximum Tolerance applied to model');
#6197=UNCERTAINTY_MEASURE_WITH_UNIT(LENGTH_MEASURE(2.E-5),#6290,
'DISTANCE_ACCURACY_VALUE','Maximum Tolerance applied to model');
#6198=UNCERTAINTY_MEASURE_WITH_UNIT(LENGTH_MEASURE(1.E-8),#6291,
'DISTANCE_ACCURACY_VALUE','Maximum Tolerance applied to model');
#6199=UNCERTAINTY_MEASURE_WITH_UNIT(LENGTH_MEASURE(2.E-5),#6292,
'DISTANCE_ACCURACY_VALUE','Maximum Tolerance applied to model');
#6200=UNCERTAINTY_MEASURE_WITH_UNIT(LENGTH_MEASURE(2.E-5),#6293,
'DISTANCE_ACCURACY_VALUE','Maximum Tolerance applied to model');
#6201=UNCERTAINTY_MEASURE_WITH_UNIT(LENGTH_MEASURE(2.E-5),#6294,
'DISTANCE_ACCURACY_VALUE','Maximum Tolerance applied to model');
#6202=UNCERTAINTY_MEASURE_WITH_UNIT(LENGTH_MEASURE(2.E-5),#6295,
'DISTANCE_ACCURACY_VALUE','Maximum Tolerance applied to model');
#6203=UNCERTAINTY_MEASURE_WITH_UNIT(LENGTH_MEASURE(2.E-5),#6296,
'DISTANCE_ACCURACY_VALUE','Maximum Tolerance applied to model');
#6204=UNCERTAINTY_MEASURE_WITH_UNIT(LENGTH_MEASURE(2.E-5),#6297,
'DISTANCE_ACCURACY_VALUE','Maximum Tolerance applied to model');
#6205=UNCERTAINTY_MEASURE_WITH_UNIT(LENGTH_MEASURE(2.E-5),#6298,
'DISTANCE_ACCURACY_VALUE','Maximum Tolerance applied to model');
#6206=UNCERTAINTY_MEASURE_WITH_UNIT(LENGTH_MEASURE(2.E-5),#6299,
'DISTANCE_ACCURACY_VALUE','Maximum Tolerance applied to model');
#6207=UNCERTAINTY_MEASURE_WITH_UNIT(LENGTH_MEASURE(2.E-5),#6300,
'DISTANCE_ACCURACY_VALUE','Maximum Tolerance applied to model');
#6208=UNCERTAINTY_MEASURE_WITH_UNIT(LENGTH_MEASURE(2.E-5),#6301,
'DISTANCE_ACCURACY_VALUE','Maximum Tolerance applied to model');
#6209=UNCERTAINTY_MEASURE_WITH_UNIT(LENGTH_MEASURE(2.E-5),#6302,
'DISTANCE_ACCURACY_VALUE','Maximum Tolerance applied to model');
#6210=UNCERTAINTY_MEASURE_WITH_UNIT(LENGTH_MEASURE(2.E-5),#6303,
'DISTANCE_ACCURACY_VALUE','Maximum Tolerance applied to model');
#6211=UNCERTAINTY_MEASURE_WITH_UNIT(LENGTH_MEASURE(2.E-5),#6304,
'DISTANCE_ACCURACY_VALUE','Maximum Tolerance applied to model');
#6212=UNCERTAINTY_MEASURE_WITH_UNIT(LENGTH_MEASURE(2.E-5),#6305,
'DISTANCE_ACCURACY_VALUE','Maximum Tolerance applied to model');
#6213=UNCERTAINTY_MEASURE_WITH_UNIT(LENGTH_MEASURE(2.E-5),#6306,
'DISTANCE_ACCURACY_VALUE','Maximum Tolerance applied to model');
#6214=UNCERTAINTY_MEASURE_WITH_UNIT(LENGTH_MEASURE(2.E-5),#6307,
'DISTANCE_ACCURACY_VALUE','Maximum Tolerance applied to model');
#6215=UNCERTAINTY_MEASURE_WITH_UNIT(LENGTH_MEASURE(2.E-5),#6308,
'DISTANCE_ACCURACY_VALUE','Maximum Tolerance applied to model');
#6216=UNCERTAINTY_MEASURE_WITH_UNIT(LENGTH_MEASURE(2.E-5),#6309,
'DISTANCE_ACCURACY_VALUE','Maximum Tolerance applied to model');
#6217=UNCERTAINTY_MEASURE_WITH_UNIT(LENGTH_MEASURE(2.E-5),#6310,
'DISTANCE_ACCURACY_VALUE','Maximum Tolerance applied to model');
#6218=(
NAMED_UNIT(*)
SI_UNIT($,.STERADIAN.)
SOLID_ANGLE_UNIT()
);
#6219=(
NAMED_UNIT(*)
SI_UNIT($,.STERADIAN.)
SOLID_ANGLE_UNIT()
);
#6220=(
NAMED_UNIT(*)
SI_UNIT($,.STERADIAN.)
SOLID_ANGLE_UNIT()
);
#6221=(
NAMED_UNIT(*)
SI_UNIT($,.STERADIAN.)
SOLID_ANGLE_UNIT()
);
#6222=(
NAMED_UNIT(*)
SI_UNIT($,.STERADIAN.)
SOLID_ANGLE_UNIT()
);
#6223=(
NAMED_UNIT(*)
SI_UNIT($,.STERADIAN.)
SOLID_ANGLE_UNIT()
);
#6224=(
NAMED_UNIT(*)
SI_UNIT($,.STERADIAN.)
SOLID_ANGLE_UNIT()
);
#6225=(
NAMED_UNIT(*)
SI_UNIT($,.STERADIAN.)
SOLID_ANGLE_UNIT()
);
#6226=(
NAMED_UNIT(*)
SI_UNIT($,.STERADIAN.)
SOLID_ANGLE_UNIT()
);
#6227=(
NAMED_UNIT(*)
SI_UNIT($,.STERADIAN.)
SOLID_ANGLE_UNIT()
);
#6228=(
NAMED_UNIT(*)
SI_UNIT($,.STERADIAN.)
SOLID_ANGLE_UNIT()
);
#6229=(
NAMED_UNIT(*)
SI_UNIT($,.STERADIAN.)
SOLID_ANGLE_UNIT()
);
#6230=(
NAMED_UNIT(*)
SI_UNIT($,.STERADIAN.)
SOLID_ANGLE_UNIT()
);
#6231=(
NAMED_UNIT(*)
SI_UNIT($,.STERADIAN.)
SOLID_ANGLE_UNIT()
);
#6232=(
NAMED_UNIT(*)
SI_UNIT($,.STERADIAN.)
SOLID_ANGLE_UNIT()
);
#6233=(
NAMED_UNIT(*)
SI_UNIT($,.STERADIAN.)
SOLID_ANGLE_UNIT()
);
#6234=(
NAMED_UNIT(*)
SI_UNIT($,.STERADIAN.)
SOLID_ANGLE_UNIT()
);
#6235=(
NAMED_UNIT(*)
SI_UNIT($,.STERADIAN.)
SOLID_ANGLE_UNIT()
);
#6236=(
NAMED_UNIT(*)
SI_UNIT($,.STERADIAN.)
SOLID_ANGLE_UNIT()
);
#6237=(
NAMED_UNIT(*)
SI_UNIT($,.STERADIAN.)
SOLID_ANGLE_UNIT()
);
#6238=(
NAMED_UNIT(*)
SI_UNIT($,.STERADIAN.)
SOLID_ANGLE_UNIT()
);
#6239=(
NAMED_UNIT(*)
SI_UNIT($,.STERADIAN.)
SOLID_ANGLE_UNIT()
);
#6240=(
NAMED_UNIT(*)
SI_UNIT($,.STERADIAN.)
SOLID_ANGLE_UNIT()
);
#6241=(
NAMED_UNIT(*)
SI_UNIT($,.STERADIAN.)
SOLID_ANGLE_UNIT()
);
#6242=(
NAMED_UNIT(*)
SI_UNIT($,.STERADIAN.)
SOLID_ANGLE_UNIT()
);
#6243=(
NAMED_UNIT(*)
SI_UNIT($,.STERADIAN.)
SOLID_ANGLE_UNIT()
);
#6244=(
NAMED_UNIT(*)
SI_UNIT($,.STERADIAN.)
SOLID_ANGLE_UNIT()
);
#6245=(
NAMED_UNIT(*)
SI_UNIT($,.STERADIAN.)
SOLID_ANGLE_UNIT()
);
#6246=(
NAMED_UNIT(*)
SI_UNIT($,.STERADIAN.)
SOLID_ANGLE_UNIT()
);
#6247=(
NAMED_UNIT(*)
SI_UNIT($,.STERADIAN.)
SOLID_ANGLE_UNIT()
);
#6248=(
NAMED_UNIT(*)
SI_UNIT($,.STERADIAN.)
SOLID_ANGLE_UNIT()
);
#6249=(
NAMED_UNIT(*)
PLANE_ANGLE_UNIT()
SI_UNIT($,.RADIAN.)
);
#6250=(
NAMED_UNIT(*)
PLANE_ANGLE_UNIT()
SI_UNIT($,.RADIAN.)
);
#6251=(
NAMED_UNIT(*)
PLANE_ANGLE_UNIT()
SI_UNIT($,.RADIAN.)
);
#6252=(
NAMED_UNIT(*)
PLANE_ANGLE_UNIT()
SI_UNIT($,.RADIAN.)
);
#6253=(
NAMED_UNIT(*)
PLANE_ANGLE_UNIT()
SI_UNIT($,.RADIAN.)
);
#6254=(
NAMED_UNIT(*)
PLANE_ANGLE_UNIT()
SI_UNIT($,.RADIAN.)
);
#6255=(
NAMED_UNIT(*)
PLANE_ANGLE_UNIT()
SI_UNIT($,.RADIAN.)
);
#6256=(
NAMED_UNIT(*)
PLANE_ANGLE_UNIT()
SI_UNIT($,.RADIAN.)
);
#6257=(
NAMED_UNIT(*)
PLANE_ANGLE_UNIT()
SI_UNIT($,.RADIAN.)
);
#6258=(
NAMED_UNIT(*)
PLANE_ANGLE_UNIT()
SI_UNIT($,.RADIAN.)
);
#6259=(
NAMED_UNIT(*)
PLANE_ANGLE_UNIT()
SI_UNIT($,.RADIAN.)
);
#6260=(
NAMED_UNIT(*)
PLANE_ANGLE_UNIT()
SI_UNIT($,.RADIAN.)
);
#6261=(
NAMED_UNIT(*)
PLANE_ANGLE_UNIT()
SI_UNIT($,.RADIAN.)
);
#6262=(
NAMED_UNIT(*)
PLANE_ANGLE_UNIT()
SI_UNIT($,.RADIAN.)
);
#6263=(
NAMED_UNIT(*)
PLANE_ANGLE_UNIT()
SI_UNIT($,.RADIAN.)
);
#6264=(
NAMED_UNIT(*)
PLANE_ANGLE_UNIT()
SI_UNIT($,.RADIAN.)
);
#6265=(
NAMED_UNIT(*)
PLANE_ANGLE_UNIT()
SI_UNIT($,.RADIAN.)
);
#6266=(
NAMED_UNIT(*)
PLANE_ANGLE_UNIT()
SI_UNIT($,.RADIAN.)
);
#6267=(
NAMED_UNIT(*)
PLANE_ANGLE_UNIT()
SI_UNIT($,.RADIAN.)
);
#6268=(
NAMED_UNIT(*)
PLANE_ANGLE_UNIT()
SI_UNIT($,.RADIAN.)
);
#6269=(
NAMED_UNIT(*)
PLANE_ANGLE_UNIT()
SI_UNIT($,.RADIAN.)
);
#6270=(
NAMED_UNIT(*)
PLANE_ANGLE_UNIT()
SI_UNIT($,.RADIAN.)
);
#6271=(
NAMED_UNIT(*)
PLANE_ANGLE_UNIT()
SI_UNIT($,.RADIAN.)
);
#6272=(
NAMED_UNIT(*)
PLANE_ANGLE_UNIT()
SI_UNIT($,.RADIAN.)
);
#6273=(
NAMED_UNIT(*)
PLANE_ANGLE_UNIT()
SI_UNIT($,.RADIAN.)
);
#6274=(
NAMED_UNIT(*)
PLANE_ANGLE_UNIT()
SI_UNIT($,.RADIAN.)
);
#6275=(
NAMED_UNIT(*)
PLANE_ANGLE_UNIT()
SI_UNIT($,.RADIAN.)
);
#6276=(
NAMED_UNIT(*)
PLANE_ANGLE_UNIT()
SI_UNIT($,.RADIAN.)
);
#6277=(
NAMED_UNIT(*)
PLANE_ANGLE_UNIT()
SI_UNIT($,.RADIAN.)
);
#6278=(
NAMED_UNIT(*)
PLANE_ANGLE_UNIT()
SI_UNIT($,.RADIAN.)
);
#6279=(
NAMED_UNIT(*)
PLANE_ANGLE_UNIT()
SI_UNIT($,.RADIAN.)
);
#6280=(
LENGTH_UNIT()
NAMED_UNIT(*)
SI_UNIT($,.METRE.)
);
#6281=(
LENGTH_UNIT()
NAMED_UNIT(*)
SI_UNIT($,.METRE.)
);
#6282=(
LENGTH_UNIT()
NAMED_UNIT(*)
SI_UNIT($,.METRE.)
);
#6283=(
LENGTH_UNIT()
NAMED_UNIT(*)
SI_UNIT($,.METRE.)
);
#6284=(
LENGTH_UNIT()
NAMED_UNIT(*)
SI_UNIT($,.METRE.)
);
#6285=(
LENGTH_UNIT()
NAMED_UNIT(*)
SI_UNIT($,.METRE.)
);
#6286=(
LENGTH_UNIT()
NAMED_UNIT(*)
SI_UNIT($,.METRE.)
);
#6287=(
LENGTH_UNIT()
NAMED_UNIT(*)
SI_UNIT($,.METRE.)
);
#6288=(
LENGTH_UNIT()
NAMED_UNIT(*)
SI_UNIT($,.METRE.)
);
#6289=(
LENGTH_UNIT()
NAMED_UNIT(*)
SI_UNIT($,.METRE.)
);
#6290=(
LENGTH_UNIT()
NAMED_UNIT(*)
SI_UNIT($,.METRE.)
);
#6291=(
LENGTH_UNIT()
NAMED_UNIT(*)
SI_UNIT($,.METRE.)
);
#6292=(
LENGTH_UNIT()
NAMED_UNIT(*)
SI_UNIT($,.METRE.)
);
#6293=(
LENGTH_UNIT()
NAMED_UNIT(*)
SI_UNIT($,.METRE.)
);
#6294=(
LENGTH_UNIT()
NAMED_UNIT(*)
SI_UNIT($,.METRE.)
);
#6295=(
LENGTH_UNIT()
NAMED_UNIT(*)
SI_UNIT($,.METRE.)
);
#6296=(
LENGTH_UNIT()
NAMED_UNIT(*)
SI_UNIT($,.METRE.)
);
#6297=(
LENGTH_UNIT()
NAMED_UNIT(*)
SI_UNIT($,.METRE.)
);
#6298=(
LENGTH_UNIT()
NAMED_UNIT(*)
SI_UNIT($,.METRE.)
);
#6299=(
LENGTH_UNIT()
NAMED_UNIT(*)
SI_UNIT($,.METRE.)
);
#6300=(
LENGTH_UNIT()
NAMED_UNIT(*)
SI_UNIT($,.METRE.)
);
#6301=(
LENGTH_UNIT()
NAMED_UNIT(*)
SI_UNIT($,.METRE.)
);
#6302=(
LENGTH_UNIT()
NAMED_UNIT(*)
SI_UNIT($,.METRE.)
);
#6303=(
LENGTH_UNIT()
NAMED_UNIT(*)
SI_UNIT($,.METRE.)
);
#6304=(
LENGTH_UNIT()
NAMED_UNIT(*)
SI_UNIT($,.METRE.)
);
#6305=(
LENGTH_UNIT()
NAMED_UNIT(*)
SI_UNIT($,.METRE.)
);
#6306=(
LENGTH_UNIT()
NAMED_UNIT(*)
SI_UNIT($,.METRE.)
);
#6307=(
LENGTH_UNIT()
NAMED_UNIT(*)
SI_UNIT($,.METRE.)
);
#6308=(
LENGTH_UNIT()
NAMED_UNIT(*)
SI_UNIT($,.METRE.)
);
#6309=(
LENGTH_UNIT()
NAMED_UNIT(*)
SI_UNIT($,.METRE.)
);
#6310=(
LENGTH_UNIT()
NAMED_UNIT(*)
SI_UNIT($,.METRE.)
);
#6311=PRODUCT_DEFINITION_SHAPE('','',#6342);
#6312=PRODUCT_DEFINITION_SHAPE('','',#6343);
#6313=PRODUCT_DEFINITION_SHAPE('','',#6344);
#6314=PRODUCT_DEFINITION_SHAPE('','',#6345);
#6315=PRODUCT_DEFINITION_SHAPE('','',#6346);
#6316=PRODUCT_DEFINITION_SHAPE('','',#6347);
#6317=PRODUCT_DEFINITION_SHAPE('','',#6348);
#6318=PRODUCT_DEFINITION_SHAPE('','',#6349);
#6319=PRODUCT_DEFINITION_SHAPE('','',#6350);
#6320=PRODUCT_DEFINITION_SHAPE('','',#6351);
#6321=PRODUCT_DEFINITION_SHAPE('','',#6352);
#6322=PRODUCT_DEFINITION_SHAPE('','',#6353);
#6323=PRODUCT_DEFINITION_SHAPE('','',#6354);
#6324=PRODUCT_DEFINITION_SHAPE('','',#6355);
#6325=PRODUCT_DEFINITION_SHAPE('','',#6356);
#6326=PRODUCT_DEFINITION_SHAPE('','',#6357);
#6327=PRODUCT_DEFINITION_SHAPE('','',#6358);
#6328=PRODUCT_DEFINITION_SHAPE('','',#6359);
#6329=PRODUCT_DEFINITION_SHAPE('','',#6360);
#6330=PRODUCT_DEFINITION_SHAPE('','',#6361);
#6331=PRODUCT_DEFINITION_SHAPE('','',#6362);
#6332=PRODUCT_DEFINITION_SHAPE('','',#6363);
#6333=PRODUCT_DEFINITION_SHAPE('','',#6364);
#6334=PRODUCT_DEFINITION_SHAPE('','',#6365);
#6335=PRODUCT_DEFINITION_SHAPE('','',#6366);
#6336=PRODUCT_DEFINITION_SHAPE('','',#6367);
#6337=PRODUCT_DEFINITION_SHAPE('','',#6368);
#6338=PRODUCT_DEFINITION_SHAPE('','',#6369);
#6339=PRODUCT_DEFINITION_SHAPE('','',#6370);
#6340=PRODUCT_DEFINITION_SHAPE('','',#6371);
#6341=PRODUCT_DEFINITION_SHAPE('','',#6372);
#6342=PRODUCT_DEFINITION('','',#6404,#6373);
#6343=PRODUCT_DEFINITION('','',#6405,#6374);
#6344=PRODUCT_DEFINITION('','',#6406,#6375);
#6345=PRODUCT_DEFINITION('','',#6407,#6376);
#6346=PRODUCT_DEFINITION('','',#6408,#6377);
#6347=PRODUCT_DEFINITION('','',#6409,#6378);
#6348=PRODUCT_DEFINITION('','',#6410,#6379);
#6349=PRODUCT_DEFINITION('','',#6411,#6380);
#6350=PRODUCT_DEFINITION('','',#6412,#6381);
#6351=PRODUCT_DEFINITION('','',#6413,#6382);
#6352=PRODUCT_DEFINITION('','',#6414,#6383);
#6353=PRODUCT_DEFINITION('','',#6415,#6384);
#6354=PRODUCT_DEFINITION('','',#6416,#6385);
#6355=PRODUCT_DEFINITION('','',#6417,#6386);
#6356=PRODUCT_DEFINITION('','',#6418,#6387);
#6357=PRODUCT_DEFINITION('','',#6419,#6388);
#6358=PRODUCT_DEFINITION('','',#6420,#6389);
#6359=PRODUCT_DEFINITION('','',#6421,#6390);
#6360=PRODUCT_DEFINITION('','',#6422,#6391);
#6361=PRODUCT_DEFINITION('','',#6423,#6392);
#6362=PRODUCT_DEFINITION('','',#6424,#6393);
#6363=PRODUCT_DEFINITION('','',#6425,#6394);
#6364=PRODUCT_DEFINITION('','',#6426,#6395);
#6365=PRODUCT_DEFINITION('','',#6427,#6396);
#6366=PRODUCT_DEFINITION('','',#6428,#6397);
#6367=PRODUCT_DEFINITION('','',#6429,#6398);
#6368=PRODUCT_DEFINITION('','',#6430,#6399);
#6369=PRODUCT_DEFINITION('','',#6431,#6400);
#6370=PRODUCT_DEFINITION('','',#6432,#6401);
#6371=PRODUCT_DEFINITION('','',#6433,#6402);
#6372=PRODUCT_DEFINITION('','',#6434,#6403);
#6373=PRODUCT_DEFINITION_CONTEXT('',#6590,'design');
#6374=PRODUCT_DEFINITION_CONTEXT('',#6591,'design');
#6375=PRODUCT_DEFINITION_CONTEXT('',#6592,'design');
#6376=PRODUCT_DEFINITION_CONTEXT('',#6593,'design');
#6377=PRODUCT_DEFINITION_CONTEXT('',#6594,'design');
#6378=PRODUCT_DEFINITION_CONTEXT('',#6595,'design');
#6379=PRODUCT_DEFINITION_CONTEXT('',#6596,'design');
#6380=PRODUCT_DEFINITION_CONTEXT('',#6597,'design');
#6381=PRODUCT_DEFINITION_CONTEXT('',#6598,'design');
#6382=PRODUCT_DEFINITION_CONTEXT('',#6599,'design');
#6383=PRODUCT_DEFINITION_CONTEXT('',#6600,'design');
#6384=PRODUCT_DEFINITION_CONTEXT('',#6601,'design');
#6385=PRODUCT_DEFINITION_CONTEXT('',#6602,'design');
#6386=PRODUCT_DEFINITION_CONTEXT('',#6603,'design');
#6387=PRODUCT_DEFINITION_CONTEXT('',#6604,'design');
#6388=PRODUCT_DEFINITION_CONTEXT('',#6605,'design');
#6389=PRODUCT_DEFINITION_CONTEXT('',#6606,'design');
#6390=PRODUCT_DEFINITION_CONTEXT('',#6607,'design');
#6391=PRODUCT_DEFINITION_CONTEXT('',#6608,'design');
#6392=PRODUCT_DEFINITION_CONTEXT('',#6609,'design');
#6393=PRODUCT_DEFINITION_CONTEXT('',#6610,'design');
#6394=PRODUCT_DEFINITION_CONTEXT('',#6611,'design');
#6395=PRODUCT_DEFINITION_CONTEXT('',#6612,'design');
#6396=PRODUCT_DEFINITION_CONTEXT('',#6613,'design');
#6397=PRODUCT_DEFINITION_CONTEXT('',#6614,'design');
#6398=PRODUCT_DEFINITION_CONTEXT('',#6615,'design');
#6399=PRODUCT_DEFINITION_CONTEXT('',#6616,'design');
#6400=PRODUCT_DEFINITION_CONTEXT('',#6617,'design');
#6401=PRODUCT_DEFINITION_CONTEXT('',#6618,'design');
#6402=PRODUCT_DEFINITION_CONTEXT('',#6619,'design');
#6403=PRODUCT_DEFINITION_CONTEXT('',#6620,'design');
#6404=PRODUCT_DEFINITION_FORMATION_WITH_SPECIFIED_SOURCE('','',#6466,
 .NOT_KNOWN.);
#6405=PRODUCT_DEFINITION_FORMATION_WITH_SPECIFIED_SOURCE('','',#6467,
 .NOT_KNOWN.);
#6406=PRODUCT_DEFINITION_FORMATION_WITH_SPECIFIED_SOURCE('','',#6468,
 .NOT_KNOWN.);
#6407=PRODUCT_DEFINITION_FORMATION_WITH_SPECIFIED_SOURCE('','',#6469,
 .NOT_KNOWN.);
#6408=PRODUCT_DEFINITION_FORMATION_WITH_SPECIFIED_SOURCE('','',#6470,
 .NOT_KNOWN.);
#6409=PRODUCT_DEFINITION_FORMATION_WITH_SPECIFIED_SOURCE('','',#6471,
 .NOT_KNOWN.);
#6410=PRODUCT_DEFINITION_FORMATION_WITH_SPECIFIED_SOURCE('','',#6472,
 .NOT_KNOWN.);
#6411=PRODUCT_DEFINITION_FORMATION_WITH_SPECIFIED_SOURCE('','',#6473,
 .NOT_KNOWN.);
#6412=PRODUCT_DEFINITION_FORMATION_WITH_SPECIFIED_SOURCE('','',#6474,
 .NOT_KNOWN.);
#6413=PRODUCT_DEFINITION_FORMATION_WITH_SPECIFIED_SOURCE('','',#6475,
 .NOT_KNOWN.);
#6414=PRODUCT_DEFINITION_FORMATION_WITH_SPECIFIED_SOURCE('','',#6476,
 .NOT_KNOWN.);
#6415=PRODUCT_DEFINITION_FORMATION_WITH_SPECIFIED_SOURCE('','',#6477,
 .NOT_KNOWN.);
#6416=PRODUCT_DEFINITION_FORMATION_WITH_SPECIFIED_SOURCE('','',#6478,
 .NOT_KNOWN.);
#6417=PRODUCT_DEFINITION_FORMATION_WITH_SPECIFIED_SOURCE('','',#6479,
 .NOT_KNOWN.);
#6418=PRODUCT_DEFINITION_FORMATION_WITH_SPECIFIED_SOURCE('','',#6480,
 .NOT_KNOWN.);
#6419=PRODUCT_DEFINITION_FORMATION_WITH_SPECIFIED_SOURCE('','',#6481,
 .NOT_KNOWN.);
#6420=PRODUCT_DEFINITION_FORMATION_WITH_SPECIFIED_SOURCE('','',#6482,
 .NOT_KNOWN.);
#6421=PRODUCT_DEFINITION_FORMATION_WITH_SPECIFIED_SOURCE('','',#6483,
 .NOT_KNOWN.);
#6422=PRODUCT_DEFINITION_FORMATION_WITH_SPECIFIED_SOURCE('','',#6484,
 .NOT_KNOWN.);
#6423=PRODUCT_DEFINITION_FORMATION_WITH_SPECIFIED_SOURCE('','',#6485,
 .NOT_KNOWN.);
#6424=PRODUCT_DEFINITION_FORMATION_WITH_SPECIFIED_SOURCE('','',#6486,
 .NOT_KNOWN.);
#6425=PRODUCT_DEFINITION_FORMATION_WITH_SPECIFIED_SOURCE('','',#6487,
 .NOT_KNOWN.);
#6426=PRODUCT_DEFINITION_FORMATION_WITH_SPECIFIED_SOURCE('','',#6488,
 .NOT_KNOWN.);
#6427=PRODUCT_DEFINITION_FORMATION_WITH_SPECIFIED_SOURCE('','',#6489,
 .NOT_KNOWN.);
#6428=PRODUCT_DEFINITION_FORMATION_WITH_SPECIFIED_SOURCE('','',#6490,
 .NOT_KNOWN.);
#6429=PRODUCT_DEFINITION_FORMATION_WITH_SPECIFIED_SOURCE('','',#6491,
 .NOT_KNOWN.);
#6430=PRODUCT_DEFINITION_FORMATION_WITH_SPECIFIED_SOURCE('','',#6492,
 .NOT_KNOWN.);
#6431=PRODUCT_DEFINITION_FORMATION_WITH_SPECIFIED_SOURCE('','',#6493,
 .NOT_KNOWN.);
#6432=PRODUCT_DEFINITION_FORMATION_WITH_SPECIFIED_SOURCE('','',#6494,
 .NOT_KNOWN.);
#6433=PRODUCT_DEFINITION_FORMATION_WITH_SPECIFIED_SOURCE('','',#6495,
 .NOT_KNOWN.);
#6434=PRODUCT_DEFINITION_FORMATION_WITH_SPECIFIED_SOURCE('','',#6496,
 .NOT_KNOWN.);
#6435=PRODUCT_RELATED_PRODUCT_CATEGORY('','',(#6466));
#6436=PRODUCT_RELATED_PRODUCT_CATEGORY('','',(#6467));
#6437=PRODUCT_RELATED_PRODUCT_CATEGORY('','',(#6468));
#6438=PRODUCT_RELATED_PRODUCT_CATEGORY('','',(#6469));
#6439=PRODUCT_RELATED_PRODUCT_CATEGORY('','',(#6470));
#6440=PRODUCT_RELATED_PRODUCT_CATEGORY('','',(#6471));
#6441=PRODUCT_RELATED_PRODUCT_CATEGORY('','',(#6472));
#6442=PRODUCT_RELATED_PRODUCT_CATEGORY('','',(#6473));
#6443=PRODUCT_RELATED_PRODUCT_CATEGORY('','',(#6474));
#6444=PRODUCT_RELATED_PRODUCT_CATEGORY('','',(#6475));
#6445=PRODUCT_RELATED_PRODUCT_CATEGORY('','',(#6476));
#6446=PRODUCT_RELATED_PRODUCT_CATEGORY('','',(#6477));
#6447=PRODUCT_RELATED_PRODUCT_CATEGORY('','',(#6478));
#6448=PRODUCT_RELATED_PRODUCT_CATEGORY('','',(#6479));
#6449=PRODUCT_RELATED_PRODUCT_CATEGORY('','',(#6480));
#6450=PRODUCT_RELATED_PRODUCT_CATEGORY('','',(#6481));
#6451=PRODUCT_RELATED_PRODUCT_CATEGORY('','',(#6482));
#6452=PRODUCT_RELATED_PRODUCT_CATEGORY('','',(#6483));
#6453=PRODUCT_RELATED_PRODUCT_CATEGORY('','',(#6484));
#6454=PRODUCT_RELATED_PRODUCT_CATEGORY('','',(#6485));
#6455=PRODUCT_RELATED_PRODUCT_CATEGORY('','',(#6486));
#6456=PRODUCT_RELATED_PRODUCT_CATEGORY('','',(#6487));
#6457=PRODUCT_RELATED_PRODUCT_CATEGORY('','',(#6488));
#6458=PRODUCT_RELATED_PRODUCT_CATEGORY('','',(#6489));
#6459=PRODUCT_RELATED_PRODUCT_CATEGORY('','',(#6490));
#6460=PRODUCT_RELATED_PRODUCT_CATEGORY('','',(#6491));
#6461=PRODUCT_RELATED_PRODUCT_CATEGORY('','',(#6492));
#6462=PRODUCT_RELATED_PRODUCT_CATEGORY('','',(#6493));
#6463=PRODUCT_RELATED_PRODUCT_CATEGORY('','',(#6494));
#6464=PRODUCT_RELATED_PRODUCT_CATEGORY('','',(#6495));
#6465=PRODUCT_RELATED_PRODUCT_CATEGORY('','',(#6496));
#6466=PRODUCT('Part 6','Part 6','Part 6',(#6528));
#6467=PRODUCT('Part 22','Part 22','Part 22',(#6529));
#6468=PRODUCT('Part 7','Part 7','Part 7',(#6530));
#6469=PRODUCT('Part 21','Part 21','Part 21',(#6531));
#6470=PRODUCT('Part 8','Part 8','Part 8',(#6532));
#6471=PRODUCT('Part 20','Part 20','Part 20',(#6533));
#6472=PRODUCT('Part 19','Part 19','Part 19',(#6534));
#6473=PRODUCT('Part 9','Part 9','Part 9',(#6535));
#6474=PRODUCT('Part 31','Part 31','Part 31',(#6536));
#6475=PRODUCT('Part 10','Part 10','Part 10',(#6537));
#6476=PRODUCT('Part 30','Part 30','Part 30',(#6538));
#6477=PRODUCT('Part 1','Part 1','Part 1',(#6539));
#6478=PRODUCT('Part 11','Part 11','Part 11',(#6540));
#6479=PRODUCT('Part 29','Part 29','Part 29',(#6541));
#6480=PRODUCT('Part 18','Part 18','Part 18',(#6542));
#6481=PRODUCT('Part 12','Part 12','Part 12',(#6543));
#6482=PRODUCT('Part 28','Part 28','Part 28',(#6544));
#6483=PRODUCT('Part 16','Part 16','Part 16',(#6545));
#6484=PRODUCT('Part 13','Part 13','Part 13',(#6546));
#6485=PRODUCT('Part 27','Part 27','Part 27',(#6547));
#6486=PRODUCT('Part 17','Part 17','Part 17',(#6548));
#6487=PRODUCT('Part 14','Part 14','Part 14',(#6549));
#6488=PRODUCT('Part 26','Part 26','Part 26',(#6550));
#6489=PRODUCT('Part 15','Part 15','Part 15',(#6551));
#6490=PRODUCT('Part 25','Part 25','Part 25',(#6552));
#6491=PRODUCT('Part 3','Part 3','Part 3',(#6553));
#6492=PRODUCT('Part 2','Part 2','Part 2',(#6554));
#6493=PRODUCT('Part 4','Part 4','Part 4',(#6555));
#6494=PRODUCT('Part 24','Part 24','Part 24',(#6556));
#6495=PRODUCT('Part 5','Part 5','Part 5',(#6557));
#6496=PRODUCT('Part 23','Part 23','Part 23',(#6558));
#6497=PRODUCT_CATEGORY('','');
#6498=PRODUCT_CATEGORY('','');
#6499=PRODUCT_CATEGORY('','');
#6500=PRODUCT_CATEGORY('','');
#6501=PRODUCT_CATEGORY('','');
#6502=PRODUCT_CATEGORY('','');
#6503=PRODUCT_CATEGORY('','');
#6504=PRODUCT_CATEGORY('','');
#6505=PRODUCT_CATEGORY('','');
#6506=PRODUCT_CATEGORY('','');
#6507=PRODUCT_CATEGORY('','');
#6508=PRODUCT_CATEGORY('','');
#6509=PRODUCT_CATEGORY('','');
#6510=PRODUCT_CATEGORY('','');
#6511=PRODUCT_CATEGORY('','');
#6512=PRODUCT_CATEGORY('','');
#6513=PRODUCT_CATEGORY('','');
#6514=PRODUCT_CATEGORY('','');
#6515=PRODUCT_CATEGORY('','');
#6516=PRODUCT_CATEGORY('','');
#6517=PRODUCT_CATEGORY('','');
#6518=PRODUCT_CATEGORY('','');
#6519=PRODUCT_CATEGORY('','');
#6520=PRODUCT_CATEGORY('','');
#6521=PRODUCT_CATEGORY('','');
#6522=PRODUCT_CATEGORY('','');
#6523=PRODUCT_CATEGORY('','');
#6524=PRODUCT_CATEGORY('','');
#6525=PRODUCT_CATEGORY('','');
#6526=PRODUCT_CATEGORY('','');
#6527=PRODUCT_CATEGORY('','');
#6528=PRODUCT_CONTEXT('',#6590,'mechanical');
#6529=PRODUCT_CONTEXT('',#6591,'mechanical');
#6530=PRODUCT_CONTEXT('',#6592,'mechanical');
#6531=PRODUCT_CONTEXT('',#6593,'mechanical');
#6532=PRODUCT_CONTEXT('',#6594,'mechanical');
#6533=PRODUCT_CONTEXT('',#6595,'mechanical');
#6534=PRODUCT_CONTEXT('',#6596,'mechanical');
#6535=PRODUCT_CONTEXT('',#6597,'mechanical');
#6536=PRODUCT_CONTEXT('',#6598,'mechanical');
#6537=PRODUCT_CONTEXT('',#6599,'mechanical');
#6538=PRODUCT_CONTEXT('',#6600,'mechanical');
#6539=PRODUCT_CONTEXT('',#6601,'mechanical');
#6540=PRODUCT_CONTEXT('',#6602,'mechanical');
#6541=PRODUCT_CONTEXT('',#6603,'mechanical');
#6542=PRODUCT_CONTEXT('',#6604,'mechanical');
#6543=PRODUCT_CONTEXT('',#6605,'mechanical');
#6544=PRODUCT_CONTEXT('',#6606,'mechanical');
#6545=PRODUCT_CONTEXT('',#6607,'mechanical');
#6546=PRODUCT_CONTEXT('',#6608,'mechanical');
#6547=PRODUCT_CONTEXT('',#6609,'mechanical');
#6548=PRODUCT_CONTEXT('',#6610,'mechanical');
#6549=PRODUCT_CONTEXT('',#6611,'mechanical');
#6550=PRODUCT_CONTEXT('',#6612,'mechanical');
#6551=PRODUCT_CONTEXT('',#6613,'mechanical');
#6552=PRODUCT_CONTEXT('',#6614,'mechanical');
#6553=PRODUCT_CONTEXT('',#6615,'mechanical');
#6554=PRODUCT_CONTEXT('',#6616,'mechanical');
#6555=PRODUCT_CONTEXT('',#6617,'mechanical');
#6556=PRODUCT_CONTEXT('',#6618,'mechanical');
#6557=PRODUCT_CONTEXT('',#6619,'mechanical');
#6558=PRODUCT_CONTEXT('',#6620,'mechanical');
#6559=APPLICATION_PROTOCOL_DEFINITION('international standard',
'ap242_managed_model_based_3d_engineering',2020,#6590);
#6560=APPLICATION_PROTOCOL_DEFINITION('international standard',
'ap242_managed_model_based_3d_engineering',2020,#6591);
#6561=APPLICATION_PROTOCOL_DEFINITION('international standard',
'ap242_managed_model_based_3d_engineering',2020,#6592);
#6562=APPLICATION_PROTOCOL_DEFINITION('international standard',
'ap242_managed_model_based_3d_engineering',2020,#6593);
#6563=APPLICATION_PROTOCOL_DEFINITION('international standard',
'ap242_managed_model_based_3d_engineering',2020,#6594);
#6564=APPLICATION_PROTOCOL_DEFINITION('international standard',
'ap242_managed_model_based_3d_engineering',2020,#6595);
#6565=APPLICATION_PROTOCOL_DEFINITION('international standard',
'ap242_managed_model_based_3d_engineering',2020,#6596);
#6566=APPLICATION_PROTOCOL_DEFINITION('international standard',
'ap242_managed_model_based_3d_engineering',2020,#6597);
#6567=APPLICATION_PROTOCOL_DEFINITION('international standard',
'ap242_managed_model_based_3d_engineering',2020,#6598);
#6568=APPLICATION_PROTOCOL_DEFINITION('international standard',
'ap242_managed_model_based_3d_engineering',2020,#6599);
#6569=APPLICATION_PROTOCOL_DEFINITION('international standard',
'ap242_managed_model_based_3d_engineering',2020,#6600);
#6570=APPLICATION_PROTOCOL_DEFINITION('international standard',
'ap242_managed_model_based_3d_engineering',2020,#6601);
#6571=APPLICATION_PROTOCOL_DEFINITION('international standard',
'ap242_managed_model_based_3d_engineering',2020,#6602);
#6572=APPLICATION_PROTOCOL_DEFINITION('international standard',
'ap242_managed_model_based_3d_engineering',2020,#6603);
#6573=APPLICATION_PROTOCOL_DEFINITION('international standard',
'ap242_managed_model_based_3d_engineering',2020,#6604);
#6574=APPLICATION_PROTOCOL_DEFINITION('international standard',
'ap242_managed_model_based_3d_engineering',2020,#6605);
#6575=APPLICATION_PROTOCOL_DEFINITION('international standard',
'ap242_managed_model_based_3d_engineering',2020,#6606);
#6576=APPLICATION_PROTOCOL_DEFINITION('international standard',
'ap242_managed_model_based_3d_engineering',2020,#6607);
#6577=APPLICATION_PROTOCOL_DEFINITION('international standard',
'ap242_managed_model_based_3d_engineering',2020,#6608);
#6578=APPLICATION_PROTOCOL_DEFINITION('international standard',
'ap242_managed_model_based_3d_engineering',2020,#6609);
#6579=APPLICATION_PROTOCOL_DEFINITION('international standard',
'ap242_managed_model_based_3d_engineering',2020,#6610);
#6580=APPLICATION_PROTOCOL_DEFINITION('international standard',
'ap242_managed_model_based_3d_engineering',2020,#6611);
#6581=APPLICATION_PROTOCOL_DEFINITION('international standard',
'ap242_managed_model_based_3d_engineering',2020,#6612);
#6582=APPLICATION_PROTOCOL_DEFINITION('international standard',
'ap242_managed_model_based_3d_engineering',2020,#6613);
#6583=APPLICATION_PROTOCOL_DEFINITION('international standard',
'ap242_managed_model_based_3d_engineering',2020,#6614);
#6584=APPLICATION_PROTOCOL_DEFINITION('international standard',
'ap242_managed_model_based_3d_engineering',2020,#6615);
#6585=APPLICATION_PROTOCOL_DEFINITION('international standard',
'ap242_managed_model_based_3d_engineering',2020,#6616);
#6586=APPLICATION_PROTOCOL_DEFINITION('international standard',
'ap242_managed_model_based_3d_engineering',2020,#6617);
#6587=APPLICATION_PROTOCOL_DEFINITION('international standard',
'ap242_managed_model_based_3d_engineering',2020,#6618);
#6588=APPLICATION_PROTOCOL_DEFINITION('international standard',
'ap242_managed_model_based_3d_engineering',2020,#6619);
#6589=APPLICATION_PROTOCOL_DEFINITION('international standard',
'ap242_managed_model_based_3d_engineering',2020,#6620);
#6590=APPLICATION_CONTEXT('managed model based 3d engineering');
#6591=APPLICATION_CONTEXT('managed model based 3d engineering');
#6592=APPLICATION_CONTEXT('managed model based 3d engineering');
#6593=APPLICATION_CONTEXT('managed model based 3d engineering');
#6594=APPLICATION_CONTEXT('managed model based 3d engineering');
#6595=APPLICATION_CONTEXT('managed model based 3d engineering');
#6596=APPLICATION_CONTEXT('managed model based 3d engineering');
#6597=APPLICATION_CONTEXT('managed model based 3d engineering');
#6598=APPLICATION_CONTEXT('managed model based 3d engineering');
#6599=APPLICATION_CONTEXT('managed model based 3d engineering');
#6600=APPLICATION_CONTEXT('managed model based 3d engineering');
#6601=APPLICATION_CONTEXT('managed model based 3d engineering');
#6602=APPLICATION_CONTEXT('managed model based 3d engineering');
#6603=APPLICATION_CONTEXT('managed model based 3d engineering');
#6604=APPLICATION_CONTEXT('managed model based 3d engineering');
#6605=APPLICATION_CONTEXT('managed model based 3d engineering');
#6606=APPLICATION_CONTEXT('managed model based 3d engineering');
#6607=APPLICATION_CONTEXT('managed model based 3d engineering');
#6608=APPLICATION_CONTEXT('managed model based 3d engineering');
#6609=APPLICATION_CONTEXT('managed model based 3d engineering');
#6610=APPLICATION_CONTEXT('managed model based 3d engineering');
#6611=APPLICATION_CONTEXT('managed model based 3d engineering');
#6612=APPLICATION_CONTEXT('managed model based 3d engineering');
#6613=APPLICATION_CONTEXT('managed model based 3d engineering');
#6614=APPLICATION_CONTEXT('managed model based 3d engineering');
#6615=APPLICATION_CONTEXT('managed model based 3d engineering');
#6616=APPLICATION_CONTEXT('managed model based 3d engineering');
#6617=APPLICATION_CONTEXT('managed model based 3d engineering');
#6618=APPLICATION_CONTEXT('managed model based 3d engineering');
#6619=APPLICATION_CONTEXT('managed model based 3d engineering');
#6620=APPLICATION_CONTEXT('managed model based 3d engineering');
ENDSEC;
END-ISO-10303-21;
