ISO-10303-21;
HEADER;
/* Generated by software containing ST-Developer
 * from STEP Tools, Inc. (www.steptools.com) 
 */
/* OPTION: using custom renumber hook */

FILE_DESCRIPTION(
/* description */ ('STEP AP242 Edition 2',
'CAx-IF Rec.Pracs.---Representation and Presentation of Product Manufa
cturing Information (PMI)---4.0---2014-10-13',
'CAx-IF Rec.Pracs.---3D Tessellated Geometry---0.4---2014-09-14','2;1',
'CAx-IF Rec.Pracs.---User Defined Attributes---1.5---2016-08-15'),
/* implementation_level */ '2;1');

FILE_NAME(
/* name */ 'Part Studio 1',
/* time_stamp */ '2026-07-25T18:59:46Z',
/* author */ (''),
/* organization */ (''),
/* preprocessor_version */ 'ST-DEVELOPER v20',
/* originating_system */ 'ONSHAPE BY PTC INC, 1.218',
/* authorisation */ '  ');

FILE_SCHEMA (('AP242_MANAGED_MODEL_BASED_3D_ENGINEERING_MIM_LF { 1 0 10303 442 3 1 4 }'));
ENDSEC;

DATA;
#10=SHAPE_REPRESENTATION_RELATIONSHIP('','',#8536,#11);
#11=ADVANCED_BREP_SHAPE_REPRESENTATION('',(#8534),#15946);
#12=(
BOUNDED_SURFACE()
B_SPLINE_SURFACE(3,3,((#13455,#13456,#13457,#13458),(#13459,#13460,#13461,
#13462),(#13463,#13464,#13465,#13466),(#13467,#13468,#13469,#13470)),
 .SURF_OF_REVOLUTION.,.F.,.F.,.F.)
B_SPLINE_SURFACE_WITH_KNOTS((4,4),(4,4),(0.,1.),(0.,1.),
 .PIECEWISE_BEZIER_KNOTS.)
GEOMETRIC_REPRESENTATION_ITEM()
RATIONAL_B_SPLINE_SURFACE(((1.,0.826241266941721,0.826241266941721,1.),
(1.,0.826241266941721,0.826241266941721,1.),(1.,0.826241266941721,0.826241266941721,
1.),(1.,0.826241266941721,0.826241266941721,1.)))
REPRESENTATION_ITEM('')
SURFACE()
);
#13=(
BOUNDED_SURFACE()
B_SPLINE_SURFACE(3,3,((#13579,#13580,#13581,#13582),(#13583,#13584,#13585,
#13586),(#13587,#13588,#13589,#13590),(#13591,#13592,#13593,#13594)),
 .SURF_OF_REVOLUTION.,.F.,.F.,.F.)
B_SPLINE_SURFACE_WITH_KNOTS((4,4),(4,4),(0.000240237581649184,1.),(0.,1.),
 .PIECEWISE_BEZIER_KNOTS.)
GEOMETRIC_REPRESENTATION_ITEM()
RATIONAL_B_SPLINE_SURFACE(((1.,0.826241272119626,0.826241272119626,1.),
(1.,0.826241272119626,0.826241272119626,1.),(1.,0.826241272119626,0.826241272119626,
1.),(1.,0.826241272119626,0.826241272119626,1.)))
REPRESENTATION_ITEM('')
SURFACE()
);
#14=B_SPLINE_SURFACE_WITH_KNOTS('',2,3,((#12899,#12900,#12901,#12902,#12903,
#12904),(#12905,#12906,#12907,#12908,#12909,#12910),(#12911,#12912,#12913,
#12914,#12915,#12916)),.UNSPECIFIED.,.F.,.F.,.F.,(3,3),(4,2,4),(0.,1.),
(1.5707963267949,1.8782812371099,2.15999734761663),.UNSPECIFIED.);
#15=B_SPLINE_SURFACE_WITH_KNOTS('',3,1,((#12927,#12928),(#12929,#12930),
(#12931,#12932),(#12933,#12934)),.SURF_OF_LINEAR_EXTRUSION.,.F.,.F.,.F.,
(4,4),(2,2),(3.74452680557607E-17,1.),(0.,1.),.PIECEWISE_BEZIER_KNOTS.);
#16=B_SPLINE_SURFACE_WITH_KNOTS('',2,3,((#12944,#12945,#12946,#12947,#12948,
#12949),(#12950,#12951,#12952,#12953,#12954,#12955),(#12956,#12957,#12958,
#12959,#12960,#12961)),.UNSPECIFIED.,.F.,.F.,.F.,(3,3),(4,2,4),(0.,1.),
(1.5707963267949,1.8782812371099,2.15999734761663),.UNSPECIFIED.);
#17=B_SPLINE_SURFACE_WITH_KNOTS('',2,3,((#12966,#12967,#12968,#12969,#12970,
#12971),(#12972,#12973,#12974,#12975,#12976,#12977),(#12978,#12979,#12980,
#12981,#12982,#12983)),.UNSPECIFIED.,.F.,.F.,.F.,(3,3),(4,2,4),(0.,1.),
(0.859064716688165,1.19936764061074,1.5707963267949),.UNSPECIFIED.);
#18=B_SPLINE_SURFACE_WITH_KNOTS('',3,1,((#12989,#12990),(#12991,#12992),
(#12993,#12994),(#12995,#12996)),.SURF_OF_LINEAR_EXTRUSION.,.F.,.F.,.F.,
(4,4),(2,2),(-4.89382391348321E-17,1.),(0.,1.),.PIECEWISE_BEZIER_KNOTS.);
#19=B_SPLINE_SURFACE_WITH_KNOTS('',2,3,((#13001,#13002,#13003,#13004,#13005,
#13006),(#13007,#13008,#13009,#13010,#13011,#13012),(#13013,#13014,#13015,
#13016,#13017,#13018)),.UNSPECIFIED.,.F.,.F.,.F.,(3,3),(4,2,4),(0.,1.),
(0.859064716688165,1.19936764061074,1.5707963267949),.UNSPECIFIED.);
#20=B_SPLINE_SURFACE_WITH_KNOTS('',2,3,((#13019,#13020,#13021,#13022,#13023,
#13024),(#13025,#13026,#13027,#13028,#13029,#13030),(#13031,#13032,#13033,
#13034,#13035,#13036)),.UNSPECIFIED.,.F.,.F.,.F.,(3,3),(4,2,4),(0.,1.),
(4.12318796001143,4.40490407006968,4.71238898038469),.UNSPECIFIED.);
#21=B_SPLINE_SURFACE_WITH_KNOTS('',2,3,((#13047,#13048,#13049,#13050,#13051,
#13052),(#13053,#13054,#13055,#13056,#13057,#13058),(#13059,#13060,#13061,
#13062,#13063,#13064)),.UNSPECIFIED.,.F.,.F.,.F.,(3,3),(4,2,4),(0.,1.),
(4.12318796001143,4.40490407006968,4.71238898038469),.UNSPECIFIED.);
#22=B_SPLINE_SURFACE_WITH_KNOTS('',3,1,((#13069,#13070),(#13071,#13072),
(#13073,#13074),(#13075,#13076)),.SURF_OF_LINEAR_EXTRUSION.,.F.,.F.,.F.,
(4,4),(2,2),(9.92794442448639E-27,1.),(0.,1.),.PIECEWISE_BEZIER_KNOTS.);
#23=B_SPLINE_SURFACE_WITH_KNOTS('',3,1,((#13086,#13087),(#13088,#13089),
(#13090,#13091),(#13092,#13093)),.SURF_OF_LINEAR_EXTRUSION.,.F.,.F.,.F.,
(4,4),(2,2),(-2.30950002655251E-17,1.),(0.,1.),.PIECEWISE_BEZIER_KNOTS.);
#24=B_SPLINE_SURFACE_WITH_KNOTS('',2,3,((#13098,#13099,#13100,#13101,#13102,
#13103),(#13104,#13105,#13106,#13107,#13108,#13109),(#13110,#13111,#13112,
#13113,#13114,#13115)),.UNSPECIFIED.,.F.,.F.,.F.,(3,3),(4,2,4),(0.,1.),
(4.71238898038469,5.08381766656884,5.42412059049167),.UNSPECIFIED.);
#25=B_SPLINE_SURFACE_WITH_KNOTS('',2,3,((#13121,#13122,#13123,#13124,#13125,
#13126),(#13127,#13128,#13129,#13130,#13131,#13132),(#13133,#13134,#13135,
#13136,#13137,#13138)),.UNSPECIFIED.,.F.,.F.,.F.,(3,3),(4,2,4),(0.,1.),
(4.71238898038469,5.08381766656884,5.42412059049167),.UNSPECIFIED.);
#26=B_SPLINE_SURFACE_WITH_KNOTS('',3,1,((#13139,#13140),(#13141,#13142),
(#13143,#13144),(#13145,#13146)),.SURF_OF_LINEAR_EXTRUSION.,.F.,.F.,.F.,
(4,4),(2,2),(-4.3731359429049E-16,1.00000000000015),(0.,1.),
 .PIECEWISE_BEZIER_KNOTS.);
#27=B_SPLINE_SURFACE_WITH_KNOTS('',2,3,((#13155,#13156,#13157,#13158,#13159,
#13160,#13161,#13162,#13163,#13164,#13165,#13166,#13167,#13168),(#13169,
#13170,#13171,#13172,#13173,#13174,#13175,#13176,#13177,#13178,#13179,#13180,
#13181,#13182),(#13183,#13184,#13185,#13186,#13187,#13188,#13189,#13190,
#13191,#13192,#13193,#13194,#13195,#13196)),.UNSPECIFIED.,.F.,.F.,.F.,(3,
3),(4,2,2,2,2,2,4),(0.,1.),(2.5589516671485,2.64184805784868,3.0563300113496,
3.47081196485053,3.88529391835145,4.29977587185238,4.38267226255256),
 .UNSPECIFIED.);
#28=B_SPLINE_SURFACE_WITH_KNOTS('',3,3,((#13201,#13202,#13203,#13204,#13205,
#13206,#13207,#13208,#13209,#13210,#13211,#13212,#13213,#13214,#13215,#13216,
#13217,#13218,#13219),(#13220,#13221,#13222,#13223,#13224,#13225,#13226,
#13227,#13228,#13229,#13230,#13231,#13232,#13233,#13234,#13235,#13236,#13237,
#13238),(#13239,#13240,#13241,#13242,#13243,#13244,#13245,#13246,#13247,
#13248,#13249,#13250,#13251,#13252,#13253,#13254,#13255,#13256,#13257),
(#13258,#13259,#13260,#13261,#13262,#13263,#13264,#13265,#13266,#13267,
#13268,#13269,#13270,#13271,#13272,#13273,#13274,#13275,#13276)),
 .UNSPECIFIED.,.F.,.F.,.F.,(4,4),(4,1,1,1,1,1,1,1,1,1,1,1,1,1,1,1,4),(-0.00600001894899986,
1.),(3.57459586605063,3.96959855008046,4.25174332438747,4.59031705355589,
4.92889078272432,5.26746451189274,5.60603824106116,5.94461197022958,6.283185699398,
6.62175942856642,6.96033315773484,7.29890688690326,7.63748061607168,7.9760543452401,
8.31462807440852,8.59677284871554,8.99177553274537),.UNSPECIFIED.);
#29=B_SPLINE_SURFACE_WITH_KNOTS('',3,1,((#13281,#13282),(#13283,#13284),
(#13285,#13286),(#13287,#13288)),.SURF_OF_LINEAR_EXTRUSION.,.F.,.F.,.F.,
(4,4),(2,2),(-1.02978199798425E-16,1.00600012471753),(0.,1.),
 .PIECEWISE_BEZIER_KNOTS.);
#30=B_SPLINE_SURFACE_WITH_KNOTS('',3,1,((#13289,#13290),(#13291,#13292),
(#13293,#13294),(#13295,#13296)),.SURF_OF_LINEAR_EXTRUSION.,.F.,.F.,.F.,
(4,4),(2,2),(-4.24147910633139E-15,1.00000000000084),(0.,1.),
 .PIECEWISE_BEZIER_KNOTS.);
#31=B_SPLINE_SURFACE_WITH_KNOTS('',2,3,((#13305,#13306,#13307,#13308,#13309,
#13310,#13311,#13312,#13313,#13314,#13315,#13316,#13317,#13318),(#13319,
#13320,#13321,#13322,#13323,#13324,#13325,#13326,#13327,#13328,#13329,#13330,
#13331,#13332),(#13333,#13334,#13335,#13336,#13337,#13338,#13339,#13340,
#13341,#13342,#13343,#13344,#13345,#13346)),.UNSPECIFIED.,.F.,.F.,.F.,(3,
3),(4,2,2,2,2,2,4),(0.,1.),(2.5589516671485,2.64184805784868,3.0563300113496,
3.47081196485053,3.88529391835145,4.29977587185238,4.38267226255256),
 .UNSPECIFIED.);
#32=B_SPLINE_SURFACE_WITH_KNOTS('',3,3,((#13351,#13352,#13353,#13354,#13355,
#13356,#13357,#13358,#13359,#13360,#13361,#13362,#13363,#13364,#13365,#13366,
#13367,#13368,#13369),(#13370,#13371,#13372,#13373,#13374,#13375,#13376,
#13377,#13378,#13379,#13380,#13381,#13382,#13383,#13384,#13385,#13386,#13387,
#13388),(#13389,#13390,#13391,#13392,#13393,#13394,#13395,#13396,#13397,
#13398,#13399,#13400,#13401,#13402,#13403,#13404,#13405,#13406,#13407),
(#13408,#13409,#13410,#13411,#13412,#13413,#13414,#13415,#13416,#13417,
#13418,#13419,#13420,#13421,#13422,#13423,#13424,#13425,#13426)),
 .UNSPECIFIED.,.F.,.F.,.F.,(4,4),(4,1,1,1,1,1,1,1,1,1,1,1,1,1,1,1,4),(0.,
1.),(3.57459287154643,3.96959593222596,4.25174097556847,4.59031502757949,
4.92888907959051,5.26746313160153,5.60603718361255,5.94461123562357,6.28318528763459,
6.62175933964561,6.96033339165663,7.29890744366765,7.63748149567867,7.97605554768969,
8.31462959970071,8.59677464304323,8.99177770372275),.UNSPECIFIED.);
#33=B_SPLINE_SURFACE_WITH_KNOTS('',3,1,((#13431,#13432),(#13433,#13434),
(#13435,#13436),(#13437,#13438)),.SURF_OF_LINEAR_EXTRUSION.,.F.,.F.,.F.,
(4,4),(2,2),(-4.40039487690261E-15,1.00000000000494),(0.,1.),
 .PIECEWISE_BEZIER_KNOTS.);
#34=B_SPLINE_SURFACE_WITH_KNOTS('',3,1,((#13439,#13440),(#13441,#13442),
(#13443,#13444),(#13445,#13446)),.SURF_OF_LINEAR_EXTRUSION.,.F.,.F.,.F.,
(4,4),(2,2),(-6.01992299257237E-16,1.00600007540741),(0.,1.),
 .PIECEWISE_BEZIER_KNOTS.);
#35=B_SPLINE_SURFACE_WITH_KNOTS('',3,3,((#13475,#13476,#13477,#13478,#13479,
#13480,#13481,#13482,#13483,#13484,#13485,#13486,#13487,#13488,#13489,#13490,
#13491,#13492,#13493),(#13494,#13495,#13496,#13497,#13498,#13499,#13500,
#13501,#13502,#13503,#13504,#13505,#13506,#13507,#13508,#13509,#13510,#13511,
#13512),(#13513,#13514,#13515,#13516,#13517,#13518,#13519,#13520,#13521,
#13522,#13523,#13524,#13525,#13526,#13527,#13528,#13529,#13530,#13531),
(#13532,#13533,#13534,#13535,#13536,#13537,#13538,#13539,#13540,#13541,
#13542,#13543,#13544,#13545,#13546,#13547,#13548,#13549,#13550)),
 .UNSPECIFIED.,.F.,.F.,.F.,(4,4),(4,1,1,1,1,1,1,1,1,1,1,1,1,1,1,1,4),(-0.00600001435823339,
1.),(3.67086351768551,4.05182710692723,4.3239439563856,4.65048417573564,
4.97702439508569,5.30356461443573,5.63010483378577,5.95664505313582,6.28318527248586,
6.6097254918359,6.93626571118594,7.26280593053599,7.58934614988603,7.91588636923607,
8.24242658858611,8.51454343804448,8.8955070272862),.UNSPECIFIED.);
#36=B_SPLINE_SURFACE_WITH_KNOTS('',3,1,((#13555,#13556),(#13557,#13558),
(#13559,#13560),(#13561,#13562)),.SURF_OF_LINEAR_EXTRUSION.,.F.,.F.,.F.,
(4,4),(2,2),(-1.0016663461271E-12,1.0060000802918),(0.,1.),
 .PIECEWISE_BEZIER_KNOTS.);
#37=B_SPLINE_SURFACE_WITH_KNOTS('',3,1,((#13563,#13564),(#13565,#13566),
(#13567,#13568),(#13569,#13570)),.SURF_OF_LINEAR_EXTRUSION.,.F.,.F.,.F.,
(4,4),(2,2),(-1.98641805067181E-15,1.0000000000046),(0.,1.),
 .PIECEWISE_BEZIER_KNOTS.);
#38=B_SPLINE_SURFACE_WITH_KNOTS('',3,3,((#13599,#13600,#13601,#13602,#13603,
#13604,#13605,#13606,#13607,#13608,#13609,#13610,#13611,#13612,#13613,#13614,
#13615,#13616,#13617),(#13618,#13619,#13620,#13621,#13622,#13623,#13624,
#13625,#13626,#13627,#13628,#13629,#13630,#13631,#13632,#13633,#13634,#13635,
#13636),(#13637,#13638,#13639,#13640,#13641,#13642,#13643,#13644,#13645,
#13646,#13647,#13648,#13649,#13650,#13651,#13652,#13653,#13654,#13655),
(#13656,#13657,#13658,#13659,#13660,#13661,#13662,#13663,#13664,#13665,
#13666,#13667,#13668,#13669,#13670,#13671,#13672,#13673,#13674)),
 .UNSPECIFIED.,.F.,.F.,.F.,(4,4),(4,1,1,1,1,1,1,1,1,1,1,1,1,1,1,1,4),(0.,
1.00600001453402),(3.67086624456678,4.05182938762895,4.32394591838765,4.65048575529809,
4.97702559220852,5.30356542911895,5.63010526602939,5.95664510293983,6.28318493985026,
6.6097247767607,6.93626461367113,7.26280445058157,7.589344287492,7.91588412440244,
8.24242396131287,8.51454049207157,8.89550363513374),.UNSPECIFIED.);
#39=B_SPLINE_SURFACE_WITH_KNOTS('',3,1,((#13679,#13680),(#13681,#13682),
(#13683,#13684),(#13685,#13686)),.SURF_OF_LINEAR_EXTRUSION.,.F.,.F.,.F.,
(4,4),(2,2),(-9.99146616163562E-13,1.00600003043895),(0.,1.),
 .PIECEWISE_BEZIER_KNOTS.);
#40=B_SPLINE_SURFACE_WITH_KNOTS('',3,1,((#13708,#13709),(#13710,#13711),
(#13712,#13713),(#13714,#13715)),.SURF_OF_LINEAR_EXTRUSION.,.F.,.F.,.F.,
(4,4),(2,2),(0.,1.),(0.,1.),.PIECEWISE_BEZIER_KNOTS.);
#41=B_SPLINE_SURFACE_WITH_KNOTS('',3,1,((#13725,#13726),(#13727,#13728),
(#13729,#13730),(#13731,#13732)),.SURF_OF_LINEAR_EXTRUSION.,.F.,.F.,.F.,
(4,4),(2,2),(0.,1.),(0.,1.),.PIECEWISE_BEZIER_KNOTS.);
#42=B_SPLINE_SURFACE_WITH_KNOTS('',3,1,((#13742,#13743),(#13744,#13745),
(#13746,#13747),(#13748,#13749)),.SURF_OF_LINEAR_EXTRUSION.,.F.,.F.,.F.,
(4,4),(2,2),(0.,1.),(0.,1.),.PIECEWISE_BEZIER_KNOTS.);
#43=B_SPLINE_SURFACE_WITH_KNOTS('',3,1,((#13759,#13760),(#13761,#13762),
(#13763,#13764),(#13765,#13766)),.SURF_OF_LINEAR_EXTRUSION.,.F.,.F.,.F.,
(4,4),(2,2),(0.,1.),(0.,1.),.PIECEWISE_BEZIER_KNOTS.);
#44=B_SPLINE_SURFACE_WITH_KNOTS('',3,1,((#13774,#13775),(#13776,#13777),
(#13778,#13779),(#13780,#13781)),.SURF_OF_LINEAR_EXTRUSION.,.F.,.F.,.F.,
(4,4),(2,2),(0.,1.),(0.,1.),.PIECEWISE_BEZIER_KNOTS.);
#45=B_SPLINE_SURFACE_WITH_KNOTS('',3,1,((#13807,#13808),(#13809,#13810),
(#13811,#13812),(#13813,#13814)),.SURF_OF_LINEAR_EXTRUSION.,.F.,.F.,.F.,
(4,4),(2,2),(0.,1.),(0.,1.),.PIECEWISE_BEZIER_KNOTS.);
#46=B_SPLINE_SURFACE_WITH_KNOTS('',3,1,((#13818,#13819),(#13820,#13821),
(#13822,#13823),(#13824,#13825)),.SURF_OF_LINEAR_EXTRUSION.,.F.,.F.,.F.,
(4,4),(2,2),(0.,1.),(0.,1.),.PIECEWISE_BEZIER_KNOTS.);
#47=B_SPLINE_SURFACE_WITH_KNOTS('',3,1,((#14088,#14089),(#14090,#14091),
(#14092,#14093),(#14094,#14095)),.SURF_OF_LINEAR_EXTRUSION.,.F.,.F.,.F.,
(4,4),(2,2),(0.,1.),(0.,1.),.PIECEWISE_BEZIER_KNOTS.);
#48=B_SPLINE_SURFACE_WITH_KNOTS('',3,1,((#14105,#14106),(#14107,#14108),
(#14109,#14110),(#14111,#14112)),.SURF_OF_LINEAR_EXTRUSION.,.F.,.F.,.F.,
(4,4),(2,2),(0.,1.),(0.,1.),.PIECEWISE_BEZIER_KNOTS.);
#49=B_SPLINE_SURFACE_WITH_KNOTS('',3,1,((#14122,#14123),(#14124,#14125),
(#14126,#14127),(#14128,#14129)),.SURF_OF_LINEAR_EXTRUSION.,.F.,.F.,.F.,
(4,4),(2,2),(0.,1.),(0.,1.),.PIECEWISE_BEZIER_KNOTS.);
#50=B_SPLINE_SURFACE_WITH_KNOTS('',3,1,((#14161,#14162),(#14163,#14164),
(#14165,#14166),(#14167,#14168)),.SURF_OF_LINEAR_EXTRUSION.,.F.,.F.,.F.,
(4,4),(2,2),(0.,1.),(0.,1.),.PIECEWISE_BEZIER_KNOTS.);
#51=B_SPLINE_SURFACE_WITH_KNOTS('',3,1,((#14174,#14175),(#14176,#14177),
(#14178,#14179),(#14180,#14181)),.SURF_OF_LINEAR_EXTRUSION.,.F.,.F.,.F.,
(4,4),(2,2),(0.,1.),(0.,1.),.PIECEWISE_BEZIER_KNOTS.);
#52=B_SPLINE_SURFACE_WITH_KNOTS('',3,1,((#14187,#14188),(#14189,#14190),
(#14191,#14192),(#14193,#14194)),.SURF_OF_LINEAR_EXTRUSION.,.F.,.F.,.F.,
(4,4),(2,2),(0.,1.),(0.,1.),.PIECEWISE_BEZIER_KNOTS.);
#53=B_SPLINE_SURFACE_WITH_KNOTS('',3,1,((#14210,#14211),(#14212,#14213),
(#14214,#14215),(#14216,#14217)),.SURF_OF_LINEAR_EXTRUSION.,.F.,.F.,.F.,
(4,4),(2,2),(0.,1.),(0.,1.),.PIECEWISE_BEZIER_KNOTS.);
#54=B_SPLINE_SURFACE_WITH_KNOTS('',3,1,((#14225,#14226),(#14227,#14228),
(#14229,#14230),(#14231,#14232)),.SURF_OF_LINEAR_EXTRUSION.,.F.,.F.,.F.,
(4,4),(2,2),(0.,1.),(0.,1.),.PIECEWISE_BEZIER_KNOTS.);
#55=B_SPLINE_SURFACE_WITH_KNOTS('',3,1,((#14240,#14241),(#14242,#14243),
(#14244,#14245),(#14246,#14247)),.SURF_OF_LINEAR_EXTRUSION.,.F.,.F.,.F.,
(4,4),(2,2),(0.,1.),(0.,1.),.PIECEWISE_BEZIER_KNOTS.);
#56=B_SPLINE_SURFACE_WITH_KNOTS('',3,1,((#14253,#14254),(#14255,#14256),
(#14257,#14258),(#14259,#14260)),.SURF_OF_LINEAR_EXTRUSION.,.F.,.F.,.F.,
(4,4),(2,2),(0.,1.),(0.,1.),.PIECEWISE_BEZIER_KNOTS.);
#57=B_SPLINE_SURFACE_WITH_KNOTS('',3,1,((#14266,#14267),(#14268,#14269),
(#14270,#14271),(#14272,#14273)),.SURF_OF_LINEAR_EXTRUSION.,.F.,.F.,.F.,
(4,4),(2,2),(0.,1.),(0.,1.),.PIECEWISE_BEZIER_KNOTS.);
#58=B_SPLINE_SURFACE_WITH_KNOTS('',3,1,((#14279,#14280),(#14281,#14282),
(#14283,#14284),(#14285,#14286)),.SURF_OF_LINEAR_EXTRUSION.,.F.,.F.,.F.,
(4,4),(2,2),(0.,1.),(0.,1.),.PIECEWISE_BEZIER_KNOTS.);
#59=B_SPLINE_SURFACE_WITH_KNOTS('',3,1,((#14292,#14293),(#14294,#14295),
(#14296,#14297),(#14298,#14299)),.SURF_OF_LINEAR_EXTRUSION.,.F.,.F.,.F.,
(4,4),(2,2),(0.,1.),(0.,1.),.PIECEWISE_BEZIER_KNOTS.);
#60=B_SPLINE_SURFACE_WITH_KNOTS('',3,1,((#14305,#14306),(#14307,#14308),
(#14309,#14310),(#14311,#14312)),.SURF_OF_LINEAR_EXTRUSION.,.F.,.F.,.F.,
(4,4),(2,2),(0.,1.),(0.,1.),.PIECEWISE_BEZIER_KNOTS.);
#61=B_SPLINE_SURFACE_WITH_KNOTS('',3,1,((#14318,#14319),(#14320,#14321),
(#14322,#14323),(#14324,#14325)),.SURF_OF_LINEAR_EXTRUSION.,.F.,.F.,.F.,
(4,4),(2,2),(0.,1.),(0.,1.),.PIECEWISE_BEZIER_KNOTS.);
#62=B_SPLINE_SURFACE_WITH_KNOTS('',3,1,((#14331,#14332),(#14333,#14334),
(#14335,#14336),(#14337,#14338)),.SURF_OF_LINEAR_EXTRUSION.,.F.,.F.,.F.,
(4,4),(2,2),(0.,1.),(0.,1.),.PIECEWISE_BEZIER_KNOTS.);
#63=B_SPLINE_SURFACE_WITH_KNOTS('',3,1,((#14352,#14353),(#14354,#14355),
(#14356,#14357),(#14358,#14359)),.SURF_OF_LINEAR_EXTRUSION.,.F.,.F.,.F.,
(4,4),(2,2),(0.,1.),(0.,1.),.PIECEWISE_BEZIER_KNOTS.);
#64=B_SPLINE_SURFACE_WITH_KNOTS('',3,1,((#14365,#14366),(#14367,#14368),
(#14369,#14370),(#14371,#14372)),.SURF_OF_LINEAR_EXTRUSION.,.F.,.F.,.F.,
(4,4),(2,2),(0.,1.),(0.,1.),.PIECEWISE_BEZIER_KNOTS.);
#65=B_SPLINE_SURFACE_WITH_KNOTS('',3,1,((#14378,#14379),(#14380,#14381),
(#14382,#14383),(#14384,#14385)),.SURF_OF_LINEAR_EXTRUSION.,.F.,.F.,.F.,
(4,4),(2,2),(0.,1.),(0.,1.),.PIECEWISE_BEZIER_KNOTS.);
#66=B_SPLINE_SURFACE_WITH_KNOTS('',3,1,((#14391,#14392),(#14393,#14394),
(#14395,#14396),(#14397,#14398)),.SURF_OF_LINEAR_EXTRUSION.,.F.,.F.,.F.,
(4,4),(2,2),(0.,1.),(0.,1.),.PIECEWISE_BEZIER_KNOTS.);
#67=B_SPLINE_SURFACE_WITH_KNOTS('',3,1,((#14404,#14405),(#14406,#14407),
(#14408,#14409),(#14410,#14411)),.SURF_OF_LINEAR_EXTRUSION.,.F.,.F.,.F.,
(4,4),(2,2),(0.,1.),(0.,1.),.PIECEWISE_BEZIER_KNOTS.);
#68=B_SPLINE_SURFACE_WITH_KNOTS('',3,1,((#14417,#14418),(#14419,#14420),
(#14421,#14422),(#14423,#14424)),.SURF_OF_LINEAR_EXTRUSION.,.F.,.F.,.F.,
(4,4),(2,2),(0.,1.),(0.,1.),.PIECEWISE_BEZIER_KNOTS.);
#69=B_SPLINE_SURFACE_WITH_KNOTS('',3,1,((#14430,#14431),(#14432,#14433),
(#14434,#14435),(#14436,#14437)),.SURF_OF_LINEAR_EXTRUSION.,.F.,.F.,.F.,
(4,4),(2,2),(0.,1.),(0.,1.),.PIECEWISE_BEZIER_KNOTS.);
#70=B_SPLINE_SURFACE_WITH_KNOTS('',3,1,((#14443,#14444),(#14445,#14446),
(#14447,#14448),(#14449,#14450)),.SURF_OF_LINEAR_EXTRUSION.,.F.,.F.,.F.,
(4,4),(2,2),(0.,1.),(0.,1.),.PIECEWISE_BEZIER_KNOTS.);
#71=B_SPLINE_SURFACE_WITH_KNOTS('',3,1,((#14456,#14457),(#14458,#14459),
(#14460,#14461),(#14462,#14463)),.SURF_OF_LINEAR_EXTRUSION.,.F.,.F.,.F.,
(4,4),(2,2),(0.,1.),(0.,1.),.PIECEWISE_BEZIER_KNOTS.);
#72=B_SPLINE_SURFACE_WITH_KNOTS('',3,1,((#14481,#14482),(#14483,#14484),
(#14485,#14486),(#14487,#14488)),.SURF_OF_LINEAR_EXTRUSION.,.F.,.F.,.F.,
(4,4),(2,2),(0.,1.),(0.,1.),.PIECEWISE_BEZIER_KNOTS.);
#73=B_SPLINE_SURFACE_WITH_KNOTS('',3,1,((#14494,#14495),(#14496,#14497),
(#14498,#14499),(#14500,#14501)),.SURF_OF_LINEAR_EXTRUSION.,.F.,.F.,.F.,
(4,4),(2,2),(0.,1.),(0.,1.),.PIECEWISE_BEZIER_KNOTS.);
#74=B_SPLINE_SURFACE_WITH_KNOTS('',3,1,((#14535,#14536),(#14537,#14538),
(#14539,#14540),(#14541,#14542)),.SURF_OF_LINEAR_EXTRUSION.,.F.,.F.,.F.,
(4,4),(2,2),(0.,1.),(0.,1.),.PIECEWISE_BEZIER_KNOTS.);
#75=B_SPLINE_SURFACE_WITH_KNOTS('',3,1,((#14644,#14645),(#14646,#14647),
(#14648,#14649),(#14650,#14651)),.SURF_OF_LINEAR_EXTRUSION.,.F.,.F.,.F.,
(4,4),(2,2),(0.,1.),(0.,1.),.PIECEWISE_BEZIER_KNOTS.);
#76=B_SPLINE_SURFACE_WITH_KNOTS('',3,1,((#14657,#14658),(#14659,#14660),
(#14661,#14662),(#14663,#14664)),.SURF_OF_LINEAR_EXTRUSION.,.F.,.F.,.F.,
(4,4),(2,2),(0.,1.),(0.,1.),.PIECEWISE_BEZIER_KNOTS.);
#77=B_SPLINE_SURFACE_WITH_KNOTS('',3,1,((#14670,#14671),(#14672,#14673),
(#14674,#14675),(#14676,#14677)),.SURF_OF_LINEAR_EXTRUSION.,.F.,.F.,.F.,
(4,4),(2,2),(0.,1.),(0.,1.),.PIECEWISE_BEZIER_KNOTS.);
#78=B_SPLINE_SURFACE_WITH_KNOTS('',3,1,((#14683,#14684),(#14685,#14686),
(#14687,#14688),(#14689,#14690)),.SURF_OF_LINEAR_EXTRUSION.,.F.,.F.,.F.,
(4,4),(2,2),(0.,1.),(0.,1.),.PIECEWISE_BEZIER_KNOTS.);
#79=B_SPLINE_SURFACE_WITH_KNOTS('',3,1,((#14700,#14701),(#14702,#14703),
(#14704,#14705),(#14706,#14707)),.SURF_OF_LINEAR_EXTRUSION.,.F.,.F.,.F.,
(4,4),(2,2),(0.,1.),(0.,1.),.PIECEWISE_BEZIER_KNOTS.);
#80=B_SPLINE_SURFACE_WITH_KNOTS('',3,1,((#14831,#14832),(#14833,#14834),
(#14835,#14836),(#14837,#14838)),.SURF_OF_LINEAR_EXTRUSION.,.F.,.F.,.F.,
(4,4),(2,2),(0.,1.),(0.,1.),.PIECEWISE_BEZIER_KNOTS.);
#81=B_SPLINE_SURFACE_WITH_KNOTS('',3,1,((#14940,#14941),(#14942,#14943),
(#14944,#14945),(#14946,#14947)),.SURF_OF_LINEAR_EXTRUSION.,.F.,.F.,.F.,
(4,4),(2,2),(0.,1.),(0.,1.),.PIECEWISE_BEZIER_KNOTS.);
#82=B_SPLINE_SURFACE_WITH_KNOTS('',3,1,((#14953,#14954),(#14955,#14956),
(#14957,#14958),(#14959,#14960)),.SURF_OF_LINEAR_EXTRUSION.,.F.,.F.,.F.,
(4,4),(2,2),(0.,1.),(0.,1.),.PIECEWISE_BEZIER_KNOTS.);
#83=B_SPLINE_SURFACE_WITH_KNOTS('',3,1,((#14966,#14967),(#14968,#14969),
(#14970,#14971),(#14972,#14973)),.SURF_OF_LINEAR_EXTRUSION.,.F.,.F.,.F.,
(4,4),(2,2),(0.,1.),(0.,1.),.PIECEWISE_BEZIER_KNOTS.);
#84=B_SPLINE_SURFACE_WITH_KNOTS('',3,1,((#14979,#14980),(#14981,#14982),
(#14983,#14984),(#14985,#14986)),.SURF_OF_LINEAR_EXTRUSION.,.F.,.F.,.F.,
(4,4),(2,2),(0.,1.),(0.,1.),.PIECEWISE_BEZIER_KNOTS.);
#85=B_SPLINE_SURFACE_WITH_KNOTS('',3,1,((#14996,#14997),(#14998,#14999),
(#15000,#15001),(#15002,#15003)),.SURF_OF_LINEAR_EXTRUSION.,.F.,.F.,.F.,
(4,4),(2,2),(0.,1.),(0.,1.),.PIECEWISE_BEZIER_KNOTS.);
#86=B_SPLINE_SURFACE_WITH_KNOTS('',3,1,((#15159,#15160),(#15161,#15162),
(#15163,#15164),(#15165,#15166)),.SURF_OF_LINEAR_EXTRUSION.,.F.,.F.,.F.,
(4,4),(2,2),(0.,1.),(0.,1.),.PIECEWISE_BEZIER_KNOTS.);
#87=B_SPLINE_SURFACE_WITH_KNOTS('',3,1,((#15220,#15221),(#15222,#15223),
(#15224,#15225),(#15226,#15227)),.SURF_OF_LINEAR_EXTRUSION.,.F.,.F.,.F.,
(4,4),(2,2),(0.,1.),(0.,1.),.PIECEWISE_BEZIER_KNOTS.);
#88=B_SPLINE_SURFACE_WITH_KNOTS('',3,1,((#15277,#15278),(#15279,#15280),
(#15281,#15282),(#15283,#15284)),.SURF_OF_LINEAR_EXTRUSION.,.F.,.F.,.F.,
(4,4),(2,2),(0.,1.),(0.,1.),.PIECEWISE_BEZIER_KNOTS.);
#89=B_SPLINE_SURFACE_WITH_KNOTS('',3,1,((#15290,#15291),(#15292,#15293),
(#15294,#15295),(#15296,#15297)),.SURF_OF_LINEAR_EXTRUSION.,.F.,.F.,.F.,
(4,4),(2,2),(0.,1.),(0.,1.),.PIECEWISE_BEZIER_KNOTS.);
#90=B_SPLINE_SURFACE_WITH_KNOTS('',3,1,((#15303,#15304),(#15305,#15306),
(#15307,#15308),(#15309,#15310)),.SURF_OF_LINEAR_EXTRUSION.,.F.,.F.,.F.,
(4,4),(2,2),(0.,1.),(0.,1.),.PIECEWISE_BEZIER_KNOTS.);
#91=B_SPLINE_SURFACE_WITH_KNOTS('',3,1,((#15316,#15317),(#15318,#15319),
(#15320,#15321),(#15322,#15323)),.SURF_OF_LINEAR_EXTRUSION.,.F.,.F.,.F.,
(4,4),(2,2),(0.,1.),(0.,1.),.PIECEWISE_BEZIER_KNOTS.);
#92=B_SPLINE_SURFACE_WITH_KNOTS('',3,1,((#15333,#15334),(#15335,#15336),
(#15337,#15338),(#15339,#15340)),.SURF_OF_LINEAR_EXTRUSION.,.F.,.F.,.F.,
(4,4),(2,2),(0.,1.),(0.,1.),.PIECEWISE_BEZIER_KNOTS.);
#93=B_SPLINE_SURFACE_WITH_KNOTS('',3,1,((#15403,#15404),(#15405,#15406),
(#15407,#15408),(#15409,#15410)),.SURF_OF_LINEAR_EXTRUSION.,.F.,.F.,.F.,
(4,4),(2,2),(0.,1.),(0.,1.),.PIECEWISE_BEZIER_KNOTS.);
#94=B_SPLINE_SURFACE_WITH_KNOTS('',3,1,((#15464,#15465),(#15466,#15467),
(#15468,#15469),(#15470,#15471)),.SURF_OF_LINEAR_EXTRUSION.,.F.,.F.,.F.,
(4,4),(2,2),(0.,1.),(0.,1.),.PIECEWISE_BEZIER_KNOTS.);
#95=B_SPLINE_SURFACE_WITH_KNOTS('',3,1,((#15521,#15522),(#15523,#15524),
(#15525,#15526),(#15527,#15528)),.SURF_OF_LINEAR_EXTRUSION.,.F.,.F.,.F.,
(4,4),(2,2),(0.,1.),(0.,1.),.PIECEWISE_BEZIER_KNOTS.);
#96=B_SPLINE_SURFACE_WITH_KNOTS('',3,1,((#15534,#15535),(#15536,#15537),
(#15538,#15539),(#15540,#15541)),.SURF_OF_LINEAR_EXTRUSION.,.F.,.F.,.F.,
(4,4),(2,2),(0.,1.),(0.,1.),.PIECEWISE_BEZIER_KNOTS.);
#97=B_SPLINE_SURFACE_WITH_KNOTS('',3,1,((#15547,#15548),(#15549,#15550),
(#15551,#15552),(#15553,#15554)),.SURF_OF_LINEAR_EXTRUSION.,.F.,.F.,.F.,
(4,4),(2,2),(0.,1.),(0.,1.),.PIECEWISE_BEZIER_KNOTS.);
#98=B_SPLINE_SURFACE_WITH_KNOTS('',3,1,((#15560,#15561),(#15562,#15563),
(#15564,#15565),(#15566,#15567)),.SURF_OF_LINEAR_EXTRUSION.,.F.,.F.,.F.,
(4,4),(2,2),(0.,1.),(0.,1.),.PIECEWISE_BEZIER_KNOTS.);
#99=B_SPLINE_SURFACE_WITH_KNOTS('',3,1,((#15577,#15578),(#15579,#15580),
(#15581,#15582),(#15583,#15584)),.SURF_OF_LINEAR_EXTRUSION.,.F.,.F.,.F.,
(4,4),(2,2),(0.,1.),(0.,1.),.PIECEWISE_BEZIER_KNOTS.);
#100=B_SPLINE_SURFACE_WITH_KNOTS('',3,1,((#15659,#15660),(#15661,#15662),
(#15663,#15664),(#15665,#15666)),.SURF_OF_LINEAR_EXTRUSION.,.F.,.F.,.F.,
(4,4),(2,2),(0.,1.),(0.,1.),.PIECEWISE_BEZIER_KNOTS.);
#101=B_SPLINE_SURFACE_WITH_KNOTS('',3,1,((#15720,#15721),(#15722,#15723),
(#15724,#15725),(#15726,#15727)),.SURF_OF_LINEAR_EXTRUSION.,.F.,.F.,.F.,
(4,4),(2,2),(0.,1.),(0.,1.),.PIECEWISE_BEZIER_KNOTS.);
#102=B_SPLINE_SURFACE_WITH_KNOTS('',3,1,((#15733,#15734),(#15735,#15736),
(#15737,#15738),(#15739,#15740)),.SURF_OF_LINEAR_EXTRUSION.,.F.,.F.,.F.,
(4,4),(2,2),(0.,1.),(0.,1.),.PIECEWISE_BEZIER_KNOTS.);
#103=B_SPLINE_SURFACE_WITH_KNOTS('',3,1,((#15746,#15747),(#15748,#15749),
(#15750,#15751),(#15752,#15753)),.SURF_OF_LINEAR_EXTRUSION.,.F.,.F.,.F.,
(4,4),(2,2),(0.,1.),(0.,1.),.PIECEWISE_BEZIER_KNOTS.);
#104=B_SPLINE_SURFACE_WITH_KNOTS('',3,1,((#15807,#15808),(#15809,#15810),
(#15811,#15812),(#15813,#15814)),.SURF_OF_LINEAR_EXTRUSION.,.F.,.F.,.F.,
(4,4),(2,2),(0.,1.),(0.,1.),.PIECEWISE_BEZIER_KNOTS.);
#105=B_SPLINE_SURFACE_WITH_KNOTS('',3,1,((#15885,#15886),(#15887,#15888),
(#15889,#15890),(#15891,#15892)),.SURF_OF_LINEAR_EXTRUSION.,.F.,.F.,.F.,
(4,4),(2,2),(0.,1.),(0.,1.),.PIECEWISE_BEZIER_KNOTS.);
#106=CYLINDRICAL_SURFACE('',#8756,0.016);
#107=CYLINDRICAL_SURFACE('',#8757,0.0145000000000039);
#108=CYLINDRICAL_SURFACE('',#8761,0.0145000000000039);
#109=CYLINDRICAL_SURFACE('',#8763,0.009);
#110=CYLINDRICAL_SURFACE('',#8766,0.016);
#111=CYLINDRICAL_SURFACE('',#8768,0.013);
#112=CYLINDRICAL_SURFACE('',#8797,0.00888498019911576);
#113=CYLINDRICAL_SURFACE('',#8799,0.0423809345783678);
#114=CYLINDRICAL_SURFACE('',#8807,0.01468405388654);
#115=CYLINDRICAL_SURFACE('',#8816,0.00888498019907979);
#116=CYLINDRICAL_SURFACE('',#8818,0.042380934578851);
#117=CYLINDRICAL_SURFACE('',#8826,0.0146840538865482);
#118=CYLINDRICAL_SURFACE('',#8834,0.00519699166178765);
#119=CYLINDRICAL_SURFACE('',#8845,0.00667519213295888);
#120=CYLINDRICAL_SURFACE('',#8862,0.002687314865912);
#121=CYLINDRICAL_SURFACE('',#8864,0.00278495414831494);
#122=CYLINDRICAL_SURFACE('',#8866,0.0029226728862133);
#123=CYLINDRICAL_SURFACE('',#8873,0.000102611858846418);
#124=CYLINDRICAL_SURFACE('',#8875,0.000150138855221566);
#125=CYLINDRICAL_SURFACE('',#8877,0.000150021176501046);
#126=CYLINDRICAL_SURFACE('',#8880,0.000814817773654382);
#127=CYLINDRICAL_SURFACE('',#8882,0.000976729933475401);
#128=CYLINDRICAL_SURFACE('',#8884,8.65024622477424E-5);
#129=CYLINDRICAL_SURFACE('',#8886,0.000150913247124879);
#130=CYLINDRICAL_SURFACE('',#8888,0.000658337317430256);
#131=CYLINDRICAL_SURFACE('',#8891,0.000104364954744631);
#132=CYLINDRICAL_SURFACE('',#8893,9.14463429281999E-5);
#133=CYLINDRICAL_SURFACE('',#8895,0.000102044268421563);
#134=CYLINDRICAL_SURFACE('',#8897,0.000148798444418693);
#135=CYLINDRICAL_SURFACE('',#8899,0.000160827697517776);
#136=CYLINDRICAL_SURFACE('',#8902,0.000701169236348668);
#137=CYLINDRICAL_SURFACE('',#8904,0.000588143407970398);
#138=CYLINDRICAL_SURFACE('',#8906,0.0003053037905924);
#139=CYLINDRICAL_SURFACE('',#8908,9.7263559965713E-5);
#140=CYLINDRICAL_SURFACE('',#8910,0.000159006478359798);
#141=CYLINDRICAL_SURFACE('',#8912,0.000484491149618075);
#142=CYLINDRICAL_SURFACE('',#8915,8.99300718530045E-5);
#143=CYLINDRICAL_SURFACE('',#8917,9.14463429282992E-5);
#144=CYLINDRICAL_SURFACE('',#8919,0.000102611858826654);
#145=CYLINDRICAL_SURFACE('',#8921,0.000152256493129203);
#146=CYLINDRICAL_SURFACE('',#8923,0.000148262484390289);
#147=CYLINDRICAL_SURFACE('',#8926,0.000875849663066025);
#148=CYLINDRICAL_SURFACE('',#8928,0.000244414073757451);
#149=CYLINDRICAL_SURFACE('',#8931,0.000103981515887644);
#150=CYLINDRICAL_SURFACE('',#8933,9.6298937367649E-5);
#151=CYLINDRICAL_SURFACE('',#8935,0.000149068916580564);
#152=CYLINDRICAL_SURFACE('',#8937,0.00015573932136239);
#153=CYLINDRICAL_SURFACE('',#8940,8.99300718526619E-5);
#154=CYLINDRICAL_SURFACE('',#8942,9.14463429235807E-5);
#155=CYLINDRICAL_SURFACE('',#8945,9.96933710973399E-5);
#156=CYLINDRICAL_SURFACE('',#8947,0.000150640983498401);
#157=CYLINDRICAL_SURFACE('',#8950,0.000212301467843513);
#158=CYLINDRICAL_SURFACE('',#8952,9.87677753053681E-5);
#159=CYLINDRICAL_SURFACE('',#8954,9.5012207269301E-5);
#160=CYLINDRICAL_SURFACE('',#8957,0.000154708013439271);
#161=CYLINDRICAL_SURFACE('',#8959,0.000142390133547624);
#162=CYLINDRICAL_SURFACE('',#8961,9.50122073012218E-5);
#163=CYLINDRICAL_SURFACE('',#8963,0.000102611858824089);
#164=CYLINDRICAL_SURFACE('',#8967,0.000185791838677186);
#165=CYLINDRICAL_SURFACE('',#8969,9.02931159398422E-5);
#166=CYLINDRICAL_SURFACE('',#8972,0.00010261185882409);
#167=CYLINDRICAL_SURFACE('',#8974,0.000150138855233988);
#168=CYLINDRICAL_SURFACE('',#8976,0.000150021176500962);
#169=CYLINDRICAL_SURFACE('',#8979,0.000814817773654293);
#170=CYLINDRICAL_SURFACE('',#8981,0.000976729933475476);
#171=CYLINDRICAL_SURFACE('',#8983,8.65024622443318E-5);
#172=CYLINDRICAL_SURFACE('',#8985,0.00015091324712481);
#173=CYLINDRICAL_SURFACE('',#8987,0.000658337317447755);
#174=CYLINDRICAL_SURFACE('',#8990,0.000104364954744819);
#175=CYLINDRICAL_SURFACE('',#8992,9.14463429213814E-5);
#176=CYLINDRICAL_SURFACE('',#8994,0.000102044268421506);
#177=CYLINDRICAL_SURFACE('',#8996,0.000148798444419143);
#178=CYLINDRICAL_SURFACE('',#8998,0.000160827697517904);
#179=CYLINDRICAL_SURFACE('',#9001,0.000701169236348453);
#180=CYLINDRICAL_SURFACE('',#9003,0.000588143407975958);
#181=CYLINDRICAL_SURFACE('',#9005,0.000305303790592266);
#182=CYLINDRICAL_SURFACE('',#9007,9.72635599623393E-5);
#183=CYLINDRICAL_SURFACE('',#9009,0.000159006478359794);
#184=CYLINDRICAL_SURFACE('',#9011,0.000484491150041344);
#185=CYLINDRICAL_SURFACE('',#9014,8.99300718524322E-5);
#186=CYLINDRICAL_SURFACE('',#9016,9.14463429281768E-5);
#187=CYLINDRICAL_SURFACE('',#9018,0.000102611858846071);
#188=CYLINDRICAL_SURFACE('',#9020,0.000152256493128594);
#189=CYLINDRICAL_SURFACE('',#9022,0.00014826248439032);
#190=CYLINDRICAL_SURFACE('',#9025,0.000875849663065909);
#191=CYLINDRICAL_SURFACE('',#9027,0.000244414073757508);
#192=CYLINDRICAL_SURFACE('',#9030,0.000103981515887601);
#193=CYLINDRICAL_SURFACE('',#9032,9.62989373109771E-5);
#194=CYLINDRICAL_SURFACE('',#9034,0.00014906891658062);
#195=CYLINDRICAL_SURFACE('',#9036,0.00015573932138377);
#196=CYLINDRICAL_SURFACE('',#9039,8.99300718526758E-5);
#197=CYLINDRICAL_SURFACE('',#9041,9.14463429282032E-5);
#198=CYLINDRICAL_SURFACE('',#9044,0.00010181956516979);
#199=CYLINDRICAL_SURFACE('',#9047,0.000154043955324007);
#200=CYLINDRICAL_SURFACE('',#9049,0.000143403580831645);
#201=CYLINDRICAL_SURFACE('',#9051,9.39038186899921E-5);
#202=CYLINDRICAL_SURFACE('',#9053,0.000109454377551399);
#203=CYLINDRICAL_SURFACE('',#9057,6.99111208011504E-5);
#204=CYLINDRICAL_SURFACE('',#9059,0.000110820646754437);
#205=CYLINDRICAL_SURFACE('',#9061,0.000179005021282132);
#206=CYLINDRICAL_SURFACE('',#9064,0.000187052602685372);
#207=CYLINDRICAL_SURFACE('',#9066,0.000119891448552885);
#208=CYLINDRICAL_SURFACE('',#9068,0.000100084754928253);
#209=CYLINDRICAL_SURFACE('',#9070,9.90135103901797E-5);
#210=CYLINDRICAL_SURFACE('',#9072,0.000151562033595501);
#211=CYLINDRICAL_SURFACE('',#9077,0.000148432835288933);
#212=CYLINDRICAL_SURFACE('',#9079,0.000148022420852552);
#213=CYLINDRICAL_SURFACE('',#9081,9.44308992282507E-5);
#214=CYLINDRICAL_SURFACE('',#9084,0.000130650146189899);
#215=CYLINDRICAL_SURFACE('',#9086,0.000191163707642486);
#216=CYLINDRICAL_SURFACE('',#9088,0.000191013873657393);
#217=CYLINDRICAL_SURFACE('',#9091,0.001037463529489);
#218=CYLINDRICAL_SURFACE('',#9093,0.00124361755094902);
#219=CYLINDRICAL_SURFACE('',#9095,0.000110138920247713);
#220=CYLINDRICAL_SURFACE('',#9097,0.000192149699077645);
#221=CYLINDRICAL_SURFACE('',#9099,0.00083822540331682);
#222=CYLINDRICAL_SURFACE('',#9102,0.000132882268658453);
#223=CYLINDRICAL_SURFACE('',#9104,0.00011643369689959);
#224=CYLINDRICAL_SURFACE('',#9106,0.000129927463934768);
#225=CYLINDRICAL_SURFACE('',#9108,0.000189457034843777);
#226=CYLINDRICAL_SURFACE('',#9110,0.000204773234091178);
#227=CYLINDRICAL_SURFACE('',#9113,0.000892760975806379);
#228=CYLINDRICAL_SURFACE('',#9115,0.000748851283824773);
#229=CYLINDRICAL_SURFACE('',#9117,0.000123840445649691);
#230=CYLINDRICAL_SURFACE('',#9119,0.000202454373952999);
#231=CYLINDRICAL_SURFACE('',#9121,0.000616876453581776);
#232=CYLINDRICAL_SURFACE('',#9124,0.000114503110626669);
#233=CYLINDRICAL_SURFACE('',#9126,0.000116433696899595);
#234=CYLINDRICAL_SURFACE('',#9128,0.000130650146189911);
#235=CYLINDRICAL_SURFACE('',#9130,0.000193859981812852);
#236=CYLINDRICAL_SURFACE('',#9132,0.000188774625835956);
#237=CYLINDRICAL_SURFACE('',#9135,0.00111517214293209);
#238=CYLINDRICAL_SURFACE('',#9137,0.000311199259289067);
#239=CYLINDRICAL_SURFACE('',#9140,0.000132394056612486);
#240=CYLINDRICAL_SURFACE('',#9142,0.000122612243715894);
#241=CYLINDRICAL_SURFACE('',#9144,0.000189801412454644);
#242=CYLINDRICAL_SURFACE('',#9146,0.000198294479167228);
#243=CYLINDRICAL_SURFACE('',#9149,0.00011450311062551);
#244=CYLINDRICAL_SURFACE('',#9151,0.000116433696908144);
#245=CYLINDRICAL_SURFACE('',#9154,0.000130650146189908);
#246=CYLINDRICAL_SURFACE('',#9156,0.000191163707626772);
#247=CYLINDRICAL_SURFACE('',#9158,0.000191013873657444);
#248=CYLINDRICAL_SURFACE('',#9161,0.00103746352948902);
#249=CYLINDRICAL_SURFACE('',#9163,0.00124361755094871);
#250=CYLINDRICAL_SURFACE('',#9165,0.000110138920247696);
#251=CYLINDRICAL_SURFACE('',#9167,0.000192149699074553);
#252=CYLINDRICAL_SURFACE('',#9169,0.000838225403316821);
#253=CYLINDRICAL_SURFACE('',#9172,0.000132882268658083);
#254=CYLINDRICAL_SURFACE('',#9174,0.000116433696908142);
#255=CYLINDRICAL_SURFACE('',#9176,0.000129927463934744);
#256=CYLINDRICAL_SURFACE('',#9178,0.000189457034837153);
#257=CYLINDRICAL_SURFACE('',#9180,0.000204773234091191);
#258=CYLINDRICAL_SURFACE('',#9183,0.000892760975806405);
#259=CYLINDRICAL_SURFACE('',#9185,0.000748851283824798);
#260=CYLINDRICAL_SURFACE('',#9187,0.000123840445649702);
#261=CYLINDRICAL_SURFACE('',#9189,0.000202454373949717);
#262=CYLINDRICAL_SURFACE('',#9191,0.000616876453582103);
#263=CYLINDRICAL_SURFACE('',#9194,0.000114503110717206);
#264=CYLINDRICAL_SURFACE('',#9196,0.000116433696908158);
#265=CYLINDRICAL_SURFACE('',#9198,0.000130650146189933);
#266=CYLINDRICAL_SURFACE('',#9200,0.000193859981812801);
#267=CYLINDRICAL_SURFACE('',#9202,0.000188774625835944);
#268=CYLINDRICAL_SURFACE('',#9205,0.00111517214293165);
#269=CYLINDRICAL_SURFACE('',#9207,0.000311199259289299);
#270=CYLINDRICAL_SURFACE('',#9210,0.000132394056637448);
#271=CYLINDRICAL_SURFACE('',#9212,0.000122612243715896);
#272=CYLINDRICAL_SURFACE('',#9214,0.000189801412389066);
#273=CYLINDRICAL_SURFACE('',#9216,0.000198294479167192);
#274=CYLINDRICAL_SURFACE('',#9219,0.000114503110717213);
#275=CYLINDRICAL_SURFACE('',#9221,0.000116433696899766);
#276=CYLINDRICAL_SURFACE('',#9224,0.000680899446976409);
#277=CYLINDRICAL_SURFACE('',#9226,0.000836649516501493);
#278=CYLINDRICAL_SURFACE('',#9228,0.000920177429023823);
#279=CYLINDRICAL_SURFACE('',#9230,0.000806955020687472);
#280=CYLINDRICAL_SURFACE('',#9232,0.000540610413300524);
#281=CYLINDRICAL_SURFACE('',#9234,0.000443728115115247);
#282=CYLINDRICAL_SURFACE('',#9236,0.000872126798285974);
#283=CYLINDRICAL_SURFACE('',#9238,0.000541518479217948);
#284=CYLINDRICAL_SURFACE('',#9240,0.000389760132010388);
#285=CYLINDRICAL_SURFACE('',#9242,0.00091027409777863);
#286=CYLINDRICAL_SURFACE('',#9243,0.00107765478922315);
#287=CYLINDRICAL_SURFACE('',#9245,0.000443095048841855);
#288=CYLINDRICAL_SURFACE('',#9247,0.000186837230887415);
#289=CYLINDRICAL_SURFACE('',#9249,0.000121244523001081);
#290=CYLINDRICAL_SURFACE('',#9251,0.000126746510822579);
#291=CYLINDRICAL_SURFACE('',#9253,0.00014801792402834);
#292=CYLINDRICAL_SURFACE('',#9255,0.00017943018746941);
#293=CYLINDRICAL_SURFACE('',#9258,0.00109105616828221);
#294=CYLINDRICAL_SURFACE('',#9260,0.000549742121663046);
#295=CYLINDRICAL_SURFACE('',#9262,0.000623721636109197);
#296=CYLINDRICAL_SURFACE('',#9264,0.000464972000298358);
#297=CYLINDRICAL_SURFACE('',#9266,0.000194589407341003);
#298=CYLINDRICAL_SURFACE('',#9268,0.000183116674108296);
#299=CYLINDRICAL_SURFACE('',#9270,0.000122363407882881);
#300=CYLINDRICAL_SURFACE('',#9272,0.000126258261169198);
#301=CYLINDRICAL_SURFACE('',#9274,0.000513444897771423);
#302=CYLINDRICAL_SURFACE('',#9276,0.000338039983580093);
#303=CYLINDRICAL_SURFACE('',#9278,0.000258499246218597);
#304=CYLINDRICAL_SURFACE('',#9280,0.000432904702311731);
#305=CYLINDRICAL_SURFACE('',#9282,0.000490821133972814);
#306=CYLINDRICAL_SURFACE('',#9284,0.000467912462590386);
#307=CYLINDRICAL_SURFACE('',#9286,0.000324185072852255);
#308=CYLINDRICAL_SURFACE('',#9288,0.000113102409403566);
#309=CYLINDRICAL_SURFACE('',#9290,0.000197117669928473);
#310=CYLINDRICAL_SURFACE('',#9292,0.000169651182861748);
#311=CYLINDRICAL_SURFACE('',#9294,0.000325653577514876);
#312=CYLINDRICAL_SURFACE('',#9296,0.000609839556955376);
#313=CYLINDRICAL_SURFACE('',#9299,0.000129641361378224);
#314=CYLINDRICAL_SURFACE('',#9302,0.000196135860991184);
#315=CYLINDRICAL_SURFACE('',#9304,0.000182588045966978);
#316=CYLINDRICAL_SURFACE('',#9306,0.000119562668266559);
#317=CYLINDRICAL_SURFACE('',#9308,0.00013936235625048);
#318=CYLINDRICAL_SURFACE('',#9312,8.90140599305533E-5);
#319=CYLINDRICAL_SURFACE('',#9314,0.000141101953147722);
#320=CYLINDRICAL_SURFACE('',#9317,0.000238163991578451);
#321=CYLINDRICAL_SURFACE('',#9319,0.000152651315904795);
#322=CYLINDRICAL_SURFACE('',#9321,0.000127432521053182);
#323=CYLINDRICAL_SURFACE('',#9323,0.000126068563153343);
#324=CYLINDRICAL_SURFACE('',#9325,0.000192975763903715);
#325=CYLINDRICAL_SURFACE('',#9330,0.000188991524413777);
#326=CYLINDRICAL_SURFACE('',#9332,0.000188468965919943);
#327=CYLINDRICAL_SURFACE('',#9334,0.000120233771510884);
#328=LINE('',#11623,#963);
#329=LINE('',#11633,#964);
#330=LINE('',#11659,#965);
#331=LINE('',#11671,#966);
#332=LINE('',#11687,#967);
#333=LINE('',#11699,#968);
#334=LINE('',#11715,#969);
#335=LINE('',#11727,#970);
#336=LINE('',#11737,#971);
#337=LINE('',#11763,#972);
#338=LINE('',#11775,#973);
#339=LINE('',#11791,#974);
#340=LINE('',#11803,#975);
#341=LINE('',#11819,#976);
#342=LINE('',#11883,#977);
#343=LINE('',#11922,#978);
#344=LINE('',#11933,#979);
#345=LINE('',#11935,#980);
#346=LINE('',#11937,#981);
#347=LINE('',#11949,#982);
#348=LINE('',#11959,#983);
#349=LINE('',#11961,#984);
#350=LINE('',#12020,#985);
#351=LINE('',#12030,#986);
#352=LINE('',#12056,#987);
#353=LINE('',#12068,#988);
#354=LINE('',#12082,#989);
#355=LINE('',#12094,#990);
#356=LINE('',#12110,#991);
#357=LINE('',#12122,#992);
#358=LINE('',#12124,#993);
#359=LINE('',#12134,#994);
#360=LINE('',#12142,#995);
#361=LINE('',#12152,#996);
#362=LINE('',#12162,#997);
#363=LINE('',#12188,#998);
#364=LINE('',#12200,#999);
#365=LINE('',#12214,#1000);
#366=LINE('',#12226,#1001);
#367=LINE('',#12242,#1002);
#368=LINE('',#12245,#1003);
#369=LINE('',#12256,#1004);
#370=LINE('',#12258,#1005);
#371=LINE('',#12260,#1006);
#372=LINE('',#12272,#1007);
#373=LINE('',#12280,#1008);
#374=LINE('',#12282,#1009);
#375=LINE('',#12292,#1010);
#376=LINE('',#12295,#1011);
#377=LINE('',#12297,#1012);
#378=LINE('',#12299,#1013);
#379=LINE('',#12301,#1014);
#380=LINE('',#12303,#1015);
#381=LINE('',#12305,#1016);
#382=LINE('',#12307,#1017);
#383=LINE('',#12359,#1018);
#384=LINE('',#12361,#1019);
#385=LINE('',#12363,#1020);
#386=LINE('',#12365,#1021);
#387=LINE('',#12367,#1022);
#388=LINE('',#12368,#1023);
#389=LINE('',#12371,#1024);
#390=LINE('',#12373,#1025);
#391=LINE('',#12375,#1026);
#392=LINE('',#12377,#1027);
#393=LINE('',#12379,#1028);
#394=LINE('',#12381,#1029);
#395=LINE('',#12383,#1030);
#396=LINE('',#12385,#1031);
#397=LINE('',#12387,#1032);
#398=LINE('',#12389,#1033);
#399=LINE('',#12391,#1034);
#400=LINE('',#12392,#1035);
#401=LINE('',#12395,#1036);
#402=LINE('',#12397,#1037);
#403=LINE('',#12399,#1038);
#404=LINE('',#12403,#1039);
#405=LINE('',#12405,#1040);
#406=LINE('',#12407,#1041);
#407=LINE('',#12409,#1042);
#408=LINE('',#12411,#1043);
#409=LINE('',#12413,#1044);
#410=LINE('',#12419,#1045);
#411=LINE('',#12421,#1046);
#412=LINE('',#12422,#1047);
#413=LINE('',#12425,#1048);
#414=LINE('',#12427,#1049);
#415=LINE('',#12429,#1050);
#416=LINE('',#12433,#1051);
#417=LINE('',#12435,#1052);
#418=LINE('',#12437,#1053);
#419=LINE('',#12439,#1054);
#420=LINE('',#12441,#1055);
#421=LINE('',#12443,#1056);
#422=LINE('',#12449,#1057);
#423=LINE('',#12451,#1058);
#424=LINE('',#12452,#1059);
#425=LINE('',#12455,#1060);
#426=LINE('',#12457,#1061);
#427=LINE('',#12459,#1062);
#428=LINE('',#12461,#1063);
#429=LINE('',#12475,#1064);
#430=LINE('',#12477,#1065);
#431=LINE('',#12479,#1066);
#432=LINE('',#12497,#1067);
#433=LINE('',#12541,#1068);
#434=LINE('',#12571,#1069);
#435=LINE('',#12609,#1070);
#436=LINE('',#12691,#1071);
#437=LINE('',#12707,#1072);
#438=LINE('',#12719,#1073);
#439=LINE('',#12805,#1074);
#440=LINE('',#12824,#1075);
#441=LINE('',#12836,#1076);
#442=LINE('',#13688,#1077);
#443=LINE('',#13691,#1078);
#444=LINE('',#13693,#1079);
#445=LINE('',#13695,#1080);
#446=LINE('',#13697,#1081);
#447=LINE('',#13699,#1082);
#448=LINE('',#13701,#1083);
#449=LINE('',#13703,#1084);
#450=LINE('',#13705,#1085);
#451=LINE('',#13707,#1086);
#452=LINE('',#13720,#1087);
#453=LINE('',#13737,#1088);
#454=LINE('',#13754,#1089);
#455=LINE('',#13767,#1090);
#456=LINE('',#13773,#1091);
#457=LINE('',#13782,#1092);
#458=LINE('',#13788,#1093);
#459=LINE('',#13790,#1094);
#460=LINE('',#13792,#1095);
#461=LINE('',#13794,#1096);
#462=LINE('',#13796,#1097);
#463=LINE('',#13798,#1098);
#464=LINE('',#13800,#1099);
#465=LINE('',#13802,#1100);
#466=LINE('',#13804,#1101);
#467=LINE('',#13806,#1102);
#468=LINE('',#13834,#1103);
#469=LINE('',#13836,#1104);
#470=LINE('',#13838,#1105);
#471=LINE('',#13840,#1106);
#472=LINE('',#13842,#1107);
#473=LINE('',#13844,#1108);
#474=LINE('',#13846,#1109);
#475=LINE('',#13848,#1110);
#476=LINE('',#13850,#1111);
#477=LINE('',#13852,#1112);
#478=LINE('',#13854,#1113);
#479=LINE('',#13856,#1114);
#480=LINE('',#13858,#1115);
#481=LINE('',#13860,#1116);
#482=LINE('',#13862,#1117);
#483=LINE('',#13864,#1118);
#484=LINE('',#13866,#1119);
#485=LINE('',#13868,#1120);
#486=LINE('',#13870,#1121);
#487=LINE('',#13872,#1122);
#488=LINE('',#13874,#1123);
#489=LINE('',#13876,#1124);
#490=LINE('',#13878,#1125);
#491=LINE('',#13880,#1126);
#492=LINE('',#13883,#1127);
#493=LINE('',#13885,#1128);
#494=LINE('',#13887,#1129);
#495=LINE('',#13889,#1130);
#496=LINE('',#13891,#1131);
#497=LINE('',#13893,#1132);
#498=LINE('',#13895,#1133);
#499=LINE('',#13897,#1134);
#500=LINE('',#13899,#1135);
#501=LINE('',#13901,#1136);
#502=LINE('',#13905,#1137);
#503=LINE('',#13909,#1138);
#504=LINE('',#13911,#1139);
#505=LINE('',#13913,#1140);
#506=LINE('',#13915,#1141);
#507=LINE('',#13917,#1142);
#508=LINE('',#13919,#1143);
#509=LINE('',#13921,#1144);
#510=LINE('',#13923,#1145);
#511=LINE('',#13925,#1146);
#512=LINE('',#13927,#1147);
#513=LINE('',#13929,#1148);
#514=LINE('',#13931,#1149);
#515=LINE('',#13933,#1150);
#516=LINE('',#13937,#1151);
#517=LINE('',#13939,#1152);
#518=LINE('',#13941,#1153);
#519=LINE('',#13944,#1154);
#520=LINE('',#13946,#1155);
#521=LINE('',#13948,#1156);
#522=LINE('',#13950,#1157);
#523=LINE('',#13952,#1158);
#524=LINE('',#13954,#1159);
#525=LINE('',#13956,#1160);
#526=LINE('',#13958,#1161);
#527=LINE('',#13960,#1162);
#528=LINE('',#13962,#1163);
#529=LINE('',#13966,#1164);
#530=LINE('',#13970,#1165);
#531=LINE('',#13972,#1166);
#532=LINE('',#13974,#1167);
#533=LINE('',#13976,#1168);
#534=LINE('',#13978,#1169);
#535=LINE('',#13980,#1170);
#536=LINE('',#13982,#1171);
#537=LINE('',#13984,#1172);
#538=LINE('',#13986,#1173);
#539=LINE('',#13988,#1174);
#540=LINE('',#13990,#1175);
#541=LINE('',#13992,#1176);
#542=LINE('',#13994,#1177);
#543=LINE('',#13998,#1178);
#544=LINE('',#14000,#1179);
#545=LINE('',#14002,#1180);
#546=LINE('',#14005,#1181);
#547=LINE('',#14008,#1182);
#548=LINE('',#14010,#1183);
#549=LINE('',#14012,#1184);
#550=LINE('',#14014,#1185);
#551=LINE('',#14016,#1186);
#552=LINE('',#14018,#1187);
#553=LINE('',#14020,#1188);
#554=LINE('',#14022,#1189);
#555=LINE('',#14024,#1190);
#556=LINE('',#14028,#1191);
#557=LINE('',#14032,#1192);
#558=LINE('',#14034,#1193);
#559=LINE('',#14036,#1194);
#560=LINE('',#14038,#1195);
#561=LINE('',#14040,#1196);
#562=LINE('',#14042,#1197);
#563=LINE('',#14044,#1198);
#564=LINE('',#14046,#1199);
#565=LINE('',#14048,#1200);
#566=LINE('',#14050,#1201);
#567=LINE('',#14052,#1202);
#568=LINE('',#14054,#1203);
#569=LINE('',#14056,#1204);
#570=LINE('',#14058,#1205);
#571=LINE('',#14060,#1206);
#572=LINE('',#14062,#1207);
#573=LINE('',#14068,#1208);
#574=LINE('',#14071,#1209);
#575=LINE('',#14073,#1210);
#576=LINE('',#14075,#1211);
#577=LINE('',#14077,#1212);
#578=LINE('',#14079,#1213);
#579=LINE('',#14081,#1214);
#580=LINE('',#14083,#1215);
#581=LINE('',#14085,#1216);
#582=LINE('',#14087,#1217);
#583=LINE('',#14100,#1218);
#584=LINE('',#14117,#1219);
#585=LINE('',#14134,#1220);
#586=LINE('',#14140,#1221);
#587=LINE('',#14142,#1222);
#588=LINE('',#14144,#1223);
#589=LINE('',#14146,#1224);
#590=LINE('',#14148,#1225);
#591=LINE('',#14150,#1226);
#592=LINE('',#14152,#1227);
#593=LINE('',#14154,#1228);
#594=LINE('',#14156,#1229);
#595=LINE('',#14158,#1230);
#596=LINE('',#14160,#1231);
#597=LINE('',#14169,#1232);
#598=LINE('',#14182,#1233);
#599=LINE('',#14195,#1234);
#600=LINE('',#14201,#1235);
#601=LINE('',#14203,#1236);
#602=LINE('',#14205,#1237);
#603=LINE('',#14207,#1238);
#604=LINE('',#14209,#1239);
#605=LINE('',#14233,#1240);
#606=LINE('',#14239,#1241);
#607=LINE('',#14248,#1242);
#608=LINE('',#14261,#1243);
#609=LINE('',#14274,#1244);
#610=LINE('',#14287,#1245);
#611=LINE('',#14300,#1246);
#612=LINE('',#14313,#1247);
#613=LINE('',#14326,#1248);
#614=LINE('',#14339,#1249);
#615=LINE('',#14345,#1250);
#616=LINE('',#14347,#1251);
#617=LINE('',#14349,#1252);
#618=LINE('',#14360,#1253);
#619=LINE('',#14373,#1254);
#620=LINE('',#14386,#1255);
#621=LINE('',#14399,#1256);
#622=LINE('',#14412,#1257);
#623=LINE('',#14425,#1258);
#624=LINE('',#14438,#1259);
#625=LINE('',#14451,#1260);
#626=LINE('',#14464,#1261);
#627=LINE('',#14470,#1262);
#628=LINE('',#14474,#1263);
#629=LINE('',#14478,#1264);
#630=LINE('',#14480,#1265);
#631=LINE('',#14489,#1266);
#632=LINE('',#14510,#1267);
#633=LINE('',#14514,#1268);
#634=LINE('',#14516,#1269);
#635=LINE('',#14520,#1270);
#636=LINE('',#14524,#1271);
#637=LINE('',#14526,#1272);
#638=LINE('',#14528,#1273);
#639=LINE('',#14532,#1274);
#640=LINE('',#14543,#1275);
#641=LINE('',#14549,#1276);
#642=LINE('',#14553,#1277);
#643=LINE('',#14557,#1278);
#644=LINE('',#14561,#1279);
#645=LINE('',#14563,#1280);
#646=LINE('',#14565,#1281);
#647=LINE('',#14569,#1282);
#648=LINE('',#14573,#1283);
#649=LINE('',#14577,#1284);
#650=LINE('',#14581,#1285);
#651=LINE('',#14585,#1286);
#652=LINE('',#14587,#1287);
#653=LINE('',#14589,#1288);
#654=LINE('',#14593,#1289);
#655=LINE('',#14597,#1290);
#656=LINE('',#14601,#1291);
#657=LINE('',#14605,#1292);
#658=LINE('',#14609,#1293);
#659=LINE('',#14613,#1294);
#660=LINE('',#14615,#1295);
#661=LINE('',#14617,#1296);
#662=LINE('',#14621,#1297);
#663=LINE('',#14625,#1298);
#664=LINE('',#14629,#1299);
#665=LINE('',#14633,#1300);
#666=LINE('',#14637,#1301);
#667=LINE('',#14639,#1302);
#668=LINE('',#14641,#1303);
#669=LINE('',#14652,#1304);
#670=LINE('',#14665,#1305);
#671=LINE('',#14678,#1306);
#672=LINE('',#14691,#1307);
#673=LINE('',#14697,#1308);
#674=LINE('',#14708,#1309);
#675=LINE('',#14714,#1310);
#676=LINE('',#14716,#1311);
#677=LINE('',#14718,#1312);
#678=LINE('',#14722,#1313);
#679=LINE('',#14726,#1314);
#680=LINE('',#14730,#1315);
#681=LINE('',#14734,#1316);
#682=LINE('',#14736,#1317);
#683=LINE('',#14738,#1318);
#684=LINE('',#14745,#1319);
#685=LINE('',#14749,#1320);
#686=LINE('',#14751,#1321);
#687=LINE('',#14755,#1322);
#688=LINE('',#14757,#1323);
#689=LINE('',#14759,#1324);
#690=LINE('',#14763,#1325);
#691=LINE('',#14767,#1326);
#692=LINE('',#14771,#1327);
#693=LINE('',#14773,#1328);
#694=LINE('',#14775,#1329);
#695=LINE('',#14779,#1330);
#696=LINE('',#14783,#1331);
#697=LINE('',#14787,#1332);
#698=LINE('',#14791,#1333);
#699=LINE('',#14793,#1334);
#700=LINE('',#14795,#1335);
#701=LINE('',#14797,#1336);
#702=LINE('',#14799,#1337);
#703=LINE('',#14806,#1338);
#704=LINE('',#14810,#1339);
#705=LINE('',#14812,#1340);
#706=LINE('',#14816,#1341);
#707=LINE('',#14820,#1342);
#708=LINE('',#14822,#1343);
#709=LINE('',#14824,#1344);
#710=LINE('',#14828,#1345);
#711=LINE('',#14839,#1346);
#712=LINE('',#14845,#1347);
#713=LINE('',#14849,#1348);
#714=LINE('',#14853,#1349);
#715=LINE('',#14857,#1350);
#716=LINE('',#14859,#1351);
#717=LINE('',#14861,#1352);
#718=LINE('',#14865,#1353);
#719=LINE('',#14869,#1354);
#720=LINE('',#14873,#1355);
#721=LINE('',#14877,#1356);
#722=LINE('',#14881,#1357);
#723=LINE('',#14883,#1358);
#724=LINE('',#14885,#1359);
#725=LINE('',#14889,#1360);
#726=LINE('',#14893,#1361);
#727=LINE('',#14897,#1362);
#728=LINE('',#14901,#1363);
#729=LINE('',#14905,#1364);
#730=LINE('',#14909,#1365);
#731=LINE('',#14911,#1366);
#732=LINE('',#14913,#1367);
#733=LINE('',#14917,#1368);
#734=LINE('',#14921,#1369);
#735=LINE('',#14925,#1370);
#736=LINE('',#14929,#1371);
#737=LINE('',#14933,#1372);
#738=LINE('',#14935,#1373);
#739=LINE('',#14937,#1374);
#740=LINE('',#14948,#1375);
#741=LINE('',#14961,#1376);
#742=LINE('',#14974,#1377);
#743=LINE('',#14987,#1378);
#744=LINE('',#14993,#1379);
#745=LINE('',#15004,#1380);
#746=LINE('',#15010,#1381);
#747=LINE('',#15012,#1382);
#748=LINE('',#15014,#1383);
#749=LINE('',#15018,#1384);
#750=LINE('',#15022,#1385);
#751=LINE('',#15026,#1386);
#752=LINE('',#15030,#1387);
#753=LINE('',#15032,#1388);
#754=LINE('',#15034,#1389);
#755=LINE('',#15041,#1390);
#756=LINE('',#15045,#1391);
#757=LINE('',#15047,#1392);
#758=LINE('',#15049,#1393);
#759=LINE('',#15051,#1394);
#760=LINE('',#15055,#1395);
#761=LINE('',#15059,#1396);
#762=LINE('',#15063,#1397);
#763=LINE('',#15067,#1398);
#764=LINE('',#15069,#1399);
#765=LINE('',#15071,#1400);
#766=LINE('',#15073,#1401);
#767=LINE('',#15075,#1402);
#768=LINE('',#15079,#1403);
#769=LINE('',#15083,#1404);
#770=LINE('',#15087,#1405);
#771=LINE('',#15089,#1406);
#772=LINE('',#15091,#1407);
#773=LINE('',#15095,#1408);
#774=LINE('',#15099,#1409);
#775=LINE('',#15103,#1410);
#776=LINE('',#15107,#1411);
#777=LINE('',#15111,#1412);
#778=LINE('',#15113,#1413);
#779=LINE('',#15115,#1414);
#780=LINE('',#15117,#1415);
#781=LINE('',#15119,#1416);
#782=LINE('',#15121,#1417);
#783=LINE('',#15123,#1418);
#784=LINE('',#15127,#1419);
#785=LINE('',#15134,#1420);
#786=LINE('',#15138,#1421);
#787=LINE('',#15140,#1422);
#788=LINE('',#15144,#1423);
#789=LINE('',#15148,#1424);
#790=LINE('',#15150,#1425);
#791=LINE('',#15152,#1426);
#792=LINE('',#15156,#1427);
#793=LINE('',#15167,#1428);
#794=LINE('',#15173,#1429);
#795=LINE('',#15177,#1430);
#796=LINE('',#15181,#1431);
#797=LINE('',#15185,#1432);
#798=LINE('',#15187,#1433);
#799=LINE('',#15189,#1434);
#800=LINE('',#15193,#1435);
#801=LINE('',#15197,#1436);
#802=LINE('',#15201,#1437);
#803=LINE('',#15205,#1438);
#804=LINE('',#15209,#1439);
#805=LINE('',#15211,#1440);
#806=LINE('',#15213,#1441);
#807=LINE('',#15217,#1442);
#808=LINE('',#15228,#1443);
#809=LINE('',#15234,#1444);
#810=LINE('',#15238,#1445);
#811=LINE('',#15242,#1446);
#812=LINE('',#15246,#1447);
#813=LINE('',#15248,#1448);
#814=LINE('',#15250,#1449);
#815=LINE('',#15254,#1450);
#816=LINE('',#15258,#1451);
#817=LINE('',#15262,#1452);
#818=LINE('',#15266,#1453);
#819=LINE('',#15270,#1454);
#820=LINE('',#15272,#1455);
#821=LINE('',#15274,#1456);
#822=LINE('',#15285,#1457);
#823=LINE('',#15298,#1458);
#824=LINE('',#15311,#1459);
#825=LINE('',#15324,#1460);
#826=LINE('',#15330,#1461);
#827=LINE('',#15341,#1462);
#828=LINE('',#15347,#1463);
#829=LINE('',#15349,#1464);
#830=LINE('',#15351,#1465);
#831=LINE('',#15355,#1466);
#832=LINE('',#15359,#1467);
#833=LINE('',#15363,#1468);
#834=LINE('',#15367,#1469);
#835=LINE('',#15369,#1470);
#836=LINE('',#15371,#1471);
#837=LINE('',#15378,#1472);
#838=LINE('',#15382,#1473);
#839=LINE('',#15384,#1474);
#840=LINE('',#15388,#1475);
#841=LINE('',#15392,#1476);
#842=LINE('',#15394,#1477);
#843=LINE('',#15396,#1478);
#844=LINE('',#15400,#1479);
#845=LINE('',#15411,#1480);
#846=LINE('',#15417,#1481);
#847=LINE('',#15421,#1482);
#848=LINE('',#15425,#1483);
#849=LINE('',#15429,#1484);
#850=LINE('',#15431,#1485);
#851=LINE('',#15433,#1486);
#852=LINE('',#15437,#1487);
#853=LINE('',#15441,#1488);
#854=LINE('',#15445,#1489);
#855=LINE('',#15449,#1490);
#856=LINE('',#15453,#1491);
#857=LINE('',#15455,#1492);
#858=LINE('',#15457,#1493);
#859=LINE('',#15461,#1494);
#860=LINE('',#15472,#1495);
#861=LINE('',#15478,#1496);
#862=LINE('',#15482,#1497);
#863=LINE('',#15486,#1498);
#864=LINE('',#15490,#1499);
#865=LINE('',#15492,#1500);
#866=LINE('',#15494,#1501);
#867=LINE('',#15498,#1502);
#868=LINE('',#15502,#1503);
#869=LINE('',#15506,#1504);
#870=LINE('',#15510,#1505);
#871=LINE('',#15514,#1506);
#872=LINE('',#15516,#1507);
#873=LINE('',#15518,#1508);
#874=LINE('',#15529,#1509);
#875=LINE('',#15542,#1510);
#876=LINE('',#15555,#1511);
#877=LINE('',#15568,#1512);
#878=LINE('',#15574,#1513);
#879=LINE('',#15585,#1514);
#880=LINE('',#15591,#1515);
#881=LINE('',#15593,#1516);
#882=LINE('',#15595,#1517);
#883=LINE('',#15599,#1518);
#884=LINE('',#15603,#1519);
#885=LINE('',#15607,#1520);
#886=LINE('',#15611,#1521);
#887=LINE('',#15613,#1522);
#888=LINE('',#15615,#1523);
#889=LINE('',#15622,#1524);
#890=LINE('',#15626,#1525);
#891=LINE('',#15628,#1526);
#892=LINE('',#15632,#1527);
#893=LINE('',#15636,#1528);
#894=LINE('',#15640,#1529);
#895=LINE('',#15644,#1530);
#896=LINE('',#15648,#1531);
#897=LINE('',#15652,#1532);
#898=LINE('',#15656,#1533);
#899=LINE('',#15667,#1534);
#900=LINE('',#15673,#1535);
#901=LINE('',#15681,#1536);
#902=LINE('',#15685,#1537);
#903=LINE('',#15689,#1538);
#904=LINE('',#15693,#1539);
#905=LINE('',#15697,#1540);
#906=LINE('',#15701,#1541);
#907=LINE('',#15705,#1542);
#908=LINE('',#15709,#1543);
#909=LINE('',#15711,#1544);
#910=LINE('',#15713,#1545);
#911=LINE('',#15717,#1546);
#912=LINE('',#15728,#1547);
#913=LINE('',#15741,#1548);
#914=LINE('',#15754,#1549);
#915=LINE('',#15760,#1550);
#916=LINE('',#15764,#1551);
#917=LINE('',#15768,#1552);
#918=LINE('',#15772,#1553);
#919=LINE('',#15776,#1554);
#920=LINE('',#15780,#1555);
#921=LINE('',#15784,#1556);
#922=LINE('',#15788,#1557);
#923=LINE('',#15792,#1558);
#924=LINE('',#15796,#1559);
#925=LINE('',#15800,#1560);
#926=LINE('',#15804,#1561);
#927=LINE('',#15815,#1562);
#928=LINE('',#15821,#1563);
#929=LINE('',#15825,#1564);
#930=LINE('',#15829,#1565);
#931=LINE('',#15833,#1566);
#932=LINE('',#15837,#1567);
#933=LINE('',#15844,#1568);
#934=LINE('',#15848,#1569);
#935=LINE('',#15850,#1570);
#936=LINE('',#15852,#1571);
#937=LINE('',#15854,#1572);
#938=LINE('',#15858,#1573);
#939=LINE('',#15862,#1574);
#940=LINE('',#15866,#1575);
#941=LINE('',#15870,#1576);
#942=LINE('',#15872,#1577);
#943=LINE('',#15874,#1578);
#944=LINE('',#15876,#1579);
#945=LINE('',#15878,#1580);
#946=LINE('',#15882,#1581);
#947=LINE('',#15893,#1582);
#948=LINE('',#15899,#1583);
#949=LINE('',#15901,#1584);
#950=LINE('',#15903,#1585);
#951=LINE('',#15907,#1586);
#952=LINE('',#15911,#1587);
#953=LINE('',#15915,#1588);
#954=LINE('',#15919,#1589);
#955=LINE('',#15923,#1590);
#956=LINE('',#15925,#1591);
#957=LINE('',#15927,#1592);
#958=LINE('',#15929,#1593);
#959=LINE('',#15931,#1594);
#960=LINE('',#15933,#1595);
#961=LINE('',#15935,#1596);
#962=LINE('',#15939,#1597);
#963=VECTOR('',#9349,1.);
#964=VECTOR('',#9358,1.);
#965=VECTOR('',#9363,1.);
#966=VECTOR('',#9374,1.);
#967=VECTOR('',#9385,1.);
#968=VECTOR('',#9396,1.);
#969=VECTOR('',#9407,1.);
#970=VECTOR('',#9418,1.);
#971=VECTOR('',#9427,1.);
#972=VECTOR('',#9432,1.);
#973=VECTOR('',#9443,1.);
#974=VECTOR('',#9454,1.);
#975=VECTOR('',#9465,1.);
#976=VECTOR('',#9476,1.);
#977=VECTOR('',#9523,1.);
#978=VECTOR('',#9552,1.);
#979=VECTOR('',#9561,1.);
#980=VECTOR('',#9562,1.);
#981=VECTOR('',#9563,1.);
#982=VECTOR('',#9574,1.);
#983=VECTOR('',#9579,1.);
#984=VECTOR('',#9580,1.);
#985=VECTOR('',#9599,1.);
#986=VECTOR('',#9608,1.);
#987=VECTOR('',#9613,1.);
#988=VECTOR('',#9624,1.);
#989=VECTOR('',#9637,1.);
#990=VECTOR('',#9648,1.);
#991=VECTOR('',#9659,1.);
#992=VECTOR('',#9670,1.);
#993=VECTOR('',#9671,1.);
#994=VECTOR('',#9680,1.);
#995=VECTOR('',#9687,1.);
#996=VECTOR('',#9696,1.);
#997=VECTOR('',#9705,1.);
#998=VECTOR('',#9710,1.);
#999=VECTOR('',#9721,1.);
#1000=VECTOR('',#9734,1.);
#1001=VECTOR('',#9745,1.);
#1002=VECTOR('',#9756,1.);
#1003=VECTOR('',#9759,1.);
#1004=VECTOR('',#9768,1.);
#1005=VECTOR('',#9769,1.);
#1006=VECTOR('',#9770,1.);
#1007=VECTOR('',#9781,1.);
#1008=VECTOR('',#9788,1.);
#1009=VECTOR('',#9789,1.);
#1010=VECTOR('',#9800,1.);
#1011=VECTOR('',#9801,1.);
#1012=VECTOR('',#9802,1.);
#1013=VECTOR('',#9803,1.);
#1014=VECTOR('',#9804,1.);
#1015=VECTOR('',#9805,1.);
#1016=VECTOR('',#9806,1.);
#1017=VECTOR('',#9807,1.);
#1018=VECTOR('',#9812,1.);
#1019=VECTOR('',#9813,1.);
#1020=VECTOR('',#9814,1.);
#1021=VECTOR('',#9815,1.);
#1022=VECTOR('',#9816,1.);
#1023=VECTOR('',#9817,1.);
#1024=VECTOR('',#9818,1.);
#1025=VECTOR('',#9819,1.);
#1026=VECTOR('',#9820,1.);
#1027=VECTOR('',#9821,1.);
#1028=VECTOR('',#9822,1.);
#1029=VECTOR('',#9823,1.);
#1030=VECTOR('',#9824,1.);
#1031=VECTOR('',#9825,1.);
#1032=VECTOR('',#9826,1.);
#1033=VECTOR('',#9827,1.);
#1034=VECTOR('',#9828,1.);
#1035=VECTOR('',#9829,1.);
#1036=VECTOR('',#9830,1.);
#1037=VECTOR('',#9831,1.);
#1038=VECTOR('',#9832,1.);
#1039=VECTOR('',#9835,1.);
#1040=VECTOR('',#9836,1.);
#1041=VECTOR('',#9837,1.);
#1042=VECTOR('',#9838,1.);
#1043=VECTOR('',#9839,1.);
#1044=VECTOR('',#9840,1.);
#1045=VECTOR('',#9845,1.);
#1046=VECTOR('',#9846,1.);
#1047=VECTOR('',#9847,1.);
#1048=VECTOR('',#9848,1.);
#1049=VECTOR('',#9849,1.);
#1050=VECTOR('',#9850,1.);
#1051=VECTOR('',#9853,1.);
#1052=VECTOR('',#9854,1.);
#1053=VECTOR('',#9855,1.);
#1054=VECTOR('',#9856,1.);
#1055=VECTOR('',#9857,1.);
#1056=VECTOR('',#9858,1.);
#1057=VECTOR('',#9863,1.);
#1058=VECTOR('',#9864,1.);
#1059=VECTOR('',#9865,1.);
#1060=VECTOR('',#9866,1.);
#1061=VECTOR('',#9867,1.);
#1062=VECTOR('',#9868,1.);
#1063=VECTOR('',#9869,1.);
#1064=VECTOR('',#9870,1.);
#1065=VECTOR('',#9871,1.);
#1066=VECTOR('',#9872,1.);
#1067=VECTOR('',#9873,1.);
#1068=VECTOR('',#9880,1.);
#1069=VECTOR('',#9883,1.);
#1070=VECTOR('',#9886,1.);
#1071=VECTOR('',#9895,1.);
#1072=VECTOR('',#9898,1.);
#1073=VECTOR('',#9901,1.);
#1074=VECTOR('',#9908,1.);
#1075=VECTOR('',#9911,1.);
#1076=VECTOR('',#9914,1.);
#1077=VECTOR('',#9921,1.);
#1078=VECTOR('',#9922,1.);
#1079=VECTOR('',#9923,1.);
#1080=VECTOR('',#9924,1.);
#1081=VECTOR('',#9927,1.);
#1082=VECTOR('',#9928,1.);
#1083=VECTOR('',#9929,1.);
#1084=VECTOR('',#9932,1.);
#1085=VECTOR('',#9933,1.);
#1086=VECTOR('',#9934,1.);
#1087=VECTOR('',#9935,1.);
#1088=VECTOR('',#9936,1.);
#1089=VECTOR('',#9937,1.);
#1090=VECTOR('',#9938,1.);
#1091=VECTOR('',#9939,1.);
#1092=VECTOR('',#9940,1.);
#1093=VECTOR('',#9943,1.);
#1094=VECTOR('',#9944,1.);
#1095=VECTOR('',#9947,1.);
#1096=VECTOR('',#9948,1.);
#1097=VECTOR('',#9951,1.);
#1098=VECTOR('',#9952,1.);
#1099=VECTOR('',#9955,1.);
#1100=VECTOR('',#9956,1.);
#1101=VECTOR('',#9959,1.);
#1102=VECTOR('',#9960,1.);
#1103=VECTOR('',#9965,1.);
#1104=VECTOR('',#9966,1.);
#1105=VECTOR('',#9967,1.);
#1106=VECTOR('',#9970,1.);
#1107=VECTOR('',#9971,1.);
#1108=VECTOR('',#9974,1.);
#1109=VECTOR('',#9975,1.);
#1110=VECTOR('',#9978,1.);
#1111=VECTOR('',#9979,1.);
#1112=VECTOR('',#9982,1.);
#1113=VECTOR('',#9983,1.);
#1114=VECTOR('',#9986,1.);
#1115=VECTOR('',#9987,1.);
#1116=VECTOR('',#9990,1.);
#1117=VECTOR('',#9991,1.);
#1118=VECTOR('',#9994,1.);
#1119=VECTOR('',#9995,1.);
#1120=VECTOR('',#9998,1.);
#1121=VECTOR('',#9999,1.);
#1122=VECTOR('',#10002,1.);
#1123=VECTOR('',#10003,1.);
#1124=VECTOR('',#10006,1.);
#1125=VECTOR('',#10007,1.);
#1126=VECTOR('',#10010,1.);
#1127=VECTOR('',#10015,1.);
#1128=VECTOR('',#10016,1.);
#1129=VECTOR('',#10017,1.);
#1130=VECTOR('',#10020,1.);
#1131=VECTOR('',#10021,1.);
#1132=VECTOR('',#10024,1.);
#1133=VECTOR('',#10025,1.);
#1134=VECTOR('',#10028,1.);
#1135=VECTOR('',#10029,1.);
#1136=VECTOR('',#10032,1.);
#1137=VECTOR('',#10037,1.);
#1138=VECTOR('',#10042,1.);
#1139=VECTOR('',#10043,1.);
#1140=VECTOR('',#10046,1.);
#1141=VECTOR('',#10047,1.);
#1142=VECTOR('',#10050,1.);
#1143=VECTOR('',#10051,1.);
#1144=VECTOR('',#10054,1.);
#1145=VECTOR('',#10055,1.);
#1146=VECTOR('',#10058,1.);
#1147=VECTOR('',#10059,1.);
#1148=VECTOR('',#10062,1.);
#1149=VECTOR('',#10063,1.);
#1150=VECTOR('',#10066,1.);
#1151=VECTOR('',#10071,1.);
#1152=VECTOR('',#10072,1.);
#1153=VECTOR('',#10075,1.);
#1154=VECTOR('',#10080,1.);
#1155=VECTOR('',#10081,1.);
#1156=VECTOR('',#10082,1.);
#1157=VECTOR('',#10085,1.);
#1158=VECTOR('',#10086,1.);
#1159=VECTOR('',#10089,1.);
#1160=VECTOR('',#10090,1.);
#1161=VECTOR('',#10093,1.);
#1162=VECTOR('',#10094,1.);
#1163=VECTOR('',#10097,1.);
#1164=VECTOR('',#10102,1.);
#1165=VECTOR('',#10107,1.);
#1166=VECTOR('',#10108,1.);
#1167=VECTOR('',#10111,1.);
#1168=VECTOR('',#10112,1.);
#1169=VECTOR('',#10115,1.);
#1170=VECTOR('',#10116,1.);
#1171=VECTOR('',#10119,1.);
#1172=VECTOR('',#10120,1.);
#1173=VECTOR('',#10123,1.);
#1174=VECTOR('',#10124,1.);
#1175=VECTOR('',#10127,1.);
#1176=VECTOR('',#10128,1.);
#1177=VECTOR('',#10131,1.);
#1178=VECTOR('',#10136,1.);
#1179=VECTOR('',#10137,1.);
#1180=VECTOR('',#10140,1.);
#1181=VECTOR('',#10145,1.);
#1182=VECTOR('',#10146,1.);
#1183=VECTOR('',#10147,1.);
#1184=VECTOR('',#10148,1.);
#1185=VECTOR('',#10151,1.);
#1186=VECTOR('',#10152,1.);
#1187=VECTOR('',#10153,1.);
#1188=VECTOR('',#10156,1.);
#1189=VECTOR('',#10157,1.);
#1190=VECTOR('',#10158,1.);
#1191=VECTOR('',#10163,1.);
#1192=VECTOR('',#10168,1.);
#1193=VECTOR('',#10169,1.);
#1194=VECTOR('',#10170,1.);
#1195=VECTOR('',#10173,1.);
#1196=VECTOR('',#10174,1.);
#1197=VECTOR('',#10177,1.);
#1198=VECTOR('',#10178,1.);
#1199=VECTOR('',#10181,1.);
#1200=VECTOR('',#10182,1.);
#1201=VECTOR('',#10185,1.);
#1202=VECTOR('',#10186,1.);
#1203=VECTOR('',#10189,1.);
#1204=VECTOR('',#10190,1.);
#1205=VECTOR('',#10193,1.);
#1206=VECTOR('',#10194,1.);
#1207=VECTOR('',#10197,1.);
#1208=VECTOR('',#10208,1.);
#1209=VECTOR('',#10209,1.);
#1210=VECTOR('',#10210,1.);
#1211=VECTOR('',#10211,1.);
#1212=VECTOR('',#10214,1.);
#1213=VECTOR('',#10215,1.);
#1214=VECTOR('',#10216,1.);
#1215=VECTOR('',#10219,1.);
#1216=VECTOR('',#10220,1.);
#1217=VECTOR('',#10221,1.);
#1218=VECTOR('',#10222,1.);
#1219=VECTOR('',#10223,1.);
#1220=VECTOR('',#10224,1.);
#1221=VECTOR('',#10227,1.);
#1222=VECTOR('',#10228,1.);
#1223=VECTOR('',#10229,1.);
#1224=VECTOR('',#10232,1.);
#1225=VECTOR('',#10233,1.);
#1226=VECTOR('',#10236,1.);
#1227=VECTOR('',#10237,1.);
#1228=VECTOR('',#10240,1.);
#1229=VECTOR('',#10241,1.);
#1230=VECTOR('',#10244,1.);
#1231=VECTOR('',#10245,1.);
#1232=VECTOR('',#10246,1.);
#1233=VECTOR('',#10247,1.);
#1234=VECTOR('',#10248,1.);
#1235=VECTOR('',#10251,1.);
#1236=VECTOR('',#10252,1.);
#1237=VECTOR('',#10255,1.);
#1238=VECTOR('',#10256,1.);
#1239=VECTOR('',#10259,1.);
#1240=VECTOR('',#10262,1.);
#1241=VECTOR('',#10263,1.);
#1242=VECTOR('',#10264,1.);
#1243=VECTOR('',#10265,1.);
#1244=VECTOR('',#10266,1.);
#1245=VECTOR('',#10267,1.);
#1246=VECTOR('',#10268,1.);
#1247=VECTOR('',#10269,1.);
#1248=VECTOR('',#10270,1.);
#1249=VECTOR('',#10271,1.);
#1250=VECTOR('',#10274,1.);
#1251=VECTOR('',#10275,1.);
#1252=VECTOR('',#10278,1.);
#1253=VECTOR('',#10281,1.);
#1254=VECTOR('',#10282,1.);
#1255=VECTOR('',#10283,1.);
#1256=VECTOR('',#10284,1.);
#1257=VECTOR('',#10285,1.);
#1258=VECTOR('',#10286,1.);
#1259=VECTOR('',#10287,1.);
#1260=VECTOR('',#10288,1.);
#1261=VECTOR('',#10289,1.);
#1262=VECTOR('',#10292,1.);
#1263=VECTOR('',#10297,1.);
#1264=VECTOR('',#10302,1.);
#1265=VECTOR('',#10303,1.);
#1266=VECTOR('',#10304,1.);
#1267=VECTOR('',#10315,1.);
#1268=VECTOR('',#10318,1.);
#1269=VECTOR('',#10321,1.);
#1270=VECTOR('',#10326,1.);
#1271=VECTOR('',#10331,1.);
#1272=VECTOR('',#10332,1.);
#1273=VECTOR('',#10335,1.);
#1274=VECTOR('',#10340,1.);
#1275=VECTOR('',#10343,1.);
#1276=VECTOR('',#10346,1.);
#1277=VECTOR('',#10351,1.);
#1278=VECTOR('',#10356,1.);
#1279=VECTOR('',#10361,1.);
#1280=VECTOR('',#10362,1.);
#1281=VECTOR('',#10365,1.);
#1282=VECTOR('',#10370,1.);
#1283=VECTOR('',#10375,1.);
#1284=VECTOR('',#10380,1.);
#1285=VECTOR('',#10385,1.);
#1286=VECTOR('',#10390,1.);
#1287=VECTOR('',#10391,1.);
#1288=VECTOR('',#10394,1.);
#1289=VECTOR('',#10399,1.);
#1290=VECTOR('',#10404,1.);
#1291=VECTOR('',#10409,1.);
#1292=VECTOR('',#10414,1.);
#1293=VECTOR('',#10419,1.);
#1294=VECTOR('',#10424,1.);
#1295=VECTOR('',#10425,1.);
#1296=VECTOR('',#10428,1.);
#1297=VECTOR('',#10433,1.);
#1298=VECTOR('',#10438,1.);
#1299=VECTOR('',#10443,1.);
#1300=VECTOR('',#10448,1.);
#1301=VECTOR('',#10453,1.);
#1302=VECTOR('',#10454,1.);
#1303=VECTOR('',#10457,1.);
#1304=VECTOR('',#10460,1.);
#1305=VECTOR('',#10461,1.);
#1306=VECTOR('',#10462,1.);
#1307=VECTOR('',#10463,1.);
#1308=VECTOR('',#10466,1.);
#1309=VECTOR('',#10469,1.);
#1310=VECTOR('',#10472,1.);
#1311=VECTOR('',#10473,1.);
#1312=VECTOR('',#10476,1.);
#1313=VECTOR('',#10481,1.);
#1314=VECTOR('',#10486,1.);
#1315=VECTOR('',#10491,1.);
#1316=VECTOR('',#10496,1.);
#1317=VECTOR('',#10497,1.);
#1318=VECTOR('',#10500,1.);
#1319=VECTOR('',#10511,1.);
#1320=VECTOR('',#10514,1.);
#1321=VECTOR('',#10517,1.);
#1322=VECTOR('',#10522,1.);
#1323=VECTOR('',#10523,1.);
#1324=VECTOR('',#10526,1.);
#1325=VECTOR('',#10531,1.);
#1326=VECTOR('',#10536,1.);
#1327=VECTOR('',#10541,1.);
#1328=VECTOR('',#10542,1.);
#1329=VECTOR('',#10545,1.);
#1330=VECTOR('',#10550,1.);
#1331=VECTOR('',#10555,1.);
#1332=VECTOR('',#10560,1.);
#1333=VECTOR('',#10565,1.);
#1334=VECTOR('',#10566,1.);
#1335=VECTOR('',#10569,1.);
#1336=VECTOR('',#10570,1.);
#1337=VECTOR('',#10573,1.);
#1338=VECTOR('',#10584,1.);
#1339=VECTOR('',#10587,1.);
#1340=VECTOR('',#10590,1.);
#1341=VECTOR('',#10595,1.);
#1342=VECTOR('',#10600,1.);
#1343=VECTOR('',#10601,1.);
#1344=VECTOR('',#10604,1.);
#1345=VECTOR('',#10609,1.);
#1346=VECTOR('',#10612,1.);
#1347=VECTOR('',#10615,1.);
#1348=VECTOR('',#10620,1.);
#1349=VECTOR('',#10625,1.);
#1350=VECTOR('',#10630,1.);
#1351=VECTOR('',#10631,1.);
#1352=VECTOR('',#10634,1.);
#1353=VECTOR('',#10639,1.);
#1354=VECTOR('',#10644,1.);
#1355=VECTOR('',#10649,1.);
#1356=VECTOR('',#10654,1.);
#1357=VECTOR('',#10659,1.);
#1358=VECTOR('',#10660,1.);
#1359=VECTOR('',#10663,1.);
#1360=VECTOR('',#10668,1.);
#1361=VECTOR('',#10673,1.);
#1362=VECTOR('',#10678,1.);
#1363=VECTOR('',#10683,1.);
#1364=VECTOR('',#10688,1.);
#1365=VECTOR('',#10693,1.);
#1366=VECTOR('',#10694,1.);
#1367=VECTOR('',#10697,1.);
#1368=VECTOR('',#10702,1.);
#1369=VECTOR('',#10707,1.);
#1370=VECTOR('',#10712,1.);
#1371=VECTOR('',#10717,1.);
#1372=VECTOR('',#10722,1.);
#1373=VECTOR('',#10723,1.);
#1374=VECTOR('',#10726,1.);
#1375=VECTOR('',#10729,1.);
#1376=VECTOR('',#10730,1.);
#1377=VECTOR('',#10731,1.);
#1378=VECTOR('',#10732,1.);
#1379=VECTOR('',#10735,1.);
#1380=VECTOR('',#10738,1.);
#1381=VECTOR('',#10741,1.);
#1382=VECTOR('',#10742,1.);
#1383=VECTOR('',#10745,1.);
#1384=VECTOR('',#10750,1.);
#1385=VECTOR('',#10755,1.);
#1386=VECTOR('',#10760,1.);
#1387=VECTOR('',#10765,1.);
#1388=VECTOR('',#10766,1.);
#1389=VECTOR('',#10769,1.);
#1390=VECTOR('',#10780,1.);
#1391=VECTOR('',#10783,1.);
#1392=VECTOR('',#10786,1.);
#1393=VECTOR('',#10787,1.);
#1394=VECTOR('',#10790,1.);
#1395=VECTOR('',#10795,1.);
#1396=VECTOR('',#10800,1.);
#1397=VECTOR('',#10805,1.);
#1398=VECTOR('',#10810,1.);
#1399=VECTOR('',#10811,1.);
#1400=VECTOR('',#10814,1.);
#1401=VECTOR('',#10815,1.);
#1402=VECTOR('',#10818,1.);
#1403=VECTOR('',#10823,1.);
#1404=VECTOR('',#10828,1.);
#1405=VECTOR('',#10833,1.);
#1406=VECTOR('',#10834,1.);
#1407=VECTOR('',#10837,1.);
#1408=VECTOR('',#10842,1.);
#1409=VECTOR('',#10847,1.);
#1410=VECTOR('',#10852,1.);
#1411=VECTOR('',#10857,1.);
#1412=VECTOR('',#10862,1.);
#1413=VECTOR('',#10863,1.);
#1414=VECTOR('',#10866,1.);
#1415=VECTOR('',#10867,1.);
#1416=VECTOR('',#10870,1.);
#1417=VECTOR('',#10871,1.);
#1418=VECTOR('',#10874,1.);
#1419=VECTOR('',#10879,1.);
#1420=VECTOR('',#10890,1.);
#1421=VECTOR('',#10893,1.);
#1422=VECTOR('',#10896,1.);
#1423=VECTOR('',#10901,1.);
#1424=VECTOR('',#10906,1.);
#1425=VECTOR('',#10907,1.);
#1426=VECTOR('',#10910,1.);
#1427=VECTOR('',#10915,1.);
#1428=VECTOR('',#10918,1.);
#1429=VECTOR('',#10921,1.);
#1430=VECTOR('',#10926,1.);
#1431=VECTOR('',#10931,1.);
#1432=VECTOR('',#10936,1.);
#1433=VECTOR('',#10937,1.);
#1434=VECTOR('',#10940,1.);
#1435=VECTOR('',#10945,1.);
#1436=VECTOR('',#10950,1.);
#1437=VECTOR('',#10955,1.);
#1438=VECTOR('',#10960,1.);
#1439=VECTOR('',#10965,1.);
#1440=VECTOR('',#10966,1.);
#1441=VECTOR('',#10969,1.);
#1442=VECTOR('',#10974,1.);
#1443=VECTOR('',#10977,1.);
#1444=VECTOR('',#10980,1.);
#1445=VECTOR('',#10985,1.);
#1446=VECTOR('',#10990,1.);
#1447=VECTOR('',#10995,1.);
#1448=VECTOR('',#10996,1.);
#1449=VECTOR('',#10999,1.);
#1450=VECTOR('',#11004,1.);
#1451=VECTOR('',#11009,1.);
#1452=VECTOR('',#11014,1.);
#1453=VECTOR('',#11019,1.);
#1454=VECTOR('',#11024,1.);
#1455=VECTOR('',#11025,1.);
#1456=VECTOR('',#11028,1.);
#1457=VECTOR('',#11031,1.);
#1458=VECTOR('',#11032,1.);
#1459=VECTOR('',#11033,1.);
#1460=VECTOR('',#11034,1.);
#1461=VECTOR('',#11037,1.);
#1462=VECTOR('',#11040,1.);
#1463=VECTOR('',#11043,1.);
#1464=VECTOR('',#11044,1.);
#1465=VECTOR('',#11047,1.);
#1466=VECTOR('',#11052,1.);
#1467=VECTOR('',#11057,1.);
#1468=VECTOR('',#11062,1.);
#1469=VECTOR('',#11067,1.);
#1470=VECTOR('',#11068,1.);
#1471=VECTOR('',#11071,1.);
#1472=VECTOR('',#11082,1.);
#1473=VECTOR('',#11085,1.);
#1474=VECTOR('',#11088,1.);
#1475=VECTOR('',#11093,1.);
#1476=VECTOR('',#11098,1.);
#1477=VECTOR('',#11099,1.);
#1478=VECTOR('',#11102,1.);
#1479=VECTOR('',#11107,1.);
#1480=VECTOR('',#11110,1.);
#1481=VECTOR('',#11113,1.);
#1482=VECTOR('',#11118,1.);
#1483=VECTOR('',#11123,1.);
#1484=VECTOR('',#11128,1.);
#1485=VECTOR('',#11129,1.);
#1486=VECTOR('',#11132,1.);
#1487=VECTOR('',#11137,1.);
#1488=VECTOR('',#11142,1.);
#1489=VECTOR('',#11147,1.);
#1490=VECTOR('',#11152,1.);
#1491=VECTOR('',#11157,1.);
#1492=VECTOR('',#11158,1.);
#1493=VECTOR('',#11161,1.);
#1494=VECTOR('',#11166,1.);
#1495=VECTOR('',#11169,1.);
#1496=VECTOR('',#11172,1.);
#1497=VECTOR('',#11177,1.);
#1498=VECTOR('',#11182,1.);
#1499=VECTOR('',#11187,1.);
#1500=VECTOR('',#11188,1.);
#1501=VECTOR('',#11191,1.);
#1502=VECTOR('',#11196,1.);
#1503=VECTOR('',#11201,1.);
#1504=VECTOR('',#11206,1.);
#1505=VECTOR('',#11211,1.);
#1506=VECTOR('',#11216,1.);
#1507=VECTOR('',#11217,1.);
#1508=VECTOR('',#11220,1.);
#1509=VECTOR('',#11223,1.);
#1510=VECTOR('',#11224,1.);
#1511=VECTOR('',#11225,1.);
#1512=VECTOR('',#11226,1.);
#1513=VECTOR('',#11229,1.);
#1514=VECTOR('',#11232,1.);
#1515=VECTOR('',#11235,1.);
#1516=VECTOR('',#11236,1.);
#1517=VECTOR('',#11239,1.);
#1518=VECTOR('',#11244,1.);
#1519=VECTOR('',#11249,1.);
#1520=VECTOR('',#11254,1.);
#1521=VECTOR('',#11259,1.);
#1522=VECTOR('',#11260,1.);
#1523=VECTOR('',#11263,1.);
#1524=VECTOR('',#11274,1.);
#1525=VECTOR('',#11277,1.);
#1526=VECTOR('',#11280,1.);
#1527=VECTOR('',#11285,1.);
#1528=VECTOR('',#11290,1.);
#1529=VECTOR('',#11295,1.);
#1530=VECTOR('',#11300,1.);
#1531=VECTOR('',#11305,1.);
#1532=VECTOR('',#11310,1.);
#1533=VECTOR('',#11315,1.);
#1534=VECTOR('',#11318,1.);
#1535=VECTOR('',#11321,1.);
#1536=VECTOR('',#11324,1.);
#1537=VECTOR('',#11329,1.);
#1538=VECTOR('',#11334,1.);
#1539=VECTOR('',#11339,1.);
#1540=VECTOR('',#11344,1.);
#1541=VECTOR('',#11349,1.);
#1542=VECTOR('',#11354,1.);
#1543=VECTOR('',#11359,1.);
#1544=VECTOR('',#11360,1.);
#1545=VECTOR('',#11363,1.);
#1546=VECTOR('',#11368,1.);
#1547=VECTOR('',#11371,1.);
#1548=VECTOR('',#11372,1.);
#1549=VECTOR('',#11373,1.);
#1550=VECTOR('',#11376,1.);
#1551=VECTOR('',#11381,1.);
#1552=VECTOR('',#11386,1.);
#1553=VECTOR('',#11391,1.);
#1554=VECTOR('',#11396,1.);
#1555=VECTOR('',#11401,1.);
#1556=VECTOR('',#11406,1.);
#1557=VECTOR('',#11411,1.);
#1558=VECTOR('',#11416,1.);
#1559=VECTOR('',#11421,1.);
#1560=VECTOR('',#11426,1.);
#1561=VECTOR('',#11431,1.);
#1562=VECTOR('',#11434,1.);
#1563=VECTOR('',#11437,1.);
#1564=VECTOR('',#11442,1.);
#1565=VECTOR('',#11447,1.);
#1566=VECTOR('',#11452,1.);
#1567=VECTOR('',#11457,1.);
#1568=VECTOR('',#11468,1.);
#1569=VECTOR('',#11471,1.);
#1570=VECTOR('',#11474,1.);
#1571=VECTOR('',#11475,1.);
#1572=VECTOR('',#11478,1.);
#1573=VECTOR('',#11483,1.);
#1574=VECTOR('',#11488,1.);
#1575=VECTOR('',#11493,1.);
#1576=VECTOR('',#11498,1.);
#1577=VECTOR('',#11499,1.);
#1578=VECTOR('',#11502,1.);
#1579=VECTOR('',#11503,1.);
#1580=VECTOR('',#11506,1.);
#1581=VECTOR('',#11511,1.);
#1582=VECTOR('',#11514,1.);
#1583=VECTOR('',#11517,1.);
#1584=VECTOR('',#11518,1.);
#1585=VECTOR('',#11521,1.);
#1586=VECTOR('',#11526,1.);
#1587=VECTOR('',#11531,1.);
#1588=VECTOR('',#11536,1.);
#1589=VECTOR('',#11541,1.);
#1590=VECTOR('',#11546,1.);
#1591=VECTOR('',#11547,1.);
#1592=VECTOR('',#11550,1.);
#1593=VECTOR('',#11551,1.);
#1594=VECTOR('',#11554,1.);
#1595=VECTOR('',#11555,1.);
#1596=VECTOR('',#11558,1.);
#1597=VECTOR('',#11563,1.);
#1598=CIRCLE('',#8539,0.000191163707642486);
#1599=CIRCLE('',#8540,0.000130650146189899);
#1600=CIRCLE('',#8541,0.000116433696908144);
#1601=CIRCLE('',#8542,0.00011450311062551);
#1602=CIRCLE('',#8543,0.000198294479167228);
#1603=CIRCLE('',#8544,0.000189801412454644);
#1604=CIRCLE('',#8545,0.000122612243715894);
#1605=CIRCLE('',#8546,0.000132394056612486);
#1606=CIRCLE('',#8547,0.000311199259289067);
#1607=CIRCLE('',#8548,0.00111517214293209);
#1608=CIRCLE('',#8549,0.000188774625835956);
#1609=CIRCLE('',#8550,0.000193859981812852);
#1610=CIRCLE('',#8551,0.000130650146189911);
#1611=CIRCLE('',#8552,0.000116433696899595);
#1612=CIRCLE('',#8553,0.000114503110626669);
#1613=CIRCLE('',#8554,0.000616876453581776);
#1614=CIRCLE('',#8555,0.000202454373952999);
#1615=CIRCLE('',#8556,0.000123840445649691);
#1616=CIRCLE('',#8557,0.000748851283824773);
#1617=CIRCLE('',#8558,0.000892760975806379);
#1618=CIRCLE('',#8559,0.000204773234091178);
#1619=CIRCLE('',#8560,0.000189457034843777);
#1620=CIRCLE('',#8561,0.000129927463934768);
#1621=CIRCLE('',#8562,0.00011643369689959);
#1622=CIRCLE('',#8563,0.000132882268658453);
#1623=CIRCLE('',#8564,0.00083822540331682);
#1624=CIRCLE('',#8565,0.000192149699077645);
#1625=CIRCLE('',#8566,0.000110138920247713);
#1626=CIRCLE('',#8567,0.00124361755094902);
#1627=CIRCLE('',#8568,0.001037463529489);
#1628=CIRCLE('',#8569,0.000191013873657393);
#1629=CIRCLE('',#8570,0.000191163707626772);
#1630=CIRCLE('',#8571,0.000130650146189908);
#1631=CIRCLE('',#8572,0.000116433696899766);
#1632=CIRCLE('',#8573,0.000114503110717213);
#1633=CIRCLE('',#8574,0.000198294479167192);
#1634=CIRCLE('',#8575,0.000189801412389066);
#1635=CIRCLE('',#8576,0.000122612243715896);
#1636=CIRCLE('',#8577,0.000132394056637448);
#1637=CIRCLE('',#8578,0.000311199259289299);
#1638=CIRCLE('',#8579,0.00111517214293165);
#1639=CIRCLE('',#8580,0.000188774625835944);
#1640=CIRCLE('',#8581,0.000193859981812801);
#1641=CIRCLE('',#8582,0.000130650146189933);
#1642=CIRCLE('',#8583,0.000116433696908158);
#1643=CIRCLE('',#8584,0.000114503110717206);
#1644=CIRCLE('',#8585,0.000616876453582103);
#1645=CIRCLE('',#8586,0.000202454373949717);
#1646=CIRCLE('',#8587,0.000123840445649702);
#1647=CIRCLE('',#8588,0.000748851283824798);
#1648=CIRCLE('',#8589,0.000892760975806405);
#1649=CIRCLE('',#8590,0.000204773234091191);
#1650=CIRCLE('',#8591,0.000189457034837153);
#1651=CIRCLE('',#8592,0.000129927463934744);
#1652=CIRCLE('',#8593,0.000116433696908142);
#1653=CIRCLE('',#8594,0.000132882268658083);
#1654=CIRCLE('',#8595,0.000838225403316821);
#1655=CIRCLE('',#8596,0.000192149699074553);
#1656=CIRCLE('',#8597,0.000110138920247696);
#1657=CIRCLE('',#8598,0.00124361755094871);
#1658=CIRCLE('',#8599,0.00103746352948902);
#1659=CIRCLE('',#8600,0.000191013873657444);
#1660=CIRCLE('',#8601,0.000836649516501493);
#1661=CIRCLE('',#8602,0.000680899446976409);
#1662=CIRCLE('',#8603,0.000609839556955376);
#1663=CIRCLE('',#8604,0.000325653577514876);
#1664=CIRCLE('',#8605,0.000169651182861748);
#1665=CIRCLE('',#8606,0.000197117669928473);
#1666=CIRCLE('',#8607,0.000113102409403566);
#1667=CIRCLE('',#8608,0.000324185072852255);
#1668=CIRCLE('',#8609,0.000467912462590386);
#1669=CIRCLE('',#8610,0.000490821133972814);
#1670=CIRCLE('',#8611,0.000432904702311731);
#1671=CIRCLE('',#8612,0.000258499246218597);
#1672=CIRCLE('',#8613,0.000338039983580093);
#1673=CIRCLE('',#8614,0.000513444897771423);
#1674=CIRCLE('',#8615,0.000126258261169198);
#1675=CIRCLE('',#8616,0.000122363407882881);
#1676=CIRCLE('',#8617,0.000183116674108296);
#1677=CIRCLE('',#8618,0.000194589407341003);
#1678=CIRCLE('',#8619,0.000464972000298358);
#1679=CIRCLE('',#8620,0.000623721636109197);
#1680=CIRCLE('',#8621,0.000549742121663046);
#1681=CIRCLE('',#8622,0.00109105616828221);
#1682=CIRCLE('',#8623,0.00017943018746941);
#1683=CIRCLE('',#8624,0.000148237342138865);
#1684=CIRCLE('',#8625,0.000126746510822579);
#1685=CIRCLE('',#8626,0.000121244523001081);
#1686=CIRCLE('',#8627,0.000186837230887415);
#1687=CIRCLE('',#8628,0.000443095048841855);
#1688=CIRCLE('',#8629,0.00107765478922315);
#1689=CIRCLE('',#8630,0.000389760132010388);
#1690=CIRCLE('',#8631,0.000541518479217948);
#1691=CIRCLE('',#8632,0.000872126798285974);
#1692=CIRCLE('',#8633,0.000443728115115247);
#1693=CIRCLE('',#8634,0.000540610413300524);
#1694=CIRCLE('',#8635,0.000806955020687472);
#1695=CIRCLE('',#8636,0.000920177429023823);
#1696=CIRCLE('',#8637,0.000129641361378224);
#1697=CIRCLE('',#8638,0.000120233771510884);
#1698=CIRCLE('',#8639,0.000188468965919943);
#1699=CIRCLE('',#8640,0.000188991524413777);
#1700=CIRCLE('',#8641,0.000192975763903715);
#1701=CIRCLE('',#8642,0.000126068563153343);
#1702=CIRCLE('',#8643,0.000127432521053182);
#1703=CIRCLE('',#8644,0.000152651315904795);
#1704=CIRCLE('',#8645,0.000238163991578451);
#1705=CIRCLE('',#8646,0.000141101953147722);
#1706=CIRCLE('',#8647,8.90140599305533E-5);
#1707=CIRCLE('',#8648,0.00013936235625048);
#1708=CIRCLE('',#8649,0.000119562668266559);
#1709=CIRCLE('',#8650,0.000182588045966978);
#1710=CIRCLE('',#8651,0.000196135860991184);
#1711=CIRCLE('',#8653,0.000150138855221566);
#1712=CIRCLE('',#8654,0.000102611858846418);
#1713=CIRCLE('',#8655,9.14463429235807E-5);
#1714=CIRCLE('',#8656,8.99300718526619E-5);
#1715=CIRCLE('',#8657,0.00015573932136239);
#1716=CIRCLE('',#8658,0.000149068916580564);
#1717=CIRCLE('',#8659,9.6298937367649E-5);
#1718=CIRCLE('',#8660,0.000103981515887644);
#1719=CIRCLE('',#8661,0.000244414073757451);
#1720=CIRCLE('',#8662,0.000875849663066025);
#1721=CIRCLE('',#8663,0.000148262484390289);
#1722=CIRCLE('',#8664,0.000152256493129203);
#1723=CIRCLE('',#8665,0.000102611858826654);
#1724=CIRCLE('',#8666,9.14463429282992E-5);
#1725=CIRCLE('',#8667,8.99300718530045E-5);
#1726=CIRCLE('',#8668,0.000484491149618075);
#1727=CIRCLE('',#8669,0.000159006478359798);
#1728=CIRCLE('',#8670,9.7263559965713E-5);
#1729=CIRCLE('',#8671,0.0003053037905924);
#1730=CIRCLE('',#8672,0.000588143407970398);
#1731=CIRCLE('',#8673,0.000701169236348668);
#1732=CIRCLE('',#8674,0.000160827697517776);
#1733=CIRCLE('',#8675,0.000148798444418693);
#1734=CIRCLE('',#8676,0.000102044268421563);
#1735=CIRCLE('',#8677,9.14463429281999E-5);
#1736=CIRCLE('',#8678,0.000104364954744631);
#1737=CIRCLE('',#8679,0.000658337317430256);
#1738=CIRCLE('',#8680,0.000150913247124879);
#1739=CIRCLE('',#8681,8.65024622477424E-5);
#1740=CIRCLE('',#8682,0.000976729933475401);
#1741=CIRCLE('',#8683,0.000814817773654382);
#1742=CIRCLE('',#8684,0.000150021176501046);
#1743=CIRCLE('',#8685,0.000150640983498401);
#1744=CIRCLE('',#8686,9.96933710973399E-5);
#1745=CIRCLE('',#8687,9.02931159398422E-5);
#1746=CIRCLE('',#8688,0.000185791838677186);
#1747=CIRCLE('',#8689,0.000102611858824089);
#1748=CIRCLE('',#8690,9.50122073012218E-5);
#1749=CIRCLE('',#8691,0.000142390133547624);
#1750=CIRCLE('',#8692,0.000154708013439271);
#1751=CIRCLE('',#8693,9.5012207269301E-5);
#1752=CIRCLE('',#8694,9.87677753053681E-5);
#1753=CIRCLE('',#8695,0.000212301467843513);
#1754=CIRCLE('',#8696,0.000150138855233988);
#1755=CIRCLE('',#8697,0.00010261185882409);
#1756=CIRCLE('',#8698,9.14463429282032E-5);
#1757=CIRCLE('',#8699,8.99300718526758E-5);
#1758=CIRCLE('',#8700,0.00015573932138377);
#1759=CIRCLE('',#8701,0.00014906891658062);
#1760=CIRCLE('',#8702,9.62989373109771E-5);
#1761=CIRCLE('',#8703,0.000103981515887601);
#1762=CIRCLE('',#8704,0.000244414073757508);
#1763=CIRCLE('',#8705,0.000875849663065909);
#1764=CIRCLE('',#8706,0.00014826248439032);
#1765=CIRCLE('',#8707,0.000152256493128594);
#1766=CIRCLE('',#8708,0.000102611858846071);
#1767=CIRCLE('',#8709,9.14463429281768E-5);
#1768=CIRCLE('',#8710,8.99300718524322E-5);
#1769=CIRCLE('',#8711,0.000484491150041344);
#1770=CIRCLE('',#8712,0.000159006478359794);
#1771=CIRCLE('',#8713,9.72635599623393E-5);
#1772=CIRCLE('',#8714,0.000305303790592266);
#1773=CIRCLE('',#8715,0.000588143407975958);
#1774=CIRCLE('',#8716,0.000701169236348453);
#1775=CIRCLE('',#8717,0.000160827697517904);
#1776=CIRCLE('',#8718,0.000148798444419143);
#1777=CIRCLE('',#8719,0.000102044268421506);
#1778=CIRCLE('',#8720,9.14463429213814E-5);
#1779=CIRCLE('',#8721,0.000104364954744819);
#1780=CIRCLE('',#8722,0.000658337317447755);
#1781=CIRCLE('',#8723,0.00015091324712481);
#1782=CIRCLE('',#8724,8.65024622443318E-5);
#1783=CIRCLE('',#8725,0.000976729933475476);
#1784=CIRCLE('',#8726,0.000814817773654293);
#1785=CIRCLE('',#8727,0.000150021176500962);
#1786=CIRCLE('',#8728,0.00010181956516979);
#1787=CIRCLE('',#8729,9.44308992282507E-5);
#1788=CIRCLE('',#8730,0.000148022420852552);
#1789=CIRCLE('',#8731,0.000148432835288933);
#1790=CIRCLE('',#8732,0.000151562033595501);
#1791=CIRCLE('',#8733,9.90135103901797E-5);
#1792=CIRCLE('',#8734,0.000100084754928253);
#1793=CIRCLE('',#8735,0.000119891448552885);
#1794=CIRCLE('',#8736,0.000187052602685372);
#1795=CIRCLE('',#8737,0.000179005021282132);
#1796=CIRCLE('',#8738,0.000110820646754437);
#1797=CIRCLE('',#8739,6.99111208011504E-5);
#1798=CIRCLE('',#8740,0.000109454377551399);
#1799=CIRCLE('',#8741,9.39038186899921E-5);
#1800=CIRCLE('',#8742,0.000143403580831645);
#1801=CIRCLE('',#8743,0.000154043955324007);
#1802=CIRCLE('',#8745,0.0145);
#1803=CIRCLE('',#8746,0.016);
#1804=CIRCLE('',#8747,0.01468405388654);
#1805=CIRCLE('',#8748,0.0423809345783678);
#1806=CIRCLE('',#8749,0.00888498019911576);
#1807=CIRCLE('',#8750,0.0146840538865482);
#1808=CIRCLE('',#8751,0.042380934578851);
#1809=CIRCLE('',#8752,0.00888498019907979);
#1810=CIRCLE('',#8753,0.0029226728862133);
#1811=CIRCLE('',#8754,0.00278495414831494);
#1812=CIRCLE('',#8755,0.002687314865912);
#1813=CIRCLE('',#8759,0.0145);
#1814=CIRCLE('',#8760,0.016);
#1815=CIRCLE('',#8798,0.00888498019911576);
#1816=CIRCLE('',#8800,0.0423809345783678);
#1817=CIRCLE('',#8808,0.01468405388654);
#1818=CIRCLE('',#8817,0.00888498019907979);
#1819=CIRCLE('',#8819,0.042380934578851);
#1820=CIRCLE('',#8827,0.0146840538865482);
#1821=CIRCLE('',#8835,0.00519699166178765);
#1822=CIRCLE('',#8836,0.00519699166178765);
#1823=CIRCLE('',#8846,0.00667519213295888);
#1824=CIRCLE('',#8847,0.00667519213295888);
#1825=CIRCLE('',#8863,0.002687314865912);
#1826=CIRCLE('',#8865,0.00278495414831494);
#1827=CIRCLE('',#8867,0.0029226728862133);
#1828=CIRCLE('',#8874,0.000102611858846418);
#1829=CIRCLE('',#8876,0.000150138855221566);
#1830=CIRCLE('',#8878,0.000150021176501046);
#1831=CIRCLE('',#8881,0.000814817773654382);
#1832=CIRCLE('',#8883,0.000976729933475401);
#1833=CIRCLE('',#8885,8.65024622477424E-5);
#1834=CIRCLE('',#8887,0.000150913247124879);
#1835=CIRCLE('',#8889,0.000658337317430256);
#1836=CIRCLE('',#8892,0.000104364954744631);
#1837=CIRCLE('',#8894,9.14463429281999E-5);
#1838=CIRCLE('',#8896,0.000102044268421563);
#1839=CIRCLE('',#8898,0.000148798444418693);
#1840=CIRCLE('',#8900,0.000160827697517776);
#1841=CIRCLE('',#8903,0.000701169236348668);
#1842=CIRCLE('',#8905,0.000588143407970398);
#1843=CIRCLE('',#8907,0.0003053037905924);
#1844=CIRCLE('',#8909,9.7263559965713E-5);
#1845=CIRCLE('',#8911,0.000159006478359798);
#1846=CIRCLE('',#8913,0.000484491149618075);
#1847=CIRCLE('',#8916,8.99300718530045E-5);
#1848=CIRCLE('',#8918,9.14463429282992E-5);
#1849=CIRCLE('',#8920,0.000102611858826654);
#1850=CIRCLE('',#8922,0.000152256493129203);
#1851=CIRCLE('',#8924,0.000148262484390289);
#1852=CIRCLE('',#8927,0.000875849663066025);
#1853=CIRCLE('',#8929,0.000244414073757451);
#1854=CIRCLE('',#8932,0.000103981515887644);
#1855=CIRCLE('',#8934,9.6298937367649E-5);
#1856=CIRCLE('',#8936,0.000149068916580564);
#1857=CIRCLE('',#8938,0.00015573932136239);
#1858=CIRCLE('',#8941,8.99300718526619E-5);
#1859=CIRCLE('',#8943,9.14463429235807E-5);
#1860=CIRCLE('',#8946,9.96933710973399E-5);
#1861=CIRCLE('',#8948,0.000150640983498401);
#1862=CIRCLE('',#8951,0.000212301467843513);
#1863=CIRCLE('',#8953,9.87677753053681E-5);
#1864=CIRCLE('',#8955,9.5012207269301E-5);
#1865=CIRCLE('',#8958,0.000154708013439271);
#1866=CIRCLE('',#8960,0.000142390133547624);
#1867=CIRCLE('',#8962,9.50122073012218E-5);
#1868=CIRCLE('',#8964,0.000102611858824089);
#1869=CIRCLE('',#8968,0.000185791838677186);
#1870=CIRCLE('',#8970,9.02931159398422E-5);
#1871=CIRCLE('',#8973,0.00010261185882409);
#1872=CIRCLE('',#8975,0.000150138855233988);
#1873=CIRCLE('',#8977,0.000150021176500962);
#1874=CIRCLE('',#8980,0.000814817773654293);
#1875=CIRCLE('',#8982,0.000976729933475476);
#1876=CIRCLE('',#8984,8.65024622443318E-5);
#1877=CIRCLE('',#8986,0.00015091324712481);
#1878=CIRCLE('',#8988,0.000658337317447755);
#1879=CIRCLE('',#8991,0.000104364954744819);
#1880=CIRCLE('',#8993,9.14463429213814E-5);
#1881=CIRCLE('',#8995,0.000102044268421506);
#1882=CIRCLE('',#8997,0.000148798444419143);
#1883=CIRCLE('',#8999,0.000160827697517904);
#1884=CIRCLE('',#9002,0.000701169236348453);
#1885=CIRCLE('',#9004,0.000588143407975958);
#1886=CIRCLE('',#9006,0.000305303790592266);
#1887=CIRCLE('',#9008,9.72635599623393E-5);
#1888=CIRCLE('',#9010,0.000159006478359794);
#1889=CIRCLE('',#9012,0.000484491150041344);
#1890=CIRCLE('',#9015,8.99300718524322E-5);
#1891=CIRCLE('',#9017,9.14463429281768E-5);
#1892=CIRCLE('',#9019,0.000102611858846071);
#1893=CIRCLE('',#9021,0.000152256493128594);
#1894=CIRCLE('',#9023,0.00014826248439032);
#1895=CIRCLE('',#9026,0.000875849663065909);
#1896=CIRCLE('',#9028,0.000244414073757508);
#1897=CIRCLE('',#9031,0.000103981515887601);
#1898=CIRCLE('',#9033,9.62989373109771E-5);
#1899=CIRCLE('',#9035,0.00014906891658062);
#1900=CIRCLE('',#9037,0.00015573932138377);
#1901=CIRCLE('',#9040,8.99300718526758E-5);
#1902=CIRCLE('',#9042,9.14463429282032E-5);
#1903=CIRCLE('',#9045,0.00010181956516979);
#1904=CIRCLE('',#9048,0.000154043955324007);
#1905=CIRCLE('',#9050,0.000143403580831645);
#1906=CIRCLE('',#9052,9.39038186899921E-5);
#1907=CIRCLE('',#9054,0.000109454377551399);
#1908=CIRCLE('',#9058,6.99111208011504E-5);
#1909=CIRCLE('',#9060,0.000110820646754437);
#1910=CIRCLE('',#9062,0.000179005021282132);
#1911=CIRCLE('',#9065,0.000187052602685372);
#1912=CIRCLE('',#9067,0.000119891448552885);
#1913=CIRCLE('',#9069,0.000100084754928253);
#1914=CIRCLE('',#9071,9.90135103901797E-5);
#1915=CIRCLE('',#9073,0.000151562033595501);
#1916=CIRCLE('',#9078,0.000148432835288933);
#1917=CIRCLE('',#9080,0.000148022420852552);
#1918=CIRCLE('',#9082,9.44308992282507E-5);
#1919=CIRCLE('',#9085,0.000130650146189899);
#1920=CIRCLE('',#9087,0.000191163707642486);
#1921=CIRCLE('',#9089,0.000191013873657393);
#1922=CIRCLE('',#9092,0.001037463529489);
#1923=CIRCLE('',#9094,0.00124361755094902);
#1924=CIRCLE('',#9096,0.000110138920247713);
#1925=CIRCLE('',#9098,0.000192149699077645);
#1926=CIRCLE('',#9100,0.00083822540331682);
#1927=CIRCLE('',#9103,0.000132882268658453);
#1928=CIRCLE('',#9105,0.00011643369689959);
#1929=CIRCLE('',#9107,0.000129927463934768);
#1930=CIRCLE('',#9109,0.000189457034843777);
#1931=CIRCLE('',#9111,0.000204773234091178);
#1932=CIRCLE('',#9114,0.000892760975806379);
#1933=CIRCLE('',#9116,0.000748851283824773);
#1934=CIRCLE('',#9118,0.000123840445649691);
#1935=CIRCLE('',#9120,0.000202454373952999);
#1936=CIRCLE('',#9122,0.000616876453581776);
#1937=CIRCLE('',#9125,0.000114503110626669);
#1938=CIRCLE('',#9127,0.000116433696899595);
#1939=CIRCLE('',#9129,0.000130650146189911);
#1940=CIRCLE('',#9131,0.000193859981812852);
#1941=CIRCLE('',#9133,0.000188774625835956);
#1942=CIRCLE('',#9136,0.00111517214293209);
#1943=CIRCLE('',#9138,0.000311199259289067);
#1944=CIRCLE('',#9141,0.000132394056612486);
#1945=CIRCLE('',#9143,0.000122612243715894);
#1946=CIRCLE('',#9145,0.000189801412454644);
#1947=CIRCLE('',#9147,0.000198294479167228);
#1948=CIRCLE('',#9150,0.00011450311062551);
#1949=CIRCLE('',#9152,0.000116433696908144);
#1950=CIRCLE('',#9155,0.000130650146189908);
#1951=CIRCLE('',#9157,0.000191163707626772);
#1952=CIRCLE('',#9159,0.000191013873657444);
#1953=CIRCLE('',#9162,0.00103746352948902);
#1954=CIRCLE('',#9164,0.00124361755094871);
#1955=CIRCLE('',#9166,0.000110138920247696);
#1956=CIRCLE('',#9168,0.000192149699074553);
#1957=CIRCLE('',#9170,0.000838225403316821);
#1958=CIRCLE('',#9173,0.000132882268658083);
#1959=CIRCLE('',#9175,0.000116433696908142);
#1960=CIRCLE('',#9177,0.000129927463934744);
#1961=CIRCLE('',#9179,0.000189457034837153);
#1962=CIRCLE('',#9181,0.000204773234091191);
#1963=CIRCLE('',#9184,0.000892760975806405);
#1964=CIRCLE('',#9186,0.000748851283824798);
#1965=CIRCLE('',#9188,0.000123840445649702);
#1966=CIRCLE('',#9190,0.000202454373949717);
#1967=CIRCLE('',#9192,0.000616876453582103);
#1968=CIRCLE('',#9195,0.000114503110717206);
#1969=CIRCLE('',#9197,0.000116433696908158);
#1970=CIRCLE('',#9199,0.000130650146189933);
#1971=CIRCLE('',#9201,0.000193859981812801);
#1972=CIRCLE('',#9203,0.000188774625835944);
#1973=CIRCLE('',#9206,0.00111517214293165);
#1974=CIRCLE('',#9208,0.000311199259289299);
#1975=CIRCLE('',#9211,0.000132394056637448);
#1976=CIRCLE('',#9213,0.000122612243715896);
#1977=CIRCLE('',#9215,0.000189801412389066);
#1978=CIRCLE('',#9217,0.000198294479167192);
#1979=CIRCLE('',#9220,0.000114503110717213);
#1980=CIRCLE('',#9222,0.000116433696899766);
#1981=CIRCLE('',#9225,0.000680899446976409);
#1982=CIRCLE('',#9227,0.000836649516501493);
#1983=CIRCLE('',#9229,0.000920177429023823);
#1984=CIRCLE('',#9231,0.000806955020687472);
#1985=CIRCLE('',#9233,0.000540610413300524);
#1986=CIRCLE('',#9235,0.000443728115115247);
#1987=CIRCLE('',#9237,0.000872126798285974);
#1988=CIRCLE('',#9239,0.000541518479217948);
#1989=CIRCLE('',#9241,0.000389760132010388);
#1990=CIRCLE('',#9244,0.00107765478922315);
#1991=CIRCLE('',#9246,0.000443095048841855);
#1992=CIRCLE('',#9248,0.000186837230887415);
#1993=CIRCLE('',#9250,0.000121244523001081);
#1994=CIRCLE('',#9252,0.000126746510822579);
#1995=CIRCLE('',#9254,0.000148237342138865);
#1996=CIRCLE('',#9256,0.00017943018746941);
#1997=CIRCLE('',#9259,0.00109105616828221);
#1998=CIRCLE('',#9261,0.000549742121663046);
#1999=CIRCLE('',#9263,0.000623721636109197);
#2000=CIRCLE('',#9265,0.000464972000298358);
#2001=CIRCLE('',#9267,0.000194589407341003);
#2002=CIRCLE('',#9269,0.000183116674108296);
#2003=CIRCLE('',#9271,0.000122363407882881);
#2004=CIRCLE('',#9273,0.000126258261169198);
#2005=CIRCLE('',#9275,0.000513444897771423);
#2006=CIRCLE('',#9277,0.000338039983580093);
#2007=CIRCLE('',#9279,0.000258499246218597);
#2008=CIRCLE('',#9281,0.000432904702311731);
#2009=CIRCLE('',#9283,0.000490821133972814);
#2010=CIRCLE('',#9285,0.000467912462590386);
#2011=CIRCLE('',#9287,0.000324185072852255);
#2012=CIRCLE('',#9289,0.000113102409403566);
#2013=CIRCLE('',#9291,0.000197117669928473);
#2014=CIRCLE('',#9293,0.000169651182861748);
#2015=CIRCLE('',#9295,0.000325653577514876);
#2016=CIRCLE('',#9297,0.000609839556955376);
#2017=CIRCLE('',#9300,0.000129641361378224);
#2018=CIRCLE('',#9303,0.000196135860991184);
#2019=CIRCLE('',#9305,0.000182588045966978);
#2020=CIRCLE('',#9307,0.000119562668266559);
#2021=CIRCLE('',#9309,0.00013936235625048);
#2022=CIRCLE('',#9313,8.90140599305533E-5);
#2023=CIRCLE('',#9315,0.000141101953147722);
#2024=CIRCLE('',#9318,0.000238163991578451);
#2025=CIRCLE('',#9320,0.000152651315904795);
#2026=CIRCLE('',#9322,0.000127432521053182);
#2027=CIRCLE('',#9324,0.000126068563153343);
#2028=CIRCLE('',#9326,0.000192975763903715);
#2029=CIRCLE('',#9331,0.000188991524413777);
#2030=CIRCLE('',#9333,0.000188468965919943);
#2031=CIRCLE('',#9335,0.000120233771510884);
#2032=ORIENTED_EDGE('',*,*,#4610,.T.);
#2033=ORIENTED_EDGE('',*,*,#4611,.T.);
#2034=ORIENTED_EDGE('',*,*,#4612,.T.);
#2035=ORIENTED_EDGE('',*,*,#4613,.T.);
#2036=ORIENTED_EDGE('',*,*,#4614,.T.);
#2037=ORIENTED_EDGE('',*,*,#4615,.T.);
#2038=ORIENTED_EDGE('',*,*,#4616,.T.);
#2039=ORIENTED_EDGE('',*,*,#4617,.T.);
#2040=ORIENTED_EDGE('',*,*,#4618,.T.);
#2041=ORIENTED_EDGE('',*,*,#4619,.T.);
#2042=ORIENTED_EDGE('',*,*,#4620,.T.);
#2043=ORIENTED_EDGE('',*,*,#4621,.T.);
#2044=ORIENTED_EDGE('',*,*,#4622,.T.);
#2045=ORIENTED_EDGE('',*,*,#4623,.T.);
#2046=ORIENTED_EDGE('',*,*,#4624,.T.);
#2047=ORIENTED_EDGE('',*,*,#4625,.T.);
#2048=ORIENTED_EDGE('',*,*,#4626,.T.);
#2049=ORIENTED_EDGE('',*,*,#4627,.T.);
#2050=ORIENTED_EDGE('',*,*,#4628,.T.);
#2051=ORIENTED_EDGE('',*,*,#4629,.T.);
#2052=ORIENTED_EDGE('',*,*,#4630,.T.);
#2053=ORIENTED_EDGE('',*,*,#4631,.T.);
#2054=ORIENTED_EDGE('',*,*,#4632,.T.);
#2055=ORIENTED_EDGE('',*,*,#4633,.T.);
#2056=ORIENTED_EDGE('',*,*,#4634,.T.);
#2057=ORIENTED_EDGE('',*,*,#4635,.T.);
#2058=ORIENTED_EDGE('',*,*,#4636,.T.);
#2059=ORIENTED_EDGE('',*,*,#4637,.T.);
#2060=ORIENTED_EDGE('',*,*,#4638,.T.);
#2061=ORIENTED_EDGE('',*,*,#4639,.T.);
#2062=ORIENTED_EDGE('',*,*,#4640,.T.);
#2063=ORIENTED_EDGE('',*,*,#4641,.T.);
#2064=ORIENTED_EDGE('',*,*,#4642,.T.);
#2065=ORIENTED_EDGE('',*,*,#4643,.T.);
#2066=ORIENTED_EDGE('',*,*,#4644,.T.);
#2067=ORIENTED_EDGE('',*,*,#4645,.T.);
#2068=ORIENTED_EDGE('',*,*,#4646,.T.);
#2069=ORIENTED_EDGE('',*,*,#4647,.T.);
#2070=ORIENTED_EDGE('',*,*,#4648,.T.);
#2071=ORIENTED_EDGE('',*,*,#4649,.T.);
#2072=ORIENTED_EDGE('',*,*,#4650,.T.);
#2073=ORIENTED_EDGE('',*,*,#4651,.T.);
#2074=ORIENTED_EDGE('',*,*,#4652,.T.);
#2075=ORIENTED_EDGE('',*,*,#4653,.T.);
#2076=ORIENTED_EDGE('',*,*,#4654,.T.);
#2077=ORIENTED_EDGE('',*,*,#4655,.T.);
#2078=ORIENTED_EDGE('',*,*,#4656,.T.);
#2079=ORIENTED_EDGE('',*,*,#4657,.T.);
#2080=ORIENTED_EDGE('',*,*,#4658,.T.);
#2081=ORIENTED_EDGE('',*,*,#4659,.T.);
#2082=ORIENTED_EDGE('',*,*,#4660,.T.);
#2083=ORIENTED_EDGE('',*,*,#4661,.T.);
#2084=ORIENTED_EDGE('',*,*,#4662,.T.);
#2085=ORIENTED_EDGE('',*,*,#4663,.T.);
#2086=ORIENTED_EDGE('',*,*,#4664,.T.);
#2087=ORIENTED_EDGE('',*,*,#4665,.T.);
#2088=ORIENTED_EDGE('',*,*,#4666,.T.);
#2089=ORIENTED_EDGE('',*,*,#4667,.T.);
#2090=ORIENTED_EDGE('',*,*,#4668,.T.);
#2091=ORIENTED_EDGE('',*,*,#4669,.T.);
#2092=ORIENTED_EDGE('',*,*,#4670,.T.);
#2093=ORIENTED_EDGE('',*,*,#4671,.T.);
#2094=ORIENTED_EDGE('',*,*,#4672,.T.);
#2095=ORIENTED_EDGE('',*,*,#4673,.T.);
#2096=ORIENTED_EDGE('',*,*,#4674,.T.);
#2097=ORIENTED_EDGE('',*,*,#4675,.T.);
#2098=ORIENTED_EDGE('',*,*,#4676,.T.);
#2099=ORIENTED_EDGE('',*,*,#4677,.T.);
#2100=ORIENTED_EDGE('',*,*,#4678,.T.);
#2101=ORIENTED_EDGE('',*,*,#4679,.T.);
#2102=ORIENTED_EDGE('',*,*,#4680,.T.);
#2103=ORIENTED_EDGE('',*,*,#4681,.T.);
#2104=ORIENTED_EDGE('',*,*,#4682,.T.);
#2105=ORIENTED_EDGE('',*,*,#4683,.T.);
#2106=ORIENTED_EDGE('',*,*,#4684,.T.);
#2107=ORIENTED_EDGE('',*,*,#4685,.T.);
#2108=ORIENTED_EDGE('',*,*,#4686,.T.);
#2109=ORIENTED_EDGE('',*,*,#4687,.T.);
#2110=ORIENTED_EDGE('',*,*,#4688,.T.);
#2111=ORIENTED_EDGE('',*,*,#4689,.T.);
#2112=ORIENTED_EDGE('',*,*,#4690,.T.);
#2113=ORIENTED_EDGE('',*,*,#4691,.T.);
#2114=ORIENTED_EDGE('',*,*,#4692,.T.);
#2115=ORIENTED_EDGE('',*,*,#4693,.T.);
#2116=ORIENTED_EDGE('',*,*,#4694,.T.);
#2117=ORIENTED_EDGE('',*,*,#4695,.T.);
#2118=ORIENTED_EDGE('',*,*,#4696,.T.);
#2119=ORIENTED_EDGE('',*,*,#4697,.T.);
#2120=ORIENTED_EDGE('',*,*,#4698,.T.);
#2121=ORIENTED_EDGE('',*,*,#4699,.T.);
#2122=ORIENTED_EDGE('',*,*,#4700,.T.);
#2123=ORIENTED_EDGE('',*,*,#4701,.T.);
#2124=ORIENTED_EDGE('',*,*,#4702,.T.);
#2125=ORIENTED_EDGE('',*,*,#4703,.T.);
#2126=ORIENTED_EDGE('',*,*,#4704,.T.);
#2127=ORIENTED_EDGE('',*,*,#4705,.T.);
#2128=ORIENTED_EDGE('',*,*,#4706,.T.);
#2129=ORIENTED_EDGE('',*,*,#4707,.T.);
#2130=ORIENTED_EDGE('',*,*,#4708,.T.);
#2131=ORIENTED_EDGE('',*,*,#4709,.T.);
#2132=ORIENTED_EDGE('',*,*,#4710,.T.);
#2133=ORIENTED_EDGE('',*,*,#4711,.T.);
#2134=ORIENTED_EDGE('',*,*,#4712,.T.);
#2135=ORIENTED_EDGE('',*,*,#4713,.T.);
#2136=ORIENTED_EDGE('',*,*,#4714,.T.);
#2137=ORIENTED_EDGE('',*,*,#4715,.T.);
#2138=ORIENTED_EDGE('',*,*,#4716,.T.);
#2139=ORIENTED_EDGE('',*,*,#4717,.T.);
#2140=ORIENTED_EDGE('',*,*,#4718,.T.);
#2141=ORIENTED_EDGE('',*,*,#4719,.T.);
#2142=ORIENTED_EDGE('',*,*,#4720,.T.);
#2143=ORIENTED_EDGE('',*,*,#4721,.T.);
#2144=ORIENTED_EDGE('',*,*,#4722,.T.);
#2145=ORIENTED_EDGE('',*,*,#4723,.T.);
#2146=ORIENTED_EDGE('',*,*,#4724,.T.);
#2147=ORIENTED_EDGE('',*,*,#4725,.T.);
#2148=ORIENTED_EDGE('',*,*,#4726,.T.);
#2149=ORIENTED_EDGE('',*,*,#4727,.T.);
#2150=ORIENTED_EDGE('',*,*,#4728,.T.);
#2151=ORIENTED_EDGE('',*,*,#4729,.T.);
#2152=ORIENTED_EDGE('',*,*,#4730,.T.);
#2153=ORIENTED_EDGE('',*,*,#4731,.T.);
#2154=ORIENTED_EDGE('',*,*,#4732,.T.);
#2155=ORIENTED_EDGE('',*,*,#4733,.T.);
#2156=ORIENTED_EDGE('',*,*,#4734,.T.);
#2157=ORIENTED_EDGE('',*,*,#4735,.T.);
#2158=ORIENTED_EDGE('',*,*,#4736,.T.);
#2159=ORIENTED_EDGE('',*,*,#4737,.T.);
#2160=ORIENTED_EDGE('',*,*,#4738,.T.);
#2161=ORIENTED_EDGE('',*,*,#4739,.T.);
#2162=ORIENTED_EDGE('',*,*,#4740,.T.);
#2163=ORIENTED_EDGE('',*,*,#4741,.T.);
#2164=ORIENTED_EDGE('',*,*,#4742,.T.);
#2165=ORIENTED_EDGE('',*,*,#4743,.T.);
#2166=ORIENTED_EDGE('',*,*,#4744,.T.);
#2167=ORIENTED_EDGE('',*,*,#4745,.T.);
#2168=ORIENTED_EDGE('',*,*,#4746,.T.);
#2169=ORIENTED_EDGE('',*,*,#4747,.T.);
#2170=ORIENTED_EDGE('',*,*,#4748,.T.);
#2171=ORIENTED_EDGE('',*,*,#4749,.T.);
#2172=ORIENTED_EDGE('',*,*,#4750,.T.);
#2173=ORIENTED_EDGE('',*,*,#4751,.T.);
#2174=ORIENTED_EDGE('',*,*,#4752,.T.);
#2175=ORIENTED_EDGE('',*,*,#4753,.T.);
#2176=ORIENTED_EDGE('',*,*,#4754,.T.);
#2177=ORIENTED_EDGE('',*,*,#4755,.T.);
#2178=ORIENTED_EDGE('',*,*,#4756,.T.);
#2179=ORIENTED_EDGE('',*,*,#4757,.T.);
#2180=ORIENTED_EDGE('',*,*,#4758,.T.);
#2181=ORIENTED_EDGE('',*,*,#4759,.T.);
#2182=ORIENTED_EDGE('',*,*,#4760,.T.);
#2183=ORIENTED_EDGE('',*,*,#4761,.T.);
#2184=ORIENTED_EDGE('',*,*,#4762,.T.);
#2185=ORIENTED_EDGE('',*,*,#4763,.T.);
#2186=ORIENTED_EDGE('',*,*,#4764,.T.);
#2187=ORIENTED_EDGE('',*,*,#4765,.T.);
#2188=ORIENTED_EDGE('',*,*,#4766,.T.);
#2189=ORIENTED_EDGE('',*,*,#4767,.T.);
#2190=ORIENTED_EDGE('',*,*,#4768,.T.);
#2191=ORIENTED_EDGE('',*,*,#4769,.T.);
#2192=ORIENTED_EDGE('',*,*,#4770,.T.);
#2193=ORIENTED_EDGE('',*,*,#4771,.T.);
#2194=ORIENTED_EDGE('',*,*,#4772,.T.);
#2195=ORIENTED_EDGE('',*,*,#4773,.T.);
#2196=ORIENTED_EDGE('',*,*,#4774,.T.);
#2197=ORIENTED_EDGE('',*,*,#4775,.T.);
#2198=ORIENTED_EDGE('',*,*,#4776,.T.);
#2199=ORIENTED_EDGE('',*,*,#4777,.T.);
#2200=ORIENTED_EDGE('',*,*,#4778,.T.);
#2201=ORIENTED_EDGE('',*,*,#4779,.T.);
#2202=ORIENTED_EDGE('',*,*,#4780,.T.);
#2203=ORIENTED_EDGE('',*,*,#4781,.T.);
#2204=ORIENTED_EDGE('',*,*,#4782,.T.);
#2205=ORIENTED_EDGE('',*,*,#4783,.T.);
#2206=ORIENTED_EDGE('',*,*,#4784,.T.);
#2207=ORIENTED_EDGE('',*,*,#4785,.T.);
#2208=ORIENTED_EDGE('',*,*,#4786,.T.);
#2209=ORIENTED_EDGE('',*,*,#4787,.T.);
#2210=ORIENTED_EDGE('',*,*,#4788,.T.);
#2211=ORIENTED_EDGE('',*,*,#4789,.T.);
#2212=ORIENTED_EDGE('',*,*,#4790,.T.);
#2213=ORIENTED_EDGE('',*,*,#4791,.T.);
#2214=ORIENTED_EDGE('',*,*,#4792,.T.);
#2215=ORIENTED_EDGE('',*,*,#4793,.T.);
#2216=ORIENTED_EDGE('',*,*,#4794,.T.);
#2217=ORIENTED_EDGE('',*,*,#4795,.T.);
#2218=ORIENTED_EDGE('',*,*,#4796,.T.);
#2219=ORIENTED_EDGE('',*,*,#4797,.T.);
#2220=ORIENTED_EDGE('',*,*,#4798,.T.);
#2221=ORIENTED_EDGE('',*,*,#4799,.T.);
#2222=ORIENTED_EDGE('',*,*,#4800,.T.);
#2223=ORIENTED_EDGE('',*,*,#4801,.T.);
#2224=ORIENTED_EDGE('',*,*,#4802,.T.);
#2225=ORIENTED_EDGE('',*,*,#4803,.T.);
#2226=ORIENTED_EDGE('',*,*,#4804,.T.);
#2227=ORIENTED_EDGE('',*,*,#4805,.T.);
#2228=ORIENTED_EDGE('',*,*,#4806,.T.);
#2229=ORIENTED_EDGE('',*,*,#4807,.T.);
#2230=ORIENTED_EDGE('',*,*,#4808,.T.);
#2231=ORIENTED_EDGE('',*,*,#4809,.T.);
#2232=ORIENTED_EDGE('',*,*,#4810,.T.);
#2233=ORIENTED_EDGE('',*,*,#4811,.T.);
#2234=ORIENTED_EDGE('',*,*,#4812,.T.);
#2235=ORIENTED_EDGE('',*,*,#4813,.T.);
#2236=ORIENTED_EDGE('',*,*,#4814,.T.);
#2237=ORIENTED_EDGE('',*,*,#4815,.T.);
#2238=ORIENTED_EDGE('',*,*,#4816,.T.);
#2239=ORIENTED_EDGE('',*,*,#4817,.T.);
#2240=ORIENTED_EDGE('',*,*,#4818,.T.);
#2241=ORIENTED_EDGE('',*,*,#4819,.T.);
#2242=ORIENTED_EDGE('',*,*,#4820,.T.);
#2243=ORIENTED_EDGE('',*,*,#4821,.T.);
#2244=ORIENTED_EDGE('',*,*,#4822,.T.);
#2245=ORIENTED_EDGE('',*,*,#4823,.T.);
#2246=ORIENTED_EDGE('',*,*,#4824,.T.);
#2247=ORIENTED_EDGE('',*,*,#4825,.T.);
#2248=ORIENTED_EDGE('',*,*,#4826,.T.);
#2249=ORIENTED_EDGE('',*,*,#4827,.T.);
#2250=ORIENTED_EDGE('',*,*,#4828,.T.);
#2251=ORIENTED_EDGE('',*,*,#4829,.T.);
#2252=ORIENTED_EDGE('',*,*,#4830,.T.);
#2253=ORIENTED_EDGE('',*,*,#4831,.T.);
#2254=ORIENTED_EDGE('',*,*,#4832,.T.);
#2255=ORIENTED_EDGE('',*,*,#4833,.T.);
#2256=ORIENTED_EDGE('',*,*,#4834,.T.);
#2257=ORIENTED_EDGE('',*,*,#4835,.T.);
#2258=ORIENTED_EDGE('',*,*,#4836,.T.);
#2259=ORIENTED_EDGE('',*,*,#4837,.T.);
#2260=ORIENTED_EDGE('',*,*,#4838,.T.);
#2261=ORIENTED_EDGE('',*,*,#4839,.T.);
#2262=ORIENTED_EDGE('',*,*,#4840,.T.);
#2263=ORIENTED_EDGE('',*,*,#4841,.T.);
#2264=ORIENTED_EDGE('',*,*,#4842,.T.);
#2265=ORIENTED_EDGE('',*,*,#4843,.T.);
#2266=ORIENTED_EDGE('',*,*,#4844,.T.);
#2267=ORIENTED_EDGE('',*,*,#4845,.T.);
#2268=ORIENTED_EDGE('',*,*,#4846,.T.);
#2269=ORIENTED_EDGE('',*,*,#4847,.T.);
#2270=ORIENTED_EDGE('',*,*,#4848,.T.);
#2271=ORIENTED_EDGE('',*,*,#4849,.T.);
#2272=ORIENTED_EDGE('',*,*,#4850,.T.);
#2273=ORIENTED_EDGE('',*,*,#4851,.T.);
#2274=ORIENTED_EDGE('',*,*,#4852,.T.);
#2275=ORIENTED_EDGE('',*,*,#4853,.T.);
#2276=ORIENTED_EDGE('',*,*,#4854,.T.);
#2277=ORIENTED_EDGE('',*,*,#4855,.T.);
#2278=ORIENTED_EDGE('',*,*,#4856,.T.);
#2279=ORIENTED_EDGE('',*,*,#4857,.T.);
#2280=ORIENTED_EDGE('',*,*,#4858,.T.);
#2281=ORIENTED_EDGE('',*,*,#4859,.T.);
#2282=ORIENTED_EDGE('',*,*,#4860,.T.);
#2283=ORIENTED_EDGE('',*,*,#4861,.T.);
#2284=ORIENTED_EDGE('',*,*,#4862,.T.);
#2285=ORIENTED_EDGE('',*,*,#4863,.T.);
#2286=ORIENTED_EDGE('',*,*,#4864,.T.);
#2287=ORIENTED_EDGE('',*,*,#4865,.T.);
#2288=ORIENTED_EDGE('',*,*,#4866,.T.);
#2289=ORIENTED_EDGE('',*,*,#4867,.T.);
#2290=ORIENTED_EDGE('',*,*,#4868,.T.);
#2291=ORIENTED_EDGE('',*,*,#4869,.T.);
#2292=ORIENTED_EDGE('',*,*,#4870,.T.);
#2293=ORIENTED_EDGE('',*,*,#4871,.T.);
#2294=ORIENTED_EDGE('',*,*,#4872,.T.);
#2295=ORIENTED_EDGE('',*,*,#4873,.T.);
#2296=ORIENTED_EDGE('',*,*,#4874,.T.);
#2297=ORIENTED_EDGE('',*,*,#4875,.T.);
#2298=ORIENTED_EDGE('',*,*,#4876,.T.);
#2299=ORIENTED_EDGE('',*,*,#4877,.T.);
#2300=ORIENTED_EDGE('',*,*,#4878,.T.);
#2301=ORIENTED_EDGE('',*,*,#4879,.T.);
#2302=ORIENTED_EDGE('',*,*,#4880,.T.);
#2303=ORIENTED_EDGE('',*,*,#4881,.T.);
#2304=ORIENTED_EDGE('',*,*,#4882,.T.);
#2305=ORIENTED_EDGE('',*,*,#4883,.T.);
#2306=ORIENTED_EDGE('',*,*,#4884,.T.);
#2307=ORIENTED_EDGE('',*,*,#4885,.T.);
#2308=ORIENTED_EDGE('',*,*,#4886,.T.);
#2309=ORIENTED_EDGE('',*,*,#4887,.T.);
#2310=ORIENTED_EDGE('',*,*,#4888,.T.);
#2311=ORIENTED_EDGE('',*,*,#4889,.T.);
#2312=ORIENTED_EDGE('',*,*,#4890,.T.);
#2313=ORIENTED_EDGE('',*,*,#4891,.T.);
#2314=ORIENTED_EDGE('',*,*,#4892,.T.);
#2315=ORIENTED_EDGE('',*,*,#4893,.T.);
#2316=ORIENTED_EDGE('',*,*,#4894,.T.);
#2317=ORIENTED_EDGE('',*,*,#4895,.T.);
#2318=ORIENTED_EDGE('',*,*,#4896,.T.);
#2319=ORIENTED_EDGE('',*,*,#4897,.T.);
#2320=ORIENTED_EDGE('',*,*,#4898,.T.);
#2321=ORIENTED_EDGE('',*,*,#4899,.T.);
#2322=ORIENTED_EDGE('',*,*,#4900,.T.);
#2323=ORIENTED_EDGE('',*,*,#4901,.T.);
#2324=ORIENTED_EDGE('',*,*,#4902,.T.);
#2325=ORIENTED_EDGE('',*,*,#4903,.T.);
#2326=ORIENTED_EDGE('',*,*,#4904,.T.);
#2327=ORIENTED_EDGE('',*,*,#4905,.T.);
#2328=ORIENTED_EDGE('',*,*,#4906,.T.);
#2329=ORIENTED_EDGE('',*,*,#4907,.T.);
#2330=ORIENTED_EDGE('',*,*,#4908,.T.);
#2331=ORIENTED_EDGE('',*,*,#4909,.T.);
#2332=ORIENTED_EDGE('',*,*,#4910,.T.);
#2333=ORIENTED_EDGE('',*,*,#4911,.T.);
#2334=ORIENTED_EDGE('',*,*,#4912,.F.);
#2335=ORIENTED_EDGE('',*,*,#4913,.T.);
#2336=ORIENTED_EDGE('',*,*,#4914,.T.);
#2337=ORIENTED_EDGE('',*,*,#4915,.T.);
#2338=ORIENTED_EDGE('',*,*,#4916,.F.);
#2339=ORIENTED_EDGE('',*,*,#4917,.T.);
#2340=ORIENTED_EDGE('',*,*,#4918,.T.);
#2341=ORIENTED_EDGE('',*,*,#4919,.T.);
#2342=ORIENTED_EDGE('',*,*,#4920,.T.);
#2343=ORIENTED_EDGE('',*,*,#4921,.T.);
#2344=ORIENTED_EDGE('',*,*,#4922,.T.);
#2345=ORIENTED_EDGE('',*,*,#4923,.T.);
#2346=ORIENTED_EDGE('',*,*,#4924,.T.);
#2347=ORIENTED_EDGE('',*,*,#4925,.T.);
#2348=ORIENTED_EDGE('',*,*,#4926,.T.);
#2349=ORIENTED_EDGE('',*,*,#4927,.T.);
#2350=ORIENTED_EDGE('',*,*,#4928,.T.);
#2351=ORIENTED_EDGE('',*,*,#4929,.T.);
#2352=ORIENTED_EDGE('',*,*,#4930,.T.);
#2353=ORIENTED_EDGE('',*,*,#4931,.T.);
#2354=ORIENTED_EDGE('',*,*,#4932,.T.);
#2355=ORIENTED_EDGE('',*,*,#4933,.T.);
#2356=ORIENTED_EDGE('',*,*,#4934,.T.);
#2357=ORIENTED_EDGE('',*,*,#4935,.T.);
#2358=ORIENTED_EDGE('',*,*,#4936,.T.);
#2359=ORIENTED_EDGE('',*,*,#4937,.T.);
#2360=ORIENTED_EDGE('',*,*,#4938,.T.);
#2361=ORIENTED_EDGE('',*,*,#4939,.T.);
#2362=ORIENTED_EDGE('',*,*,#4940,.T.);
#2363=ORIENTED_EDGE('',*,*,#4941,.T.);
#2364=ORIENTED_EDGE('',*,*,#4942,.T.);
#2365=ORIENTED_EDGE('',*,*,#4943,.T.);
#2366=ORIENTED_EDGE('',*,*,#4944,.T.);
#2367=ORIENTED_EDGE('',*,*,#4945,.T.);
#2368=ORIENTED_EDGE('',*,*,#4946,.T.);
#2369=ORIENTED_EDGE('',*,*,#4947,.T.);
#2370=ORIENTED_EDGE('',*,*,#4948,.T.);
#2371=ORIENTED_EDGE('',*,*,#4949,.T.);
#2372=ORIENTED_EDGE('',*,*,#4950,.T.);
#2373=ORIENTED_EDGE('',*,*,#4951,.T.);
#2374=ORIENTED_EDGE('',*,*,#4952,.T.);
#2375=ORIENTED_EDGE('',*,*,#4953,.T.);
#2376=ORIENTED_EDGE('',*,*,#4954,.T.);
#2377=ORIENTED_EDGE('',*,*,#4955,.T.);
#2378=ORIENTED_EDGE('',*,*,#4956,.T.);
#2379=ORIENTED_EDGE('',*,*,#4957,.T.);
#2380=ORIENTED_EDGE('',*,*,#4958,.T.);
#2381=ORIENTED_EDGE('',*,*,#4959,.T.);
#2382=ORIENTED_EDGE('',*,*,#4960,.T.);
#2383=ORIENTED_EDGE('',*,*,#4961,.T.);
#2384=ORIENTED_EDGE('',*,*,#4962,.T.);
#2385=ORIENTED_EDGE('',*,*,#4963,.T.);
#2386=ORIENTED_EDGE('',*,*,#4964,.T.);
#2387=ORIENTED_EDGE('',*,*,#4965,.T.);
#2388=ORIENTED_EDGE('',*,*,#4966,.T.);
#2389=ORIENTED_EDGE('',*,*,#4967,.T.);
#2390=ORIENTED_EDGE('',*,*,#4968,.T.);
#2391=ORIENTED_EDGE('',*,*,#4969,.T.);
#2392=ORIENTED_EDGE('',*,*,#4970,.T.);
#2393=ORIENTED_EDGE('',*,*,#4971,.T.);
#2394=ORIENTED_EDGE('',*,*,#4972,.T.);
#2395=ORIENTED_EDGE('',*,*,#4973,.T.);
#2396=ORIENTED_EDGE('',*,*,#4974,.T.);
#2397=ORIENTED_EDGE('',*,*,#4975,.T.);
#2398=ORIENTED_EDGE('',*,*,#4976,.T.);
#2399=ORIENTED_EDGE('',*,*,#4977,.T.);
#2400=ORIENTED_EDGE('',*,*,#4978,.T.);
#2401=ORIENTED_EDGE('',*,*,#4979,.T.);
#2402=ORIENTED_EDGE('',*,*,#4980,.T.);
#2403=ORIENTED_EDGE('',*,*,#4981,.T.);
#2404=ORIENTED_EDGE('',*,*,#4982,.T.);
#2405=ORIENTED_EDGE('',*,*,#4983,.T.);
#2406=ORIENTED_EDGE('',*,*,#4984,.T.);
#2407=ORIENTED_EDGE('',*,*,#4985,.T.);
#2408=ORIENTED_EDGE('',*,*,#4986,.T.);
#2409=ORIENTED_EDGE('',*,*,#4987,.T.);
#2410=ORIENTED_EDGE('',*,*,#4988,.T.);
#2411=ORIENTED_EDGE('',*,*,#4989,.T.);
#2412=ORIENTED_EDGE('',*,*,#4990,.T.);
#2413=ORIENTED_EDGE('',*,*,#4991,.T.);
#2414=ORIENTED_EDGE('',*,*,#4992,.T.);
#2415=ORIENTED_EDGE('',*,*,#4993,.T.);
#2416=ORIENTED_EDGE('',*,*,#4994,.T.);
#2417=ORIENTED_EDGE('',*,*,#4995,.T.);
#2418=ORIENTED_EDGE('',*,*,#4996,.T.);
#2419=ORIENTED_EDGE('',*,*,#4997,.T.);
#2420=ORIENTED_EDGE('',*,*,#4998,.T.);
#2421=ORIENTED_EDGE('',*,*,#4999,.T.);
#2422=ORIENTED_EDGE('',*,*,#5000,.T.);
#2423=ORIENTED_EDGE('',*,*,#5001,.T.);
#2424=ORIENTED_EDGE('',*,*,#5002,.T.);
#2425=ORIENTED_EDGE('',*,*,#5003,.T.);
#2426=ORIENTED_EDGE('',*,*,#5004,.F.);
#2427=ORIENTED_EDGE('',*,*,#5005,.T.);
#2428=ORIENTED_EDGE('',*,*,#5006,.T.);
#2429=ORIENTED_EDGE('',*,*,#5007,.T.);
#2430=ORIENTED_EDGE('',*,*,#5008,.T.);
#2431=ORIENTED_EDGE('',*,*,#5009,.F.);
#2432=ORIENTED_EDGE('',*,*,#5010,.T.);
#2433=ORIENTED_EDGE('',*,*,#5011,.T.);
#2434=ORIENTED_EDGE('',*,*,#5012,.T.);
#2435=ORIENTED_EDGE('',*,*,#5013,.T.);
#2436=ORIENTED_EDGE('',*,*,#5014,.T.);
#2437=ORIENTED_EDGE('',*,*,#5015,.T.);
#2438=ORIENTED_EDGE('',*,*,#5016,.T.);
#2439=ORIENTED_EDGE('',*,*,#5017,.T.);
#2440=ORIENTED_EDGE('',*,*,#5018,.T.);
#2441=ORIENTED_EDGE('',*,*,#5019,.T.);
#2442=ORIENTED_EDGE('',*,*,#5020,.T.);
#2443=ORIENTED_EDGE('',*,*,#5021,.T.);
#2444=ORIENTED_EDGE('',*,*,#5022,.T.);
#2445=ORIENTED_EDGE('',*,*,#5023,.T.);
#2446=ORIENTED_EDGE('',*,*,#5024,.T.);
#2447=ORIENTED_EDGE('',*,*,#5025,.T.);
#2448=ORIENTED_EDGE('',*,*,#5026,.T.);
#2449=ORIENTED_EDGE('',*,*,#5027,.F.);
#2450=ORIENTED_EDGE('',*,*,#5028,.T.);
#2451=ORIENTED_EDGE('',*,*,#5009,.T.);
#2452=ORIENTED_EDGE('',*,*,#5029,.T.);
#2453=ORIENTED_EDGE('',*,*,#5030,.F.);
#2454=ORIENTED_EDGE('',*,*,#5031,.T.);
#2455=ORIENTED_EDGE('',*,*,#5027,.T.);
#2456=ORIENTED_EDGE('',*,*,#5032,.T.);
#2457=ORIENTED_EDGE('',*,*,#5024,.F.);
#2458=ORIENTED_EDGE('',*,*,#5033,.T.);
#2459=ORIENTED_EDGE('',*,*,#5030,.T.);
#2460=ORIENTED_EDGE('',*,*,#5034,.T.);
#2461=ORIENTED_EDGE('',*,*,#5035,.T.);
#2462=ORIENTED_EDGE('',*,*,#5036,.T.);
#2463=ORIENTED_EDGE('',*,*,#5037,.T.);
#2464=ORIENTED_EDGE('',*,*,#5038,.T.);
#2465=ORIENTED_EDGE('',*,*,#5039,.T.);
#2466=ORIENTED_EDGE('',*,*,#5040,.T.);
#2467=ORIENTED_EDGE('',*,*,#5041,.T.);
#2468=ORIENTED_EDGE('',*,*,#5042,.T.);
#2469=ORIENTED_EDGE('',*,*,#5043,.T.);
#2470=ORIENTED_EDGE('',*,*,#5044,.F.);
#2471=ORIENTED_EDGE('',*,*,#5045,.T.);
#2472=ORIENTED_EDGE('',*,*,#5004,.T.);
#2473=ORIENTED_EDGE('',*,*,#5046,.T.);
#2474=ORIENTED_EDGE('',*,*,#5047,.F.);
#2475=ORIENTED_EDGE('',*,*,#5048,.T.);
#2476=ORIENTED_EDGE('',*,*,#5044,.T.);
#2477=ORIENTED_EDGE('',*,*,#5049,.T.);
#2478=ORIENTED_EDGE('',*,*,#5041,.F.);
#2479=ORIENTED_EDGE('',*,*,#5050,.T.);
#2480=ORIENTED_EDGE('',*,*,#5047,.T.);
#2481=ORIENTED_EDGE('',*,*,#5051,.T.);
#2482=ORIENTED_EDGE('',*,*,#5052,.T.);
#2483=ORIENTED_EDGE('',*,*,#5053,.T.);
#2484=ORIENTED_EDGE('',*,*,#5054,.T.);
#2485=ORIENTED_EDGE('',*,*,#5055,.T.);
#2486=ORIENTED_EDGE('',*,*,#5043,.F.);
#2487=ORIENTED_EDGE('',*,*,#5017,.F.);
#2488=ORIENTED_EDGE('',*,*,#5056,.F.);
#2489=ORIENTED_EDGE('',*,*,#5057,.F.);
#2490=ORIENTED_EDGE('',*,*,#5056,.T.);
#2491=ORIENTED_EDGE('',*,*,#5016,.F.);
#2492=ORIENTED_EDGE('',*,*,#5058,.F.);
#2493=ORIENTED_EDGE('',*,*,#5059,.F.);
#2494=ORIENTED_EDGE('',*,*,#5039,.F.);
#2495=ORIENTED_EDGE('',*,*,#5057,.T.);
#2496=ORIENTED_EDGE('',*,*,#5060,.F.);
#2497=ORIENTED_EDGE('',*,*,#4917,.F.);
#2498=ORIENTED_EDGE('',*,*,#5015,.F.);
#2499=ORIENTED_EDGE('',*,*,#5012,.F.);
#2500=ORIENTED_EDGE('',*,*,#5061,.F.);
#2501=ORIENTED_EDGE('',*,*,#5058,.T.);
#2502=ORIENTED_EDGE('',*,*,#5060,.T.);
#2503=ORIENTED_EDGE('',*,*,#5059,.T.);
#2504=ORIENTED_EDGE('',*,*,#5062,.F.);
#2505=ORIENTED_EDGE('',*,*,#4910,.F.);
#2506=ORIENTED_EDGE('',*,*,#5011,.F.);
#2507=ORIENTED_EDGE('',*,*,#4911,.F.);
#2508=ORIENTED_EDGE('',*,*,#5062,.T.);
#2509=ORIENTED_EDGE('',*,*,#5061,.T.);
#2510=ORIENTED_EDGE('',*,*,#5019,.F.);
#2511=ORIENTED_EDGE('',*,*,#5007,.F.);
#2512=ORIENTED_EDGE('',*,*,#5063,.F.);
#2513=ORIENTED_EDGE('',*,*,#5064,.F.);
#2514=ORIENTED_EDGE('',*,*,#5006,.F.);
#2515=ORIENTED_EDGE('',*,*,#4915,.F.);
#2516=ORIENTED_EDGE('',*,*,#5065,.F.);
#2517=ORIENTED_EDGE('',*,*,#5063,.T.);
#2518=ORIENTED_EDGE('',*,*,#5020,.F.);
#2519=ORIENTED_EDGE('',*,*,#5064,.T.);
#2520=ORIENTED_EDGE('',*,*,#5066,.F.);
#2521=ORIENTED_EDGE('',*,*,#5067,.F.);
#2522=ORIENTED_EDGE('',*,*,#5065,.T.);
#2523=ORIENTED_EDGE('',*,*,#4914,.F.);
#2524=ORIENTED_EDGE('',*,*,#5068,.F.);
#2525=ORIENTED_EDGE('',*,*,#5066,.T.);
#2526=ORIENTED_EDGE('',*,*,#5021,.F.);
#2527=ORIENTED_EDGE('',*,*,#5067,.T.);
#2528=ORIENTED_EDGE('',*,*,#5069,.F.);
#2529=ORIENTED_EDGE('',*,*,#5026,.F.);
#2530=ORIENTED_EDGE('',*,*,#5068,.T.);
#2531=ORIENTED_EDGE('',*,*,#4913,.F.);
#2532=ORIENTED_EDGE('',*,*,#5022,.F.);
#2533=ORIENTED_EDGE('',*,*,#5069,.T.);
#2534=ORIENTED_EDGE('',*,*,#5070,.F.);
#2535=ORIENTED_EDGE('',*,*,#4613,.F.);
#2536=ORIENTED_EDGE('',*,*,#5071,.F.);
#2537=ORIENTED_EDGE('',*,*,#5033,.F.);
#2538=ORIENTED_EDGE('',*,*,#5071,.T.);
#2539=ORIENTED_EDGE('',*,*,#4612,.F.);
#2540=ORIENTED_EDGE('',*,*,#5072,.F.);
#2541=ORIENTED_EDGE('',*,*,#5031,.F.);
#2542=ORIENTED_EDGE('',*,*,#4912,.T.);
#2543=ORIENTED_EDGE('',*,*,#5010,.F.);
#2544=ORIENTED_EDGE('',*,*,#5073,.F.);
#2545=ORIENTED_EDGE('',*,*,#4610,.F.);
#2546=ORIENTED_EDGE('',*,*,#5070,.T.);
#2547=ORIENTED_EDGE('',*,*,#5023,.F.);
#2548=ORIENTED_EDGE('',*,*,#5072,.T.);
#2549=ORIENTED_EDGE('',*,*,#4611,.F.);
#2550=ORIENTED_EDGE('',*,*,#5073,.T.);
#2551=ORIENTED_EDGE('',*,*,#5028,.F.);
#2552=ORIENTED_EDGE('',*,*,#5074,.F.);
#2553=ORIENTED_EDGE('',*,*,#5034,.F.);
#2554=ORIENTED_EDGE('',*,*,#5075,.F.);
#2555=ORIENTED_EDGE('',*,*,#5038,.F.);
#2556=ORIENTED_EDGE('',*,*,#5075,.T.);
#2557=ORIENTED_EDGE('',*,*,#5032,.F.);
#2558=ORIENTED_EDGE('',*,*,#5076,.F.);
#2559=ORIENTED_EDGE('',*,*,#5035,.F.);
#2560=ORIENTED_EDGE('',*,*,#5074,.T.);
#2561=ORIENTED_EDGE('',*,*,#5037,.F.);
#2562=ORIENTED_EDGE('',*,*,#5077,.F.);
#2563=ORIENTED_EDGE('',*,*,#5013,.F.);
#2564=ORIENTED_EDGE('',*,*,#5014,.F.);
#2565=ORIENTED_EDGE('',*,*,#5025,.F.);
#2566=ORIENTED_EDGE('',*,*,#5076,.T.);
#2567=ORIENTED_EDGE('',*,*,#5029,.F.);
#2568=ORIENTED_EDGE('',*,*,#5077,.T.);
#2569=ORIENTED_EDGE('',*,*,#5036,.F.);
#2570=ORIENTED_EDGE('',*,*,#5078,.F.);
#2571=ORIENTED_EDGE('',*,*,#5045,.F.);
#2572=ORIENTED_EDGE('',*,*,#5079,.F.);
#2573=ORIENTED_EDGE('',*,*,#4773,.F.);
#2574=ORIENTED_EDGE('',*,*,#5079,.T.);
#2575=ORIENTED_EDGE('',*,*,#5048,.F.);
#2576=ORIENTED_EDGE('',*,*,#5080,.F.);
#2577=ORIENTED_EDGE('',*,*,#4770,.F.);
#2578=ORIENTED_EDGE('',*,*,#5078,.T.);
#2579=ORIENTED_EDGE('',*,*,#4772,.F.);
#2580=ORIENTED_EDGE('',*,*,#5081,.F.);
#2581=ORIENTED_EDGE('',*,*,#5040,.F.);
#2582=ORIENTED_EDGE('',*,*,#4916,.T.);
#2583=ORIENTED_EDGE('',*,*,#5005,.F.);
#2584=ORIENTED_EDGE('',*,*,#5080,.T.);
#2585=ORIENTED_EDGE('',*,*,#5050,.F.);
#2586=ORIENTED_EDGE('',*,*,#5081,.T.);
#2587=ORIENTED_EDGE('',*,*,#4771,.F.);
#2588=ORIENTED_EDGE('',*,*,#5082,.F.);
#2589=ORIENTED_EDGE('',*,*,#5055,.F.);
#2590=ORIENTED_EDGE('',*,*,#5083,.F.);
#2591=ORIENTED_EDGE('',*,*,#5046,.F.);
#2592=ORIENTED_EDGE('',*,*,#5083,.T.);
#2593=ORIENTED_EDGE('',*,*,#5054,.F.);
#2594=ORIENTED_EDGE('',*,*,#5084,.F.);
#2595=ORIENTED_EDGE('',*,*,#5049,.F.);
#2596=ORIENTED_EDGE('',*,*,#5018,.F.);
#2597=ORIENTED_EDGE('',*,*,#5042,.F.);
#2598=ORIENTED_EDGE('',*,*,#5085,.F.);
#2599=ORIENTED_EDGE('',*,*,#5052,.F.);
#2600=ORIENTED_EDGE('',*,*,#5082,.T.);
#2601=ORIENTED_EDGE('',*,*,#5008,.F.);
#2602=ORIENTED_EDGE('',*,*,#5084,.T.);
#2603=ORIENTED_EDGE('',*,*,#5053,.F.);
#2604=ORIENTED_EDGE('',*,*,#5085,.T.);
#2605=ORIENTED_EDGE('',*,*,#5051,.F.);
#2606=ORIENTED_EDGE('',*,*,#5086,.F.);
#2607=ORIENTED_EDGE('',*,*,#5087,.F.);
#2608=ORIENTED_EDGE('',*,*,#5088,.T.);
#2609=ORIENTED_EDGE('',*,*,#5089,.T.);
#2610=ORIENTED_EDGE('',*,*,#5090,.F.);
#2611=ORIENTED_EDGE('',*,*,#5091,.F.);
#2612=ORIENTED_EDGE('',*,*,#5092,.T.);
#2613=ORIENTED_EDGE('',*,*,#5087,.T.);
#2614=ORIENTED_EDGE('',*,*,#5093,.F.);
#2615=ORIENTED_EDGE('',*,*,#5094,.F.);
#2616=ORIENTED_EDGE('',*,*,#5095,.T.);
#2617=ORIENTED_EDGE('',*,*,#5091,.T.);
#2618=ORIENTED_EDGE('',*,*,#5096,.F.);
#2619=ORIENTED_EDGE('',*,*,#5097,.F.);
#2620=ORIENTED_EDGE('',*,*,#5098,.T.);
#2621=ORIENTED_EDGE('',*,*,#5094,.T.);
#2622=ORIENTED_EDGE('',*,*,#5099,.F.);
#2623=ORIENTED_EDGE('',*,*,#5100,.F.);
#2624=ORIENTED_EDGE('',*,*,#5101,.T.);
#2625=ORIENTED_EDGE('',*,*,#5097,.T.);
#2626=ORIENTED_EDGE('',*,*,#5102,.F.);
#2627=ORIENTED_EDGE('',*,*,#5103,.F.);
#2628=ORIENTED_EDGE('',*,*,#5104,.T.);
#2629=ORIENTED_EDGE('',*,*,#5100,.T.);
#2630=ORIENTED_EDGE('',*,*,#4919,.F.);
#2631=ORIENTED_EDGE('',*,*,#5105,.F.);
#2632=ORIENTED_EDGE('',*,*,#5106,.T.);
#2633=ORIENTED_EDGE('',*,*,#5107,.T.);
#2634=ORIENTED_EDGE('',*,*,#4918,.F.);
#2635=ORIENTED_EDGE('',*,*,#5108,.F.);
#2636=ORIENTED_EDGE('',*,*,#5109,.T.);
#2637=ORIENTED_EDGE('',*,*,#5105,.T.);
#2638=ORIENTED_EDGE('',*,*,#4925,.F.);
#2639=ORIENTED_EDGE('',*,*,#5110,.F.);
#2640=ORIENTED_EDGE('',*,*,#5111,.T.);
#2641=ORIENTED_EDGE('',*,*,#5108,.T.);
#2642=ORIENTED_EDGE('',*,*,#4924,.F.);
#2643=ORIENTED_EDGE('',*,*,#5112,.F.);
#2644=ORIENTED_EDGE('',*,*,#5113,.T.);
#2645=ORIENTED_EDGE('',*,*,#5110,.T.);
#2646=ORIENTED_EDGE('',*,*,#4923,.F.);
#2647=ORIENTED_EDGE('',*,*,#5114,.F.);
#2648=ORIENTED_EDGE('',*,*,#5115,.T.);
#2649=ORIENTED_EDGE('',*,*,#5112,.T.);
#2650=ORIENTED_EDGE('',*,*,#4922,.F.);
#2651=ORIENTED_EDGE('',*,*,#5116,.F.);
#2652=ORIENTED_EDGE('',*,*,#5117,.T.);
#2653=ORIENTED_EDGE('',*,*,#5114,.T.);
#2654=ORIENTED_EDGE('',*,*,#4921,.F.);
#2655=ORIENTED_EDGE('',*,*,#5118,.F.);
#2656=ORIENTED_EDGE('',*,*,#5119,.T.);
#2657=ORIENTED_EDGE('',*,*,#5116,.T.);
#2658=ORIENTED_EDGE('',*,*,#4920,.F.);
#2659=ORIENTED_EDGE('',*,*,#5107,.F.);
#2660=ORIENTED_EDGE('',*,*,#5120,.T.);
#2661=ORIENTED_EDGE('',*,*,#5118,.T.);
#2662=ORIENTED_EDGE('',*,*,#5121,.F.);
#2663=ORIENTED_EDGE('',*,*,#5089,.F.);
#2664=ORIENTED_EDGE('',*,*,#5122,.T.);
#2665=ORIENTED_EDGE('',*,*,#5103,.T.);
#2666=ORIENTED_EDGE('',*,*,#5106,.F.);
#2667=ORIENTED_EDGE('',*,*,#5109,.F.);
#2668=ORIENTED_EDGE('',*,*,#5111,.F.);
#2669=ORIENTED_EDGE('',*,*,#5113,.F.);
#2670=ORIENTED_EDGE('',*,*,#5115,.F.);
#2671=ORIENTED_EDGE('',*,*,#5117,.F.);
#2672=ORIENTED_EDGE('',*,*,#5119,.F.);
#2673=ORIENTED_EDGE('',*,*,#5120,.F.);
#2674=ORIENTED_EDGE('',*,*,#5088,.F.);
#2675=ORIENTED_EDGE('',*,*,#5092,.F.);
#2676=ORIENTED_EDGE('',*,*,#5095,.F.);
#2677=ORIENTED_EDGE('',*,*,#5098,.F.);
#2678=ORIENTED_EDGE('',*,*,#5101,.F.);
#2679=ORIENTED_EDGE('',*,*,#5104,.F.);
#2680=ORIENTED_EDGE('',*,*,#5122,.F.);
#2681=ORIENTED_EDGE('',*,*,#4927,.F.);
#2682=ORIENTED_EDGE('',*,*,#5123,.F.);
#2683=ORIENTED_EDGE('',*,*,#5124,.T.);
#2684=ORIENTED_EDGE('',*,*,#5125,.T.);
#2685=ORIENTED_EDGE('',*,*,#4926,.F.);
#2686=ORIENTED_EDGE('',*,*,#5126,.F.);
#2687=ORIENTED_EDGE('',*,*,#5127,.T.);
#2688=ORIENTED_EDGE('',*,*,#5123,.T.);
#2689=ORIENTED_EDGE('',*,*,#4937,.F.);
#2690=ORIENTED_EDGE('',*,*,#5128,.F.);
#2691=ORIENTED_EDGE('',*,*,#5129,.T.);
#2692=ORIENTED_EDGE('',*,*,#5126,.T.);
#2693=ORIENTED_EDGE('',*,*,#4936,.F.);
#2694=ORIENTED_EDGE('',*,*,#5130,.F.);
#2695=ORIENTED_EDGE('',*,*,#5131,.T.);
#2696=ORIENTED_EDGE('',*,*,#5128,.T.);
#2697=ORIENTED_EDGE('',*,*,#4935,.F.);
#2698=ORIENTED_EDGE('',*,*,#5132,.F.);
#2699=ORIENTED_EDGE('',*,*,#5133,.T.);
#2700=ORIENTED_EDGE('',*,*,#5130,.T.);
#2701=ORIENTED_EDGE('',*,*,#4934,.F.);
#2702=ORIENTED_EDGE('',*,*,#5134,.F.);
#2703=ORIENTED_EDGE('',*,*,#5135,.T.);
#2704=ORIENTED_EDGE('',*,*,#5132,.T.);
#2705=ORIENTED_EDGE('',*,*,#4933,.F.);
#2706=ORIENTED_EDGE('',*,*,#5136,.F.);
#2707=ORIENTED_EDGE('',*,*,#5137,.T.);
#2708=ORIENTED_EDGE('',*,*,#5134,.T.);
#2709=ORIENTED_EDGE('',*,*,#4932,.F.);
#2710=ORIENTED_EDGE('',*,*,#5138,.F.);
#2711=ORIENTED_EDGE('',*,*,#5139,.T.);
#2712=ORIENTED_EDGE('',*,*,#5136,.T.);
#2713=ORIENTED_EDGE('',*,*,#4931,.F.);
#2714=ORIENTED_EDGE('',*,*,#5140,.F.);
#2715=ORIENTED_EDGE('',*,*,#5141,.T.);
#2716=ORIENTED_EDGE('',*,*,#5138,.T.);
#2717=ORIENTED_EDGE('',*,*,#4930,.F.);
#2718=ORIENTED_EDGE('',*,*,#5142,.F.);
#2719=ORIENTED_EDGE('',*,*,#5143,.T.);
#2720=ORIENTED_EDGE('',*,*,#5140,.T.);
#2721=ORIENTED_EDGE('',*,*,#4929,.F.);
#2722=ORIENTED_EDGE('',*,*,#5144,.F.);
#2723=ORIENTED_EDGE('',*,*,#5145,.T.);
#2724=ORIENTED_EDGE('',*,*,#5142,.T.);
#2725=ORIENTED_EDGE('',*,*,#4928,.F.);
#2726=ORIENTED_EDGE('',*,*,#5125,.F.);
#2727=ORIENTED_EDGE('',*,*,#5146,.T.);
#2728=ORIENTED_EDGE('',*,*,#5144,.T.);
#2729=ORIENTED_EDGE('',*,*,#5124,.F.);
#2730=ORIENTED_EDGE('',*,*,#5127,.F.);
#2731=ORIENTED_EDGE('',*,*,#5129,.F.);
#2732=ORIENTED_EDGE('',*,*,#5131,.F.);
#2733=ORIENTED_EDGE('',*,*,#5133,.F.);
#2734=ORIENTED_EDGE('',*,*,#5135,.F.);
#2735=ORIENTED_EDGE('',*,*,#5137,.F.);
#2736=ORIENTED_EDGE('',*,*,#5139,.F.);
#2737=ORIENTED_EDGE('',*,*,#5141,.F.);
#2738=ORIENTED_EDGE('',*,*,#5143,.F.);
#2739=ORIENTED_EDGE('',*,*,#5145,.F.);
#2740=ORIENTED_EDGE('',*,*,#5146,.F.);
#2741=ORIENTED_EDGE('',*,*,#4939,.F.);
#2742=ORIENTED_EDGE('',*,*,#5147,.F.);
#2743=ORIENTED_EDGE('',*,*,#5148,.T.);
#2744=ORIENTED_EDGE('',*,*,#5149,.T.);
#2745=ORIENTED_EDGE('',*,*,#4938,.F.);
#2746=ORIENTED_EDGE('',*,*,#5150,.F.);
#2747=ORIENTED_EDGE('',*,*,#5151,.T.);
#2748=ORIENTED_EDGE('',*,*,#5147,.T.);
#2749=ORIENTED_EDGE('',*,*,#4952,.F.);
#2750=ORIENTED_EDGE('',*,*,#5152,.F.);
#2751=ORIENTED_EDGE('',*,*,#5153,.T.);
#2752=ORIENTED_EDGE('',*,*,#5150,.T.);
#2753=ORIENTED_EDGE('',*,*,#4951,.F.);
#2754=ORIENTED_EDGE('',*,*,#5154,.F.);
#2755=ORIENTED_EDGE('',*,*,#5155,.T.);
#2756=ORIENTED_EDGE('',*,*,#5152,.T.);
#2757=ORIENTED_EDGE('',*,*,#4950,.F.);
#2758=ORIENTED_EDGE('',*,*,#5156,.F.);
#2759=ORIENTED_EDGE('',*,*,#5157,.T.);
#2760=ORIENTED_EDGE('',*,*,#5154,.T.);
#2761=ORIENTED_EDGE('',*,*,#4949,.F.);
#2762=ORIENTED_EDGE('',*,*,#5158,.F.);
#2763=ORIENTED_EDGE('',*,*,#5159,.T.);
#2764=ORIENTED_EDGE('',*,*,#5156,.T.);
#2765=ORIENTED_EDGE('',*,*,#4948,.F.);
#2766=ORIENTED_EDGE('',*,*,#5160,.F.);
#2767=ORIENTED_EDGE('',*,*,#5161,.T.);
#2768=ORIENTED_EDGE('',*,*,#5158,.T.);
#2769=ORIENTED_EDGE('',*,*,#4947,.F.);
#2770=ORIENTED_EDGE('',*,*,#5162,.F.);
#2771=ORIENTED_EDGE('',*,*,#5163,.T.);
#2772=ORIENTED_EDGE('',*,*,#5160,.T.);
#2773=ORIENTED_EDGE('',*,*,#4946,.F.);
#2774=ORIENTED_EDGE('',*,*,#5164,.F.);
#2775=ORIENTED_EDGE('',*,*,#5165,.T.);
#2776=ORIENTED_EDGE('',*,*,#5162,.T.);
#2777=ORIENTED_EDGE('',*,*,#4945,.F.);
#2778=ORIENTED_EDGE('',*,*,#5166,.F.);
#2779=ORIENTED_EDGE('',*,*,#5167,.T.);
#2780=ORIENTED_EDGE('',*,*,#5164,.T.);
#2781=ORIENTED_EDGE('',*,*,#4944,.F.);
#2782=ORIENTED_EDGE('',*,*,#5168,.F.);
#2783=ORIENTED_EDGE('',*,*,#5169,.T.);
#2784=ORIENTED_EDGE('',*,*,#5166,.T.);
#2785=ORIENTED_EDGE('',*,*,#4943,.F.);
#2786=ORIENTED_EDGE('',*,*,#5170,.F.);
#2787=ORIENTED_EDGE('',*,*,#5171,.T.);
#2788=ORIENTED_EDGE('',*,*,#5168,.T.);
#2789=ORIENTED_EDGE('',*,*,#4942,.F.);
#2790=ORIENTED_EDGE('',*,*,#5172,.F.);
#2791=ORIENTED_EDGE('',*,*,#5173,.T.);
#2792=ORIENTED_EDGE('',*,*,#5170,.T.);
#2793=ORIENTED_EDGE('',*,*,#4941,.F.);
#2794=ORIENTED_EDGE('',*,*,#5174,.F.);
#2795=ORIENTED_EDGE('',*,*,#5175,.T.);
#2796=ORIENTED_EDGE('',*,*,#5172,.T.);
#2797=ORIENTED_EDGE('',*,*,#4940,.F.);
#2798=ORIENTED_EDGE('',*,*,#5149,.F.);
#2799=ORIENTED_EDGE('',*,*,#5176,.T.);
#2800=ORIENTED_EDGE('',*,*,#5174,.T.);
#2801=ORIENTED_EDGE('',*,*,#5148,.F.);
#2802=ORIENTED_EDGE('',*,*,#5151,.F.);
#2803=ORIENTED_EDGE('',*,*,#5153,.F.);
#2804=ORIENTED_EDGE('',*,*,#5155,.F.);
#2805=ORIENTED_EDGE('',*,*,#5157,.F.);
#2806=ORIENTED_EDGE('',*,*,#5159,.F.);
#2807=ORIENTED_EDGE('',*,*,#5161,.F.);
#2808=ORIENTED_EDGE('',*,*,#5163,.F.);
#2809=ORIENTED_EDGE('',*,*,#5165,.F.);
#2810=ORIENTED_EDGE('',*,*,#5167,.F.);
#2811=ORIENTED_EDGE('',*,*,#5169,.F.);
#2812=ORIENTED_EDGE('',*,*,#5171,.F.);
#2813=ORIENTED_EDGE('',*,*,#5173,.F.);
#2814=ORIENTED_EDGE('',*,*,#5175,.F.);
#2815=ORIENTED_EDGE('',*,*,#5176,.F.);
#2816=ORIENTED_EDGE('',*,*,#4954,.F.);
#2817=ORIENTED_EDGE('',*,*,#5177,.F.);
#2818=ORIENTED_EDGE('',*,*,#5178,.T.);
#2819=ORIENTED_EDGE('',*,*,#5179,.T.);
#2820=ORIENTED_EDGE('',*,*,#4953,.F.);
#2821=ORIENTED_EDGE('',*,*,#5180,.F.);
#2822=ORIENTED_EDGE('',*,*,#5181,.T.);
#2823=ORIENTED_EDGE('',*,*,#5177,.T.);
#2824=ORIENTED_EDGE('',*,*,#4967,.F.);
#2825=ORIENTED_EDGE('',*,*,#5182,.F.);
#2826=ORIENTED_EDGE('',*,*,#5183,.T.);
#2827=ORIENTED_EDGE('',*,*,#5180,.T.);
#2828=ORIENTED_EDGE('',*,*,#4966,.F.);
#2829=ORIENTED_EDGE('',*,*,#5184,.F.);
#2830=ORIENTED_EDGE('',*,*,#5185,.T.);
#2831=ORIENTED_EDGE('',*,*,#5182,.T.);
#2832=ORIENTED_EDGE('',*,*,#4965,.F.);
#2833=ORIENTED_EDGE('',*,*,#5186,.F.);
#2834=ORIENTED_EDGE('',*,*,#5187,.T.);
#2835=ORIENTED_EDGE('',*,*,#5184,.T.);
#2836=ORIENTED_EDGE('',*,*,#4964,.F.);
#2837=ORIENTED_EDGE('',*,*,#5188,.F.);
#2838=ORIENTED_EDGE('',*,*,#5189,.T.);
#2839=ORIENTED_EDGE('',*,*,#5186,.T.);
#2840=ORIENTED_EDGE('',*,*,#4963,.F.);
#2841=ORIENTED_EDGE('',*,*,#5190,.F.);
#2842=ORIENTED_EDGE('',*,*,#5191,.T.);
#2843=ORIENTED_EDGE('',*,*,#5188,.T.);
#2844=ORIENTED_EDGE('',*,*,#4962,.F.);
#2845=ORIENTED_EDGE('',*,*,#5192,.F.);
#2846=ORIENTED_EDGE('',*,*,#5193,.T.);
#2847=ORIENTED_EDGE('',*,*,#5190,.T.);
#2848=ORIENTED_EDGE('',*,*,#4961,.F.);
#2849=ORIENTED_EDGE('',*,*,#5194,.F.);
#2850=ORIENTED_EDGE('',*,*,#5195,.T.);
#2851=ORIENTED_EDGE('',*,*,#5192,.T.);
#2852=ORIENTED_EDGE('',*,*,#4960,.F.);
#2853=ORIENTED_EDGE('',*,*,#5196,.F.);
#2854=ORIENTED_EDGE('',*,*,#5197,.T.);
#2855=ORIENTED_EDGE('',*,*,#5194,.T.);
#2856=ORIENTED_EDGE('',*,*,#4959,.F.);
#2857=ORIENTED_EDGE('',*,*,#5198,.F.);
#2858=ORIENTED_EDGE('',*,*,#5199,.T.);
#2859=ORIENTED_EDGE('',*,*,#5196,.T.);
#2860=ORIENTED_EDGE('',*,*,#4958,.F.);
#2861=ORIENTED_EDGE('',*,*,#5200,.F.);
#2862=ORIENTED_EDGE('',*,*,#5201,.T.);
#2863=ORIENTED_EDGE('',*,*,#5198,.T.);
#2864=ORIENTED_EDGE('',*,*,#4957,.F.);
#2865=ORIENTED_EDGE('',*,*,#5202,.F.);
#2866=ORIENTED_EDGE('',*,*,#5203,.T.);
#2867=ORIENTED_EDGE('',*,*,#5200,.T.);
#2868=ORIENTED_EDGE('',*,*,#4956,.F.);
#2869=ORIENTED_EDGE('',*,*,#5204,.F.);
#2870=ORIENTED_EDGE('',*,*,#5205,.T.);
#2871=ORIENTED_EDGE('',*,*,#5202,.T.);
#2872=ORIENTED_EDGE('',*,*,#4955,.F.);
#2873=ORIENTED_EDGE('',*,*,#5179,.F.);
#2874=ORIENTED_EDGE('',*,*,#5206,.T.);
#2875=ORIENTED_EDGE('',*,*,#5204,.T.);
#2876=ORIENTED_EDGE('',*,*,#5178,.F.);
#2877=ORIENTED_EDGE('',*,*,#5181,.F.);
#2878=ORIENTED_EDGE('',*,*,#5183,.F.);
#2879=ORIENTED_EDGE('',*,*,#5185,.F.);
#2880=ORIENTED_EDGE('',*,*,#5187,.F.);
#2881=ORIENTED_EDGE('',*,*,#5189,.F.);
#2882=ORIENTED_EDGE('',*,*,#5191,.F.);
#2883=ORIENTED_EDGE('',*,*,#5193,.F.);
#2884=ORIENTED_EDGE('',*,*,#5195,.F.);
#2885=ORIENTED_EDGE('',*,*,#5197,.F.);
#2886=ORIENTED_EDGE('',*,*,#5199,.F.);
#2887=ORIENTED_EDGE('',*,*,#5201,.F.);
#2888=ORIENTED_EDGE('',*,*,#5203,.F.);
#2889=ORIENTED_EDGE('',*,*,#5205,.F.);
#2890=ORIENTED_EDGE('',*,*,#5206,.F.);
#2891=ORIENTED_EDGE('',*,*,#5207,.F.);
#2892=ORIENTED_EDGE('',*,*,#5208,.F.);
#2893=ORIENTED_EDGE('',*,*,#5209,.T.);
#2894=ORIENTED_EDGE('',*,*,#5210,.T.);
#2895=ORIENTED_EDGE('',*,*,#5211,.F.);
#2896=ORIENTED_EDGE('',*,*,#5212,.F.);
#2897=ORIENTED_EDGE('',*,*,#5213,.T.);
#2898=ORIENTED_EDGE('',*,*,#5208,.T.);
#2899=ORIENTED_EDGE('',*,*,#5214,.F.);
#2900=ORIENTED_EDGE('',*,*,#5215,.F.);
#2901=ORIENTED_EDGE('',*,*,#5216,.T.);
#2902=ORIENTED_EDGE('',*,*,#5212,.T.);
#2903=ORIENTED_EDGE('',*,*,#5217,.F.);
#2904=ORIENTED_EDGE('',*,*,#5218,.F.);
#2905=ORIENTED_EDGE('',*,*,#5219,.T.);
#2906=ORIENTED_EDGE('',*,*,#5215,.T.);
#2907=ORIENTED_EDGE('',*,*,#4903,.F.);
#2908=ORIENTED_EDGE('',*,*,#5220,.F.);
#2909=ORIENTED_EDGE('',*,*,#5221,.T.);
#2910=ORIENTED_EDGE('',*,*,#5222,.T.);
#2911=ORIENTED_EDGE('',*,*,#4902,.F.);
#2912=ORIENTED_EDGE('',*,*,#5223,.F.);
#2913=ORIENTED_EDGE('',*,*,#5224,.T.);
#2914=ORIENTED_EDGE('',*,*,#5220,.T.);
#2915=ORIENTED_EDGE('',*,*,#4909,.F.);
#2916=ORIENTED_EDGE('',*,*,#5225,.F.);
#2917=ORIENTED_EDGE('',*,*,#5226,.T.);
#2918=ORIENTED_EDGE('',*,*,#5223,.T.);
#2919=ORIENTED_EDGE('',*,*,#4908,.F.);
#2920=ORIENTED_EDGE('',*,*,#5227,.F.);
#2921=ORIENTED_EDGE('',*,*,#5228,.T.);
#2922=ORIENTED_EDGE('',*,*,#5225,.T.);
#2923=ORIENTED_EDGE('',*,*,#4907,.F.);
#2924=ORIENTED_EDGE('',*,*,#5229,.F.);
#2925=ORIENTED_EDGE('',*,*,#5230,.T.);
#2926=ORIENTED_EDGE('',*,*,#5227,.T.);
#2927=ORIENTED_EDGE('',*,*,#4906,.F.);
#2928=ORIENTED_EDGE('',*,*,#5231,.F.);
#2929=ORIENTED_EDGE('',*,*,#5232,.T.);
#2930=ORIENTED_EDGE('',*,*,#5229,.T.);
#2931=ORIENTED_EDGE('',*,*,#4905,.F.);
#2932=ORIENTED_EDGE('',*,*,#5233,.F.);
#2933=ORIENTED_EDGE('',*,*,#5234,.T.);
#2934=ORIENTED_EDGE('',*,*,#5231,.T.);
#2935=ORIENTED_EDGE('',*,*,#4904,.F.);
#2936=ORIENTED_EDGE('',*,*,#5222,.F.);
#2937=ORIENTED_EDGE('',*,*,#5235,.T.);
#2938=ORIENTED_EDGE('',*,*,#5233,.T.);
#2939=ORIENTED_EDGE('',*,*,#5236,.F.);
#2940=ORIENTED_EDGE('',*,*,#5210,.F.);
#2941=ORIENTED_EDGE('',*,*,#5237,.T.);
#2942=ORIENTED_EDGE('',*,*,#5218,.T.);
#2943=ORIENTED_EDGE('',*,*,#5221,.F.);
#2944=ORIENTED_EDGE('',*,*,#5224,.F.);
#2945=ORIENTED_EDGE('',*,*,#5226,.F.);
#2946=ORIENTED_EDGE('',*,*,#5228,.F.);
#2947=ORIENTED_EDGE('',*,*,#5230,.F.);
#2948=ORIENTED_EDGE('',*,*,#5232,.F.);
#2949=ORIENTED_EDGE('',*,*,#5234,.F.);
#2950=ORIENTED_EDGE('',*,*,#5235,.F.);
#2951=ORIENTED_EDGE('',*,*,#5209,.F.);
#2952=ORIENTED_EDGE('',*,*,#5213,.F.);
#2953=ORIENTED_EDGE('',*,*,#5216,.F.);
#2954=ORIENTED_EDGE('',*,*,#5219,.F.);
#2955=ORIENTED_EDGE('',*,*,#5237,.F.);
#2956=ORIENTED_EDGE('',*,*,#5238,.F.);
#2957=ORIENTED_EDGE('',*,*,#5239,.F.);
#2958=ORIENTED_EDGE('',*,*,#5240,.T.);
#2959=ORIENTED_EDGE('',*,*,#5241,.T.);
#2960=ORIENTED_EDGE('',*,*,#5242,.F.);
#2961=ORIENTED_EDGE('',*,*,#5243,.F.);
#2962=ORIENTED_EDGE('',*,*,#5244,.T.);
#2963=ORIENTED_EDGE('',*,*,#5239,.T.);
#2964=ORIENTED_EDGE('',*,*,#5245,.F.);
#2965=ORIENTED_EDGE('',*,*,#5246,.F.);
#2966=ORIENTED_EDGE('',*,*,#5247,.T.);
#2967=ORIENTED_EDGE('',*,*,#5243,.T.);
#2968=ORIENTED_EDGE('',*,*,#5248,.F.);
#2969=ORIENTED_EDGE('',*,*,#5249,.F.);
#2970=ORIENTED_EDGE('',*,*,#5250,.T.);
#2971=ORIENTED_EDGE('',*,*,#5246,.T.);
#2972=ORIENTED_EDGE('',*,*,#5251,.F.);
#2973=ORIENTED_EDGE('',*,*,#5252,.F.);
#2974=ORIENTED_EDGE('',*,*,#5253,.T.);
#2975=ORIENTED_EDGE('',*,*,#5249,.T.);
#2976=ORIENTED_EDGE('',*,*,#5254,.F.);
#2977=ORIENTED_EDGE('',*,*,#5255,.F.);
#2978=ORIENTED_EDGE('',*,*,#5256,.T.);
#2979=ORIENTED_EDGE('',*,*,#5252,.T.);
#2980=ORIENTED_EDGE('',*,*,#4969,.F.);
#2981=ORIENTED_EDGE('',*,*,#5257,.F.);
#2982=ORIENTED_EDGE('',*,*,#5258,.T.);
#2983=ORIENTED_EDGE('',*,*,#5259,.T.);
#2984=ORIENTED_EDGE('',*,*,#4968,.F.);
#2985=ORIENTED_EDGE('',*,*,#5260,.F.);
#2986=ORIENTED_EDGE('',*,*,#5261,.T.);
#2987=ORIENTED_EDGE('',*,*,#5257,.T.);
#2988=ORIENTED_EDGE('',*,*,#4978,.F.);
#2989=ORIENTED_EDGE('',*,*,#5262,.F.);
#2990=ORIENTED_EDGE('',*,*,#5263,.T.);
#2991=ORIENTED_EDGE('',*,*,#5260,.T.);
#2992=ORIENTED_EDGE('',*,*,#4977,.F.);
#2993=ORIENTED_EDGE('',*,*,#5264,.F.);
#2994=ORIENTED_EDGE('',*,*,#5265,.T.);
#2995=ORIENTED_EDGE('',*,*,#5262,.T.);
#2996=ORIENTED_EDGE('',*,*,#4976,.F.);
#2997=ORIENTED_EDGE('',*,*,#5266,.F.);
#2998=ORIENTED_EDGE('',*,*,#5267,.T.);
#2999=ORIENTED_EDGE('',*,*,#5264,.T.);
#3000=ORIENTED_EDGE('',*,*,#4975,.F.);
#3001=ORIENTED_EDGE('',*,*,#5268,.F.);
#3002=ORIENTED_EDGE('',*,*,#5269,.T.);
#3003=ORIENTED_EDGE('',*,*,#5266,.T.);
#3004=ORIENTED_EDGE('',*,*,#4974,.F.);
#3005=ORIENTED_EDGE('',*,*,#5270,.F.);
#3006=ORIENTED_EDGE('',*,*,#5271,.T.);
#3007=ORIENTED_EDGE('',*,*,#5268,.T.);
#3008=ORIENTED_EDGE('',*,*,#4973,.F.);
#3009=ORIENTED_EDGE('',*,*,#5272,.F.);
#3010=ORIENTED_EDGE('',*,*,#5273,.T.);
#3011=ORIENTED_EDGE('',*,*,#5270,.T.);
#3012=ORIENTED_EDGE('',*,*,#4972,.F.);
#3013=ORIENTED_EDGE('',*,*,#5274,.F.);
#3014=ORIENTED_EDGE('',*,*,#5275,.T.);
#3015=ORIENTED_EDGE('',*,*,#5272,.T.);
#3016=ORIENTED_EDGE('',*,*,#4971,.F.);
#3017=ORIENTED_EDGE('',*,*,#5276,.F.);
#3018=ORIENTED_EDGE('',*,*,#5277,.T.);
#3019=ORIENTED_EDGE('',*,*,#5274,.T.);
#3020=ORIENTED_EDGE('',*,*,#4970,.F.);
#3021=ORIENTED_EDGE('',*,*,#5259,.F.);
#3022=ORIENTED_EDGE('',*,*,#5278,.T.);
#3023=ORIENTED_EDGE('',*,*,#5276,.T.);
#3024=ORIENTED_EDGE('',*,*,#5279,.F.);
#3025=ORIENTED_EDGE('',*,*,#5241,.F.);
#3026=ORIENTED_EDGE('',*,*,#5280,.T.);
#3027=ORIENTED_EDGE('',*,*,#5255,.T.);
#3028=ORIENTED_EDGE('',*,*,#5258,.F.);
#3029=ORIENTED_EDGE('',*,*,#5261,.F.);
#3030=ORIENTED_EDGE('',*,*,#5263,.F.);
#3031=ORIENTED_EDGE('',*,*,#5265,.F.);
#3032=ORIENTED_EDGE('',*,*,#5267,.F.);
#3033=ORIENTED_EDGE('',*,*,#5269,.F.);
#3034=ORIENTED_EDGE('',*,*,#5271,.F.);
#3035=ORIENTED_EDGE('',*,*,#5273,.F.);
#3036=ORIENTED_EDGE('',*,*,#5275,.F.);
#3037=ORIENTED_EDGE('',*,*,#5277,.F.);
#3038=ORIENTED_EDGE('',*,*,#5278,.F.);
#3039=ORIENTED_EDGE('',*,*,#5240,.F.);
#3040=ORIENTED_EDGE('',*,*,#5244,.F.);
#3041=ORIENTED_EDGE('',*,*,#5247,.F.);
#3042=ORIENTED_EDGE('',*,*,#5250,.F.);
#3043=ORIENTED_EDGE('',*,*,#5253,.F.);
#3044=ORIENTED_EDGE('',*,*,#5256,.F.);
#3045=ORIENTED_EDGE('',*,*,#5280,.F.);
#3046=ORIENTED_EDGE('',*,*,#4980,.F.);
#3047=ORIENTED_EDGE('',*,*,#5281,.F.);
#3048=ORIENTED_EDGE('',*,*,#5282,.T.);
#3049=ORIENTED_EDGE('',*,*,#5283,.T.);
#3050=ORIENTED_EDGE('',*,*,#4979,.F.);
#3051=ORIENTED_EDGE('',*,*,#5284,.F.);
#3052=ORIENTED_EDGE('',*,*,#5285,.T.);
#3053=ORIENTED_EDGE('',*,*,#5281,.T.);
#3054=ORIENTED_EDGE('',*,*,#5003,.F.);
#3055=ORIENTED_EDGE('',*,*,#5286,.F.);
#3056=ORIENTED_EDGE('',*,*,#5287,.T.);
#3057=ORIENTED_EDGE('',*,*,#5284,.T.);
#3058=ORIENTED_EDGE('',*,*,#5002,.F.);
#3059=ORIENTED_EDGE('',*,*,#5288,.F.);
#3060=ORIENTED_EDGE('',*,*,#5289,.T.);
#3061=ORIENTED_EDGE('',*,*,#5286,.T.);
#3062=ORIENTED_EDGE('',*,*,#5001,.F.);
#3063=ORIENTED_EDGE('',*,*,#5290,.F.);
#3064=ORIENTED_EDGE('',*,*,#5291,.T.);
#3065=ORIENTED_EDGE('',*,*,#5288,.T.);
#3066=ORIENTED_EDGE('',*,*,#5000,.F.);
#3067=ORIENTED_EDGE('',*,*,#5292,.F.);
#3068=ORIENTED_EDGE('',*,*,#5293,.T.);
#3069=ORIENTED_EDGE('',*,*,#5290,.T.);
#3070=ORIENTED_EDGE('',*,*,#4999,.F.);
#3071=ORIENTED_EDGE('',*,*,#5294,.F.);
#3072=ORIENTED_EDGE('',*,*,#5295,.T.);
#3073=ORIENTED_EDGE('',*,*,#5292,.T.);
#3074=ORIENTED_EDGE('',*,*,#4998,.F.);
#3075=ORIENTED_EDGE('',*,*,#5296,.F.);
#3076=ORIENTED_EDGE('',*,*,#5297,.T.);
#3077=ORIENTED_EDGE('',*,*,#5294,.T.);
#3078=ORIENTED_EDGE('',*,*,#4997,.F.);
#3079=ORIENTED_EDGE('',*,*,#5298,.F.);
#3080=ORIENTED_EDGE('',*,*,#5299,.T.);
#3081=ORIENTED_EDGE('',*,*,#5296,.T.);
#3082=ORIENTED_EDGE('',*,*,#4996,.F.);
#3083=ORIENTED_EDGE('',*,*,#5300,.F.);
#3084=ORIENTED_EDGE('',*,*,#5301,.T.);
#3085=ORIENTED_EDGE('',*,*,#5298,.T.);
#3086=ORIENTED_EDGE('',*,*,#4995,.F.);
#3087=ORIENTED_EDGE('',*,*,#5302,.F.);
#3088=ORIENTED_EDGE('',*,*,#5303,.T.);
#3089=ORIENTED_EDGE('',*,*,#5300,.T.);
#3090=ORIENTED_EDGE('',*,*,#4994,.F.);
#3091=ORIENTED_EDGE('',*,*,#5304,.F.);
#3092=ORIENTED_EDGE('',*,*,#5305,.T.);
#3093=ORIENTED_EDGE('',*,*,#5302,.T.);
#3094=ORIENTED_EDGE('',*,*,#4993,.F.);
#3095=ORIENTED_EDGE('',*,*,#5306,.F.);
#3096=ORIENTED_EDGE('',*,*,#5307,.T.);
#3097=ORIENTED_EDGE('',*,*,#5304,.T.);
#3098=ORIENTED_EDGE('',*,*,#4992,.F.);
#3099=ORIENTED_EDGE('',*,*,#5308,.F.);
#3100=ORIENTED_EDGE('',*,*,#5309,.T.);
#3101=ORIENTED_EDGE('',*,*,#5306,.T.);
#3102=ORIENTED_EDGE('',*,*,#4991,.F.);
#3103=ORIENTED_EDGE('',*,*,#5310,.F.);
#3104=ORIENTED_EDGE('',*,*,#5311,.T.);
#3105=ORIENTED_EDGE('',*,*,#5308,.T.);
#3106=ORIENTED_EDGE('',*,*,#4990,.F.);
#3107=ORIENTED_EDGE('',*,*,#5312,.F.);
#3108=ORIENTED_EDGE('',*,*,#5313,.T.);
#3109=ORIENTED_EDGE('',*,*,#5310,.T.);
#3110=ORIENTED_EDGE('',*,*,#4989,.F.);
#3111=ORIENTED_EDGE('',*,*,#5314,.F.);
#3112=ORIENTED_EDGE('',*,*,#5315,.T.);
#3113=ORIENTED_EDGE('',*,*,#5312,.T.);
#3114=ORIENTED_EDGE('',*,*,#4988,.F.);
#3115=ORIENTED_EDGE('',*,*,#5316,.F.);
#3116=ORIENTED_EDGE('',*,*,#5317,.T.);
#3117=ORIENTED_EDGE('',*,*,#5314,.T.);
#3118=ORIENTED_EDGE('',*,*,#4987,.F.);
#3119=ORIENTED_EDGE('',*,*,#5318,.F.);
#3120=ORIENTED_EDGE('',*,*,#5319,.T.);
#3121=ORIENTED_EDGE('',*,*,#5316,.T.);
#3122=ORIENTED_EDGE('',*,*,#4986,.F.);
#3123=ORIENTED_EDGE('',*,*,#5320,.F.);
#3124=ORIENTED_EDGE('',*,*,#5321,.T.);
#3125=ORIENTED_EDGE('',*,*,#5318,.T.);
#3126=ORIENTED_EDGE('',*,*,#4985,.F.);
#3127=ORIENTED_EDGE('',*,*,#5322,.F.);
#3128=ORIENTED_EDGE('',*,*,#5323,.T.);
#3129=ORIENTED_EDGE('',*,*,#5320,.T.);
#3130=ORIENTED_EDGE('',*,*,#4984,.F.);
#3131=ORIENTED_EDGE('',*,*,#5324,.F.);
#3132=ORIENTED_EDGE('',*,*,#5325,.T.);
#3133=ORIENTED_EDGE('',*,*,#5322,.T.);
#3134=ORIENTED_EDGE('',*,*,#4983,.F.);
#3135=ORIENTED_EDGE('',*,*,#5326,.F.);
#3136=ORIENTED_EDGE('',*,*,#5327,.T.);
#3137=ORIENTED_EDGE('',*,*,#5324,.T.);
#3138=ORIENTED_EDGE('',*,*,#4982,.F.);
#3139=ORIENTED_EDGE('',*,*,#5328,.F.);
#3140=ORIENTED_EDGE('',*,*,#5329,.T.);
#3141=ORIENTED_EDGE('',*,*,#5326,.T.);
#3142=ORIENTED_EDGE('',*,*,#4981,.F.);
#3143=ORIENTED_EDGE('',*,*,#5283,.F.);
#3144=ORIENTED_EDGE('',*,*,#5330,.T.);
#3145=ORIENTED_EDGE('',*,*,#5328,.T.);
#3146=ORIENTED_EDGE('',*,*,#5282,.F.);
#3147=ORIENTED_EDGE('',*,*,#5285,.F.);
#3148=ORIENTED_EDGE('',*,*,#5287,.F.);
#3149=ORIENTED_EDGE('',*,*,#5289,.F.);
#3150=ORIENTED_EDGE('',*,*,#5291,.F.);
#3151=ORIENTED_EDGE('',*,*,#5293,.F.);
#3152=ORIENTED_EDGE('',*,*,#5295,.F.);
#3153=ORIENTED_EDGE('',*,*,#5297,.F.);
#3154=ORIENTED_EDGE('',*,*,#5299,.F.);
#3155=ORIENTED_EDGE('',*,*,#5301,.F.);
#3156=ORIENTED_EDGE('',*,*,#5303,.F.);
#3157=ORIENTED_EDGE('',*,*,#5305,.F.);
#3158=ORIENTED_EDGE('',*,*,#5307,.F.);
#3159=ORIENTED_EDGE('',*,*,#5309,.F.);
#3160=ORIENTED_EDGE('',*,*,#5311,.F.);
#3161=ORIENTED_EDGE('',*,*,#5313,.F.);
#3162=ORIENTED_EDGE('',*,*,#5315,.F.);
#3163=ORIENTED_EDGE('',*,*,#5317,.F.);
#3164=ORIENTED_EDGE('',*,*,#5319,.F.);
#3165=ORIENTED_EDGE('',*,*,#5321,.F.);
#3166=ORIENTED_EDGE('',*,*,#5323,.F.);
#3167=ORIENTED_EDGE('',*,*,#5325,.F.);
#3168=ORIENTED_EDGE('',*,*,#5327,.F.);
#3169=ORIENTED_EDGE('',*,*,#5329,.F.);
#3170=ORIENTED_EDGE('',*,*,#5330,.F.);
#3171=ORIENTED_EDGE('',*,*,#5090,.T.);
#3172=ORIENTED_EDGE('',*,*,#5086,.T.);
#3173=ORIENTED_EDGE('',*,*,#5121,.T.);
#3174=ORIENTED_EDGE('',*,*,#5102,.T.);
#3175=ORIENTED_EDGE('',*,*,#5099,.T.);
#3176=ORIENTED_EDGE('',*,*,#5096,.T.);
#3177=ORIENTED_EDGE('',*,*,#5093,.T.);
#3178=ORIENTED_EDGE('',*,*,#5211,.T.);
#3179=ORIENTED_EDGE('',*,*,#5207,.T.);
#3180=ORIENTED_EDGE('',*,*,#5236,.T.);
#3181=ORIENTED_EDGE('',*,*,#5217,.T.);
#3182=ORIENTED_EDGE('',*,*,#5214,.T.);
#3183=ORIENTED_EDGE('',*,*,#5242,.T.);
#3184=ORIENTED_EDGE('',*,*,#5238,.T.);
#3185=ORIENTED_EDGE('',*,*,#5279,.T.);
#3186=ORIENTED_EDGE('',*,*,#5254,.T.);
#3187=ORIENTED_EDGE('',*,*,#5251,.T.);
#3188=ORIENTED_EDGE('',*,*,#5248,.T.);
#3189=ORIENTED_EDGE('',*,*,#5245,.T.);
#3190=ORIENTED_EDGE('',*,*,#4775,.F.);
#3191=ORIENTED_EDGE('',*,*,#5331,.F.);
#3192=ORIENTED_EDGE('',*,*,#5332,.T.);
#3193=ORIENTED_EDGE('',*,*,#5333,.T.);
#3194=ORIENTED_EDGE('',*,*,#4774,.F.);
#3195=ORIENTED_EDGE('',*,*,#5334,.F.);
#3196=ORIENTED_EDGE('',*,*,#5335,.T.);
#3197=ORIENTED_EDGE('',*,*,#5331,.T.);
#3198=ORIENTED_EDGE('',*,*,#4818,.F.);
#3199=ORIENTED_EDGE('',*,*,#5336,.F.);
#3200=ORIENTED_EDGE('',*,*,#5337,.T.);
#3201=ORIENTED_EDGE('',*,*,#5334,.T.);
#3202=ORIENTED_EDGE('',*,*,#4817,.F.);
#3203=ORIENTED_EDGE('',*,*,#5338,.F.);
#3204=ORIENTED_EDGE('',*,*,#5339,.T.);
#3205=ORIENTED_EDGE('',*,*,#5336,.T.);
#3206=ORIENTED_EDGE('',*,*,#4816,.F.);
#3207=ORIENTED_EDGE('',*,*,#5340,.F.);
#3208=ORIENTED_EDGE('',*,*,#5341,.T.);
#3209=ORIENTED_EDGE('',*,*,#5338,.T.);
#3210=ORIENTED_EDGE('',*,*,#4815,.F.);
#3211=ORIENTED_EDGE('',*,*,#5342,.F.);
#3212=ORIENTED_EDGE('',*,*,#5343,.T.);
#3213=ORIENTED_EDGE('',*,*,#5340,.T.);
#3214=ORIENTED_EDGE('',*,*,#4814,.F.);
#3215=ORIENTED_EDGE('',*,*,#5344,.F.);
#3216=ORIENTED_EDGE('',*,*,#5345,.T.);
#3217=ORIENTED_EDGE('',*,*,#5342,.T.);
#3218=ORIENTED_EDGE('',*,*,#4813,.F.);
#3219=ORIENTED_EDGE('',*,*,#5346,.F.);
#3220=ORIENTED_EDGE('',*,*,#5347,.T.);
#3221=ORIENTED_EDGE('',*,*,#5344,.T.);
#3222=ORIENTED_EDGE('',*,*,#4812,.F.);
#3223=ORIENTED_EDGE('',*,*,#5348,.F.);
#3224=ORIENTED_EDGE('',*,*,#5349,.T.);
#3225=ORIENTED_EDGE('',*,*,#5346,.T.);
#3226=ORIENTED_EDGE('',*,*,#4811,.F.);
#3227=ORIENTED_EDGE('',*,*,#5350,.F.);
#3228=ORIENTED_EDGE('',*,*,#5351,.T.);
#3229=ORIENTED_EDGE('',*,*,#5348,.T.);
#3230=ORIENTED_EDGE('',*,*,#4810,.F.);
#3231=ORIENTED_EDGE('',*,*,#5352,.F.);
#3232=ORIENTED_EDGE('',*,*,#5353,.T.);
#3233=ORIENTED_EDGE('',*,*,#5350,.T.);
#3234=ORIENTED_EDGE('',*,*,#4809,.F.);
#3235=ORIENTED_EDGE('',*,*,#5354,.F.);
#3236=ORIENTED_EDGE('',*,*,#5355,.T.);
#3237=ORIENTED_EDGE('',*,*,#5352,.T.);
#3238=ORIENTED_EDGE('',*,*,#4808,.F.);
#3239=ORIENTED_EDGE('',*,*,#5356,.F.);
#3240=ORIENTED_EDGE('',*,*,#5357,.T.);
#3241=ORIENTED_EDGE('',*,*,#5354,.T.);
#3242=ORIENTED_EDGE('',*,*,#4807,.F.);
#3243=ORIENTED_EDGE('',*,*,#5358,.F.);
#3244=ORIENTED_EDGE('',*,*,#5359,.T.);
#3245=ORIENTED_EDGE('',*,*,#5356,.T.);
#3246=ORIENTED_EDGE('',*,*,#4806,.F.);
#3247=ORIENTED_EDGE('',*,*,#5360,.F.);
#3248=ORIENTED_EDGE('',*,*,#5361,.T.);
#3249=ORIENTED_EDGE('',*,*,#5358,.T.);
#3250=ORIENTED_EDGE('',*,*,#4805,.F.);
#3251=ORIENTED_EDGE('',*,*,#5362,.F.);
#3252=ORIENTED_EDGE('',*,*,#5363,.T.);
#3253=ORIENTED_EDGE('',*,*,#5360,.T.);
#3254=ORIENTED_EDGE('',*,*,#4804,.F.);
#3255=ORIENTED_EDGE('',*,*,#5364,.F.);
#3256=ORIENTED_EDGE('',*,*,#5365,.T.);
#3257=ORIENTED_EDGE('',*,*,#5362,.T.);
#3258=ORIENTED_EDGE('',*,*,#4803,.F.);
#3259=ORIENTED_EDGE('',*,*,#5366,.F.);
#3260=ORIENTED_EDGE('',*,*,#5367,.T.);
#3261=ORIENTED_EDGE('',*,*,#5364,.T.);
#3262=ORIENTED_EDGE('',*,*,#4802,.F.);
#3263=ORIENTED_EDGE('',*,*,#5368,.F.);
#3264=ORIENTED_EDGE('',*,*,#5369,.T.);
#3265=ORIENTED_EDGE('',*,*,#5366,.T.);
#3266=ORIENTED_EDGE('',*,*,#4801,.F.);
#3267=ORIENTED_EDGE('',*,*,#5370,.F.);
#3268=ORIENTED_EDGE('',*,*,#5371,.T.);
#3269=ORIENTED_EDGE('',*,*,#5368,.T.);
#3270=ORIENTED_EDGE('',*,*,#4800,.F.);
#3271=ORIENTED_EDGE('',*,*,#5372,.F.);
#3272=ORIENTED_EDGE('',*,*,#5373,.T.);
#3273=ORIENTED_EDGE('',*,*,#5370,.T.);
#3274=ORIENTED_EDGE('',*,*,#4799,.F.);
#3275=ORIENTED_EDGE('',*,*,#5374,.F.);
#3276=ORIENTED_EDGE('',*,*,#5375,.T.);
#3277=ORIENTED_EDGE('',*,*,#5372,.T.);
#3278=ORIENTED_EDGE('',*,*,#4798,.F.);
#3279=ORIENTED_EDGE('',*,*,#5376,.F.);
#3280=ORIENTED_EDGE('',*,*,#5377,.T.);
#3281=ORIENTED_EDGE('',*,*,#5374,.T.);
#3282=ORIENTED_EDGE('',*,*,#4797,.F.);
#3283=ORIENTED_EDGE('',*,*,#5378,.F.);
#3284=ORIENTED_EDGE('',*,*,#5379,.T.);
#3285=ORIENTED_EDGE('',*,*,#5376,.T.);
#3286=ORIENTED_EDGE('',*,*,#4796,.F.);
#3287=ORIENTED_EDGE('',*,*,#5380,.F.);
#3288=ORIENTED_EDGE('',*,*,#5381,.T.);
#3289=ORIENTED_EDGE('',*,*,#5378,.T.);
#3290=ORIENTED_EDGE('',*,*,#4795,.F.);
#3291=ORIENTED_EDGE('',*,*,#5382,.F.);
#3292=ORIENTED_EDGE('',*,*,#5383,.T.);
#3293=ORIENTED_EDGE('',*,*,#5380,.T.);
#3294=ORIENTED_EDGE('',*,*,#4794,.F.);
#3295=ORIENTED_EDGE('',*,*,#5384,.F.);
#3296=ORIENTED_EDGE('',*,*,#5385,.T.);
#3297=ORIENTED_EDGE('',*,*,#5382,.T.);
#3298=ORIENTED_EDGE('',*,*,#4793,.F.);
#3299=ORIENTED_EDGE('',*,*,#5386,.F.);
#3300=ORIENTED_EDGE('',*,*,#5387,.T.);
#3301=ORIENTED_EDGE('',*,*,#5384,.T.);
#3302=ORIENTED_EDGE('',*,*,#4792,.F.);
#3303=ORIENTED_EDGE('',*,*,#5388,.F.);
#3304=ORIENTED_EDGE('',*,*,#5389,.T.);
#3305=ORIENTED_EDGE('',*,*,#5386,.T.);
#3306=ORIENTED_EDGE('',*,*,#4791,.F.);
#3307=ORIENTED_EDGE('',*,*,#5390,.F.);
#3308=ORIENTED_EDGE('',*,*,#5391,.T.);
#3309=ORIENTED_EDGE('',*,*,#5388,.T.);
#3310=ORIENTED_EDGE('',*,*,#4790,.F.);
#3311=ORIENTED_EDGE('',*,*,#5392,.F.);
#3312=ORIENTED_EDGE('',*,*,#5393,.T.);
#3313=ORIENTED_EDGE('',*,*,#5390,.T.);
#3314=ORIENTED_EDGE('',*,*,#4789,.F.);
#3315=ORIENTED_EDGE('',*,*,#5394,.F.);
#3316=ORIENTED_EDGE('',*,*,#5395,.T.);
#3317=ORIENTED_EDGE('',*,*,#5392,.T.);
#3318=ORIENTED_EDGE('',*,*,#4788,.F.);
#3319=ORIENTED_EDGE('',*,*,#5396,.F.);
#3320=ORIENTED_EDGE('',*,*,#5397,.T.);
#3321=ORIENTED_EDGE('',*,*,#5394,.T.);
#3322=ORIENTED_EDGE('',*,*,#4787,.F.);
#3323=ORIENTED_EDGE('',*,*,#5398,.F.);
#3324=ORIENTED_EDGE('',*,*,#5399,.T.);
#3325=ORIENTED_EDGE('',*,*,#5396,.T.);
#3326=ORIENTED_EDGE('',*,*,#4786,.F.);
#3327=ORIENTED_EDGE('',*,*,#5400,.F.);
#3328=ORIENTED_EDGE('',*,*,#5401,.T.);
#3329=ORIENTED_EDGE('',*,*,#5398,.T.);
#3330=ORIENTED_EDGE('',*,*,#4785,.F.);
#3331=ORIENTED_EDGE('',*,*,#5402,.F.);
#3332=ORIENTED_EDGE('',*,*,#5403,.T.);
#3333=ORIENTED_EDGE('',*,*,#5400,.T.);
#3334=ORIENTED_EDGE('',*,*,#4784,.F.);
#3335=ORIENTED_EDGE('',*,*,#5404,.F.);
#3336=ORIENTED_EDGE('',*,*,#5405,.T.);
#3337=ORIENTED_EDGE('',*,*,#5402,.T.);
#3338=ORIENTED_EDGE('',*,*,#4783,.F.);
#3339=ORIENTED_EDGE('',*,*,#5406,.F.);
#3340=ORIENTED_EDGE('',*,*,#5407,.T.);
#3341=ORIENTED_EDGE('',*,*,#5404,.T.);
#3342=ORIENTED_EDGE('',*,*,#4782,.F.);
#3343=ORIENTED_EDGE('',*,*,#5408,.F.);
#3344=ORIENTED_EDGE('',*,*,#5409,.T.);
#3345=ORIENTED_EDGE('',*,*,#5406,.T.);
#3346=ORIENTED_EDGE('',*,*,#4781,.F.);
#3347=ORIENTED_EDGE('',*,*,#5410,.F.);
#3348=ORIENTED_EDGE('',*,*,#5411,.T.);
#3349=ORIENTED_EDGE('',*,*,#5408,.T.);
#3350=ORIENTED_EDGE('',*,*,#4780,.F.);
#3351=ORIENTED_EDGE('',*,*,#5412,.F.);
#3352=ORIENTED_EDGE('',*,*,#5413,.T.);
#3353=ORIENTED_EDGE('',*,*,#5410,.T.);
#3354=ORIENTED_EDGE('',*,*,#4779,.F.);
#3355=ORIENTED_EDGE('',*,*,#5414,.F.);
#3356=ORIENTED_EDGE('',*,*,#5415,.T.);
#3357=ORIENTED_EDGE('',*,*,#5412,.T.);
#3358=ORIENTED_EDGE('',*,*,#4778,.F.);
#3359=ORIENTED_EDGE('',*,*,#5416,.F.);
#3360=ORIENTED_EDGE('',*,*,#5417,.T.);
#3361=ORIENTED_EDGE('',*,*,#5414,.T.);
#3362=ORIENTED_EDGE('',*,*,#4777,.F.);
#3363=ORIENTED_EDGE('',*,*,#5418,.F.);
#3364=ORIENTED_EDGE('',*,*,#5419,.T.);
#3365=ORIENTED_EDGE('',*,*,#5416,.T.);
#3366=ORIENTED_EDGE('',*,*,#4776,.F.);
#3367=ORIENTED_EDGE('',*,*,#5333,.F.);
#3368=ORIENTED_EDGE('',*,*,#5420,.T.);
#3369=ORIENTED_EDGE('',*,*,#5418,.T.);
#3370=ORIENTED_EDGE('',*,*,#5332,.F.);
#3371=ORIENTED_EDGE('',*,*,#5335,.F.);
#3372=ORIENTED_EDGE('',*,*,#5337,.F.);
#3373=ORIENTED_EDGE('',*,*,#5339,.F.);
#3374=ORIENTED_EDGE('',*,*,#5341,.F.);
#3375=ORIENTED_EDGE('',*,*,#5343,.F.);
#3376=ORIENTED_EDGE('',*,*,#5345,.F.);
#3377=ORIENTED_EDGE('',*,*,#5347,.F.);
#3378=ORIENTED_EDGE('',*,*,#5349,.F.);
#3379=ORIENTED_EDGE('',*,*,#5351,.F.);
#3380=ORIENTED_EDGE('',*,*,#5353,.F.);
#3381=ORIENTED_EDGE('',*,*,#5355,.F.);
#3382=ORIENTED_EDGE('',*,*,#5357,.F.);
#3383=ORIENTED_EDGE('',*,*,#5359,.F.);
#3384=ORIENTED_EDGE('',*,*,#5361,.F.);
#3385=ORIENTED_EDGE('',*,*,#5363,.F.);
#3386=ORIENTED_EDGE('',*,*,#5365,.F.);
#3387=ORIENTED_EDGE('',*,*,#5367,.F.);
#3388=ORIENTED_EDGE('',*,*,#5369,.F.);
#3389=ORIENTED_EDGE('',*,*,#5371,.F.);
#3390=ORIENTED_EDGE('',*,*,#5373,.F.);
#3391=ORIENTED_EDGE('',*,*,#5375,.F.);
#3392=ORIENTED_EDGE('',*,*,#5377,.F.);
#3393=ORIENTED_EDGE('',*,*,#5379,.F.);
#3394=ORIENTED_EDGE('',*,*,#5381,.F.);
#3395=ORIENTED_EDGE('',*,*,#5383,.F.);
#3396=ORIENTED_EDGE('',*,*,#5385,.F.);
#3397=ORIENTED_EDGE('',*,*,#5387,.F.);
#3398=ORIENTED_EDGE('',*,*,#5389,.F.);
#3399=ORIENTED_EDGE('',*,*,#5391,.F.);
#3400=ORIENTED_EDGE('',*,*,#5393,.F.);
#3401=ORIENTED_EDGE('',*,*,#5395,.F.);
#3402=ORIENTED_EDGE('',*,*,#5397,.F.);
#3403=ORIENTED_EDGE('',*,*,#5399,.F.);
#3404=ORIENTED_EDGE('',*,*,#5401,.F.);
#3405=ORIENTED_EDGE('',*,*,#5403,.F.);
#3406=ORIENTED_EDGE('',*,*,#5405,.F.);
#3407=ORIENTED_EDGE('',*,*,#5407,.F.);
#3408=ORIENTED_EDGE('',*,*,#5409,.F.);
#3409=ORIENTED_EDGE('',*,*,#5411,.F.);
#3410=ORIENTED_EDGE('',*,*,#5413,.F.);
#3411=ORIENTED_EDGE('',*,*,#5415,.F.);
#3412=ORIENTED_EDGE('',*,*,#5417,.F.);
#3413=ORIENTED_EDGE('',*,*,#5419,.F.);
#3414=ORIENTED_EDGE('',*,*,#5420,.F.);
#3415=ORIENTED_EDGE('',*,*,#4820,.F.);
#3416=ORIENTED_EDGE('',*,*,#5421,.F.);
#3417=ORIENTED_EDGE('',*,*,#5422,.T.);
#3418=ORIENTED_EDGE('',*,*,#5423,.T.);
#3419=ORIENTED_EDGE('',*,*,#4819,.F.);
#3420=ORIENTED_EDGE('',*,*,#5424,.F.);
#3421=ORIENTED_EDGE('',*,*,#5425,.T.);
#3422=ORIENTED_EDGE('',*,*,#5421,.T.);
#3423=ORIENTED_EDGE('',*,*,#4833,.F.);
#3424=ORIENTED_EDGE('',*,*,#5426,.F.);
#3425=ORIENTED_EDGE('',*,*,#5427,.T.);
#3426=ORIENTED_EDGE('',*,*,#5424,.T.);
#3427=ORIENTED_EDGE('',*,*,#4832,.F.);
#3428=ORIENTED_EDGE('',*,*,#5428,.F.);
#3429=ORIENTED_EDGE('',*,*,#5429,.T.);
#3430=ORIENTED_EDGE('',*,*,#5426,.T.);
#3431=ORIENTED_EDGE('',*,*,#4831,.F.);
#3432=ORIENTED_EDGE('',*,*,#5430,.F.);
#3433=ORIENTED_EDGE('',*,*,#5431,.T.);
#3434=ORIENTED_EDGE('',*,*,#5428,.T.);
#3435=ORIENTED_EDGE('',*,*,#4830,.F.);
#3436=ORIENTED_EDGE('',*,*,#5432,.F.);
#3437=ORIENTED_EDGE('',*,*,#5433,.T.);
#3438=ORIENTED_EDGE('',*,*,#5430,.T.);
#3439=ORIENTED_EDGE('',*,*,#4829,.F.);
#3440=ORIENTED_EDGE('',*,*,#5434,.F.);
#3441=ORIENTED_EDGE('',*,*,#5435,.T.);
#3442=ORIENTED_EDGE('',*,*,#5432,.T.);
#3443=ORIENTED_EDGE('',*,*,#4828,.F.);
#3444=ORIENTED_EDGE('',*,*,#5436,.F.);
#3445=ORIENTED_EDGE('',*,*,#5437,.T.);
#3446=ORIENTED_EDGE('',*,*,#5434,.T.);
#3447=ORIENTED_EDGE('',*,*,#4827,.F.);
#3448=ORIENTED_EDGE('',*,*,#5438,.F.);
#3449=ORIENTED_EDGE('',*,*,#5439,.T.);
#3450=ORIENTED_EDGE('',*,*,#5436,.T.);
#3451=ORIENTED_EDGE('',*,*,#4826,.F.);
#3452=ORIENTED_EDGE('',*,*,#5440,.F.);
#3453=ORIENTED_EDGE('',*,*,#5441,.T.);
#3454=ORIENTED_EDGE('',*,*,#5438,.T.);
#3455=ORIENTED_EDGE('',*,*,#4825,.F.);
#3456=ORIENTED_EDGE('',*,*,#5442,.F.);
#3457=ORIENTED_EDGE('',*,*,#5443,.T.);
#3458=ORIENTED_EDGE('',*,*,#5440,.T.);
#3459=ORIENTED_EDGE('',*,*,#4824,.F.);
#3460=ORIENTED_EDGE('',*,*,#5444,.F.);
#3461=ORIENTED_EDGE('',*,*,#5445,.T.);
#3462=ORIENTED_EDGE('',*,*,#5442,.T.);
#3463=ORIENTED_EDGE('',*,*,#4823,.F.);
#3464=ORIENTED_EDGE('',*,*,#5446,.F.);
#3465=ORIENTED_EDGE('',*,*,#5447,.T.);
#3466=ORIENTED_EDGE('',*,*,#5444,.T.);
#3467=ORIENTED_EDGE('',*,*,#4822,.F.);
#3468=ORIENTED_EDGE('',*,*,#5448,.F.);
#3469=ORIENTED_EDGE('',*,*,#5449,.T.);
#3470=ORIENTED_EDGE('',*,*,#5446,.T.);
#3471=ORIENTED_EDGE('',*,*,#4821,.F.);
#3472=ORIENTED_EDGE('',*,*,#5423,.F.);
#3473=ORIENTED_EDGE('',*,*,#5450,.T.);
#3474=ORIENTED_EDGE('',*,*,#5448,.T.);
#3475=ORIENTED_EDGE('',*,*,#5422,.F.);
#3476=ORIENTED_EDGE('',*,*,#5425,.F.);
#3477=ORIENTED_EDGE('',*,*,#5427,.F.);
#3478=ORIENTED_EDGE('',*,*,#5429,.F.);
#3479=ORIENTED_EDGE('',*,*,#5431,.F.);
#3480=ORIENTED_EDGE('',*,*,#5433,.F.);
#3481=ORIENTED_EDGE('',*,*,#5435,.F.);
#3482=ORIENTED_EDGE('',*,*,#5437,.F.);
#3483=ORIENTED_EDGE('',*,*,#5439,.F.);
#3484=ORIENTED_EDGE('',*,*,#5441,.F.);
#3485=ORIENTED_EDGE('',*,*,#5443,.F.);
#3486=ORIENTED_EDGE('',*,*,#5445,.F.);
#3487=ORIENTED_EDGE('',*,*,#5447,.F.);
#3488=ORIENTED_EDGE('',*,*,#5449,.F.);
#3489=ORIENTED_EDGE('',*,*,#5450,.F.);
#3490=ORIENTED_EDGE('',*,*,#4835,.F.);
#3491=ORIENTED_EDGE('',*,*,#5451,.F.);
#3492=ORIENTED_EDGE('',*,*,#5452,.T.);
#3493=ORIENTED_EDGE('',*,*,#5453,.T.);
#3494=ORIENTED_EDGE('',*,*,#4834,.F.);
#3495=ORIENTED_EDGE('',*,*,#5454,.F.);
#3496=ORIENTED_EDGE('',*,*,#5455,.T.);
#3497=ORIENTED_EDGE('',*,*,#5451,.T.);
#3498=ORIENTED_EDGE('',*,*,#4878,.F.);
#3499=ORIENTED_EDGE('',*,*,#5456,.F.);
#3500=ORIENTED_EDGE('',*,*,#5457,.T.);
#3501=ORIENTED_EDGE('',*,*,#5454,.T.);
#3502=ORIENTED_EDGE('',*,*,#4877,.F.);
#3503=ORIENTED_EDGE('',*,*,#5458,.F.);
#3504=ORIENTED_EDGE('',*,*,#5459,.T.);
#3505=ORIENTED_EDGE('',*,*,#5456,.T.);
#3506=ORIENTED_EDGE('',*,*,#4876,.F.);
#3507=ORIENTED_EDGE('',*,*,#5460,.F.);
#3508=ORIENTED_EDGE('',*,*,#5461,.T.);
#3509=ORIENTED_EDGE('',*,*,#5458,.T.);
#3510=ORIENTED_EDGE('',*,*,#4875,.F.);
#3511=ORIENTED_EDGE('',*,*,#5462,.F.);
#3512=ORIENTED_EDGE('',*,*,#5463,.T.);
#3513=ORIENTED_EDGE('',*,*,#5460,.T.);
#3514=ORIENTED_EDGE('',*,*,#4874,.F.);
#3515=ORIENTED_EDGE('',*,*,#5464,.F.);
#3516=ORIENTED_EDGE('',*,*,#5465,.T.);
#3517=ORIENTED_EDGE('',*,*,#5462,.T.);
#3518=ORIENTED_EDGE('',*,*,#4873,.F.);
#3519=ORIENTED_EDGE('',*,*,#5466,.F.);
#3520=ORIENTED_EDGE('',*,*,#5467,.T.);
#3521=ORIENTED_EDGE('',*,*,#5464,.T.);
#3522=ORIENTED_EDGE('',*,*,#4872,.F.);
#3523=ORIENTED_EDGE('',*,*,#5468,.F.);
#3524=ORIENTED_EDGE('',*,*,#5469,.T.);
#3525=ORIENTED_EDGE('',*,*,#5466,.T.);
#3526=ORIENTED_EDGE('',*,*,#4871,.F.);
#3527=ORIENTED_EDGE('',*,*,#5470,.F.);
#3528=ORIENTED_EDGE('',*,*,#5471,.T.);
#3529=ORIENTED_EDGE('',*,*,#5468,.T.);
#3530=ORIENTED_EDGE('',*,*,#4870,.F.);
#3531=ORIENTED_EDGE('',*,*,#5472,.F.);
#3532=ORIENTED_EDGE('',*,*,#5473,.T.);
#3533=ORIENTED_EDGE('',*,*,#5470,.T.);
#3534=ORIENTED_EDGE('',*,*,#4869,.F.);
#3535=ORIENTED_EDGE('',*,*,#5474,.F.);
#3536=ORIENTED_EDGE('',*,*,#5475,.T.);
#3537=ORIENTED_EDGE('',*,*,#5472,.T.);
#3538=ORIENTED_EDGE('',*,*,#4868,.F.);
#3539=ORIENTED_EDGE('',*,*,#5476,.F.);
#3540=ORIENTED_EDGE('',*,*,#5477,.T.);
#3541=ORIENTED_EDGE('',*,*,#5474,.T.);
#3542=ORIENTED_EDGE('',*,*,#4867,.F.);
#3543=ORIENTED_EDGE('',*,*,#5478,.F.);
#3544=ORIENTED_EDGE('',*,*,#5479,.T.);
#3545=ORIENTED_EDGE('',*,*,#5476,.T.);
#3546=ORIENTED_EDGE('',*,*,#4866,.F.);
#3547=ORIENTED_EDGE('',*,*,#5480,.F.);
#3548=ORIENTED_EDGE('',*,*,#5481,.T.);
#3549=ORIENTED_EDGE('',*,*,#5478,.T.);
#3550=ORIENTED_EDGE('',*,*,#4865,.F.);
#3551=ORIENTED_EDGE('',*,*,#5482,.F.);
#3552=ORIENTED_EDGE('',*,*,#5483,.T.);
#3553=ORIENTED_EDGE('',*,*,#5480,.T.);
#3554=ORIENTED_EDGE('',*,*,#4864,.F.);
#3555=ORIENTED_EDGE('',*,*,#5484,.F.);
#3556=ORIENTED_EDGE('',*,*,#5485,.T.);
#3557=ORIENTED_EDGE('',*,*,#5482,.T.);
#3558=ORIENTED_EDGE('',*,*,#4863,.F.);
#3559=ORIENTED_EDGE('',*,*,#5486,.F.);
#3560=ORIENTED_EDGE('',*,*,#5487,.T.);
#3561=ORIENTED_EDGE('',*,*,#5484,.T.);
#3562=ORIENTED_EDGE('',*,*,#4862,.F.);
#3563=ORIENTED_EDGE('',*,*,#5488,.F.);
#3564=ORIENTED_EDGE('',*,*,#5489,.T.);
#3565=ORIENTED_EDGE('',*,*,#5486,.T.);
#3566=ORIENTED_EDGE('',*,*,#4861,.F.);
#3567=ORIENTED_EDGE('',*,*,#5490,.F.);
#3568=ORIENTED_EDGE('',*,*,#5491,.T.);
#3569=ORIENTED_EDGE('',*,*,#5488,.T.);
#3570=ORIENTED_EDGE('',*,*,#4860,.F.);
#3571=ORIENTED_EDGE('',*,*,#5492,.F.);
#3572=ORIENTED_EDGE('',*,*,#5493,.T.);
#3573=ORIENTED_EDGE('',*,*,#5490,.T.);
#3574=ORIENTED_EDGE('',*,*,#4859,.F.);
#3575=ORIENTED_EDGE('',*,*,#5494,.F.);
#3576=ORIENTED_EDGE('',*,*,#5495,.T.);
#3577=ORIENTED_EDGE('',*,*,#5492,.T.);
#3578=ORIENTED_EDGE('',*,*,#4858,.F.);
#3579=ORIENTED_EDGE('',*,*,#5496,.F.);
#3580=ORIENTED_EDGE('',*,*,#5497,.T.);
#3581=ORIENTED_EDGE('',*,*,#5494,.T.);
#3582=ORIENTED_EDGE('',*,*,#4857,.F.);
#3583=ORIENTED_EDGE('',*,*,#5498,.F.);
#3584=ORIENTED_EDGE('',*,*,#5499,.T.);
#3585=ORIENTED_EDGE('',*,*,#5496,.T.);
#3586=ORIENTED_EDGE('',*,*,#4856,.F.);
#3587=ORIENTED_EDGE('',*,*,#5500,.F.);
#3588=ORIENTED_EDGE('',*,*,#5501,.T.);
#3589=ORIENTED_EDGE('',*,*,#5498,.T.);
#3590=ORIENTED_EDGE('',*,*,#4855,.F.);
#3591=ORIENTED_EDGE('',*,*,#5502,.F.);
#3592=ORIENTED_EDGE('',*,*,#5503,.T.);
#3593=ORIENTED_EDGE('',*,*,#5500,.T.);
#3594=ORIENTED_EDGE('',*,*,#4854,.F.);
#3595=ORIENTED_EDGE('',*,*,#5504,.F.);
#3596=ORIENTED_EDGE('',*,*,#5505,.T.);
#3597=ORIENTED_EDGE('',*,*,#5502,.T.);
#3598=ORIENTED_EDGE('',*,*,#4853,.F.);
#3599=ORIENTED_EDGE('',*,*,#5506,.F.);
#3600=ORIENTED_EDGE('',*,*,#5507,.T.);
#3601=ORIENTED_EDGE('',*,*,#5504,.T.);
#3602=ORIENTED_EDGE('',*,*,#4852,.F.);
#3603=ORIENTED_EDGE('',*,*,#5508,.F.);
#3604=ORIENTED_EDGE('',*,*,#5509,.T.);
#3605=ORIENTED_EDGE('',*,*,#5506,.T.);
#3606=ORIENTED_EDGE('',*,*,#4851,.F.);
#3607=ORIENTED_EDGE('',*,*,#5510,.F.);
#3608=ORIENTED_EDGE('',*,*,#5511,.T.);
#3609=ORIENTED_EDGE('',*,*,#5508,.T.);
#3610=ORIENTED_EDGE('',*,*,#4850,.F.);
#3611=ORIENTED_EDGE('',*,*,#5512,.F.);
#3612=ORIENTED_EDGE('',*,*,#5513,.T.);
#3613=ORIENTED_EDGE('',*,*,#5510,.T.);
#3614=ORIENTED_EDGE('',*,*,#4849,.F.);
#3615=ORIENTED_EDGE('',*,*,#5514,.F.);
#3616=ORIENTED_EDGE('',*,*,#5515,.T.);
#3617=ORIENTED_EDGE('',*,*,#5512,.T.);
#3618=ORIENTED_EDGE('',*,*,#4848,.F.);
#3619=ORIENTED_EDGE('',*,*,#5516,.F.);
#3620=ORIENTED_EDGE('',*,*,#5517,.T.);
#3621=ORIENTED_EDGE('',*,*,#5514,.T.);
#3622=ORIENTED_EDGE('',*,*,#4847,.F.);
#3623=ORIENTED_EDGE('',*,*,#5518,.F.);
#3624=ORIENTED_EDGE('',*,*,#5519,.T.);
#3625=ORIENTED_EDGE('',*,*,#5516,.T.);
#3626=ORIENTED_EDGE('',*,*,#4846,.F.);
#3627=ORIENTED_EDGE('',*,*,#5520,.F.);
#3628=ORIENTED_EDGE('',*,*,#5521,.T.);
#3629=ORIENTED_EDGE('',*,*,#5518,.T.);
#3630=ORIENTED_EDGE('',*,*,#4845,.F.);
#3631=ORIENTED_EDGE('',*,*,#5522,.F.);
#3632=ORIENTED_EDGE('',*,*,#5523,.T.);
#3633=ORIENTED_EDGE('',*,*,#5520,.T.);
#3634=ORIENTED_EDGE('',*,*,#4844,.F.);
#3635=ORIENTED_EDGE('',*,*,#5524,.F.);
#3636=ORIENTED_EDGE('',*,*,#5525,.T.);
#3637=ORIENTED_EDGE('',*,*,#5522,.T.);
#3638=ORIENTED_EDGE('',*,*,#4843,.F.);
#3639=ORIENTED_EDGE('',*,*,#5526,.F.);
#3640=ORIENTED_EDGE('',*,*,#5527,.T.);
#3641=ORIENTED_EDGE('',*,*,#5524,.T.);
#3642=ORIENTED_EDGE('',*,*,#4842,.F.);
#3643=ORIENTED_EDGE('',*,*,#5528,.F.);
#3644=ORIENTED_EDGE('',*,*,#5529,.T.);
#3645=ORIENTED_EDGE('',*,*,#5526,.T.);
#3646=ORIENTED_EDGE('',*,*,#4841,.F.);
#3647=ORIENTED_EDGE('',*,*,#5530,.F.);
#3648=ORIENTED_EDGE('',*,*,#5531,.T.);
#3649=ORIENTED_EDGE('',*,*,#5528,.T.);
#3650=ORIENTED_EDGE('',*,*,#4840,.F.);
#3651=ORIENTED_EDGE('',*,*,#5532,.F.);
#3652=ORIENTED_EDGE('',*,*,#5533,.T.);
#3653=ORIENTED_EDGE('',*,*,#5530,.T.);
#3654=ORIENTED_EDGE('',*,*,#4839,.F.);
#3655=ORIENTED_EDGE('',*,*,#5534,.F.);
#3656=ORIENTED_EDGE('',*,*,#5535,.T.);
#3657=ORIENTED_EDGE('',*,*,#5532,.T.);
#3658=ORIENTED_EDGE('',*,*,#4838,.F.);
#3659=ORIENTED_EDGE('',*,*,#5536,.F.);
#3660=ORIENTED_EDGE('',*,*,#5537,.T.);
#3661=ORIENTED_EDGE('',*,*,#5534,.T.);
#3662=ORIENTED_EDGE('',*,*,#4837,.F.);
#3663=ORIENTED_EDGE('',*,*,#5538,.F.);
#3664=ORIENTED_EDGE('',*,*,#5539,.T.);
#3665=ORIENTED_EDGE('',*,*,#5536,.T.);
#3666=ORIENTED_EDGE('',*,*,#4836,.F.);
#3667=ORIENTED_EDGE('',*,*,#5453,.F.);
#3668=ORIENTED_EDGE('',*,*,#5540,.T.);
#3669=ORIENTED_EDGE('',*,*,#5538,.T.);
#3670=ORIENTED_EDGE('',*,*,#5452,.F.);
#3671=ORIENTED_EDGE('',*,*,#5455,.F.);
#3672=ORIENTED_EDGE('',*,*,#5457,.F.);
#3673=ORIENTED_EDGE('',*,*,#5459,.F.);
#3674=ORIENTED_EDGE('',*,*,#5461,.F.);
#3675=ORIENTED_EDGE('',*,*,#5463,.F.);
#3676=ORIENTED_EDGE('',*,*,#5465,.F.);
#3677=ORIENTED_EDGE('',*,*,#5467,.F.);
#3678=ORIENTED_EDGE('',*,*,#5469,.F.);
#3679=ORIENTED_EDGE('',*,*,#5471,.F.);
#3680=ORIENTED_EDGE('',*,*,#5473,.F.);
#3681=ORIENTED_EDGE('',*,*,#5475,.F.);
#3682=ORIENTED_EDGE('',*,*,#5477,.F.);
#3683=ORIENTED_EDGE('',*,*,#5479,.F.);
#3684=ORIENTED_EDGE('',*,*,#5481,.F.);
#3685=ORIENTED_EDGE('',*,*,#5483,.F.);
#3686=ORIENTED_EDGE('',*,*,#5485,.F.);
#3687=ORIENTED_EDGE('',*,*,#5487,.F.);
#3688=ORIENTED_EDGE('',*,*,#5489,.F.);
#3689=ORIENTED_EDGE('',*,*,#5491,.F.);
#3690=ORIENTED_EDGE('',*,*,#5493,.F.);
#3691=ORIENTED_EDGE('',*,*,#5495,.F.);
#3692=ORIENTED_EDGE('',*,*,#5497,.F.);
#3693=ORIENTED_EDGE('',*,*,#5499,.F.);
#3694=ORIENTED_EDGE('',*,*,#5501,.F.);
#3695=ORIENTED_EDGE('',*,*,#5503,.F.);
#3696=ORIENTED_EDGE('',*,*,#5505,.F.);
#3697=ORIENTED_EDGE('',*,*,#5507,.F.);
#3698=ORIENTED_EDGE('',*,*,#5509,.F.);
#3699=ORIENTED_EDGE('',*,*,#5511,.F.);
#3700=ORIENTED_EDGE('',*,*,#5513,.F.);
#3701=ORIENTED_EDGE('',*,*,#5515,.F.);
#3702=ORIENTED_EDGE('',*,*,#5517,.F.);
#3703=ORIENTED_EDGE('',*,*,#5519,.F.);
#3704=ORIENTED_EDGE('',*,*,#5521,.F.);
#3705=ORIENTED_EDGE('',*,*,#5523,.F.);
#3706=ORIENTED_EDGE('',*,*,#5525,.F.);
#3707=ORIENTED_EDGE('',*,*,#5527,.F.);
#3708=ORIENTED_EDGE('',*,*,#5529,.F.);
#3709=ORIENTED_EDGE('',*,*,#5531,.F.);
#3710=ORIENTED_EDGE('',*,*,#5533,.F.);
#3711=ORIENTED_EDGE('',*,*,#5535,.F.);
#3712=ORIENTED_EDGE('',*,*,#5537,.F.);
#3713=ORIENTED_EDGE('',*,*,#5539,.F.);
#3714=ORIENTED_EDGE('',*,*,#5540,.F.);
#3715=ORIENTED_EDGE('',*,*,#4880,.F.);
#3716=ORIENTED_EDGE('',*,*,#5541,.F.);
#3717=ORIENTED_EDGE('',*,*,#5542,.T.);
#3718=ORIENTED_EDGE('',*,*,#5543,.T.);
#3719=ORIENTED_EDGE('',*,*,#4879,.F.);
#3720=ORIENTED_EDGE('',*,*,#5544,.F.);
#3721=ORIENTED_EDGE('',*,*,#5545,.T.);
#3722=ORIENTED_EDGE('',*,*,#5541,.T.);
#3723=ORIENTED_EDGE('',*,*,#4901,.F.);
#3724=ORIENTED_EDGE('',*,*,#5546,.F.);
#3725=ORIENTED_EDGE('',*,*,#5547,.T.);
#3726=ORIENTED_EDGE('',*,*,#5544,.T.);
#3727=ORIENTED_EDGE('',*,*,#4900,.F.);
#3728=ORIENTED_EDGE('',*,*,#5548,.F.);
#3729=ORIENTED_EDGE('',*,*,#5549,.T.);
#3730=ORIENTED_EDGE('',*,*,#5546,.T.);
#3731=ORIENTED_EDGE('',*,*,#4899,.F.);
#3732=ORIENTED_EDGE('',*,*,#5550,.F.);
#3733=ORIENTED_EDGE('',*,*,#5551,.T.);
#3734=ORIENTED_EDGE('',*,*,#5548,.T.);
#3735=ORIENTED_EDGE('',*,*,#4898,.F.);
#3736=ORIENTED_EDGE('',*,*,#5552,.F.);
#3737=ORIENTED_EDGE('',*,*,#5553,.T.);
#3738=ORIENTED_EDGE('',*,*,#5550,.T.);
#3739=ORIENTED_EDGE('',*,*,#4897,.F.);
#3740=ORIENTED_EDGE('',*,*,#5554,.F.);
#3741=ORIENTED_EDGE('',*,*,#5555,.T.);
#3742=ORIENTED_EDGE('',*,*,#5552,.T.);
#3743=ORIENTED_EDGE('',*,*,#4896,.F.);
#3744=ORIENTED_EDGE('',*,*,#5556,.F.);
#3745=ORIENTED_EDGE('',*,*,#5557,.T.);
#3746=ORIENTED_EDGE('',*,*,#5554,.T.);
#3747=ORIENTED_EDGE('',*,*,#4895,.F.);
#3748=ORIENTED_EDGE('',*,*,#5558,.F.);
#3749=ORIENTED_EDGE('',*,*,#5559,.T.);
#3750=ORIENTED_EDGE('',*,*,#5556,.T.);
#3751=ORIENTED_EDGE('',*,*,#4894,.F.);
#3752=ORIENTED_EDGE('',*,*,#5560,.F.);
#3753=ORIENTED_EDGE('',*,*,#5561,.T.);
#3754=ORIENTED_EDGE('',*,*,#5558,.T.);
#3755=ORIENTED_EDGE('',*,*,#4893,.F.);
#3756=ORIENTED_EDGE('',*,*,#5562,.F.);
#3757=ORIENTED_EDGE('',*,*,#5563,.T.);
#3758=ORIENTED_EDGE('',*,*,#5560,.T.);
#3759=ORIENTED_EDGE('',*,*,#4892,.F.);
#3760=ORIENTED_EDGE('',*,*,#5564,.F.);
#3761=ORIENTED_EDGE('',*,*,#5565,.T.);
#3762=ORIENTED_EDGE('',*,*,#5562,.T.);
#3763=ORIENTED_EDGE('',*,*,#4891,.F.);
#3764=ORIENTED_EDGE('',*,*,#5566,.F.);
#3765=ORIENTED_EDGE('',*,*,#5567,.T.);
#3766=ORIENTED_EDGE('',*,*,#5564,.T.);
#3767=ORIENTED_EDGE('',*,*,#4890,.F.);
#3768=ORIENTED_EDGE('',*,*,#5568,.F.);
#3769=ORIENTED_EDGE('',*,*,#5569,.T.);
#3770=ORIENTED_EDGE('',*,*,#5566,.T.);
#3771=ORIENTED_EDGE('',*,*,#4889,.F.);
#3772=ORIENTED_EDGE('',*,*,#5570,.F.);
#3773=ORIENTED_EDGE('',*,*,#5571,.T.);
#3774=ORIENTED_EDGE('',*,*,#5568,.T.);
#3775=ORIENTED_EDGE('',*,*,#4888,.F.);
#3776=ORIENTED_EDGE('',*,*,#5572,.F.);
#3777=ORIENTED_EDGE('',*,*,#5573,.T.);
#3778=ORIENTED_EDGE('',*,*,#5570,.T.);
#3779=ORIENTED_EDGE('',*,*,#4887,.F.);
#3780=ORIENTED_EDGE('',*,*,#5574,.F.);
#3781=ORIENTED_EDGE('',*,*,#5575,.T.);
#3782=ORIENTED_EDGE('',*,*,#5572,.T.);
#3783=ORIENTED_EDGE('',*,*,#4886,.F.);
#3784=ORIENTED_EDGE('',*,*,#5576,.F.);
#3785=ORIENTED_EDGE('',*,*,#5577,.T.);
#3786=ORIENTED_EDGE('',*,*,#5574,.T.);
#3787=ORIENTED_EDGE('',*,*,#4885,.F.);
#3788=ORIENTED_EDGE('',*,*,#5578,.F.);
#3789=ORIENTED_EDGE('',*,*,#5579,.T.);
#3790=ORIENTED_EDGE('',*,*,#5576,.T.);
#3791=ORIENTED_EDGE('',*,*,#4884,.F.);
#3792=ORIENTED_EDGE('',*,*,#5580,.F.);
#3793=ORIENTED_EDGE('',*,*,#5581,.T.);
#3794=ORIENTED_EDGE('',*,*,#5578,.T.);
#3795=ORIENTED_EDGE('',*,*,#4883,.F.);
#3796=ORIENTED_EDGE('',*,*,#5582,.F.);
#3797=ORIENTED_EDGE('',*,*,#5583,.T.);
#3798=ORIENTED_EDGE('',*,*,#5580,.T.);
#3799=ORIENTED_EDGE('',*,*,#4882,.F.);
#3800=ORIENTED_EDGE('',*,*,#5584,.F.);
#3801=ORIENTED_EDGE('',*,*,#5585,.T.);
#3802=ORIENTED_EDGE('',*,*,#5582,.T.);
#3803=ORIENTED_EDGE('',*,*,#4881,.F.);
#3804=ORIENTED_EDGE('',*,*,#5543,.F.);
#3805=ORIENTED_EDGE('',*,*,#5586,.T.);
#3806=ORIENTED_EDGE('',*,*,#5584,.T.);
#3807=ORIENTED_EDGE('',*,*,#5542,.F.);
#3808=ORIENTED_EDGE('',*,*,#5545,.F.);
#3809=ORIENTED_EDGE('',*,*,#5547,.F.);
#3810=ORIENTED_EDGE('',*,*,#5549,.F.);
#3811=ORIENTED_EDGE('',*,*,#5551,.F.);
#3812=ORIENTED_EDGE('',*,*,#5553,.F.);
#3813=ORIENTED_EDGE('',*,*,#5555,.F.);
#3814=ORIENTED_EDGE('',*,*,#5557,.F.);
#3815=ORIENTED_EDGE('',*,*,#5559,.F.);
#3816=ORIENTED_EDGE('',*,*,#5561,.F.);
#3817=ORIENTED_EDGE('',*,*,#5563,.F.);
#3818=ORIENTED_EDGE('',*,*,#5565,.F.);
#3819=ORIENTED_EDGE('',*,*,#5567,.F.);
#3820=ORIENTED_EDGE('',*,*,#5569,.F.);
#3821=ORIENTED_EDGE('',*,*,#5571,.F.);
#3822=ORIENTED_EDGE('',*,*,#5573,.F.);
#3823=ORIENTED_EDGE('',*,*,#5575,.F.);
#3824=ORIENTED_EDGE('',*,*,#5577,.F.);
#3825=ORIENTED_EDGE('',*,*,#5579,.F.);
#3826=ORIENTED_EDGE('',*,*,#5581,.F.);
#3827=ORIENTED_EDGE('',*,*,#5583,.F.);
#3828=ORIENTED_EDGE('',*,*,#5585,.F.);
#3829=ORIENTED_EDGE('',*,*,#5586,.F.);
#3830=ORIENTED_EDGE('',*,*,#4615,.F.);
#3831=ORIENTED_EDGE('',*,*,#5587,.F.);
#3832=ORIENTED_EDGE('',*,*,#5588,.T.);
#3833=ORIENTED_EDGE('',*,*,#5589,.T.);
#3834=ORIENTED_EDGE('',*,*,#4614,.F.);
#3835=ORIENTED_EDGE('',*,*,#5590,.F.);
#3836=ORIENTED_EDGE('',*,*,#5591,.T.);
#3837=ORIENTED_EDGE('',*,*,#5587,.T.);
#3838=ORIENTED_EDGE('',*,*,#4658,.F.);
#3839=ORIENTED_EDGE('',*,*,#5592,.F.);
#3840=ORIENTED_EDGE('',*,*,#5593,.T.);
#3841=ORIENTED_EDGE('',*,*,#5590,.T.);
#3842=ORIENTED_EDGE('',*,*,#4657,.F.);
#3843=ORIENTED_EDGE('',*,*,#5594,.F.);
#3844=ORIENTED_EDGE('',*,*,#5595,.T.);
#3845=ORIENTED_EDGE('',*,*,#5592,.T.);
#3846=ORIENTED_EDGE('',*,*,#4656,.F.);
#3847=ORIENTED_EDGE('',*,*,#5596,.F.);
#3848=ORIENTED_EDGE('',*,*,#5597,.T.);
#3849=ORIENTED_EDGE('',*,*,#5594,.T.);
#3850=ORIENTED_EDGE('',*,*,#4655,.F.);
#3851=ORIENTED_EDGE('',*,*,#5598,.F.);
#3852=ORIENTED_EDGE('',*,*,#5599,.T.);
#3853=ORIENTED_EDGE('',*,*,#5596,.T.);
#3854=ORIENTED_EDGE('',*,*,#4654,.F.);
#3855=ORIENTED_EDGE('',*,*,#5600,.F.);
#3856=ORIENTED_EDGE('',*,*,#5601,.T.);
#3857=ORIENTED_EDGE('',*,*,#5598,.T.);
#3858=ORIENTED_EDGE('',*,*,#4653,.F.);
#3859=ORIENTED_EDGE('',*,*,#5602,.F.);
#3860=ORIENTED_EDGE('',*,*,#5603,.T.);
#3861=ORIENTED_EDGE('',*,*,#5600,.T.);
#3862=ORIENTED_EDGE('',*,*,#4652,.F.);
#3863=ORIENTED_EDGE('',*,*,#5604,.F.);
#3864=ORIENTED_EDGE('',*,*,#5605,.T.);
#3865=ORIENTED_EDGE('',*,*,#5602,.T.);
#3866=ORIENTED_EDGE('',*,*,#4651,.F.);
#3867=ORIENTED_EDGE('',*,*,#5606,.F.);
#3868=ORIENTED_EDGE('',*,*,#5607,.T.);
#3869=ORIENTED_EDGE('',*,*,#5604,.T.);
#3870=ORIENTED_EDGE('',*,*,#4650,.F.);
#3871=ORIENTED_EDGE('',*,*,#5608,.F.);
#3872=ORIENTED_EDGE('',*,*,#5609,.T.);
#3873=ORIENTED_EDGE('',*,*,#5606,.T.);
#3874=ORIENTED_EDGE('',*,*,#4649,.F.);
#3875=ORIENTED_EDGE('',*,*,#5610,.F.);
#3876=ORIENTED_EDGE('',*,*,#5611,.T.);
#3877=ORIENTED_EDGE('',*,*,#5608,.T.);
#3878=ORIENTED_EDGE('',*,*,#4648,.F.);
#3879=ORIENTED_EDGE('',*,*,#5612,.F.);
#3880=ORIENTED_EDGE('',*,*,#5613,.T.);
#3881=ORIENTED_EDGE('',*,*,#5610,.T.);
#3882=ORIENTED_EDGE('',*,*,#4647,.F.);
#3883=ORIENTED_EDGE('',*,*,#5614,.F.);
#3884=ORIENTED_EDGE('',*,*,#5615,.T.);
#3885=ORIENTED_EDGE('',*,*,#5612,.T.);
#3886=ORIENTED_EDGE('',*,*,#4646,.F.);
#3887=ORIENTED_EDGE('',*,*,#5616,.F.);
#3888=ORIENTED_EDGE('',*,*,#5617,.T.);
#3889=ORIENTED_EDGE('',*,*,#5614,.T.);
#3890=ORIENTED_EDGE('',*,*,#4645,.F.);
#3891=ORIENTED_EDGE('',*,*,#5618,.F.);
#3892=ORIENTED_EDGE('',*,*,#5619,.T.);
#3893=ORIENTED_EDGE('',*,*,#5616,.T.);
#3894=ORIENTED_EDGE('',*,*,#4644,.F.);
#3895=ORIENTED_EDGE('',*,*,#5620,.F.);
#3896=ORIENTED_EDGE('',*,*,#5621,.T.);
#3897=ORIENTED_EDGE('',*,*,#5618,.T.);
#3898=ORIENTED_EDGE('',*,*,#4643,.F.);
#3899=ORIENTED_EDGE('',*,*,#5622,.F.);
#3900=ORIENTED_EDGE('',*,*,#5623,.T.);
#3901=ORIENTED_EDGE('',*,*,#5620,.T.);
#3902=ORIENTED_EDGE('',*,*,#4642,.F.);
#3903=ORIENTED_EDGE('',*,*,#5624,.F.);
#3904=ORIENTED_EDGE('',*,*,#5625,.T.);
#3905=ORIENTED_EDGE('',*,*,#5622,.T.);
#3906=ORIENTED_EDGE('',*,*,#4641,.F.);
#3907=ORIENTED_EDGE('',*,*,#5626,.F.);
#3908=ORIENTED_EDGE('',*,*,#5627,.T.);
#3909=ORIENTED_EDGE('',*,*,#5624,.T.);
#3910=ORIENTED_EDGE('',*,*,#4640,.F.);
#3911=ORIENTED_EDGE('',*,*,#5628,.F.);
#3912=ORIENTED_EDGE('',*,*,#5629,.T.);
#3913=ORIENTED_EDGE('',*,*,#5626,.T.);
#3914=ORIENTED_EDGE('',*,*,#4639,.F.);
#3915=ORIENTED_EDGE('',*,*,#5630,.F.);
#3916=ORIENTED_EDGE('',*,*,#5631,.T.);
#3917=ORIENTED_EDGE('',*,*,#5628,.T.);
#3918=ORIENTED_EDGE('',*,*,#4638,.F.);
#3919=ORIENTED_EDGE('',*,*,#5632,.F.);
#3920=ORIENTED_EDGE('',*,*,#5633,.T.);
#3921=ORIENTED_EDGE('',*,*,#5630,.T.);
#3922=ORIENTED_EDGE('',*,*,#4637,.F.);
#3923=ORIENTED_EDGE('',*,*,#5634,.F.);
#3924=ORIENTED_EDGE('',*,*,#5635,.T.);
#3925=ORIENTED_EDGE('',*,*,#5632,.T.);
#3926=ORIENTED_EDGE('',*,*,#4636,.F.);
#3927=ORIENTED_EDGE('',*,*,#5636,.F.);
#3928=ORIENTED_EDGE('',*,*,#5637,.T.);
#3929=ORIENTED_EDGE('',*,*,#5634,.T.);
#3930=ORIENTED_EDGE('',*,*,#4635,.F.);
#3931=ORIENTED_EDGE('',*,*,#5638,.F.);
#3932=ORIENTED_EDGE('',*,*,#5639,.T.);
#3933=ORIENTED_EDGE('',*,*,#5636,.T.);
#3934=ORIENTED_EDGE('',*,*,#4634,.F.);
#3935=ORIENTED_EDGE('',*,*,#5640,.F.);
#3936=ORIENTED_EDGE('',*,*,#5641,.T.);
#3937=ORIENTED_EDGE('',*,*,#5638,.T.);
#3938=ORIENTED_EDGE('',*,*,#4633,.F.);
#3939=ORIENTED_EDGE('',*,*,#5642,.F.);
#3940=ORIENTED_EDGE('',*,*,#5643,.T.);
#3941=ORIENTED_EDGE('',*,*,#5640,.T.);
#3942=ORIENTED_EDGE('',*,*,#4632,.F.);
#3943=ORIENTED_EDGE('',*,*,#5644,.F.);
#3944=ORIENTED_EDGE('',*,*,#5645,.T.);
#3945=ORIENTED_EDGE('',*,*,#5642,.T.);
#3946=ORIENTED_EDGE('',*,*,#4631,.F.);
#3947=ORIENTED_EDGE('',*,*,#5646,.F.);
#3948=ORIENTED_EDGE('',*,*,#5647,.T.);
#3949=ORIENTED_EDGE('',*,*,#5644,.T.);
#3950=ORIENTED_EDGE('',*,*,#4630,.F.);
#3951=ORIENTED_EDGE('',*,*,#5648,.F.);
#3952=ORIENTED_EDGE('',*,*,#5649,.T.);
#3953=ORIENTED_EDGE('',*,*,#5646,.T.);
#3954=ORIENTED_EDGE('',*,*,#4629,.F.);
#3955=ORIENTED_EDGE('',*,*,#5650,.F.);
#3956=ORIENTED_EDGE('',*,*,#5651,.T.);
#3957=ORIENTED_EDGE('',*,*,#5648,.T.);
#3958=ORIENTED_EDGE('',*,*,#4628,.F.);
#3959=ORIENTED_EDGE('',*,*,#5652,.F.);
#3960=ORIENTED_EDGE('',*,*,#5653,.T.);
#3961=ORIENTED_EDGE('',*,*,#5650,.T.);
#3962=ORIENTED_EDGE('',*,*,#4627,.F.);
#3963=ORIENTED_EDGE('',*,*,#5654,.F.);
#3964=ORIENTED_EDGE('',*,*,#5655,.T.);
#3965=ORIENTED_EDGE('',*,*,#5652,.T.);
#3966=ORIENTED_EDGE('',*,*,#4626,.F.);
#3967=ORIENTED_EDGE('',*,*,#5656,.F.);
#3968=ORIENTED_EDGE('',*,*,#5657,.T.);
#3969=ORIENTED_EDGE('',*,*,#5654,.T.);
#3970=ORIENTED_EDGE('',*,*,#4625,.F.);
#3971=ORIENTED_EDGE('',*,*,#5658,.F.);
#3972=ORIENTED_EDGE('',*,*,#5659,.T.);
#3973=ORIENTED_EDGE('',*,*,#5656,.T.);
#3974=ORIENTED_EDGE('',*,*,#4624,.F.);
#3975=ORIENTED_EDGE('',*,*,#5660,.F.);
#3976=ORIENTED_EDGE('',*,*,#5661,.T.);
#3977=ORIENTED_EDGE('',*,*,#5658,.T.);
#3978=ORIENTED_EDGE('',*,*,#4623,.F.);
#3979=ORIENTED_EDGE('',*,*,#5662,.F.);
#3980=ORIENTED_EDGE('',*,*,#5663,.T.);
#3981=ORIENTED_EDGE('',*,*,#5660,.T.);
#3982=ORIENTED_EDGE('',*,*,#4622,.F.);
#3983=ORIENTED_EDGE('',*,*,#5664,.F.);
#3984=ORIENTED_EDGE('',*,*,#5665,.T.);
#3985=ORIENTED_EDGE('',*,*,#5662,.T.);
#3986=ORIENTED_EDGE('',*,*,#4621,.F.);
#3987=ORIENTED_EDGE('',*,*,#5666,.F.);
#3988=ORIENTED_EDGE('',*,*,#5667,.T.);
#3989=ORIENTED_EDGE('',*,*,#5664,.T.);
#3990=ORIENTED_EDGE('',*,*,#4620,.F.);
#3991=ORIENTED_EDGE('',*,*,#5668,.F.);
#3992=ORIENTED_EDGE('',*,*,#5669,.T.);
#3993=ORIENTED_EDGE('',*,*,#5666,.T.);
#3994=ORIENTED_EDGE('',*,*,#4619,.F.);
#3995=ORIENTED_EDGE('',*,*,#5670,.F.);
#3996=ORIENTED_EDGE('',*,*,#5671,.T.);
#3997=ORIENTED_EDGE('',*,*,#5668,.T.);
#3998=ORIENTED_EDGE('',*,*,#4618,.F.);
#3999=ORIENTED_EDGE('',*,*,#5672,.F.);
#4000=ORIENTED_EDGE('',*,*,#5673,.T.);
#4001=ORIENTED_EDGE('',*,*,#5670,.T.);
#4002=ORIENTED_EDGE('',*,*,#4617,.F.);
#4003=ORIENTED_EDGE('',*,*,#5674,.F.);
#4004=ORIENTED_EDGE('',*,*,#5675,.T.);
#4005=ORIENTED_EDGE('',*,*,#5672,.T.);
#4006=ORIENTED_EDGE('',*,*,#4616,.F.);
#4007=ORIENTED_EDGE('',*,*,#5589,.F.);
#4008=ORIENTED_EDGE('',*,*,#5676,.T.);
#4009=ORIENTED_EDGE('',*,*,#5674,.T.);
#4010=ORIENTED_EDGE('',*,*,#5588,.F.);
#4011=ORIENTED_EDGE('',*,*,#5591,.F.);
#4012=ORIENTED_EDGE('',*,*,#5593,.F.);
#4013=ORIENTED_EDGE('',*,*,#5595,.F.);
#4014=ORIENTED_EDGE('',*,*,#5597,.F.);
#4015=ORIENTED_EDGE('',*,*,#5599,.F.);
#4016=ORIENTED_EDGE('',*,*,#5601,.F.);
#4017=ORIENTED_EDGE('',*,*,#5603,.F.);
#4018=ORIENTED_EDGE('',*,*,#5605,.F.);
#4019=ORIENTED_EDGE('',*,*,#5607,.F.);
#4020=ORIENTED_EDGE('',*,*,#5609,.F.);
#4021=ORIENTED_EDGE('',*,*,#5611,.F.);
#4022=ORIENTED_EDGE('',*,*,#5613,.F.);
#4023=ORIENTED_EDGE('',*,*,#5615,.F.);
#4024=ORIENTED_EDGE('',*,*,#5617,.F.);
#4025=ORIENTED_EDGE('',*,*,#5619,.F.);
#4026=ORIENTED_EDGE('',*,*,#5621,.F.);
#4027=ORIENTED_EDGE('',*,*,#5623,.F.);
#4028=ORIENTED_EDGE('',*,*,#5625,.F.);
#4029=ORIENTED_EDGE('',*,*,#5627,.F.);
#4030=ORIENTED_EDGE('',*,*,#5629,.F.);
#4031=ORIENTED_EDGE('',*,*,#5631,.F.);
#4032=ORIENTED_EDGE('',*,*,#5633,.F.);
#4033=ORIENTED_EDGE('',*,*,#5635,.F.);
#4034=ORIENTED_EDGE('',*,*,#5637,.F.);
#4035=ORIENTED_EDGE('',*,*,#5639,.F.);
#4036=ORIENTED_EDGE('',*,*,#5641,.F.);
#4037=ORIENTED_EDGE('',*,*,#5643,.F.);
#4038=ORIENTED_EDGE('',*,*,#5645,.F.);
#4039=ORIENTED_EDGE('',*,*,#5647,.F.);
#4040=ORIENTED_EDGE('',*,*,#5649,.F.);
#4041=ORIENTED_EDGE('',*,*,#5651,.F.);
#4042=ORIENTED_EDGE('',*,*,#5653,.F.);
#4043=ORIENTED_EDGE('',*,*,#5655,.F.);
#4044=ORIENTED_EDGE('',*,*,#5657,.F.);
#4045=ORIENTED_EDGE('',*,*,#5659,.F.);
#4046=ORIENTED_EDGE('',*,*,#5661,.F.);
#4047=ORIENTED_EDGE('',*,*,#5663,.F.);
#4048=ORIENTED_EDGE('',*,*,#5665,.F.);
#4049=ORIENTED_EDGE('',*,*,#5667,.F.);
#4050=ORIENTED_EDGE('',*,*,#5669,.F.);
#4051=ORIENTED_EDGE('',*,*,#5671,.F.);
#4052=ORIENTED_EDGE('',*,*,#5673,.F.);
#4053=ORIENTED_EDGE('',*,*,#5675,.F.);
#4054=ORIENTED_EDGE('',*,*,#5676,.F.);
#4055=ORIENTED_EDGE('',*,*,#4660,.F.);
#4056=ORIENTED_EDGE('',*,*,#5677,.F.);
#4057=ORIENTED_EDGE('',*,*,#5678,.T.);
#4058=ORIENTED_EDGE('',*,*,#5679,.T.);
#4059=ORIENTED_EDGE('',*,*,#4659,.F.);
#4060=ORIENTED_EDGE('',*,*,#5680,.F.);
#4061=ORIENTED_EDGE('',*,*,#5681,.T.);
#4062=ORIENTED_EDGE('',*,*,#5677,.T.);
#4063=ORIENTED_EDGE('',*,*,#4703,.F.);
#4064=ORIENTED_EDGE('',*,*,#5682,.F.);
#4065=ORIENTED_EDGE('',*,*,#5683,.T.);
#4066=ORIENTED_EDGE('',*,*,#5680,.T.);
#4067=ORIENTED_EDGE('',*,*,#4702,.F.);
#4068=ORIENTED_EDGE('',*,*,#5684,.F.);
#4069=ORIENTED_EDGE('',*,*,#5685,.T.);
#4070=ORIENTED_EDGE('',*,*,#5682,.T.);
#4071=ORIENTED_EDGE('',*,*,#4701,.F.);
#4072=ORIENTED_EDGE('',*,*,#5686,.F.);
#4073=ORIENTED_EDGE('',*,*,#5687,.T.);
#4074=ORIENTED_EDGE('',*,*,#5684,.T.);
#4075=ORIENTED_EDGE('',*,*,#4700,.F.);
#4076=ORIENTED_EDGE('',*,*,#5688,.F.);
#4077=ORIENTED_EDGE('',*,*,#5689,.T.);
#4078=ORIENTED_EDGE('',*,*,#5686,.T.);
#4079=ORIENTED_EDGE('',*,*,#4699,.F.);
#4080=ORIENTED_EDGE('',*,*,#5690,.F.);
#4081=ORIENTED_EDGE('',*,*,#5691,.T.);
#4082=ORIENTED_EDGE('',*,*,#5688,.T.);
#4083=ORIENTED_EDGE('',*,*,#4698,.F.);
#4084=ORIENTED_EDGE('',*,*,#5692,.F.);
#4085=ORIENTED_EDGE('',*,*,#5693,.T.);
#4086=ORIENTED_EDGE('',*,*,#5690,.T.);
#4087=ORIENTED_EDGE('',*,*,#4697,.F.);
#4088=ORIENTED_EDGE('',*,*,#5694,.F.);
#4089=ORIENTED_EDGE('',*,*,#5695,.T.);
#4090=ORIENTED_EDGE('',*,*,#5692,.T.);
#4091=ORIENTED_EDGE('',*,*,#4696,.F.);
#4092=ORIENTED_EDGE('',*,*,#5696,.F.);
#4093=ORIENTED_EDGE('',*,*,#5697,.T.);
#4094=ORIENTED_EDGE('',*,*,#5694,.T.);
#4095=ORIENTED_EDGE('',*,*,#4695,.F.);
#4096=ORIENTED_EDGE('',*,*,#5698,.F.);
#4097=ORIENTED_EDGE('',*,*,#5699,.T.);
#4098=ORIENTED_EDGE('',*,*,#5696,.T.);
#4099=ORIENTED_EDGE('',*,*,#4694,.F.);
#4100=ORIENTED_EDGE('',*,*,#5700,.F.);
#4101=ORIENTED_EDGE('',*,*,#5701,.T.);
#4102=ORIENTED_EDGE('',*,*,#5698,.T.);
#4103=ORIENTED_EDGE('',*,*,#4693,.F.);
#4104=ORIENTED_EDGE('',*,*,#5702,.F.);
#4105=ORIENTED_EDGE('',*,*,#5703,.T.);
#4106=ORIENTED_EDGE('',*,*,#5700,.T.);
#4107=ORIENTED_EDGE('',*,*,#4692,.F.);
#4108=ORIENTED_EDGE('',*,*,#5704,.F.);
#4109=ORIENTED_EDGE('',*,*,#5705,.T.);
#4110=ORIENTED_EDGE('',*,*,#5702,.T.);
#4111=ORIENTED_EDGE('',*,*,#4691,.F.);
#4112=ORIENTED_EDGE('',*,*,#5706,.F.);
#4113=ORIENTED_EDGE('',*,*,#5707,.T.);
#4114=ORIENTED_EDGE('',*,*,#5704,.T.);
#4115=ORIENTED_EDGE('',*,*,#4690,.F.);
#4116=ORIENTED_EDGE('',*,*,#5708,.F.);
#4117=ORIENTED_EDGE('',*,*,#5709,.T.);
#4118=ORIENTED_EDGE('',*,*,#5706,.T.);
#4119=ORIENTED_EDGE('',*,*,#4689,.F.);
#4120=ORIENTED_EDGE('',*,*,#5710,.F.);
#4121=ORIENTED_EDGE('',*,*,#5711,.T.);
#4122=ORIENTED_EDGE('',*,*,#5708,.T.);
#4123=ORIENTED_EDGE('',*,*,#4688,.F.);
#4124=ORIENTED_EDGE('',*,*,#5712,.F.);
#4125=ORIENTED_EDGE('',*,*,#5713,.T.);
#4126=ORIENTED_EDGE('',*,*,#5710,.T.);
#4127=ORIENTED_EDGE('',*,*,#4687,.F.);
#4128=ORIENTED_EDGE('',*,*,#5714,.F.);
#4129=ORIENTED_EDGE('',*,*,#5715,.T.);
#4130=ORIENTED_EDGE('',*,*,#5712,.T.);
#4131=ORIENTED_EDGE('',*,*,#4686,.F.);
#4132=ORIENTED_EDGE('',*,*,#5716,.F.);
#4133=ORIENTED_EDGE('',*,*,#5717,.T.);
#4134=ORIENTED_EDGE('',*,*,#5714,.T.);
#4135=ORIENTED_EDGE('',*,*,#4685,.F.);
#4136=ORIENTED_EDGE('',*,*,#5718,.F.);
#4137=ORIENTED_EDGE('',*,*,#5719,.T.);
#4138=ORIENTED_EDGE('',*,*,#5716,.T.);
#4139=ORIENTED_EDGE('',*,*,#4684,.F.);
#4140=ORIENTED_EDGE('',*,*,#5720,.F.);
#4141=ORIENTED_EDGE('',*,*,#5721,.T.);
#4142=ORIENTED_EDGE('',*,*,#5718,.T.);
#4143=ORIENTED_EDGE('',*,*,#4683,.F.);
#4144=ORIENTED_EDGE('',*,*,#5722,.F.);
#4145=ORIENTED_EDGE('',*,*,#5723,.T.);
#4146=ORIENTED_EDGE('',*,*,#5720,.T.);
#4147=ORIENTED_EDGE('',*,*,#4682,.F.);
#4148=ORIENTED_EDGE('',*,*,#5724,.F.);
#4149=ORIENTED_EDGE('',*,*,#5725,.T.);
#4150=ORIENTED_EDGE('',*,*,#5722,.T.);
#4151=ORIENTED_EDGE('',*,*,#4681,.F.);
#4152=ORIENTED_EDGE('',*,*,#5726,.F.);
#4153=ORIENTED_EDGE('',*,*,#5727,.T.);
#4154=ORIENTED_EDGE('',*,*,#5724,.T.);
#4155=ORIENTED_EDGE('',*,*,#4680,.F.);
#4156=ORIENTED_EDGE('',*,*,#5728,.F.);
#4157=ORIENTED_EDGE('',*,*,#5729,.T.);
#4158=ORIENTED_EDGE('',*,*,#5726,.T.);
#4159=ORIENTED_EDGE('',*,*,#4679,.F.);
#4160=ORIENTED_EDGE('',*,*,#5730,.F.);
#4161=ORIENTED_EDGE('',*,*,#5731,.T.);
#4162=ORIENTED_EDGE('',*,*,#5728,.T.);
#4163=ORIENTED_EDGE('',*,*,#4678,.F.);
#4164=ORIENTED_EDGE('',*,*,#5732,.F.);
#4165=ORIENTED_EDGE('',*,*,#5733,.T.);
#4166=ORIENTED_EDGE('',*,*,#5730,.T.);
#4167=ORIENTED_EDGE('',*,*,#4677,.F.);
#4168=ORIENTED_EDGE('',*,*,#5734,.F.);
#4169=ORIENTED_EDGE('',*,*,#5735,.T.);
#4170=ORIENTED_EDGE('',*,*,#5732,.T.);
#4171=ORIENTED_EDGE('',*,*,#4676,.F.);
#4172=ORIENTED_EDGE('',*,*,#5736,.F.);
#4173=ORIENTED_EDGE('',*,*,#5737,.T.);
#4174=ORIENTED_EDGE('',*,*,#5734,.T.);
#4175=ORIENTED_EDGE('',*,*,#4675,.F.);
#4176=ORIENTED_EDGE('',*,*,#5738,.F.);
#4177=ORIENTED_EDGE('',*,*,#5739,.T.);
#4178=ORIENTED_EDGE('',*,*,#5736,.T.);
#4179=ORIENTED_EDGE('',*,*,#4674,.F.);
#4180=ORIENTED_EDGE('',*,*,#5740,.F.);
#4181=ORIENTED_EDGE('',*,*,#5741,.T.);
#4182=ORIENTED_EDGE('',*,*,#5738,.T.);
#4183=ORIENTED_EDGE('',*,*,#4673,.F.);
#4184=ORIENTED_EDGE('',*,*,#5742,.F.);
#4185=ORIENTED_EDGE('',*,*,#5743,.T.);
#4186=ORIENTED_EDGE('',*,*,#5740,.T.);
#4187=ORIENTED_EDGE('',*,*,#4672,.F.);
#4188=ORIENTED_EDGE('',*,*,#5744,.F.);
#4189=ORIENTED_EDGE('',*,*,#5745,.T.);
#4190=ORIENTED_EDGE('',*,*,#5742,.T.);
#4191=ORIENTED_EDGE('',*,*,#4671,.F.);
#4192=ORIENTED_EDGE('',*,*,#5746,.F.);
#4193=ORIENTED_EDGE('',*,*,#5747,.T.);
#4194=ORIENTED_EDGE('',*,*,#5744,.T.);
#4195=ORIENTED_EDGE('',*,*,#4670,.F.);
#4196=ORIENTED_EDGE('',*,*,#5748,.F.);
#4197=ORIENTED_EDGE('',*,*,#5749,.T.);
#4198=ORIENTED_EDGE('',*,*,#5746,.T.);
#4199=ORIENTED_EDGE('',*,*,#4669,.F.);
#4200=ORIENTED_EDGE('',*,*,#5750,.F.);
#4201=ORIENTED_EDGE('',*,*,#5751,.T.);
#4202=ORIENTED_EDGE('',*,*,#5748,.T.);
#4203=ORIENTED_EDGE('',*,*,#4668,.F.);
#4204=ORIENTED_EDGE('',*,*,#5752,.F.);
#4205=ORIENTED_EDGE('',*,*,#5753,.T.);
#4206=ORIENTED_EDGE('',*,*,#5750,.T.);
#4207=ORIENTED_EDGE('',*,*,#4667,.F.);
#4208=ORIENTED_EDGE('',*,*,#5754,.F.);
#4209=ORIENTED_EDGE('',*,*,#5755,.T.);
#4210=ORIENTED_EDGE('',*,*,#5752,.T.);
#4211=ORIENTED_EDGE('',*,*,#4666,.F.);
#4212=ORIENTED_EDGE('',*,*,#5756,.F.);
#4213=ORIENTED_EDGE('',*,*,#5757,.T.);
#4214=ORIENTED_EDGE('',*,*,#5754,.T.);
#4215=ORIENTED_EDGE('',*,*,#4665,.F.);
#4216=ORIENTED_EDGE('',*,*,#5758,.F.);
#4217=ORIENTED_EDGE('',*,*,#5759,.T.);
#4218=ORIENTED_EDGE('',*,*,#5756,.T.);
#4219=ORIENTED_EDGE('',*,*,#4664,.F.);
#4220=ORIENTED_EDGE('',*,*,#5760,.F.);
#4221=ORIENTED_EDGE('',*,*,#5761,.T.);
#4222=ORIENTED_EDGE('',*,*,#5758,.T.);
#4223=ORIENTED_EDGE('',*,*,#4663,.F.);
#4224=ORIENTED_EDGE('',*,*,#5762,.F.);
#4225=ORIENTED_EDGE('',*,*,#5763,.T.);
#4226=ORIENTED_EDGE('',*,*,#5760,.T.);
#4227=ORIENTED_EDGE('',*,*,#4662,.F.);
#4228=ORIENTED_EDGE('',*,*,#5764,.F.);
#4229=ORIENTED_EDGE('',*,*,#5765,.T.);
#4230=ORIENTED_EDGE('',*,*,#5762,.T.);
#4231=ORIENTED_EDGE('',*,*,#4661,.F.);
#4232=ORIENTED_EDGE('',*,*,#5679,.F.);
#4233=ORIENTED_EDGE('',*,*,#5766,.T.);
#4234=ORIENTED_EDGE('',*,*,#5764,.T.);
#4235=ORIENTED_EDGE('',*,*,#5678,.F.);
#4236=ORIENTED_EDGE('',*,*,#5681,.F.);
#4237=ORIENTED_EDGE('',*,*,#5683,.F.);
#4238=ORIENTED_EDGE('',*,*,#5685,.F.);
#4239=ORIENTED_EDGE('',*,*,#5687,.F.);
#4240=ORIENTED_EDGE('',*,*,#5689,.F.);
#4241=ORIENTED_EDGE('',*,*,#5691,.F.);
#4242=ORIENTED_EDGE('',*,*,#5693,.F.);
#4243=ORIENTED_EDGE('',*,*,#5695,.F.);
#4244=ORIENTED_EDGE('',*,*,#5697,.F.);
#4245=ORIENTED_EDGE('',*,*,#5699,.F.);
#4246=ORIENTED_EDGE('',*,*,#5701,.F.);
#4247=ORIENTED_EDGE('',*,*,#5703,.F.);
#4248=ORIENTED_EDGE('',*,*,#5705,.F.);
#4249=ORIENTED_EDGE('',*,*,#5707,.F.);
#4250=ORIENTED_EDGE('',*,*,#5709,.F.);
#4251=ORIENTED_EDGE('',*,*,#5711,.F.);
#4252=ORIENTED_EDGE('',*,*,#5713,.F.);
#4253=ORIENTED_EDGE('',*,*,#5715,.F.);
#4254=ORIENTED_EDGE('',*,*,#5717,.F.);
#4255=ORIENTED_EDGE('',*,*,#5719,.F.);
#4256=ORIENTED_EDGE('',*,*,#5721,.F.);
#4257=ORIENTED_EDGE('',*,*,#5723,.F.);
#4258=ORIENTED_EDGE('',*,*,#5725,.F.);
#4259=ORIENTED_EDGE('',*,*,#5727,.F.);
#4260=ORIENTED_EDGE('',*,*,#5729,.F.);
#4261=ORIENTED_EDGE('',*,*,#5731,.F.);
#4262=ORIENTED_EDGE('',*,*,#5733,.F.);
#4263=ORIENTED_EDGE('',*,*,#5735,.F.);
#4264=ORIENTED_EDGE('',*,*,#5737,.F.);
#4265=ORIENTED_EDGE('',*,*,#5739,.F.);
#4266=ORIENTED_EDGE('',*,*,#5741,.F.);
#4267=ORIENTED_EDGE('',*,*,#5743,.F.);
#4268=ORIENTED_EDGE('',*,*,#5745,.F.);
#4269=ORIENTED_EDGE('',*,*,#5747,.F.);
#4270=ORIENTED_EDGE('',*,*,#5749,.F.);
#4271=ORIENTED_EDGE('',*,*,#5751,.F.);
#4272=ORIENTED_EDGE('',*,*,#5753,.F.);
#4273=ORIENTED_EDGE('',*,*,#5755,.F.);
#4274=ORIENTED_EDGE('',*,*,#5757,.F.);
#4275=ORIENTED_EDGE('',*,*,#5759,.F.);
#4276=ORIENTED_EDGE('',*,*,#5761,.F.);
#4277=ORIENTED_EDGE('',*,*,#5763,.F.);
#4278=ORIENTED_EDGE('',*,*,#5765,.F.);
#4279=ORIENTED_EDGE('',*,*,#5766,.F.);
#4280=ORIENTED_EDGE('',*,*,#4705,.F.);
#4281=ORIENTED_EDGE('',*,*,#5767,.F.);
#4282=ORIENTED_EDGE('',*,*,#5768,.T.);
#4283=ORIENTED_EDGE('',*,*,#5769,.T.);
#4284=ORIENTED_EDGE('',*,*,#4704,.F.);
#4285=ORIENTED_EDGE('',*,*,#5770,.F.);
#4286=ORIENTED_EDGE('',*,*,#5771,.T.);
#4287=ORIENTED_EDGE('',*,*,#5767,.T.);
#4288=ORIENTED_EDGE('',*,*,#4746,.F.);
#4289=ORIENTED_EDGE('',*,*,#5772,.F.);
#4290=ORIENTED_EDGE('',*,*,#5773,.T.);
#4291=ORIENTED_EDGE('',*,*,#5770,.T.);
#4292=ORIENTED_EDGE('',*,*,#4745,.F.);
#4293=ORIENTED_EDGE('',*,*,#5774,.F.);
#4294=ORIENTED_EDGE('',*,*,#5775,.T.);
#4295=ORIENTED_EDGE('',*,*,#5772,.T.);
#4296=ORIENTED_EDGE('',*,*,#4744,.F.);
#4297=ORIENTED_EDGE('',*,*,#5776,.F.);
#4298=ORIENTED_EDGE('',*,*,#5777,.T.);
#4299=ORIENTED_EDGE('',*,*,#5774,.T.);
#4300=ORIENTED_EDGE('',*,*,#4743,.F.);
#4301=ORIENTED_EDGE('',*,*,#5778,.F.);
#4302=ORIENTED_EDGE('',*,*,#5779,.T.);
#4303=ORIENTED_EDGE('',*,*,#5776,.T.);
#4304=ORIENTED_EDGE('',*,*,#4742,.F.);
#4305=ORIENTED_EDGE('',*,*,#5780,.F.);
#4306=ORIENTED_EDGE('',*,*,#5781,.T.);
#4307=ORIENTED_EDGE('',*,*,#5778,.T.);
#4308=ORIENTED_EDGE('',*,*,#4741,.F.);
#4309=ORIENTED_EDGE('',*,*,#5782,.F.);
#4310=ORIENTED_EDGE('',*,*,#5783,.T.);
#4311=ORIENTED_EDGE('',*,*,#5780,.T.);
#4312=ORIENTED_EDGE('',*,*,#4740,.F.);
#4313=ORIENTED_EDGE('',*,*,#5784,.F.);
#4314=ORIENTED_EDGE('',*,*,#5785,.T.);
#4315=ORIENTED_EDGE('',*,*,#5782,.T.);
#4316=ORIENTED_EDGE('',*,*,#4739,.F.);
#4317=ORIENTED_EDGE('',*,*,#5786,.F.);
#4318=ORIENTED_EDGE('',*,*,#5787,.T.);
#4319=ORIENTED_EDGE('',*,*,#5784,.T.);
#4320=ORIENTED_EDGE('',*,*,#4738,.F.);
#4321=ORIENTED_EDGE('',*,*,#5788,.F.);
#4322=ORIENTED_EDGE('',*,*,#5789,.T.);
#4323=ORIENTED_EDGE('',*,*,#5786,.T.);
#4324=ORIENTED_EDGE('',*,*,#4737,.F.);
#4325=ORIENTED_EDGE('',*,*,#5790,.F.);
#4326=ORIENTED_EDGE('',*,*,#5791,.T.);
#4327=ORIENTED_EDGE('',*,*,#5788,.T.);
#4328=ORIENTED_EDGE('',*,*,#4736,.F.);
#4329=ORIENTED_EDGE('',*,*,#5792,.F.);
#4330=ORIENTED_EDGE('',*,*,#5793,.T.);
#4331=ORIENTED_EDGE('',*,*,#5790,.T.);
#4332=ORIENTED_EDGE('',*,*,#4735,.F.);
#4333=ORIENTED_EDGE('',*,*,#5794,.F.);
#4334=ORIENTED_EDGE('',*,*,#5795,.T.);
#4335=ORIENTED_EDGE('',*,*,#5792,.T.);
#4336=ORIENTED_EDGE('',*,*,#4734,.F.);
#4337=ORIENTED_EDGE('',*,*,#5796,.F.);
#4338=ORIENTED_EDGE('',*,*,#5797,.T.);
#4339=ORIENTED_EDGE('',*,*,#5794,.T.);
#4340=ORIENTED_EDGE('',*,*,#4733,.F.);
#4341=ORIENTED_EDGE('',*,*,#5798,.F.);
#4342=ORIENTED_EDGE('',*,*,#5799,.T.);
#4343=ORIENTED_EDGE('',*,*,#5796,.T.);
#4344=ORIENTED_EDGE('',*,*,#4732,.F.);
#4345=ORIENTED_EDGE('',*,*,#5800,.F.);
#4346=ORIENTED_EDGE('',*,*,#5801,.T.);
#4347=ORIENTED_EDGE('',*,*,#5798,.T.);
#4348=ORIENTED_EDGE('',*,*,#4731,.F.);
#4349=ORIENTED_EDGE('',*,*,#5802,.F.);
#4350=ORIENTED_EDGE('',*,*,#5803,.T.);
#4351=ORIENTED_EDGE('',*,*,#5800,.T.);
#4352=ORIENTED_EDGE('',*,*,#4730,.F.);
#4353=ORIENTED_EDGE('',*,*,#5804,.F.);
#4354=ORIENTED_EDGE('',*,*,#5805,.T.);
#4355=ORIENTED_EDGE('',*,*,#5802,.T.);
#4356=ORIENTED_EDGE('',*,*,#4729,.F.);
#4357=ORIENTED_EDGE('',*,*,#5806,.F.);
#4358=ORIENTED_EDGE('',*,*,#5807,.T.);
#4359=ORIENTED_EDGE('',*,*,#5804,.T.);
#4360=ORIENTED_EDGE('',*,*,#4728,.F.);
#4361=ORIENTED_EDGE('',*,*,#5808,.F.);
#4362=ORIENTED_EDGE('',*,*,#5809,.T.);
#4363=ORIENTED_EDGE('',*,*,#5806,.T.);
#4364=ORIENTED_EDGE('',*,*,#4727,.F.);
#4365=ORIENTED_EDGE('',*,*,#5810,.F.);
#4366=ORIENTED_EDGE('',*,*,#5811,.T.);
#4367=ORIENTED_EDGE('',*,*,#5808,.T.);
#4368=ORIENTED_EDGE('',*,*,#4726,.F.);
#4369=ORIENTED_EDGE('',*,*,#5812,.F.);
#4370=ORIENTED_EDGE('',*,*,#5813,.T.);
#4371=ORIENTED_EDGE('',*,*,#5810,.T.);
#4372=ORIENTED_EDGE('',*,*,#4725,.F.);
#4373=ORIENTED_EDGE('',*,*,#5814,.F.);
#4374=ORIENTED_EDGE('',*,*,#5815,.T.);
#4375=ORIENTED_EDGE('',*,*,#5812,.T.);
#4376=ORIENTED_EDGE('',*,*,#4724,.F.);
#4377=ORIENTED_EDGE('',*,*,#5816,.F.);
#4378=ORIENTED_EDGE('',*,*,#5817,.T.);
#4379=ORIENTED_EDGE('',*,*,#5814,.T.);
#4380=ORIENTED_EDGE('',*,*,#4723,.F.);
#4381=ORIENTED_EDGE('',*,*,#5818,.F.);
#4382=ORIENTED_EDGE('',*,*,#5819,.T.);
#4383=ORIENTED_EDGE('',*,*,#5816,.T.);
#4384=ORIENTED_EDGE('',*,*,#4722,.F.);
#4385=ORIENTED_EDGE('',*,*,#5820,.F.);
#4386=ORIENTED_EDGE('',*,*,#5821,.T.);
#4387=ORIENTED_EDGE('',*,*,#5818,.T.);
#4388=ORIENTED_EDGE('',*,*,#4721,.F.);
#4389=ORIENTED_EDGE('',*,*,#5822,.F.);
#4390=ORIENTED_EDGE('',*,*,#5823,.T.);
#4391=ORIENTED_EDGE('',*,*,#5820,.T.);
#4392=ORIENTED_EDGE('',*,*,#4720,.F.);
#4393=ORIENTED_EDGE('',*,*,#5824,.F.);
#4394=ORIENTED_EDGE('',*,*,#5825,.T.);
#4395=ORIENTED_EDGE('',*,*,#5822,.T.);
#4396=ORIENTED_EDGE('',*,*,#4719,.F.);
#4397=ORIENTED_EDGE('',*,*,#5826,.F.);
#4398=ORIENTED_EDGE('',*,*,#5827,.T.);
#4399=ORIENTED_EDGE('',*,*,#5824,.T.);
#4400=ORIENTED_EDGE('',*,*,#4718,.F.);
#4401=ORIENTED_EDGE('',*,*,#5828,.F.);
#4402=ORIENTED_EDGE('',*,*,#5829,.T.);
#4403=ORIENTED_EDGE('',*,*,#5826,.T.);
#4404=ORIENTED_EDGE('',*,*,#4717,.F.);
#4405=ORIENTED_EDGE('',*,*,#5830,.F.);
#4406=ORIENTED_EDGE('',*,*,#5831,.T.);
#4407=ORIENTED_EDGE('',*,*,#5828,.T.);
#4408=ORIENTED_EDGE('',*,*,#4716,.F.);
#4409=ORIENTED_EDGE('',*,*,#5832,.F.);
#4410=ORIENTED_EDGE('',*,*,#5833,.T.);
#4411=ORIENTED_EDGE('',*,*,#5830,.T.);
#4412=ORIENTED_EDGE('',*,*,#4715,.F.);
#4413=ORIENTED_EDGE('',*,*,#5834,.F.);
#4414=ORIENTED_EDGE('',*,*,#5835,.T.);
#4415=ORIENTED_EDGE('',*,*,#5832,.T.);
#4416=ORIENTED_EDGE('',*,*,#4714,.F.);
#4417=ORIENTED_EDGE('',*,*,#5836,.F.);
#4418=ORIENTED_EDGE('',*,*,#5837,.T.);
#4419=ORIENTED_EDGE('',*,*,#5834,.T.);
#4420=ORIENTED_EDGE('',*,*,#4713,.F.);
#4421=ORIENTED_EDGE('',*,*,#5838,.F.);
#4422=ORIENTED_EDGE('',*,*,#5839,.T.);
#4423=ORIENTED_EDGE('',*,*,#5836,.T.);
#4424=ORIENTED_EDGE('',*,*,#4712,.F.);
#4425=ORIENTED_EDGE('',*,*,#5840,.F.);
#4426=ORIENTED_EDGE('',*,*,#5841,.T.);
#4427=ORIENTED_EDGE('',*,*,#5838,.T.);
#4428=ORIENTED_EDGE('',*,*,#4711,.F.);
#4429=ORIENTED_EDGE('',*,*,#5842,.F.);
#4430=ORIENTED_EDGE('',*,*,#5843,.T.);
#4431=ORIENTED_EDGE('',*,*,#5840,.T.);
#4432=ORIENTED_EDGE('',*,*,#4710,.F.);
#4433=ORIENTED_EDGE('',*,*,#5844,.F.);
#4434=ORIENTED_EDGE('',*,*,#5845,.T.);
#4435=ORIENTED_EDGE('',*,*,#5842,.T.);
#4436=ORIENTED_EDGE('',*,*,#4709,.F.);
#4437=ORIENTED_EDGE('',*,*,#5846,.F.);
#4438=ORIENTED_EDGE('',*,*,#5847,.T.);
#4439=ORIENTED_EDGE('',*,*,#5844,.T.);
#4440=ORIENTED_EDGE('',*,*,#4708,.F.);
#4441=ORIENTED_EDGE('',*,*,#5848,.F.);
#4442=ORIENTED_EDGE('',*,*,#5849,.T.);
#4443=ORIENTED_EDGE('',*,*,#5846,.T.);
#4444=ORIENTED_EDGE('',*,*,#4707,.F.);
#4445=ORIENTED_EDGE('',*,*,#5850,.F.);
#4446=ORIENTED_EDGE('',*,*,#5851,.T.);
#4447=ORIENTED_EDGE('',*,*,#5848,.T.);
#4448=ORIENTED_EDGE('',*,*,#4706,.F.);
#4449=ORIENTED_EDGE('',*,*,#5769,.F.);
#4450=ORIENTED_EDGE('',*,*,#5852,.T.);
#4451=ORIENTED_EDGE('',*,*,#5850,.T.);
#4452=ORIENTED_EDGE('',*,*,#5768,.F.);
#4453=ORIENTED_EDGE('',*,*,#5771,.F.);
#4454=ORIENTED_EDGE('',*,*,#5773,.F.);
#4455=ORIENTED_EDGE('',*,*,#5775,.F.);
#4456=ORIENTED_EDGE('',*,*,#5777,.F.);
#4457=ORIENTED_EDGE('',*,*,#5779,.F.);
#4458=ORIENTED_EDGE('',*,*,#5781,.F.);
#4459=ORIENTED_EDGE('',*,*,#5783,.F.);
#4460=ORIENTED_EDGE('',*,*,#5785,.F.);
#4461=ORIENTED_EDGE('',*,*,#5787,.F.);
#4462=ORIENTED_EDGE('',*,*,#5789,.F.);
#4463=ORIENTED_EDGE('',*,*,#5791,.F.);
#4464=ORIENTED_EDGE('',*,*,#5793,.F.);
#4465=ORIENTED_EDGE('',*,*,#5795,.F.);
#4466=ORIENTED_EDGE('',*,*,#5797,.F.);
#4467=ORIENTED_EDGE('',*,*,#5799,.F.);
#4468=ORIENTED_EDGE('',*,*,#5801,.F.);
#4469=ORIENTED_EDGE('',*,*,#5803,.F.);
#4470=ORIENTED_EDGE('',*,*,#5805,.F.);
#4471=ORIENTED_EDGE('',*,*,#5807,.F.);
#4472=ORIENTED_EDGE('',*,*,#5809,.F.);
#4473=ORIENTED_EDGE('',*,*,#5811,.F.);
#4474=ORIENTED_EDGE('',*,*,#5813,.F.);
#4475=ORIENTED_EDGE('',*,*,#5815,.F.);
#4476=ORIENTED_EDGE('',*,*,#5817,.F.);
#4477=ORIENTED_EDGE('',*,*,#5819,.F.);
#4478=ORIENTED_EDGE('',*,*,#5821,.F.);
#4479=ORIENTED_EDGE('',*,*,#5823,.F.);
#4480=ORIENTED_EDGE('',*,*,#5825,.F.);
#4481=ORIENTED_EDGE('',*,*,#5827,.F.);
#4482=ORIENTED_EDGE('',*,*,#5829,.F.);
#4483=ORIENTED_EDGE('',*,*,#5831,.F.);
#4484=ORIENTED_EDGE('',*,*,#5833,.F.);
#4485=ORIENTED_EDGE('',*,*,#5835,.F.);
#4486=ORIENTED_EDGE('',*,*,#5837,.F.);
#4487=ORIENTED_EDGE('',*,*,#5839,.F.);
#4488=ORIENTED_EDGE('',*,*,#5841,.F.);
#4489=ORIENTED_EDGE('',*,*,#5843,.F.);
#4490=ORIENTED_EDGE('',*,*,#5845,.F.);
#4491=ORIENTED_EDGE('',*,*,#5847,.F.);
#4492=ORIENTED_EDGE('',*,*,#5849,.F.);
#4493=ORIENTED_EDGE('',*,*,#5851,.F.);
#4494=ORIENTED_EDGE('',*,*,#5852,.F.);
#4495=ORIENTED_EDGE('',*,*,#4748,.F.);
#4496=ORIENTED_EDGE('',*,*,#5853,.F.);
#4497=ORIENTED_EDGE('',*,*,#5854,.T.);
#4498=ORIENTED_EDGE('',*,*,#5855,.T.);
#4499=ORIENTED_EDGE('',*,*,#4747,.F.);
#4500=ORIENTED_EDGE('',*,*,#5856,.F.);
#4501=ORIENTED_EDGE('',*,*,#5857,.T.);
#4502=ORIENTED_EDGE('',*,*,#5853,.T.);
#4503=ORIENTED_EDGE('',*,*,#4769,.F.);
#4504=ORIENTED_EDGE('',*,*,#5858,.F.);
#4505=ORIENTED_EDGE('',*,*,#5859,.T.);
#4506=ORIENTED_EDGE('',*,*,#5856,.T.);
#4507=ORIENTED_EDGE('',*,*,#4768,.F.);
#4508=ORIENTED_EDGE('',*,*,#5860,.F.);
#4509=ORIENTED_EDGE('',*,*,#5861,.T.);
#4510=ORIENTED_EDGE('',*,*,#5858,.T.);
#4511=ORIENTED_EDGE('',*,*,#4767,.F.);
#4512=ORIENTED_EDGE('',*,*,#5862,.F.);
#4513=ORIENTED_EDGE('',*,*,#5863,.T.);
#4514=ORIENTED_EDGE('',*,*,#5860,.T.);
#4515=ORIENTED_EDGE('',*,*,#4766,.F.);
#4516=ORIENTED_EDGE('',*,*,#5864,.F.);
#4517=ORIENTED_EDGE('',*,*,#5865,.T.);
#4518=ORIENTED_EDGE('',*,*,#5862,.T.);
#4519=ORIENTED_EDGE('',*,*,#4765,.F.);
#4520=ORIENTED_EDGE('',*,*,#5866,.F.);
#4521=ORIENTED_EDGE('',*,*,#5867,.T.);
#4522=ORIENTED_EDGE('',*,*,#5864,.T.);
#4523=ORIENTED_EDGE('',*,*,#4764,.F.);
#4524=ORIENTED_EDGE('',*,*,#5868,.F.);
#4525=ORIENTED_EDGE('',*,*,#5869,.T.);
#4526=ORIENTED_EDGE('',*,*,#5866,.T.);
#4527=ORIENTED_EDGE('',*,*,#4763,.F.);
#4528=ORIENTED_EDGE('',*,*,#5870,.F.);
#4529=ORIENTED_EDGE('',*,*,#5871,.T.);
#4530=ORIENTED_EDGE('',*,*,#5868,.T.);
#4531=ORIENTED_EDGE('',*,*,#4762,.F.);
#4532=ORIENTED_EDGE('',*,*,#5872,.F.);
#4533=ORIENTED_EDGE('',*,*,#5873,.T.);
#4534=ORIENTED_EDGE('',*,*,#5870,.T.);
#4535=ORIENTED_EDGE('',*,*,#4761,.F.);
#4536=ORIENTED_EDGE('',*,*,#5874,.F.);
#4537=ORIENTED_EDGE('',*,*,#5875,.T.);
#4538=ORIENTED_EDGE('',*,*,#5872,.T.);
#4539=ORIENTED_EDGE('',*,*,#4760,.F.);
#4540=ORIENTED_EDGE('',*,*,#5876,.F.);
#4541=ORIENTED_EDGE('',*,*,#5877,.T.);
#4542=ORIENTED_EDGE('',*,*,#5874,.T.);
#4543=ORIENTED_EDGE('',*,*,#4759,.F.);
#4544=ORIENTED_EDGE('',*,*,#5878,.F.);
#4545=ORIENTED_EDGE('',*,*,#5879,.T.);
#4546=ORIENTED_EDGE('',*,*,#5876,.T.);
#4547=ORIENTED_EDGE('',*,*,#4758,.F.);
#4548=ORIENTED_EDGE('',*,*,#5880,.F.);
#4549=ORIENTED_EDGE('',*,*,#5881,.T.);
#4550=ORIENTED_EDGE('',*,*,#5878,.T.);
#4551=ORIENTED_EDGE('',*,*,#4757,.F.);
#4552=ORIENTED_EDGE('',*,*,#5882,.F.);
#4553=ORIENTED_EDGE('',*,*,#5883,.T.);
#4554=ORIENTED_EDGE('',*,*,#5880,.T.);
#4555=ORIENTED_EDGE('',*,*,#4756,.F.);
#4556=ORIENTED_EDGE('',*,*,#5884,.F.);
#4557=ORIENTED_EDGE('',*,*,#5885,.T.);
#4558=ORIENTED_EDGE('',*,*,#5882,.T.);
#4559=ORIENTED_EDGE('',*,*,#4755,.F.);
#4560=ORIENTED_EDGE('',*,*,#5886,.F.);
#4561=ORIENTED_EDGE('',*,*,#5887,.T.);
#4562=ORIENTED_EDGE('',*,*,#5884,.T.);
#4563=ORIENTED_EDGE('',*,*,#4754,.F.);
#4564=ORIENTED_EDGE('',*,*,#5888,.F.);
#4565=ORIENTED_EDGE('',*,*,#5889,.T.);
#4566=ORIENTED_EDGE('',*,*,#5886,.T.);
#4567=ORIENTED_EDGE('',*,*,#4753,.F.);
#4568=ORIENTED_EDGE('',*,*,#5890,.F.);
#4569=ORIENTED_EDGE('',*,*,#5891,.T.);
#4570=ORIENTED_EDGE('',*,*,#5888,.T.);
#4571=ORIENTED_EDGE('',*,*,#4752,.F.);
#4572=ORIENTED_EDGE('',*,*,#5892,.F.);
#4573=ORIENTED_EDGE('',*,*,#5893,.T.);
#4574=ORIENTED_EDGE('',*,*,#5890,.T.);
#4575=ORIENTED_EDGE('',*,*,#4751,.F.);
#4576=ORIENTED_EDGE('',*,*,#5894,.F.);
#4577=ORIENTED_EDGE('',*,*,#5895,.T.);
#4578=ORIENTED_EDGE('',*,*,#5892,.T.);
#4579=ORIENTED_EDGE('',*,*,#4750,.F.);
#4580=ORIENTED_EDGE('',*,*,#5896,.F.);
#4581=ORIENTED_EDGE('',*,*,#5897,.T.);
#4582=ORIENTED_EDGE('',*,*,#5894,.T.);
#4583=ORIENTED_EDGE('',*,*,#4749,.F.);
#4584=ORIENTED_EDGE('',*,*,#5855,.F.);
#4585=ORIENTED_EDGE('',*,*,#5898,.T.);
#4586=ORIENTED_EDGE('',*,*,#5896,.T.);
#4587=ORIENTED_EDGE('',*,*,#5854,.F.);
#4588=ORIENTED_EDGE('',*,*,#5857,.F.);
#4589=ORIENTED_EDGE('',*,*,#5859,.F.);
#4590=ORIENTED_EDGE('',*,*,#5861,.F.);
#4591=ORIENTED_EDGE('',*,*,#5863,.F.);
#4592=ORIENTED_EDGE('',*,*,#5865,.F.);
#4593=ORIENTED_EDGE('',*,*,#5867,.F.);
#4594=ORIENTED_EDGE('',*,*,#5869,.F.);
#4595=ORIENTED_EDGE('',*,*,#5871,.F.);
#4596=ORIENTED_EDGE('',*,*,#5873,.F.);
#4597=ORIENTED_EDGE('',*,*,#5875,.F.);
#4598=ORIENTED_EDGE('',*,*,#5877,.F.);
#4599=ORIENTED_EDGE('',*,*,#5879,.F.);
#4600=ORIENTED_EDGE('',*,*,#5881,.F.);
#4601=ORIENTED_EDGE('',*,*,#5883,.F.);
#4602=ORIENTED_EDGE('',*,*,#5885,.F.);
#4603=ORIENTED_EDGE('',*,*,#5887,.F.);
#4604=ORIENTED_EDGE('',*,*,#5889,.F.);
#4605=ORIENTED_EDGE('',*,*,#5891,.F.);
#4606=ORIENTED_EDGE('',*,*,#5893,.F.);
#4607=ORIENTED_EDGE('',*,*,#5895,.F.);
#4608=ORIENTED_EDGE('',*,*,#5897,.F.);
#4609=ORIENTED_EDGE('',*,*,#5898,.F.);
#4610=EDGE_CURVE('',#5899,#5900,#6749,.T.);
#4611=EDGE_CURVE('',#5900,#5901,#6750,.T.);
#4612=EDGE_CURVE('',#5901,#5902,#6751,.T.);
#4613=EDGE_CURVE('',#5902,#5899,#6752,.T.);
#4614=EDGE_CURVE('',#5903,#5904,#1598,.F.);
#4615=EDGE_CURVE('',#5904,#5905,#1599,.F.);
#4616=EDGE_CURVE('',#5905,#5906,#1600,.F.);
#4617=EDGE_CURVE('',#5906,#5907,#1601,.F.);
#4618=EDGE_CURVE('',#5907,#5908,#328,.T.);
#4619=EDGE_CURVE('',#5908,#5909,#1602,.F.);
#4620=EDGE_CURVE('',#5909,#5910,#1603,.F.);
#4621=EDGE_CURVE('',#5910,#5911,#1604,.F.);
#4622=EDGE_CURVE('',#5911,#5912,#1605,.F.);
#4623=EDGE_CURVE('',#5912,#5913,#329,.T.);
#4624=EDGE_CURVE('',#5913,#5914,#6753,.T.);
#4625=EDGE_CURVE('',#5914,#5915,#1606,.F.);
#4626=EDGE_CURVE('',#5915,#5916,#6754,.T.);
#4627=EDGE_CURVE('',#5916,#5917,#6755,.T.);
#4628=EDGE_CURVE('',#5917,#5918,#6756,.T.);
#4629=EDGE_CURVE('',#5918,#5919,#6757,.T.);
#4630=EDGE_CURVE('',#5919,#5920,#1607,.F.);
#4631=EDGE_CURVE('',#5920,#5921,#330,.T.);
#4632=EDGE_CURVE('',#5921,#5922,#1608,.F.);
#4633=EDGE_CURVE('',#5922,#5923,#1609,.F.);
#4634=EDGE_CURVE('',#5923,#5924,#1610,.F.);
#4635=EDGE_CURVE('',#5924,#5925,#1611,.F.);
#4636=EDGE_CURVE('',#5925,#5926,#1612,.F.);
#4637=EDGE_CURVE('',#5926,#5927,#331,.T.);
#4638=EDGE_CURVE('',#5927,#5928,#1613,.T.);
#4639=EDGE_CURVE('',#5928,#5929,#1614,.T.);
#4640=EDGE_CURVE('',#5929,#5930,#1615,.T.);
#4641=EDGE_CURVE('',#5930,#5931,#6758,.T.);
#4642=EDGE_CURVE('',#5931,#5932,#1616,.T.);
#4643=EDGE_CURVE('',#5932,#5933,#1617,.T.);
#4644=EDGE_CURVE('',#5933,#5934,#332,.T.);
#4645=EDGE_CURVE('',#5934,#5935,#1618,.F.);
#4646=EDGE_CURVE('',#5935,#5936,#1619,.F.);
#4647=EDGE_CURVE('',#5936,#5937,#1620,.F.);
#4648=EDGE_CURVE('',#5937,#5938,#1621,.F.);
#4649=EDGE_CURVE('',#5938,#5939,#1622,.F.);
#4650=EDGE_CURVE('',#5939,#5940,#333,.T.);
#4651=EDGE_CURVE('',#5940,#5941,#1623,.T.);
#4652=EDGE_CURVE('',#5941,#5942,#1624,.T.);
#4653=EDGE_CURVE('',#5942,#5943,#1625,.T.);
#4654=EDGE_CURVE('',#5943,#5944,#6759,.T.);
#4655=EDGE_CURVE('',#5944,#5945,#1626,.T.);
#4656=EDGE_CURVE('',#5945,#5946,#1627,.T.);
#4657=EDGE_CURVE('',#5946,#5947,#334,.T.);
#4658=EDGE_CURVE('',#5947,#5903,#1628,.F.);
#4659=EDGE_CURVE('',#5948,#5949,#1629,.F.);
#4660=EDGE_CURVE('',#5949,#5950,#1630,.F.);
#4661=EDGE_CURVE('',#5950,#5951,#1631,.F.);
#4662=EDGE_CURVE('',#5951,#5952,#1632,.F.);
#4663=EDGE_CURVE('',#5952,#5953,#335,.T.);
#4664=EDGE_CURVE('',#5953,#5954,#1633,.F.);
#4665=EDGE_CURVE('',#5954,#5955,#1634,.F.);
#4666=EDGE_CURVE('',#5955,#5956,#1635,.F.);
#4667=EDGE_CURVE('',#5956,#5957,#1636,.F.);
#4668=EDGE_CURVE('',#5957,#5958,#336,.T.);
#4669=EDGE_CURVE('',#5958,#5959,#6760,.T.);
#4670=EDGE_CURVE('',#5959,#5960,#1637,.F.);
#4671=EDGE_CURVE('',#5960,#5961,#6761,.T.);
#4672=EDGE_CURVE('',#5961,#5962,#6762,.T.);
#4673=EDGE_CURVE('',#5962,#5963,#6763,.T.);
#4674=EDGE_CURVE('',#5963,#5964,#6764,.T.);
#4675=EDGE_CURVE('',#5964,#5965,#1638,.F.);
#4676=EDGE_CURVE('',#5965,#5966,#337,.T.);
#4677=EDGE_CURVE('',#5966,#5967,#1639,.F.);
#4678=EDGE_CURVE('',#5967,#5968,#1640,.F.);
#4679=EDGE_CURVE('',#5968,#5969,#1641,.F.);
#4680=EDGE_CURVE('',#5969,#5970,#1642,.F.);
#4681=EDGE_CURVE('',#5970,#5971,#1643,.F.);
#4682=EDGE_CURVE('',#5971,#5972,#338,.T.);
#4683=EDGE_CURVE('',#5972,#5973,#1644,.T.);
#4684=EDGE_CURVE('',#5973,#5974,#1645,.T.);
#4685=EDGE_CURVE('',#5974,#5975,#1646,.T.);
#4686=EDGE_CURVE('',#5975,#5976,#6765,.T.);
#4687=EDGE_CURVE('',#5976,#5977,#1647,.T.);
#4688=EDGE_CURVE('',#5977,#5978,#1648,.T.);
#4689=EDGE_CURVE('',#5978,#5979,#339,.T.);
#4690=EDGE_CURVE('',#5979,#5980,#1649,.F.);
#4691=EDGE_CURVE('',#5980,#5981,#1650,.F.);
#4692=EDGE_CURVE('',#5981,#5982,#1651,.F.);
#4693=EDGE_CURVE('',#5982,#5983,#1652,.F.);
#4694=EDGE_CURVE('',#5983,#5984,#1653,.F.);
#4695=EDGE_CURVE('',#5984,#5985,#340,.T.);
#4696=EDGE_CURVE('',#5985,#5986,#1654,.T.);
#4697=EDGE_CURVE('',#5986,#5987,#1655,.T.);
#4698=EDGE_CURVE('',#5987,#5988,#1656,.T.);
#4699=EDGE_CURVE('',#5988,#5989,#6766,.T.);
#4700=EDGE_CURVE('',#5989,#5990,#1657,.T.);
#4701=EDGE_CURVE('',#5990,#5991,#1658,.T.);
#4702=EDGE_CURVE('',#5991,#5992,#341,.T.);
#4703=EDGE_CURVE('',#5992,#5948,#1659,.F.);
#4704=EDGE_CURVE('',#5993,#5994,#1660,.F.);
#4705=EDGE_CURVE('',#5994,#5995,#1661,.F.);
#4706=EDGE_CURVE('',#5995,#5996,#1662,.F.);
#4707=EDGE_CURVE('',#5996,#5997,#1663,.F.);
#4708=EDGE_CURVE('',#5997,#5998,#1664,.F.);
#4709=EDGE_CURVE('',#5998,#5999,#1665,.F.);
#4710=EDGE_CURVE('',#5999,#6000,#1666,.F.);
#4711=EDGE_CURVE('',#6000,#6001,#1667,.T.);
#4712=EDGE_CURVE('',#6001,#6002,#6767,.T.);
#4713=EDGE_CURVE('',#6002,#6003,#1668,.T.);
#4714=EDGE_CURVE('',#6003,#6004,#1669,.T.);
#4715=EDGE_CURVE('',#6004,#6005,#1670,.T.);
#4716=EDGE_CURVE('',#6005,#6006,#1671,.T.);
#4717=EDGE_CURVE('',#6006,#6007,#1672,.T.);
#4718=EDGE_CURVE('',#6007,#6008,#1673,.T.);
#4719=EDGE_CURVE('',#6008,#6009,#1674,.F.);
#4720=EDGE_CURVE('',#6009,#6010,#1675,.F.);
#4721=EDGE_CURVE('',#6010,#6011,#1676,.F.);
#4722=EDGE_CURVE('',#6011,#6012,#1677,.F.);
#4723=EDGE_CURVE('',#6012,#6013,#1678,.T.);
#4724=EDGE_CURVE('',#6013,#6014,#1679,.T.);
#4725=EDGE_CURVE('',#6014,#6015,#6768,.T.);
#4726=EDGE_CURVE('',#6015,#6016,#6769,.T.);
#4727=EDGE_CURVE('',#6016,#6017,#6770,.T.);
#4728=EDGE_CURVE('',#6017,#6018,#1680,.T.);
#4729=EDGE_CURVE('',#6018,#6019,#1681,.T.);
#4730=EDGE_CURVE('',#6019,#6020,#342,.T.);
#4731=EDGE_CURVE('',#6020,#6021,#1682,.F.);
#4732=EDGE_CURVE('',#6021,#6022,#1683,.T.);
#4733=EDGE_CURVE('',#6022,#6023,#1684,.F.);
#4734=EDGE_CURVE('',#6023,#6024,#1685,.F.);
#4735=EDGE_CURVE('',#6024,#6025,#1686,.F.);
#4736=EDGE_CURVE('',#6025,#6026,#1687,.F.);
#4737=EDGE_CURVE('',#6026,#6027,#1688,.F.);
#4738=EDGE_CURVE('',#6027,#6028,#6771,.T.);
#4739=EDGE_CURVE('',#6028,#6029,#6772,.T.);
#4740=EDGE_CURVE('',#6029,#6030,#1689,.F.);
#4741=EDGE_CURVE('',#6030,#6031,#1690,.F.);
#4742=EDGE_CURVE('',#6031,#6032,#1691,.F.);
#4743=EDGE_CURVE('',#6032,#6033,#1692,.F.);
#4744=EDGE_CURVE('',#6033,#6034,#1693,.F.);
#4745=EDGE_CURVE('',#6034,#6035,#1694,.F.);
#4746=EDGE_CURVE('',#6035,#5993,#1695,.F.);
#4747=EDGE_CURVE('',#6036,#6037,#343,.T.);
#4748=EDGE_CURVE('',#6037,#6038,#1696,.F.);
#4749=EDGE_CURVE('',#6038,#6039,#1697,.F.);
#4750=EDGE_CURVE('',#6039,#6040,#1698,.F.);
#4751=EDGE_CURVE('',#6040,#6041,#1699,.F.);
#4752=EDGE_CURVE('',#6041,#6042,#344,.T.);
#4753=EDGE_CURVE('',#6042,#6043,#345,.T.);
#4754=EDGE_CURVE('',#6043,#6044,#346,.T.);
#4755=EDGE_CURVE('',#6044,#6045,#1700,.F.);
#4756=EDGE_CURVE('',#6045,#6046,#1701,.F.);
#4757=EDGE_CURVE('',#6046,#6047,#1702,.F.);
#4758=EDGE_CURVE('',#6047,#6048,#1703,.F.);
#4759=EDGE_CURVE('',#6048,#6049,#1704,.F.);
#4760=EDGE_CURVE('',#6049,#6050,#347,.T.);
#4761=EDGE_CURVE('',#6050,#6051,#6773,.T.);
#4762=EDGE_CURVE('',#6051,#6052,#1705,.F.);
#4763=EDGE_CURVE('',#6052,#6053,#1706,.F.);
#4764=EDGE_CURVE('',#6053,#6054,#348,.T.);
#4765=EDGE_CURVE('',#6054,#6055,#349,.T.);
#4766=EDGE_CURVE('',#6055,#6056,#1707,.F.);
#4767=EDGE_CURVE('',#6056,#6057,#1708,.F.);
#4768=EDGE_CURVE('',#6057,#6058,#1709,.F.);
#4769=EDGE_CURVE('',#6058,#6036,#1710,.F.);
#4770=EDGE_CURVE('',#6059,#6060,#6774,.T.);
#4771=EDGE_CURVE('',#6060,#6061,#6775,.T.);
#4772=EDGE_CURVE('',#6061,#6062,#6776,.T.);
#4773=EDGE_CURVE('',#6062,#6059,#6777,.T.);
#4774=EDGE_CURVE('',#6063,#6064,#1711,.F.);
#4775=EDGE_CURVE('',#6064,#6065,#1712,.F.);
#4776=EDGE_CURVE('',#6065,#6066,#1713,.F.);
#4777=EDGE_CURVE('',#6066,#6067,#1714,.F.);
#4778=EDGE_CURVE('',#6067,#6068,#350,.T.);
#4779=EDGE_CURVE('',#6068,#6069,#1715,.F.);
#4780=EDGE_CURVE('',#6069,#6070,#1716,.F.);
#4781=EDGE_CURVE('',#6070,#6071,#1717,.F.);
#4782=EDGE_CURVE('',#6071,#6072,#1718,.F.);
#4783=EDGE_CURVE('',#6072,#6073,#351,.T.);
#4784=EDGE_CURVE('',#6073,#6074,#6778,.T.);
#4785=EDGE_CURVE('',#6074,#6075,#1719,.F.);
#4786=EDGE_CURVE('',#6075,#6076,#6779,.T.);
#4787=EDGE_CURVE('',#6076,#6077,#6780,.T.);
#4788=EDGE_CURVE('',#6077,#6078,#6781,.T.);
#4789=EDGE_CURVE('',#6078,#6079,#6782,.T.);
#4790=EDGE_CURVE('',#6079,#6080,#1720,.F.);
#4791=EDGE_CURVE('',#6080,#6081,#352,.T.);
#4792=EDGE_CURVE('',#6081,#6082,#1721,.F.);
#4793=EDGE_CURVE('',#6082,#6083,#1722,.F.);
#4794=EDGE_CURVE('',#6083,#6084,#1723,.F.);
#4795=EDGE_CURVE('',#6084,#6085,#1724,.F.);
#4796=EDGE_CURVE('',#6085,#6086,#1725,.F.);
#4797=EDGE_CURVE('',#6086,#6087,#353,.T.);
#4798=EDGE_CURVE('',#6087,#6088,#1726,.T.);
#4799=EDGE_CURVE('',#6088,#6089,#1727,.T.);
#4800=EDGE_CURVE('',#6089,#6090,#1728,.T.);
#4801=EDGE_CURVE('',#6090,#6091,#1729,.T.);
#4802=EDGE_CURVE('',#6091,#6092,#1730,.T.);
#4803=EDGE_CURVE('',#6092,#6093,#1731,.T.);
#4804=EDGE_CURVE('',#6093,#6094,#354,.T.);
#4805=EDGE_CURVE('',#6094,#6095,#1732,.F.);
#4806=EDGE_CURVE('',#6095,#6096,#1733,.F.);
#4807=EDGE_CURVE('',#6096,#6097,#1734,.F.);
#4808=EDGE_CURVE('',#6097,#6098,#1735,.F.);
#4809=EDGE_CURVE('',#6098,#6099,#1736,.F.);
#4810=EDGE_CURVE('',#6099,#6100,#355,.T.);
#4811=EDGE_CURVE('',#6100,#6101,#1737,.T.);
#4812=EDGE_CURVE('',#6101,#6102,#1738,.T.);
#4813=EDGE_CURVE('',#6102,#6103,#1739,.T.);
#4814=EDGE_CURVE('',#6103,#6104,#6783,.T.);
#4815=EDGE_CURVE('',#6104,#6105,#1740,.T.);
#4816=EDGE_CURVE('',#6105,#6106,#1741,.T.);
#4817=EDGE_CURVE('',#6106,#6107,#356,.T.);
#4818=EDGE_CURVE('',#6107,#6063,#1742,.F.);
#4819=EDGE_CURVE('',#6108,#6109,#1743,.F.);
#4820=EDGE_CURVE('',#6109,#6110,#1744,.F.);
#4821=EDGE_CURVE('',#6110,#6111,#1745,.F.);
#4822=EDGE_CURVE('',#6111,#6112,#1746,.F.);
#4823=EDGE_CURVE('',#6112,#6113,#357,.T.);
#4824=EDGE_CURVE('',#6113,#6114,#358,.T.);
#4825=EDGE_CURVE('',#6114,#6115,#1747,.F.);
#4826=EDGE_CURVE('',#6115,#6116,#1748,.F.);
#4827=EDGE_CURVE('',#6116,#6117,#1749,.F.);
#4828=EDGE_CURVE('',#6117,#6118,#1750,.F.);
#4829=EDGE_CURVE('',#6118,#6119,#359,.T.);
#4830=EDGE_CURVE('',#6119,#6120,#1751,.F.);
#4831=EDGE_CURVE('',#6120,#6121,#1752,.F.);
#4832=EDGE_CURVE('',#6121,#6122,#1753,.F.);
#4833=EDGE_CURVE('',#6122,#6108,#360,.T.);
#4834=EDGE_CURVE('',#6123,#6124,#1754,.F.);
#4835=EDGE_CURVE('',#6124,#6125,#1755,.F.);
#4836=EDGE_CURVE('',#6125,#6126,#1756,.F.);
#4837=EDGE_CURVE('',#6126,#6127,#1757,.F.);
#4838=EDGE_CURVE('',#6127,#6128,#361,.T.);
#4839=EDGE_CURVE('',#6128,#6129,#1758,.F.);
#4840=EDGE_CURVE('',#6129,#6130,#1759,.F.);
#4841=EDGE_CURVE('',#6130,#6131,#1760,.F.);
#4842=EDGE_CURVE('',#6131,#6132,#1761,.F.);
#4843=EDGE_CURVE('',#6132,#6133,#362,.T.);
#4844=EDGE_CURVE('',#6133,#6134,#6784,.T.);
#4845=EDGE_CURVE('',#6134,#6135,#1762,.F.);
#4846=EDGE_CURVE('',#6135,#6136,#6785,.T.);
#4847=EDGE_CURVE('',#6136,#6137,#6786,.T.);
#4848=EDGE_CURVE('',#6137,#6138,#6787,.T.);
#4849=EDGE_CURVE('',#6138,#6139,#6788,.T.);
#4850=EDGE_CURVE('',#6139,#6140,#1763,.F.);
#4851=EDGE_CURVE('',#6140,#6141,#363,.T.);
#4852=EDGE_CURVE('',#6141,#6142,#1764,.F.);
#4853=EDGE_CURVE('',#6142,#6143,#1765,.F.);
#4854=EDGE_CURVE('',#6143,#6144,#1766,.F.);
#4855=EDGE_CURVE('',#6144,#6145,#1767,.F.);
#4856=EDGE_CURVE('',#6145,#6146,#1768,.F.);
#4857=EDGE_CURVE('',#6146,#6147,#364,.T.);
#4858=EDGE_CURVE('',#6147,#6148,#1769,.T.);
#4859=EDGE_CURVE('',#6148,#6149,#1770,.T.);
#4860=EDGE_CURVE('',#6149,#6150,#1771,.T.);
#4861=EDGE_CURVE('',#6150,#6151,#1772,.T.);
#4862=EDGE_CURVE('',#6151,#6152,#1773,.T.);
#4863=EDGE_CURVE('',#6152,#6153,#1774,.T.);
#4864=EDGE_CURVE('',#6153,#6154,#365,.T.);
#4865=EDGE_CURVE('',#6154,#6155,#1775,.F.);
#4866=EDGE_CURVE('',#6155,#6156,#1776,.F.);
#4867=EDGE_CURVE('',#6156,#6157,#1777,.F.);
#4868=EDGE_CURVE('',#6157,#6158,#1778,.F.);
#4869=EDGE_CURVE('',#6158,#6159,#1779,.F.);
#4870=EDGE_CURVE('',#6159,#6160,#366,.T.);
#4871=EDGE_CURVE('',#6160,#6161,#1780,.T.);
#4872=EDGE_CURVE('',#6161,#6162,#1781,.T.);
#4873=EDGE_CURVE('',#6162,#6163,#1782,.T.);
#4874=EDGE_CURVE('',#6163,#6164,#6789,.T.);
#4875=EDGE_CURVE('',#6164,#6165,#1783,.T.);
#4876=EDGE_CURVE('',#6165,#6166,#1784,.T.);
#4877=EDGE_CURVE('',#6166,#6167,#367,.T.);
#4878=EDGE_CURVE('',#6167,#6123,#1785,.F.);
#4879=EDGE_CURVE('',#6168,#6169,#368,.T.);
#4880=EDGE_CURVE('',#6169,#6170,#1786,.F.);
#4881=EDGE_CURVE('',#6170,#6171,#1787,.F.);
#4882=EDGE_CURVE('',#6171,#6172,#1788,.F.);
#4883=EDGE_CURVE('',#6172,#6173,#1789,.F.);
#4884=EDGE_CURVE('',#6173,#6174,#369,.T.);
#4885=EDGE_CURVE('',#6174,#6175,#370,.T.);
#4886=EDGE_CURVE('',#6175,#6176,#371,.T.);
#4887=EDGE_CURVE('',#6176,#6177,#1790,.F.);
#4888=EDGE_CURVE('',#6177,#6178,#1791,.F.);
#4889=EDGE_CURVE('',#6178,#6179,#1792,.F.);
#4890=EDGE_CURVE('',#6179,#6180,#1793,.F.);
#4891=EDGE_CURVE('',#6180,#6181,#1794,.F.);
#4892=EDGE_CURVE('',#6181,#6182,#372,.T.);
#4893=EDGE_CURVE('',#6182,#6183,#1795,.F.);
#4894=EDGE_CURVE('',#6183,#6184,#1796,.F.);
#4895=EDGE_CURVE('',#6184,#6185,#1797,.F.);
#4896=EDGE_CURVE('',#6185,#6186,#373,.T.);
#4897=EDGE_CURVE('',#6186,#6187,#374,.T.);
#4898=EDGE_CURVE('',#6187,#6188,#1798,.F.);
#4899=EDGE_CURVE('',#6188,#6189,#1799,.F.);
#4900=EDGE_CURVE('',#6189,#6190,#1800,.F.);
#4901=EDGE_CURVE('',#6190,#6168,#1801,.F.);
#4902=EDGE_CURVE('',#6191,#6192,#375,.T.);
#4903=EDGE_CURVE('',#6192,#6193,#376,.T.);
#4904=EDGE_CURVE('',#6193,#6194,#377,.T.);
#4905=EDGE_CURVE('',#6194,#6195,#378,.T.);
#4906=EDGE_CURVE('',#6195,#6196,#379,.T.);
#4907=EDGE_CURVE('',#6196,#6197,#380,.T.);
#4908=EDGE_CURVE('',#6197,#6198,#381,.T.);
#4909=EDGE_CURVE('',#6198,#6191,#382,.T.);
#4910=EDGE_CURVE('',#6199,#6200,#6790,.T.);
#4911=EDGE_CURVE('',#6200,#6201,#6791,.T.);
#4912=EDGE_CURVE('',#6202,#6201,#1802,.T.);
#4913=EDGE_CURVE('',#6202,#6203,#6792,.T.);
#4914=EDGE_CURVE('',#6203,#6204,#6793,.T.);
#4915=EDGE_CURVE('',#6204,#6205,#6794,.T.);
#4916=EDGE_CURVE('',#6206,#6205,#1803,.T.);
#4917=EDGE_CURVE('',#6206,#6199,#6795,.T.);
#4918=EDGE_CURVE('',#6207,#6208,#6796,.T.);
#4919=EDGE_CURVE('',#6208,#6209,#6797,.T.);
#4920=EDGE_CURVE('',#6209,#6210,#6798,.T.);
#4921=EDGE_CURVE('',#6210,#6211,#383,.T.);
#4922=EDGE_CURVE('',#6211,#6212,#384,.T.);
#4923=EDGE_CURVE('',#6212,#6213,#385,.T.);
#4924=EDGE_CURVE('',#6213,#6214,#386,.T.);
#4925=EDGE_CURVE('',#6214,#6207,#387,.T.);
#4926=EDGE_CURVE('',#6215,#6216,#388,.T.);
#4927=EDGE_CURVE('',#6216,#6217,#389,.T.);
#4928=EDGE_CURVE('',#6217,#6218,#390,.T.);
#4929=EDGE_CURVE('',#6218,#6219,#391,.T.);
#4930=EDGE_CURVE('',#6219,#6220,#392,.T.);
#4931=EDGE_CURVE('',#6220,#6221,#393,.T.);
#4932=EDGE_CURVE('',#6221,#6222,#394,.T.);
#4933=EDGE_CURVE('',#6222,#6223,#395,.T.);
#4934=EDGE_CURVE('',#6223,#6224,#396,.T.);
#4935=EDGE_CURVE('',#6224,#6225,#397,.T.);
#4936=EDGE_CURVE('',#6225,#6226,#398,.T.);
#4937=EDGE_CURVE('',#6226,#6215,#399,.T.);
#4938=EDGE_CURVE('',#6227,#6228,#400,.T.);
#4939=EDGE_CURVE('',#6228,#6229,#401,.T.);
#4940=EDGE_CURVE('',#6229,#6230,#402,.T.);
#4941=EDGE_CURVE('',#6230,#6231,#403,.T.);
#4942=EDGE_CURVE('',#6231,#6232,#1804,.F.);
#4943=EDGE_CURVE('',#6232,#6233,#404,.T.);
#4944=EDGE_CURVE('',#6233,#6234,#405,.T.);
#4945=EDGE_CURVE('',#6234,#6235,#406,.T.);
#4946=EDGE_CURVE('',#6235,#6236,#407,.T.);
#4947=EDGE_CURVE('',#6236,#6237,#408,.T.);
#4948=EDGE_CURVE('',#6237,#6238,#409,.T.);
#4949=EDGE_CURVE('',#6238,#6239,#1805,.F.);
#4950=EDGE_CURVE('',#6239,#6240,#1806,.F.);
#4951=EDGE_CURVE('',#6240,#6241,#410,.T.);
#4952=EDGE_CURVE('',#6241,#6227,#411,.T.);
#4953=EDGE_CURVE('',#6242,#6243,#412,.T.);
#4954=EDGE_CURVE('',#6243,#6244,#413,.T.);
#4955=EDGE_CURVE('',#6244,#6245,#414,.T.);
#4956=EDGE_CURVE('',#6245,#6246,#415,.T.);
#4957=EDGE_CURVE('',#6246,#6247,#1807,.F.);
#4958=EDGE_CURVE('',#6247,#6248,#416,.T.);
#4959=EDGE_CURVE('',#6248,#6249,#417,.T.);
#4960=EDGE_CURVE('',#6249,#6250,#418,.T.);
#4961=EDGE_CURVE('',#6250,#6251,#419,.T.);
#4962=EDGE_CURVE('',#6251,#6252,#420,.T.);
#4963=EDGE_CURVE('',#6252,#6253,#421,.T.);
#4964=EDGE_CURVE('',#6253,#6254,#1808,.F.);
#4965=EDGE_CURVE('',#6254,#6255,#1809,.F.);
#4966=EDGE_CURVE('',#6255,#6256,#422,.T.);
#4967=EDGE_CURVE('',#6256,#6242,#423,.T.);
#4968=EDGE_CURVE('',#6257,#6258,#424,.T.);
#4969=EDGE_CURVE('',#6258,#6259,#425,.T.);
#4970=EDGE_CURVE('',#6259,#6260,#426,.T.);
#4971=EDGE_CURVE('',#6260,#6261,#427,.T.);
#4972=EDGE_CURVE('',#6261,#6262,#428,.T.);
#4973=EDGE_CURVE('',#6262,#6263,#6799,.T.);
#4974=EDGE_CURVE('',#6263,#6264,#6800,.T.);
#4975=EDGE_CURVE('',#6264,#6265,#6801,.T.);
#4976=EDGE_CURVE('',#6265,#6266,#429,.T.);
#4977=EDGE_CURVE('',#6266,#6267,#430,.T.);
#4978=EDGE_CURVE('',#6267,#6257,#431,.T.);
#4979=EDGE_CURVE('',#6268,#6269,#6802,.T.);
#4980=EDGE_CURVE('',#6269,#6270,#6803,.T.);
#4981=EDGE_CURVE('',#6270,#6271,#6804,.T.);
#4982=EDGE_CURVE('',#6271,#6272,#6805,.T.);
#4983=EDGE_CURVE('',#6272,#6273,#432,.T.);
#4984=EDGE_CURVE('',#6273,#6274,#1810,.T.);
#4985=EDGE_CURVE('',#6274,#6275,#1811,.T.);
#4986=EDGE_CURVE('',#6275,#6276,#6806,.T.);
#4987=EDGE_CURVE('',#6276,#6277,#6807,.T.);
#4988=EDGE_CURVE('',#6277,#6278,#6808,.T.);
#4989=EDGE_CURVE('',#6278,#6279,#6809,.T.);
#4990=EDGE_CURVE('',#6279,#6280,#6810,.T.);
#4991=EDGE_CURVE('',#6280,#6281,#6811,.T.);
#4992=EDGE_CURVE('',#6281,#6282,#6812,.T.);
#4993=EDGE_CURVE('',#6282,#6283,#6813,.T.);
#4994=EDGE_CURVE('',#6283,#6284,#6814,.T.);
#4995=EDGE_CURVE('',#6284,#6285,#1812,.F.);
#4996=EDGE_CURVE('',#6285,#6286,#433,.T.);
#4997=EDGE_CURVE('',#6286,#6287,#6815,.T.);
#4998=EDGE_CURVE('',#6287,#6288,#6816,.T.);
#4999=EDGE_CURVE('',#6288,#6289,#6817,.T.);
#5000=EDGE_CURVE('',#6289,#6290,#6818,.T.);
#5001=EDGE_CURVE('',#6290,#6291,#6819,.T.);
#5002=EDGE_CURVE('',#6291,#6292,#6820,.T.);
#5003=EDGE_CURVE('',#6292,#6268,#6821,.T.);
#5004=EDGE_CURVE('',#6293,#6294,#434,.T.);
#5005=EDGE_CURVE('',#6293,#6205,#6822,.T.);
#5006=EDGE_CURVE('',#6205,#6295,#6823,.T.);
#5007=EDGE_CURVE('',#6295,#6296,#6824,.T.);
#5008=EDGE_CURVE('',#6296,#6294,#6825,.T.);
#5009=EDGE_CURVE('',#6297,#6298,#435,.T.);
#5010=EDGE_CURVE('',#6297,#6201,#6826,.T.);
#5011=EDGE_CURVE('',#6201,#6299,#6827,.T.);
#5012=EDGE_CURVE('',#6299,#6300,#6828,.T.);
#5013=EDGE_CURVE('',#6300,#6298,#6829,.T.);
#5014=EDGE_CURVE('',#6301,#6300,#1813,.T.);
#5015=EDGE_CURVE('',#6300,#6302,#6830,.T.);
#5016=EDGE_CURVE('',#6302,#6303,#6831,.T.);
#5017=EDGE_CURVE('',#6303,#6304,#6832,.T.);
#5018=EDGE_CURVE('',#6304,#6296,#1814,.T.);
#5019=EDGE_CURVE('',#6296,#6305,#6833,.T.);
#5020=EDGE_CURVE('',#6305,#6306,#6834,.T.);
#5021=EDGE_CURVE('',#6306,#6301,#6835,.T.);
#5022=EDGE_CURVE('',#6307,#6202,#6836,.T.);
#5023=EDGE_CURVE('',#6202,#6308,#6837,.T.);
#5024=EDGE_CURVE('',#6308,#6309,#436,.T.);
#5025=EDGE_CURVE('',#6309,#6301,#6838,.T.);
#5026=EDGE_CURVE('',#6301,#6307,#6839,.T.);
#5027=EDGE_CURVE('',#6310,#6311,#437,.T.);
#5028=EDGE_CURVE('',#6310,#6297,#6840,.T.);
#5029=EDGE_CURVE('',#6298,#6311,#6841,.T.);
#5030=EDGE_CURVE('',#6312,#6313,#438,.T.);
#5031=EDGE_CURVE('',#6312,#6310,#6842,.T.);
#5032=EDGE_CURVE('',#6311,#6313,#6843,.T.);
#5033=EDGE_CURVE('',#6308,#6312,#6844,.T.);
#5034=EDGE_CURVE('',#6313,#6309,#6845,.T.);
#5035=EDGE_CURVE('',#6314,#6315,#6846,.T.);
#5036=EDGE_CURVE('',#6315,#6316,#6847,.T.);
#5037=EDGE_CURVE('',#6316,#6317,#6848,.T.);
#5038=EDGE_CURVE('',#6317,#6314,#6849,.T.);
#5039=EDGE_CURVE('',#6318,#6206,#6850,.T.);
#5040=EDGE_CURVE('',#6206,#6319,#6851,.T.);
#5041=EDGE_CURVE('',#6319,#6320,#439,.T.);
#5042=EDGE_CURVE('',#6320,#6304,#6852,.T.);
#5043=EDGE_CURVE('',#6304,#6318,#6853,.T.);
#5044=EDGE_CURVE('',#6321,#6322,#440,.T.);
#5045=EDGE_CURVE('',#6321,#6293,#6854,.T.);
#5046=EDGE_CURVE('',#6294,#6322,#6855,.T.);
#5047=EDGE_CURVE('',#6323,#6324,#441,.T.);
#5048=EDGE_CURVE('',#6323,#6321,#6856,.T.);
#5049=EDGE_CURVE('',#6322,#6324,#6857,.T.);
#5050=EDGE_CURVE('',#6319,#6323,#6858,.T.);
#5051=EDGE_CURVE('',#6324,#6320,#6859,.T.);
#5052=EDGE_CURVE('',#6325,#6326,#6860,.T.);
#5053=EDGE_CURVE('',#6326,#6327,#6861,.T.);
#5054=EDGE_CURVE('',#6327,#6328,#6862,.T.);
#5055=EDGE_CURVE('',#6328,#6325,#6863,.T.);
#5056=EDGE_CURVE('',#6329,#6303,#6864,.T.);
#5057=EDGE_CURVE('',#6318,#6329,#6865,.F.);
#5058=EDGE_CURVE('',#6330,#6302,#6866,.F.);
#5059=EDGE_CURVE('',#6329,#6330,#6867,.F.);
#5060=EDGE_CURVE('',#6199,#6329,#6868,.T.);
#5061=EDGE_CURVE('',#6330,#6299,#6869,.F.);
#5062=EDGE_CURVE('',#6200,#6330,#6870,.F.);
#5063=EDGE_CURVE('',#6331,#6295,#6871,.F.);
#5064=EDGE_CURVE('',#6305,#6331,#6872,.T.);
#5065=EDGE_CURVE('',#6331,#6204,#6873,.T.);
#5066=EDGE_CURVE('',#6332,#6331,#6874,.F.);
#5067=EDGE_CURVE('',#6306,#6332,#6875,.F.);
#5068=EDGE_CURVE('',#6332,#6203,#6876,.F.);
#5069=EDGE_CURVE('',#6307,#6332,#6877,.F.);
#5070=EDGE_CURVE('',#5899,#6308,#6878,.F.);
#5071=EDGE_CURVE('',#6312,#5902,#6879,.F.);
#5072=EDGE_CURVE('',#6310,#5901,#6880,.T.);
#5073=EDGE_CURVE('',#5900,#6297,#6881,.T.);
#5074=EDGE_CURVE('',#6309,#6317,#6882,.F.);
#5075=EDGE_CURVE('',#6314,#6313,#6883,.F.);
#5076=EDGE_CURVE('',#6315,#6311,#6884,.T.);
#5077=EDGE_CURVE('',#6298,#6316,#6885,.T.);
#5078=EDGE_CURVE('',#6293,#6062,#6886,.F.);
#5079=EDGE_CURVE('',#6059,#6321,#6887,.F.);
#5080=EDGE_CURVE('',#6060,#6323,#6888,.T.);
#5081=EDGE_CURVE('',#6319,#6061,#6889,.T.);
#5082=EDGE_CURVE('',#6325,#6294,#6890,.F.);
#5083=EDGE_CURVE('',#6322,#6328,#6891,.F.);
#5084=EDGE_CURVE('',#6324,#6327,#6892,.T.);
#5085=EDGE_CURVE('',#6326,#6320,#6893,.T.);
#5086=EDGE_CURVE('',#6333,#6334,#442,.T.);
#5087=EDGE_CURVE('',#6335,#6333,#443,.T.);
#5088=EDGE_CURVE('',#6335,#6336,#444,.T.);
#5089=EDGE_CURVE('',#6336,#6334,#445,.T.);
#5090=EDGE_CURVE('',#6337,#6333,#446,.T.);
#5091=EDGE_CURVE('',#6338,#6337,#447,.T.);
#5092=EDGE_CURVE('',#6338,#6335,#448,.T.);
#5093=EDGE_CURVE('',#6339,#6337,#449,.T.);
#5094=EDGE_CURVE('',#6340,#6339,#450,.T.);
#5095=EDGE_CURVE('',#6340,#6338,#451,.T.);
#5096=EDGE_CURVE('',#6341,#6339,#6894,.T.);
#5097=EDGE_CURVE('',#6342,#6341,#452,.T.);
#5098=EDGE_CURVE('',#6342,#6340,#6895,.T.);
#5099=EDGE_CURVE('',#6343,#6341,#6896,.T.);
#5100=EDGE_CURVE('',#6344,#6343,#453,.T.);
#5101=EDGE_CURVE('',#6344,#6342,#6897,.T.);
#5102=EDGE_CURVE('',#6345,#6343,#6898,.T.);
#5103=EDGE_CURVE('',#6346,#6345,#454,.T.);
#5104=EDGE_CURVE('',#6346,#6344,#6899,.T.);
#5105=EDGE_CURVE('',#6347,#6208,#455,.T.);
#5106=EDGE_CURVE('',#6347,#6348,#6900,.T.);
#5107=EDGE_CURVE('',#6348,#6209,#456,.T.);
#5108=EDGE_CURVE('',#6349,#6207,#457,.T.);
#5109=EDGE_CURVE('',#6349,#6347,#6901,.T.);
#5110=EDGE_CURVE('',#6350,#6214,#458,.T.);
#5111=EDGE_CURVE('',#6350,#6349,#459,.T.);
#5112=EDGE_CURVE('',#6351,#6213,#460,.T.);
#5113=EDGE_CURVE('',#6351,#6350,#461,.T.);
#5114=EDGE_CURVE('',#6352,#6212,#462,.T.);
#5115=EDGE_CURVE('',#6352,#6351,#463,.T.);
#5116=EDGE_CURVE('',#6353,#6211,#464,.T.);
#5117=EDGE_CURVE('',#6353,#6352,#465,.T.);
#5118=EDGE_CURVE('',#6354,#6210,#466,.T.);
#5119=EDGE_CURVE('',#6354,#6353,#467,.T.);
#5120=EDGE_CURVE('',#6348,#6354,#6902,.T.);
#5121=EDGE_CURVE('',#6334,#6345,#6903,.T.);
#5122=EDGE_CURVE('',#6336,#6346,#6904,.T.);
#5123=EDGE_CURVE('',#6355,#6216,#468,.T.);
#5124=EDGE_CURVE('',#6355,#6356,#469,.T.);
#5125=EDGE_CURVE('',#6356,#6217,#470,.T.);
#5126=EDGE_CURVE('',#6357,#6215,#471,.T.);
#5127=EDGE_CURVE('',#6357,#6355,#472,.T.);
#5128=EDGE_CURVE('',#6358,#6226,#473,.T.);
#5129=EDGE_CURVE('',#6358,#6357,#474,.T.);
#5130=EDGE_CURVE('',#6359,#6225,#475,.T.);
#5131=EDGE_CURVE('',#6359,#6358,#476,.T.);
#5132=EDGE_CURVE('',#6360,#6224,#477,.T.);
#5133=EDGE_CURVE('',#6360,#6359,#478,.T.);
#5134=EDGE_CURVE('',#6361,#6223,#479,.T.);
#5135=EDGE_CURVE('',#6361,#6360,#480,.T.);
#5136=EDGE_CURVE('',#6362,#6222,#481,.T.);
#5137=EDGE_CURVE('',#6362,#6361,#482,.T.);
#5138=EDGE_CURVE('',#6363,#6221,#483,.T.);
#5139=EDGE_CURVE('',#6363,#6362,#484,.T.);
#5140=EDGE_CURVE('',#6364,#6220,#485,.T.);
#5141=EDGE_CURVE('',#6364,#6363,#486,.T.);
#5142=EDGE_CURVE('',#6365,#6219,#487,.T.);
#5143=EDGE_CURVE('',#6365,#6364,#488,.T.);
#5144=EDGE_CURVE('',#6366,#6218,#489,.T.);
#5145=EDGE_CURVE('',#6366,#6365,#490,.T.);
#5146=EDGE_CURVE('',#6356,#6366,#491,.T.);
#5147=EDGE_CURVE('',#6367,#6228,#492,.T.);
#5148=EDGE_CURVE('',#6367,#6368,#493,.T.);
#5149=EDGE_CURVE('',#6368,#6229,#494,.T.);
#5150=EDGE_CURVE('',#6369,#6227,#495,.T.);
#5151=EDGE_CURVE('',#6369,#6367,#496,.T.);
#5152=EDGE_CURVE('',#6370,#6241,#497,.T.);
#5153=EDGE_CURVE('',#6370,#6369,#498,.T.);
#5154=EDGE_CURVE('',#6371,#6240,#499,.T.);
#5155=EDGE_CURVE('',#6371,#6370,#500,.T.);
#5156=EDGE_CURVE('',#6372,#6239,#501,.T.);
#5157=EDGE_CURVE('',#6372,#6371,#1815,.F.);
#5158=EDGE_CURVE('',#6373,#6238,#502,.T.);
#5159=EDGE_CURVE('',#6373,#6372,#1816,.F.);
#5160=EDGE_CURVE('',#6374,#6237,#503,.T.);
#5161=EDGE_CURVE('',#6374,#6373,#504,.T.);
#5162=EDGE_CURVE('',#6375,#6236,#505,.T.);
#5163=EDGE_CURVE('',#6375,#6374,#506,.T.);
#5164=EDGE_CURVE('',#6376,#6235,#507,.T.);
#5165=EDGE_CURVE('',#6376,#6375,#508,.T.);
#5166=EDGE_CURVE('',#6377,#6234,#509,.T.);
#5167=EDGE_CURVE('',#6377,#6376,#510,.T.);
#5168=EDGE_CURVE('',#6378,#6233,#511,.T.);
#5169=EDGE_CURVE('',#6378,#6377,#512,.T.);
#5170=EDGE_CURVE('',#6379,#6232,#513,.T.);
#5171=EDGE_CURVE('',#6379,#6378,#514,.T.);
#5172=EDGE_CURVE('',#6380,#6231,#515,.T.);
#5173=EDGE_CURVE('',#6380,#6379,#1817,.F.);
#5174=EDGE_CURVE('',#6381,#6230,#516,.T.);
#5175=EDGE_CURVE('',#6381,#6380,#517,.T.);
#5176=EDGE_CURVE('',#6368,#6381,#518,.T.);
#5177=EDGE_CURVE('',#6382,#6243,#519,.T.);
#5178=EDGE_CURVE('',#6382,#6383,#520,.T.);
#5179=EDGE_CURVE('',#6383,#6244,#521,.T.);
#5180=EDGE_CURVE('',#6384,#6242,#522,.T.);
#5181=EDGE_CURVE('',#6384,#6382,#523,.T.);
#5182=EDGE_CURVE('',#6385,#6256,#524,.T.);
#5183=EDGE_CURVE('',#6385,#6384,#525,.T.);
#5184=EDGE_CURVE('',#6386,#6255,#526,.T.);
#5185=EDGE_CURVE('',#6386,#6385,#527,.T.);
#5186=EDGE_CURVE('',#6387,#6254,#528,.T.);
#5187=EDGE_CURVE('',#6387,#6386,#1818,.F.);
#5188=EDGE_CURVE('',#6388,#6253,#529,.T.);
#5189=EDGE_CURVE('',#6388,#6387,#1819,.F.);
#5190=EDGE_CURVE('',#6389,#6252,#530,.T.);
#5191=EDGE_CURVE('',#6389,#6388,#531,.T.);
#5192=EDGE_CURVE('',#6390,#6251,#532,.T.);
#5193=EDGE_CURVE('',#6390,#6389,#533,.T.);
#5194=EDGE_CURVE('',#6391,#6250,#534,.T.);
#5195=EDGE_CURVE('',#6391,#6390,#535,.T.);
#5196=EDGE_CURVE('',#6392,#6249,#536,.T.);
#5197=EDGE_CURVE('',#6392,#6391,#537,.T.);
#5198=EDGE_CURVE('',#6393,#6248,#538,.T.);
#5199=EDGE_CURVE('',#6393,#6392,#539,.T.);
#5200=EDGE_CURVE('',#6394,#6247,#540,.T.);
#5201=EDGE_CURVE('',#6394,#6393,#541,.T.);
#5202=EDGE_CURVE('',#6395,#6246,#542,.T.);
#5203=EDGE_CURVE('',#6395,#6394,#1820,.F.);
#5204=EDGE_CURVE('',#6396,#6245,#543,.T.);
#5205=EDGE_CURVE('',#6396,#6395,#544,.T.);
#5206=EDGE_CURVE('',#6383,#6396,#545,.T.);
#5207=EDGE_CURVE('',#6397,#6398,#546,.T.);
#5208=EDGE_CURVE('',#6399,#6397,#547,.T.);
#5209=EDGE_CURVE('',#6399,#6400,#548,.T.);
#5210=EDGE_CURVE('',#6400,#6398,#549,.T.);
#5211=EDGE_CURVE('',#6401,#6397,#550,.T.);
#5212=EDGE_CURVE('',#6402,#6401,#551,.T.);
#5213=EDGE_CURVE('',#6402,#6399,#552,.T.);
#5214=EDGE_CURVE('',#6403,#6401,#553,.T.);
#5215=EDGE_CURVE('',#6404,#6403,#554,.T.);
#5216=EDGE_CURVE('',#6404,#6402,#555,.T.);
#5217=EDGE_CURVE('',#6405,#6403,#1821,.F.);
#5218=EDGE_CURVE('',#6406,#6405,#556,.T.);
#5219=EDGE_CURVE('',#6406,#6404,#1822,.F.);
#5220=EDGE_CURVE('',#6407,#6192,#557,.T.);
#5221=EDGE_CURVE('',#6407,#6408,#558,.T.);
#5222=EDGE_CURVE('',#6408,#6193,#559,.T.);
#5223=EDGE_CURVE('',#6409,#6191,#560,.T.);
#5224=EDGE_CURVE('',#6409,#6407,#561,.T.);
#5225=EDGE_CURVE('',#6410,#6198,#562,.T.);
#5226=EDGE_CURVE('',#6410,#6409,#563,.T.);
#5227=EDGE_CURVE('',#6411,#6197,#564,.T.);
#5228=EDGE_CURVE('',#6411,#6410,#565,.T.);
#5229=EDGE_CURVE('',#6412,#6196,#566,.T.);
#5230=EDGE_CURVE('',#6412,#6411,#567,.T.);
#5231=EDGE_CURVE('',#6413,#6195,#568,.T.);
#5232=EDGE_CURVE('',#6413,#6412,#569,.T.);
#5233=EDGE_CURVE('',#6414,#6194,#570,.T.);
#5234=EDGE_CURVE('',#6414,#6413,#571,.T.);
#5235=EDGE_CURVE('',#6408,#6414,#572,.T.);
#5236=EDGE_CURVE('',#6398,#6405,#1823,.F.);
#5237=EDGE_CURVE('',#6400,#6406,#1824,.F.);
#5238=EDGE_CURVE('',#6415,#6416,#573,.T.);
#5239=EDGE_CURVE('',#6417,#6415,#574,.T.);
#5240=EDGE_CURVE('',#6417,#6418,#575,.T.);
#5241=EDGE_CURVE('',#6418,#6416,#576,.T.);
#5242=EDGE_CURVE('',#6419,#6415,#577,.T.);
#5243=EDGE_CURVE('',#6420,#6419,#578,.T.);
#5244=EDGE_CURVE('',#6420,#6417,#579,.T.);
#5245=EDGE_CURVE('',#6421,#6419,#580,.T.);
#5246=EDGE_CURVE('',#6422,#6421,#581,.T.);
#5247=EDGE_CURVE('',#6422,#6420,#582,.T.);
#5248=EDGE_CURVE('',#6423,#6421,#6905,.T.);
#5249=EDGE_CURVE('',#6424,#6423,#583,.T.);
#5250=EDGE_CURVE('',#6424,#6422,#6906,.T.);
#5251=EDGE_CURVE('',#6425,#6423,#6907,.T.);
#5252=EDGE_CURVE('',#6426,#6425,#584,.T.);
#5253=EDGE_CURVE('',#6426,#6424,#6908,.T.);
#5254=EDGE_CURVE('',#6427,#6425,#6909,.T.);
#5255=EDGE_CURVE('',#6428,#6427,#585,.T.);
#5256=EDGE_CURVE('',#6428,#6426,#6910,.T.);
#5257=EDGE_CURVE('',#6429,#6258,#586,.T.);
#5258=EDGE_CURVE('',#6429,#6430,#587,.T.);
#5259=EDGE_CURVE('',#6430,#6259,#588,.T.);
#5260=EDGE_CURVE('',#6431,#6257,#589,.T.);
#5261=EDGE_CURVE('',#6431,#6429,#590,.T.);
#5262=EDGE_CURVE('',#6432,#6267,#591,.T.);
#5263=EDGE_CURVE('',#6432,#6431,#592,.T.);
#5264=EDGE_CURVE('',#6433,#6266,#593,.T.);
#5265=EDGE_CURVE('',#6433,#6432,#594,.T.);
#5266=EDGE_CURVE('',#6434,#6265,#595,.T.);
#5267=EDGE_CURVE('',#6434,#6433,#596,.T.);
#5268=EDGE_CURVE('',#6435,#6264,#597,.T.);
#5269=EDGE_CURVE('',#6435,#6434,#6911,.T.);
#5270=EDGE_CURVE('',#6436,#6263,#598,.T.);
#5271=EDGE_CURVE('',#6436,#6435,#6912,.T.);
#5272=EDGE_CURVE('',#6437,#6262,#599,.T.);
#5273=EDGE_CURVE('',#6437,#6436,#6913,.T.);
#5274=EDGE_CURVE('',#6438,#6261,#600,.T.);
#5275=EDGE_CURVE('',#6438,#6437,#601,.T.);
#5276=EDGE_CURVE('',#6439,#6260,#602,.T.);
#5277=EDGE_CURVE('',#6439,#6438,#603,.T.);
#5278=EDGE_CURVE('',#6430,#6439,#604,.T.);
#5279=EDGE_CURVE('',#6416,#6427,#6914,.T.);
#5280=EDGE_CURVE('',#6418,#6428,#6915,.T.);
#5281=EDGE_CURVE('',#6440,#6269,#605,.T.);
#5282=EDGE_CURVE('',#6440,#6441,#6916,.T.);
#5283=EDGE_CURVE('',#6441,#6270,#606,.T.);
#5284=EDGE_CURVE('',#6442,#6268,#607,.T.);
#5285=EDGE_CURVE('',#6442,#6440,#6917,.T.);
#5286=EDGE_CURVE('',#6443,#6292,#608,.T.);
#5287=EDGE_CURVE('',#6443,#6442,#6918,.T.);
#5288=EDGE_CURVE('',#6444,#6291,#609,.T.);
#5289=EDGE_CURVE('',#6444,#6443,#6919,.T.);
#5290=EDGE_CURVE('',#6445,#6290,#610,.T.);
#5291=EDGE_CURVE('',#6445,#6444,#6920,.T.);
#5292=EDGE_CURVE('',#6446,#6289,#611,.T.);
#5293=EDGE_CURVE('',#6446,#6445,#6921,.T.);
#5294=EDGE_CURVE('',#6447,#6288,#612,.T.);
#5295=EDGE_CURVE('',#6447,#6446,#6922,.T.);
#5296=EDGE_CURVE('',#6448,#6287,#613,.T.);
#5297=EDGE_CURVE('',#6448,#6447,#6923,.T.);
#5298=EDGE_CURVE('',#6449,#6286,#614,.T.);
#5299=EDGE_CURVE('',#6449,#6448,#6924,.T.);
#5300=EDGE_CURVE('',#6450,#6285,#615,.T.);
#5301=EDGE_CURVE('',#6450,#6449,#616,.T.);
#5302=EDGE_CURVE('',#6451,#6284,#617,.T.);
#5303=EDGE_CURVE('',#6451,#6450,#1825,.F.);
#5304=EDGE_CURVE('',#6452,#6283,#618,.T.);
#5305=EDGE_CURVE('',#6452,#6451,#6925,.T.);
#5306=EDGE_CURVE('',#6453,#6282,#619,.T.);
#5307=EDGE_CURVE('',#6453,#6452,#6926,.T.);
#5308=EDGE_CURVE('',#6454,#6281,#620,.T.);
#5309=EDGE_CURVE('',#6454,#6453,#6927,.T.);
#5310=EDGE_CURVE('',#6455,#6280,#621,.T.);
#5311=EDGE_CURVE('',#6455,#6454,#6928,.T.);
#5312=EDGE_CURVE('',#6456,#6279,#622,.T.);
#5313=EDGE_CURVE('',#6456,#6455,#6929,.T.);
#5314=EDGE_CURVE('',#6457,#6278,#623,.T.);
#5315=EDGE_CURVE('',#6457,#6456,#6930,.T.);
#5316=EDGE_CURVE('',#6458,#6277,#624,.T.);
#5317=EDGE_CURVE('',#6458,#6457,#6931,.T.);
#5318=EDGE_CURVE('',#6459,#6276,#625,.T.);
#5319=EDGE_CURVE('',#6459,#6458,#6932,.T.);
#5320=EDGE_CURVE('',#6460,#6275,#626,.T.);
#5321=EDGE_CURVE('',#6460,#6459,#6933,.T.);
#5322=EDGE_CURVE('',#6461,#6274,#627,.T.);
#5323=EDGE_CURVE('',#6461,#6460,#1826,.T.);
#5324=EDGE_CURVE('',#6462,#6273,#628,.T.);
#5325=EDGE_CURVE('',#6462,#6461,#1827,.T.);
#5326=EDGE_CURVE('',#6463,#6272,#629,.T.);
#5327=EDGE_CURVE('',#6463,#6462,#630,.T.);
#5328=EDGE_CURVE('',#6464,#6271,#631,.T.);
#5329=EDGE_CURVE('',#6464,#6463,#6934,.T.);
#5330=EDGE_CURVE('',#6441,#6464,#6935,.T.);
#5331=EDGE_CURVE('',#6465,#6064,#632,.T.);
#5332=EDGE_CURVE('',#6465,#6466,#1828,.F.);
#5333=EDGE_CURVE('',#6466,#6065,#633,.T.);
#5334=EDGE_CURVE('',#6467,#6063,#634,.T.);
#5335=EDGE_CURVE('',#6467,#6465,#1829,.F.);
#5336=EDGE_CURVE('',#6468,#6107,#635,.T.);
#5337=EDGE_CURVE('',#6468,#6467,#1830,.F.);
#5338=EDGE_CURVE('',#6469,#6106,#636,.T.);
#5339=EDGE_CURVE('',#6469,#6468,#637,.T.);
#5340=EDGE_CURVE('',#6470,#6105,#638,.T.);
#5341=EDGE_CURVE('',#6470,#6469,#1831,.T.);
#5342=EDGE_CURVE('',#6471,#6104,#639,.T.);
#5343=EDGE_CURVE('',#6471,#6470,#1832,.T.);
#5344=EDGE_CURVE('',#6472,#6103,#640,.T.);
#5345=EDGE_CURVE('',#6472,#6471,#6936,.T.);
#5346=EDGE_CURVE('',#6473,#6102,#641,.T.);
#5347=EDGE_CURVE('',#6473,#6472,#1833,.T.);
#5348=EDGE_CURVE('',#6474,#6101,#642,.T.);
#5349=EDGE_CURVE('',#6474,#6473,#1834,.T.);
#5350=EDGE_CURVE('',#6475,#6100,#643,.T.);
#5351=EDGE_CURVE('',#6475,#6474,#1835,.T.);
#5352=EDGE_CURVE('',#6476,#6099,#644,.T.);
#5353=EDGE_CURVE('',#6476,#6475,#645,.T.);
#5354=EDGE_CURVE('',#6477,#6098,#646,.T.);
#5355=EDGE_CURVE('',#6477,#6476,#1836,.F.);
#5356=EDGE_CURVE('',#6478,#6097,#647,.T.);
#5357=EDGE_CURVE('',#6478,#6477,#1837,.F.);
#5358=EDGE_CURVE('',#6479,#6096,#648,.T.);
#5359=EDGE_CURVE('',#6479,#6478,#1838,.F.);
#5360=EDGE_CURVE('',#6480,#6095,#649,.T.);
#5361=EDGE_CURVE('',#6480,#6479,#1839,.F.);
#5362=EDGE_CURVE('',#6481,#6094,#650,.T.);
#5363=EDGE_CURVE('',#6481,#6480,#1840,.F.);
#5364=EDGE_CURVE('',#6482,#6093,#651,.T.);
#5365=EDGE_CURVE('',#6482,#6481,#652,.T.);
#5366=EDGE_CURVE('',#6483,#6092,#653,.T.);
#5367=EDGE_CURVE('',#6483,#6482,#1841,.T.);
#5368=EDGE_CURVE('',#6484,#6091,#654,.T.);
#5369=EDGE_CURVE('',#6484,#6483,#1842,.T.);
#5370=EDGE_CURVE('',#6485,#6090,#655,.T.);
#5371=EDGE_CURVE('',#6485,#6484,#1843,.T.);
#5372=EDGE_CURVE('',#6486,#6089,#656,.T.);
#5373=EDGE_CURVE('',#6486,#6485,#1844,.T.);
#5374=EDGE_CURVE('',#6487,#6088,#657,.T.);
#5375=EDGE_CURVE('',#6487,#6486,#1845,.T.);
#5376=EDGE_CURVE('',#6488,#6087,#658,.T.);
#5377=EDGE_CURVE('',#6488,#6487,#1846,.T.);
#5378=EDGE_CURVE('',#6489,#6086,#659,.T.);
#5379=EDGE_CURVE('',#6489,#6488,#660,.T.);
#5380=EDGE_CURVE('',#6490,#6085,#661,.T.);
#5381=EDGE_CURVE('',#6490,#6489,#1847,.F.);
#5382=EDGE_CURVE('',#6491,#6084,#662,.T.);
#5383=EDGE_CURVE('',#6491,#6490,#1848,.F.);
#5384=EDGE_CURVE('',#6492,#6083,#663,.T.);
#5385=EDGE_CURVE('',#6492,#6491,#1849,.F.);
#5386=EDGE_CURVE('',#6493,#6082,#664,.T.);
#5387=EDGE_CURVE('',#6493,#6492,#1850,.F.);
#5388=EDGE_CURVE('',#6494,#6081,#665,.T.);
#5389=EDGE_CURVE('',#6494,#6493,#1851,.F.);
#5390=EDGE_CURVE('',#6495,#6080,#666,.T.);
#5391=EDGE_CURVE('',#6495,#6494,#667,.T.);
#5392=EDGE_CURVE('',#6496,#6079,#668,.T.);
#5393=EDGE_CURVE('',#6496,#6495,#1852,.F.);
#5394=EDGE_CURVE('',#6497,#6078,#669,.T.);
#5395=EDGE_CURVE('',#6497,#6496,#6937,.T.);
#5396=EDGE_CURVE('',#6498,#6077,#670,.T.);
#5397=EDGE_CURVE('',#6498,#6497,#6938,.T.);
#5398=EDGE_CURVE('',#6499,#6076,#671,.T.);
#5399=EDGE_CURVE('',#6499,#6498,#6939,.T.);
#5400=EDGE_CURVE('',#6500,#6075,#672,.T.);
#5401=EDGE_CURVE('',#6500,#6499,#6940,.T.);
#5402=EDGE_CURVE('',#6501,#6074,#673,.T.);
#5403=EDGE_CURVE('',#6501,#6500,#1853,.F.);
#5404=EDGE_CURVE('',#6502,#6073,#674,.T.);
#5405=EDGE_CURVE('',#6502,#6501,#6941,.T.);
#5406=EDGE_CURVE('',#6503,#6072,#675,.T.);
#5407=EDGE_CURVE('',#6503,#6502,#676,.T.);
#5408=EDGE_CURVE('',#6504,#6071,#677,.T.);
#5409=EDGE_CURVE('',#6504,#6503,#1854,.F.);
#5410=EDGE_CURVE('',#6505,#6070,#678,.T.);
#5411=EDGE_CURVE('',#6505,#6504,#1855,.F.);
#5412=EDGE_CURVE('',#6506,#6069,#679,.T.);
#5413=EDGE_CURVE('',#6506,#6505,#1856,.F.);
#5414=EDGE_CURVE('',#6507,#6068,#680,.T.);
#5415=EDGE_CURVE('',#6507,#6506,#1857,.F.);
#5416=EDGE_CURVE('',#6508,#6067,#681,.T.);
#5417=EDGE_CURVE('',#6508,#6507,#682,.T.);
#5418=EDGE_CURVE('',#6509,#6066,#683,.T.);
#5419=EDGE_CURVE('',#6509,#6508,#1858,.F.);
#5420=EDGE_CURVE('',#6466,#6509,#1859,.F.);
#5421=EDGE_CURVE('',#6510,#6109,#684,.T.);
#5422=EDGE_CURVE('',#6510,#6511,#1860,.F.);
#5423=EDGE_CURVE('',#6511,#6110,#685,.T.);
#5424=EDGE_CURVE('',#6512,#6108,#686,.T.);
#5425=EDGE_CURVE('',#6512,#6510,#1861,.F.);
#5426=EDGE_CURVE('',#6513,#6122,#687,.T.);
#5427=EDGE_CURVE('',#6513,#6512,#688,.T.);
#5428=EDGE_CURVE('',#6514,#6121,#689,.T.);
#5429=EDGE_CURVE('',#6514,#6513,#1862,.F.);
#5430=EDGE_CURVE('',#6515,#6120,#690,.T.);
#5431=EDGE_CURVE('',#6515,#6514,#1863,.F.);
#5432=EDGE_CURVE('',#6516,#6119,#691,.T.);
#5433=EDGE_CURVE('',#6516,#6515,#1864,.F.);
#5434=EDGE_CURVE('',#6517,#6118,#692,.T.);
#5435=EDGE_CURVE('',#6517,#6516,#693,.T.);
#5436=EDGE_CURVE('',#6518,#6117,#694,.T.);
#5437=EDGE_CURVE('',#6518,#6517,#1865,.F.);
#5438=EDGE_CURVE('',#6519,#6116,#695,.T.);
#5439=EDGE_CURVE('',#6519,#6518,#1866,.F.);
#5440=EDGE_CURVE('',#6520,#6115,#696,.T.);
#5441=EDGE_CURVE('',#6520,#6519,#1867,.F.);
#5442=EDGE_CURVE('',#6521,#6114,#697,.T.);
#5443=EDGE_CURVE('',#6521,#6520,#1868,.F.);
#5444=EDGE_CURVE('',#6522,#6113,#698,.T.);
#5445=EDGE_CURVE('',#6522,#6521,#699,.T.);
#5446=EDGE_CURVE('',#6523,#6112,#700,.T.);
#5447=EDGE_CURVE('',#6523,#6522,#701,.T.);
#5448=EDGE_CURVE('',#6524,#6111,#702,.T.);
#5449=EDGE_CURVE('',#6524,#6523,#1869,.F.);
#5450=EDGE_CURVE('',#6511,#6524,#1870,.F.);
#5451=EDGE_CURVE('',#6525,#6124,#703,.T.);
#5452=EDGE_CURVE('',#6525,#6526,#1871,.F.);
#5453=EDGE_CURVE('',#6526,#6125,#704,.T.);
#5454=EDGE_CURVE('',#6527,#6123,#705,.T.);
#5455=EDGE_CURVE('',#6527,#6525,#1872,.F.);
#5456=EDGE_CURVE('',#6528,#6167,#706,.T.);
#5457=EDGE_CURVE('',#6528,#6527,#1873,.F.);
#5458=EDGE_CURVE('',#6529,#6166,#707,.T.);
#5459=EDGE_CURVE('',#6529,#6528,#708,.T.);
#5460=EDGE_CURVE('',#6530,#6165,#709,.T.);
#5461=EDGE_CURVE('',#6530,#6529,#1874,.T.);
#5462=EDGE_CURVE('',#6531,#6164,#710,.T.);
#5463=EDGE_CURVE('',#6531,#6530,#1875,.T.);
#5464=EDGE_CURVE('',#6532,#6163,#711,.T.);
#5465=EDGE_CURVE('',#6532,#6531,#6942,.T.);
#5466=EDGE_CURVE('',#6533,#6162,#712,.T.);
#5467=EDGE_CURVE('',#6533,#6532,#1876,.T.);
#5468=EDGE_CURVE('',#6534,#6161,#713,.T.);
#5469=EDGE_CURVE('',#6534,#6533,#1877,.T.);
#5470=EDGE_CURVE('',#6535,#6160,#714,.T.);
#5471=EDGE_CURVE('',#6535,#6534,#1878,.T.);
#5472=EDGE_CURVE('',#6536,#6159,#715,.T.);
#5473=EDGE_CURVE('',#6536,#6535,#716,.T.);
#5474=EDGE_CURVE('',#6537,#6158,#717,.T.);
#5475=EDGE_CURVE('',#6537,#6536,#1879,.F.);
#5476=EDGE_CURVE('',#6538,#6157,#718,.T.);
#5477=EDGE_CURVE('',#6538,#6537,#1880,.F.);
#5478=EDGE_CURVE('',#6539,#6156,#719,.T.);
#5479=EDGE_CURVE('',#6539,#6538,#1881,.F.);
#5480=EDGE_CURVE('',#6540,#6155,#720,.T.);
#5481=EDGE_CURVE('',#6540,#6539,#1882,.F.);
#5482=EDGE_CURVE('',#6541,#6154,#721,.T.);
#5483=EDGE_CURVE('',#6541,#6540,#1883,.F.);
#5484=EDGE_CURVE('',#6542,#6153,#722,.T.);
#5485=EDGE_CURVE('',#6542,#6541,#723,.T.);
#5486=EDGE_CURVE('',#6543,#6152,#724,.T.);
#5487=EDGE_CURVE('',#6543,#6542,#1884,.T.);
#5488=EDGE_CURVE('',#6544,#6151,#725,.T.);
#5489=EDGE_CURVE('',#6544,#6543,#1885,.T.);
#5490=EDGE_CURVE('',#6545,#6150,#726,.T.);
#5491=EDGE_CURVE('',#6545,#6544,#1886,.T.);
#5492=EDGE_CURVE('',#6546,#6149,#727,.T.);
#5493=EDGE_CURVE('',#6546,#6545,#1887,.T.);
#5494=EDGE_CURVE('',#6547,#6148,#728,.T.);
#5495=EDGE_CURVE('',#6547,#6546,#1888,.T.);
#5496=EDGE_CURVE('',#6548,#6147,#729,.T.);
#5497=EDGE_CURVE('',#6548,#6547,#1889,.T.);
#5498=EDGE_CURVE('',#6549,#6146,#730,.T.);
#5499=EDGE_CURVE('',#6549,#6548,#731,.T.);
#5500=EDGE_CURVE('',#6550,#6145,#732,.T.);
#5501=EDGE_CURVE('',#6550,#6549,#1890,.F.);
#5502=EDGE_CURVE('',#6551,#6144,#733,.T.);
#5503=EDGE_CURVE('',#6551,#6550,#1891,.F.);
#5504=EDGE_CURVE('',#6552,#6143,#734,.T.);
#5505=EDGE_CURVE('',#6552,#6551,#1892,.F.);
#5506=EDGE_CURVE('',#6553,#6142,#735,.T.);
#5507=EDGE_CURVE('',#6553,#6552,#1893,.F.);
#5508=EDGE_CURVE('',#6554,#6141,#736,.T.);
#5509=EDGE_CURVE('',#6554,#6553,#1894,.F.);
#5510=EDGE_CURVE('',#6555,#6140,#737,.T.);
#5511=EDGE_CURVE('',#6555,#6554,#738,.T.);
#5512=EDGE_CURVE('',#6556,#6139,#739,.T.);
#5513=EDGE_CURVE('',#6556,#6555,#1895,.F.);
#5514=EDGE_CURVE('',#6557,#6138,#740,.T.);
#5515=EDGE_CURVE('',#6557,#6556,#6943,.T.);
#5516=EDGE_CURVE('',#6558,#6137,#741,.T.);
#5517=EDGE_CURVE('',#6558,#6557,#6944,.T.);
#5518=EDGE_CURVE('',#6559,#6136,#742,.T.);
#5519=EDGE_CURVE('',#6559,#6558,#6945,.T.);
#5520=EDGE_CURVE('',#6560,#6135,#743,.T.);
#5521=EDGE_CURVE('',#6560,#6559,#6946,.T.);
#5522=EDGE_CURVE('',#6561,#6134,#744,.T.);
#5523=EDGE_CURVE('',#6561,#6560,#1896,.F.);
#5524=EDGE_CURVE('',#6562,#6133,#745,.T.);
#5525=EDGE_CURVE('',#6562,#6561,#6947,.T.);
#5526=EDGE_CURVE('',#6563,#6132,#746,.T.);
#5527=EDGE_CURVE('',#6563,#6562,#747,.T.);
#5528=EDGE_CURVE('',#6564,#6131,#748,.T.);
#5529=EDGE_CURVE('',#6564,#6563,#1897,.F.);
#5530=EDGE_CURVE('',#6565,#6130,#749,.T.);
#5531=EDGE_CURVE('',#6565,#6564,#1898,.F.);
#5532=EDGE_CURVE('',#6566,#6129,#750,.T.);
#5533=EDGE_CURVE('',#6566,#6565,#1899,.F.);
#5534=EDGE_CURVE('',#6567,#6128,#751,.T.);
#5535=EDGE_CURVE('',#6567,#6566,#1900,.F.);
#5536=EDGE_CURVE('',#6568,#6127,#752,.T.);
#5537=EDGE_CURVE('',#6568,#6567,#753,.T.);
#5538=EDGE_CURVE('',#6569,#6126,#754,.T.);
#5539=EDGE_CURVE('',#6569,#6568,#1901,.F.);
#5540=EDGE_CURVE('',#6526,#6569,#1902,.F.);
#5541=EDGE_CURVE('',#6570,#6169,#755,.T.);
#5542=EDGE_CURVE('',#6570,#6571,#1903,.F.);
#5543=EDGE_CURVE('',#6571,#6170,#756,.T.);
#5544=EDGE_CURVE('',#6572,#6168,#757,.T.);
#5545=EDGE_CURVE('',#6572,#6570,#758,.T.);
#5546=EDGE_CURVE('',#6573,#6190,#759,.T.);
#5547=EDGE_CURVE('',#6573,#6572,#1904,.F.);
#5548=EDGE_CURVE('',#6574,#6189,#760,.T.);
#5549=EDGE_CURVE('',#6574,#6573,#1905,.F.);
#5550=EDGE_CURVE('',#6575,#6188,#761,.T.);
#5551=EDGE_CURVE('',#6575,#6574,#1906,.F.);
#5552=EDGE_CURVE('',#6576,#6187,#762,.T.);
#5553=EDGE_CURVE('',#6576,#6575,#1907,.F.);
#5554=EDGE_CURVE('',#6577,#6186,#763,.T.);
#5555=EDGE_CURVE('',#6577,#6576,#764,.T.);
#5556=EDGE_CURVE('',#6578,#6185,#765,.T.);
#5557=EDGE_CURVE('',#6578,#6577,#766,.T.);
#5558=EDGE_CURVE('',#6579,#6184,#767,.T.);
#5559=EDGE_CURVE('',#6579,#6578,#1908,.F.);
#5560=EDGE_CURVE('',#6580,#6183,#768,.T.);
#5561=EDGE_CURVE('',#6580,#6579,#1909,.F.);
#5562=EDGE_CURVE('',#6581,#6182,#769,.T.);
#5563=EDGE_CURVE('',#6581,#6580,#1910,.F.);
#5564=EDGE_CURVE('',#6582,#6181,#770,.T.);
#5565=EDGE_CURVE('',#6582,#6581,#771,.T.);
#5566=EDGE_CURVE('',#6583,#6180,#772,.T.);
#5567=EDGE_CURVE('',#6583,#6582,#1911,.F.);
#5568=EDGE_CURVE('',#6584,#6179,#773,.T.);
#5569=EDGE_CURVE('',#6584,#6583,#1912,.F.);
#5570=EDGE_CURVE('',#6585,#6178,#774,.T.);
#5571=EDGE_CURVE('',#6585,#6584,#1913,.F.);
#5572=EDGE_CURVE('',#6586,#6177,#775,.T.);
#5573=EDGE_CURVE('',#6586,#6585,#1914,.F.);
#5574=EDGE_CURVE('',#6587,#6176,#776,.T.);
#5575=EDGE_CURVE('',#6587,#6586,#1915,.F.);
#5576=EDGE_CURVE('',#6588,#6175,#777,.T.);
#5577=EDGE_CURVE('',#6588,#6587,#778,.T.);
#5578=EDGE_CURVE('',#6589,#6174,#779,.T.);
#5579=EDGE_CURVE('',#6589,#6588,#780,.T.);
#5580=EDGE_CURVE('',#6590,#6173,#781,.T.);
#5581=EDGE_CURVE('',#6590,#6589,#782,.T.);
#5582=EDGE_CURVE('',#6591,#6172,#783,.T.);
#5583=EDGE_CURVE('',#6591,#6590,#1916,.F.);
#5584=EDGE_CURVE('',#6592,#6171,#784,.T.);
#5585=EDGE_CURVE('',#6592,#6591,#1917,.F.);
#5586=EDGE_CURVE('',#6571,#6592,#1918,.F.);
#5587=EDGE_CURVE('',#6593,#5904,#785,.T.);
#5588=EDGE_CURVE('',#6593,#6594,#1919,.F.);
#5589=EDGE_CURVE('',#6594,#5905,#786,.T.);
#5590=EDGE_CURVE('',#6595,#5903,#787,.T.);
#5591=EDGE_CURVE('',#6595,#6593,#1920,.F.);
#5592=EDGE_CURVE('',#6596,#5947,#788,.T.);
#5593=EDGE_CURVE('',#6596,#6595,#1921,.F.);
#5594=EDGE_CURVE('',#6597,#5946,#789,.T.);
#5595=EDGE_CURVE('',#6597,#6596,#790,.T.);
#5596=EDGE_CURVE('',#6598,#5945,#791,.T.);
#5597=EDGE_CURVE('',#6598,#6597,#1922,.T.);
#5598=EDGE_CURVE('',#6599,#5944,#792,.T.);
#5599=EDGE_CURVE('',#6599,#6598,#1923,.T.);
#5600=EDGE_CURVE('',#6600,#5943,#793,.T.);
#5601=EDGE_CURVE('',#6600,#6599,#6948,.T.);
#5602=EDGE_CURVE('',#6601,#5942,#794,.T.);
#5603=EDGE_CURVE('',#6601,#6600,#1924,.T.);
#5604=EDGE_CURVE('',#6602,#5941,#795,.T.);
#5605=EDGE_CURVE('',#6602,#6601,#1925,.T.);
#5606=EDGE_CURVE('',#6603,#5940,#796,.T.);
#5607=EDGE_CURVE('',#6603,#6602,#1926,.T.);
#5608=EDGE_CURVE('',#6604,#5939,#797,.T.);
#5609=EDGE_CURVE('',#6604,#6603,#798,.T.);
#5610=EDGE_CURVE('',#6605,#5938,#799,.T.);
#5611=EDGE_CURVE('',#6605,#6604,#1927,.F.);
#5612=EDGE_CURVE('',#6606,#5937,#800,.T.);
#5613=EDGE_CURVE('',#6606,#6605,#1928,.F.);
#5614=EDGE_CURVE('',#6607,#5936,#801,.T.);
#5615=EDGE_CURVE('',#6607,#6606,#1929,.F.);
#5616=EDGE_CURVE('',#6608,#5935,#802,.T.);
#5617=EDGE_CURVE('',#6608,#6607,#1930,.F.);
#5618=EDGE_CURVE('',#6609,#5934,#803,.T.);
#5619=EDGE_CURVE('',#6609,#6608,#1931,.F.);
#5620=EDGE_CURVE('',#6610,#5933,#804,.T.);
#5621=EDGE_CURVE('',#6610,#6609,#805,.T.);
#5622=EDGE_CURVE('',#6611,#5932,#806,.T.);
#5623=EDGE_CURVE('',#6611,#6610,#1932,.T.);
#5624=EDGE_CURVE('',#6612,#5931,#807,.T.);
#5625=EDGE_CURVE('',#6612,#6611,#1933,.T.);
#5626=EDGE_CURVE('',#6613,#5930,#808,.T.);
#5627=EDGE_CURVE('',#6613,#6612,#6949,.T.);
#5628=EDGE_CURVE('',#6614,#5929,#809,.T.);
#5629=EDGE_CURVE('',#6614,#6613,#1934,.T.);
#5630=EDGE_CURVE('',#6615,#5928,#810,.T.);
#5631=EDGE_CURVE('',#6615,#6614,#1935,.T.);
#5632=EDGE_CURVE('',#6616,#5927,#811,.T.);
#5633=EDGE_CURVE('',#6616,#6615,#1936,.T.);
#5634=EDGE_CURVE('',#6617,#5926,#812,.T.);
#5635=EDGE_CURVE('',#6617,#6616,#813,.T.);
#5636=EDGE_CURVE('',#6618,#5925,#814,.T.);
#5637=EDGE_CURVE('',#6618,#6617,#1937,.F.);
#5638=EDGE_CURVE('',#6619,#5924,#815,.T.);
#5639=EDGE_CURVE('',#6619,#6618,#1938,.F.);
#5640=EDGE_CURVE('',#6620,#5923,#816,.T.);
#5641=EDGE_CURVE('',#6620,#6619,#1939,.F.);
#5642=EDGE_CURVE('',#6621,#5922,#817,.T.);
#5643=EDGE_CURVE('',#6621,#6620,#1940,.F.);
#5644=EDGE_CURVE('',#6622,#5921,#818,.T.);
#5645=EDGE_CURVE('',#6622,#6621,#1941,.F.);
#5646=EDGE_CURVE('',#6623,#5920,#819,.T.);
#5647=EDGE_CURVE('',#6623,#6622,#820,.T.);
#5648=EDGE_CURVE('',#6624,#5919,#821,.T.);
#5649=EDGE_CURVE('',#6624,#6623,#1942,.F.);
#5650=EDGE_CURVE('',#6625,#5918,#822,.T.);
#5651=EDGE_CURVE('',#6625,#6624,#6950,.T.);
#5652=EDGE_CURVE('',#6626,#5917,#823,.T.);
#5653=EDGE_CURVE('',#6626,#6625,#6951,.T.);
#5654=EDGE_CURVE('',#6627,#5916,#824,.T.);
#5655=EDGE_CURVE('',#6627,#6626,#6952,.T.);
#5656=EDGE_CURVE('',#6628,#5915,#825,.T.);
#5657=EDGE_CURVE('',#6628,#6627,#6953,.T.);
#5658=EDGE_CURVE('',#6629,#5914,#826,.T.);
#5659=EDGE_CURVE('',#6629,#6628,#1943,.F.);
#5660=EDGE_CURVE('',#6630,#5913,#827,.T.);
#5661=EDGE_CURVE('',#6630,#6629,#6954,.T.);
#5662=EDGE_CURVE('',#6631,#5912,#828,.T.);
#5663=EDGE_CURVE('',#6631,#6630,#829,.T.);
#5664=EDGE_CURVE('',#6632,#5911,#830,.T.);
#5665=EDGE_CURVE('',#6632,#6631,#1944,.F.);
#5666=EDGE_CURVE('',#6633,#5910,#831,.T.);
#5667=EDGE_CURVE('',#6633,#6632,#1945,.F.);
#5668=EDGE_CURVE('',#6634,#5909,#832,.T.);
#5669=EDGE_CURVE('',#6634,#6633,#1946,.F.);
#5670=EDGE_CURVE('',#6635,#5908,#833,.T.);
#5671=EDGE_CURVE('',#6635,#6634,#1947,.F.);
#5672=EDGE_CURVE('',#6636,#5907,#834,.T.);
#5673=EDGE_CURVE('',#6636,#6635,#835,.T.);
#5674=EDGE_CURVE('',#6637,#5906,#836,.T.);
#5675=EDGE_CURVE('',#6637,#6636,#1948,.F.);
#5676=EDGE_CURVE('',#6594,#6637,#1949,.F.);
#5677=EDGE_CURVE('',#6638,#5949,#837,.T.);
#5678=EDGE_CURVE('',#6638,#6639,#1950,.F.);
#5679=EDGE_CURVE('',#6639,#5950,#838,.T.);
#5680=EDGE_CURVE('',#6640,#5948,#839,.T.);
#5681=EDGE_CURVE('',#6640,#6638,#1951,.F.);
#5682=EDGE_CURVE('',#6641,#5992,#840,.T.);
#5683=EDGE_CURVE('',#6641,#6640,#1952,.F.);
#5684=EDGE_CURVE('',#6642,#5991,#841,.T.);
#5685=EDGE_CURVE('',#6642,#6641,#842,.T.);
#5686=EDGE_CURVE('',#6643,#5990,#843,.T.);
#5687=EDGE_CURVE('',#6643,#6642,#1953,.T.);
#5688=EDGE_CURVE('',#6644,#5989,#844,.T.);
#5689=EDGE_CURVE('',#6644,#6643,#1954,.T.);
#5690=EDGE_CURVE('',#6645,#5988,#845,.T.);
#5691=EDGE_CURVE('',#6645,#6644,#6955,.T.);
#5692=EDGE_CURVE('',#6646,#5987,#846,.T.);
#5693=EDGE_CURVE('',#6646,#6645,#1955,.T.);
#5694=EDGE_CURVE('',#6647,#5986,#847,.T.);
#5695=EDGE_CURVE('',#6647,#6646,#1956,.T.);
#5696=EDGE_CURVE('',#6648,#5985,#848,.T.);
#5697=EDGE_CURVE('',#6648,#6647,#1957,.T.);
#5698=EDGE_CURVE('',#6649,#5984,#849,.T.);
#5699=EDGE_CURVE('',#6649,#6648,#850,.T.);
#5700=EDGE_CURVE('',#6650,#5983,#851,.T.);
#5701=EDGE_CURVE('',#6650,#6649,#1958,.F.);
#5702=EDGE_CURVE('',#6651,#5982,#852,.T.);
#5703=EDGE_CURVE('',#6651,#6650,#1959,.F.);
#5704=EDGE_CURVE('',#6652,#5981,#853,.T.);
#5705=EDGE_CURVE('',#6652,#6651,#1960,.F.);
#5706=EDGE_CURVE('',#6653,#5980,#854,.T.);
#5707=EDGE_CURVE('',#6653,#6652,#1961,.F.);
#5708=EDGE_CURVE('',#6654,#5979,#855,.T.);
#5709=EDGE_CURVE('',#6654,#6653,#1962,.F.);
#5710=EDGE_CURVE('',#6655,#5978,#856,.T.);
#5711=EDGE_CURVE('',#6655,#6654,#857,.T.);
#5712=EDGE_CURVE('',#6656,#5977,#858,.T.);
#5713=EDGE_CURVE('',#6656,#6655,#1963,.T.);
#5714=EDGE_CURVE('',#6657,#5976,#859,.T.);
#5715=EDGE_CURVE('',#6657,#6656,#1964,.T.);
#5716=EDGE_CURVE('',#6658,#5975,#860,.T.);
#5717=EDGE_CURVE('',#6658,#6657,#6956,.T.);
#5718=EDGE_CURVE('',#6659,#5974,#861,.T.);
#5719=EDGE_CURVE('',#6659,#6658,#1965,.T.);
#5720=EDGE_CURVE('',#6660,#5973,#862,.T.);
#5721=EDGE_CURVE('',#6660,#6659,#1966,.T.);
#5722=EDGE_CURVE('',#6661,#5972,#863,.T.);
#5723=EDGE_CURVE('',#6661,#6660,#1967,.T.);
#5724=EDGE_CURVE('',#6662,#5971,#864,.T.);
#5725=EDGE_CURVE('',#6662,#6661,#865,.T.);
#5726=EDGE_CURVE('',#6663,#5970,#866,.T.);
#5727=EDGE_CURVE('',#6663,#6662,#1968,.F.);
#5728=EDGE_CURVE('',#6664,#5969,#867,.T.);
#5729=EDGE_CURVE('',#6664,#6663,#1969,.F.);
#5730=EDGE_CURVE('',#6665,#5968,#868,.T.);
#5731=EDGE_CURVE('',#6665,#6664,#1970,.F.);
#5732=EDGE_CURVE('',#6666,#5967,#869,.T.);
#5733=EDGE_CURVE('',#6666,#6665,#1971,.F.);
#5734=EDGE_CURVE('',#6667,#5966,#870,.T.);
#5735=EDGE_CURVE('',#6667,#6666,#1972,.F.);
#5736=EDGE_CURVE('',#6668,#5965,#871,.T.);
#5737=EDGE_CURVE('',#6668,#6667,#872,.T.);
#5738=EDGE_CURVE('',#6669,#5964,#873,.T.);
#5739=EDGE_CURVE('',#6669,#6668,#1973,.F.);
#5740=EDGE_CURVE('',#6670,#5963,#874,.T.);
#5741=EDGE_CURVE('',#6670,#6669,#6957,.T.);
#5742=EDGE_CURVE('',#6671,#5962,#875,.T.);
#5743=EDGE_CURVE('',#6671,#6670,#6958,.T.);
#5744=EDGE_CURVE('',#6672,#5961,#876,.T.);
#5745=EDGE_CURVE('',#6672,#6671,#6959,.T.);
#5746=EDGE_CURVE('',#6673,#5960,#877,.T.);
#5747=EDGE_CURVE('',#6673,#6672,#6960,.T.);
#5748=EDGE_CURVE('',#6674,#5959,#878,.T.);
#5749=EDGE_CURVE('',#6674,#6673,#1974,.F.);
#5750=EDGE_CURVE('',#6675,#5958,#879,.T.);
#5751=EDGE_CURVE('',#6675,#6674,#6961,.T.);
#5752=EDGE_CURVE('',#6676,#5957,#880,.T.);
#5753=EDGE_CURVE('',#6676,#6675,#881,.T.);
#5754=EDGE_CURVE('',#6677,#5956,#882,.T.);
#5755=EDGE_CURVE('',#6677,#6676,#1975,.F.);
#5756=EDGE_CURVE('',#6678,#5955,#883,.T.);
#5757=EDGE_CURVE('',#6678,#6677,#1976,.F.);
#5758=EDGE_CURVE('',#6679,#5954,#884,.T.);
#5759=EDGE_CURVE('',#6679,#6678,#1977,.F.);
#5760=EDGE_CURVE('',#6680,#5953,#885,.T.);
#5761=EDGE_CURVE('',#6680,#6679,#1978,.F.);
#5762=EDGE_CURVE('',#6681,#5952,#886,.T.);
#5763=EDGE_CURVE('',#6681,#6680,#887,.T.);
#5764=EDGE_CURVE('',#6682,#5951,#888,.T.);
#5765=EDGE_CURVE('',#6682,#6681,#1979,.F.);
#5766=EDGE_CURVE('',#6639,#6682,#1980,.F.);
#5767=EDGE_CURVE('',#6683,#5994,#889,.T.);
#5768=EDGE_CURVE('',#6683,#6684,#1981,.F.);
#5769=EDGE_CURVE('',#6684,#5995,#890,.T.);
#5770=EDGE_CURVE('',#6685,#5993,#891,.T.);
#5771=EDGE_CURVE('',#6685,#6683,#1982,.F.);
#5772=EDGE_CURVE('',#6686,#6035,#892,.T.);
#5773=EDGE_CURVE('',#6686,#6685,#1983,.F.);
#5774=EDGE_CURVE('',#6687,#6034,#893,.T.);
#5775=EDGE_CURVE('',#6687,#6686,#1984,.F.);
#5776=EDGE_CURVE('',#6688,#6033,#894,.T.);
#5777=EDGE_CURVE('',#6688,#6687,#1985,.F.);
#5778=EDGE_CURVE('',#6689,#6032,#895,.T.);
#5779=EDGE_CURVE('',#6689,#6688,#1986,.F.);
#5780=EDGE_CURVE('',#6690,#6031,#896,.T.);
#5781=EDGE_CURVE('',#6690,#6689,#1987,.F.);
#5782=EDGE_CURVE('',#6691,#6030,#897,.T.);
#5783=EDGE_CURVE('',#6691,#6690,#1988,.F.);
#5784=EDGE_CURVE('',#6692,#6029,#898,.T.);
#5785=EDGE_CURVE('',#6692,#6691,#1989,.F.);
#5786=EDGE_CURVE('',#6693,#6028,#899,.T.);
#5787=EDGE_CURVE('',#6693,#6692,#6962,.T.);
#5788=EDGE_CURVE('',#6694,#6027,#900,.T.);
#5789=EDGE_CURVE('',#6694,#6693,#6963,.T.);
#5790=EDGE_CURVE('',#6695,#6026,#901,.T.);
#5791=EDGE_CURVE('',#6695,#6694,#1990,.F.);
#5792=EDGE_CURVE('',#6696,#6025,#902,.T.);
#5793=EDGE_CURVE('',#6696,#6695,#1991,.F.);
#5794=EDGE_CURVE('',#6697,#6024,#903,.T.);
#5795=EDGE_CURVE('',#6697,#6696,#1992,.F.);
#5796=EDGE_CURVE('',#6698,#6023,#904,.T.);
#5797=EDGE_CURVE('',#6698,#6697,#1993,.F.);
#5798=EDGE_CURVE('',#6699,#6022,#905,.T.);
#5799=EDGE_CURVE('',#6699,#6698,#1994,.F.);
#5800=EDGE_CURVE('',#6700,#6021,#906,.T.);
#5801=EDGE_CURVE('',#6700,#6699,#1995,.T.);
#5802=EDGE_CURVE('',#6701,#6020,#907,.T.);
#5803=EDGE_CURVE('',#6701,#6700,#1996,.F.);
#5804=EDGE_CURVE('',#6702,#6019,#908,.T.);
#5805=EDGE_CURVE('',#6702,#6701,#909,.T.);
#5806=EDGE_CURVE('',#6703,#6018,#910,.T.);
#5807=EDGE_CURVE('',#6703,#6702,#1997,.T.);
#5808=EDGE_CURVE('',#6704,#6017,#911,.T.);
#5809=EDGE_CURVE('',#6704,#6703,#1998,.T.);
#5810=EDGE_CURVE('',#6705,#6016,#912,.T.);
#5811=EDGE_CURVE('',#6705,#6704,#6964,.T.);
#5812=EDGE_CURVE('',#6706,#6015,#913,.T.);
#5813=EDGE_CURVE('',#6706,#6705,#6965,.T.);
#5814=EDGE_CURVE('',#6707,#6014,#914,.T.);
#5815=EDGE_CURVE('',#6707,#6706,#6966,.T.);
#5816=EDGE_CURVE('',#6708,#6013,#915,.T.);
#5817=EDGE_CURVE('',#6708,#6707,#1999,.T.);
#5818=EDGE_CURVE('',#6709,#6012,#916,.T.);
#5819=EDGE_CURVE('',#6709,#6708,#2000,.T.);
#5820=EDGE_CURVE('',#6710,#6011,#917,.T.);
#5821=EDGE_CURVE('',#6710,#6709,#2001,.F.);
#5822=EDGE_CURVE('',#6711,#6010,#918,.T.);
#5823=EDGE_CURVE('',#6711,#6710,#2002,.F.);
#5824=EDGE_CURVE('',#6712,#6009,#919,.T.);
#5825=EDGE_CURVE('',#6712,#6711,#2003,.F.);
#5826=EDGE_CURVE('',#6713,#6008,#920,.T.);
#5827=EDGE_CURVE('',#6713,#6712,#2004,.F.);
#5828=EDGE_CURVE('',#6714,#6007,#921,.T.);
#5829=EDGE_CURVE('',#6714,#6713,#2005,.T.);
#5830=EDGE_CURVE('',#6715,#6006,#922,.T.);
#5831=EDGE_CURVE('',#6715,#6714,#2006,.T.);
#5832=EDGE_CURVE('',#6716,#6005,#923,.T.);
#5833=EDGE_CURVE('',#6716,#6715,#2007,.T.);
#5834=EDGE_CURVE('',#6717,#6004,#924,.T.);
#5835=EDGE_CURVE('',#6717,#6716,#2008,.T.);
#5836=EDGE_CURVE('',#6718,#6003,#925,.T.);
#5837=EDGE_CURVE('',#6718,#6717,#2009,.T.);
#5838=EDGE_CURVE('',#6719,#6002,#926,.T.);
#5839=EDGE_CURVE('',#6719,#6718,#2010,.T.);
#5840=EDGE_CURVE('',#6720,#6001,#927,.T.);
#5841=EDGE_CURVE('',#6720,#6719,#6967,.T.);
#5842=EDGE_CURVE('',#6721,#6000,#928,.T.);
#5843=EDGE_CURVE('',#6721,#6720,#2011,.T.);
#5844=EDGE_CURVE('',#6722,#5999,#929,.T.);
#5845=EDGE_CURVE('',#6722,#6721,#2012,.F.);
#5846=EDGE_CURVE('',#6723,#5998,#930,.T.);
#5847=EDGE_CURVE('',#6723,#6722,#2013,.F.);
#5848=EDGE_CURVE('',#6724,#5997,#931,.T.);
#5849=EDGE_CURVE('',#6724,#6723,#2014,.F.);
#5850=EDGE_CURVE('',#6725,#5996,#932,.T.);
#5851=EDGE_CURVE('',#6725,#6724,#2015,.F.);
#5852=EDGE_CURVE('',#6684,#6725,#2016,.F.);
#5853=EDGE_CURVE('',#6726,#6037,#933,.T.);
#5854=EDGE_CURVE('',#6726,#6727,#2017,.F.);
#5855=EDGE_CURVE('',#6727,#6038,#934,.T.);
#5856=EDGE_CURVE('',#6728,#6036,#935,.T.);
#5857=EDGE_CURVE('',#6728,#6726,#936,.T.);
#5858=EDGE_CURVE('',#6729,#6058,#937,.T.);
#5859=EDGE_CURVE('',#6729,#6728,#2018,.F.);
#5860=EDGE_CURVE('',#6730,#6057,#938,.T.);
#5861=EDGE_CURVE('',#6730,#6729,#2019,.F.);
#5862=EDGE_CURVE('',#6731,#6056,#939,.T.);
#5863=EDGE_CURVE('',#6731,#6730,#2020,.F.);
#5864=EDGE_CURVE('',#6732,#6055,#940,.T.);
#5865=EDGE_CURVE('',#6732,#6731,#2021,.F.);
#5866=EDGE_CURVE('',#6733,#6054,#941,.T.);
#5867=EDGE_CURVE('',#6733,#6732,#942,.T.);
#5868=EDGE_CURVE('',#6734,#6053,#943,.T.);
#5869=EDGE_CURVE('',#6734,#6733,#944,.T.);
#5870=EDGE_CURVE('',#6735,#6052,#945,.T.);
#5871=EDGE_CURVE('',#6735,#6734,#2022,.F.);
#5872=EDGE_CURVE('',#6736,#6051,#946,.T.);
#5873=EDGE_CURVE('',#6736,#6735,#2023,.F.);
#5874=EDGE_CURVE('',#6737,#6050,#947,.T.);
#5875=EDGE_CURVE('',#6737,#6736,#6968,.T.);
#5876=EDGE_CURVE('',#6738,#6049,#948,.T.);
#5877=EDGE_CURVE('',#6738,#6737,#949,.T.);
#5878=EDGE_CURVE('',#6739,#6048,#950,.T.);
#5879=EDGE_CURVE('',#6739,#6738,#2024,.F.);
#5880=EDGE_CURVE('',#6740,#6047,#951,.T.);
#5881=EDGE_CURVE('',#6740,#6739,#2025,.F.);
#5882=EDGE_CURVE('',#6741,#6046,#952,.T.);
#5883=EDGE_CURVE('',#6741,#6740,#2026,.F.);
#5884=EDGE_CURVE('',#6742,#6045,#953,.T.);
#5885=EDGE_CURVE('',#6742,#6741,#2027,.F.);
#5886=EDGE_CURVE('',#6743,#6044,#954,.T.);
#5887=EDGE_CURVE('',#6743,#6742,#2028,.F.);
#5888=EDGE_CURVE('',#6744,#6043,#955,.T.);
#5889=EDGE_CURVE('',#6744,#6743,#956,.T.);
#5890=EDGE_CURVE('',#6745,#6042,#957,.T.);
#5891=EDGE_CURVE('',#6745,#6744,#958,.T.);
#5892=EDGE_CURVE('',#6746,#6041,#959,.T.);
#5893=EDGE_CURVE('',#6746,#6745,#960,.T.);
#5894=EDGE_CURVE('',#6747,#6040,#961,.T.);
#5895=EDGE_CURVE('',#6747,#6746,#2029,.F.);
#5896=EDGE_CURVE('',#6748,#6039,#962,.T.);
#5897=EDGE_CURVE('',#6748,#6747,#2030,.F.);
#5898=EDGE_CURVE('',#6727,#6748,#2031,.F.);
#5899=VERTEX_POINT('',#11593);
#5900=VERTEX_POINT('',#11594);
#5901=VERTEX_POINT('',#11599);
#5902=VERTEX_POINT('',#11609);
#5903=VERTEX_POINT('',#11615);
#5904=VERTEX_POINT('',#11616);
#5905=VERTEX_POINT('',#11618);
#5906=VERTEX_POINT('',#11620);
#5907=VERTEX_POINT('',#11622);
#5908=VERTEX_POINT('',#11624);
#5909=VERTEX_POINT('',#11626);
#5910=VERTEX_POINT('',#11628);
#5911=VERTEX_POINT('',#11630);
#5912=VERTEX_POINT('',#11632);
#5913=VERTEX_POINT('',#11634);
#5914=VERTEX_POINT('',#11638);
#5915=VERTEX_POINT('',#11640);
#5916=VERTEX_POINT('',#11644);
#5917=VERTEX_POINT('',#11648);
#5918=VERTEX_POINT('',#11652);
#5919=VERTEX_POINT('',#11656);
#5920=VERTEX_POINT('',#11658);
#5921=VERTEX_POINT('',#11660);
#5922=VERTEX_POINT('',#11662);
#5923=VERTEX_POINT('',#11664);
#5924=VERTEX_POINT('',#11666);
#5925=VERTEX_POINT('',#11668);
#5926=VERTEX_POINT('',#11670);
#5927=VERTEX_POINT('',#11672);
#5928=VERTEX_POINT('',#11674);
#5929=VERTEX_POINT('',#11676);
#5930=VERTEX_POINT('',#11678);
#5931=VERTEX_POINT('',#11682);
#5932=VERTEX_POINT('',#11684);
#5933=VERTEX_POINT('',#11686);
#5934=VERTEX_POINT('',#11688);
#5935=VERTEX_POINT('',#11690);
#5936=VERTEX_POINT('',#11692);
#5937=VERTEX_POINT('',#11694);
#5938=VERTEX_POINT('',#11696);
#5939=VERTEX_POINT('',#11698);
#5940=VERTEX_POINT('',#11700);
#5941=VERTEX_POINT('',#11702);
#5942=VERTEX_POINT('',#11704);
#5943=VERTEX_POINT('',#11706);
#5944=VERTEX_POINT('',#11710);
#5945=VERTEX_POINT('',#11712);
#5946=VERTEX_POINT('',#11714);
#5947=VERTEX_POINT('',#11716);
#5948=VERTEX_POINT('',#11719);
#5949=VERTEX_POINT('',#11720);
#5950=VERTEX_POINT('',#11722);
#5951=VERTEX_POINT('',#11724);
#5952=VERTEX_POINT('',#11726);
#5953=VERTEX_POINT('',#11728);
#5954=VERTEX_POINT('',#11730);
#5955=VERTEX_POINT('',#11732);
#5956=VERTEX_POINT('',#11734);
#5957=VERTEX_POINT('',#11736);
#5958=VERTEX_POINT('',#11738);
#5959=VERTEX_POINT('',#11742);
#5960=VERTEX_POINT('',#11744);
#5961=VERTEX_POINT('',#11748);
#5962=VERTEX_POINT('',#11752);
#5963=VERTEX_POINT('',#11756);
#5964=VERTEX_POINT('',#11760);
#5965=VERTEX_POINT('',#11762);
#5966=VERTEX_POINT('',#11764);
#5967=VERTEX_POINT('',#11766);
#5968=VERTEX_POINT('',#11768);
#5969=VERTEX_POINT('',#11770);
#5970=VERTEX_POINT('',#11772);
#5971=VERTEX_POINT('',#11774);
#5972=VERTEX_POINT('',#11776);
#5973=VERTEX_POINT('',#11778);
#5974=VERTEX_POINT('',#11780);
#5975=VERTEX_POINT('',#11782);
#5976=VERTEX_POINT('',#11786);
#5977=VERTEX_POINT('',#11788);
#5978=VERTEX_POINT('',#11790);
#5979=VERTEX_POINT('',#11792);
#5980=VERTEX_POINT('',#11794);
#5981=VERTEX_POINT('',#11796);
#5982=VERTEX_POINT('',#11798);
#5983=VERTEX_POINT('',#11800);
#5984=VERTEX_POINT('',#11802);
#5985=VERTEX_POINT('',#11804);
#5986=VERTEX_POINT('',#11806);
#5987=VERTEX_POINT('',#11808);
#5988=VERTEX_POINT('',#11810);
#5989=VERTEX_POINT('',#11814);
#5990=VERTEX_POINT('',#11816);
#5991=VERTEX_POINT('',#11818);
#5992=VERTEX_POINT('',#11820);
#5993=VERTEX_POINT('',#11823);
#5994=VERTEX_POINT('',#11824);
#5995=VERTEX_POINT('',#11826);
#5996=VERTEX_POINT('',#11828);
#5997=VERTEX_POINT('',#11830);
#5998=VERTEX_POINT('',#11832);
#5999=VERTEX_POINT('',#11834);
#6000=VERTEX_POINT('',#11836);
#6001=VERTEX_POINT('',#11838);
#6002=VERTEX_POINT('',#11842);
#6003=VERTEX_POINT('',#11844);
#6004=VERTEX_POINT('',#11846);
#6005=VERTEX_POINT('',#11848);
#6006=VERTEX_POINT('',#11850);
#6007=VERTEX_POINT('',#11852);
#6008=VERTEX_POINT('',#11854);
#6009=VERTEX_POINT('',#11856);
#6010=VERTEX_POINT('',#11858);
#6011=VERTEX_POINT('',#11860);
#6012=VERTEX_POINT('',#11862);
#6013=VERTEX_POINT('',#11864);
#6014=VERTEX_POINT('',#11866);
#6015=VERTEX_POINT('',#11870);
#6016=VERTEX_POINT('',#11874);
#6017=VERTEX_POINT('',#11878);
#6018=VERTEX_POINT('',#11880);
#6019=VERTEX_POINT('',#11882);
#6020=VERTEX_POINT('',#11884);
#6021=VERTEX_POINT('',#11886);
#6022=VERTEX_POINT('',#11888);
#6023=VERTEX_POINT('',#11890);
#6024=VERTEX_POINT('',#11892);
#6025=VERTEX_POINT('',#11894);
#6026=VERTEX_POINT('',#11896);
#6027=VERTEX_POINT('',#11898);
#6028=VERTEX_POINT('',#11904);
#6029=VERTEX_POINT('',#11908);
#6030=VERTEX_POINT('',#11910);
#6031=VERTEX_POINT('',#11912);
#6032=VERTEX_POINT('',#11914);
#6033=VERTEX_POINT('',#11916);
#6034=VERTEX_POINT('',#11918);
#6035=VERTEX_POINT('',#11920);
#6036=VERTEX_POINT('',#11923);
#6037=VERTEX_POINT('',#11924);
#6038=VERTEX_POINT('',#11926);
#6039=VERTEX_POINT('',#11928);
#6040=VERTEX_POINT('',#11930);
#6041=VERTEX_POINT('',#11932);
#6042=VERTEX_POINT('',#11934);
#6043=VERTEX_POINT('',#11936);
#6044=VERTEX_POINT('',#11938);
#6045=VERTEX_POINT('',#11940);
#6046=VERTEX_POINT('',#11942);
#6047=VERTEX_POINT('',#11944);
#6048=VERTEX_POINT('',#11946);
#6049=VERTEX_POINT('',#11948);
#6050=VERTEX_POINT('',#11950);
#6051=VERTEX_POINT('',#11954);
#6052=VERTEX_POINT('',#11956);
#6053=VERTEX_POINT('',#11958);
#6054=VERTEX_POINT('',#11960);
#6055=VERTEX_POINT('',#11962);
#6056=VERTEX_POINT('',#11964);
#6057=VERTEX_POINT('',#11966);
#6058=VERTEX_POINT('',#11968);
#6059=VERTEX_POINT('',#11980);
#6060=VERTEX_POINT('',#11981);
#6061=VERTEX_POINT('',#11986);
#6062=VERTEX_POINT('',#12006);
#6063=VERTEX_POINT('',#12012);
#6064=VERTEX_POINT('',#12013);
#6065=VERTEX_POINT('',#12015);
#6066=VERTEX_POINT('',#12017);
#6067=VERTEX_POINT('',#12019);
#6068=VERTEX_POINT('',#12021);
#6069=VERTEX_POINT('',#12023);
#6070=VERTEX_POINT('',#12025);
#6071=VERTEX_POINT('',#12027);
#6072=VERTEX_POINT('',#12029);
#6073=VERTEX_POINT('',#12031);
#6074=VERTEX_POINT('',#12035);
#6075=VERTEX_POINT('',#12037);
#6076=VERTEX_POINT('',#12041);
#6077=VERTEX_POINT('',#12045);
#6078=VERTEX_POINT('',#12049);
#6079=VERTEX_POINT('',#12053);
#6080=VERTEX_POINT('',#12055);
#6081=VERTEX_POINT('',#12057);
#6082=VERTEX_POINT('',#12059);
#6083=VERTEX_POINT('',#12061);
#6084=VERTEX_POINT('',#12063);
#6085=VERTEX_POINT('',#12065);
#6086=VERTEX_POINT('',#12067);
#6087=VERTEX_POINT('',#12069);
#6088=VERTEX_POINT('',#12071);
#6089=VERTEX_POINT('',#12073);
#6090=VERTEX_POINT('',#12075);
#6091=VERTEX_POINT('',#12077);
#6092=VERTEX_POINT('',#12079);
#6093=VERTEX_POINT('',#12081);
#6094=VERTEX_POINT('',#12083);
#6095=VERTEX_POINT('',#12085);
#6096=VERTEX_POINT('',#12087);
#6097=VERTEX_POINT('',#12089);
#6098=VERTEX_POINT('',#12091);
#6099=VERTEX_POINT('',#12093);
#6100=VERTEX_POINT('',#12095);
#6101=VERTEX_POINT('',#12097);
#6102=VERTEX_POINT('',#12099);
#6103=VERTEX_POINT('',#12101);
#6104=VERTEX_POINT('',#12105);
#6105=VERTEX_POINT('',#12107);
#6106=VERTEX_POINT('',#12109);
#6107=VERTEX_POINT('',#12111);
#6108=VERTEX_POINT('',#12114);
#6109=VERTEX_POINT('',#12115);
#6110=VERTEX_POINT('',#12117);
#6111=VERTEX_POINT('',#12119);
#6112=VERTEX_POINT('',#12121);
#6113=VERTEX_POINT('',#12123);
#6114=VERTEX_POINT('',#12125);
#6115=VERTEX_POINT('',#12127);
#6116=VERTEX_POINT('',#12129);
#6117=VERTEX_POINT('',#12131);
#6118=VERTEX_POINT('',#12133);
#6119=VERTEX_POINT('',#12135);
#6120=VERTEX_POINT('',#12137);
#6121=VERTEX_POINT('',#12139);
#6122=VERTEX_POINT('',#12141);
#6123=VERTEX_POINT('',#12144);
#6124=VERTEX_POINT('',#12145);
#6125=VERTEX_POINT('',#12147);
#6126=VERTEX_POINT('',#12149);
#6127=VERTEX_POINT('',#12151);
#6128=VERTEX_POINT('',#12153);
#6129=VERTEX_POINT('',#12155);
#6130=VERTEX_POINT('',#12157);
#6131=VERTEX_POINT('',#12159);
#6132=VERTEX_POINT('',#12161);
#6133=VERTEX_POINT('',#12163);
#6134=VERTEX_POINT('',#12167);
#6135=VERTEX_POINT('',#12169);
#6136=VERTEX_POINT('',#12173);
#6137=VERTEX_POINT('',#12177);
#6138=VERTEX_POINT('',#12181);
#6139=VERTEX_POINT('',#12185);
#6140=VERTEX_POINT('',#12187);
#6141=VERTEX_POINT('',#12189);
#6142=VERTEX_POINT('',#12191);
#6143=VERTEX_POINT('',#12193);
#6144=VERTEX_POINT('',#12195);
#6145=VERTEX_POINT('',#12197);
#6146=VERTEX_POINT('',#12199);
#6147=VERTEX_POINT('',#12201);
#6148=VERTEX_POINT('',#12203);
#6149=VERTEX_POINT('',#12205);
#6150=VERTEX_POINT('',#12207);
#6151=VERTEX_POINT('',#12209);
#6152=VERTEX_POINT('',#12211);
#6153=VERTEX_POINT('',#12213);
#6154=VERTEX_POINT('',#12215);
#6155=VERTEX_POINT('',#12217);
#6156=VERTEX_POINT('',#12219);
#6157=VERTEX_POINT('',#12221);
#6158=VERTEX_POINT('',#12223);
#6159=VERTEX_POINT('',#12225);
#6160=VERTEX_POINT('',#12227);
#6161=VERTEX_POINT('',#12229);
#6162=VERTEX_POINT('',#12231);
#6163=VERTEX_POINT('',#12233);
#6164=VERTEX_POINT('',#12237);
#6165=VERTEX_POINT('',#12239);
#6166=VERTEX_POINT('',#12241);
#6167=VERTEX_POINT('',#12243);
#6168=VERTEX_POINT('',#12246);
#6169=VERTEX_POINT('',#12247);
#6170=VERTEX_POINT('',#12249);
#6171=VERTEX_POINT('',#12251);
#6172=VERTEX_POINT('',#12253);
#6173=VERTEX_POINT('',#12255);
#6174=VERTEX_POINT('',#12257);
#6175=VERTEX_POINT('',#12259);
#6176=VERTEX_POINT('',#12261);
#6177=VERTEX_POINT('',#12263);
#6178=VERTEX_POINT('',#12265);
#6179=VERTEX_POINT('',#12267);
#6180=VERTEX_POINT('',#12269);
#6181=VERTEX_POINT('',#12271);
#6182=VERTEX_POINT('',#12273);
#6183=VERTEX_POINT('',#12275);
#6184=VERTEX_POINT('',#12277);
#6185=VERTEX_POINT('',#12279);
#6186=VERTEX_POINT('',#12281);
#6187=VERTEX_POINT('',#12283);
#6188=VERTEX_POINT('',#12285);
#6189=VERTEX_POINT('',#12287);
#6190=VERTEX_POINT('',#12289);
#6191=VERTEX_POINT('',#12293);
#6192=VERTEX_POINT('',#12294);
#6193=VERTEX_POINT('',#12296);
#6194=VERTEX_POINT('',#12298);
#6195=VERTEX_POINT('',#12300);
#6196=VERTEX_POINT('',#12302);
#6197=VERTEX_POINT('',#12304);
#6198=VERTEX_POINT('',#12306);
#6199=VERTEX_POINT('',#12312);
#6200=VERTEX_POINT('',#12313);
#6201=VERTEX_POINT('',#12318);
#6202=VERTEX_POINT('',#12320);
#6203=VERTEX_POINT('',#12325);
#6204=VERTEX_POINT('',#12330);
#6205=VERTEX_POINT('',#12337);
#6206=VERTEX_POINT('',#12339);
#6207=VERTEX_POINT('',#12349);
#6208=VERTEX_POINT('',#12350);
#6209=VERTEX_POINT('',#12354);
#6210=VERTEX_POINT('',#12358);
#6211=VERTEX_POINT('',#12360);
#6212=VERTEX_POINT('',#12362);
#6213=VERTEX_POINT('',#12364);
#6214=VERTEX_POINT('',#12366);
#6215=VERTEX_POINT('',#12369);
#6216=VERTEX_POINT('',#12370);
#6217=VERTEX_POINT('',#12372);
#6218=VERTEX_POINT('',#12374);
#6219=VERTEX_POINT('',#12376);
#6220=VERTEX_POINT('',#12378);
#6221=VERTEX_POINT('',#12380);
#6222=VERTEX_POINT('',#12382);
#6223=VERTEX_POINT('',#12384);
#6224=VERTEX_POINT('',#12386);
#6225=VERTEX_POINT('',#12388);
#6226=VERTEX_POINT('',#12390);
#6227=VERTEX_POINT('',#12393);
#6228=VERTEX_POINT('',#12394);
#6229=VERTEX_POINT('',#12396);
#6230=VERTEX_POINT('',#12398);
#6231=VERTEX_POINT('',#12400);
#6232=VERTEX_POINT('',#12402);
#6233=VERTEX_POINT('',#12404);
#6234=VERTEX_POINT('',#12406);
#6235=VERTEX_POINT('',#12408);
#6236=VERTEX_POINT('',#12410);
#6237=VERTEX_POINT('',#12412);
#6238=VERTEX_POINT('',#12414);
#6239=VERTEX_POINT('',#12416);
#6240=VERTEX_POINT('',#12418);
#6241=VERTEX_POINT('',#12420);
#6242=VERTEX_POINT('',#12423);
#6243=VERTEX_POINT('',#12424);
#6244=VERTEX_POINT('',#12426);
#6245=VERTEX_POINT('',#12428);
#6246=VERTEX_POINT('',#12430);
#6247=VERTEX_POINT('',#12432);
#6248=VERTEX_POINT('',#12434);
#6249=VERTEX_POINT('',#12436);
#6250=VERTEX_POINT('',#12438);
#6251=VERTEX_POINT('',#12440);
#6252=VERTEX_POINT('',#12442);
#6253=VERTEX_POINT('',#12444);
#6254=VERTEX_POINT('',#12446);
#6255=VERTEX_POINT('',#12448);
#6256=VERTEX_POINT('',#12450);
#6257=VERTEX_POINT('',#12453);
#6258=VERTEX_POINT('',#12454);
#6259=VERTEX_POINT('',#12456);
#6260=VERTEX_POINT('',#12458);
#6261=VERTEX_POINT('',#12460);
#6262=VERTEX_POINT('',#12462);
#6263=VERTEX_POINT('',#12466);
#6264=VERTEX_POINT('',#12470);
#6265=VERTEX_POINT('',#12474);
#6266=VERTEX_POINT('',#12476);
#6267=VERTEX_POINT('',#12478);
#6268=VERTEX_POINT('',#12483);
#6269=VERTEX_POINT('',#12484);
#6270=VERTEX_POINT('',#12488);
#6271=VERTEX_POINT('',#12492);
#6272=VERTEX_POINT('',#12496);
#6273=VERTEX_POINT('',#12498);
#6274=VERTEX_POINT('',#12500);
#6275=VERTEX_POINT('',#12502);
#6276=VERTEX_POINT('',#12506);
#6277=VERTEX_POINT('',#12510);
#6278=VERTEX_POINT('',#12514);
#6279=VERTEX_POINT('',#12518);
#6280=VERTEX_POINT('',#12522);
#6281=VERTEX_POINT('',#12526);
#6282=VERTEX_POINT('',#12530);
#6283=VERTEX_POINT('',#12534);
#6284=VERTEX_POINT('',#12538);
#6285=VERTEX_POINT('',#12540);
#6286=VERTEX_POINT('',#12542);
#6287=VERTEX_POINT('',#12546);
#6288=VERTEX_POINT('',#12550);
#6289=VERTEX_POINT('',#12554);
#6290=VERTEX_POINT('',#12558);
#6291=VERTEX_POINT('',#12562);
#6292=VERTEX_POINT('',#12566);
#6293=VERTEX_POINT('',#12572);
#6294=VERTEX_POINT('',#12573);
#6295=VERTEX_POINT('',#12590);
#6296=VERTEX_POINT('',#12600);
#6297=VERTEX_POINT('',#12610);
#6298=VERTEX_POINT('',#12611);
#6299=VERTEX_POINT('',#12625);
#6300=VERTEX_POINT('',#12631);
#6301=VERTEX_POINT('',#12641);
#6302=VERTEX_POINT('',#12646);
#6303=VERTEX_POINT('',#12651);
#6304=VERTEX_POINT('',#12658);
#6305=VERTEX_POINT('',#12666);
#6306=VERTEX_POINT('',#12671);
#6307=VERTEX_POINT('',#12682);
#6308=VERTEX_POINT('',#12690);
#6309=VERTEX_POINT('',#12692);
#6310=VERTEX_POINT('',#12708);
#6311=VERTEX_POINT('',#12709);
#6312=VERTEX_POINT('',#12720);
#6313=VERTEX_POINT('',#12721);
#6314=VERTEX_POINT('',#12755);
#6315=VERTEX_POINT('',#12756);
#6316=VERTEX_POINT('',#12761);
#6317=VERTEX_POINT('',#12781);
#6318=VERTEX_POINT('',#12796);
#6319=VERTEX_POINT('',#12804);
#6320=VERTEX_POINT('',#12806);
#6321=VERTEX_POINT('',#12825);
#6322=VERTEX_POINT('',#12826);
#6323=VERTEX_POINT('',#12837);
#6324=VERTEX_POINT('',#12838);
#6325=VERTEX_POINT('',#12878);
#6326=VERTEX_POINT('',#12879);
#6327=VERTEX_POINT('',#12884);
#6328=VERTEX_POINT('',#12894);
#6329=VERTEX_POINT('',#12921);
#6330=VERTEX_POINT('',#12939);
#6331=VERTEX_POINT('',#13042);
#6332=VERTEX_POINT('',#13081);
#6333=VERTEX_POINT('',#13689);
#6334=VERTEX_POINT('',#13690);
#6335=VERTEX_POINT('',#13692);
#6336=VERTEX_POINT('',#13694);
#6337=VERTEX_POINT('',#13698);
#6338=VERTEX_POINT('',#13700);
#6339=VERTEX_POINT('',#13704);
#6340=VERTEX_POINT('',#13706);
#6341=VERTEX_POINT('',#13719);
#6342=VERTEX_POINT('',#13721);
#6343=VERTEX_POINT('',#13736);
#6344=VERTEX_POINT('',#13738);
#6345=VERTEX_POINT('',#13753);
#6346=VERTEX_POINT('',#13755);
#6347=VERTEX_POINT('',#13768);
#6348=VERTEX_POINT('',#13772);
#6349=VERTEX_POINT('',#13783);
#6350=VERTEX_POINT('',#13789);
#6351=VERTEX_POINT('',#13793);
#6352=VERTEX_POINT('',#13797);
#6353=VERTEX_POINT('',#13801);
#6354=VERTEX_POINT('',#13805);
#6355=VERTEX_POINT('',#13835);
#6356=VERTEX_POINT('',#13837);
#6357=VERTEX_POINT('',#13841);
#6358=VERTEX_POINT('',#13845);
#6359=VERTEX_POINT('',#13849);
#6360=VERTEX_POINT('',#13853);
#6361=VERTEX_POINT('',#13857);
#6362=VERTEX_POINT('',#13861);
#6363=VERTEX_POINT('',#13865);
#6364=VERTEX_POINT('',#13869);
#6365=VERTEX_POINT('',#13873);
#6366=VERTEX_POINT('',#13877);
#6367=VERTEX_POINT('',#13884);
#6368=VERTEX_POINT('',#13886);
#6369=VERTEX_POINT('',#13890);
#6370=VERTEX_POINT('',#13894);
#6371=VERTEX_POINT('',#13898);
#6372=VERTEX_POINT('',#13902);
#6373=VERTEX_POINT('',#13906);
#6374=VERTEX_POINT('',#13910);
#6375=VERTEX_POINT('',#13914);
#6376=VERTEX_POINT('',#13918);
#6377=VERTEX_POINT('',#13922);
#6378=VERTEX_POINT('',#13926);
#6379=VERTEX_POINT('',#13930);
#6380=VERTEX_POINT('',#13934);
#6381=VERTEX_POINT('',#13938);
#6382=VERTEX_POINT('',#13945);
#6383=VERTEX_POINT('',#13947);
#6384=VERTEX_POINT('',#13951);
#6385=VERTEX_POINT('',#13955);
#6386=VERTEX_POINT('',#13959);
#6387=VERTEX_POINT('',#13963);
#6388=VERTEX_POINT('',#13967);
#6389=VERTEX_POINT('',#13971);
#6390=VERTEX_POINT('',#13975);
#6391=VERTEX_POINT('',#13979);
#6392=VERTEX_POINT('',#13983);
#6393=VERTEX_POINT('',#13987);
#6394=VERTEX_POINT('',#13991);
#6395=VERTEX_POINT('',#13995);
#6396=VERTEX_POINT('',#13999);
#6397=VERTEX_POINT('',#14006);
#6398=VERTEX_POINT('',#14007);
#6399=VERTEX_POINT('',#14009);
#6400=VERTEX_POINT('',#14011);
#6401=VERTEX_POINT('',#14015);
#6402=VERTEX_POINT('',#14017);
#6403=VERTEX_POINT('',#14021);
#6404=VERTEX_POINT('',#14023);
#6405=VERTEX_POINT('',#14027);
#6406=VERTEX_POINT('',#14029);
#6407=VERTEX_POINT('',#14033);
#6408=VERTEX_POINT('',#14035);
#6409=VERTEX_POINT('',#14039);
#6410=VERTEX_POINT('',#14043);
#6411=VERTEX_POINT('',#14047);
#6412=VERTEX_POINT('',#14051);
#6413=VERTEX_POINT('',#14055);
#6414=VERTEX_POINT('',#14059);
#6415=VERTEX_POINT('',#14069);
#6416=VERTEX_POINT('',#14070);
#6417=VERTEX_POINT('',#14072);
#6418=VERTEX_POINT('',#14074);
#6419=VERTEX_POINT('',#14078);
#6420=VERTEX_POINT('',#14080);
#6421=VERTEX_POINT('',#14084);
#6422=VERTEX_POINT('',#14086);
#6423=VERTEX_POINT('',#14099);
#6424=VERTEX_POINT('',#14101);
#6425=VERTEX_POINT('',#14116);
#6426=VERTEX_POINT('',#14118);
#6427=VERTEX_POINT('',#14133);
#6428=VERTEX_POINT('',#14135);
#6429=VERTEX_POINT('',#14141);
#6430=VERTEX_POINT('',#14143);
#6431=VERTEX_POINT('',#14147);
#6432=VERTEX_POINT('',#14151);
#6433=VERTEX_POINT('',#14155);
#6434=VERTEX_POINT('',#14159);
#6435=VERTEX_POINT('',#14170);
#6436=VERTEX_POINT('',#14183);
#6437=VERTEX_POINT('',#14196);
#6438=VERTEX_POINT('',#14202);
#6439=VERTEX_POINT('',#14206);
#6440=VERTEX_POINT('',#14234);
#6441=VERTEX_POINT('',#14238);
#6442=VERTEX_POINT('',#14249);
#6443=VERTEX_POINT('',#14262);
#6444=VERTEX_POINT('',#14275);
#6445=VERTEX_POINT('',#14288);
#6446=VERTEX_POINT('',#14301);
#6447=VERTEX_POINT('',#14314);
#6448=VERTEX_POINT('',#14327);
#6449=VERTEX_POINT('',#14340);
#6450=VERTEX_POINT('',#14346);
#6451=VERTEX_POINT('',#14350);
#6452=VERTEX_POINT('',#14361);
#6453=VERTEX_POINT('',#14374);
#6454=VERTEX_POINT('',#14387);
#6455=VERTEX_POINT('',#14400);
#6456=VERTEX_POINT('',#14413);
#6457=VERTEX_POINT('',#14426);
#6458=VERTEX_POINT('',#14439);
#6459=VERTEX_POINT('',#14452);
#6460=VERTEX_POINT('',#14465);
#6461=VERTEX_POINT('',#14471);
#6462=VERTEX_POINT('',#14475);
#6463=VERTEX_POINT('',#14479);
#6464=VERTEX_POINT('',#14490);
#6465=VERTEX_POINT('',#14511);
#6466=VERTEX_POINT('',#14513);
#6467=VERTEX_POINT('',#14517);
#6468=VERTEX_POINT('',#14521);
#6469=VERTEX_POINT('',#14525);
#6470=VERTEX_POINT('',#14529);
#6471=VERTEX_POINT('',#14533);
#6472=VERTEX_POINT('',#14544);
#6473=VERTEX_POINT('',#14550);
#6474=VERTEX_POINT('',#14554);
#6475=VERTEX_POINT('',#14558);
#6476=VERTEX_POINT('',#14562);
#6477=VERTEX_POINT('',#14566);
#6478=VERTEX_POINT('',#14570);
#6479=VERTEX_POINT('',#14574);
#6480=VERTEX_POINT('',#14578);
#6481=VERTEX_POINT('',#14582);
#6482=VERTEX_POINT('',#14586);
#6483=VERTEX_POINT('',#14590);
#6484=VERTEX_POINT('',#14594);
#6485=VERTEX_POINT('',#14598);
#6486=VERTEX_POINT('',#14602);
#6487=VERTEX_POINT('',#14606);
#6488=VERTEX_POINT('',#14610);
#6489=VERTEX_POINT('',#14614);
#6490=VERTEX_POINT('',#14618);
#6491=VERTEX_POINT('',#14622);
#6492=VERTEX_POINT('',#14626);
#6493=VERTEX_POINT('',#14630);
#6494=VERTEX_POINT('',#14634);
#6495=VERTEX_POINT('',#14638);
#6496=VERTEX_POINT('',#14642);
#6497=VERTEX_POINT('',#14653);
#6498=VERTEX_POINT('',#14666);
#6499=VERTEX_POINT('',#14679);
#6500=VERTEX_POINT('',#14692);
#6501=VERTEX_POINT('',#14698);
#6502=VERTEX_POINT('',#14709);
#6503=VERTEX_POINT('',#14715);
#6504=VERTEX_POINT('',#14719);
#6505=VERTEX_POINT('',#14723);
#6506=VERTEX_POINT('',#14727);
#6507=VERTEX_POINT('',#14731);
#6508=VERTEX_POINT('',#14735);
#6509=VERTEX_POINT('',#14739);
#6510=VERTEX_POINT('',#14746);
#6511=VERTEX_POINT('',#14748);
#6512=VERTEX_POINT('',#14752);
#6513=VERTEX_POINT('',#14756);
#6514=VERTEX_POINT('',#14760);
#6515=VERTEX_POINT('',#14764);
#6516=VERTEX_POINT('',#14768);
#6517=VERTEX_POINT('',#14772);
#6518=VERTEX_POINT('',#14776);
#6519=VERTEX_POINT('',#14780);
#6520=VERTEX_POINT('',#14784);
#6521=VERTEX_POINT('',#14788);
#6522=VERTEX_POINT('',#14792);
#6523=VERTEX_POINT('',#14796);
#6524=VERTEX_POINT('',#14800);
#6525=VERTEX_POINT('',#14807);
#6526=VERTEX_POINT('',#14809);
#6527=VERTEX_POINT('',#14813);
#6528=VERTEX_POINT('',#14817);
#6529=VERTEX_POINT('',#14821);
#6530=VERTEX_POINT('',#14825);
#6531=VERTEX_POINT('',#14829);
#6532=VERTEX_POINT('',#14840);
#6533=VERTEX_POINT('',#14846);
#6534=VERTEX_POINT('',#14850);
#6535=VERTEX_POINT('',#14854);
#6536=VERTEX_POINT('',#14858);
#6537=VERTEX_POINT('',#14862);
#6538=VERTEX_POINT('',#14866);
#6539=VERTEX_POINT('',#14870);
#6540=VERTEX_POINT('',#14874);
#6541=VERTEX_POINT('',#14878);
#6542=VERTEX_POINT('',#14882);
#6543=VERTEX_POINT('',#14886);
#6544=VERTEX_POINT('',#14890);
#6545=VERTEX_POINT('',#14894);
#6546=VERTEX_POINT('',#14898);
#6547=VERTEX_POINT('',#14902);
#6548=VERTEX_POINT('',#14906);
#6549=VERTEX_POINT('',#14910);
#6550=VERTEX_POINT('',#14914);
#6551=VERTEX_POINT('',#14918);
#6552=VERTEX_POINT('',#14922);
#6553=VERTEX_POINT('',#14926);
#6554=VERTEX_POINT('',#14930);
#6555=VERTEX_POINT('',#14934);
#6556=VERTEX_POINT('',#14938);
#6557=VERTEX_POINT('',#14949);
#6558=VERTEX_POINT('',#14962);
#6559=VERTEX_POINT('',#14975);
#6560=VERTEX_POINT('',#14988);
#6561=VERTEX_POINT('',#14994);
#6562=VERTEX_POINT('',#15005);
#6563=VERTEX_POINT('',#15011);
#6564=VERTEX_POINT('',#15015);
#6565=VERTEX_POINT('',#15019);
#6566=VERTEX_POINT('',#15023);
#6567=VERTEX_POINT('',#15027);
#6568=VERTEX_POINT('',#15031);
#6569=VERTEX_POINT('',#15035);
#6570=VERTEX_POINT('',#15042);
#6571=VERTEX_POINT('',#15044);
#6572=VERTEX_POINT('',#15048);
#6573=VERTEX_POINT('',#15052);
#6574=VERTEX_POINT('',#15056);
#6575=VERTEX_POINT('',#15060);
#6576=VERTEX_POINT('',#15064);
#6577=VERTEX_POINT('',#15068);
#6578=VERTEX_POINT('',#15072);
#6579=VERTEX_POINT('',#15076);
#6580=VERTEX_POINT('',#15080);
#6581=VERTEX_POINT('',#15084);
#6582=VERTEX_POINT('',#15088);
#6583=VERTEX_POINT('',#15092);
#6584=VERTEX_POINT('',#15096);
#6585=VERTEX_POINT('',#15100);
#6586=VERTEX_POINT('',#15104);
#6587=VERTEX_POINT('',#15108);
#6588=VERTEX_POINT('',#15112);
#6589=VERTEX_POINT('',#15116);
#6590=VERTEX_POINT('',#15120);
#6591=VERTEX_POINT('',#15124);
#6592=VERTEX_POINT('',#15128);
#6593=VERTEX_POINT('',#15135);
#6594=VERTEX_POINT('',#15137);
#6595=VERTEX_POINT('',#15141);
#6596=VERTEX_POINT('',#15145);
#6597=VERTEX_POINT('',#15149);
#6598=VERTEX_POINT('',#15153);
#6599=VERTEX_POINT('',#15157);
#6600=VERTEX_POINT('',#15168);
#6601=VERTEX_POINT('',#15174);
#6602=VERTEX_POINT('',#15178);
#6603=VERTEX_POINT('',#15182);
#6604=VERTEX_POINT('',#15186);
#6605=VERTEX_POINT('',#15190);
#6606=VERTEX_POINT('',#15194);
#6607=VERTEX_POINT('',#15198);
#6608=VERTEX_POINT('',#15202);
#6609=VERTEX_POINT('',#15206);
#6610=VERTEX_POINT('',#15210);
#6611=VERTEX_POINT('',#15214);
#6612=VERTEX_POINT('',#15218);
#6613=VERTEX_POINT('',#15229);
#6614=VERTEX_POINT('',#15235);
#6615=VERTEX_POINT('',#15239);
#6616=VERTEX_POINT('',#15243);
#6617=VERTEX_POINT('',#15247);
#6618=VERTEX_POINT('',#15251);
#6619=VERTEX_POINT('',#15255);
#6620=VERTEX_POINT('',#15259);
#6621=VERTEX_POINT('',#15263);
#6622=VERTEX_POINT('',#15267);
#6623=VERTEX_POINT('',#15271);
#6624=VERTEX_POINT('',#15275);
#6625=VERTEX_POINT('',#15286);
#6626=VERTEX_POINT('',#15299);
#6627=VERTEX_POINT('',#15312);
#6628=VERTEX_POINT('',#15325);
#6629=VERTEX_POINT('',#15331);
#6630=VERTEX_POINT('',#15342);
#6631=VERTEX_POINT('',#15348);
#6632=VERTEX_POINT('',#15352);
#6633=VERTEX_POINT('',#15356);
#6634=VERTEX_POINT('',#15360);
#6635=VERTEX_POINT('',#15364);
#6636=VERTEX_POINT('',#15368);
#6637=VERTEX_POINT('',#15372);
#6638=VERTEX_POINT('',#15379);
#6639=VERTEX_POINT('',#15381);
#6640=VERTEX_POINT('',#15385);
#6641=VERTEX_POINT('',#15389);
#6642=VERTEX_POINT('',#15393);
#6643=VERTEX_POINT('',#15397);
#6644=VERTEX_POINT('',#15401);
#6645=VERTEX_POINT('',#15412);
#6646=VERTEX_POINT('',#15418);
#6647=VERTEX_POINT('',#15422);
#6648=VERTEX_POINT('',#15426);
#6649=VERTEX_POINT('',#15430);
#6650=VERTEX_POINT('',#15434);
#6651=VERTEX_POINT('',#15438);
#6652=VERTEX_POINT('',#15442);
#6653=VERTEX_POINT('',#15446);
#6654=VERTEX_POINT('',#15450);
#6655=VERTEX_POINT('',#15454);
#6656=VERTEX_POINT('',#15458);
#6657=VERTEX_POINT('',#15462);
#6658=VERTEX_POINT('',#15473);
#6659=VERTEX_POINT('',#15479);
#6660=VERTEX_POINT('',#15483);
#6661=VERTEX_POINT('',#15487);
#6662=VERTEX_POINT('',#15491);
#6663=VERTEX_POINT('',#15495);
#6664=VERTEX_POINT('',#15499);
#6665=VERTEX_POINT('',#15503);
#6666=VERTEX_POINT('',#15507);
#6667=VERTEX_POINT('',#15511);
#6668=VERTEX_POINT('',#15515);
#6669=VERTEX_POINT('',#15519);
#6670=VERTEX_POINT('',#15530);
#6671=VERTEX_POINT('',#15543);
#6672=VERTEX_POINT('',#15556);
#6673=VERTEX_POINT('',#15569);
#6674=VERTEX_POINT('',#15575);
#6675=VERTEX_POINT('',#15586);
#6676=VERTEX_POINT('',#15592);
#6677=VERTEX_POINT('',#15596);
#6678=VERTEX_POINT('',#15600);
#6679=VERTEX_POINT('',#15604);
#6680=VERTEX_POINT('',#15608);
#6681=VERTEX_POINT('',#15612);
#6682=VERTEX_POINT('',#15616);
#6683=VERTEX_POINT('',#15623);
#6684=VERTEX_POINT('',#15625);
#6685=VERTEX_POINT('',#15629);
#6686=VERTEX_POINT('',#15633);
#6687=VERTEX_POINT('',#15637);
#6688=VERTEX_POINT('',#15641);
#6689=VERTEX_POINT('',#15645);
#6690=VERTEX_POINT('',#15649);
#6691=VERTEX_POINT('',#15653);
#6692=VERTEX_POINT('',#15657);
#6693=VERTEX_POINT('',#15668);
#6694=VERTEX_POINT('',#15674);
#6695=VERTEX_POINT('',#15682);
#6696=VERTEX_POINT('',#15686);
#6697=VERTEX_POINT('',#15690);
#6698=VERTEX_POINT('',#15694);
#6699=VERTEX_POINT('',#15698);
#6700=VERTEX_POINT('',#15702);
#6701=VERTEX_POINT('',#15706);
#6702=VERTEX_POINT('',#15710);
#6703=VERTEX_POINT('',#15714);
#6704=VERTEX_POINT('',#15718);
#6705=VERTEX_POINT('',#15729);
#6706=VERTEX_POINT('',#15742);
#6707=VERTEX_POINT('',#15755);
#6708=VERTEX_POINT('',#15761);
#6709=VERTEX_POINT('',#15765);
#6710=VERTEX_POINT('',#15769);
#6711=VERTEX_POINT('',#15773);
#6712=VERTEX_POINT('',#15777);
#6713=VERTEX_POINT('',#15781);
#6714=VERTEX_POINT('',#15785);
#6715=VERTEX_POINT('',#15789);
#6716=VERTEX_POINT('',#15793);
#6717=VERTEX_POINT('',#15797);
#6718=VERTEX_POINT('',#15801);
#6719=VERTEX_POINT('',#15805);
#6720=VERTEX_POINT('',#15816);
#6721=VERTEX_POINT('',#15822);
#6722=VERTEX_POINT('',#15826);
#6723=VERTEX_POINT('',#15830);
#6724=VERTEX_POINT('',#15834);
#6725=VERTEX_POINT('',#15838);
#6726=VERTEX_POINT('',#15845);
#6727=VERTEX_POINT('',#15847);
#6728=VERTEX_POINT('',#15851);
#6729=VERTEX_POINT('',#15855);
#6730=VERTEX_POINT('',#15859);
#6731=VERTEX_POINT('',#15863);
#6732=VERTEX_POINT('',#15867);
#6733=VERTEX_POINT('',#15871);
#6734=VERTEX_POINT('',#15875);
#6735=VERTEX_POINT('',#15879);
#6736=VERTEX_POINT('',#15883);
#6737=VERTEX_POINT('',#15894);
#6738=VERTEX_POINT('',#15900);
#6739=VERTEX_POINT('',#15904);
#6740=VERTEX_POINT('',#15908);
#6741=VERTEX_POINT('',#15912);
#6742=VERTEX_POINT('',#15916);
#6743=VERTEX_POINT('',#15920);
#6744=VERTEX_POINT('',#15924);
#6745=VERTEX_POINT('',#15928);
#6746=VERTEX_POINT('',#15932);
#6747=VERTEX_POINT('',#15936);
#6748=VERTEX_POINT('',#15940);
#6749=B_SPLINE_CURVE_WITH_KNOTS('',3,(#11574,#11575,#11576,#11577,#11578,
#11579,#11580,#11581,#11582,#11583,#11584,#11585,#11586,#11587,#11588,#11589,
#11590,#11591,#11592),.UNSPECIFIED.,.F.,.F.,(4,1,1,1,1,1,1,1,1,1,1,1,1,
1,1,1,4),(0.,0.0625,0.125,0.1875,0.25,0.3125,0.375,0.4375,0.5,0.5625,0.625,
0.6875,0.75,0.8125,0.875,0.9375,1.),.UNSPECIFIED.);
#6750=B_SPLINE_CURVE_WITH_KNOTS('',3,(#11595,#11596,#11597,#11598),
 .UNSPECIFIED.,.F.,.F.,(4,4),(0.,1.),.UNSPECIFIED.);
#6751=B_SPLINE_CURVE_WITH_KNOTS('',3,(#11600,#11601,#11602,#11603,#11604,
#11605,#11606,#11607,#11608),.UNSPECIFIED.,.F.,.F.,(4,1,1,1,1,1,4),(0.,
0.125,0.25,0.5,0.75,0.875,1.),.UNSPECIFIED.);
#6752=B_SPLINE_CURVE_WITH_KNOTS('',3,(#11610,#11611,#11612,#11613),
 .UNSPECIFIED.,.F.,.F.,(4,4),(0.,1.),.UNSPECIFIED.);
#6753=B_SPLINE_CURVE_WITH_KNOTS('',2,(#11635,#11636,#11637),
 .UNSPECIFIED.,.F.,.F.,(3,3),(0.,1.),.PIECEWISE_BEZIER_KNOTS.);
#6754=B_SPLINE_CURVE_WITH_KNOTS('',2,(#11641,#11642,#11643),
 .UNSPECIFIED.,.F.,.F.,(3,3),(0.,1.),.PIECEWISE_BEZIER_KNOTS.);
#6755=B_SPLINE_CURVE_WITH_KNOTS('',2,(#11645,#11646,#11647),
 .UNSPECIFIED.,.F.,.F.,(3,3),(0.,1.),.PIECEWISE_BEZIER_KNOTS.);
#6756=B_SPLINE_CURVE_WITH_KNOTS('',2,(#11649,#11650,#11651),
 .UNSPECIFIED.,.F.,.F.,(3,3),(0.,1.),.PIECEWISE_BEZIER_KNOTS.);
#6757=B_SPLINE_CURVE_WITH_KNOTS('',2,(#11653,#11654,#11655),
 .UNSPECIFIED.,.F.,.F.,(3,3),(0.,1.),.PIECEWISE_BEZIER_KNOTS.);
#6758=B_SPLINE_CURVE_WITH_KNOTS('',2,(#11679,#11680,#11681),
 .UNSPECIFIED.,.F.,.F.,(3,3),(0.,1.),.PIECEWISE_BEZIER_KNOTS.);
#6759=B_SPLINE_CURVE_WITH_KNOTS('',2,(#11707,#11708,#11709),
 .UNSPECIFIED.,.F.,.F.,(3,3),(0.,1.),.PIECEWISE_BEZIER_KNOTS.);
#6760=B_SPLINE_CURVE_WITH_KNOTS('',2,(#11739,#11740,#11741),
 .UNSPECIFIED.,.F.,.F.,(3,3),(0.,1.),.PIECEWISE_BEZIER_KNOTS.);
#6761=B_SPLINE_CURVE_WITH_KNOTS('',2,(#11745,#11746,#11747),
 .UNSPECIFIED.,.F.,.F.,(3,3),(0.,1.),.PIECEWISE_BEZIER_KNOTS.);
#6762=B_SPLINE_CURVE_WITH_KNOTS('',2,(#11749,#11750,#11751),
 .UNSPECIFIED.,.F.,.F.,(3,3),(0.,1.),.PIECEWISE_BEZIER_KNOTS.);
#6763=B_SPLINE_CURVE_WITH_KNOTS('',2,(#11753,#11754,#11755),
 .UNSPECIFIED.,.F.,.F.,(3,3),(0.,1.),.PIECEWISE_BEZIER_KNOTS.);
#6764=B_SPLINE_CURVE_WITH_KNOTS('',2,(#11757,#11758,#11759),
 .UNSPECIFIED.,.F.,.F.,(3,3),(0.,1.),.PIECEWISE_BEZIER_KNOTS.);
#6765=B_SPLINE_CURVE_WITH_KNOTS('',2,(#11783,#11784,#11785),
 .UNSPECIFIED.,.F.,.F.,(3,3),(0.,1.),.PIECEWISE_BEZIER_KNOTS.);
#6766=B_SPLINE_CURVE_WITH_KNOTS('',2,(#11811,#11812,#11813),
 .UNSPECIFIED.,.F.,.F.,(3,3),(0.,1.),.PIECEWISE_BEZIER_KNOTS.);
#6767=B_SPLINE_CURVE_WITH_KNOTS('',2,(#11839,#11840,#11841),
 .UNSPECIFIED.,.F.,.F.,(3,3),(0.,1.),.PIECEWISE_BEZIER_KNOTS.);
#6768=B_SPLINE_CURVE_WITH_KNOTS('',2,(#11867,#11868,#11869),
 .UNSPECIFIED.,.F.,.F.,(3,3),(0.,1.),.PIECEWISE_BEZIER_KNOTS.);
#6769=B_SPLINE_CURVE_WITH_KNOTS('',2,(#11871,#11872,#11873),
 .UNSPECIFIED.,.F.,.F.,(3,3),(0.,1.),.PIECEWISE_BEZIER_KNOTS.);
#6770=B_SPLINE_CURVE_WITH_KNOTS('',2,(#11875,#11876,#11877),
 .UNSPECIFIED.,.F.,.F.,(3,3),(0.,1.),.PIECEWISE_BEZIER_KNOTS.);
#6771=B_SPLINE_CURVE_WITH_KNOTS('',2,(#11899,#11900,#11901,#11902,#11903),
 .UNSPECIFIED.,.F.,.F.,(3,2,3),(-0.01,0.,1.),.PIECEWISE_BEZIER_KNOTS.);
#6772=B_SPLINE_CURVE_WITH_KNOTS('',2,(#11905,#11906,#11907),
 .UNSPECIFIED.,.F.,.F.,(3,3),(0.,1.),.PIECEWISE_BEZIER_KNOTS.);
#6773=B_SPLINE_CURVE_WITH_KNOTS('',2,(#11951,#11952,#11953),
 .UNSPECIFIED.,.F.,.F.,(3,3),(0.,1.),.PIECEWISE_BEZIER_KNOTS.);
#6774=B_SPLINE_CURVE_WITH_KNOTS('',3,(#11971,#11972,#11973,#11974,#11975,
#11976,#11977,#11978,#11979),.UNSPECIFIED.,.F.,.F.,(4,1,1,1,1,1,4),(0.,
0.125,0.25,0.5,0.75,0.875,1.),.UNSPECIFIED.);
#6775=B_SPLINE_CURVE_WITH_KNOTS('',3,(#11982,#11983,#11984,#11985),
 .UNSPECIFIED.,.F.,.F.,(4,4),(0.,1.),.UNSPECIFIED.);
#6776=B_SPLINE_CURVE_WITH_KNOTS('',3,(#11987,#11988,#11989,#11990,#11991,
#11992,#11993,#11994,#11995,#11996,#11997,#11998,#11999,#12000,#12001,#12002,
#12003,#12004,#12005),.UNSPECIFIED.,.F.,.F.,(4,1,1,1,1,1,1,1,1,1,1,1,1,
1,1,1,4),(0.,0.0625,0.125,0.1875,0.25,0.3125,0.375,0.4375,0.5,0.5625,0.625,
0.6875,0.75,0.8125,0.875,0.9375,1.),.UNSPECIFIED.);
#6777=B_SPLINE_CURVE_WITH_KNOTS('',3,(#12007,#12008,#12009,#12010),
 .UNSPECIFIED.,.F.,.F.,(4,4),(0.,1.),.UNSPECIFIED.);
#6778=B_SPLINE_CURVE_WITH_KNOTS('',2,(#12032,#12033,#12034),
 .UNSPECIFIED.,.F.,.F.,(3,3),(0.,1.),.PIECEWISE_BEZIER_KNOTS.);
#6779=B_SPLINE_CURVE_WITH_KNOTS('',2,(#12038,#12039,#12040),
 .UNSPECIFIED.,.F.,.F.,(3,3),(0.,1.),.PIECEWISE_BEZIER_KNOTS.);
#6780=B_SPLINE_CURVE_WITH_KNOTS('',2,(#12042,#12043,#12044),
 .UNSPECIFIED.,.F.,.F.,(3,3),(0.,1.),.PIECEWISE_BEZIER_KNOTS.);
#6781=B_SPLINE_CURVE_WITH_KNOTS('',2,(#12046,#12047,#12048),
 .UNSPECIFIED.,.F.,.F.,(3,3),(0.,1.),.PIECEWISE_BEZIER_KNOTS.);
#6782=B_SPLINE_CURVE_WITH_KNOTS('',2,(#12050,#12051,#12052),
 .UNSPECIFIED.,.F.,.F.,(3,3),(0.,1.),.PIECEWISE_BEZIER_KNOTS.);
#6783=B_SPLINE_CURVE_WITH_KNOTS('',2,(#12102,#12103,#12104),
 .UNSPECIFIED.,.F.,.F.,(3,3),(0.,1.),.PIECEWISE_BEZIER_KNOTS.);
#6784=B_SPLINE_CURVE_WITH_KNOTS('',2,(#12164,#12165,#12166),
 .UNSPECIFIED.,.F.,.F.,(3,3),(0.,1.),.PIECEWISE_BEZIER_KNOTS.);
#6785=B_SPLINE_CURVE_WITH_KNOTS('',2,(#12170,#12171,#12172),
 .UNSPECIFIED.,.F.,.F.,(3,3),(0.,1.),.PIECEWISE_BEZIER_KNOTS.);
#6786=B_SPLINE_CURVE_WITH_KNOTS('',2,(#12174,#12175,#12176),
 .UNSPECIFIED.,.F.,.F.,(3,3),(0.,1.),.PIECEWISE_BEZIER_KNOTS.);
#6787=B_SPLINE_CURVE_WITH_KNOTS('',2,(#12178,#12179,#12180),
 .UNSPECIFIED.,.F.,.F.,(3,3),(0.,1.),.PIECEWISE_BEZIER_KNOTS.);
#6788=B_SPLINE_CURVE_WITH_KNOTS('',2,(#12182,#12183,#12184),
 .UNSPECIFIED.,.F.,.F.,(3,3),(0.,1.),.PIECEWISE_BEZIER_KNOTS.);
#6789=B_SPLINE_CURVE_WITH_KNOTS('',2,(#12234,#12235,#12236),
 .UNSPECIFIED.,.F.,.F.,(3,3),(0.,1.),.PIECEWISE_BEZIER_KNOTS.);
#6790=B_SPLINE_CURVE_WITH_KNOTS('',3,(#12308,#12309,#12310,#12311),
 .UNSPECIFIED.,.F.,.F.,(4,4),(0.,1.),.UNSPECIFIED.);
#6791=B_SPLINE_CURVE_WITH_KNOTS('',3,(#12314,#12315,#12316,#12317),
 .UNSPECIFIED.,.F.,.F.,(4,4),(0.,1.),.UNSPECIFIED.);
#6792=B_SPLINE_CURVE_WITH_KNOTS('',3,(#12321,#12322,#12323,#12324),
 .UNSPECIFIED.,.F.,.F.,(4,4),(0.,1.),.UNSPECIFIED.);
#6793=B_SPLINE_CURVE_WITH_KNOTS('',3,(#12326,#12327,#12328,#12329),
 .UNSPECIFIED.,.F.,.F.,(4,4),(0.,1.),.UNSPECIFIED.);
#6794=B_SPLINE_CURVE_WITH_KNOTS('',3,(#12331,#12332,#12333,#12334,#12335,
#12336),.UNSPECIFIED.,.F.,.F.,(4,1,1,4),(0.,0.25,0.5,1.),.UNSPECIFIED.);
#6795=B_SPLINE_CURVE_WITH_KNOTS('',3,(#12340,#12341,#12342,#12343,#12344,
#12345),.UNSPECIFIED.,.F.,.F.,(4,1,1,4),(0.,0.5,0.75,1.),.UNSPECIFIED.);
#6796=B_SPLINE_CURVE_WITH_KNOTS('',2,(#12346,#12347,#12348),
 .UNSPECIFIED.,.F.,.F.,(3,3),(0.,1.),.PIECEWISE_BEZIER_KNOTS.);
#6797=B_SPLINE_CURVE_WITH_KNOTS('',2,(#12351,#12352,#12353),
 .UNSPECIFIED.,.F.,.F.,(3,3),(0.,1.),.PIECEWISE_BEZIER_KNOTS.);
#6798=B_SPLINE_CURVE_WITH_KNOTS('',2,(#12355,#12356,#12357),
 .UNSPECIFIED.,.F.,.F.,(3,3),(0.,1.),.PIECEWISE_BEZIER_KNOTS.);
#6799=B_SPLINE_CURVE_WITH_KNOTS('',2,(#12463,#12464,#12465),
 .UNSPECIFIED.,.F.,.F.,(3,3),(0.,1.),.PIECEWISE_BEZIER_KNOTS.);
#6800=B_SPLINE_CURVE_WITH_KNOTS('',2,(#12467,#12468,#12469),
 .UNSPECIFIED.,.F.,.F.,(3,3),(0.,1.),.PIECEWISE_BEZIER_KNOTS.);
#6801=B_SPLINE_CURVE_WITH_KNOTS('',2,(#12471,#12472,#12473),
 .UNSPECIFIED.,.F.,.F.,(3,3),(0.,1.),.PIECEWISE_BEZIER_KNOTS.);
#6802=B_SPLINE_CURVE_WITH_KNOTS('',2,(#12480,#12481,#12482),
 .UNSPECIFIED.,.F.,.F.,(3,3),(0.,1.),.PIECEWISE_BEZIER_KNOTS.);
#6803=B_SPLINE_CURVE_WITH_KNOTS('',2,(#12485,#12486,#12487),
 .UNSPECIFIED.,.F.,.F.,(3,3),(0.,1.),.PIECEWISE_BEZIER_KNOTS.);
#6804=B_SPLINE_CURVE_WITH_KNOTS('',2,(#12489,#12490,#12491),
 .UNSPECIFIED.,.F.,.F.,(3,3),(0.,1.),.PIECEWISE_BEZIER_KNOTS.);
#6805=B_SPLINE_CURVE_WITH_KNOTS('',2,(#12493,#12494,#12495),
 .UNSPECIFIED.,.F.,.F.,(3,3),(0.,1.),.PIECEWISE_BEZIER_KNOTS.);
#6806=B_SPLINE_CURVE_WITH_KNOTS('',2,(#12503,#12504,#12505),
 .UNSPECIFIED.,.F.,.F.,(3,3),(0.,1.),.PIECEWISE_BEZIER_KNOTS.);
#6807=B_SPLINE_CURVE_WITH_KNOTS('',2,(#12507,#12508,#12509),
 .UNSPECIFIED.,.F.,.F.,(3,3),(0.,1.),.PIECEWISE_BEZIER_KNOTS.);
#6808=B_SPLINE_CURVE_WITH_KNOTS('',2,(#12511,#12512,#12513),
 .UNSPECIFIED.,.F.,.F.,(3,3),(0.,1.),.PIECEWISE_BEZIER_KNOTS.);
#6809=B_SPLINE_CURVE_WITH_KNOTS('',2,(#12515,#12516,#12517),
 .UNSPECIFIED.,.F.,.F.,(3,3),(0.,1.),.PIECEWISE_BEZIER_KNOTS.);
#6810=B_SPLINE_CURVE_WITH_KNOTS('',2,(#12519,#12520,#12521),
 .UNSPECIFIED.,.F.,.F.,(3,3),(0.,1.),.PIECEWISE_BEZIER_KNOTS.);
#6811=B_SPLINE_CURVE_WITH_KNOTS('',2,(#12523,#12524,#12525),
 .UNSPECIFIED.,.F.,.F.,(3,3),(0.,1.),.PIECEWISE_BEZIER_KNOTS.);
#6812=B_SPLINE_CURVE_WITH_KNOTS('',2,(#12527,#12528,#12529),
 .UNSPECIFIED.,.F.,.F.,(3,3),(0.,1.),.PIECEWISE_BEZIER_KNOTS.);
#6813=B_SPLINE_CURVE_WITH_KNOTS('',2,(#12531,#12532,#12533),
 .UNSPECIFIED.,.F.,.F.,(3,3),(0.,1.),.PIECEWISE_BEZIER_KNOTS.);
#6814=B_SPLINE_CURVE_WITH_KNOTS('',2,(#12535,#12536,#12537),
 .UNSPECIFIED.,.F.,.F.,(3,3),(0.,1.),.PIECEWISE_BEZIER_KNOTS.);
#6815=B_SPLINE_CURVE_WITH_KNOTS('',2,(#12543,#12544,#12545),
 .UNSPECIFIED.,.F.,.F.,(3,3),(0.,1.),.PIECEWISE_BEZIER_KNOTS.);
#6816=B_SPLINE_CURVE_WITH_KNOTS('',2,(#12547,#12548,#12549),
 .UNSPECIFIED.,.F.,.F.,(3,3),(0.,1.),.PIECEWISE_BEZIER_KNOTS.);
#6817=B_SPLINE_CURVE_WITH_KNOTS('',2,(#12551,#12552,#12553),
 .UNSPECIFIED.,.F.,.F.,(3,3),(0.,1.),.PIECEWISE_BEZIER_KNOTS.);
#6818=B_SPLINE_CURVE_WITH_KNOTS('',2,(#12555,#12556,#12557),
 .UNSPECIFIED.,.F.,.F.,(3,3),(0.,1.),.PIECEWISE_BEZIER_KNOTS.);
#6819=B_SPLINE_CURVE_WITH_KNOTS('',2,(#12559,#12560,#12561),
 .UNSPECIFIED.,.F.,.F.,(3,3),(0.,1.),.PIECEWISE_BEZIER_KNOTS.);
#6820=B_SPLINE_CURVE_WITH_KNOTS('',2,(#12563,#12564,#12565),
 .UNSPECIFIED.,.F.,.F.,(3,3),(0.,1.),.PIECEWISE_BEZIER_KNOTS.);
#6821=B_SPLINE_CURVE_WITH_KNOTS('',2,(#12567,#12568,#12569),
 .UNSPECIFIED.,.F.,.F.,(3,3),(0.,1.),.PIECEWISE_BEZIER_KNOTS.);
#6822=B_SPLINE_CURVE_WITH_KNOTS('',3,(#12574,#12575,#12576,#12577,#12578,
#12579,#12580),.UNSPECIFIED.,.F.,.F.,(4,1,1,1,4),(0.,0.25,0.5,0.75,1.),
 .UNSPECIFIED.);
#6823=B_SPLINE_CURVE_WITH_KNOTS('',3,(#12581,#12582,#12583,#12584,#12585,
#12586,#12587,#12588,#12589),.UNSPECIFIED.,.F.,.F.,(4,1,1,1,1,1,4),(1.0048027819955E-9,
0.250000000753602,0.500000000502401,0.6250000003768,0.7500000002512,0.875000000125599,
0.999999999999999),.UNSPECIFIED.);
#6824=B_SPLINE_CURVE_WITH_KNOTS('',3,(#12591,#12592,#12593,#12594,#12595,
#12596,#12597,#12598,#12599),.UNSPECIFIED.,.F.,.F.,(4,1,1,1,1,1,4),(1.45464721569279E-15,
0.124999999873982,0.249999999747963,0.374999999621944,0.499999999495924,
0.749999999243886,0.999999998991847),.UNSPECIFIED.);
#6825=B_SPLINE_CURVE_WITH_KNOTS('',3,(#12601,#12602,#12603,#12604,#12605,
#12606,#12607),.UNSPECIFIED.,.F.,.F.,(4,1,1,1,4),(0.,0.249999653605675,
0.499999307211351,0.749998960817026,0.999998614422702),.UNSPECIFIED.);
#6826=B_SPLINE_CURVE_WITH_KNOTS('',3,(#12612,#12613,#12614,#12615,#12616,
#12617,#12618),.UNSPECIFIED.,.F.,.F.,(4,1,1,1,4),(8.3390251492467E-7,0.250000625426886,
0.500000416951257,0.750000208475629,1.),.UNSPECIFIED.);
#6827=B_SPLINE_CURVE_WITH_KNOTS('',3,(#12619,#12620,#12621,#12622,#12623,
#12624),.UNSPECIFIED.,.F.,.F.,(4,1,1,4),(0.,0.5,0.75,1.),.UNSPECIFIED.);
#6828=B_SPLINE_CURVE_WITH_KNOTS('',3,(#12626,#12627,#12628,#12629,#12630),
 .UNSPECIFIED.,.F.,.F.,(4,1,4),(0.,0.5,1.),.UNSPECIFIED.);
#6829=B_SPLINE_CURVE_WITH_KNOTS('',3,(#12632,#12633,#12634,#12635,#12636,
#12637,#12638),.UNSPECIFIED.,.F.,.F.,(4,1,1,1,4),(0.,0.25,0.5,0.75,1.),
 .UNSPECIFIED.);
#6830=B_SPLINE_CURVE_WITH_KNOTS('',3,(#12642,#12643,#12644,#12645),
 .UNSPECIFIED.,.F.,.F.,(4,4),(0.,1.),.UNSPECIFIED.);
#6831=B_SPLINE_CURVE_WITH_KNOTS('',3,(#12647,#12648,#12649,#12650),
 .UNSPECIFIED.,.F.,.F.,(4,4),(0.,1.),.UNSPECIFIED.);
#6832=B_SPLINE_CURVE_WITH_KNOTS('',3,(#12652,#12653,#12654,#12655,#12656,
#12657),.UNSPECIFIED.,.F.,.F.,(4,1,1,4),(0.,0.25,0.5,1.),.UNSPECIFIED.);
#6833=B_SPLINE_CURVE_WITH_KNOTS('',3,(#12660,#12661,#12662,#12663,#12664,
#12665),.UNSPECIFIED.,.F.,.F.,(4,1,1,4),(0.,0.5,0.75,1.),.UNSPECIFIED.);
#6834=B_SPLINE_CURVE_WITH_KNOTS('',3,(#12667,#12668,#12669,#12670),
 .UNSPECIFIED.,.F.,.F.,(4,4),(0.,1.),.UNSPECIFIED.);
#6835=B_SPLINE_CURVE_WITH_KNOTS('',3,(#12672,#12673,#12674,#12675),
 .UNSPECIFIED.,.F.,.F.,(4,4),(0.,1.),.UNSPECIFIED.);
#6836=B_SPLINE_CURVE_WITH_KNOTS('',3,(#12677,#12678,#12679,#12680,#12681),
 .UNSPECIFIED.,.F.,.F.,(4,1,4),(0.,0.5,1.),.UNSPECIFIED.);
#6837=B_SPLINE_CURVE_WITH_KNOTS('',3,(#12683,#12684,#12685,#12686,#12687,
#12688,#12689),.UNSPECIFIED.,.F.,.F.,(4,1,1,1,4),(0.,0.249999611474233,
0.499999222948466,0.749998834422699,0.999998445896932),.UNSPECIFIED.);
#6838=B_SPLINE_CURVE_WITH_KNOTS('',3,(#12693,#12694,#12695,#12696,#12697,
#12698,#12699),.UNSPECIFIED.,.F.,.F.,(4,1,1,1,4),(0.,0.25,0.5,0.75,1.),
 .UNSPECIFIED.);
#6839=B_SPLINE_CURVE_WITH_KNOTS('',3,(#12700,#12701,#12702,#12703,#12704,
#12705),.UNSPECIFIED.,.F.,.F.,(4,1,1,4),(0.,0.5,0.75,1.),.UNSPECIFIED.);
#6840=B_SPLINE_CURVE_WITH_KNOTS('',3,(#12710,#12711,#12712,#12713),
 .UNSPECIFIED.,.F.,.F.,(4,4),(0.,0.999994151013204),.UNSPECIFIED.);
#6841=B_SPLINE_CURVE_WITH_KNOTS('',3,(#12714,#12715,#12716,#12717),
 .UNSPECIFIED.,.F.,.F.,(4,4),(0.,0.999998598191087),.UNSPECIFIED.);
#6842=B_SPLINE_CURVE_WITH_KNOTS('',3,(#12722,#12723,#12724,#12725,#12726,
#12727,#12728),.UNSPECIFIED.,.F.,.F.,(4,1,1,1,4),(0.,0.25,0.5,0.75,1.),
 .UNSPECIFIED.);
#6843=B_SPLINE_CURVE_WITH_KNOTS('',3,(#12729,#12730,#12731,#12732,#12733,
#12734,#12735),.UNSPECIFIED.,.F.,.F.,(4,1,1,1,4),(0.,0.25,0.5,0.75,1.),
 .UNSPECIFIED.);
#6844=B_SPLINE_CURVE_WITH_KNOTS('',3,(#12737,#12738,#12739,#12740),
 .UNSPECIFIED.,.F.,.F.,(4,4),(7.07968738775145E-6,0.999999197027877),
 .UNSPECIFIED.);
#6845=B_SPLINE_CURVE_WITH_KNOTS('',3,(#12741,#12742,#12743,#12744),
 .UNSPECIFIED.,.F.,.F.,(4,4),(1.56949798291719E-6,0.999994537986507),
 .UNSPECIFIED.);
#6846=B_SPLINE_CURVE_WITH_KNOTS('',3,(#12746,#12747,#12748,#12749,#12750,
#12751,#12752,#12753,#12754),.UNSPECIFIED.,.F.,.F.,(4,1,1,1,1,1,4),(0.,
0.125,0.25,0.5,0.75,0.875,1.),.UNSPECIFIED.);
#6847=B_SPLINE_CURVE_WITH_KNOTS('',3,(#12757,#12758,#12759,#12760),
 .UNSPECIFIED.,.F.,.F.,(4,4),(0.,1.),.UNSPECIFIED.);
#6848=B_SPLINE_CURVE_WITH_KNOTS('',3,(#12762,#12763,#12764,#12765,#12766,
#12767,#12768,#12769,#12770,#12771,#12772,#12773,#12774,#12775,#12776,#12777,
#12778,#12779,#12780),.UNSPECIFIED.,.F.,.F.,(4,1,1,1,1,1,1,1,1,1,1,1,1,
1,1,1,4),(0.,0.0625,0.125,0.1875,0.25,0.3125,0.375,0.4375,0.5,0.5625,0.625,
0.6875,0.75,0.8125,0.875,0.9375,1.),.UNSPECIFIED.);
#6849=B_SPLINE_CURVE_WITH_KNOTS('',3,(#12782,#12783,#12784,#12785),
 .UNSPECIFIED.,.F.,.F.,(4,4),(0.,1.),.UNSPECIFIED.);
#6850=B_SPLINE_CURVE_WITH_KNOTS('',3,(#12787,#12788,#12789,#12790,#12791,
#12792,#12793,#12794,#12795),.UNSPECIFIED.,.F.,.F.,(4,1,1,1,1,1,4),(0.,
0.124999999965337,0.249999999930674,0.374999999896012,0.499999999861349,
0.749999999792023,0.999999999722698),.UNSPECIFIED.);
#6851=B_SPLINE_CURVE_WITH_KNOTS('',3,(#12797,#12798,#12799,#12800,#12801,
#12802,#12803),.UNSPECIFIED.,.F.,.F.,(4,1,1,1,4),(0.,0.25,0.5,0.75,1.),
 .UNSPECIFIED.);
#6852=B_SPLINE_CURVE_WITH_KNOTS('',3,(#12807,#12808,#12809,#12810,#12811,
#12812,#12813),.UNSPECIFIED.,.F.,.F.,(4,1,1,1,4),(1.62958265987822E-6,0.250001222186995,
0.50000081479133,0.750000407395665,1.),.UNSPECIFIED.);
#6853=B_SPLINE_CURVE_WITH_KNOTS('',3,(#12814,#12815,#12816,#12817,#12818,
#12819,#12820,#12821,#12822),.UNSPECIFIED.,.F.,.F.,(4,1,1,1,1,1,4),(2.77312740392397E-10,
0.250000000207985,0.500000000138656,0.625000000103992,0.750000000069328,
0.875000000034664,1.),.UNSPECIFIED.);
#6854=B_SPLINE_CURVE_WITH_KNOTS('',3,(#12827,#12828,#12829,#12830),
 .UNSPECIFIED.,.F.,.F.,(4,4),(7.58977772652372E-7,0.999996025106927),
 .UNSPECIFIED.);
#6855=B_SPLINE_CURVE_WITH_KNOTS('',3,(#12831,#12832,#12833,#12834),
 .UNSPECIFIED.,.F.,.F.,(4,4),(5.7065268664785E-6,0.999999548044233),
 .UNSPECIFIED.);
#6856=B_SPLINE_CURVE_WITH_KNOTS('',3,(#12839,#12840,#12841,#12842,#12843),
 .UNSPECIFIED.,.F.,.F.,(4,1,4),(0.,0.5,1.),.UNSPECIFIED.);
#6857=B_SPLINE_CURVE_WITH_KNOTS('',3,(#12844,#12845,#12846,#12847,#12848),
 .UNSPECIFIED.,.F.,.F.,(4,1,4),(0.,0.5,1.),.UNSPECIFIED.);
#6858=B_SPLINE_CURVE_WITH_KNOTS('',3,(#12850,#12851,#12852,#12853),
 .UNSPECIFIED.,.F.,.F.,(4,4),(0.,0.999999297193821),.UNSPECIFIED.);
#6859=B_SPLINE_CURVE_WITH_KNOTS('',3,(#12854,#12855,#12856,#12857),
 .UNSPECIFIED.,.F.,.F.,(4,4),(0.,0.999995067939709),.UNSPECIFIED.);
#6860=B_SPLINE_CURVE_WITH_KNOTS('',3,(#12859,#12860,#12861,#12862,#12863,
#12864,#12865,#12866,#12867,#12868,#12869,#12870,#12871,#12872,#12873,#12874,
#12875,#12876,#12877),.UNSPECIFIED.,.F.,.F.,(4,1,1,1,1,1,1,1,1,1,1,1,1,
1,1,1,4),(0.,0.0625,0.125,0.1875,0.25,0.3125,0.375,0.4375,0.5,0.5625,0.625,
0.6875,0.75,0.8125,0.875,0.9375,1.),.UNSPECIFIED.);
#6861=B_SPLINE_CURVE_WITH_KNOTS('',3,(#12880,#12881,#12882,#12883),
 .UNSPECIFIED.,.F.,.F.,(4,4),(0.,1.),.UNSPECIFIED.);
#6862=B_SPLINE_CURVE_WITH_KNOTS('',3,(#12885,#12886,#12887,#12888,#12889,
#12890,#12891,#12892,#12893),.UNSPECIFIED.,.F.,.F.,(4,1,1,1,1,1,4),(0.,
0.125,0.25,0.5,0.75,0.875,1.),.UNSPECIFIED.);
#6863=B_SPLINE_CURVE_WITH_KNOTS('',3,(#12895,#12896,#12897,#12898),
 .UNSPECIFIED.,.F.,.F.,(4,4),(0.,1.),.UNSPECIFIED.);
#6864=B_SPLINE_CURVE_WITH_KNOTS('',3,(#12917,#12918,#12919,#12920),
 .UNSPECIFIED.,.F.,.F.,(4,4),(0.,1.),.UNSPECIFIED.);
#6865=B_SPLINE_CURVE_WITH_KNOTS('',3,(#12922,#12923,#12924,#12925,#12926),
 .UNSPECIFIED.,.F.,.F.,(4,1,4),(0.,0.5,1.),.UNSPECIFIED.);
#6866=B_SPLINE_CURVE_WITH_KNOTS('',3,(#12935,#12936,#12937,#12938),
 .UNSPECIFIED.,.F.,.F.,(4,4),(0.,1.),.UNSPECIFIED.);
#6867=B_SPLINE_CURVE_WITH_KNOTS('',3,(#12940,#12941,#12942,#12943),
 .UNSPECIFIED.,.F.,.F.,(4,4),(0.,1.),.UNSPECIFIED.);
#6868=B_SPLINE_CURVE_WITH_KNOTS('',3,(#12962,#12963,#12964,#12965),
 .UNSPECIFIED.,.F.,.F.,(4,4),(0.,1.),.UNSPECIFIED.);
#6869=B_SPLINE_CURVE_WITH_KNOTS('',3,(#12984,#12985,#12986,#12987,#12988),
 .UNSPECIFIED.,.F.,.F.,(4,1,4),(0.,0.5,1.),.UNSPECIFIED.);
#6870=B_SPLINE_CURVE_WITH_KNOTS('',3,(#12997,#12998,#12999,#13000),
 .UNSPECIFIED.,.F.,.F.,(4,4),(0.,1.),.UNSPECIFIED.);
#6871=B_SPLINE_CURVE_WITH_KNOTS('',3,(#13037,#13038,#13039,#13040,#13041),
 .UNSPECIFIED.,.F.,.F.,(4,1,4),(0.,0.5,1.),.UNSPECIFIED.);
#6872=B_SPLINE_CURVE_WITH_KNOTS('',3,(#13043,#13044,#13045,#13046),
 .UNSPECIFIED.,.F.,.F.,(4,4),(0.,1.),.UNSPECIFIED.);
#6873=B_SPLINE_CURVE_WITH_KNOTS('',3,(#13065,#13066,#13067,#13068),
 .UNSPECIFIED.,.F.,.F.,(4,4),(0.,1.),.UNSPECIFIED.);
#6874=B_SPLINE_CURVE_WITH_KNOTS('',3,(#13077,#13078,#13079,#13080),
 .UNSPECIFIED.,.F.,.F.,(4,4),(0.,1.),.UNSPECIFIED.);
#6875=B_SPLINE_CURVE_WITH_KNOTS('',3,(#13082,#13083,#13084,#13085),
 .UNSPECIFIED.,.F.,.F.,(4,4),(0.,1.),.UNSPECIFIED.);
#6876=B_SPLINE_CURVE_WITH_KNOTS('',3,(#13094,#13095,#13096,#13097),
 .UNSPECIFIED.,.F.,.F.,(4,4),(0.,1.),.UNSPECIFIED.);
#6877=B_SPLINE_CURVE_WITH_KNOTS('',3,(#13116,#13117,#13118,#13119,#13120),
 .UNSPECIFIED.,.F.,.F.,(4,1,4),(0.,0.5,1.),.UNSPECIFIED.);
#6878=B_SPLINE_CURVE_WITH_KNOTS('',3,(#13147,#13148,#13149,#13150),
 .UNSPECIFIED.,.F.,.F.,(4,4),(0.,1.),.UNSPECIFIED.);
#6879=B_SPLINE_CURVE_WITH_KNOTS('',3,(#13151,#13152,#13153,#13154),
 .UNSPECIFIED.,.F.,.F.,(4,4),(0.,1.),.UNSPECIFIED.);
#6880=B_SPLINE_CURVE_WITH_KNOTS('',3,(#13197,#13198,#13199,#13200),
 .UNSPECIFIED.,.F.,.F.,(4,4),(0.,1.),.UNSPECIFIED.);
#6881=B_SPLINE_CURVE_WITH_KNOTS('',3,(#13277,#13278,#13279,#13280),
 .UNSPECIFIED.,.F.,.F.,(4,4),(0.,1.),.UNSPECIFIED.);
#6882=B_SPLINE_CURVE_WITH_KNOTS('',3,(#13297,#13298,#13299,#13300),
 .UNSPECIFIED.,.F.,.F.,(4,4),(0.,1.),.UNSPECIFIED.);
#6883=B_SPLINE_CURVE_WITH_KNOTS('',3,(#13301,#13302,#13303,#13304),
 .UNSPECIFIED.,.F.,.F.,(4,4),(0.,1.),.UNSPECIFIED.);
#6884=B_SPLINE_CURVE_WITH_KNOTS('',3,(#13347,#13348,#13349,#13350),
 .UNSPECIFIED.,.F.,.F.,(4,4),(0.,1.),.UNSPECIFIED.);
#6885=B_SPLINE_CURVE_WITH_KNOTS('',3,(#13427,#13428,#13429,#13430),
 .UNSPECIFIED.,.F.,.F.,(4,4),(0.,1.),.UNSPECIFIED.);
#6886=B_SPLINE_CURVE_WITH_KNOTS('',3,(#13447,#13448,#13449,#13450),
 .UNSPECIFIED.,.F.,.F.,(4,4),(0.,1.),.UNSPECIFIED.);
#6887=B_SPLINE_CURVE_WITH_KNOTS('',3,(#13451,#13452,#13453,#13454),
 .UNSPECIFIED.,.F.,.F.,(4,4),(0.,1.),.UNSPECIFIED.);
#6888=B_SPLINE_CURVE_WITH_KNOTS('',3,(#13471,#13472,#13473,#13474),
 .UNSPECIFIED.,.F.,.F.,(4,4),(0.,1.),.UNSPECIFIED.);
#6889=B_SPLINE_CURVE_WITH_KNOTS('',3,(#13551,#13552,#13553,#13554),
 .UNSPECIFIED.,.F.,.F.,(4,4),(0.,1.),.UNSPECIFIED.);
#6890=B_SPLINE_CURVE_WITH_KNOTS('',3,(#13571,#13572,#13573,#13574),
 .UNSPECIFIED.,.F.,.F.,(4,4),(0.,1.),.UNSPECIFIED.);
#6891=B_SPLINE_CURVE_WITH_KNOTS('',3,(#13575,#13576,#13577,#13578),
 .UNSPECIFIED.,.F.,.F.,(4,4),(0.,1.),.UNSPECIFIED.);
#6892=B_SPLINE_CURVE_WITH_KNOTS('',3,(#13595,#13596,#13597,#13598),
 .UNSPECIFIED.,.F.,.F.,(4,4),(0.,1.),.UNSPECIFIED.);
#6893=B_SPLINE_CURVE_WITH_KNOTS('',3,(#13675,#13676,#13677,#13678),
 .UNSPECIFIED.,.F.,.F.,(4,4),(0.,1.),.UNSPECIFIED.);
#6894=B_SPLINE_CURVE_WITH_KNOTS('',2,(#13716,#13717,#13718),
 .UNSPECIFIED.,.F.,.F.,(3,3),(0.,1.),.PIECEWISE_BEZIER_KNOTS.);
#6895=B_SPLINE_CURVE_WITH_KNOTS('',2,(#13722,#13723,#13724),
 .UNSPECIFIED.,.F.,.F.,(3,3),(0.,1.),.PIECEWISE_BEZIER_KNOTS.);
#6896=B_SPLINE_CURVE_WITH_KNOTS('',2,(#13733,#13734,#13735),
 .UNSPECIFIED.,.F.,.F.,(3,3),(0.,1.),.PIECEWISE_BEZIER_KNOTS.);
#6897=B_SPLINE_CURVE_WITH_KNOTS('',2,(#13739,#13740,#13741),
 .UNSPECIFIED.,.F.,.F.,(3,3),(0.,1.),.PIECEWISE_BEZIER_KNOTS.);
#6898=B_SPLINE_CURVE_WITH_KNOTS('',2,(#13750,#13751,#13752),
 .UNSPECIFIED.,.F.,.F.,(3,3),(0.,1.),.PIECEWISE_BEZIER_KNOTS.);
#6899=B_SPLINE_CURVE_WITH_KNOTS('',2,(#13756,#13757,#13758),
 .UNSPECIFIED.,.F.,.F.,(3,3),(0.,1.),.PIECEWISE_BEZIER_KNOTS.);
#6900=B_SPLINE_CURVE_WITH_KNOTS('',2,(#13769,#13770,#13771),
 .UNSPECIFIED.,.F.,.F.,(3,3),(0.,1.),.PIECEWISE_BEZIER_KNOTS.);
#6901=B_SPLINE_CURVE_WITH_KNOTS('',2,(#13784,#13785,#13786),
 .UNSPECIFIED.,.F.,.F.,(3,3),(0.,1.),.PIECEWISE_BEZIER_KNOTS.);
#6902=B_SPLINE_CURVE_WITH_KNOTS('',2,(#13815,#13816,#13817),
 .UNSPECIFIED.,.F.,.F.,(3,3),(0.,1.),.PIECEWISE_BEZIER_KNOTS.);
#6903=B_SPLINE_CURVE_WITH_KNOTS('',2,(#13826,#13827,#13828),
 .UNSPECIFIED.,.F.,.F.,(3,3),(0.,1.),.PIECEWISE_BEZIER_KNOTS.);
#6904=B_SPLINE_CURVE_WITH_KNOTS('',2,(#13829,#13830,#13831),
 .UNSPECIFIED.,.F.,.F.,(3,3),(0.,1.),.PIECEWISE_BEZIER_KNOTS.);
#6905=B_SPLINE_CURVE_WITH_KNOTS('',2,(#14096,#14097,#14098),
 .UNSPECIFIED.,.F.,.F.,(3,3),(0.,1.),.PIECEWISE_BEZIER_KNOTS.);
#6906=B_SPLINE_CURVE_WITH_KNOTS('',2,(#14102,#14103,#14104),
 .UNSPECIFIED.,.F.,.F.,(3,3),(0.,1.),.PIECEWISE_BEZIER_KNOTS.);
#6907=B_SPLINE_CURVE_WITH_KNOTS('',2,(#14113,#14114,#14115),
 .UNSPECIFIED.,.F.,.F.,(3,3),(0.,1.),.PIECEWISE_BEZIER_KNOTS.);
#6908=B_SPLINE_CURVE_WITH_KNOTS('',2,(#14119,#14120,#14121),
 .UNSPECIFIED.,.F.,.F.,(3,3),(0.,1.),.PIECEWISE_BEZIER_KNOTS.);
#6909=B_SPLINE_CURVE_WITH_KNOTS('',2,(#14130,#14131,#14132),
 .UNSPECIFIED.,.F.,.F.,(3,3),(0.,1.),.PIECEWISE_BEZIER_KNOTS.);
#6910=B_SPLINE_CURVE_WITH_KNOTS('',2,(#14136,#14137,#14138),
 .UNSPECIFIED.,.F.,.F.,(3,3),(0.,1.),.PIECEWISE_BEZIER_KNOTS.);
#6911=B_SPLINE_CURVE_WITH_KNOTS('',2,(#14171,#14172,#14173),
 .UNSPECIFIED.,.F.,.F.,(3,3),(0.,1.),.PIECEWISE_BEZIER_KNOTS.);
#6912=B_SPLINE_CURVE_WITH_KNOTS('',2,(#14184,#14185,#14186),
 .UNSPECIFIED.,.F.,.F.,(3,3),(0.,1.),.PIECEWISE_BEZIER_KNOTS.);
#6913=B_SPLINE_CURVE_WITH_KNOTS('',2,(#14197,#14198,#14199),
 .UNSPECIFIED.,.F.,.F.,(3,3),(0.,1.),.PIECEWISE_BEZIER_KNOTS.);
#6914=B_SPLINE_CURVE_WITH_KNOTS('',2,(#14218,#14219,#14220),
 .UNSPECIFIED.,.F.,.F.,(3,3),(0.,1.),.PIECEWISE_BEZIER_KNOTS.);
#6915=B_SPLINE_CURVE_WITH_KNOTS('',2,(#14221,#14222,#14223),
 .UNSPECIFIED.,.F.,.F.,(3,3),(0.,1.),.PIECEWISE_BEZIER_KNOTS.);
#6916=B_SPLINE_CURVE_WITH_KNOTS('',2,(#14235,#14236,#14237),
 .UNSPECIFIED.,.F.,.F.,(3,3),(0.,1.),.PIECEWISE_BEZIER_KNOTS.);
#6917=B_SPLINE_CURVE_WITH_KNOTS('',2,(#14250,#14251,#14252),
 .UNSPECIFIED.,.F.,.F.,(3,3),(0.,1.),.PIECEWISE_BEZIER_KNOTS.);
#6918=B_SPLINE_CURVE_WITH_KNOTS('',2,(#14263,#14264,#14265),
 .UNSPECIFIED.,.F.,.F.,(3,3),(0.,1.),.PIECEWISE_BEZIER_KNOTS.);
#6919=B_SPLINE_CURVE_WITH_KNOTS('',2,(#14276,#14277,#14278),
 .UNSPECIFIED.,.F.,.F.,(3,3),(0.,1.),.PIECEWISE_BEZIER_KNOTS.);
#6920=B_SPLINE_CURVE_WITH_KNOTS('',2,(#14289,#14290,#14291),
 .UNSPECIFIED.,.F.,.F.,(3,3),(0.,1.),.PIECEWISE_BEZIER_KNOTS.);
#6921=B_SPLINE_CURVE_WITH_KNOTS('',2,(#14302,#14303,#14304),
 .UNSPECIFIED.,.F.,.F.,(3,3),(0.,1.),.PIECEWISE_BEZIER_KNOTS.);
#6922=B_SPLINE_CURVE_WITH_KNOTS('',2,(#14315,#14316,#14317),
 .UNSPECIFIED.,.F.,.F.,(3,3),(0.,1.),.PIECEWISE_BEZIER_KNOTS.);
#6923=B_SPLINE_CURVE_WITH_KNOTS('',2,(#14328,#14329,#14330),
 .UNSPECIFIED.,.F.,.F.,(3,3),(0.,1.),.PIECEWISE_BEZIER_KNOTS.);
#6924=B_SPLINE_CURVE_WITH_KNOTS('',2,(#14341,#14342,#14343),
 .UNSPECIFIED.,.F.,.F.,(3,3),(0.,1.),.PIECEWISE_BEZIER_KNOTS.);
#6925=B_SPLINE_CURVE_WITH_KNOTS('',2,(#14362,#14363,#14364),
 .UNSPECIFIED.,.F.,.F.,(3,3),(0.,1.),.PIECEWISE_BEZIER_KNOTS.);
#6926=B_SPLINE_CURVE_WITH_KNOTS('',2,(#14375,#14376,#14377),
 .UNSPECIFIED.,.F.,.F.,(3,3),(0.,1.),.PIECEWISE_BEZIER_KNOTS.);
#6927=B_SPLINE_CURVE_WITH_KNOTS('',2,(#14388,#14389,#14390),
 .UNSPECIFIED.,.F.,.F.,(3,3),(0.,1.),.PIECEWISE_BEZIER_KNOTS.);
#6928=B_SPLINE_CURVE_WITH_KNOTS('',2,(#14401,#14402,#14403),
 .UNSPECIFIED.,.F.,.F.,(3,3),(0.,1.),.PIECEWISE_BEZIER_KNOTS.);
#6929=B_SPLINE_CURVE_WITH_KNOTS('',2,(#14414,#14415,#14416),
 .UNSPECIFIED.,.F.,.F.,(3,3),(0.,1.),.PIECEWISE_BEZIER_KNOTS.);
#6930=B_SPLINE_CURVE_WITH_KNOTS('',2,(#14427,#14428,#14429),
 .UNSPECIFIED.,.F.,.F.,(3,3),(0.,1.),.PIECEWISE_BEZIER_KNOTS.);
#6931=B_SPLINE_CURVE_WITH_KNOTS('',2,(#14440,#14441,#14442),
 .UNSPECIFIED.,.F.,.F.,(3,3),(0.,1.),.PIECEWISE_BEZIER_KNOTS.);
#6932=B_SPLINE_CURVE_WITH_KNOTS('',2,(#14453,#14454,#14455),
 .UNSPECIFIED.,.F.,.F.,(3,3),(0.,1.),.PIECEWISE_BEZIER_KNOTS.);
#6933=B_SPLINE_CURVE_WITH_KNOTS('',2,(#14466,#14467,#14468),
 .UNSPECIFIED.,.F.,.F.,(3,3),(0.,1.),.PIECEWISE_BEZIER_KNOTS.);
#6934=B_SPLINE_CURVE_WITH_KNOTS('',2,(#14491,#14492,#14493),
 .UNSPECIFIED.,.F.,.F.,(3,3),(0.,1.),.PIECEWISE_BEZIER_KNOTS.);
#6935=B_SPLINE_CURVE_WITH_KNOTS('',2,(#14502,#14503,#14504),
 .UNSPECIFIED.,.F.,.F.,(3,3),(0.,1.),.PIECEWISE_BEZIER_KNOTS.);
#6936=B_SPLINE_CURVE_WITH_KNOTS('',2,(#14545,#14546,#14547),
 .UNSPECIFIED.,.F.,.F.,(3,3),(0.,1.),.PIECEWISE_BEZIER_KNOTS.);
#6937=B_SPLINE_CURVE_WITH_KNOTS('',2,(#14654,#14655,#14656),
 .UNSPECIFIED.,.F.,.F.,(3,3),(0.,1.),.PIECEWISE_BEZIER_KNOTS.);
#6938=B_SPLINE_CURVE_WITH_KNOTS('',2,(#14667,#14668,#14669),
 .UNSPECIFIED.,.F.,.F.,(3,3),(0.,1.),.PIECEWISE_BEZIER_KNOTS.);
#6939=B_SPLINE_CURVE_WITH_KNOTS('',2,(#14680,#14681,#14682),
 .UNSPECIFIED.,.F.,.F.,(3,3),(0.,1.),.PIECEWISE_BEZIER_KNOTS.);
#6940=B_SPLINE_CURVE_WITH_KNOTS('',2,(#14693,#14694,#14695),
 .UNSPECIFIED.,.F.,.F.,(3,3),(0.,1.),.PIECEWISE_BEZIER_KNOTS.);
#6941=B_SPLINE_CURVE_WITH_KNOTS('',2,(#14710,#14711,#14712),
 .UNSPECIFIED.,.F.,.F.,(3,3),(0.,1.),.PIECEWISE_BEZIER_KNOTS.);
#6942=B_SPLINE_CURVE_WITH_KNOTS('',2,(#14841,#14842,#14843),
 .UNSPECIFIED.,.F.,.F.,(3,3),(0.,1.),.PIECEWISE_BEZIER_KNOTS.);
#6943=B_SPLINE_CURVE_WITH_KNOTS('',2,(#14950,#14951,#14952),
 .UNSPECIFIED.,.F.,.F.,(3,3),(0.,1.),.PIECEWISE_BEZIER_KNOTS.);
#6944=B_SPLINE_CURVE_WITH_KNOTS('',2,(#14963,#14964,#14965),
 .UNSPECIFIED.,.F.,.F.,(3,3),(0.,1.),.PIECEWISE_BEZIER_KNOTS.);
#6945=B_SPLINE_CURVE_WITH_KNOTS('',2,(#14976,#14977,#14978),
 .UNSPECIFIED.,.F.,.F.,(3,3),(0.,1.),.PIECEWISE_BEZIER_KNOTS.);
#6946=B_SPLINE_CURVE_WITH_KNOTS('',2,(#14989,#14990,#14991),
 .UNSPECIFIED.,.F.,.F.,(3,3),(0.,1.),.PIECEWISE_BEZIER_KNOTS.);
#6947=B_SPLINE_CURVE_WITH_KNOTS('',2,(#15006,#15007,#15008),
 .UNSPECIFIED.,.F.,.F.,(3,3),(0.,1.),.PIECEWISE_BEZIER_KNOTS.);
#6948=B_SPLINE_CURVE_WITH_KNOTS('',2,(#15169,#15170,#15171),
 .UNSPECIFIED.,.F.,.F.,(3,3),(0.,1.),.PIECEWISE_BEZIER_KNOTS.);
#6949=B_SPLINE_CURVE_WITH_KNOTS('',2,(#15230,#15231,#15232),
 .UNSPECIFIED.,.F.,.F.,(3,3),(0.,1.),.PIECEWISE_BEZIER_KNOTS.);
#6950=B_SPLINE_CURVE_WITH_KNOTS('',2,(#15287,#15288,#15289),
 .UNSPECIFIED.,.F.,.F.,(3,3),(0.,1.),.PIECEWISE_BEZIER_KNOTS.);
#6951=B_SPLINE_CURVE_WITH_KNOTS('',2,(#15300,#15301,#15302),
 .UNSPECIFIED.,.F.,.F.,(3,3),(0.,1.),.PIECEWISE_BEZIER_KNOTS.);
#6952=B_SPLINE_CURVE_WITH_KNOTS('',2,(#15313,#15314,#15315),
 .UNSPECIFIED.,.F.,.F.,(3,3),(0.,1.),.PIECEWISE_BEZIER_KNOTS.);
#6953=B_SPLINE_CURVE_WITH_KNOTS('',2,(#15326,#15327,#15328),
 .UNSPECIFIED.,.F.,.F.,(3,3),(0.,1.),.PIECEWISE_BEZIER_KNOTS.);
#6954=B_SPLINE_CURVE_WITH_KNOTS('',2,(#15343,#15344,#15345),
 .UNSPECIFIED.,.F.,.F.,(3,3),(0.,1.),.PIECEWISE_BEZIER_KNOTS.);
#6955=B_SPLINE_CURVE_WITH_KNOTS('',2,(#15413,#15414,#15415),
 .UNSPECIFIED.,.F.,.F.,(3,3),(0.,1.),.PIECEWISE_BEZIER_KNOTS.);
#6956=B_SPLINE_CURVE_WITH_KNOTS('',2,(#15474,#15475,#15476),
 .UNSPECIFIED.,.F.,.F.,(3,3),(0.,1.),.PIECEWISE_BEZIER_KNOTS.);
#6957=B_SPLINE_CURVE_WITH_KNOTS('',2,(#15531,#15532,#15533),
 .UNSPECIFIED.,.F.,.F.,(3,3),(0.,1.),.PIECEWISE_BEZIER_KNOTS.);
#6958=B_SPLINE_CURVE_WITH_KNOTS('',2,(#15544,#15545,#15546),
 .UNSPECIFIED.,.F.,.F.,(3,3),(0.,1.),.PIECEWISE_BEZIER_KNOTS.);
#6959=B_SPLINE_CURVE_WITH_KNOTS('',2,(#15557,#15558,#15559),
 .UNSPECIFIED.,.F.,.F.,(3,3),(0.,1.),.PIECEWISE_BEZIER_KNOTS.);
#6960=B_SPLINE_CURVE_WITH_KNOTS('',2,(#15570,#15571,#15572),
 .UNSPECIFIED.,.F.,.F.,(3,3),(0.,1.),.PIECEWISE_BEZIER_KNOTS.);
#6961=B_SPLINE_CURVE_WITH_KNOTS('',2,(#15587,#15588,#15589),
 .UNSPECIFIED.,.F.,.F.,(3,3),(0.,1.),.PIECEWISE_BEZIER_KNOTS.);
#6962=B_SPLINE_CURVE_WITH_KNOTS('',2,(#15669,#15670,#15671),
 .UNSPECIFIED.,.F.,.F.,(3,3),(0.,1.),.PIECEWISE_BEZIER_KNOTS.);
#6963=B_SPLINE_CURVE_WITH_KNOTS('',2,(#15675,#15676,#15677,#15678,#15679),
 .UNSPECIFIED.,.F.,.F.,(3,2,3),(-0.01,0.,1.),.PIECEWISE_BEZIER_KNOTS.);
#6964=B_SPLINE_CURVE_WITH_KNOTS('',2,(#15730,#15731,#15732),
 .UNSPECIFIED.,.F.,.F.,(3,3),(0.,1.),.PIECEWISE_BEZIER_KNOTS.);
#6965=B_SPLINE_CURVE_WITH_KNOTS('',2,(#15743,#15744,#15745),
 .UNSPECIFIED.,.F.,.F.,(3,3),(0.,1.),.PIECEWISE_BEZIER_KNOTS.);
#6966=B_SPLINE_CURVE_WITH_KNOTS('',2,(#15756,#15757,#15758),
 .UNSPECIFIED.,.F.,.F.,(3,3),(0.,1.),.PIECEWISE_BEZIER_KNOTS.);
#6967=B_SPLINE_CURVE_WITH_KNOTS('',2,(#15817,#15818,#15819),
 .UNSPECIFIED.,.F.,.F.,(3,3),(0.,1.),.PIECEWISE_BEZIER_KNOTS.);
#6968=B_SPLINE_CURVE_WITH_KNOTS('',2,(#15895,#15896,#15897),
 .UNSPECIFIED.,.F.,.F.,(3,3),(0.,1.),.PIECEWISE_BEZIER_KNOTS.);
#6969=EDGE_LOOP('',(#2032,#2033,#2034,#2035));
#6970=EDGE_LOOP('',(#2036,#2037,#2038,#2039,#2040,#2041,#2042,#2043,#2044,
#2045,#2046,#2047,#2048,#2049,#2050,#2051,#2052,#2053,#2054,#2055,#2056,
#2057,#2058,#2059,#2060,#2061,#2062,#2063,#2064,#2065,#2066,#2067,#2068,
#2069,#2070,#2071,#2072,#2073,#2074,#2075,#2076,#2077,#2078,#2079,#2080));
#6971=EDGE_LOOP('',(#2081,#2082,#2083,#2084,#2085,#2086,#2087,#2088,#2089,
#2090,#2091,#2092,#2093,#2094,#2095,#2096,#2097,#2098,#2099,#2100,#2101,
#2102,#2103,#2104,#2105,#2106,#2107,#2108,#2109,#2110,#2111,#2112,#2113,
#2114,#2115,#2116,#2117,#2118,#2119,#2120,#2121,#2122,#2123,#2124,#2125));
#6972=EDGE_LOOP('',(#2126,#2127,#2128,#2129,#2130,#2131,#2132,#2133,#2134,
#2135,#2136,#2137,#2138,#2139,#2140,#2141,#2142,#2143,#2144,#2145,#2146,
#2147,#2148,#2149,#2150,#2151,#2152,#2153,#2154,#2155,#2156,#2157,#2158,
#2159,#2160,#2161,#2162,#2163,#2164,#2165,#2166,#2167,#2168));
#6973=EDGE_LOOP('',(#2169,#2170,#2171,#2172,#2173,#2174,#2175,#2176,#2177,
#2178,#2179,#2180,#2181,#2182,#2183,#2184,#2185,#2186,#2187,#2188,#2189,
#2190,#2191));
#6974=EDGE_LOOP('',(#2192,#2193,#2194,#2195));
#6975=EDGE_LOOP('',(#2196,#2197,#2198,#2199,#2200,#2201,#2202,#2203,#2204,
#2205,#2206,#2207,#2208,#2209,#2210,#2211,#2212,#2213,#2214,#2215,#2216,
#2217,#2218,#2219,#2220,#2221,#2222,#2223,#2224,#2225,#2226,#2227,#2228,
#2229,#2230,#2231,#2232,#2233,#2234,#2235,#2236,#2237,#2238,#2239,#2240));
#6976=EDGE_LOOP('',(#2241,#2242,#2243,#2244,#2245,#2246,#2247,#2248,#2249,
#2250,#2251,#2252,#2253,#2254,#2255));
#6977=EDGE_LOOP('',(#2256,#2257,#2258,#2259,#2260,#2261,#2262,#2263,#2264,
#2265,#2266,#2267,#2268,#2269,#2270,#2271,#2272,#2273,#2274,#2275,#2276,
#2277,#2278,#2279,#2280,#2281,#2282,#2283,#2284,#2285,#2286,#2287,#2288,
#2289,#2290,#2291,#2292,#2293,#2294,#2295,#2296,#2297,#2298,#2299,#2300));
#6978=EDGE_LOOP('',(#2301,#2302,#2303,#2304,#2305,#2306,#2307,#2308,#2309,
#2310,#2311,#2312,#2313,#2314,#2315,#2316,#2317,#2318,#2319,#2320,#2321,
#2322,#2323));
#6979=EDGE_LOOP('',(#2324,#2325,#2326,#2327,#2328,#2329,#2330,#2331));
#6980=EDGE_LOOP('',(#2332,#2333,#2334,#2335,#2336,#2337,#2338,#2339));
#6981=EDGE_LOOP('',(#2340,#2341,#2342,#2343,#2344,#2345,#2346,#2347));
#6982=EDGE_LOOP('',(#2348,#2349,#2350,#2351,#2352,#2353,#2354,#2355,#2356,
#2357,#2358,#2359));
#6983=EDGE_LOOP('',(#2360,#2361,#2362,#2363,#2364,#2365,#2366,#2367,#2368,
#2369,#2370,#2371,#2372,#2373,#2374));
#6984=EDGE_LOOP('',(#2375,#2376,#2377,#2378,#2379,#2380,#2381,#2382,#2383,
#2384,#2385,#2386,#2387,#2388,#2389));
#6985=EDGE_LOOP('',(#2390,#2391,#2392,#2393,#2394,#2395,#2396,#2397,#2398,
#2399,#2400));
#6986=EDGE_LOOP('',(#2401,#2402,#2403,#2404,#2405,#2406,#2407,#2408,#2409,
#2410,#2411,#2412,#2413,#2414,#2415,#2416,#2417,#2418,#2419,#2420,#2421,
#2422,#2423,#2424,#2425));
#6987=EDGE_LOOP('',(#2426,#2427,#2428,#2429,#2430));
#6988=EDGE_LOOP('',(#2431,#2432,#2433,#2434,#2435));
#6989=EDGE_LOOP('',(#2436,#2437,#2438,#2439,#2440,#2441,#2442,#2443));
#6990=EDGE_LOOP('',(#2444,#2445,#2446,#2447,#2448));
#6991=EDGE_LOOP('',(#2449,#2450,#2451,#2452));
#6992=EDGE_LOOP('',(#2453,#2454,#2455,#2456));
#6993=EDGE_LOOP('',(#2457,#2458,#2459,#2460));
#6994=EDGE_LOOP('',(#2461,#2462,#2463,#2464));
#6995=EDGE_LOOP('',(#2465,#2466,#2467,#2468,#2469));
#6996=EDGE_LOOP('',(#2470,#2471,#2472,#2473));
#6997=EDGE_LOOP('',(#2474,#2475,#2476,#2477));
#6998=EDGE_LOOP('',(#2478,#2479,#2480,#2481));
#6999=EDGE_LOOP('',(#2482,#2483,#2484,#2485));
#7000=EDGE_LOOP('',(#2486,#2487,#2488,#2489));
#7001=EDGE_LOOP('',(#2490,#2491,#2492,#2493));
#7002=EDGE_LOOP('',(#2494,#2495,#2496,#2497));
#7003=EDGE_LOOP('',(#2498,#2499,#2500,#2501));
#7004=EDGE_LOOP('',(#2502,#2503,#2504,#2505));
#7005=EDGE_LOOP('',(#2506,#2507,#2508,#2509));
#7006=EDGE_LOOP('',(#2510,#2511,#2512,#2513));
#7007=EDGE_LOOP('',(#2514,#2515,#2516,#2517));
#7008=EDGE_LOOP('',(#2518,#2519,#2520,#2521));
#7009=EDGE_LOOP('',(#2522,#2523,#2524,#2525));
#7010=EDGE_LOOP('',(#2526,#2527,#2528,#2529));
#7011=EDGE_LOOP('',(#2530,#2531,#2532,#2533));
#7012=EDGE_LOOP('',(#2534,#2535,#2536,#2537));
#7013=EDGE_LOOP('',(#2538,#2539,#2540,#2541));
#7014=EDGE_LOOP('',(#2542,#2543,#2544,#2545,#2546,#2547));
#7015=EDGE_LOOP('',(#2548,#2549,#2550,#2551));
#7016=EDGE_LOOP('',(#2552,#2553,#2554,#2555));
#7017=EDGE_LOOP('',(#2556,#2557,#2558,#2559));
#7018=EDGE_LOOP('',(#2560,#2561,#2562,#2563,#2564,#2565));
#7019=EDGE_LOOP('',(#2566,#2567,#2568,#2569));
#7020=EDGE_LOOP('',(#2570,#2571,#2572,#2573));
#7021=EDGE_LOOP('',(#2574,#2575,#2576,#2577));
#7022=EDGE_LOOP('',(#2578,#2579,#2580,#2581,#2582,#2583));
#7023=EDGE_LOOP('',(#2584,#2585,#2586,#2587));
#7024=EDGE_LOOP('',(#2588,#2589,#2590,#2591));
#7025=EDGE_LOOP('',(#2592,#2593,#2594,#2595));
#7026=EDGE_LOOP('',(#2596,#2597,#2598,#2599,#2600,#2601));
#7027=EDGE_LOOP('',(#2602,#2603,#2604,#2605));
#7028=EDGE_LOOP('',(#2606,#2607,#2608,#2609));
#7029=EDGE_LOOP('',(#2610,#2611,#2612,#2613));
#7030=EDGE_LOOP('',(#2614,#2615,#2616,#2617));
#7031=EDGE_LOOP('',(#2618,#2619,#2620,#2621));
#7032=EDGE_LOOP('',(#2622,#2623,#2624,#2625));
#7033=EDGE_LOOP('',(#2626,#2627,#2628,#2629));
#7034=EDGE_LOOP('',(#2630,#2631,#2632,#2633));
#7035=EDGE_LOOP('',(#2634,#2635,#2636,#2637));
#7036=EDGE_LOOP('',(#2638,#2639,#2640,#2641));
#7037=EDGE_LOOP('',(#2642,#2643,#2644,#2645));
#7038=EDGE_LOOP('',(#2646,#2647,#2648,#2649));
#7039=EDGE_LOOP('',(#2650,#2651,#2652,#2653));
#7040=EDGE_LOOP('',(#2654,#2655,#2656,#2657));
#7041=EDGE_LOOP('',(#2658,#2659,#2660,#2661));
#7042=EDGE_LOOP('',(#2662,#2663,#2664,#2665));
#7043=EDGE_LOOP('',(#2666,#2667,#2668,#2669,#2670,#2671,#2672,#2673));
#7044=EDGE_LOOP('',(#2674,#2675,#2676,#2677,#2678,#2679,#2680));
#7045=EDGE_LOOP('',(#2681,#2682,#2683,#2684));
#7046=EDGE_LOOP('',(#2685,#2686,#2687,#2688));
#7047=EDGE_LOOP('',(#2689,#2690,#2691,#2692));
#7048=EDGE_LOOP('',(#2693,#2694,#2695,#2696));
#7049=EDGE_LOOP('',(#2697,#2698,#2699,#2700));
#7050=EDGE_LOOP('',(#2701,#2702,#2703,#2704));
#7051=EDGE_LOOP('',(#2705,#2706,#2707,#2708));
#7052=EDGE_LOOP('',(#2709,#2710,#2711,#2712));
#7053=EDGE_LOOP('',(#2713,#2714,#2715,#2716));
#7054=EDGE_LOOP('',(#2717,#2718,#2719,#2720));
#7055=EDGE_LOOP('',(#2721,#2722,#2723,#2724));
#7056=EDGE_LOOP('',(#2725,#2726,#2727,#2728));
#7057=EDGE_LOOP('',(#2729,#2730,#2731,#2732,#2733,#2734,#2735,#2736,#2737,
#2738,#2739,#2740));
#7058=EDGE_LOOP('',(#2741,#2742,#2743,#2744));
#7059=EDGE_LOOP('',(#2745,#2746,#2747,#2748));
#7060=EDGE_LOOP('',(#2749,#2750,#2751,#2752));
#7061=EDGE_LOOP('',(#2753,#2754,#2755,#2756));
#7062=EDGE_LOOP('',(#2757,#2758,#2759,#2760));
#7063=EDGE_LOOP('',(#2761,#2762,#2763,#2764));
#7064=EDGE_LOOP('',(#2765,#2766,#2767,#2768));
#7065=EDGE_LOOP('',(#2769,#2770,#2771,#2772));
#7066=EDGE_LOOP('',(#2773,#2774,#2775,#2776));
#7067=EDGE_LOOP('',(#2777,#2778,#2779,#2780));
#7068=EDGE_LOOP('',(#2781,#2782,#2783,#2784));
#7069=EDGE_LOOP('',(#2785,#2786,#2787,#2788));
#7070=EDGE_LOOP('',(#2789,#2790,#2791,#2792));
#7071=EDGE_LOOP('',(#2793,#2794,#2795,#2796));
#7072=EDGE_LOOP('',(#2797,#2798,#2799,#2800));
#7073=EDGE_LOOP('',(#2801,#2802,#2803,#2804,#2805,#2806,#2807,#2808,#2809,
#2810,#2811,#2812,#2813,#2814,#2815));
#7074=EDGE_LOOP('',(#2816,#2817,#2818,#2819));
#7075=EDGE_LOOP('',(#2820,#2821,#2822,#2823));
#7076=EDGE_LOOP('',(#2824,#2825,#2826,#2827));
#7077=EDGE_LOOP('',(#2828,#2829,#2830,#2831));
#7078=EDGE_LOOP('',(#2832,#2833,#2834,#2835));
#7079=EDGE_LOOP('',(#2836,#2837,#2838,#2839));
#7080=EDGE_LOOP('',(#2840,#2841,#2842,#2843));
#7081=EDGE_LOOP('',(#2844,#2845,#2846,#2847));
#7082=EDGE_LOOP('',(#2848,#2849,#2850,#2851));
#7083=EDGE_LOOP('',(#2852,#2853,#2854,#2855));
#7084=EDGE_LOOP('',(#2856,#2857,#2858,#2859));
#7085=EDGE_LOOP('',(#2860,#2861,#2862,#2863));
#7086=EDGE_LOOP('',(#2864,#2865,#2866,#2867));
#7087=EDGE_LOOP('',(#2868,#2869,#2870,#2871));
#7088=EDGE_LOOP('',(#2872,#2873,#2874,#2875));
#7089=EDGE_LOOP('',(#2876,#2877,#2878,#2879,#2880,#2881,#2882,#2883,#2884,
#2885,#2886,#2887,#2888,#2889,#2890));
#7090=EDGE_LOOP('',(#2891,#2892,#2893,#2894));
#7091=EDGE_LOOP('',(#2895,#2896,#2897,#2898));
#7092=EDGE_LOOP('',(#2899,#2900,#2901,#2902));
#7093=EDGE_LOOP('',(#2903,#2904,#2905,#2906));
#7094=EDGE_LOOP('',(#2907,#2908,#2909,#2910));
#7095=EDGE_LOOP('',(#2911,#2912,#2913,#2914));
#7096=EDGE_LOOP('',(#2915,#2916,#2917,#2918));
#7097=EDGE_LOOP('',(#2919,#2920,#2921,#2922));
#7098=EDGE_LOOP('',(#2923,#2924,#2925,#2926));
#7099=EDGE_LOOP('',(#2927,#2928,#2929,#2930));
#7100=EDGE_LOOP('',(#2931,#2932,#2933,#2934));
#7101=EDGE_LOOP('',(#2935,#2936,#2937,#2938));
#7102=EDGE_LOOP('',(#2939,#2940,#2941,#2942));
#7103=EDGE_LOOP('',(#2943,#2944,#2945,#2946,#2947,#2948,#2949,#2950));
#7104=EDGE_LOOP('',(#2951,#2952,#2953,#2954,#2955));
#7105=EDGE_LOOP('',(#2956,#2957,#2958,#2959));
#7106=EDGE_LOOP('',(#2960,#2961,#2962,#2963));
#7107=EDGE_LOOP('',(#2964,#2965,#2966,#2967));
#7108=EDGE_LOOP('',(#2968,#2969,#2970,#2971));
#7109=EDGE_LOOP('',(#2972,#2973,#2974,#2975));
#7110=EDGE_LOOP('',(#2976,#2977,#2978,#2979));
#7111=EDGE_LOOP('',(#2980,#2981,#2982,#2983));
#7112=EDGE_LOOP('',(#2984,#2985,#2986,#2987));
#7113=EDGE_LOOP('',(#2988,#2989,#2990,#2991));
#7114=EDGE_LOOP('',(#2992,#2993,#2994,#2995));
#7115=EDGE_LOOP('',(#2996,#2997,#2998,#2999));
#7116=EDGE_LOOP('',(#3000,#3001,#3002,#3003));
#7117=EDGE_LOOP('',(#3004,#3005,#3006,#3007));
#7118=EDGE_LOOP('',(#3008,#3009,#3010,#3011));
#7119=EDGE_LOOP('',(#3012,#3013,#3014,#3015));
#7120=EDGE_LOOP('',(#3016,#3017,#3018,#3019));
#7121=EDGE_LOOP('',(#3020,#3021,#3022,#3023));
#7122=EDGE_LOOP('',(#3024,#3025,#3026,#3027));
#7123=EDGE_LOOP('',(#3028,#3029,#3030,#3031,#3032,#3033,#3034,#3035,#3036,
#3037,#3038));
#7124=EDGE_LOOP('',(#3039,#3040,#3041,#3042,#3043,#3044,#3045));
#7125=EDGE_LOOP('',(#3046,#3047,#3048,#3049));
#7126=EDGE_LOOP('',(#3050,#3051,#3052,#3053));
#7127=EDGE_LOOP('',(#3054,#3055,#3056,#3057));
#7128=EDGE_LOOP('',(#3058,#3059,#3060,#3061));
#7129=EDGE_LOOP('',(#3062,#3063,#3064,#3065));
#7130=EDGE_LOOP('',(#3066,#3067,#3068,#3069));
#7131=EDGE_LOOP('',(#3070,#3071,#3072,#3073));
#7132=EDGE_LOOP('',(#3074,#3075,#3076,#3077));
#7133=EDGE_LOOP('',(#3078,#3079,#3080,#3081));
#7134=EDGE_LOOP('',(#3082,#3083,#3084,#3085));
#7135=EDGE_LOOP('',(#3086,#3087,#3088,#3089));
#7136=EDGE_LOOP('',(#3090,#3091,#3092,#3093));
#7137=EDGE_LOOP('',(#3094,#3095,#3096,#3097));
#7138=EDGE_LOOP('',(#3098,#3099,#3100,#3101));
#7139=EDGE_LOOP('',(#3102,#3103,#3104,#3105));
#7140=EDGE_LOOP('',(#3106,#3107,#3108,#3109));
#7141=EDGE_LOOP('',(#3110,#3111,#3112,#3113));
#7142=EDGE_LOOP('',(#3114,#3115,#3116,#3117));
#7143=EDGE_LOOP('',(#3118,#3119,#3120,#3121));
#7144=EDGE_LOOP('',(#3122,#3123,#3124,#3125));
#7145=EDGE_LOOP('',(#3126,#3127,#3128,#3129));
#7146=EDGE_LOOP('',(#3130,#3131,#3132,#3133));
#7147=EDGE_LOOP('',(#3134,#3135,#3136,#3137));
#7148=EDGE_LOOP('',(#3138,#3139,#3140,#3141));
#7149=EDGE_LOOP('',(#3142,#3143,#3144,#3145));
#7150=EDGE_LOOP('',(#3146,#3147,#3148,#3149,#3150,#3151,#3152,#3153,#3154,
#3155,#3156,#3157,#3158,#3159,#3160,#3161,#3162,#3163,#3164,#3165,#3166,
#3167,#3168,#3169,#3170));
#7151=EDGE_LOOP('',(#3171,#3172,#3173,#3174,#3175,#3176,#3177));
#7152=EDGE_LOOP('',(#3178,#3179,#3180,#3181,#3182));
#7153=EDGE_LOOP('',(#3183,#3184,#3185,#3186,#3187,#3188,#3189));
#7154=EDGE_LOOP('',(#3190,#3191,#3192,#3193));
#7155=EDGE_LOOP('',(#3194,#3195,#3196,#3197));
#7156=EDGE_LOOP('',(#3198,#3199,#3200,#3201));
#7157=EDGE_LOOP('',(#3202,#3203,#3204,#3205));
#7158=EDGE_LOOP('',(#3206,#3207,#3208,#3209));
#7159=EDGE_LOOP('',(#3210,#3211,#3212,#3213));
#7160=EDGE_LOOP('',(#3214,#3215,#3216,#3217));
#7161=EDGE_LOOP('',(#3218,#3219,#3220,#3221));
#7162=EDGE_LOOP('',(#3222,#3223,#3224,#3225));
#7163=EDGE_LOOP('',(#3226,#3227,#3228,#3229));
#7164=EDGE_LOOP('',(#3230,#3231,#3232,#3233));
#7165=EDGE_LOOP('',(#3234,#3235,#3236,#3237));
#7166=EDGE_LOOP('',(#3238,#3239,#3240,#3241));
#7167=EDGE_LOOP('',(#3242,#3243,#3244,#3245));
#7168=EDGE_LOOP('',(#3246,#3247,#3248,#3249));
#7169=EDGE_LOOP('',(#3250,#3251,#3252,#3253));
#7170=EDGE_LOOP('',(#3254,#3255,#3256,#3257));
#7171=EDGE_LOOP('',(#3258,#3259,#3260,#3261));
#7172=EDGE_LOOP('',(#3262,#3263,#3264,#3265));
#7173=EDGE_LOOP('',(#3266,#3267,#3268,#3269));
#7174=EDGE_LOOP('',(#3270,#3271,#3272,#3273));
#7175=EDGE_LOOP('',(#3274,#3275,#3276,#3277));
#7176=EDGE_LOOP('',(#3278,#3279,#3280,#3281));
#7177=EDGE_LOOP('',(#3282,#3283,#3284,#3285));
#7178=EDGE_LOOP('',(#3286,#3287,#3288,#3289));
#7179=EDGE_LOOP('',(#3290,#3291,#3292,#3293));
#7180=EDGE_LOOP('',(#3294,#3295,#3296,#3297));
#7181=EDGE_LOOP('',(#3298,#3299,#3300,#3301));
#7182=EDGE_LOOP('',(#3302,#3303,#3304,#3305));
#7183=EDGE_LOOP('',(#3306,#3307,#3308,#3309));
#7184=EDGE_LOOP('',(#3310,#3311,#3312,#3313));
#7185=EDGE_LOOP('',(#3314,#3315,#3316,#3317));
#7186=EDGE_LOOP('',(#3318,#3319,#3320,#3321));
#7187=EDGE_LOOP('',(#3322,#3323,#3324,#3325));
#7188=EDGE_LOOP('',(#3326,#3327,#3328,#3329));
#7189=EDGE_LOOP('',(#3330,#3331,#3332,#3333));
#7190=EDGE_LOOP('',(#3334,#3335,#3336,#3337));
#7191=EDGE_LOOP('',(#3338,#3339,#3340,#3341));
#7192=EDGE_LOOP('',(#3342,#3343,#3344,#3345));
#7193=EDGE_LOOP('',(#3346,#3347,#3348,#3349));
#7194=EDGE_LOOP('',(#3350,#3351,#3352,#3353));
#7195=EDGE_LOOP('',(#3354,#3355,#3356,#3357));
#7196=EDGE_LOOP('',(#3358,#3359,#3360,#3361));
#7197=EDGE_LOOP('',(#3362,#3363,#3364,#3365));
#7198=EDGE_LOOP('',(#3366,#3367,#3368,#3369));
#7199=EDGE_LOOP('',(#3370,#3371,#3372,#3373,#3374,#3375,#3376,#3377,#3378,
#3379,#3380,#3381,#3382,#3383,#3384,#3385,#3386,#3387,#3388,#3389,#3390,
#3391,#3392,#3393,#3394,#3395,#3396,#3397,#3398,#3399,#3400,#3401,#3402,
#3403,#3404,#3405,#3406,#3407,#3408,#3409,#3410,#3411,#3412,#3413,#3414));
#7200=EDGE_LOOP('',(#3415,#3416,#3417,#3418));
#7201=EDGE_LOOP('',(#3419,#3420,#3421,#3422));
#7202=EDGE_LOOP('',(#3423,#3424,#3425,#3426));
#7203=EDGE_LOOP('',(#3427,#3428,#3429,#3430));
#7204=EDGE_LOOP('',(#3431,#3432,#3433,#3434));
#7205=EDGE_LOOP('',(#3435,#3436,#3437,#3438));
#7206=EDGE_LOOP('',(#3439,#3440,#3441,#3442));
#7207=EDGE_LOOP('',(#3443,#3444,#3445,#3446));
#7208=EDGE_LOOP('',(#3447,#3448,#3449,#3450));
#7209=EDGE_LOOP('',(#3451,#3452,#3453,#3454));
#7210=EDGE_LOOP('',(#3455,#3456,#3457,#3458));
#7211=EDGE_LOOP('',(#3459,#3460,#3461,#3462));
#7212=EDGE_LOOP('',(#3463,#3464,#3465,#3466));
#7213=EDGE_LOOP('',(#3467,#3468,#3469,#3470));
#7214=EDGE_LOOP('',(#3471,#3472,#3473,#3474));
#7215=EDGE_LOOP('',(#3475,#3476,#3477,#3478,#3479,#3480,#3481,#3482,#3483,
#3484,#3485,#3486,#3487,#3488,#3489));
#7216=EDGE_LOOP('',(#3490,#3491,#3492,#3493));
#7217=EDGE_LOOP('',(#3494,#3495,#3496,#3497));
#7218=EDGE_LOOP('',(#3498,#3499,#3500,#3501));
#7219=EDGE_LOOP('',(#3502,#3503,#3504,#3505));
#7220=EDGE_LOOP('',(#3506,#3507,#3508,#3509));
#7221=EDGE_LOOP('',(#3510,#3511,#3512,#3513));
#7222=EDGE_LOOP('',(#3514,#3515,#3516,#3517));
#7223=EDGE_LOOP('',(#3518,#3519,#3520,#3521));
#7224=EDGE_LOOP('',(#3522,#3523,#3524,#3525));
#7225=EDGE_LOOP('',(#3526,#3527,#3528,#3529));
#7226=EDGE_LOOP('',(#3530,#3531,#3532,#3533));
#7227=EDGE_LOOP('',(#3534,#3535,#3536,#3537));
#7228=EDGE_LOOP('',(#3538,#3539,#3540,#3541));
#7229=EDGE_LOOP('',(#3542,#3543,#3544,#3545));
#7230=EDGE_LOOP('',(#3546,#3547,#3548,#3549));
#7231=EDGE_LOOP('',(#3550,#3551,#3552,#3553));
#7232=EDGE_LOOP('',(#3554,#3555,#3556,#3557));
#7233=EDGE_LOOP('',(#3558,#3559,#3560,#3561));
#7234=EDGE_LOOP('',(#3562,#3563,#3564,#3565));
#7235=EDGE_LOOP('',(#3566,#3567,#3568,#3569));
#7236=EDGE_LOOP('',(#3570,#3571,#3572,#3573));
#7237=EDGE_LOOP('',(#3574,#3575,#3576,#3577));
#7238=EDGE_LOOP('',(#3578,#3579,#3580,#3581));
#7239=EDGE_LOOP('',(#3582,#3583,#3584,#3585));
#7240=EDGE_LOOP('',(#3586,#3587,#3588,#3589));
#7241=EDGE_LOOP('',(#3590,#3591,#3592,#3593));
#7242=EDGE_LOOP('',(#3594,#3595,#3596,#3597));
#7243=EDGE_LOOP('',(#3598,#3599,#3600,#3601));
#7244=EDGE_LOOP('',(#3602,#3603,#3604,#3605));
#7245=EDGE_LOOP('',(#3606,#3607,#3608,#3609));
#7246=EDGE_LOOP('',(#3610,#3611,#3612,#3613));
#7247=EDGE_LOOP('',(#3614,#3615,#3616,#3617));
#7248=EDGE_LOOP('',(#3618,#3619,#3620,#3621));
#7249=EDGE_LOOP('',(#3622,#3623,#3624,#3625));
#7250=EDGE_LOOP('',(#3626,#3627,#3628,#3629));
#7251=EDGE_LOOP('',(#3630,#3631,#3632,#3633));
#7252=EDGE_LOOP('',(#3634,#3635,#3636,#3637));
#7253=EDGE_LOOP('',(#3638,#3639,#3640,#3641));
#7254=EDGE_LOOP('',(#3642,#3643,#3644,#3645));
#7255=EDGE_LOOP('',(#3646,#3647,#3648,#3649));
#7256=EDGE_LOOP('',(#3650,#3651,#3652,#3653));
#7257=EDGE_LOOP('',(#3654,#3655,#3656,#3657));
#7258=EDGE_LOOP('',(#3658,#3659,#3660,#3661));
#7259=EDGE_LOOP('',(#3662,#3663,#3664,#3665));
#7260=EDGE_LOOP('',(#3666,#3667,#3668,#3669));
#7261=EDGE_LOOP('',(#3670,#3671,#3672,#3673,#3674,#3675,#3676,#3677,#3678,
#3679,#3680,#3681,#3682,#3683,#3684,#3685,#3686,#3687,#3688,#3689,#3690,
#3691,#3692,#3693,#3694,#3695,#3696,#3697,#3698,#3699,#3700,#3701,#3702,
#3703,#3704,#3705,#3706,#3707,#3708,#3709,#3710,#3711,#3712,#3713,#3714));
#7262=EDGE_LOOP('',(#3715,#3716,#3717,#3718));
#7263=EDGE_LOOP('',(#3719,#3720,#3721,#3722));
#7264=EDGE_LOOP('',(#3723,#3724,#3725,#3726));
#7265=EDGE_LOOP('',(#3727,#3728,#3729,#3730));
#7266=EDGE_LOOP('',(#3731,#3732,#3733,#3734));
#7267=EDGE_LOOP('',(#3735,#3736,#3737,#3738));
#7268=EDGE_LOOP('',(#3739,#3740,#3741,#3742));
#7269=EDGE_LOOP('',(#3743,#3744,#3745,#3746));
#7270=EDGE_LOOP('',(#3747,#3748,#3749,#3750));
#7271=EDGE_LOOP('',(#3751,#3752,#3753,#3754));
#7272=EDGE_LOOP('',(#3755,#3756,#3757,#3758));
#7273=EDGE_LOOP('',(#3759,#3760,#3761,#3762));
#7274=EDGE_LOOP('',(#3763,#3764,#3765,#3766));
#7275=EDGE_LOOP('',(#3767,#3768,#3769,#3770));
#7276=EDGE_LOOP('',(#3771,#3772,#3773,#3774));
#7277=EDGE_LOOP('',(#3775,#3776,#3777,#3778));
#7278=EDGE_LOOP('',(#3779,#3780,#3781,#3782));
#7279=EDGE_LOOP('',(#3783,#3784,#3785,#3786));
#7280=EDGE_LOOP('',(#3787,#3788,#3789,#3790));
#7281=EDGE_LOOP('',(#3791,#3792,#3793,#3794));
#7282=EDGE_LOOP('',(#3795,#3796,#3797,#3798));
#7283=EDGE_LOOP('',(#3799,#3800,#3801,#3802));
#7284=EDGE_LOOP('',(#3803,#3804,#3805,#3806));
#7285=EDGE_LOOP('',(#3807,#3808,#3809,#3810,#3811,#3812,#3813,#3814,#3815,
#3816,#3817,#3818,#3819,#3820,#3821,#3822,#3823,#3824,#3825,#3826,#3827,
#3828,#3829));
#7286=EDGE_LOOP('',(#3830,#3831,#3832,#3833));
#7287=EDGE_LOOP('',(#3834,#3835,#3836,#3837));
#7288=EDGE_LOOP('',(#3838,#3839,#3840,#3841));
#7289=EDGE_LOOP('',(#3842,#3843,#3844,#3845));
#7290=EDGE_LOOP('',(#3846,#3847,#3848,#3849));
#7291=EDGE_LOOP('',(#3850,#3851,#3852,#3853));
#7292=EDGE_LOOP('',(#3854,#3855,#3856,#3857));
#7293=EDGE_LOOP('',(#3858,#3859,#3860,#3861));
#7294=EDGE_LOOP('',(#3862,#3863,#3864,#3865));
#7295=EDGE_LOOP('',(#3866,#3867,#3868,#3869));
#7296=EDGE_LOOP('',(#3870,#3871,#3872,#3873));
#7297=EDGE_LOOP('',(#3874,#3875,#3876,#3877));
#7298=EDGE_LOOP('',(#3878,#3879,#3880,#3881));
#7299=EDGE_LOOP('',(#3882,#3883,#3884,#3885));
#7300=EDGE_LOOP('',(#3886,#3887,#3888,#3889));
#7301=EDGE_LOOP('',(#3890,#3891,#3892,#3893));
#7302=EDGE_LOOP('',(#3894,#3895,#3896,#3897));
#7303=EDGE_LOOP('',(#3898,#3899,#3900,#3901));
#7304=EDGE_LOOP('',(#3902,#3903,#3904,#3905));
#7305=EDGE_LOOP('',(#3906,#3907,#3908,#3909));
#7306=EDGE_LOOP('',(#3910,#3911,#3912,#3913));
#7307=EDGE_LOOP('',(#3914,#3915,#3916,#3917));
#7308=EDGE_LOOP('',(#3918,#3919,#3920,#3921));
#7309=EDGE_LOOP('',(#3922,#3923,#3924,#3925));
#7310=EDGE_LOOP('',(#3926,#3927,#3928,#3929));
#7311=EDGE_LOOP('',(#3930,#3931,#3932,#3933));
#7312=EDGE_LOOP('',(#3934,#3935,#3936,#3937));
#7313=EDGE_LOOP('',(#3938,#3939,#3940,#3941));
#7314=EDGE_LOOP('',(#3942,#3943,#3944,#3945));
#7315=EDGE_LOOP('',(#3946,#3947,#3948,#3949));
#7316=EDGE_LOOP('',(#3950,#3951,#3952,#3953));
#7317=EDGE_LOOP('',(#3954,#3955,#3956,#3957));
#7318=EDGE_LOOP('',(#3958,#3959,#3960,#3961));
#7319=EDGE_LOOP('',(#3962,#3963,#3964,#3965));
#7320=EDGE_LOOP('',(#3966,#3967,#3968,#3969));
#7321=EDGE_LOOP('',(#3970,#3971,#3972,#3973));
#7322=EDGE_LOOP('',(#3974,#3975,#3976,#3977));
#7323=EDGE_LOOP('',(#3978,#3979,#3980,#3981));
#7324=EDGE_LOOP('',(#3982,#3983,#3984,#3985));
#7325=EDGE_LOOP('',(#3986,#3987,#3988,#3989));
#7326=EDGE_LOOP('',(#3990,#3991,#3992,#3993));
#7327=EDGE_LOOP('',(#3994,#3995,#3996,#3997));
#7328=EDGE_LOOP('',(#3998,#3999,#4000,#4001));
#7329=EDGE_LOOP('',(#4002,#4003,#4004,#4005));
#7330=EDGE_LOOP('',(#4006,#4007,#4008,#4009));
#7331=EDGE_LOOP('',(#4010,#4011,#4012,#4013,#4014,#4015,#4016,#4017,#4018,
#4019,#4020,#4021,#4022,#4023,#4024,#4025,#4026,#4027,#4028,#4029,#4030,
#4031,#4032,#4033,#4034,#4035,#4036,#4037,#4038,#4039,#4040,#4041,#4042,
#4043,#4044,#4045,#4046,#4047,#4048,#4049,#4050,#4051,#4052,#4053,#4054));
#7332=EDGE_LOOP('',(#4055,#4056,#4057,#4058));
#7333=EDGE_LOOP('',(#4059,#4060,#4061,#4062));
#7334=EDGE_LOOP('',(#4063,#4064,#4065,#4066));
#7335=EDGE_LOOP('',(#4067,#4068,#4069,#4070));
#7336=EDGE_LOOP('',(#4071,#4072,#4073,#4074));
#7337=EDGE_LOOP('',(#4075,#4076,#4077,#4078));
#7338=EDGE_LOOP('',(#4079,#4080,#4081,#4082));
#7339=EDGE_LOOP('',(#4083,#4084,#4085,#4086));
#7340=EDGE_LOOP('',(#4087,#4088,#4089,#4090));
#7341=EDGE_LOOP('',(#4091,#4092,#4093,#4094));
#7342=EDGE_LOOP('',(#4095,#4096,#4097,#4098));
#7343=EDGE_LOOP('',(#4099,#4100,#4101,#4102));
#7344=EDGE_LOOP('',(#4103,#4104,#4105,#4106));
#7345=EDGE_LOOP('',(#4107,#4108,#4109,#4110));
#7346=EDGE_LOOP('',(#4111,#4112,#4113,#4114));
#7347=EDGE_LOOP('',(#4115,#4116,#4117,#4118));
#7348=EDGE_LOOP('',(#4119,#4120,#4121,#4122));
#7349=EDGE_LOOP('',(#4123,#4124,#4125,#4126));
#7350=EDGE_LOOP('',(#4127,#4128,#4129,#4130));
#7351=EDGE_LOOP('',(#4131,#4132,#4133,#4134));
#7352=EDGE_LOOP('',(#4135,#4136,#4137,#4138));
#7353=EDGE_LOOP('',(#4139,#4140,#4141,#4142));
#7354=EDGE_LOOP('',(#4143,#4144,#4145,#4146));
#7355=EDGE_LOOP('',(#4147,#4148,#4149,#4150));
#7356=EDGE_LOOP('',(#4151,#4152,#4153,#4154));
#7357=EDGE_LOOP('',(#4155,#4156,#4157,#4158));
#7358=EDGE_LOOP('',(#4159,#4160,#4161,#4162));
#7359=EDGE_LOOP('',(#4163,#4164,#4165,#4166));
#7360=EDGE_LOOP('',(#4167,#4168,#4169,#4170));
#7361=EDGE_LOOP('',(#4171,#4172,#4173,#4174));
#7362=EDGE_LOOP('',(#4175,#4176,#4177,#4178));
#7363=EDGE_LOOP('',(#4179,#4180,#4181,#4182));
#7364=EDGE_LOOP('',(#4183,#4184,#4185,#4186));
#7365=EDGE_LOOP('',(#4187,#4188,#4189,#4190));
#7366=EDGE_LOOP('',(#4191,#4192,#4193,#4194));
#7367=EDGE_LOOP('',(#4195,#4196,#4197,#4198));
#7368=EDGE_LOOP('',(#4199,#4200,#4201,#4202));
#7369=EDGE_LOOP('',(#4203,#4204,#4205,#4206));
#7370=EDGE_LOOP('',(#4207,#4208,#4209,#4210));
#7371=EDGE_LOOP('',(#4211,#4212,#4213,#4214));
#7372=EDGE_LOOP('',(#4215,#4216,#4217,#4218));
#7373=EDGE_LOOP('',(#4219,#4220,#4221,#4222));
#7374=EDGE_LOOP('',(#4223,#4224,#4225,#4226));
#7375=EDGE_LOOP('',(#4227,#4228,#4229,#4230));
#7376=EDGE_LOOP('',(#4231,#4232,#4233,#4234));
#7377=EDGE_LOOP('',(#4235,#4236,#4237,#4238,#4239,#4240,#4241,#4242,#4243,
#4244,#4245,#4246,#4247,#4248,#4249,#4250,#4251,#4252,#4253,#4254,#4255,
#4256,#4257,#4258,#4259,#4260,#4261,#4262,#4263,#4264,#4265,#4266,#4267,
#4268,#4269,#4270,#4271,#4272,#4273,#4274,#4275,#4276,#4277,#4278,#4279));
#7378=EDGE_LOOP('',(#4280,#4281,#4282,#4283));
#7379=EDGE_LOOP('',(#4284,#4285,#4286,#4287));
#7380=EDGE_LOOP('',(#4288,#4289,#4290,#4291));
#7381=EDGE_LOOP('',(#4292,#4293,#4294,#4295));
#7382=EDGE_LOOP('',(#4296,#4297,#4298,#4299));
#7383=EDGE_LOOP('',(#4300,#4301,#4302,#4303));
#7384=EDGE_LOOP('',(#4304,#4305,#4306,#4307));
#7385=EDGE_LOOP('',(#4308,#4309,#4310,#4311));
#7386=EDGE_LOOP('',(#4312,#4313,#4314,#4315));
#7387=EDGE_LOOP('',(#4316,#4317,#4318,#4319));
#7388=EDGE_LOOP('',(#4320,#4321,#4322,#4323));
#7389=EDGE_LOOP('',(#4324,#4325,#4326,#4327));
#7390=EDGE_LOOP('',(#4328,#4329,#4330,#4331));
#7391=EDGE_LOOP('',(#4332,#4333,#4334,#4335));
#7392=EDGE_LOOP('',(#4336,#4337,#4338,#4339));
#7393=EDGE_LOOP('',(#4340,#4341,#4342,#4343));
#7394=EDGE_LOOP('',(#4344,#4345,#4346,#4347));
#7395=EDGE_LOOP('',(#4348,#4349,#4350,#4351));
#7396=EDGE_LOOP('',(#4352,#4353,#4354,#4355));
#7397=EDGE_LOOP('',(#4356,#4357,#4358,#4359));
#7398=EDGE_LOOP('',(#4360,#4361,#4362,#4363));
#7399=EDGE_LOOP('',(#4364,#4365,#4366,#4367));
#7400=EDGE_LOOP('',(#4368,#4369,#4370,#4371));
#7401=EDGE_LOOP('',(#4372,#4373,#4374,#4375));
#7402=EDGE_LOOP('',(#4376,#4377,#4378,#4379));
#7403=EDGE_LOOP('',(#4380,#4381,#4382,#4383));
#7404=EDGE_LOOP('',(#4384,#4385,#4386,#4387));
#7405=EDGE_LOOP('',(#4388,#4389,#4390,#4391));
#7406=EDGE_LOOP('',(#4392,#4393,#4394,#4395));
#7407=EDGE_LOOP('',(#4396,#4397,#4398,#4399));
#7408=EDGE_LOOP('',(#4400,#4401,#4402,#4403));
#7409=EDGE_LOOP('',(#4404,#4405,#4406,#4407));
#7410=EDGE_LOOP('',(#4408,#4409,#4410,#4411));
#7411=EDGE_LOOP('',(#4412,#4413,#4414,#4415));
#7412=EDGE_LOOP('',(#4416,#4417,#4418,#4419));
#7413=EDGE_LOOP('',(#4420,#4421,#4422,#4423));
#7414=EDGE_LOOP('',(#4424,#4425,#4426,#4427));
#7415=EDGE_LOOP('',(#4428,#4429,#4430,#4431));
#7416=EDGE_LOOP('',(#4432,#4433,#4434,#4435));
#7417=EDGE_LOOP('',(#4436,#4437,#4438,#4439));
#7418=EDGE_LOOP('',(#4440,#4441,#4442,#4443));
#7419=EDGE_LOOP('',(#4444,#4445,#4446,#4447));
#7420=EDGE_LOOP('',(#4448,#4449,#4450,#4451));
#7421=EDGE_LOOP('',(#4452,#4453,#4454,#4455,#4456,#4457,#4458,#4459,#4460,
#4461,#4462,#4463,#4464,#4465,#4466,#4467,#4468,#4469,#4470,#4471,#4472,
#4473,#4474,#4475,#4476,#4477,#4478,#4479,#4480,#4481,#4482,#4483,#4484,
#4485,#4486,#4487,#4488,#4489,#4490,#4491,#4492,#4493,#4494));
#7422=EDGE_LOOP('',(#4495,#4496,#4497,#4498));
#7423=EDGE_LOOP('',(#4499,#4500,#4501,#4502));
#7424=EDGE_LOOP('',(#4503,#4504,#4505,#4506));
#7425=EDGE_LOOP('',(#4507,#4508,#4509,#4510));
#7426=EDGE_LOOP('',(#4511,#4512,#4513,#4514));
#7427=EDGE_LOOP('',(#4515,#4516,#4517,#4518));
#7428=EDGE_LOOP('',(#4519,#4520,#4521,#4522));
#7429=EDGE_LOOP('',(#4523,#4524,#4525,#4526));
#7430=EDGE_LOOP('',(#4527,#4528,#4529,#4530));
#7431=EDGE_LOOP('',(#4531,#4532,#4533,#4534));
#7432=EDGE_LOOP('',(#4535,#4536,#4537,#4538));
#7433=EDGE_LOOP('',(#4539,#4540,#4541,#4542));
#7434=EDGE_LOOP('',(#4543,#4544,#4545,#4546));
#7435=EDGE_LOOP('',(#4547,#4548,#4549,#4550));
#7436=EDGE_LOOP('',(#4551,#4552,#4553,#4554));
#7437=EDGE_LOOP('',(#4555,#4556,#4557,#4558));
#7438=EDGE_LOOP('',(#4559,#4560,#4561,#4562));
#7439=EDGE_LOOP('',(#4563,#4564,#4565,#4566));
#7440=EDGE_LOOP('',(#4567,#4568,#4569,#4570));
#7441=EDGE_LOOP('',(#4571,#4572,#4573,#4574));
#7442=EDGE_LOOP('',(#4575,#4576,#4577,#4578));
#7443=EDGE_LOOP('',(#4579,#4580,#4581,#4582));
#7444=EDGE_LOOP('',(#4583,#4584,#4585,#4586));
#7445=EDGE_LOOP('',(#4587,#4588,#4589,#4590,#4591,#4592,#4593,#4594,#4595,
#4596,#4597,#4598,#4599,#4600,#4601,#4602,#4603,#4604,#4605,#4606,#4607,
#4608,#4609));
#7446=FACE_BOUND('',#6969,.T.);
#7447=FACE_BOUND('',#6970,.T.);
#7448=FACE_BOUND('',#6971,.T.);
#7449=FACE_BOUND('',#6972,.T.);
#7450=FACE_BOUND('',#6973,.T.);
#7451=FACE_BOUND('',#6974,.T.);
#7452=FACE_BOUND('',#6975,.T.);
#7453=FACE_BOUND('',#6976,.T.);
#7454=FACE_BOUND('',#6977,.T.);
#7455=FACE_BOUND('',#6978,.T.);
#7456=FACE_BOUND('',#6979,.T.);
#7457=FACE_BOUND('',#6980,.T.);
#7458=FACE_BOUND('',#6981,.T.);
#7459=FACE_BOUND('',#6982,.T.);
#7460=FACE_BOUND('',#6983,.T.);
#7461=FACE_BOUND('',#6984,.T.);
#7462=FACE_BOUND('',#6985,.T.);
#7463=FACE_BOUND('',#6986,.T.);
#7464=FACE_BOUND('',#6987,.T.);
#7465=FACE_BOUND('',#6988,.T.);
#7466=FACE_BOUND('',#6989,.T.);
#7467=FACE_BOUND('',#6990,.T.);
#7468=FACE_BOUND('',#6991,.T.);
#7469=FACE_BOUND('',#6992,.T.);
#7470=FACE_BOUND('',#6993,.T.);
#7471=FACE_BOUND('',#6994,.T.);
#7472=FACE_BOUND('',#6995,.T.);
#7473=FACE_BOUND('',#6996,.T.);
#7474=FACE_BOUND('',#6997,.T.);
#7475=FACE_BOUND('',#6998,.T.);
#7476=FACE_BOUND('',#6999,.T.);
#7477=FACE_BOUND('',#7000,.T.);
#7478=FACE_BOUND('',#7001,.T.);
#7479=FACE_BOUND('',#7002,.T.);
#7480=FACE_BOUND('',#7003,.T.);
#7481=FACE_BOUND('',#7004,.T.);
#7482=FACE_BOUND('',#7005,.T.);
#7483=FACE_BOUND('',#7006,.T.);
#7484=FACE_BOUND('',#7007,.T.);
#7485=FACE_BOUND('',#7008,.T.);
#7486=FACE_BOUND('',#7009,.T.);
#7487=FACE_BOUND('',#7010,.T.);
#7488=FACE_BOUND('',#7011,.T.);
#7489=FACE_BOUND('',#7012,.T.);
#7490=FACE_BOUND('',#7013,.T.);
#7491=FACE_BOUND('',#7014,.T.);
#7492=FACE_BOUND('',#7015,.T.);
#7493=FACE_BOUND('',#7016,.T.);
#7494=FACE_BOUND('',#7017,.T.);
#7495=FACE_BOUND('',#7018,.T.);
#7496=FACE_BOUND('',#7019,.T.);
#7497=FACE_BOUND('',#7020,.T.);
#7498=FACE_BOUND('',#7021,.T.);
#7499=FACE_BOUND('',#7022,.T.);
#7500=FACE_BOUND('',#7023,.T.);
#7501=FACE_BOUND('',#7024,.T.);
#7502=FACE_BOUND('',#7025,.T.);
#7503=FACE_BOUND('',#7026,.T.);
#7504=FACE_BOUND('',#7027,.T.);
#7505=FACE_BOUND('',#7028,.T.);
#7506=FACE_BOUND('',#7029,.T.);
#7507=FACE_BOUND('',#7030,.T.);
#7508=FACE_BOUND('',#7031,.T.);
#7509=FACE_BOUND('',#7032,.T.);
#7510=FACE_BOUND('',#7033,.T.);
#7511=FACE_BOUND('',#7034,.T.);
#7512=FACE_BOUND('',#7035,.T.);
#7513=FACE_BOUND('',#7036,.T.);
#7514=FACE_BOUND('',#7037,.T.);
#7515=FACE_BOUND('',#7038,.T.);
#7516=FACE_BOUND('',#7039,.T.);
#7517=FACE_BOUND('',#7040,.T.);
#7518=FACE_BOUND('',#7041,.T.);
#7519=FACE_BOUND('',#7042,.T.);
#7520=FACE_BOUND('',#7043,.T.);
#7521=FACE_BOUND('',#7044,.T.);
#7522=FACE_BOUND('',#7045,.T.);
#7523=FACE_BOUND('',#7046,.T.);
#7524=FACE_BOUND('',#7047,.T.);
#7525=FACE_BOUND('',#7048,.T.);
#7526=FACE_BOUND('',#7049,.T.);
#7527=FACE_BOUND('',#7050,.T.);
#7528=FACE_BOUND('',#7051,.T.);
#7529=FACE_BOUND('',#7052,.T.);
#7530=FACE_BOUND('',#7053,.T.);
#7531=FACE_BOUND('',#7054,.T.);
#7532=FACE_BOUND('',#7055,.T.);
#7533=FACE_BOUND('',#7056,.T.);
#7534=FACE_BOUND('',#7057,.T.);
#7535=FACE_BOUND('',#7058,.T.);
#7536=FACE_BOUND('',#7059,.T.);
#7537=FACE_BOUND('',#7060,.T.);
#7538=FACE_BOUND('',#7061,.T.);
#7539=FACE_BOUND('',#7062,.T.);
#7540=FACE_BOUND('',#7063,.T.);
#7541=FACE_BOUND('',#7064,.T.);
#7542=FACE_BOUND('',#7065,.T.);
#7543=FACE_BOUND('',#7066,.T.);
#7544=FACE_BOUND('',#7067,.T.);
#7545=FACE_BOUND('',#7068,.T.);
#7546=FACE_BOUND('',#7069,.T.);
#7547=FACE_BOUND('',#7070,.T.);
#7548=FACE_BOUND('',#7071,.T.);
#7549=FACE_BOUND('',#7072,.T.);
#7550=FACE_BOUND('',#7073,.T.);
#7551=FACE_BOUND('',#7074,.T.);
#7552=FACE_BOUND('',#7075,.T.);
#7553=FACE_BOUND('',#7076,.T.);
#7554=FACE_BOUND('',#7077,.T.);
#7555=FACE_BOUND('',#7078,.T.);
#7556=FACE_BOUND('',#7079,.T.);
#7557=FACE_BOUND('',#7080,.T.);
#7558=FACE_BOUND('',#7081,.T.);
#7559=FACE_BOUND('',#7082,.T.);
#7560=FACE_BOUND('',#7083,.T.);
#7561=FACE_BOUND('',#7084,.T.);
#7562=FACE_BOUND('',#7085,.T.);
#7563=FACE_BOUND('',#7086,.T.);
#7564=FACE_BOUND('',#7087,.T.);
#7565=FACE_BOUND('',#7088,.T.);
#7566=FACE_BOUND('',#7089,.T.);
#7567=FACE_BOUND('',#7090,.T.);
#7568=FACE_BOUND('',#7091,.T.);
#7569=FACE_BOUND('',#7092,.T.);
#7570=FACE_BOUND('',#7093,.T.);
#7571=FACE_BOUND('',#7094,.T.);
#7572=FACE_BOUND('',#7095,.T.);
#7573=FACE_BOUND('',#7096,.T.);
#7574=FACE_BOUND('',#7097,.T.);
#7575=FACE_BOUND('',#7098,.T.);
#7576=FACE_BOUND('',#7099,.T.);
#7577=FACE_BOUND('',#7100,.T.);
#7578=FACE_BOUND('',#7101,.T.);
#7579=FACE_BOUND('',#7102,.T.);
#7580=FACE_BOUND('',#7103,.T.);
#7581=FACE_BOUND('',#7104,.T.);
#7582=FACE_BOUND('',#7105,.T.);
#7583=FACE_BOUND('',#7106,.T.);
#7584=FACE_BOUND('',#7107,.T.);
#7585=FACE_BOUND('',#7108,.T.);
#7586=FACE_BOUND('',#7109,.T.);
#7587=FACE_BOUND('',#7110,.T.);
#7588=FACE_BOUND('',#7111,.T.);
#7589=FACE_BOUND('',#7112,.T.);
#7590=FACE_BOUND('',#7113,.T.);
#7591=FACE_BOUND('',#7114,.T.);
#7592=FACE_BOUND('',#7115,.T.);
#7593=FACE_BOUND('',#7116,.T.);
#7594=FACE_BOUND('',#7117,.T.);
#7595=FACE_BOUND('',#7118,.T.);
#7596=FACE_BOUND('',#7119,.T.);
#7597=FACE_BOUND('',#7120,.T.);
#7598=FACE_BOUND('',#7121,.T.);
#7599=FACE_BOUND('',#7122,.T.);
#7600=FACE_BOUND('',#7123,.T.);
#7601=FACE_BOUND('',#7124,.T.);
#7602=FACE_BOUND('',#7125,.T.);
#7603=FACE_BOUND('',#7126,.T.);
#7604=FACE_BOUND('',#7127,.T.);
#7605=FACE_BOUND('',#7128,.T.);
#7606=FACE_BOUND('',#7129,.T.);
#7607=FACE_BOUND('',#7130,.T.);
#7608=FACE_BOUND('',#7131,.T.);
#7609=FACE_BOUND('',#7132,.T.);
#7610=FACE_BOUND('',#7133,.T.);
#7611=FACE_BOUND('',#7134,.T.);
#7612=FACE_BOUND('',#7135,.T.);
#7613=FACE_BOUND('',#7136,.T.);
#7614=FACE_BOUND('',#7137,.T.);
#7615=FACE_BOUND('',#7138,.T.);
#7616=FACE_BOUND('',#7139,.T.);
#7617=FACE_BOUND('',#7140,.T.);
#7618=FACE_BOUND('',#7141,.T.);
#7619=FACE_BOUND('',#7142,.T.);
#7620=FACE_BOUND('',#7143,.T.);
#7621=FACE_BOUND('',#7144,.T.);
#7622=FACE_BOUND('',#7145,.T.);
#7623=FACE_BOUND('',#7146,.T.);
#7624=FACE_BOUND('',#7147,.T.);
#7625=FACE_BOUND('',#7148,.T.);
#7626=FACE_BOUND('',#7149,.T.);
#7627=FACE_BOUND('',#7150,.T.);
#7628=FACE_BOUND('',#7151,.T.);
#7629=FACE_BOUND('',#7152,.T.);
#7630=FACE_BOUND('',#7153,.T.);
#7631=FACE_BOUND('',#7154,.T.);
#7632=FACE_BOUND('',#7155,.T.);
#7633=FACE_BOUND('',#7156,.T.);
#7634=FACE_BOUND('',#7157,.T.);
#7635=FACE_BOUND('',#7158,.T.);
#7636=FACE_BOUND('',#7159,.T.);
#7637=FACE_BOUND('',#7160,.T.);
#7638=FACE_BOUND('',#7161,.T.);
#7639=FACE_BOUND('',#7162,.T.);
#7640=FACE_BOUND('',#7163,.T.);
#7641=FACE_BOUND('',#7164,.T.);
#7642=FACE_BOUND('',#7165,.T.);
#7643=FACE_BOUND('',#7166,.T.);
#7644=FACE_BOUND('',#7167,.T.);
#7645=FACE_BOUND('',#7168,.T.);
#7646=FACE_BOUND('',#7169,.T.);
#7647=FACE_BOUND('',#7170,.T.);
#7648=FACE_BOUND('',#7171,.T.);
#7649=FACE_BOUND('',#7172,.T.);
#7650=FACE_BOUND('',#7173,.T.);
#7651=FACE_BOUND('',#7174,.T.);
#7652=FACE_BOUND('',#7175,.T.);
#7653=FACE_BOUND('',#7176,.T.);
#7654=FACE_BOUND('',#7177,.T.);
#7655=FACE_BOUND('',#7178,.T.);
#7656=FACE_BOUND('',#7179,.T.);
#7657=FACE_BOUND('',#7180,.T.);
#7658=FACE_BOUND('',#7181,.T.);
#7659=FACE_BOUND('',#7182,.T.);
#7660=FACE_BOUND('',#7183,.T.);
#7661=FACE_BOUND('',#7184,.T.);
#7662=FACE_BOUND('',#7185,.T.);
#7663=FACE_BOUND('',#7186,.T.);
#7664=FACE_BOUND('',#7187,.T.);
#7665=FACE_BOUND('',#7188,.T.);
#7666=FACE_BOUND('',#7189,.T.);
#7667=FACE_BOUND('',#7190,.T.);
#7668=FACE_BOUND('',#7191,.T.);
#7669=FACE_BOUND('',#7192,.T.);
#7670=FACE_BOUND('',#7193,.T.);
#7671=FACE_BOUND('',#7194,.T.);
#7672=FACE_BOUND('',#7195,.T.);
#7673=FACE_BOUND('',#7196,.T.);
#7674=FACE_BOUND('',#7197,.T.);
#7675=FACE_BOUND('',#7198,.T.);
#7676=FACE_BOUND('',#7199,.T.);
#7677=FACE_BOUND('',#7200,.T.);
#7678=FACE_BOUND('',#7201,.T.);
#7679=FACE_BOUND('',#7202,.T.);
#7680=FACE_BOUND('',#7203,.T.);
#7681=FACE_BOUND('',#7204,.T.);
#7682=FACE_BOUND('',#7205,.T.);
#7683=FACE_BOUND('',#7206,.T.);
#7684=FACE_BOUND('',#7207,.T.);
#7685=FACE_BOUND('',#7208,.T.);
#7686=FACE_BOUND('',#7209,.T.);
#7687=FACE_BOUND('',#7210,.T.);
#7688=FACE_BOUND('',#7211,.T.);
#7689=FACE_BOUND('',#7212,.T.);
#7690=FACE_BOUND('',#7213,.T.);
#7691=FACE_BOUND('',#7214,.T.);
#7692=FACE_BOUND('',#7215,.T.);
#7693=FACE_BOUND('',#7216,.T.);
#7694=FACE_BOUND('',#7217,.T.);
#7695=FACE_BOUND('',#7218,.T.);
#7696=FACE_BOUND('',#7219,.T.);
#7697=FACE_BOUND('',#7220,.T.);
#7698=FACE_BOUND('',#7221,.T.);
#7699=FACE_BOUND('',#7222,.T.);
#7700=FACE_BOUND('',#7223,.T.);
#7701=FACE_BOUND('',#7224,.T.);
#7702=FACE_BOUND('',#7225,.T.);
#7703=FACE_BOUND('',#7226,.T.);
#7704=FACE_BOUND('',#7227,.T.);
#7705=FACE_BOUND('',#7228,.T.);
#7706=FACE_BOUND('',#7229,.T.);
#7707=FACE_BOUND('',#7230,.T.);
#7708=FACE_BOUND('',#7231,.T.);
#7709=FACE_BOUND('',#7232,.T.);
#7710=FACE_BOUND('',#7233,.T.);
#7711=FACE_BOUND('',#7234,.T.);
#7712=FACE_BOUND('',#7235,.T.);
#7713=FACE_BOUND('',#7236,.T.);
#7714=FACE_BOUND('',#7237,.T.);
#7715=FACE_BOUND('',#7238,.T.);
#7716=FACE_BOUND('',#7239,.T.);
#7717=FACE_BOUND('',#7240,.T.);
#7718=FACE_BOUND('',#7241,.T.);
#7719=FACE_BOUND('',#7242,.T.);
#7720=FACE_BOUND('',#7243,.T.);
#7721=FACE_BOUND('',#7244,.T.);
#7722=FACE_BOUND('',#7245,.T.);
#7723=FACE_BOUND('',#7246,.T.);
#7724=FACE_BOUND('',#7247,.T.);
#7725=FACE_BOUND('',#7248,.T.);
#7726=FACE_BOUND('',#7249,.T.);
#7727=FACE_BOUND('',#7250,.T.);
#7728=FACE_BOUND('',#7251,.T.);
#7729=FACE_BOUND('',#7252,.T.);
#7730=FACE_BOUND('',#7253,.T.);
#7731=FACE_BOUND('',#7254,.T.);
#7732=FACE_BOUND('',#7255,.T.);
#7733=FACE_BOUND('',#7256,.T.);
#7734=FACE_BOUND('',#7257,.T.);
#7735=FACE_BOUND('',#7258,.T.);
#7736=FACE_BOUND('',#7259,.T.);
#7737=FACE_BOUND('',#7260,.T.);
#7738=FACE_BOUND('',#7261,.T.);
#7739=FACE_BOUND('',#7262,.T.);
#7740=FACE_BOUND('',#7263,.T.);
#7741=FACE_BOUND('',#7264,.T.);
#7742=FACE_BOUND('',#7265,.T.);
#7743=FACE_BOUND('',#7266,.T.);
#7744=FACE_BOUND('',#7267,.T.);
#7745=FACE_BOUND('',#7268,.T.);
#7746=FACE_BOUND('',#7269,.T.);
#7747=FACE_BOUND('',#7270,.T.);
#7748=FACE_BOUND('',#7271,.T.);
#7749=FACE_BOUND('',#7272,.T.);
#7750=FACE_BOUND('',#7273,.T.);
#7751=FACE_BOUND('',#7274,.T.);
#7752=FACE_BOUND('',#7275,.T.);
#7753=FACE_BOUND('',#7276,.T.);
#7754=FACE_BOUND('',#7277,.T.);
#7755=FACE_BOUND('',#7278,.T.);
#7756=FACE_BOUND('',#7279,.T.);
#7757=FACE_BOUND('',#7280,.T.);
#7758=FACE_BOUND('',#7281,.T.);
#7759=FACE_BOUND('',#7282,.T.);
#7760=FACE_BOUND('',#7283,.T.);
#7761=FACE_BOUND('',#7284,.T.);
#7762=FACE_BOUND('',#7285,.T.);
#7763=FACE_BOUND('',#7286,.T.);
#7764=FACE_BOUND('',#7287,.T.);
#7765=FACE_BOUND('',#7288,.T.);
#7766=FACE_BOUND('',#7289,.T.);
#7767=FACE_BOUND('',#7290,.T.);
#7768=FACE_BOUND('',#7291,.T.);
#7769=FACE_BOUND('',#7292,.T.);
#7770=FACE_BOUND('',#7293,.T.);
#7771=FACE_BOUND('',#7294,.T.);
#7772=FACE_BOUND('',#7295,.T.);
#7773=FACE_BOUND('',#7296,.T.);
#7774=FACE_BOUND('',#7297,.T.);
#7775=FACE_BOUND('',#7298,.T.);
#7776=FACE_BOUND('',#7299,.T.);
#7777=FACE_BOUND('',#7300,.T.);
#7778=FACE_BOUND('',#7301,.T.);
#7779=FACE_BOUND('',#7302,.T.);
#7780=FACE_BOUND('',#7303,.T.);
#7781=FACE_BOUND('',#7304,.T.);
#7782=FACE_BOUND('',#7305,.T.);
#7783=FACE_BOUND('',#7306,.T.);
#7784=FACE_BOUND('',#7307,.T.);
#7785=FACE_BOUND('',#7308,.T.);
#7786=FACE_BOUND('',#7309,.T.);
#7787=FACE_BOUND('',#7310,.T.);
#7788=FACE_BOUND('',#7311,.T.);
#7789=FACE_BOUND('',#7312,.T.);
#7790=FACE_BOUND('',#7313,.T.);
#7791=FACE_BOUND('',#7314,.T.);
#7792=FACE_BOUND('',#7315,.T.);
#7793=FACE_BOUND('',#7316,.T.);
#7794=FACE_BOUND('',#7317,.T.);
#7795=FACE_BOUND('',#7318,.T.);
#7796=FACE_BOUND('',#7319,.T.);
#7797=FACE_BOUND('',#7320,.T.);
#7798=FACE_BOUND('',#7321,.T.);
#7799=FACE_BOUND('',#7322,.T.);
#7800=FACE_BOUND('',#7323,.T.);
#7801=FACE_BOUND('',#7324,.T.);
#7802=FACE_BOUND('',#7325,.T.);
#7803=FACE_BOUND('',#7326,.T.);
#7804=FACE_BOUND('',#7327,.T.);
#7805=FACE_BOUND('',#7328,.T.);
#7806=FACE_BOUND('',#7329,.T.);
#7807=FACE_BOUND('',#7330,.T.);
#7808=FACE_BOUND('',#7331,.T.);
#7809=FACE_BOUND('',#7332,.T.);
#7810=FACE_BOUND('',#7333,.T.);
#7811=FACE_BOUND('',#7334,.T.);
#7812=FACE_BOUND('',#7335,.T.);
#7813=FACE_BOUND('',#7336,.T.);
#7814=FACE_BOUND('',#7337,.T.);
#7815=FACE_BOUND('',#7338,.T.);
#7816=FACE_BOUND('',#7339,.T.);
#7817=FACE_BOUND('',#7340,.T.);
#7818=FACE_BOUND('',#7341,.T.);
#7819=FACE_BOUND('',#7342,.T.);
#7820=FACE_BOUND('',#7343,.T.);
#7821=FACE_BOUND('',#7344,.T.);
#7822=FACE_BOUND('',#7345,.T.);
#7823=FACE_BOUND('',#7346,.T.);
#7824=FACE_BOUND('',#7347,.T.);
#7825=FACE_BOUND('',#7348,.T.);
#7826=FACE_BOUND('',#7349,.T.);
#7827=FACE_BOUND('',#7350,.T.);
#7828=FACE_BOUND('',#7351,.T.);
#7829=FACE_BOUND('',#7352,.T.);
#7830=FACE_BOUND('',#7353,.T.);
#7831=FACE_BOUND('',#7354,.T.);
#7832=FACE_BOUND('',#7355,.T.);
#7833=FACE_BOUND('',#7356,.T.);
#7834=FACE_BOUND('',#7357,.T.);
#7835=FACE_BOUND('',#7358,.T.);
#7836=FACE_BOUND('',#7359,.T.);
#7837=FACE_BOUND('',#7360,.T.);
#7838=FACE_BOUND('',#7361,.T.);
#7839=FACE_BOUND('',#7362,.T.);
#7840=FACE_BOUND('',#7363,.T.);
#7841=FACE_BOUND('',#7364,.T.);
#7842=FACE_BOUND('',#7365,.T.);
#7843=FACE_BOUND('',#7366,.T.);
#7844=FACE_BOUND('',#7367,.T.);
#7845=FACE_BOUND('',#7368,.T.);
#7846=FACE_BOUND('',#7369,.T.);
#7847=FACE_BOUND('',#7370,.T.);
#7848=FACE_BOUND('',#7371,.T.);
#7849=FACE_BOUND('',#7372,.T.);
#7850=FACE_BOUND('',#7373,.T.);
#7851=FACE_BOUND('',#7374,.T.);
#7852=FACE_BOUND('',#7375,.T.);
#7853=FACE_BOUND('',#7376,.T.);
#7854=FACE_BOUND('',#7377,.T.);
#7855=FACE_BOUND('',#7378,.T.);
#7856=FACE_BOUND('',#7379,.T.);
#7857=FACE_BOUND('',#7380,.T.);
#7858=FACE_BOUND('',#7381,.T.);
#7859=FACE_BOUND('',#7382,.T.);
#7860=FACE_BOUND('',#7383,.T.);
#7861=FACE_BOUND('',#7384,.T.);
#7862=FACE_BOUND('',#7385,.T.);
#7863=FACE_BOUND('',#7386,.T.);
#7864=FACE_BOUND('',#7387,.T.);
#7865=FACE_BOUND('',#7388,.T.);
#7866=FACE_BOUND('',#7389,.T.);
#7867=FACE_BOUND('',#7390,.T.);
#7868=FACE_BOUND('',#7391,.T.);
#7869=FACE_BOUND('',#7392,.T.);
#7870=FACE_BOUND('',#7393,.T.);
#7871=FACE_BOUND('',#7394,.T.);
#7872=FACE_BOUND('',#7395,.T.);
#7873=FACE_BOUND('',#7396,.T.);
#7874=FACE_BOUND('',#7397,.T.);
#7875=FACE_BOUND('',#7398,.T.);
#7876=FACE_BOUND('',#7399,.T.);
#7877=FACE_BOUND('',#7400,.T.);
#7878=FACE_BOUND('',#7401,.T.);
#7879=FACE_BOUND('',#7402,.T.);
#7880=FACE_BOUND('',#7403,.T.);
#7881=FACE_BOUND('',#7404,.T.);
#7882=FACE_BOUND('',#7405,.T.);
#7883=FACE_BOUND('',#7406,.T.);
#7884=FACE_BOUND('',#7407,.T.);
#7885=FACE_BOUND('',#7408,.T.);
#7886=FACE_BOUND('',#7409,.T.);
#7887=FACE_BOUND('',#7410,.T.);
#7888=FACE_BOUND('',#7411,.T.);
#7889=FACE_BOUND('',#7412,.T.);
#7890=FACE_BOUND('',#7413,.T.);
#7891=FACE_BOUND('',#7414,.T.);
#7892=FACE_BOUND('',#7415,.T.);
#7893=FACE_BOUND('',#7416,.T.);
#7894=FACE_BOUND('',#7417,.T.);
#7895=FACE_BOUND('',#7418,.T.);
#7896=FACE_BOUND('',#7419,.T.);
#7897=FACE_BOUND('',#7420,.T.);
#7898=FACE_BOUND('',#7421,.T.);
#7899=FACE_BOUND('',#7422,.T.);
#7900=FACE_BOUND('',#7423,.T.);
#7901=FACE_BOUND('',#7424,.T.);
#7902=FACE_BOUND('',#7425,.T.);
#7903=FACE_BOUND('',#7426,.T.);
#7904=FACE_BOUND('',#7427,.T.);
#7905=FACE_BOUND('',#7428,.T.);
#7906=FACE_BOUND('',#7429,.T.);
#7907=FACE_BOUND('',#7430,.T.);
#7908=FACE_BOUND('',#7431,.T.);
#7909=FACE_BOUND('',#7432,.T.);
#7910=FACE_BOUND('',#7433,.T.);
#7911=FACE_BOUND('',#7434,.T.);
#7912=FACE_BOUND('',#7435,.T.);
#7913=FACE_BOUND('',#7436,.T.);
#7914=FACE_BOUND('',#7437,.T.);
#7915=FACE_BOUND('',#7438,.T.);
#7916=FACE_BOUND('',#7439,.T.);
#7917=FACE_BOUND('',#7440,.T.);
#7918=FACE_BOUND('',#7441,.T.);
#7919=FACE_BOUND('',#7442,.T.);
#7920=FACE_BOUND('',#7443,.T.);
#7921=FACE_BOUND('',#7444,.T.);
#7922=FACE_BOUND('',#7445,.T.);
#7923=PLANE('',#8538);
#7924=PLANE('',#8652);
#7925=PLANE('',#8744);
#7926=PLANE('',#8758);
#7927=PLANE('',#8762);
#7928=PLANE('',#8764);
#7929=PLANE('',#8765);
#7930=PLANE('',#8767);
#7931=PLANE('',#8769);
#7932=PLANE('',#8770);
#7933=PLANE('',#8771);
#7934=PLANE('',#8772);
#7935=PLANE('',#8773);
#7936=PLANE('',#8774);
#7937=PLANE('',#8775);
#7938=PLANE('',#8776);
#7939=PLANE('',#8777);
#7940=PLANE('',#8778);
#7941=PLANE('',#8779);
#7942=PLANE('',#8780);
#7943=PLANE('',#8781);
#7944=PLANE('',#8782);
#7945=PLANE('',#8783);
#7946=PLANE('',#8784);
#7947=PLANE('',#8785);
#7948=PLANE('',#8786);
#7949=PLANE('',#8787);
#7950=PLANE('',#8788);
#7951=PLANE('',#8789);
#7952=PLANE('',#8790);
#7953=PLANE('',#8791);
#7954=PLANE('',#8792);
#7955=PLANE('',#8793);
#7956=PLANE('',#8794);
#7957=PLANE('',#8795);
#7958=PLANE('',#8796);
#7959=PLANE('',#8801);
#7960=PLANE('',#8802);
#7961=PLANE('',#8803);
#7962=PLANE('',#8804);
#7963=PLANE('',#8805);
#7964=PLANE('',#8806);
#7965=PLANE('',#8809);
#7966=PLANE('',#8810);
#7967=PLANE('',#8811);
#7968=PLANE('',#8812);
#7969=PLANE('',#8813);
#7970=PLANE('',#8814);
#7971=PLANE('',#8815);
#7972=PLANE('',#8820);
#7973=PLANE('',#8821);
#7974=PLANE('',#8822);
#7975=PLANE('',#8823);
#7976=PLANE('',#8824);
#7977=PLANE('',#8825);
#7978=PLANE('',#8828);
#7979=PLANE('',#8829);
#7980=PLANE('',#8830);
#7981=PLANE('',#8831);
#7982=PLANE('',#8832);
#7983=PLANE('',#8833);
#7984=PLANE('',#8837);
#7985=PLANE('',#8838);
#7986=PLANE('',#8839);
#7987=PLANE('',#8840);
#7988=PLANE('',#8841);
#7989=PLANE('',#8842);
#7990=PLANE('',#8843);
#7991=PLANE('',#8844);
#7992=PLANE('',#8848);
#7993=PLANE('',#8849);
#7994=PLANE('',#8850);
#7995=PLANE('',#8851);
#7996=PLANE('',#8852);
#7997=PLANE('',#8853);
#7998=PLANE('',#8854);
#7999=PLANE('',#8855);
#8000=PLANE('',#8856);
#8001=PLANE('',#8857);
#8002=PLANE('',#8858);
#8003=PLANE('',#8859);
#8004=PLANE('',#8860);
#8005=PLANE('',#8861);
#8006=PLANE('',#8868);
#8007=PLANE('',#8869);
#8008=PLANE('',#8870);
#8009=PLANE('',#8871);
#8010=PLANE('',#8872);
#8011=PLANE('',#8879);
#8012=PLANE('',#8890);
#8013=PLANE('',#8901);
#8014=PLANE('',#8914);
#8015=PLANE('',#8925);
#8016=PLANE('',#8930);
#8017=PLANE('',#8939);
#8018=PLANE('',#8944);
#8019=PLANE('',#8949);
#8020=PLANE('',#8956);
#8021=PLANE('',#8965);
#8022=PLANE('',#8966);
#8023=PLANE('',#8971);
#8024=PLANE('',#8978);
#8025=PLANE('',#8989);
#8026=PLANE('',#9000);
#8027=PLANE('',#9013);
#8028=PLANE('',#9024);
#8029=PLANE('',#9029);
#8030=PLANE('',#9038);
#8031=PLANE('',#9043);
#8032=PLANE('',#9046);
#8033=PLANE('',#9055);
#8034=PLANE('',#9056);
#8035=PLANE('',#9063);
#8036=PLANE('',#9074);
#8037=PLANE('',#9075);
#8038=PLANE('',#9076);
#8039=PLANE('',#9083);
#8040=PLANE('',#9090);
#8041=PLANE('',#9101);
#8042=PLANE('',#9112);
#8043=PLANE('',#9123);
#8044=PLANE('',#9134);
#8045=PLANE('',#9139);
#8046=PLANE('',#9148);
#8047=PLANE('',#9153);
#8048=PLANE('',#9160);
#8049=PLANE('',#9171);
#8050=PLANE('',#9182);
#8051=PLANE('',#9193);
#8052=PLANE('',#9204);
#8053=PLANE('',#9209);
#8054=PLANE('',#9218);
#8055=PLANE('',#9223);
#8056=PLANE('',#9257);
#8057=PLANE('',#9298);
#8058=PLANE('',#9301);
#8059=PLANE('',#9310);
#8060=PLANE('',#9311);
#8061=PLANE('',#9316);
#8062=PLANE('',#9327);
#8063=PLANE('',#9328);
#8064=PLANE('',#9329);
#8065=PLANE('',#9336);
#8066=ADVANCED_FACE('',(#7446,#7447,#7448,#7449,#7450),#7923,.T.);
#8067=ADVANCED_FACE('',(#7451,#7452,#7453,#7454,#7455),#7924,.T.);
#8068=ADVANCED_FACE('',(#7456,#7457,#7458,#7459,#7460,#7461,#7462,#7463),
#7925,.T.);
#8069=ADVANCED_FACE('',(#7464),#106,.T.);
#8070=ADVANCED_FACE('',(#7465),#107,.T.);
#8071=ADVANCED_FACE('',(#7466),#7926,.F.);
#8072=ADVANCED_FACE('',(#7467),#108,.T.);
#8073=ADVANCED_FACE('',(#7468),#7927,.T.);
#8074=ADVANCED_FACE('',(#7469),#109,.F.);
#8075=ADVANCED_FACE('',(#7470),#7928,.F.);
#8076=ADVANCED_FACE('',(#7471),#7929,.F.);
#8077=ADVANCED_FACE('',(#7472),#110,.T.);
#8078=ADVANCED_FACE('',(#7473),#7930,.T.);
#8079=ADVANCED_FACE('',(#7474),#111,.F.);
#8080=ADVANCED_FACE('',(#7475),#7931,.F.);
#8081=ADVANCED_FACE('',(#7476),#7932,.F.);
#8082=ADVANCED_FACE('',(#7477),#14,.T.);
#8083=ADVANCED_FACE('',(#7478),#15,.T.);
#8084=ADVANCED_FACE('',(#7479),#16,.T.);
#8085=ADVANCED_FACE('',(#7480),#17,.T.);
#8086=ADVANCED_FACE('',(#7481),#18,.T.);
#8087=ADVANCED_FACE('',(#7482),#19,.T.);
#8088=ADVANCED_FACE('',(#7483),#20,.T.);
#8089=ADVANCED_FACE('',(#7484),#21,.T.);
#8090=ADVANCED_FACE('',(#7485),#22,.T.);
#8091=ADVANCED_FACE('',(#7486),#23,.T.);
#8092=ADVANCED_FACE('',(#7487),#24,.T.);
#8093=ADVANCED_FACE('',(#7488),#25,.T.);
#8094=ADVANCED_FACE('',(#7489),#26,.T.);
#8095=ADVANCED_FACE('',(#7490),#27,.T.);
#8096=ADVANCED_FACE('',(#7491),#28,.T.);
#8097=ADVANCED_FACE('',(#7492),#29,.T.);
#8098=ADVANCED_FACE('',(#7493),#30,.T.);
#8099=ADVANCED_FACE('',(#7494),#31,.T.);
#8100=ADVANCED_FACE('',(#7495),#32,.T.);
#8101=ADVANCED_FACE('',(#7496),#33,.T.);
#8102=ADVANCED_FACE('',(#7497),#34,.T.);
#8103=ADVANCED_FACE('',(#7498),#12,.T.);
#8104=ADVANCED_FACE('',(#7499),#35,.T.);
#8105=ADVANCED_FACE('',(#7500),#36,.T.);
#8106=ADVANCED_FACE('',(#7501),#37,.T.);
#8107=ADVANCED_FACE('',(#7502),#13,.T.);
#8108=ADVANCED_FACE('',(#7503),#38,.T.);
#8109=ADVANCED_FACE('',(#7504),#39,.T.);
#8110=ADVANCED_FACE('',(#7505),#7933,.T.);
#8111=ADVANCED_FACE('',(#7506),#7934,.T.);
#8112=ADVANCED_FACE('',(#7507),#7935,.T.);
#8113=ADVANCED_FACE('',(#7508),#40,.T.);
#8114=ADVANCED_FACE('',(#7509),#41,.T.);
#8115=ADVANCED_FACE('',(#7510),#42,.T.);
#8116=ADVANCED_FACE('',(#7511),#43,.T.);
#8117=ADVANCED_FACE('',(#7512),#44,.T.);
#8118=ADVANCED_FACE('',(#7513),#7936,.T.);
#8119=ADVANCED_FACE('',(#7514),#7937,.T.);
#8120=ADVANCED_FACE('',(#7515),#7938,.T.);
#8121=ADVANCED_FACE('',(#7516),#7939,.T.);
#8122=ADVANCED_FACE('',(#7517),#7940,.T.);
#8123=ADVANCED_FACE('',(#7518),#45,.T.);
#8124=ADVANCED_FACE('',(#7519),#46,.T.);
#8125=ADVANCED_FACE('',(#7520,#7521),#7941,.T.);
#8126=ADVANCED_FACE('',(#7522),#7942,.T.);
#8127=ADVANCED_FACE('',(#7523),#7943,.T.);
#8128=ADVANCED_FACE('',(#7524),#7944,.T.);
#8129=ADVANCED_FACE('',(#7525),#7945,.T.);
#8130=ADVANCED_FACE('',(#7526),#7946,.T.);
#8131=ADVANCED_FACE('',(#7527),#7947,.T.);
#8132=ADVANCED_FACE('',(#7528),#7948,.T.);
#8133=ADVANCED_FACE('',(#7529),#7949,.T.);
#8134=ADVANCED_FACE('',(#7530),#7950,.T.);
#8135=ADVANCED_FACE('',(#7531),#7951,.T.);
#8136=ADVANCED_FACE('',(#7532),#7952,.T.);
#8137=ADVANCED_FACE('',(#7533),#7953,.T.);
#8138=ADVANCED_FACE('',(#7534),#7954,.T.);
#8139=ADVANCED_FACE('',(#7535),#7955,.T.);
#8140=ADVANCED_FACE('',(#7536),#7956,.T.);
#8141=ADVANCED_FACE('',(#7537),#7957,.T.);
#8142=ADVANCED_FACE('',(#7538),#7958,.T.);
#8143=ADVANCED_FACE('',(#7539),#112,.F.);
#8144=ADVANCED_FACE('',(#7540),#113,.F.);
#8145=ADVANCED_FACE('',(#7541),#7959,.T.);
#8146=ADVANCED_FACE('',(#7542),#7960,.T.);
#8147=ADVANCED_FACE('',(#7543),#7961,.T.);
#8148=ADVANCED_FACE('',(#7544),#7962,.T.);
#8149=ADVANCED_FACE('',(#7545),#7963,.T.);
#8150=ADVANCED_FACE('',(#7546),#7964,.T.);
#8151=ADVANCED_FACE('',(#7547),#114,.F.);
#8152=ADVANCED_FACE('',(#7548),#7965,.T.);
#8153=ADVANCED_FACE('',(#7549),#7966,.T.);
#8154=ADVANCED_FACE('',(#7550),#7967,.T.);
#8155=ADVANCED_FACE('',(#7551),#7968,.T.);
#8156=ADVANCED_FACE('',(#7552),#7969,.T.);
#8157=ADVANCED_FACE('',(#7553),#7970,.T.);
#8158=ADVANCED_FACE('',(#7554),#7971,.T.);
#8159=ADVANCED_FACE('',(#7555),#115,.F.);
#8160=ADVANCED_FACE('',(#7556),#116,.F.);
#8161=ADVANCED_FACE('',(#7557),#7972,.T.);
#8162=ADVANCED_FACE('',(#7558),#7973,.T.);
#8163=ADVANCED_FACE('',(#7559),#7974,.T.);
#8164=ADVANCED_FACE('',(#7560),#7975,.T.);
#8165=ADVANCED_FACE('',(#7561),#7976,.T.);
#8166=ADVANCED_FACE('',(#7562),#7977,.T.);
#8167=ADVANCED_FACE('',(#7563),#117,.F.);
#8168=ADVANCED_FACE('',(#7564),#7978,.T.);
#8169=ADVANCED_FACE('',(#7565),#7979,.T.);
#8170=ADVANCED_FACE('',(#7566),#7980,.T.);
#8171=ADVANCED_FACE('',(#7567),#7981,.T.);
#8172=ADVANCED_FACE('',(#7568),#7982,.T.);
#8173=ADVANCED_FACE('',(#7569),#7983,.T.);
#8174=ADVANCED_FACE('',(#7570),#118,.F.);
#8175=ADVANCED_FACE('',(#7571),#7984,.T.);
#8176=ADVANCED_FACE('',(#7572),#7985,.T.);
#8177=ADVANCED_FACE('',(#7573),#7986,.T.);
#8178=ADVANCED_FACE('',(#7574),#7987,.T.);
#8179=ADVANCED_FACE('',(#7575),#7988,.T.);
#8180=ADVANCED_FACE('',(#7576),#7989,.T.);
#8181=ADVANCED_FACE('',(#7577),#7990,.T.);
#8182=ADVANCED_FACE('',(#7578),#7991,.T.);
#8183=ADVANCED_FACE('',(#7579),#119,.F.);
#8184=ADVANCED_FACE('',(#7580,#7581),#7992,.T.);
#8185=ADVANCED_FACE('',(#7582),#7993,.T.);
#8186=ADVANCED_FACE('',(#7583),#7994,.T.);
#8187=ADVANCED_FACE('',(#7584),#7995,.T.);
#8188=ADVANCED_FACE('',(#7585),#47,.T.);
#8189=ADVANCED_FACE('',(#7586),#48,.T.);
#8190=ADVANCED_FACE('',(#7587),#49,.T.);
#8191=ADVANCED_FACE('',(#7588),#7996,.T.);
#8192=ADVANCED_FACE('',(#7589),#7997,.T.);
#8193=ADVANCED_FACE('',(#7590),#7998,.T.);
#8194=ADVANCED_FACE('',(#7591),#7999,.T.);
#8195=ADVANCED_FACE('',(#7592),#8000,.T.);
#8196=ADVANCED_FACE('',(#7593),#50,.T.);
#8197=ADVANCED_FACE('',(#7594),#51,.T.);
#8198=ADVANCED_FACE('',(#7595),#52,.T.);
#8199=ADVANCED_FACE('',(#7596),#8001,.T.);
#8200=ADVANCED_FACE('',(#7597),#8002,.T.);
#8201=ADVANCED_FACE('',(#7598),#8003,.T.);
#8202=ADVANCED_FACE('',(#7599),#53,.T.);
#8203=ADVANCED_FACE('',(#7600,#7601),#8004,.T.);
#8204=ADVANCED_FACE('',(#7602),#54,.T.);
#8205=ADVANCED_FACE('',(#7603),#55,.T.);
#8206=ADVANCED_FACE('',(#7604),#56,.T.);
#8207=ADVANCED_FACE('',(#7605),#57,.T.);
#8208=ADVANCED_FACE('',(#7606),#58,.T.);
#8209=ADVANCED_FACE('',(#7607),#59,.T.);
#8210=ADVANCED_FACE('',(#7608),#60,.T.);
#8211=ADVANCED_FACE('',(#7609),#61,.T.);
#8212=ADVANCED_FACE('',(#7610),#62,.T.);
#8213=ADVANCED_FACE('',(#7611),#8005,.T.);
#8214=ADVANCED_FACE('',(#7612),#120,.F.);
#8215=ADVANCED_FACE('',(#7613),#63,.T.);
#8216=ADVANCED_FACE('',(#7614),#64,.T.);
#8217=ADVANCED_FACE('',(#7615),#65,.T.);
#8218=ADVANCED_FACE('',(#7616),#66,.T.);
#8219=ADVANCED_FACE('',(#7617),#67,.T.);
#8220=ADVANCED_FACE('',(#7618),#68,.T.);
#8221=ADVANCED_FACE('',(#7619),#69,.T.);
#8222=ADVANCED_FACE('',(#7620),#70,.T.);
#8223=ADVANCED_FACE('',(#7621),#71,.T.);
#8224=ADVANCED_FACE('',(#7622),#121,.T.);
#8225=ADVANCED_FACE('',(#7623),#122,.T.);
#8226=ADVANCED_FACE('',(#7624),#8006,.T.);
#8227=ADVANCED_FACE('',(#7625),#72,.T.);
#8228=ADVANCED_FACE('',(#7626),#73,.T.);
#8229=ADVANCED_FACE('',(#7627),#8007,.T.);
#8230=ADVANCED_FACE('',(#7628),#8008,.T.);
#8231=ADVANCED_FACE('',(#7629),#8009,.T.);
#8232=ADVANCED_FACE('',(#7630),#8010,.T.);
#8233=ADVANCED_FACE('',(#7631),#123,.F.);
#8234=ADVANCED_FACE('',(#7632),#124,.F.);
#8235=ADVANCED_FACE('',(#7633),#125,.F.);
#8236=ADVANCED_FACE('',(#7634),#8011,.T.);
#8237=ADVANCED_FACE('',(#7635),#126,.T.);
#8238=ADVANCED_FACE('',(#7636),#127,.T.);
#8239=ADVANCED_FACE('',(#7637),#74,.T.);
#8240=ADVANCED_FACE('',(#7638),#128,.T.);
#8241=ADVANCED_FACE('',(#7639),#129,.T.);
#8242=ADVANCED_FACE('',(#7640),#130,.T.);
#8243=ADVANCED_FACE('',(#7641),#8012,.T.);
#8244=ADVANCED_FACE('',(#7642),#131,.F.);
#8245=ADVANCED_FACE('',(#7643),#132,.F.);
#8246=ADVANCED_FACE('',(#7644),#133,.F.);
#8247=ADVANCED_FACE('',(#7645),#134,.F.);
#8248=ADVANCED_FACE('',(#7646),#135,.F.);
#8249=ADVANCED_FACE('',(#7647),#8013,.T.);
#8250=ADVANCED_FACE('',(#7648),#136,.T.);
#8251=ADVANCED_FACE('',(#7649),#137,.T.);
#8252=ADVANCED_FACE('',(#7650),#138,.T.);
#8253=ADVANCED_FACE('',(#7651),#139,.T.);
#8254=ADVANCED_FACE('',(#7652),#140,.T.);
#8255=ADVANCED_FACE('',(#7653),#141,.T.);
#8256=ADVANCED_FACE('',(#7654),#8014,.T.);
#8257=ADVANCED_FACE('',(#7655),#142,.F.);
#8258=ADVANCED_FACE('',(#7656),#143,.F.);
#8259=ADVANCED_FACE('',(#7657),#144,.F.);
#8260=ADVANCED_FACE('',(#7658),#145,.F.);
#8261=ADVANCED_FACE('',(#7659),#146,.F.);
#8262=ADVANCED_FACE('',(#7660),#8015,.T.);
#8263=ADVANCED_FACE('',(#7661),#147,.F.);
#8264=ADVANCED_FACE('',(#7662),#75,.T.);
#8265=ADVANCED_FACE('',(#7663),#76,.T.);
#8266=ADVANCED_FACE('',(#7664),#77,.T.);
#8267=ADVANCED_FACE('',(#7665),#78,.T.);
#8268=ADVANCED_FACE('',(#7666),#148,.F.);
#8269=ADVANCED_FACE('',(#7667),#79,.T.);
#8270=ADVANCED_FACE('',(#7668),#8016,.T.);
#8271=ADVANCED_FACE('',(#7669),#149,.F.);
#8272=ADVANCED_FACE('',(#7670),#150,.F.);
#8273=ADVANCED_FACE('',(#7671),#151,.F.);
#8274=ADVANCED_FACE('',(#7672),#152,.F.);
#8275=ADVANCED_FACE('',(#7673),#8017,.T.);
#8276=ADVANCED_FACE('',(#7674),#153,.F.);
#8277=ADVANCED_FACE('',(#7675),#154,.F.);
#8278=ADVANCED_FACE('',(#7676),#8018,.T.);
#8279=ADVANCED_FACE('',(#7677),#155,.F.);
#8280=ADVANCED_FACE('',(#7678),#156,.F.);
#8281=ADVANCED_FACE('',(#7679),#8019,.T.);
#8282=ADVANCED_FACE('',(#7680),#157,.F.);
#8283=ADVANCED_FACE('',(#7681),#158,.F.);
#8284=ADVANCED_FACE('',(#7682),#159,.F.);
#8285=ADVANCED_FACE('',(#7683),#8020,.T.);
#8286=ADVANCED_FACE('',(#7684),#160,.F.);
#8287=ADVANCED_FACE('',(#7685),#161,.F.);
#8288=ADVANCED_FACE('',(#7686),#162,.F.);
#8289=ADVANCED_FACE('',(#7687),#163,.F.);
#8290=ADVANCED_FACE('',(#7688),#8021,.T.);
#8291=ADVANCED_FACE('',(#7689),#8022,.T.);
#8292=ADVANCED_FACE('',(#7690),#164,.F.);
#8293=ADVANCED_FACE('',(#7691),#165,.F.);
#8294=ADVANCED_FACE('',(#7692),#8023,.T.);
#8295=ADVANCED_FACE('',(#7693),#166,.F.);
#8296=ADVANCED_FACE('',(#7694),#167,.F.);
#8297=ADVANCED_FACE('',(#7695),#168,.F.);
#8298=ADVANCED_FACE('',(#7696),#8024,.T.);
#8299=ADVANCED_FACE('',(#7697),#169,.T.);
#8300=ADVANCED_FACE('',(#7698),#170,.T.);
#8301=ADVANCED_FACE('',(#7699),#80,.T.);
#8302=ADVANCED_FACE('',(#7700),#171,.T.);
#8303=ADVANCED_FACE('',(#7701),#172,.T.);
#8304=ADVANCED_FACE('',(#7702),#173,.T.);
#8305=ADVANCED_FACE('',(#7703),#8025,.T.);
#8306=ADVANCED_FACE('',(#7704),#174,.F.);
#8307=ADVANCED_FACE('',(#7705),#175,.F.);
#8308=ADVANCED_FACE('',(#7706),#176,.F.);
#8309=ADVANCED_FACE('',(#7707),#177,.F.);
#8310=ADVANCED_FACE('',(#7708),#178,.F.);
#8311=ADVANCED_FACE('',(#7709),#8026,.T.);
#8312=ADVANCED_FACE('',(#7710),#179,.T.);
#8313=ADVANCED_FACE('',(#7711),#180,.T.);
#8314=ADVANCED_FACE('',(#7712),#181,.T.);
#8315=ADVANCED_FACE('',(#7713),#182,.T.);
#8316=ADVANCED_FACE('',(#7714),#183,.T.);
#8317=ADVANCED_FACE('',(#7715),#184,.T.);
#8318=ADVANCED_FACE('',(#7716),#8027,.T.);
#8319=ADVANCED_FACE('',(#7717),#185,.F.);
#8320=ADVANCED_FACE('',(#7718),#186,.F.);
#8321=ADVANCED_FACE('',(#7719),#187,.F.);
#8322=ADVANCED_FACE('',(#7720),#188,.F.);
#8323=ADVANCED_FACE('',(#7721),#189,.F.);
#8324=ADVANCED_FACE('',(#7722),#8028,.T.);
#8325=ADVANCED_FACE('',(#7723),#190,.F.);
#8326=ADVANCED_FACE('',(#7724),#81,.T.);
#8327=ADVANCED_FACE('',(#7725),#82,.T.);
#8328=ADVANCED_FACE('',(#7726),#83,.T.);
#8329=ADVANCED_FACE('',(#7727),#84,.T.);
#8330=ADVANCED_FACE('',(#7728),#191,.F.);
#8331=ADVANCED_FACE('',(#7729),#85,.T.);
#8332=ADVANCED_FACE('',(#7730),#8029,.T.);
#8333=ADVANCED_FACE('',(#7731),#192,.F.);
#8334=ADVANCED_FACE('',(#7732),#193,.F.);
#8335=ADVANCED_FACE('',(#7733),#194,.F.);
#8336=ADVANCED_FACE('',(#7734),#195,.F.);
#8337=ADVANCED_FACE('',(#7735),#8030,.T.);
#8338=ADVANCED_FACE('',(#7736),#196,.F.);
#8339=ADVANCED_FACE('',(#7737),#197,.F.);
#8340=ADVANCED_FACE('',(#7738),#8031,.T.);
#8341=ADVANCED_FACE('',(#7739),#198,.F.);
#8342=ADVANCED_FACE('',(#7740),#8032,.T.);
#8343=ADVANCED_FACE('',(#7741),#199,.F.);
#8344=ADVANCED_FACE('',(#7742),#200,.F.);
#8345=ADVANCED_FACE('',(#7743),#201,.F.);
#8346=ADVANCED_FACE('',(#7744),#202,.F.);
#8347=ADVANCED_FACE('',(#7745),#8033,.T.);
#8348=ADVANCED_FACE('',(#7746),#8034,.T.);
#8349=ADVANCED_FACE('',(#7747),#203,.F.);
#8350=ADVANCED_FACE('',(#7748),#204,.F.);
#8351=ADVANCED_FACE('',(#7749),#205,.F.);
#8352=ADVANCED_FACE('',(#7750),#8035,.T.);
#8353=ADVANCED_FACE('',(#7751),#206,.F.);
#8354=ADVANCED_FACE('',(#7752),#207,.F.);
#8355=ADVANCED_FACE('',(#7753),#208,.F.);
#8356=ADVANCED_FACE('',(#7754),#209,.F.);
#8357=ADVANCED_FACE('',(#7755),#210,.F.);
#8358=ADVANCED_FACE('',(#7756),#8036,.T.);
#8359=ADVANCED_FACE('',(#7757),#8037,.T.);
#8360=ADVANCED_FACE('',(#7758),#8038,.T.);
#8361=ADVANCED_FACE('',(#7759),#211,.F.);
#8362=ADVANCED_FACE('',(#7760),#212,.F.);
#8363=ADVANCED_FACE('',(#7761),#213,.F.);
#8364=ADVANCED_FACE('',(#7762),#8039,.T.);
#8365=ADVANCED_FACE('',(#7763),#214,.F.);
#8366=ADVANCED_FACE('',(#7764),#215,.F.);
#8367=ADVANCED_FACE('',(#7765),#216,.F.);
#8368=ADVANCED_FACE('',(#7766),#8040,.T.);
#8369=ADVANCED_FACE('',(#7767),#217,.T.);
#8370=ADVANCED_FACE('',(#7768),#218,.T.);
#8371=ADVANCED_FACE('',(#7769),#86,.T.);
#8372=ADVANCED_FACE('',(#7770),#219,.T.);
#8373=ADVANCED_FACE('',(#7771),#220,.T.);
#8374=ADVANCED_FACE('',(#7772),#221,.T.);
#8375=ADVANCED_FACE('',(#7773),#8041,.T.);
#8376=ADVANCED_FACE('',(#7774),#222,.F.);
#8377=ADVANCED_FACE('',(#7775),#223,.F.);
#8378=ADVANCED_FACE('',(#7776),#224,.F.);
#8379=ADVANCED_FACE('',(#7777),#225,.F.);
#8380=ADVANCED_FACE('',(#7778),#226,.F.);
#8381=ADVANCED_FACE('',(#7779),#8042,.T.);
#8382=ADVANCED_FACE('',(#7780),#227,.T.);
#8383=ADVANCED_FACE('',(#7781),#228,.T.);
#8384=ADVANCED_FACE('',(#7782),#87,.T.);
#8385=ADVANCED_FACE('',(#7783),#229,.T.);
#8386=ADVANCED_FACE('',(#7784),#230,.T.);
#8387=ADVANCED_FACE('',(#7785),#231,.T.);
#8388=ADVANCED_FACE('',(#7786),#8043,.T.);
#8389=ADVANCED_FACE('',(#7787),#232,.F.);
#8390=ADVANCED_FACE('',(#7788),#233,.F.);
#8391=ADVANCED_FACE('',(#7789),#234,.F.);
#8392=ADVANCED_FACE('',(#7790),#235,.F.);
#8393=ADVANCED_FACE('',(#7791),#236,.F.);
#8394=ADVANCED_FACE('',(#7792),#8044,.T.);
#8395=ADVANCED_FACE('',(#7793),#237,.F.);
#8396=ADVANCED_FACE('',(#7794),#88,.T.);
#8397=ADVANCED_FACE('',(#7795),#89,.T.);
#8398=ADVANCED_FACE('',(#7796),#90,.T.);
#8399=ADVANCED_FACE('',(#7797),#91,.T.);
#8400=ADVANCED_FACE('',(#7798),#238,.F.);
#8401=ADVANCED_FACE('',(#7799),#92,.T.);
#8402=ADVANCED_FACE('',(#7800),#8045,.T.);
#8403=ADVANCED_FACE('',(#7801),#239,.F.);
#8404=ADVANCED_FACE('',(#7802),#240,.F.);
#8405=ADVANCED_FACE('',(#7803),#241,.F.);
#8406=ADVANCED_FACE('',(#7804),#242,.F.);
#8407=ADVANCED_FACE('',(#7805),#8046,.T.);
#8408=ADVANCED_FACE('',(#7806),#243,.F.);
#8409=ADVANCED_FACE('',(#7807),#244,.F.);
#8410=ADVANCED_FACE('',(#7808),#8047,.T.);
#8411=ADVANCED_FACE('',(#7809),#245,.F.);
#8412=ADVANCED_FACE('',(#7810),#246,.F.);
#8413=ADVANCED_FACE('',(#7811),#247,.F.);
#8414=ADVANCED_FACE('',(#7812),#8048,.T.);
#8415=ADVANCED_FACE('',(#7813),#248,.T.);
#8416=ADVANCED_FACE('',(#7814),#249,.T.);
#8417=ADVANCED_FACE('',(#7815),#93,.T.);
#8418=ADVANCED_FACE('',(#7816),#250,.T.);
#8419=ADVANCED_FACE('',(#7817),#251,.T.);
#8420=ADVANCED_FACE('',(#7818),#252,.T.);
#8421=ADVANCED_FACE('',(#7819),#8049,.T.);
#8422=ADVANCED_FACE('',(#7820),#253,.F.);
#8423=ADVANCED_FACE('',(#7821),#254,.F.);
#8424=ADVANCED_FACE('',(#7822),#255,.F.);
#8425=ADVANCED_FACE('',(#7823),#256,.F.);
#8426=ADVANCED_FACE('',(#7824),#257,.F.);
#8427=ADVANCED_FACE('',(#7825),#8050,.T.);
#8428=ADVANCED_FACE('',(#7826),#258,.T.);
#8429=ADVANCED_FACE('',(#7827),#259,.T.);
#8430=ADVANCED_FACE('',(#7828),#94,.T.);
#8431=ADVANCED_FACE('',(#7829),#260,.T.);
#8432=ADVANCED_FACE('',(#7830),#261,.T.);
#8433=ADVANCED_FACE('',(#7831),#262,.T.);
#8434=ADVANCED_FACE('',(#7832),#8051,.T.);
#8435=ADVANCED_FACE('',(#7833),#263,.F.);
#8436=ADVANCED_FACE('',(#7834),#264,.F.);
#8437=ADVANCED_FACE('',(#7835),#265,.F.);
#8438=ADVANCED_FACE('',(#7836),#266,.F.);
#8439=ADVANCED_FACE('',(#7837),#267,.F.);
#8440=ADVANCED_FACE('',(#7838),#8052,.T.);
#8441=ADVANCED_FACE('',(#7839),#268,.F.);
#8442=ADVANCED_FACE('',(#7840),#95,.T.);
#8443=ADVANCED_FACE('',(#7841),#96,.T.);
#8444=ADVANCED_FACE('',(#7842),#97,.T.);
#8445=ADVANCED_FACE('',(#7843),#98,.T.);
#8446=ADVANCED_FACE('',(#7844),#269,.F.);
#8447=ADVANCED_FACE('',(#7845),#99,.T.);
#8448=ADVANCED_FACE('',(#7846),#8053,.T.);
#8449=ADVANCED_FACE('',(#7847),#270,.F.);
#8450=ADVANCED_FACE('',(#7848),#271,.F.);
#8451=ADVANCED_FACE('',(#7849),#272,.F.);
#8452=ADVANCED_FACE('',(#7850),#273,.F.);
#8453=ADVANCED_FACE('',(#7851),#8054,.T.);
#8454=ADVANCED_FACE('',(#7852),#274,.F.);
#8455=ADVANCED_FACE('',(#7853),#275,.F.);
#8456=ADVANCED_FACE('',(#7854),#8055,.T.);
#8457=ADVANCED_FACE('',(#7855),#276,.F.);
#8458=ADVANCED_FACE('',(#7856),#277,.F.);
#8459=ADVANCED_FACE('',(#7857),#278,.F.);
#8460=ADVANCED_FACE('',(#7858),#279,.F.);
#8461=ADVANCED_FACE('',(#7859),#280,.F.);
#8462=ADVANCED_FACE('',(#7860),#281,.F.);
#8463=ADVANCED_FACE('',(#7861),#282,.F.);
#8464=ADVANCED_FACE('',(#7862),#283,.F.);
#8465=ADVANCED_FACE('',(#7863),#284,.F.);
#8466=ADVANCED_FACE('',(#7864),#100,.T.);
#8467=ADVANCED_FACE('',(#7865),#285,.F.);
#8468=ADVANCED_FACE('',(#7866),#286,.F.);
#8469=ADVANCED_FACE('',(#7867),#287,.F.);
#8470=ADVANCED_FACE('',(#7868),#288,.F.);
#8471=ADVANCED_FACE('',(#7869),#289,.F.);
#8472=ADVANCED_FACE('',(#7870),#290,.F.);
#8473=ADVANCED_FACE('',(#7871),#291,.F.);
#8474=ADVANCED_FACE('',(#7872),#292,.F.);
#8475=ADVANCED_FACE('',(#7873),#8056,.T.);
#8476=ADVANCED_FACE('',(#7874),#293,.T.);
#8477=ADVANCED_FACE('',(#7875),#294,.T.);
#8478=ADVANCED_FACE('',(#7876),#101,.T.);
#8479=ADVANCED_FACE('',(#7877),#102,.T.);
#8480=ADVANCED_FACE('',(#7878),#103,.T.);
#8481=ADVANCED_FACE('',(#7879),#295,.T.);
#8482=ADVANCED_FACE('',(#7880),#296,.T.);
#8483=ADVANCED_FACE('',(#7881),#297,.F.);
#8484=ADVANCED_FACE('',(#7882),#298,.F.);
#8485=ADVANCED_FACE('',(#7883),#299,.F.);
#8486=ADVANCED_FACE('',(#7884),#300,.F.);
#8487=ADVANCED_FACE('',(#7885),#301,.T.);
#8488=ADVANCED_FACE('',(#7886),#302,.T.);
#8489=ADVANCED_FACE('',(#7887),#303,.T.);
#8490=ADVANCED_FACE('',(#7888),#304,.T.);
#8491=ADVANCED_FACE('',(#7889),#305,.T.);
#8492=ADVANCED_FACE('',(#7890),#306,.T.);
#8493=ADVANCED_FACE('',(#7891),#104,.T.);
#8494=ADVANCED_FACE('',(#7892),#307,.T.);
#8495=ADVANCED_FACE('',(#7893),#308,.F.);
#8496=ADVANCED_FACE('',(#7894),#309,.F.);
#8497=ADVANCED_FACE('',(#7895),#310,.F.);
#8498=ADVANCED_FACE('',(#7896),#311,.F.);
#8499=ADVANCED_FACE('',(#7897),#312,.F.);
#8500=ADVANCED_FACE('',(#7898),#8057,.T.);
#8501=ADVANCED_FACE('',(#7899),#313,.F.);
#8502=ADVANCED_FACE('',(#7900),#8058,.T.);
#8503=ADVANCED_FACE('',(#7901),#314,.F.);
#8504=ADVANCED_FACE('',(#7902),#315,.F.);
#8505=ADVANCED_FACE('',(#7903),#316,.F.);
#8506=ADVANCED_FACE('',(#7904),#317,.F.);
#8507=ADVANCED_FACE('',(#7905),#8059,.T.);
#8508=ADVANCED_FACE('',(#7906),#8060,.T.);
#8509=ADVANCED_FACE('',(#7907),#318,.F.);
#8510=ADVANCED_FACE('',(#7908),#319,.F.);
#8511=ADVANCED_FACE('',(#7909),#105,.T.);
#8512=ADVANCED_FACE('',(#7910),#8061,.T.);
#8513=ADVANCED_FACE('',(#7911),#320,.F.);
#8514=ADVANCED_FACE('',(#7912),#321,.F.);
#8515=ADVANCED_FACE('',(#7913),#322,.F.);
#8516=ADVANCED_FACE('',(#7914),#323,.F.);
#8517=ADVANCED_FACE('',(#7915),#324,.F.);
#8518=ADVANCED_FACE('',(#7916),#8062,.T.);
#8519=ADVANCED_FACE('',(#7917),#8063,.T.);
#8520=ADVANCED_FACE('',(#7918),#8064,.T.);
#8521=ADVANCED_FACE('',(#7919),#325,.F.);
#8522=ADVANCED_FACE('',(#7920),#326,.F.);
#8523=ADVANCED_FACE('',(#7921),#327,.F.);
#8524=ADVANCED_FACE('',(#7922),#8065,.T.);
#8525=CLOSED_SHELL('',(#8066,#8067,#8068,#8069,#8070,#8071,#8072,#8073,
#8074,#8075,#8076,#8077,#8078,#8079,#8080,#8081,#8082,#8083,#8084,#8085,
#8086,#8087,#8088,#8089,#8090,#8091,#8092,#8093,#8094,#8095,#8096,#8097,
#8098,#8099,#8100,#8101,#8102,#8103,#8104,#8105,#8106,#8107,#8108,#8109,
#8110,#8111,#8112,#8113,#8114,#8115,#8116,#8117,#8118,#8119,#8120,#8121,
#8122,#8123,#8124,#8125,#8126,#8127,#8128,#8129,#8130,#8131,#8132,#8133,
#8134,#8135,#8136,#8137,#8138,#8139,#8140,#8141,#8142,#8143,#8144,#8145,
#8146,#8147,#8148,#8149,#8150,#8151,#8152,#8153,#8154,#8155,#8156,#8157,
#8158,#8159,#8160,#8161,#8162,#8163,#8164,#8165,#8166,#8167,#8168,#8169,
#8170,#8171,#8172,#8173,#8174,#8175,#8176,#8177,#8178,#8179,#8180,#8181,
#8182,#8183,#8184,#8185,#8186,#8187,#8188,#8189,#8190,#8191,#8192,#8193,
#8194,#8195,#8196,#8197,#8198,#8199,#8200,#8201,#8202,#8203,#8204,#8205,
#8206,#8207,#8208,#8209,#8210,#8211,#8212,#8213,#8214,#8215,#8216,#8217,
#8218,#8219,#8220,#8221,#8222,#8223,#8224,#8225,#8226,#8227,#8228,#8229,
#8230,#8231,#8232,#8233,#8234,#8235,#8236,#8237,#8238,#8239,#8240,#8241,
#8242,#8243,#8244,#8245,#8246,#8247,#8248,#8249,#8250,#8251,#8252,#8253,
#8254,#8255,#8256,#8257,#8258,#8259,#8260,#8261,#8262,#8263,#8264,#8265,
#8266,#8267,#8268,#8269,#8270,#8271,#8272,#8273,#8274,#8275,#8276,#8277,
#8278,#8279,#8280,#8281,#8282,#8283,#8284,#8285,#8286,#8287,#8288,#8289,
#8290,#8291,#8292,#8293,#8294,#8295,#8296,#8297,#8298,#8299,#8300,#8301,
#8302,#8303,#8304,#8305,#8306,#8307,#8308,#8309,#8310,#8311,#8312,#8313,
#8314,#8315,#8316,#8317,#8318,#8319,#8320,#8321,#8322,#8323,#8324,#8325,
#8326,#8327,#8328,#8329,#8330,#8331,#8332,#8333,#8334,#8335,#8336,#8337,
#8338,#8339,#8340,#8341,#8342,#8343,#8344,#8345,#8346,#8347,#8348,#8349,
#8350,#8351,#8352,#8353,#8354,#8355,#8356,#8357,#8358,#8359,#8360,#8361,
#8362,#8363,#8364,#8365,#8366,#8367,#8368,#8369,#8370,#8371,#8372,#8373,
#8374,#8375,#8376,#8377,#8378,#8379,#8380,#8381,#8382,#8383,#8384,#8385,
#8386,#8387,#8388,#8389,#8390,#8391,#8392,#8393,#8394,#8395,#8396,#8397,
#8398,#8399,#8400,#8401,#8402,#8403,#8404,#8405,#8406,#8407,#8408,#8409,
#8410,#8411,#8412,#8413,#8414,#8415,#8416,#8417,#8418,#8419,#8420,#8421,
#8422,#8423,#8424,#8425,#8426,#8427,#8428,#8429,#8430,#8431,#8432,#8433,
#8434,#8435,#8436,#8437,#8438,#8439,#8440,#8441,#8442,#8443,#8444,#8445,
#8446,#8447,#8448,#8449,#8450,#8451,#8452,#8453,#8454,#8455,#8456,#8457,
#8458,#8459,#8460,#8461,#8462,#8463,#8464,#8465,#8466,#8467,#8468,#8469,
#8470,#8471,#8472,#8473,#8474,#8475,#8476,#8477,#8478,#8479,#8480,#8481,
#8482,#8483,#8484,#8485,#8486,#8487,#8488,#8489,#8490,#8491,#8492,#8493,
#8494,#8495,#8496,#8497,#8498,#8499,#8500,#8501,#8502,#8503,#8504,#8505,
#8506,#8507,#8508,#8509,#8510,#8511,#8512,#8513,#8514,#8515,#8516,#8517,
#8518,#8519,#8520,#8521,#8522,#8523,#8524));
#8526=STYLED_ITEM('',(#8527),#8534);
#8527=PRESENTATION_STYLE_ASSIGNMENT((#8528));
#8528=SURFACE_STYLE_USAGE(.BOTH.,#8529);
#8529=SURFACE_SIDE_STYLE('',(#8530));
#8530=SURFACE_STYLE_FILL_AREA(#8531);
#8531=FILL_AREA_STYLE('',(#8532));
#8532=FILL_AREA_STYLE_COLOUR('',#8533);
#8533=COLOUR_RGB('',0.615686274509804,0.811764705882353,0.929411764705882);
#8534=MANIFOLD_SOLID_BREP('Part 1',#8525);
#8535=SHAPE_DEFINITION_REPRESENTATION(#15951,#8536);
#8536=SHAPE_REPRESENTATION('Part 1',(#8537),#15946);
#8537=AXIS2_PLACEMENT_3D('',#11572,#9337,#9338);
#8538=AXIS2_PLACEMENT_3D('',#11573,#9339,#9340);
#8539=AXIS2_PLACEMENT_3D('',#11614,#9341,#9342);
#8540=AXIS2_PLACEMENT_3D('',#11617,#9343,#9344);
#8541=AXIS2_PLACEMENT_3D('',#11619,#9345,#9346);
#8542=AXIS2_PLACEMENT_3D('',#11621,#9347,#9348);
#8543=AXIS2_PLACEMENT_3D('',#11625,#9350,#9351);
#8544=AXIS2_PLACEMENT_3D('',#11627,#9352,#9353);
#8545=AXIS2_PLACEMENT_3D('',#11629,#9354,#9355);
#8546=AXIS2_PLACEMENT_3D('',#11631,#9356,#9357);
#8547=AXIS2_PLACEMENT_3D('',#11639,#9359,#9360);
#8548=AXIS2_PLACEMENT_3D('',#11657,#9361,#9362);
#8549=AXIS2_PLACEMENT_3D('',#11661,#9364,#9365);
#8550=AXIS2_PLACEMENT_3D('',#11663,#9366,#9367);
#8551=AXIS2_PLACEMENT_3D('',#11665,#9368,#9369);
#8552=AXIS2_PLACEMENT_3D('',#11667,#9370,#9371);
#8553=AXIS2_PLACEMENT_3D('',#11669,#9372,#9373);
#8554=AXIS2_PLACEMENT_3D('',#11673,#9375,#9376);
#8555=AXIS2_PLACEMENT_3D('',#11675,#9377,#9378);
#8556=AXIS2_PLACEMENT_3D('',#11677,#9379,#9380);
#8557=AXIS2_PLACEMENT_3D('',#11683,#9381,#9382);
#8558=AXIS2_PLACEMENT_3D('',#11685,#9383,#9384);
#8559=AXIS2_PLACEMENT_3D('',#11689,#9386,#9387);
#8560=AXIS2_PLACEMENT_3D('',#11691,#9388,#9389);
#8561=AXIS2_PLACEMENT_3D('',#11693,#9390,#9391);
#8562=AXIS2_PLACEMENT_3D('',#11695,#9392,#9393);
#8563=AXIS2_PLACEMENT_3D('',#11697,#9394,#9395);
#8564=AXIS2_PLACEMENT_3D('',#11701,#9397,#9398);
#8565=AXIS2_PLACEMENT_3D('',#11703,#9399,#9400);
#8566=AXIS2_PLACEMENT_3D('',#11705,#9401,#9402);
#8567=AXIS2_PLACEMENT_3D('',#11711,#9403,#9404);
#8568=AXIS2_PLACEMENT_3D('',#11713,#9405,#9406);
#8569=AXIS2_PLACEMENT_3D('',#11717,#9408,#9409);
#8570=AXIS2_PLACEMENT_3D('',#11718,#9410,#9411);
#8571=AXIS2_PLACEMENT_3D('',#11721,#9412,#9413);
#8572=AXIS2_PLACEMENT_3D('',#11723,#9414,#9415);
#8573=AXIS2_PLACEMENT_3D('',#11725,#9416,#9417);
#8574=AXIS2_PLACEMENT_3D('',#11729,#9419,#9420);
#8575=AXIS2_PLACEMENT_3D('',#11731,#9421,#9422);
#8576=AXIS2_PLACEMENT_3D('',#11733,#9423,#9424);
#8577=AXIS2_PLACEMENT_3D('',#11735,#9425,#9426);
#8578=AXIS2_PLACEMENT_3D('',#11743,#9428,#9429);
#8579=AXIS2_PLACEMENT_3D('',#11761,#9430,#9431);
#8580=AXIS2_PLACEMENT_3D('',#11765,#9433,#9434);
#8581=AXIS2_PLACEMENT_3D('',#11767,#9435,#9436);
#8582=AXIS2_PLACEMENT_3D('',#11769,#9437,#9438);
#8583=AXIS2_PLACEMENT_3D('',#11771,#9439,#9440);
#8584=AXIS2_PLACEMENT_3D('',#11773,#9441,#9442);
#8585=AXIS2_PLACEMENT_3D('',#11777,#9444,#9445);
#8586=AXIS2_PLACEMENT_3D('',#11779,#9446,#9447);
#8587=AXIS2_PLACEMENT_3D('',#11781,#9448,#9449);
#8588=AXIS2_PLACEMENT_3D('',#11787,#9450,#9451);
#8589=AXIS2_PLACEMENT_3D('',#11789,#9452,#9453);
#8590=AXIS2_PLACEMENT_3D('',#11793,#9455,#9456);
#8591=AXIS2_PLACEMENT_3D('',#11795,#9457,#9458);
#8592=AXIS2_PLACEMENT_3D('',#11797,#9459,#9460);
#8593=AXIS2_PLACEMENT_3D('',#11799,#9461,#9462);
#8594=AXIS2_PLACEMENT_3D('',#11801,#9463,#9464);
#8595=AXIS2_PLACEMENT_3D('',#11805,#9466,#9467);
#8596=AXIS2_PLACEMENT_3D('',#11807,#9468,#9469);
#8597=AXIS2_PLACEMENT_3D('',#11809,#9470,#9471);
#8598=AXIS2_PLACEMENT_3D('',#11815,#9472,#9473);
#8599=AXIS2_PLACEMENT_3D('',#11817,#9474,#9475);
#8600=AXIS2_PLACEMENT_3D('',#11821,#9477,#9478);
#8601=AXIS2_PLACEMENT_3D('',#11822,#9479,#9480);
#8602=AXIS2_PLACEMENT_3D('',#11825,#9481,#9482);
#8603=AXIS2_PLACEMENT_3D('',#11827,#9483,#9484);
#8604=AXIS2_PLACEMENT_3D('',#11829,#9485,#9486);
#8605=AXIS2_PLACEMENT_3D('',#11831,#9487,#9488);
#8606=AXIS2_PLACEMENT_3D('',#11833,#9489,#9490);
#8607=AXIS2_PLACEMENT_3D('',#11835,#9491,#9492);
#8608=AXIS2_PLACEMENT_3D('',#11837,#9493,#9494);
#8609=AXIS2_PLACEMENT_3D('',#11843,#9495,#9496);
#8610=AXIS2_PLACEMENT_3D('',#11845,#9497,#9498);
#8611=AXIS2_PLACEMENT_3D('',#11847,#9499,#9500);
#8612=AXIS2_PLACEMENT_3D('',#11849,#9501,#9502);
#8613=AXIS2_PLACEMENT_3D('',#11851,#9503,#9504);
#8614=AXIS2_PLACEMENT_3D('',#11853,#9505,#9506);
#8615=AXIS2_PLACEMENT_3D('',#11855,#9507,#9508);
#8616=AXIS2_PLACEMENT_3D('',#11857,#9509,#9510);
#8617=AXIS2_PLACEMENT_3D('',#11859,#9511,#9512);
#8618=AXIS2_PLACEMENT_3D('',#11861,#9513,#9514);
#8619=AXIS2_PLACEMENT_3D('',#11863,#9515,#9516);
#8620=AXIS2_PLACEMENT_3D('',#11865,#9517,#9518);
#8621=AXIS2_PLACEMENT_3D('',#11879,#9519,#9520);
#8622=AXIS2_PLACEMENT_3D('',#11881,#9521,#9522);
#8623=AXIS2_PLACEMENT_3D('',#11885,#9524,#9525);
#8624=AXIS2_PLACEMENT_3D('',#11887,#9526,#9527);
#8625=AXIS2_PLACEMENT_3D('',#11889,#9528,#9529);
#8626=AXIS2_PLACEMENT_3D('',#11891,#9530,#9531);
#8627=AXIS2_PLACEMENT_3D('',#11893,#9532,#9533);
#8628=AXIS2_PLACEMENT_3D('',#11895,#9534,#9535);
#8629=AXIS2_PLACEMENT_3D('',#11897,#9536,#9537);
#8630=AXIS2_PLACEMENT_3D('',#11909,#9538,#9539);
#8631=AXIS2_PLACEMENT_3D('',#11911,#9540,#9541);
#8632=AXIS2_PLACEMENT_3D('',#11913,#9542,#9543);
#8633=AXIS2_PLACEMENT_3D('',#11915,#9544,#9545);
#8634=AXIS2_PLACEMENT_3D('',#11917,#9546,#9547);
#8635=AXIS2_PLACEMENT_3D('',#11919,#9548,#9549);
#8636=AXIS2_PLACEMENT_3D('',#11921,#9550,#9551);
#8637=AXIS2_PLACEMENT_3D('',#11925,#9553,#9554);
#8638=AXIS2_PLACEMENT_3D('',#11927,#9555,#9556);
#8639=AXIS2_PLACEMENT_3D('',#11929,#9557,#9558);
#8640=AXIS2_PLACEMENT_3D('',#11931,#9559,#9560);
#8641=AXIS2_PLACEMENT_3D('',#11939,#9564,#9565);
#8642=AXIS2_PLACEMENT_3D('',#11941,#9566,#9567);
#8643=AXIS2_PLACEMENT_3D('',#11943,#9568,#9569);
#8644=AXIS2_PLACEMENT_3D('',#11945,#9570,#9571);
#8645=AXIS2_PLACEMENT_3D('',#11947,#9572,#9573);
#8646=AXIS2_PLACEMENT_3D('',#11955,#9575,#9576);
#8647=AXIS2_PLACEMENT_3D('',#11957,#9577,#9578);
#8648=AXIS2_PLACEMENT_3D('',#11963,#9581,#9582);
#8649=AXIS2_PLACEMENT_3D('',#11965,#9583,#9584);
#8650=AXIS2_PLACEMENT_3D('',#11967,#9585,#9586);
#8651=AXIS2_PLACEMENT_3D('',#11969,#9587,#9588);
#8652=AXIS2_PLACEMENT_3D('',#11970,#9589,#9590);
#8653=AXIS2_PLACEMENT_3D('',#12011,#9591,#9592);
#8654=AXIS2_PLACEMENT_3D('',#12014,#9593,#9594);
#8655=AXIS2_PLACEMENT_3D('',#12016,#9595,#9596);
#8656=AXIS2_PLACEMENT_3D('',#12018,#9597,#9598);
#8657=AXIS2_PLACEMENT_3D('',#12022,#9600,#9601);
#8658=AXIS2_PLACEMENT_3D('',#12024,#9602,#9603);
#8659=AXIS2_PLACEMENT_3D('',#12026,#9604,#9605);
#8660=AXIS2_PLACEMENT_3D('',#12028,#9606,#9607);
#8661=AXIS2_PLACEMENT_3D('',#12036,#9609,#9610);
#8662=AXIS2_PLACEMENT_3D('',#12054,#9611,#9612);
#8663=AXIS2_PLACEMENT_3D('',#12058,#9614,#9615);
#8664=AXIS2_PLACEMENT_3D('',#12060,#9616,#9617);
#8665=AXIS2_PLACEMENT_3D('',#12062,#9618,#9619);
#8666=AXIS2_PLACEMENT_3D('',#12064,#9620,#9621);
#8667=AXIS2_PLACEMENT_3D('',#12066,#9622,#9623);
#8668=AXIS2_PLACEMENT_3D('',#12070,#9625,#9626);
#8669=AXIS2_PLACEMENT_3D('',#12072,#9627,#9628);
#8670=AXIS2_PLACEMENT_3D('',#12074,#9629,#9630);
#8671=AXIS2_PLACEMENT_3D('',#12076,#9631,#9632);
#8672=AXIS2_PLACEMENT_3D('',#12078,#9633,#9634);
#8673=AXIS2_PLACEMENT_3D('',#12080,#9635,#9636);
#8674=AXIS2_PLACEMENT_3D('',#12084,#9638,#9639);
#8675=AXIS2_PLACEMENT_3D('',#12086,#9640,#9641);
#8676=AXIS2_PLACEMENT_3D('',#12088,#9642,#9643);
#8677=AXIS2_PLACEMENT_3D('',#12090,#9644,#9645);
#8678=AXIS2_PLACEMENT_3D('',#12092,#9646,#9647);
#8679=AXIS2_PLACEMENT_3D('',#12096,#9649,#9650);
#8680=AXIS2_PLACEMENT_3D('',#12098,#9651,#9652);
#8681=AXIS2_PLACEMENT_3D('',#12100,#9653,#9654);
#8682=AXIS2_PLACEMENT_3D('',#12106,#9655,#9656);
#8683=AXIS2_PLACEMENT_3D('',#12108,#9657,#9658);
#8684=AXIS2_PLACEMENT_3D('',#12112,#9660,#9661);
#8685=AXIS2_PLACEMENT_3D('',#12113,#9662,#9663);
#8686=AXIS2_PLACEMENT_3D('',#12116,#9664,#9665);
#8687=AXIS2_PLACEMENT_3D('',#12118,#9666,#9667);
#8688=AXIS2_PLACEMENT_3D('',#12120,#9668,#9669);
#8689=AXIS2_PLACEMENT_3D('',#12126,#9672,#9673);
#8690=AXIS2_PLACEMENT_3D('',#12128,#9674,#9675);
#8691=AXIS2_PLACEMENT_3D('',#12130,#9676,#9677);
#8692=AXIS2_PLACEMENT_3D('',#12132,#9678,#9679);
#8693=AXIS2_PLACEMENT_3D('',#12136,#9681,#9682);
#8694=AXIS2_PLACEMENT_3D('',#12138,#9683,#9684);
#8695=AXIS2_PLACEMENT_3D('',#12140,#9685,#9686);
#8696=AXIS2_PLACEMENT_3D('',#12143,#9688,#9689);
#8697=AXIS2_PLACEMENT_3D('',#12146,#9690,#9691);
#8698=AXIS2_PLACEMENT_3D('',#12148,#9692,#9693);
#8699=AXIS2_PLACEMENT_3D('',#12150,#9694,#9695);
#8700=AXIS2_PLACEMENT_3D('',#12154,#9697,#9698);
#8701=AXIS2_PLACEMENT_3D('',#12156,#9699,#9700);
#8702=AXIS2_PLACEMENT_3D('',#12158,#9701,#9702);
#8703=AXIS2_PLACEMENT_3D('',#12160,#9703,#9704);
#8704=AXIS2_PLACEMENT_3D('',#12168,#9706,#9707);
#8705=AXIS2_PLACEMENT_3D('',#12186,#9708,#9709);
#8706=AXIS2_PLACEMENT_3D('',#12190,#9711,#9712);
#8707=AXIS2_PLACEMENT_3D('',#12192,#9713,#9714);
#8708=AXIS2_PLACEMENT_3D('',#12194,#9715,#9716);
#8709=AXIS2_PLACEMENT_3D('',#12196,#9717,#9718);
#8710=AXIS2_PLACEMENT_3D('',#12198,#9719,#9720);
#8711=AXIS2_PLACEMENT_3D('',#12202,#9722,#9723);
#8712=AXIS2_PLACEMENT_3D('',#12204,#9724,#9725);
#8713=AXIS2_PLACEMENT_3D('',#12206,#9726,#9727);
#8714=AXIS2_PLACEMENT_3D('',#12208,#9728,#9729);
#8715=AXIS2_PLACEMENT_3D('',#12210,#9730,#9731);
#8716=AXIS2_PLACEMENT_3D('',#12212,#9732,#9733);
#8717=AXIS2_PLACEMENT_3D('',#12216,#9735,#9736);
#8718=AXIS2_PLACEMENT_3D('',#12218,#9737,#9738);
#8719=AXIS2_PLACEMENT_3D('',#12220,#9739,#9740);
#8720=AXIS2_PLACEMENT_3D('',#12222,#9741,#9742);
#8721=AXIS2_PLACEMENT_3D('',#12224,#9743,#9744);
#8722=AXIS2_PLACEMENT_3D('',#12228,#9746,#9747);
#8723=AXIS2_PLACEMENT_3D('',#12230,#9748,#9749);
#8724=AXIS2_PLACEMENT_3D('',#12232,#9750,#9751);
#8725=AXIS2_PLACEMENT_3D('',#12238,#9752,#9753);
#8726=AXIS2_PLACEMENT_3D('',#12240,#9754,#9755);
#8727=AXIS2_PLACEMENT_3D('',#12244,#9757,#9758);
#8728=AXIS2_PLACEMENT_3D('',#12248,#9760,#9761);
#8729=AXIS2_PLACEMENT_3D('',#12250,#9762,#9763);
#8730=AXIS2_PLACEMENT_3D('',#12252,#9764,#9765);
#8731=AXIS2_PLACEMENT_3D('',#12254,#9766,#9767);
#8732=AXIS2_PLACEMENT_3D('',#12262,#9771,#9772);
#8733=AXIS2_PLACEMENT_3D('',#12264,#9773,#9774);
#8734=AXIS2_PLACEMENT_3D('',#12266,#9775,#9776);
#8735=AXIS2_PLACEMENT_3D('',#12268,#9777,#9778);
#8736=AXIS2_PLACEMENT_3D('',#12270,#9779,#9780);
#8737=AXIS2_PLACEMENT_3D('',#12274,#9782,#9783);
#8738=AXIS2_PLACEMENT_3D('',#12276,#9784,#9785);
#8739=AXIS2_PLACEMENT_3D('',#12278,#9786,#9787);
#8740=AXIS2_PLACEMENT_3D('',#12284,#9790,#9791);
#8741=AXIS2_PLACEMENT_3D('',#12286,#9792,#9793);
#8742=AXIS2_PLACEMENT_3D('',#12288,#9794,#9795);
#8743=AXIS2_PLACEMENT_3D('',#12290,#9796,#9797);
#8744=AXIS2_PLACEMENT_3D('',#12291,#9798,#9799);
#8745=AXIS2_PLACEMENT_3D('',#12319,#9808,#9809);
#8746=AXIS2_PLACEMENT_3D('',#12338,#9810,#9811);
#8747=AXIS2_PLACEMENT_3D('',#12401,#9833,#9834);
#8748=AXIS2_PLACEMENT_3D('',#12415,#9841,#9842);
#8749=AXIS2_PLACEMENT_3D('',#12417,#9843,#9844);
#8750=AXIS2_PLACEMENT_3D('',#12431,#9851,#9852);
#8751=AXIS2_PLACEMENT_3D('',#12445,#9859,#9860);
#8752=AXIS2_PLACEMENT_3D('',#12447,#9861,#9862);
#8753=AXIS2_PLACEMENT_3D('',#12499,#9874,#9875);
#8754=AXIS2_PLACEMENT_3D('',#12501,#9876,#9877);
#8755=AXIS2_PLACEMENT_3D('',#12539,#9878,#9879);
#8756=AXIS2_PLACEMENT_3D('',#12570,#9881,#9882);
#8757=AXIS2_PLACEMENT_3D('',#12608,#9884,#9885);
#8758=AXIS2_PLACEMENT_3D('',#12639,#9887,#9888);
#8759=AXIS2_PLACEMENT_3D('',#12640,#9889,#9890);
#8760=AXIS2_PLACEMENT_3D('',#12659,#9891,#9892);
#8761=AXIS2_PLACEMENT_3D('',#12676,#9893,#9894);
#8762=AXIS2_PLACEMENT_3D('',#12706,#9896,#9897);
#8763=AXIS2_PLACEMENT_3D('',#12718,#9899,#9900);
#8764=AXIS2_PLACEMENT_3D('',#12736,#9902,#9903);
#8765=AXIS2_PLACEMENT_3D('',#12745,#9904,#9905);
#8766=AXIS2_PLACEMENT_3D('',#12786,#9906,#9907);
#8767=AXIS2_PLACEMENT_3D('',#12823,#9909,#9910);
#8768=AXIS2_PLACEMENT_3D('',#12835,#9912,#9913);
#8769=AXIS2_PLACEMENT_3D('',#12849,#9915,#9916);
#8770=AXIS2_PLACEMENT_3D('',#12858,#9917,#9918);
#8771=AXIS2_PLACEMENT_3D('',#13687,#9919,#9920);
#8772=AXIS2_PLACEMENT_3D('',#13696,#9925,#9926);
#8773=AXIS2_PLACEMENT_3D('',#13702,#9930,#9931);
#8774=AXIS2_PLACEMENT_3D('',#13787,#9941,#9942);
#8775=AXIS2_PLACEMENT_3D('',#13791,#9945,#9946);
#8776=AXIS2_PLACEMENT_3D('',#13795,#9949,#9950);
#8777=AXIS2_PLACEMENT_3D('',#13799,#9953,#9954);
#8778=AXIS2_PLACEMENT_3D('',#13803,#9957,#9958);
#8779=AXIS2_PLACEMENT_3D('',#13832,#9961,#9962);
#8780=AXIS2_PLACEMENT_3D('',#13833,#9963,#9964);
#8781=AXIS2_PLACEMENT_3D('',#13839,#9968,#9969);
#8782=AXIS2_PLACEMENT_3D('',#13843,#9972,#9973);
#8783=AXIS2_PLACEMENT_3D('',#13847,#9976,#9977);
#8784=AXIS2_PLACEMENT_3D('',#13851,#9980,#9981);
#8785=AXIS2_PLACEMENT_3D('',#13855,#9984,#9985);
#8786=AXIS2_PLACEMENT_3D('',#13859,#9988,#9989);
#8787=AXIS2_PLACEMENT_3D('',#13863,#9992,#9993);
#8788=AXIS2_PLACEMENT_3D('',#13867,#9996,#9997);
#8789=AXIS2_PLACEMENT_3D('',#13871,#10000,#10001);
#8790=AXIS2_PLACEMENT_3D('',#13875,#10004,#10005);
#8791=AXIS2_PLACEMENT_3D('',#13879,#10008,#10009);
#8792=AXIS2_PLACEMENT_3D('',#13881,#10011,#10012);
#8793=AXIS2_PLACEMENT_3D('',#13882,#10013,#10014);
#8794=AXIS2_PLACEMENT_3D('',#13888,#10018,#10019);
#8795=AXIS2_PLACEMENT_3D('',#13892,#10022,#10023);
#8796=AXIS2_PLACEMENT_3D('',#13896,#10026,#10027);
#8797=AXIS2_PLACEMENT_3D('',#13900,#10030,#10031);
#8798=AXIS2_PLACEMENT_3D('',#13903,#10033,#10034);
#8799=AXIS2_PLACEMENT_3D('',#13904,#10035,#10036);
#8800=AXIS2_PLACEMENT_3D('',#13907,#10038,#10039);
#8801=AXIS2_PLACEMENT_3D('',#13908,#10040,#10041);
#8802=AXIS2_PLACEMENT_3D('',#13912,#10044,#10045);
#8803=AXIS2_PLACEMENT_3D('',#13916,#10048,#10049);
#8804=AXIS2_PLACEMENT_3D('',#13920,#10052,#10053);
#8805=AXIS2_PLACEMENT_3D('',#13924,#10056,#10057);
#8806=AXIS2_PLACEMENT_3D('',#13928,#10060,#10061);
#8807=AXIS2_PLACEMENT_3D('',#13932,#10064,#10065);
#8808=AXIS2_PLACEMENT_3D('',#13935,#10067,#10068);
#8809=AXIS2_PLACEMENT_3D('',#13936,#10069,#10070);
#8810=AXIS2_PLACEMENT_3D('',#13940,#10073,#10074);
#8811=AXIS2_PLACEMENT_3D('',#13942,#10076,#10077);
#8812=AXIS2_PLACEMENT_3D('',#13943,#10078,#10079);
#8813=AXIS2_PLACEMENT_3D('',#13949,#10083,#10084);
#8814=AXIS2_PLACEMENT_3D('',#13953,#10087,#10088);
#8815=AXIS2_PLACEMENT_3D('',#13957,#10091,#10092);
#8816=AXIS2_PLACEMENT_3D('',#13961,#10095,#10096);
#8817=AXIS2_PLACEMENT_3D('',#13964,#10098,#10099);
#8818=AXIS2_PLACEMENT_3D('',#13965,#10100,#10101);
#8819=AXIS2_PLACEMENT_3D('',#13968,#10103,#10104);
#8820=AXIS2_PLACEMENT_3D('',#13969,#10105,#10106);
#8821=AXIS2_PLACEMENT_3D('',#13973,#10109,#10110);
#8822=AXIS2_PLACEMENT_3D('',#13977,#10113,#10114);
#8823=AXIS2_PLACEMENT_3D('',#13981,#10117,#10118);
#8824=AXIS2_PLACEMENT_3D('',#13985,#10121,#10122);
#8825=AXIS2_PLACEMENT_3D('',#13989,#10125,#10126);
#8826=AXIS2_PLACEMENT_3D('',#13993,#10129,#10130);
#8827=AXIS2_PLACEMENT_3D('',#13996,#10132,#10133);
#8828=AXIS2_PLACEMENT_3D('',#13997,#10134,#10135);
#8829=AXIS2_PLACEMENT_3D('',#14001,#10138,#10139);
#8830=AXIS2_PLACEMENT_3D('',#14003,#10141,#10142);
#8831=AXIS2_PLACEMENT_3D('',#14004,#10143,#10144);
#8832=AXIS2_PLACEMENT_3D('',#14013,#10149,#10150);
#8833=AXIS2_PLACEMENT_3D('',#14019,#10154,#10155);
#8834=AXIS2_PLACEMENT_3D('',#14025,#10159,#10160);
#8835=AXIS2_PLACEMENT_3D('',#14026,#10161,#10162);
#8836=AXIS2_PLACEMENT_3D('',#14030,#10164,#10165);
#8837=AXIS2_PLACEMENT_3D('',#14031,#10166,#10167);
#8838=AXIS2_PLACEMENT_3D('',#14037,#10171,#10172);
#8839=AXIS2_PLACEMENT_3D('',#14041,#10175,#10176);
#8840=AXIS2_PLACEMENT_3D('',#14045,#10179,#10180);
#8841=AXIS2_PLACEMENT_3D('',#14049,#10183,#10184);
#8842=AXIS2_PLACEMENT_3D('',#14053,#10187,#10188);
#8843=AXIS2_PLACEMENT_3D('',#14057,#10191,#10192);
#8844=AXIS2_PLACEMENT_3D('',#14061,#10195,#10196);
#8845=AXIS2_PLACEMENT_3D('',#14063,#10198,#10199);
#8846=AXIS2_PLACEMENT_3D('',#14064,#10200,#10201);
#8847=AXIS2_PLACEMENT_3D('',#14065,#10202,#10203);
#8848=AXIS2_PLACEMENT_3D('',#14066,#10204,#10205);
#8849=AXIS2_PLACEMENT_3D('',#14067,#10206,#10207);
#8850=AXIS2_PLACEMENT_3D('',#14076,#10212,#10213);
#8851=AXIS2_PLACEMENT_3D('',#14082,#10217,#10218);
#8852=AXIS2_PLACEMENT_3D('',#14139,#10225,#10226);
#8853=AXIS2_PLACEMENT_3D('',#14145,#10230,#10231);
#8854=AXIS2_PLACEMENT_3D('',#14149,#10234,#10235);
#8855=AXIS2_PLACEMENT_3D('',#14153,#10238,#10239);
#8856=AXIS2_PLACEMENT_3D('',#14157,#10242,#10243);
#8857=AXIS2_PLACEMENT_3D('',#14200,#10249,#10250);
#8858=AXIS2_PLACEMENT_3D('',#14204,#10253,#10254);
#8859=AXIS2_PLACEMENT_3D('',#14208,#10257,#10258);
#8860=AXIS2_PLACEMENT_3D('',#14224,#10260,#10261);
#8861=AXIS2_PLACEMENT_3D('',#14344,#10272,#10273);
#8862=AXIS2_PLACEMENT_3D('',#14348,#10276,#10277);
#8863=AXIS2_PLACEMENT_3D('',#14351,#10279,#10280);
#8864=AXIS2_PLACEMENT_3D('',#14469,#10290,#10291);
#8865=AXIS2_PLACEMENT_3D('',#14472,#10293,#10294);
#8866=AXIS2_PLACEMENT_3D('',#14473,#10295,#10296);
#8867=AXIS2_PLACEMENT_3D('',#14476,#10298,#10299);
#8868=AXIS2_PLACEMENT_3D('',#14477,#10300,#10301);
#8869=AXIS2_PLACEMENT_3D('',#14505,#10305,#10306);
#8870=AXIS2_PLACEMENT_3D('',#14506,#10307,#10308);
#8871=AXIS2_PLACEMENT_3D('',#14507,#10309,#10310);
#8872=AXIS2_PLACEMENT_3D('',#14508,#10311,#10312);
#8873=AXIS2_PLACEMENT_3D('',#14509,#10313,#10314);
#8874=AXIS2_PLACEMENT_3D('',#14512,#10316,#10317);
#8875=AXIS2_PLACEMENT_3D('',#14515,#10319,#10320);
#8876=AXIS2_PLACEMENT_3D('',#14518,#10322,#10323);
#8877=AXIS2_PLACEMENT_3D('',#14519,#10324,#10325);
#8878=AXIS2_PLACEMENT_3D('',#14522,#10327,#10328);
#8879=AXIS2_PLACEMENT_3D('',#14523,#10329,#10330);
#8880=AXIS2_PLACEMENT_3D('',#14527,#10333,#10334);
#8881=AXIS2_PLACEMENT_3D('',#14530,#10336,#10337);
#8882=AXIS2_PLACEMENT_3D('',#14531,#10338,#10339);
#8883=AXIS2_PLACEMENT_3D('',#14534,#10341,#10342);
#8884=AXIS2_PLACEMENT_3D('',#14548,#10344,#10345);
#8885=AXIS2_PLACEMENT_3D('',#14551,#10347,#10348);
#8886=AXIS2_PLACEMENT_3D('',#14552,#10349,#10350);
#8887=AXIS2_PLACEMENT_3D('',#14555,#10352,#10353);
#8888=AXIS2_PLACEMENT_3D('',#14556,#10354,#10355);
#8889=AXIS2_PLACEMENT_3D('',#14559,#10357,#10358);
#8890=AXIS2_PLACEMENT_3D('',#14560,#10359,#10360);
#8891=AXIS2_PLACEMENT_3D('',#14564,#10363,#10364);
#8892=AXIS2_PLACEMENT_3D('',#14567,#10366,#10367);
#8893=AXIS2_PLACEMENT_3D('',#14568,#10368,#10369);
#8894=AXIS2_PLACEMENT_3D('',#14571,#10371,#10372);
#8895=AXIS2_PLACEMENT_3D('',#14572,#10373,#10374);
#8896=AXIS2_PLACEMENT_3D('',#14575,#10376,#10377);
#8897=AXIS2_PLACEMENT_3D('',#14576,#10378,#10379);
#8898=AXIS2_PLACEMENT_3D('',#14579,#10381,#10382);
#8899=AXIS2_PLACEMENT_3D('',#14580,#10383,#10384);
#8900=AXIS2_PLACEMENT_3D('',#14583,#10386,#10387);
#8901=AXIS2_PLACEMENT_3D('',#14584,#10388,#10389);
#8902=AXIS2_PLACEMENT_3D('',#14588,#10392,#10393);
#8903=AXIS2_PLACEMENT_3D('',#14591,#10395,#10396);
#8904=AXIS2_PLACEMENT_3D('',#14592,#10397,#10398);
#8905=AXIS2_PLACEMENT_3D('',#14595,#10400,#10401);
#8906=AXIS2_PLACEMENT_3D('',#14596,#10402,#10403);
#8907=AXIS2_PLACEMENT_3D('',#14599,#10405,#10406);
#8908=AXIS2_PLACEMENT_3D('',#14600,#10407,#10408);
#8909=AXIS2_PLACEMENT_3D('',#14603,#10410,#10411);
#8910=AXIS2_PLACEMENT_3D('',#14604,#10412,#10413);
#8911=AXIS2_PLACEMENT_3D('',#14607,#10415,#10416);
#8912=AXIS2_PLACEMENT_3D('',#14608,#10417,#10418);
#8913=AXIS2_PLACEMENT_3D('',#14611,#10420,#10421);
#8914=AXIS2_PLACEMENT_3D('',#14612,#10422,#10423);
#8915=AXIS2_PLACEMENT_3D('',#14616,#10426,#10427);
#8916=AXIS2_PLACEMENT_3D('',#14619,#10429,#10430);
#8917=AXIS2_PLACEMENT_3D('',#14620,#10431,#10432);
#8918=AXIS2_PLACEMENT_3D('',#14623,#10434,#10435);
#8919=AXIS2_PLACEMENT_3D('',#14624,#10436,#10437);
#8920=AXIS2_PLACEMENT_3D('',#14627,#10439,#10440);
#8921=AXIS2_PLACEMENT_3D('',#14628,#10441,#10442);
#8922=AXIS2_PLACEMENT_3D('',#14631,#10444,#10445);
#8923=AXIS2_PLACEMENT_3D('',#14632,#10446,#10447);
#8924=AXIS2_PLACEMENT_3D('',#14635,#10449,#10450);
#8925=AXIS2_PLACEMENT_3D('',#14636,#10451,#10452);
#8926=AXIS2_PLACEMENT_3D('',#14640,#10455,#10456);
#8927=AXIS2_PLACEMENT_3D('',#14643,#10458,#10459);
#8928=AXIS2_PLACEMENT_3D('',#14696,#10464,#10465);
#8929=AXIS2_PLACEMENT_3D('',#14699,#10467,#10468);
#8930=AXIS2_PLACEMENT_3D('',#14713,#10470,#10471);
#8931=AXIS2_PLACEMENT_3D('',#14717,#10474,#10475);
#8932=AXIS2_PLACEMENT_3D('',#14720,#10477,#10478);
#8933=AXIS2_PLACEMENT_3D('',#14721,#10479,#10480);
#8934=AXIS2_PLACEMENT_3D('',#14724,#10482,#10483);
#8935=AXIS2_PLACEMENT_3D('',#14725,#10484,#10485);
#8936=AXIS2_PLACEMENT_3D('',#14728,#10487,#10488);
#8937=AXIS2_PLACEMENT_3D('',#14729,#10489,#10490);
#8938=AXIS2_PLACEMENT_3D('',#14732,#10492,#10493);
#8939=AXIS2_PLACEMENT_3D('',#14733,#10494,#10495);
#8940=AXIS2_PLACEMENT_3D('',#14737,#10498,#10499);
#8941=AXIS2_PLACEMENT_3D('',#14740,#10501,#10502);
#8942=AXIS2_PLACEMENT_3D('',#14741,#10503,#10504);
#8943=AXIS2_PLACEMENT_3D('',#14742,#10505,#10506);
#8944=AXIS2_PLACEMENT_3D('',#14743,#10507,#10508);
#8945=AXIS2_PLACEMENT_3D('',#14744,#10509,#10510);
#8946=AXIS2_PLACEMENT_3D('',#14747,#10512,#10513);
#8947=AXIS2_PLACEMENT_3D('',#14750,#10515,#10516);
#8948=AXIS2_PLACEMENT_3D('',#14753,#10518,#10519);
#8949=AXIS2_PLACEMENT_3D('',#14754,#10520,#10521);
#8950=AXIS2_PLACEMENT_3D('',#14758,#10524,#10525);
#8951=AXIS2_PLACEMENT_3D('',#14761,#10527,#10528);
#8952=AXIS2_PLACEMENT_3D('',#14762,#10529,#10530);
#8953=AXIS2_PLACEMENT_3D('',#14765,#10532,#10533);
#8954=AXIS2_PLACEMENT_3D('',#14766,#10534,#10535);
#8955=AXIS2_PLACEMENT_3D('',#14769,#10537,#10538);
#8956=AXIS2_PLACEMENT_3D('',#14770,#10539,#10540);
#8957=AXIS2_PLACEMENT_3D('',#14774,#10543,#10544);
#8958=AXIS2_PLACEMENT_3D('',#14777,#10546,#10547);
#8959=AXIS2_PLACEMENT_3D('',#14778,#10548,#10549);
#8960=AXIS2_PLACEMENT_3D('',#14781,#10551,#10552);
#8961=AXIS2_PLACEMENT_3D('',#14782,#10553,#10554);
#8962=AXIS2_PLACEMENT_3D('',#14785,#10556,#10557);
#8963=AXIS2_PLACEMENT_3D('',#14786,#10558,#10559);
#8964=AXIS2_PLACEMENT_3D('',#14789,#10561,#10562);
#8965=AXIS2_PLACEMENT_3D('',#14790,#10563,#10564);
#8966=AXIS2_PLACEMENT_3D('',#14794,#10567,#10568);
#8967=AXIS2_PLACEMENT_3D('',#14798,#10571,#10572);
#8968=AXIS2_PLACEMENT_3D('',#14801,#10574,#10575);
#8969=AXIS2_PLACEMENT_3D('',#14802,#10576,#10577);
#8970=AXIS2_PLACEMENT_3D('',#14803,#10578,#10579);
#8971=AXIS2_PLACEMENT_3D('',#14804,#10580,#10581);
#8972=AXIS2_PLACEMENT_3D('',#14805,#10582,#10583);
#8973=AXIS2_PLACEMENT_3D('',#14808,#10585,#10586);
#8974=AXIS2_PLACEMENT_3D('',#14811,#10588,#10589);
#8975=AXIS2_PLACEMENT_3D('',#14814,#10591,#10592);
#8976=AXIS2_PLACEMENT_3D('',#14815,#10593,#10594);
#8977=AXIS2_PLACEMENT_3D('',#14818,#10596,#10597);
#8978=AXIS2_PLACEMENT_3D('',#14819,#10598,#10599);
#8979=AXIS2_PLACEMENT_3D('',#14823,#10602,#10603);
#8980=AXIS2_PLACEMENT_3D('',#14826,#10605,#10606);
#8981=AXIS2_PLACEMENT_3D('',#14827,#10607,#10608);
#8982=AXIS2_PLACEMENT_3D('',#14830,#10610,#10611);
#8983=AXIS2_PLACEMENT_3D('',#14844,#10613,#10614);
#8984=AXIS2_PLACEMENT_3D('',#14847,#10616,#10617);
#8985=AXIS2_PLACEMENT_3D('',#14848,#10618,#10619);
#8986=AXIS2_PLACEMENT_3D('',#14851,#10621,#10622);
#8987=AXIS2_PLACEMENT_3D('',#14852,#10623,#10624);
#8988=AXIS2_PLACEMENT_3D('',#14855,#10626,#10627);
#8989=AXIS2_PLACEMENT_3D('',#14856,#10628,#10629);
#8990=AXIS2_PLACEMENT_3D('',#14860,#10632,#10633);
#8991=AXIS2_PLACEMENT_3D('',#14863,#10635,#10636);
#8992=AXIS2_PLACEMENT_3D('',#14864,#10637,#10638);
#8993=AXIS2_PLACEMENT_3D('',#14867,#10640,#10641);
#8994=AXIS2_PLACEMENT_3D('',#14868,#10642,#10643);
#8995=AXIS2_PLACEMENT_3D('',#14871,#10645,#10646);
#8996=AXIS2_PLACEMENT_3D('',#14872,#10647,#10648);
#8997=AXIS2_PLACEMENT_3D('',#14875,#10650,#10651);
#8998=AXIS2_PLACEMENT_3D('',#14876,#10652,#10653);
#8999=AXIS2_PLACEMENT_3D('',#14879,#10655,#10656);
#9000=AXIS2_PLACEMENT_3D('',#14880,#10657,#10658);
#9001=AXIS2_PLACEMENT_3D('',#14884,#10661,#10662);
#9002=AXIS2_PLACEMENT_3D('',#14887,#10664,#10665);
#9003=AXIS2_PLACEMENT_3D('',#14888,#10666,#10667);
#9004=AXIS2_PLACEMENT_3D('',#14891,#10669,#10670);
#9005=AXIS2_PLACEMENT_3D('',#14892,#10671,#10672);
#9006=AXIS2_PLACEMENT_3D('',#14895,#10674,#10675);
#9007=AXIS2_PLACEMENT_3D('',#14896,#10676,#10677);
#9008=AXIS2_PLACEMENT_3D('',#14899,#10679,#10680);
#9009=AXIS2_PLACEMENT_3D('',#14900,#10681,#10682);
#9010=AXIS2_PLACEMENT_3D('',#14903,#10684,#10685);
#9011=AXIS2_PLACEMENT_3D('',#14904,#10686,#10687);
#9012=AXIS2_PLACEMENT_3D('',#14907,#10689,#10690);
#9013=AXIS2_PLACEMENT_3D('',#14908,#10691,#10692);
#9014=AXIS2_PLACEMENT_3D('',#14912,#10695,#10696);
#9015=AXIS2_PLACEMENT_3D('',#14915,#10698,#10699);
#9016=AXIS2_PLACEMENT_3D('',#14916,#10700,#10701);
#9017=AXIS2_PLACEMENT_3D('',#14919,#10703,#10704);
#9018=AXIS2_PLACEMENT_3D('',#14920,#10705,#10706);
#9019=AXIS2_PLACEMENT_3D('',#14923,#10708,#10709);
#9020=AXIS2_PLACEMENT_3D('',#14924,#10710,#10711);
#9021=AXIS2_PLACEMENT_3D('',#14927,#10713,#10714);
#9022=AXIS2_PLACEMENT_3D('',#14928,#10715,#10716);
#9023=AXIS2_PLACEMENT_3D('',#14931,#10718,#10719);
#9024=AXIS2_PLACEMENT_3D('',#14932,#10720,#10721);
#9025=AXIS2_PLACEMENT_3D('',#14936,#10724,#10725);
#9026=AXIS2_PLACEMENT_3D('',#14939,#10727,#10728);
#9027=AXIS2_PLACEMENT_3D('',#14992,#10733,#10734);
#9028=AXIS2_PLACEMENT_3D('',#14995,#10736,#10737);
#9029=AXIS2_PLACEMENT_3D('',#15009,#10739,#10740);
#9030=AXIS2_PLACEMENT_3D('',#15013,#10743,#10744);
#9031=AXIS2_PLACEMENT_3D('',#15016,#10746,#10747);
#9032=AXIS2_PLACEMENT_3D('',#15017,#10748,#10749);
#9033=AXIS2_PLACEMENT_3D('',#15020,#10751,#10752);
#9034=AXIS2_PLACEMENT_3D('',#15021,#10753,#10754);
#9035=AXIS2_PLACEMENT_3D('',#15024,#10756,#10757);
#9036=AXIS2_PLACEMENT_3D('',#15025,#10758,#10759);
#9037=AXIS2_PLACEMENT_3D('',#15028,#10761,#10762);
#9038=AXIS2_PLACEMENT_3D('',#15029,#10763,#10764);
#9039=AXIS2_PLACEMENT_3D('',#15033,#10767,#10768);
#9040=AXIS2_PLACEMENT_3D('',#15036,#10770,#10771);
#9041=AXIS2_PLACEMENT_3D('',#15037,#10772,#10773);
#9042=AXIS2_PLACEMENT_3D('',#15038,#10774,#10775);
#9043=AXIS2_PLACEMENT_3D('',#15039,#10776,#10777);
#9044=AXIS2_PLACEMENT_3D('',#15040,#10778,#10779);
#9045=AXIS2_PLACEMENT_3D('',#15043,#10781,#10782);
#9046=AXIS2_PLACEMENT_3D('',#15046,#10784,#10785);
#9047=AXIS2_PLACEMENT_3D('',#15050,#10788,#10789);
#9048=AXIS2_PLACEMENT_3D('',#15053,#10791,#10792);
#9049=AXIS2_PLACEMENT_3D('',#15054,#10793,#10794);
#9050=AXIS2_PLACEMENT_3D('',#15057,#10796,#10797);
#9051=AXIS2_PLACEMENT_3D('',#15058,#10798,#10799);
#9052=AXIS2_PLACEMENT_3D('',#15061,#10801,#10802);
#9053=AXIS2_PLACEMENT_3D('',#15062,#10803,#10804);
#9054=AXIS2_PLACEMENT_3D('',#15065,#10806,#10807);
#9055=AXIS2_PLACEMENT_3D('',#15066,#10808,#10809);
#9056=AXIS2_PLACEMENT_3D('',#15070,#10812,#10813);
#9057=AXIS2_PLACEMENT_3D('',#15074,#10816,#10817);
#9058=AXIS2_PLACEMENT_3D('',#15077,#10819,#10820);
#9059=AXIS2_PLACEMENT_3D('',#15078,#10821,#10822);
#9060=AXIS2_PLACEMENT_3D('',#15081,#10824,#10825);
#9061=AXIS2_PLACEMENT_3D('',#15082,#10826,#10827);
#9062=AXIS2_PLACEMENT_3D('',#15085,#10829,#10830);
#9063=AXIS2_PLACEMENT_3D('',#15086,#10831,#10832);
#9064=AXIS2_PLACEMENT_3D('',#15090,#10835,#10836);
#9065=AXIS2_PLACEMENT_3D('',#15093,#10838,#10839);
#9066=AXIS2_PLACEMENT_3D('',#15094,#10840,#10841);
#9067=AXIS2_PLACEMENT_3D('',#15097,#10843,#10844);
#9068=AXIS2_PLACEMENT_3D('',#15098,#10845,#10846);
#9069=AXIS2_PLACEMENT_3D('',#15101,#10848,#10849);
#9070=AXIS2_PLACEMENT_3D('',#15102,#10850,#10851);
#9071=AXIS2_PLACEMENT_3D('',#15105,#10853,#10854);
#9072=AXIS2_PLACEMENT_3D('',#15106,#10855,#10856);
#9073=AXIS2_PLACEMENT_3D('',#15109,#10858,#10859);
#9074=AXIS2_PLACEMENT_3D('',#15110,#10860,#10861);
#9075=AXIS2_PLACEMENT_3D('',#15114,#10864,#10865);
#9076=AXIS2_PLACEMENT_3D('',#15118,#10868,#10869);
#9077=AXIS2_PLACEMENT_3D('',#15122,#10872,#10873);
#9078=AXIS2_PLACEMENT_3D('',#15125,#10875,#10876);
#9079=AXIS2_PLACEMENT_3D('',#15126,#10877,#10878);
#9080=AXIS2_PLACEMENT_3D('',#15129,#10880,#10881);
#9081=AXIS2_PLACEMENT_3D('',#15130,#10882,#10883);
#9082=AXIS2_PLACEMENT_3D('',#15131,#10884,#10885);
#9083=AXIS2_PLACEMENT_3D('',#15132,#10886,#10887);
#9084=AXIS2_PLACEMENT_3D('',#15133,#10888,#10889);
#9085=AXIS2_PLACEMENT_3D('',#15136,#10891,#10892);
#9086=AXIS2_PLACEMENT_3D('',#15139,#10894,#10895);
#9087=AXIS2_PLACEMENT_3D('',#15142,#10897,#10898);
#9088=AXIS2_PLACEMENT_3D('',#15143,#10899,#10900);
#9089=AXIS2_PLACEMENT_3D('',#15146,#10902,#10903);
#9090=AXIS2_PLACEMENT_3D('',#15147,#10904,#10905);
#9091=AXIS2_PLACEMENT_3D('',#15151,#10908,#10909);
#9092=AXIS2_PLACEMENT_3D('',#15154,#10911,#10912);
#9093=AXIS2_PLACEMENT_3D('',#15155,#10913,#10914);
#9094=AXIS2_PLACEMENT_3D('',#15158,#10916,#10917);
#9095=AXIS2_PLACEMENT_3D('',#15172,#10919,#10920);
#9096=AXIS2_PLACEMENT_3D('',#15175,#10922,#10923);
#9097=AXIS2_PLACEMENT_3D('',#15176,#10924,#10925);
#9098=AXIS2_PLACEMENT_3D('',#15179,#10927,#10928);
#9099=AXIS2_PLACEMENT_3D('',#15180,#10929,#10930);
#9100=AXIS2_PLACEMENT_3D('',#15183,#10932,#10933);
#9101=AXIS2_PLACEMENT_3D('',#15184,#10934,#10935);
#9102=AXIS2_PLACEMENT_3D('',#15188,#10938,#10939);
#9103=AXIS2_PLACEMENT_3D('',#15191,#10941,#10942);
#9104=AXIS2_PLACEMENT_3D('',#15192,#10943,#10944);
#9105=AXIS2_PLACEMENT_3D('',#15195,#10946,#10947);
#9106=AXIS2_PLACEMENT_3D('',#15196,#10948,#10949);
#9107=AXIS2_PLACEMENT_3D('',#15199,#10951,#10952);
#9108=AXIS2_PLACEMENT_3D('',#15200,#10953,#10954);
#9109=AXIS2_PLACEMENT_3D('',#15203,#10956,#10957);
#9110=AXIS2_PLACEMENT_3D('',#15204,#10958,#10959);
#9111=AXIS2_PLACEMENT_3D('',#15207,#10961,#10962);
#9112=AXIS2_PLACEMENT_3D('',#15208,#10963,#10964);
#9113=AXIS2_PLACEMENT_3D('',#15212,#10967,#10968);
#9114=AXIS2_PLACEMENT_3D('',#15215,#10970,#10971);
#9115=AXIS2_PLACEMENT_3D('',#15216,#10972,#10973);
#9116=AXIS2_PLACEMENT_3D('',#15219,#10975,#10976);
#9117=AXIS2_PLACEMENT_3D('',#15233,#10978,#10979);
#9118=AXIS2_PLACEMENT_3D('',#15236,#10981,#10982);
#9119=AXIS2_PLACEMENT_3D('',#15237,#10983,#10984);
#9120=AXIS2_PLACEMENT_3D('',#15240,#10986,#10987);
#9121=AXIS2_PLACEMENT_3D('',#15241,#10988,#10989);
#9122=AXIS2_PLACEMENT_3D('',#15244,#10991,#10992);
#9123=AXIS2_PLACEMENT_3D('',#15245,#10993,#10994);
#9124=AXIS2_PLACEMENT_3D('',#15249,#10997,#10998);
#9125=AXIS2_PLACEMENT_3D('',#15252,#11000,#11001);
#9126=AXIS2_PLACEMENT_3D('',#15253,#11002,#11003);
#9127=AXIS2_PLACEMENT_3D('',#15256,#11005,#11006);
#9128=AXIS2_PLACEMENT_3D('',#15257,#11007,#11008);
#9129=AXIS2_PLACEMENT_3D('',#15260,#11010,#11011);
#9130=AXIS2_PLACEMENT_3D('',#15261,#11012,#11013);
#9131=AXIS2_PLACEMENT_3D('',#15264,#11015,#11016);
#9132=AXIS2_PLACEMENT_3D('',#15265,#11017,#11018);
#9133=AXIS2_PLACEMENT_3D('',#15268,#11020,#11021);
#9134=AXIS2_PLACEMENT_3D('',#15269,#11022,#11023);
#9135=AXIS2_PLACEMENT_3D('',#15273,#11026,#11027);
#9136=AXIS2_PLACEMENT_3D('',#15276,#11029,#11030);
#9137=AXIS2_PLACEMENT_3D('',#15329,#11035,#11036);
#9138=AXIS2_PLACEMENT_3D('',#15332,#11038,#11039);
#9139=AXIS2_PLACEMENT_3D('',#15346,#11041,#11042);
#9140=AXIS2_PLACEMENT_3D('',#15350,#11045,#11046);
#9141=AXIS2_PLACEMENT_3D('',#15353,#11048,#11049);
#9142=AXIS2_PLACEMENT_3D('',#15354,#11050,#11051);
#9143=AXIS2_PLACEMENT_3D('',#15357,#11053,#11054);
#9144=AXIS2_PLACEMENT_3D('',#15358,#11055,#11056);
#9145=AXIS2_PLACEMENT_3D('',#15361,#11058,#11059);
#9146=AXIS2_PLACEMENT_3D('',#15362,#11060,#11061);
#9147=AXIS2_PLACEMENT_3D('',#15365,#11063,#11064);
#9148=AXIS2_PLACEMENT_3D('',#15366,#11065,#11066);
#9149=AXIS2_PLACEMENT_3D('',#15370,#11069,#11070);
#9150=AXIS2_PLACEMENT_3D('',#15373,#11072,#11073);
#9151=AXIS2_PLACEMENT_3D('',#15374,#11074,#11075);
#9152=AXIS2_PLACEMENT_3D('',#15375,#11076,#11077);
#9153=AXIS2_PLACEMENT_3D('',#15376,#11078,#11079);
#9154=AXIS2_PLACEMENT_3D('',#15377,#11080,#11081);
#9155=AXIS2_PLACEMENT_3D('',#15380,#11083,#11084);
#9156=AXIS2_PLACEMENT_3D('',#15383,#11086,#11087);
#9157=AXIS2_PLACEMENT_3D('',#15386,#11089,#11090);
#9158=AXIS2_PLACEMENT_3D('',#15387,#11091,#11092);
#9159=AXIS2_PLACEMENT_3D('',#15390,#11094,#11095);
#9160=AXIS2_PLACEMENT_3D('',#15391,#11096,#11097);
#9161=AXIS2_PLACEMENT_3D('',#15395,#11100,#11101);
#9162=AXIS2_PLACEMENT_3D('',#15398,#11103,#11104);
#9163=AXIS2_PLACEMENT_3D('',#15399,#11105,#11106);
#9164=AXIS2_PLACEMENT_3D('',#15402,#11108,#11109);
#9165=AXIS2_PLACEMENT_3D('',#15416,#11111,#11112);
#9166=AXIS2_PLACEMENT_3D('',#15419,#11114,#11115);
#9167=AXIS2_PLACEMENT_3D('',#15420,#11116,#11117);
#9168=AXIS2_PLACEMENT_3D('',#15423,#11119,#11120);
#9169=AXIS2_PLACEMENT_3D('',#15424,#11121,#11122);
#9170=AXIS2_PLACEMENT_3D('',#15427,#11124,#11125);
#9171=AXIS2_PLACEMENT_3D('',#15428,#11126,#11127);
#9172=AXIS2_PLACEMENT_3D('',#15432,#11130,#11131);
#9173=AXIS2_PLACEMENT_3D('',#15435,#11133,#11134);
#9174=AXIS2_PLACEMENT_3D('',#15436,#11135,#11136);
#9175=AXIS2_PLACEMENT_3D('',#15439,#11138,#11139);
#9176=AXIS2_PLACEMENT_3D('',#15440,#11140,#11141);
#9177=AXIS2_PLACEMENT_3D('',#15443,#11143,#11144);
#9178=AXIS2_PLACEMENT_3D('',#15444,#11145,#11146);
#9179=AXIS2_PLACEMENT_3D('',#15447,#11148,#11149);
#9180=AXIS2_PLACEMENT_3D('',#15448,#11150,#11151);
#9181=AXIS2_PLACEMENT_3D('',#15451,#11153,#11154);
#9182=AXIS2_PLACEMENT_3D('',#15452,#11155,#11156);
#9183=AXIS2_PLACEMENT_3D('',#15456,#11159,#11160);
#9184=AXIS2_PLACEMENT_3D('',#15459,#11162,#11163);
#9185=AXIS2_PLACEMENT_3D('',#15460,#11164,#11165);
#9186=AXIS2_PLACEMENT_3D('',#15463,#11167,#11168);
#9187=AXIS2_PLACEMENT_3D('',#15477,#11170,#11171);
#9188=AXIS2_PLACEMENT_3D('',#15480,#11173,#11174);
#9189=AXIS2_PLACEMENT_3D('',#15481,#11175,#11176);
#9190=AXIS2_PLACEMENT_3D('',#15484,#11178,#11179);
#9191=AXIS2_PLACEMENT_3D('',#15485,#11180,#11181);
#9192=AXIS2_PLACEMENT_3D('',#15488,#11183,#11184);
#9193=AXIS2_PLACEMENT_3D('',#15489,#11185,#11186);
#9194=AXIS2_PLACEMENT_3D('',#15493,#11189,#11190);
#9195=AXIS2_PLACEMENT_3D('',#15496,#11192,#11193);
#9196=AXIS2_PLACEMENT_3D('',#15497,#11194,#11195);
#9197=AXIS2_PLACEMENT_3D('',#15500,#11197,#11198);
#9198=AXIS2_PLACEMENT_3D('',#15501,#11199,#11200);
#9199=AXIS2_PLACEMENT_3D('',#15504,#11202,#11203);
#9200=AXIS2_PLACEMENT_3D('',#15505,#11204,#11205);
#9201=AXIS2_PLACEMENT_3D('',#15508,#11207,#11208);
#9202=AXIS2_PLACEMENT_3D('',#15509,#11209,#11210);
#9203=AXIS2_PLACEMENT_3D('',#15512,#11212,#11213);
#9204=AXIS2_PLACEMENT_3D('',#15513,#11214,#11215);
#9205=AXIS2_PLACEMENT_3D('',#15517,#11218,#11219);
#9206=AXIS2_PLACEMENT_3D('',#15520,#11221,#11222);
#9207=AXIS2_PLACEMENT_3D('',#15573,#11227,#11228);
#9208=AXIS2_PLACEMENT_3D('',#15576,#11230,#11231);
#9209=AXIS2_PLACEMENT_3D('',#15590,#11233,#11234);
#9210=AXIS2_PLACEMENT_3D('',#15594,#11237,#11238);
#9211=AXIS2_PLACEMENT_3D('',#15597,#11240,#11241);
#9212=AXIS2_PLACEMENT_3D('',#15598,#11242,#11243);
#9213=AXIS2_PLACEMENT_3D('',#15601,#11245,#11246);
#9214=AXIS2_PLACEMENT_3D('',#15602,#11247,#11248);
#9215=AXIS2_PLACEMENT_3D('',#15605,#11250,#11251);
#9216=AXIS2_PLACEMENT_3D('',#15606,#11252,#11253);
#9217=AXIS2_PLACEMENT_3D('',#15609,#11255,#11256);
#9218=AXIS2_PLACEMENT_3D('',#15610,#11257,#11258);
#9219=AXIS2_PLACEMENT_3D('',#15614,#11261,#11262);
#9220=AXIS2_PLACEMENT_3D('',#15617,#11264,#11265);
#9221=AXIS2_PLACEMENT_3D('',#15618,#11266,#11267);
#9222=AXIS2_PLACEMENT_3D('',#15619,#11268,#11269);
#9223=AXIS2_PLACEMENT_3D('',#15620,#11270,#11271);
#9224=AXIS2_PLACEMENT_3D('',#15621,#11272,#11273);
#9225=AXIS2_PLACEMENT_3D('',#15624,#11275,#11276);
#9226=AXIS2_PLACEMENT_3D('',#15627,#11278,#11279);
#9227=AXIS2_PLACEMENT_3D('',#15630,#11281,#11282);
#9228=AXIS2_PLACEMENT_3D('',#15631,#11283,#11284);
#9229=AXIS2_PLACEMENT_3D('',#15634,#11286,#11287);
#9230=AXIS2_PLACEMENT_3D('',#15635,#11288,#11289);
#9231=AXIS2_PLACEMENT_3D('',#15638,#11291,#11292);
#9232=AXIS2_PLACEMENT_3D('',#15639,#11293,#11294);
#9233=AXIS2_PLACEMENT_3D('',#15642,#11296,#11297);
#9234=AXIS2_PLACEMENT_3D('',#15643,#11298,#11299);
#9235=AXIS2_PLACEMENT_3D('',#15646,#11301,#11302);
#9236=AXIS2_PLACEMENT_3D('',#15647,#11303,#11304);
#9237=AXIS2_PLACEMENT_3D('',#15650,#11306,#11307);
#9238=AXIS2_PLACEMENT_3D('',#15651,#11308,#11309);
#9239=AXIS2_PLACEMENT_3D('',#15654,#11311,#11312);
#9240=AXIS2_PLACEMENT_3D('',#15655,#11313,#11314);
#9241=AXIS2_PLACEMENT_3D('',#15658,#11316,#11317);
#9242=AXIS2_PLACEMENT_3D('',#15672,#11319,#11320);
#9243=AXIS2_PLACEMENT_3D('',#15680,#11322,#11323);
#9244=AXIS2_PLACEMENT_3D('',#15683,#11325,#11326);
#9245=AXIS2_PLACEMENT_3D('',#15684,#11327,#11328);
#9246=AXIS2_PLACEMENT_3D('',#15687,#11330,#11331);
#9247=AXIS2_PLACEMENT_3D('',#15688,#11332,#11333);
#9248=AXIS2_PLACEMENT_3D('',#15691,#11335,#11336);
#9249=AXIS2_PLACEMENT_3D('',#15692,#11337,#11338);
#9250=AXIS2_PLACEMENT_3D('',#15695,#11340,#11341);
#9251=AXIS2_PLACEMENT_3D('',#15696,#11342,#11343);
#9252=AXIS2_PLACEMENT_3D('',#15699,#11345,#11346);
#9253=AXIS2_PLACEMENT_3D('',#15700,#11347,#11348);
#9254=AXIS2_PLACEMENT_3D('',#15703,#11350,#11351);
#9255=AXIS2_PLACEMENT_3D('',#15704,#11352,#11353);
#9256=AXIS2_PLACEMENT_3D('',#15707,#11355,#11356);
#9257=AXIS2_PLACEMENT_3D('',#15708,#11357,#11358);
#9258=AXIS2_PLACEMENT_3D('',#15712,#11361,#11362);
#9259=AXIS2_PLACEMENT_3D('',#15715,#11364,#11365);
#9260=AXIS2_PLACEMENT_3D('',#15716,#11366,#11367);
#9261=AXIS2_PLACEMENT_3D('',#15719,#11369,#11370);
#9262=AXIS2_PLACEMENT_3D('',#15759,#11374,#11375);
#9263=AXIS2_PLACEMENT_3D('',#15762,#11377,#11378);
#9264=AXIS2_PLACEMENT_3D('',#15763,#11379,#11380);
#9265=AXIS2_PLACEMENT_3D('',#15766,#11382,#11383);
#9266=AXIS2_PLACEMENT_3D('',#15767,#11384,#11385);
#9267=AXIS2_PLACEMENT_3D('',#15770,#11387,#11388);
#9268=AXIS2_PLACEMENT_3D('',#15771,#11389,#11390);
#9269=AXIS2_PLACEMENT_3D('',#15774,#11392,#11393);
#9270=AXIS2_PLACEMENT_3D('',#15775,#11394,#11395);
#9271=AXIS2_PLACEMENT_3D('',#15778,#11397,#11398);
#9272=AXIS2_PLACEMENT_3D('',#15779,#11399,#11400);
#9273=AXIS2_PLACEMENT_3D('',#15782,#11402,#11403);
#9274=AXIS2_PLACEMENT_3D('',#15783,#11404,#11405);
#9275=AXIS2_PLACEMENT_3D('',#15786,#11407,#11408);
#9276=AXIS2_PLACEMENT_3D('',#15787,#11409,#11410);
#9277=AXIS2_PLACEMENT_3D('',#15790,#11412,#11413);
#9278=AXIS2_PLACEMENT_3D('',#15791,#11414,#11415);
#9279=AXIS2_PLACEMENT_3D('',#15794,#11417,#11418);
#9280=AXIS2_PLACEMENT_3D('',#15795,#11419,#11420);
#9281=AXIS2_PLACEMENT_3D('',#15798,#11422,#11423);
#9282=AXIS2_PLACEMENT_3D('',#15799,#11424,#11425);
#9283=AXIS2_PLACEMENT_3D('',#15802,#11427,#11428);
#9284=AXIS2_PLACEMENT_3D('',#15803,#11429,#11430);
#9285=AXIS2_PLACEMENT_3D('',#15806,#11432,#11433);
#9286=AXIS2_PLACEMENT_3D('',#15820,#11435,#11436);
#9287=AXIS2_PLACEMENT_3D('',#15823,#11438,#11439);
#9288=AXIS2_PLACEMENT_3D('',#15824,#11440,#11441);
#9289=AXIS2_PLACEMENT_3D('',#15827,#11443,#11444);
#9290=AXIS2_PLACEMENT_3D('',#15828,#11445,#11446);
#9291=AXIS2_PLACEMENT_3D('',#15831,#11448,#11449);
#9292=AXIS2_PLACEMENT_3D('',#15832,#11450,#11451);
#9293=AXIS2_PLACEMENT_3D('',#15835,#11453,#11454);
#9294=AXIS2_PLACEMENT_3D('',#15836,#11455,#11456);
#9295=AXIS2_PLACEMENT_3D('',#15839,#11458,#11459);
#9296=AXIS2_PLACEMENT_3D('',#15840,#11460,#11461);
#9297=AXIS2_PLACEMENT_3D('',#15841,#11462,#11463);
#9298=AXIS2_PLACEMENT_3D('',#15842,#11464,#11465);
#9299=AXIS2_PLACEMENT_3D('',#15843,#11466,#11467);
#9300=AXIS2_PLACEMENT_3D('',#15846,#11469,#11470);
#9301=AXIS2_PLACEMENT_3D('',#15849,#11472,#11473);
#9302=AXIS2_PLACEMENT_3D('',#15853,#11476,#11477);
#9303=AXIS2_PLACEMENT_3D('',#15856,#11479,#11480);
#9304=AXIS2_PLACEMENT_3D('',#15857,#11481,#11482);
#9305=AXIS2_PLACEMENT_3D('',#15860,#11484,#11485);
#9306=AXIS2_PLACEMENT_3D('',#15861,#11486,#11487);
#9307=AXIS2_PLACEMENT_3D('',#15864,#11489,#11490);
#9308=AXIS2_PLACEMENT_3D('',#15865,#11491,#11492);
#9309=AXIS2_PLACEMENT_3D('',#15868,#11494,#11495);
#9310=AXIS2_PLACEMENT_3D('',#15869,#11496,#11497);
#9311=AXIS2_PLACEMENT_3D('',#15873,#11500,#11501);
#9312=AXIS2_PLACEMENT_3D('',#15877,#11504,#11505);
#9313=AXIS2_PLACEMENT_3D('',#15880,#11507,#11508);
#9314=AXIS2_PLACEMENT_3D('',#15881,#11509,#11510);
#9315=AXIS2_PLACEMENT_3D('',#15884,#11512,#11513);
#9316=AXIS2_PLACEMENT_3D('',#15898,#11515,#11516);
#9317=AXIS2_PLACEMENT_3D('',#15902,#11519,#11520);
#9318=AXIS2_PLACEMENT_3D('',#15905,#11522,#11523);
#9319=AXIS2_PLACEMENT_3D('',#15906,#11524,#11525);
#9320=AXIS2_PLACEMENT_3D('',#15909,#11527,#11528);
#9321=AXIS2_PLACEMENT_3D('',#15910,#11529,#11530);
#9322=AXIS2_PLACEMENT_3D('',#15913,#11532,#11533);
#9323=AXIS2_PLACEMENT_3D('',#15914,#11534,#11535);
#9324=AXIS2_PLACEMENT_3D('',#15917,#11537,#11538);
#9325=AXIS2_PLACEMENT_3D('',#15918,#11539,#11540);
#9326=AXIS2_PLACEMENT_3D('',#15921,#11542,#11543);
#9327=AXIS2_PLACEMENT_3D('',#15922,#11544,#11545);
#9328=AXIS2_PLACEMENT_3D('',#15926,#11548,#11549);
#9329=AXIS2_PLACEMENT_3D('',#15930,#11552,#11553);
#9330=AXIS2_PLACEMENT_3D('',#15934,#11556,#11557);
#9331=AXIS2_PLACEMENT_3D('',#15937,#11559,#11560);
#9332=AXIS2_PLACEMENT_3D('',#15938,#11561,#11562);
#9333=AXIS2_PLACEMENT_3D('',#15941,#11564,#11565);
#9334=AXIS2_PLACEMENT_3D('',#15942,#11566,#11567);
#9335=AXIS2_PLACEMENT_3D('',#15943,#11568,#11569);
#9336=AXIS2_PLACEMENT_3D('',#15944,#11570,#11571);
#9337=DIRECTION('',(0.,0.,1.));
#9338=DIRECTION('',(1.,0.,0.));
#9339=DIRECTION('',(0.,1.,0.));
#9340=DIRECTION('',(1.,0.,0.));
#9341=DIRECTION('',(0.,1.,0.));
#9342=DIRECTION('',(0.,0.,1.));
#9343=DIRECTION('',(0.,1.,0.));
#9344=DIRECTION('',(0.,0.,1.));
#9345=DIRECTION('',(0.,1.,0.));
#9346=DIRECTION('',(0.,0.,1.));
#9347=DIRECTION('',(0.,1.,0.));
#9348=DIRECTION('',(0.,0.,1.));
#9349=DIRECTION('',(0.208030653067019,0.,-0.97812230696601));
#9350=DIRECTION('',(0.,1.,0.));
#9351=DIRECTION('',(0.,0.,1.));
#9352=DIRECTION('',(0.,1.,0.));
#9353=DIRECTION('',(0.,0.,1.));
#9354=DIRECTION('',(0.,1.,0.));
#9355=DIRECTION('',(0.,0.,1.));
#9356=DIRECTION('',(0.,1.,0.));
#9357=DIRECTION('',(0.,0.,1.));
#9358=DIRECTION('',(-0.209529088730877,0.,0.977802414077409));
#9359=DIRECTION('',(0.,1.,0.));
#9360=DIRECTION('',(0.,0.,1.));
#9361=DIRECTION('',(0.,1.,0.));
#9362=DIRECTION('',(0.,0.,1.));
#9363=DIRECTION('',(-0.209329979847463,0.,0.977845059064605));
#9364=DIRECTION('',(0.,1.,0.));
#9365=DIRECTION('',(0.,0.,1.));
#9366=DIRECTION('',(0.,1.,0.));
#9367=DIRECTION('',(0.,0.,1.));
#9368=DIRECTION('',(0.,1.,0.));
#9369=DIRECTION('',(0.,0.,1.));
#9370=DIRECTION('',(0.,1.,0.));
#9371=DIRECTION('',(0.,0.,1.));
#9372=DIRECTION('',(0.,1.,0.));
#9373=DIRECTION('',(0.,0.,1.));
#9374=DIRECTION('',(0.208049632074953,0.,-0.978118270248274));
#9375=DIRECTION('',(0.,1.,0.));
#9376=DIRECTION('',(0.,0.,1.));
#9377=DIRECTION('',(0.,1.,0.));
#9378=DIRECTION('',(0.,0.,1.));
#9379=DIRECTION('',(0.,1.,0.));
#9380=DIRECTION('',(0.,0.,1.));
#9381=DIRECTION('',(0.,1.,0.));
#9382=DIRECTION('',(0.,0.,1.));
#9383=DIRECTION('',(0.,1.,0.));
#9384=DIRECTION('',(0.,0.,1.));
#9385=DIRECTION('',(-0.204643418216159,0.,0.978836590744751));
#9386=DIRECTION('',(0.,1.,0.));
#9387=DIRECTION('',(0.,0.,1.));
#9388=DIRECTION('',(0.,1.,0.));
#9389=DIRECTION('',(0.,0.,1.));
#9390=DIRECTION('',(0.,1.,0.));
#9391=DIRECTION('',(0.,0.,1.));
#9392=DIRECTION('',(0.,1.,0.));
#9393=DIRECTION('',(0.,0.,1.));
#9394=DIRECTION('',(0.,1.,0.));
#9395=DIRECTION('',(0.,0.,1.));
#9396=DIRECTION('',(0.208049632074955,0.,-0.978118270248274));
#9397=DIRECTION('',(0.,1.,0.));
#9398=DIRECTION('',(0.,0.,1.));
#9399=DIRECTION('',(0.,1.,0.));
#9400=DIRECTION('',(0.,0.,1.));
#9401=DIRECTION('',(0.,1.,0.));
#9402=DIRECTION('',(0.,0.,1.));
#9403=DIRECTION('',(0.,1.,0.));
#9404=DIRECTION('',(0.,0.,1.));
#9405=DIRECTION('',(0.,1.,0.));
#9406=DIRECTION('',(0.,0.,1.));
#9407=DIRECTION('',(-0.199919211303868,0.,0.979812384567392));
#9408=DIRECTION('',(0.,1.,0.));
#9409=DIRECTION('',(0.,0.,1.));
#9410=DIRECTION('',(0.,1.,0.));
#9411=DIRECTION('',(0.,0.,1.));
#9412=DIRECTION('',(0.,1.,0.));
#9413=DIRECTION('',(0.,0.,1.));
#9414=DIRECTION('',(0.,1.,0.));
#9415=DIRECTION('',(0.,0.,1.));
#9416=DIRECTION('',(0.,1.,0.));
#9417=DIRECTION('',(0.,0.,1.));
#9418=DIRECTION('',(0.208030653067019,0.,-0.97812230696601));
#9419=DIRECTION('',(0.,1.,0.));
#9420=DIRECTION('',(0.,0.,1.));
#9421=DIRECTION('',(0.,1.,0.));
#9422=DIRECTION('',(0.,0.,1.));
#9423=DIRECTION('',(0.,1.,0.));
#9424=DIRECTION('',(0.,0.,1.));
#9425=DIRECTION('',(0.,1.,0.));
#9426=DIRECTION('',(0.,0.,1.));
#9427=DIRECTION('',(-0.209529088730877,0.,0.977802414077409));
#9428=DIRECTION('',(0.,1.,0.));
#9429=DIRECTION('',(0.,0.,1.));
#9430=DIRECTION('',(0.,1.,0.));
#9431=DIRECTION('',(0.,0.,1.));
#9432=DIRECTION('',(-0.209329979847463,0.,0.977845059064605));
#9433=DIRECTION('',(0.,1.,0.));
#9434=DIRECTION('',(0.,0.,1.));
#9435=DIRECTION('',(0.,1.,0.));
#9436=DIRECTION('',(0.,0.,1.));
#9437=DIRECTION('',(0.,1.,0.));
#9438=DIRECTION('',(0.,0.,1.));
#9439=DIRECTION('',(0.,1.,0.));
#9440=DIRECTION('',(0.,0.,1.));
#9441=DIRECTION('',(0.,1.,0.));
#9442=DIRECTION('',(0.,0.,1.));
#9443=DIRECTION('',(0.208049632074955,0.,-0.978118270248274));
#9444=DIRECTION('',(0.,1.,0.));
#9445=DIRECTION('',(0.,0.,1.));
#9446=DIRECTION('',(0.,1.,0.));
#9447=DIRECTION('',(0.,0.,1.));
#9448=DIRECTION('',(0.,1.,0.));
#9449=DIRECTION('',(0.,0.,1.));
#9450=DIRECTION('',(0.,1.,0.));
#9451=DIRECTION('',(0.,0.,1.));
#9452=DIRECTION('',(0.,1.,0.));
#9453=DIRECTION('',(0.,0.,1.));
#9454=DIRECTION('',(-0.204643418216159,0.,0.97883659074475));
#9455=DIRECTION('',(0.,1.,0.));
#9456=DIRECTION('',(0.,0.,1.));
#9457=DIRECTION('',(0.,1.,0.));
#9458=DIRECTION('',(0.,0.,1.));
#9459=DIRECTION('',(0.,1.,0.));
#9460=DIRECTION('',(0.,0.,1.));
#9461=DIRECTION('',(0.,1.,0.));
#9462=DIRECTION('',(0.,0.,1.));
#9463=DIRECTION('',(0.,1.,0.));
#9464=DIRECTION('',(0.,0.,1.));
#9465=DIRECTION('',(0.208049632074955,0.,-0.978118270248274));
#9466=DIRECTION('',(0.,1.,0.));
#9467=DIRECTION('',(0.,0.,1.));
#9468=DIRECTION('',(0.,1.,0.));
#9469=DIRECTION('',(0.,0.,1.));
#9470=DIRECTION('',(0.,1.,0.));
#9471=DIRECTION('',(0.,0.,1.));
#9472=DIRECTION('',(0.,1.,0.));
#9473=DIRECTION('',(0.,0.,1.));
#9474=DIRECTION('',(0.,1.,0.));
#9475=DIRECTION('',(0.,0.,1.));
#9476=DIRECTION('',(-0.199919211303871,0.,0.979812384567392));
#9477=DIRECTION('',(0.,1.,0.));
#9478=DIRECTION('',(0.,0.,1.));
#9479=DIRECTION('',(0.,1.,0.));
#9480=DIRECTION('',(0.,0.,1.));
#9481=DIRECTION('',(0.,1.,0.));
#9482=DIRECTION('',(0.,0.,1.));
#9483=DIRECTION('',(0.,1.,0.));
#9484=DIRECTION('',(0.,0.,1.));
#9485=DIRECTION('',(0.,1.,0.));
#9486=DIRECTION('',(0.,0.,1.));
#9487=DIRECTION('',(0.,1.,0.));
#9488=DIRECTION('',(0.,0.,1.));
#9489=DIRECTION('',(0.,1.,0.));
#9490=DIRECTION('',(0.,0.,1.));
#9491=DIRECTION('',(0.,1.,0.));
#9492=DIRECTION('',(0.,0.,1.));
#9493=DIRECTION('',(0.,1.,0.));
#9494=DIRECTION('',(0.,0.,1.));
#9495=DIRECTION('',(0.,1.,0.));
#9496=DIRECTION('',(0.,0.,1.));
#9497=DIRECTION('',(0.,1.,0.));
#9498=DIRECTION('',(0.,0.,1.));
#9499=DIRECTION('',(0.,1.,0.));
#9500=DIRECTION('',(0.,0.,1.));
#9501=DIRECTION('',(0.,1.,0.));
#9502=DIRECTION('',(0.,0.,1.));
#9503=DIRECTION('',(0.,1.,0.));
#9504=DIRECTION('',(0.,0.,1.));
#9505=DIRECTION('',(0.,1.,0.));
#9506=DIRECTION('',(0.,0.,1.));
#9507=DIRECTION('',(0.,1.,0.));
#9508=DIRECTION('',(0.,0.,1.));
#9509=DIRECTION('',(0.,1.,0.));
#9510=DIRECTION('',(0.,0.,1.));
#9511=DIRECTION('',(0.,1.,0.));
#9512=DIRECTION('',(0.,0.,1.));
#9513=DIRECTION('',(0.,1.,0.));
#9514=DIRECTION('',(0.,0.,1.));
#9515=DIRECTION('',(0.,1.,0.));
#9516=DIRECTION('',(0.,0.,1.));
#9517=DIRECTION('',(0.,1.,0.));
#9518=DIRECTION('',(0.,0.,1.));
#9519=DIRECTION('',(0.,1.,0.));
#9520=DIRECTION('',(0.,0.,1.));
#9521=DIRECTION('',(0.,1.,0.));
#9522=DIRECTION('',(0.,0.,1.));
#9523=DIRECTION('',(-0.863230346305633,0.,0.504810230895786));
#9524=DIRECTION('',(0.,1.,0.));
#9525=DIRECTION('',(0.,0.,1.));
#9526=DIRECTION('',(-4.6901263924882E-15,-1.,-3.62741755980711E-14));
#9527=DIRECTION('',(0.259377651819761,-3.51070138795074E-14,0.965775974921962));
#9528=DIRECTION('',(0.,1.,0.));
#9529=DIRECTION('',(0.,0.,1.));
#9530=DIRECTION('',(0.,1.,0.));
#9531=DIRECTION('',(0.,0.,1.));
#9532=DIRECTION('',(0.,1.,0.));
#9533=DIRECTION('',(0.,0.,1.));
#9534=DIRECTION('',(0.,1.,0.));
#9535=DIRECTION('',(0.,0.,1.));
#9536=DIRECTION('',(0.,1.,0.));
#9537=DIRECTION('',(0.,0.,1.));
#9538=DIRECTION('',(0.,1.,0.));
#9539=DIRECTION('',(0.,0.,1.));
#9540=DIRECTION('',(0.,1.,0.));
#9541=DIRECTION('',(0.,0.,1.));
#9542=DIRECTION('',(0.,1.,0.));
#9543=DIRECTION('',(0.,0.,1.));
#9544=DIRECTION('',(0.,1.,0.));
#9545=DIRECTION('',(0.,0.,1.));
#9546=DIRECTION('',(0.,1.,0.));
#9547=DIRECTION('',(0.,0.,1.));
#9548=DIRECTION('',(0.,1.,0.));
#9549=DIRECTION('',(0.,0.,1.));
#9550=DIRECTION('',(0.,1.,0.));
#9551=DIRECTION('',(0.,0.,1.));
#9552=DIRECTION('',(-1.,0.,-1.70169594629437E-15));
#9553=DIRECTION('',(0.,1.,0.));
#9554=DIRECTION('',(0.,0.,1.));
#9555=DIRECTION('',(0.,1.,0.));
#9556=DIRECTION('',(0.,0.,1.));
#9557=DIRECTION('',(0.,1.,0.));
#9558=DIRECTION('',(0.,0.,1.));
#9559=DIRECTION('',(0.,1.,0.));
#9560=DIRECTION('',(0.,0.,1.));
#9561=DIRECTION('',(1.,0.,1.61977390955848E-15));
#9562=DIRECTION('',(0.221044093330175,0.,-0.975263814977179));
#9563=DIRECTION('',(-0.761296151027796,0.,0.648404326350668));
#9564=DIRECTION('',(0.,1.,0.));
#9565=DIRECTION('',(0.,0.,1.));
#9566=DIRECTION('',(0.,1.,0.));
#9567=DIRECTION('',(0.,0.,1.));
#9568=DIRECTION('',(0.,1.,0.));
#9569=DIRECTION('',(0.,0.,1.));
#9570=DIRECTION('',(0.,1.,0.));
#9571=DIRECTION('',(0.,0.,1.));
#9572=DIRECTION('',(0.,1.,0.));
#9573=DIRECTION('',(0.,0.,1.));
#9574=DIRECTION('',(0.748422320956714,0.,-0.663222458526372));
#9575=DIRECTION('',(0.,1.,0.));
#9576=DIRECTION('',(0.,0.,1.));
#9577=DIRECTION('',(0.,1.,0.));
#9578=DIRECTION('',(0.,0.,1.));
#9579=DIRECTION('',(-0.218319058171335,0.,0.975877445604304));
#9580=DIRECTION('',(1.,0.,1.50786225762535E-15));
#9581=DIRECTION('',(0.,1.,0.));
#9582=DIRECTION('',(0.,0.,1.));
#9583=DIRECTION('',(0.,1.,0.));
#9584=DIRECTION('',(0.,0.,1.));
#9585=DIRECTION('',(0.,1.,0.));
#9586=DIRECTION('',(0.,0.,1.));
#9587=DIRECTION('',(0.,1.,0.));
#9588=DIRECTION('',(0.,0.,1.));
#9589=DIRECTION('',(0.,1.,0.));
#9590=DIRECTION('',(1.,0.,0.));
#9591=DIRECTION('',(0.,1.,0.));
#9592=DIRECTION('',(0.,0.,1.));
#9593=DIRECTION('',(0.,1.,0.));
#9594=DIRECTION('',(0.,0.,1.));
#9595=DIRECTION('',(0.,1.,0.));
#9596=DIRECTION('',(0.,0.,1.));
#9597=DIRECTION('',(0.,1.,0.));
#9598=DIRECTION('',(0.,0.,1.));
#9599=DIRECTION('',(0.208030653067009,0.,-0.978122306966012));
#9600=DIRECTION('',(0.,1.,0.));
#9601=DIRECTION('',(0.,0.,1.));
#9602=DIRECTION('',(0.,1.,0.));
#9603=DIRECTION('',(0.,0.,1.));
#9604=DIRECTION('',(0.,1.,0.));
#9605=DIRECTION('',(0.,0.,1.));
#9606=DIRECTION('',(0.,1.,0.));
#9607=DIRECTION('',(0.,0.,1.));
#9608=DIRECTION('',(-0.209529088730829,0.,0.977802414077419));
#9609=DIRECTION('',(0.,1.,0.));
#9610=DIRECTION('',(0.,0.,1.));
#9611=DIRECTION('',(0.,1.,0.));
#9612=DIRECTION('',(0.,0.,1.));
#9613=DIRECTION('',(-0.209329979847466,0.,0.977845059064604));
#9614=DIRECTION('',(0.,1.,0.));
#9615=DIRECTION('',(0.,0.,1.));
#9616=DIRECTION('',(0.,1.,0.));
#9617=DIRECTION('',(0.,0.,1.));
#9618=DIRECTION('',(0.,1.,0.));
#9619=DIRECTION('',(0.,0.,1.));
#9620=DIRECTION('',(0.,1.,0.));
#9621=DIRECTION('',(0.,0.,1.));
#9622=DIRECTION('',(0.,1.,0.));
#9623=DIRECTION('',(0.,0.,1.));
#9624=DIRECTION('',(0.208049632074946,0.,-0.978118270248276));
#9625=DIRECTION('',(0.,1.,0.));
#9626=DIRECTION('',(0.,0.,1.));
#9627=DIRECTION('',(0.,1.,0.));
#9628=DIRECTION('',(0.,0.,1.));
#9629=DIRECTION('',(0.,1.,0.));
#9630=DIRECTION('',(0.,0.,1.));
#9631=DIRECTION('',(0.,1.,0.));
#9632=DIRECTION('',(0.,0.,1.));
#9633=DIRECTION('',(0.,1.,0.));
#9634=DIRECTION('',(0.,0.,1.));
#9635=DIRECTION('',(0.,1.,0.));
#9636=DIRECTION('',(0.,0.,1.));
#9637=DIRECTION('',(-0.204643418216139,0.,0.978836590744755));
#9638=DIRECTION('',(0.,1.,0.));
#9639=DIRECTION('',(0.,0.,1.));
#9640=DIRECTION('',(0.,1.,0.));
#9641=DIRECTION('',(0.,0.,1.));
#9642=DIRECTION('',(0.,1.,0.));
#9643=DIRECTION('',(0.,0.,1.));
#9644=DIRECTION('',(0.,1.,0.));
#9645=DIRECTION('',(0.,0.,1.));
#9646=DIRECTION('',(0.,1.,0.));
#9647=DIRECTION('',(0.,0.,1.));
#9648=DIRECTION('',(0.208049632074946,0.,-0.978118270248276));
#9649=DIRECTION('',(0.,1.,0.));
#9650=DIRECTION('',(0.,0.,1.));
#9651=DIRECTION('',(0.,1.,0.));
#9652=DIRECTION('',(0.,0.,1.));
#9653=DIRECTION('',(0.,1.,0.));
#9654=DIRECTION('',(0.,0.,1.));
#9655=DIRECTION('',(0.,1.,0.));
#9656=DIRECTION('',(0.,0.,1.));
#9657=DIRECTION('',(0.,1.,0.));
#9658=DIRECTION('',(0.,0.,1.));
#9659=DIRECTION('',(-0.199919211303884,0.,0.979812384567389));
#9660=DIRECTION('',(0.,1.,0.));
#9661=DIRECTION('',(0.,0.,1.));
#9662=DIRECTION('',(0.,1.,0.));
#9663=DIRECTION('',(0.,0.,1.));
#9664=DIRECTION('',(0.,1.,0.));
#9665=DIRECTION('',(0.,0.,1.));
#9666=DIRECTION('',(0.,1.,0.));
#9667=DIRECTION('',(0.,0.,1.));
#9668=DIRECTION('',(0.,1.,0.));
#9669=DIRECTION('',(0.,0.,1.));
#9670=DIRECTION('',(0.582651811562656,0.,-0.812721887537647));
#9671=DIRECTION('',(-1.,0.,0.));
#9672=DIRECTION('',(0.,1.,0.));
#9673=DIRECTION('',(0.,0.,1.));
#9674=DIRECTION('',(0.,1.,0.));
#9675=DIRECTION('',(0.,0.,1.));
#9676=DIRECTION('',(0.,1.,0.));
#9677=DIRECTION('',(0.,0.,1.));
#9678=DIRECTION('',(0.,1.,0.));
#9679=DIRECTION('',(0.,0.,1.));
#9680=DIRECTION('',(1.,0.,0.));
#9681=DIRECTION('',(0.,1.,0.));
#9682=DIRECTION('',(0.,0.,1.));
#9683=DIRECTION('',(0.,1.,0.));
#9684=DIRECTION('',(0.,0.,1.));
#9685=DIRECTION('',(0.,1.,0.));
#9686=DIRECTION('',(0.,0.,1.));
#9687=DIRECTION('',(-0.583283882116378,0.,0.812268374900345));
#9688=DIRECTION('',(0.,1.,0.));
#9689=DIRECTION('',(0.,0.,1.));
#9690=DIRECTION('',(0.,1.,0.));
#9691=DIRECTION('',(0.,0.,1.));
#9692=DIRECTION('',(0.,1.,0.));
#9693=DIRECTION('',(0.,0.,1.));
#9694=DIRECTION('',(0.,1.,0.));
#9695=DIRECTION('',(0.,0.,1.));
#9696=DIRECTION('',(0.208030653067009,0.,-0.978122306966012));
#9697=DIRECTION('',(0.,1.,0.));
#9698=DIRECTION('',(0.,0.,1.));
#9699=DIRECTION('',(0.,1.,0.));
#9700=DIRECTION('',(0.,0.,1.));
#9701=DIRECTION('',(0.,1.,0.));
#9702=DIRECTION('',(0.,0.,1.));
#9703=DIRECTION('',(0.,1.,0.));
#9704=DIRECTION('',(0.,0.,1.));
#9705=DIRECTION('',(-0.209529088730829,0.,0.977802414077419));
#9706=DIRECTION('',(0.,1.,0.));
#9707=DIRECTION('',(0.,0.,1.));
#9708=DIRECTION('',(0.,1.,0.));
#9709=DIRECTION('',(0.,0.,1.));
#9710=DIRECTION('',(-0.209329979847466,0.,0.977845059064604));
#9711=DIRECTION('',(0.,1.,0.));
#9712=DIRECTION('',(0.,0.,1.));
#9713=DIRECTION('',(0.,1.,0.));
#9714=DIRECTION('',(0.,0.,1.));
#9715=DIRECTION('',(0.,1.,0.));
#9716=DIRECTION('',(0.,0.,1.));
#9717=DIRECTION('',(0.,1.,0.));
#9718=DIRECTION('',(0.,0.,1.));
#9719=DIRECTION('',(0.,1.,0.));
#9720=DIRECTION('',(0.,0.,1.));
#9721=DIRECTION('',(0.208049632074947,0.,-0.978118270248276));
#9722=DIRECTION('',(0.,1.,0.));
#9723=DIRECTION('',(0.,0.,1.));
#9724=DIRECTION('',(0.,1.,0.));
#9725=DIRECTION('',(0.,0.,1.));
#9726=DIRECTION('',(0.,1.,0.));
#9727=DIRECTION('',(0.,0.,1.));
#9728=DIRECTION('',(0.,1.,0.));
#9729=DIRECTION('',(0.,0.,1.));
#9730=DIRECTION('',(0.,1.,0.));
#9731=DIRECTION('',(0.,0.,1.));
#9732=DIRECTION('',(0.,1.,0.));
#9733=DIRECTION('',(0.,0.,1.));
#9734=DIRECTION('',(-0.204643418216139,0.,0.978836590744755));
#9735=DIRECTION('',(0.,1.,0.));
#9736=DIRECTION('',(0.,0.,1.));
#9737=DIRECTION('',(0.,1.,0.));
#9738=DIRECTION('',(0.,0.,1.));
#9739=DIRECTION('',(0.,1.,0.));
#9740=DIRECTION('',(0.,0.,1.));
#9741=DIRECTION('',(0.,1.,0.));
#9742=DIRECTION('',(0.,0.,1.));
#9743=DIRECTION('',(0.,1.,0.));
#9744=DIRECTION('',(0.,0.,1.));
#9745=DIRECTION('',(0.208049632074947,0.,-0.978118270248276));
#9746=DIRECTION('',(0.,1.,0.));
#9747=DIRECTION('',(0.,0.,1.));
#9748=DIRECTION('',(0.,1.,0.));
#9749=DIRECTION('',(0.,0.,1.));
#9750=DIRECTION('',(0.,1.,0.));
#9751=DIRECTION('',(0.,0.,1.));
#9752=DIRECTION('',(0.,1.,0.));
#9753=DIRECTION('',(0.,0.,1.));
#9754=DIRECTION('',(0.,1.,0.));
#9755=DIRECTION('',(0.,0.,1.));
#9756=DIRECTION('',(-0.199919211303884,0.,0.979812384567389));
#9757=DIRECTION('',(0.,1.,0.));
#9758=DIRECTION('',(0.,0.,1.));
#9759=DIRECTION('',(-1.,0.,0.));
#9760=DIRECTION('',(0.,1.,0.));
#9761=DIRECTION('',(0.,0.,1.));
#9762=DIRECTION('',(0.,1.,0.));
#9763=DIRECTION('',(0.,0.,1.));
#9764=DIRECTION('',(0.,1.,0.));
#9765=DIRECTION('',(0.,0.,1.));
#9766=DIRECTION('',(0.,1.,0.));
#9767=DIRECTION('',(0.,0.,1.));
#9768=DIRECTION('',(1.,0.,0.));
#9769=DIRECTION('',(0.221044093330168,0.,-0.97526381497718));
#9770=DIRECTION('',(-0.761296151027798,0.,0.648404326350666));
#9771=DIRECTION('',(0.,1.,0.));
#9772=DIRECTION('',(0.,0.,1.));
#9773=DIRECTION('',(0.,1.,0.));
#9774=DIRECTION('',(0.,0.,1.));
#9775=DIRECTION('',(0.,1.,0.));
#9776=DIRECTION('',(0.,0.,1.));
#9777=DIRECTION('',(0.,1.,0.));
#9778=DIRECTION('',(0.,0.,1.));
#9779=DIRECTION('',(0.,1.,0.));
#9780=DIRECTION('',(0.,0.,1.));
#9781=DIRECTION('',(0.748422320956712,0.,-0.663222458526374));
#9782=DIRECTION('',(0.,1.,0.));
#9783=DIRECTION('',(0.,0.,1.));
#9784=DIRECTION('',(0.,1.,0.));
#9785=DIRECTION('',(0.,0.,1.));
#9786=DIRECTION('',(0.,1.,0.));
#9787=DIRECTION('',(0.,0.,1.));
#9788=DIRECTION('',(-0.218319058171339,0.,0.975877445604303));
#9789=DIRECTION('',(1.,0.,0.));
#9790=DIRECTION('',(0.,1.,0.));
#9791=DIRECTION('',(0.,0.,1.));
#9792=DIRECTION('',(0.,1.,0.));
#9793=DIRECTION('',(0.,0.,1.));
#9794=DIRECTION('',(0.,1.,0.));
#9795=DIRECTION('',(0.,0.,1.));
#9796=DIRECTION('',(0.,1.,0.));
#9797=DIRECTION('',(0.,0.,1.));
#9798=DIRECTION('',(0.,1.,0.));
#9799=DIRECTION('',(1.,0.,0.));
#9800=DIRECTION('',(-1.,0.,0.));
#9801=DIRECTION('',(-0.3646409665029,0.,-0.931148197414263));
#9802=DIRECTION('',(-1.,0.,0.));
#9803=DIRECTION('',(-0.360741980673224,0.,0.93266565465871));
#9804=DIRECTION('',(-1.,0.,0.));
#9805=DIRECTION('',(0.366279776202125,0.,-0.930504769222233));
#9806=DIRECTION('',(1.,0.,0.));
#9807=DIRECTION('',(0.364697763408864,0.,0.931125953544724));
#9808=DIRECTION('',(0.,1.,0.));
#9809=DIRECTION('',(1.,0.,0.));
#9810=DIRECTION('',(0.,1.,0.));
#9811=DIRECTION('',(1.,0.,0.));
#9812=DIRECTION('',(-1.,0.,0.));
#9813=DIRECTION('',(0.,0.,1.));
#9814=DIRECTION('',(-1.,0.,0.));
#9815=DIRECTION('',(0.,0.,-1.));
#9816=DIRECTION('',(1.,0.,0.));
#9817=DIRECTION('',(0.,0.,1.));
#9818=DIRECTION('',(-1.,0.,0.));
#9819=DIRECTION('',(0.,0.,-1.));
#9820=DIRECTION('',(1.,0.,0.));
#9821=DIRECTION('',(0.,0.,1.));
#9822=DIRECTION('',(-1.,0.,0.));
#9823=DIRECTION('',(0.,0.,1.));
#9824=DIRECTION('',(1.,0.,0.));
#9825=DIRECTION('',(0.,0.,1.));
#9826=DIRECTION('',(-1.,0.,0.));
#9827=DIRECTION('',(0.,0.,1.));
#9828=DIRECTION('',(1.,0.,0.));
#9829=DIRECTION('',(0.,0.,1.));
#9830=DIRECTION('',(-1.,0.,0.));
#9831=DIRECTION('',(-0.545740986752486,0.,-0.83795392199));
#9832=DIRECTION('',(-1.,0.,0.));
#9833=DIRECTION('',(0.,1.,0.));
#9834=DIRECTION('',(0.,0.,1.));
#9835=DIRECTION('',(0.,0.,1.));
#9836=DIRECTION('',(-1.,0.,0.));
#9837=DIRECTION('',(0.,0.,-1.));
#9838=DIRECTION('',(1.,0.,0.));
#9839=DIRECTION('',(0.546321300020589,0.,0.837575690396882));
#9840=DIRECTION('',(1.,0.,0.));
#9841=DIRECTION('',(0.,1.,0.));
#9842=DIRECTION('',(0.,0.,1.));
#9843=DIRECTION('',(0.,1.,0.));
#9844=DIRECTION('',(0.,0.,1.));
#9845=DIRECTION('',(0.,0.,-1.));
#9846=DIRECTION('',(1.,0.,0.));
#9847=DIRECTION('',(0.,0.,1.));
#9848=DIRECTION('',(-1.,0.,0.));
#9849=DIRECTION('',(-0.545740986752486,0.,-0.83795392199));
#9850=DIRECTION('',(-1.,0.,0.));
#9851=DIRECTION('',(0.,1.,0.));
#9852=DIRECTION('',(0.,0.,1.));
#9853=DIRECTION('',(0.,0.,1.));
#9854=DIRECTION('',(-1.,0.,0.));
#9855=DIRECTION('',(0.,0.,-1.));
#9856=DIRECTION('',(1.,0.,0.));
#9857=DIRECTION('',(0.546321300020589,0.,0.837575690396882));
#9858=DIRECTION('',(1.,0.,0.));
#9859=DIRECTION('',(0.,1.,0.));
#9860=DIRECTION('',(0.,0.,1.));
#9861=DIRECTION('',(0.,1.,0.));
#9862=DIRECTION('',(0.,0.,1.));
#9863=DIRECTION('',(0.,0.,-1.));
#9864=DIRECTION('',(1.,0.,0.));
#9865=DIRECTION('',(-1.,0.,0.));
#9866=DIRECTION('',(0.,0.,1.));
#9867=DIRECTION('',(-1.,0.,0.));
#9868=DIRECTION('',(0.,0.,-1.));
#9869=DIRECTION('',(1.,0.,0.));
#9870=DIRECTION('',(0.517312852015986,0.,0.855796361957146));
#9871=DIRECTION('',(-1.,0.,0.));
#9872=DIRECTION('',(-0.503078927228833,0.,-0.86424047173127));
#9873=DIRECTION('',(0.,0.,-1.));
#9874=DIRECTION('',(0.,1.,0.));
#9875=DIRECTION('',(0.,0.,1.));
#9876=DIRECTION('',(0.,1.,0.));
#9877=DIRECTION('',(0.,0.,1.));
#9878=DIRECTION('',(0.,1.,0.));
#9879=DIRECTION('',(0.,0.,1.));
#9880=DIRECTION('',(-0.338142350146593,0.,0.941094974504348));
#9881=DIRECTION('',(0.,-1.,0.));
#9882=DIRECTION('',(-1.,0.,0.));
#9883=DIRECTION('',(0.,-1.,0.));
#9884=DIRECTION('',(0.,-1.,0.));
#9885=DIRECTION('',(-1.,0.,0.));
#9886=DIRECTION('',(0.,-1.,0.));
#9887=DIRECTION('',(0.,1.,0.));
#9888=DIRECTION('',(1.,0.,0.));
#9889=DIRECTION('',(0.,1.,0.));
#9890=DIRECTION('',(1.,0.,0.));
#9891=DIRECTION('',(0.,1.,0.));
#9892=DIRECTION('',(1.,0.,0.));
#9893=DIRECTION('',(0.,-1.,0.));
#9894=DIRECTION('',(-1.,0.,0.));
#9895=DIRECTION('',(0.,-1.,0.));
#9896=DIRECTION('',(-0.292371704722737,0.,-0.956304755963035));
#9897=DIRECTION('',(-0.956304755963035,0.,0.292371704722737));
#9898=DIRECTION('',(0.,-1.,0.));
#9899=DIRECTION('',(0.,-1.,0.));
#9900=DIRECTION('',(-1.,0.,0.));
#9901=DIRECTION('',(0.,-1.,0.));
#9902=DIRECTION('',(-0.292371704722737,0.,-0.956304755963035));
#9903=DIRECTION('',(-0.956304755963035,0.,0.292371704722737));
#9904=DIRECTION('',(0.,1.,0.));
#9905=DIRECTION('',(1.,0.,0.));
#9906=DIRECTION('',(0.,-1.,0.));
#9907=DIRECTION('',(-1.,0.,0.));
#9908=DIRECTION('',(0.,-1.,0.));
#9909=DIRECTION('',(0.397129806311814,0.,0.917762451257808));
#9910=DIRECTION('',(0.917762451257808,0.,-0.397129806311814));
#9911=DIRECTION('',(0.,-1.,0.));
#9912=DIRECTION('',(0.,-1.,0.));
#9913=DIRECTION('',(-1.,0.,0.));
#9914=DIRECTION('',(0.,-1.,0.));
#9915=DIRECTION('',(0.397129806311814,0.,0.917762451257808));
#9916=DIRECTION('',(0.917762451257808,0.,-0.397129806311814));
#9917=DIRECTION('',(0.,1.,0.));
#9918=DIRECTION('',(1.,0.,0.));
#9919=DIRECTION('',(0.,0.,1.));
#9920=DIRECTION('',(0.,-1.,0.));
#9921=DIRECTION('',(1.,0.,0.));
#9922=DIRECTION('',(0.,1.,0.));
#9923=DIRECTION('',(1.,0.,0.));
#9924=DIRECTION('',(0.,1.,0.));
#9925=DIRECTION('',(-1.,0.,0.));
#9926=DIRECTION('',(0.,1.,0.));
#9927=DIRECTION('',(0.,0.,1.));
#9928=DIRECTION('',(0.,1.,0.));
#9929=DIRECTION('',(0.,0.,1.));
#9930=DIRECTION('',(0.,0.,-1.));
#9931=DIRECTION('',(0.,1.,0.));
#9932=DIRECTION('',(-1.,0.,0.));
#9933=DIRECTION('',(0.,1.,0.));
#9934=DIRECTION('',(-1.,0.,0.));
#9935=DIRECTION('',(0.,1.,0.));
#9936=DIRECTION('',(0.,1.,0.));
#9937=DIRECTION('',(0.,1.,0.));
#9938=DIRECTION('',(0.,1.,0.));
#9939=DIRECTION('',(0.,1.,0.));
#9940=DIRECTION('',(0.,1.,0.));
#9941=DIRECTION('',(0.,0.,1.));
#9942=DIRECTION('',(0.,-1.,0.));
#9943=DIRECTION('',(0.,1.,0.));
#9944=DIRECTION('',(1.,0.,0.));
#9945=DIRECTION('',(1.,0.,0.));
#9946=DIRECTION('',(0.,-1.,0.));
#9947=DIRECTION('',(0.,1.,0.));
#9948=DIRECTION('',(0.,0.,-1.));
#9949=DIRECTION('',(0.,0.,-1.));
#9950=DIRECTION('',(0.,1.,0.));
#9951=DIRECTION('',(0.,1.,0.));
#9952=DIRECTION('',(-1.,0.,0.));
#9953=DIRECTION('',(-1.,0.,0.));
#9954=DIRECTION('',(0.,1.,0.));
#9955=DIRECTION('',(0.,1.,0.));
#9956=DIRECTION('',(0.,0.,1.));
#9957=DIRECTION('',(0.,0.,-1.));
#9958=DIRECTION('',(0.,1.,0.));
#9959=DIRECTION('',(0.,1.,0.));
#9960=DIRECTION('',(-1.,0.,0.));
#9961=DIRECTION('',(0.,1.,0.));
#9962=DIRECTION('',(1.,0.,0.));
#9963=DIRECTION('',(0.,0.,-1.));
#9964=DIRECTION('',(0.,1.,0.));
#9965=DIRECTION('',(0.,1.,0.));
#9966=DIRECTION('',(-1.,0.,0.));
#9967=DIRECTION('',(0.,1.,0.));
#9968=DIRECTION('',(-1.,0.,0.));
#9969=DIRECTION('',(0.,1.,0.));
#9970=DIRECTION('',(0.,1.,0.));
#9971=DIRECTION('',(0.,0.,1.));
#9972=DIRECTION('',(0.,0.,1.));
#9973=DIRECTION('',(0.,-1.,0.));
#9974=DIRECTION('',(0.,1.,0.));
#9975=DIRECTION('',(1.,0.,0.));
#9976=DIRECTION('',(-1.,0.,0.));
#9977=DIRECTION('',(0.,1.,0.));
#9978=DIRECTION('',(0.,1.,0.));
#9979=DIRECTION('',(0.,0.,1.));
#9980=DIRECTION('',(0.,0.,-1.));
#9981=DIRECTION('',(0.,1.,0.));
#9982=DIRECTION('',(0.,1.,0.));
#9983=DIRECTION('',(-1.,0.,0.));
#9984=DIRECTION('',(-1.,0.,0.));
#9985=DIRECTION('',(0.,1.,0.));
#9986=DIRECTION('',(0.,1.,0.));
#9987=DIRECTION('',(0.,0.,1.));
#9988=DIRECTION('',(0.,0.,1.));
#9989=DIRECTION('',(0.,-1.,0.));
#9990=DIRECTION('',(0.,1.,0.));
#9991=DIRECTION('',(1.,0.,0.));
#9992=DIRECTION('',(-1.,0.,0.));
#9993=DIRECTION('',(0.,1.,0.));
#9994=DIRECTION('',(0.,1.,0.));
#9995=DIRECTION('',(0.,0.,1.));
#9996=DIRECTION('',(0.,0.,-1.));
#9997=DIRECTION('',(0.,1.,0.));
#9998=DIRECTION('',(0.,1.,0.));
#9999=DIRECTION('',(-1.,0.,0.));
#10000=DIRECTION('',(-1.,0.,0.));
#10001=DIRECTION('',(0.,1.,0.));
#10002=DIRECTION('',(0.,1.,0.));
#10003=DIRECTION('',(0.,0.,1.));
#10004=DIRECTION('',(0.,0.,1.));
#10005=DIRECTION('',(0.,-1.,0.));
#10006=DIRECTION('',(0.,1.,0.));
#10007=DIRECTION('',(1.,0.,0.));
#10008=DIRECTION('',(1.,0.,0.));
#10009=DIRECTION('',(0.,-1.,0.));
#10010=DIRECTION('',(0.,0.,-1.));
#10011=DIRECTION('',(0.,1.,0.));
#10012=DIRECTION('',(1.,0.,0.));
#10013=DIRECTION('',(0.,0.,-1.));
#10014=DIRECTION('',(0.,1.,0.));
#10015=DIRECTION('',(0.,1.,0.));
#10016=DIRECTION('',(-1.,0.,0.));
#10017=DIRECTION('',(0.,1.,0.));
#10018=DIRECTION('',(-1.,0.,0.));
#10019=DIRECTION('',(0.,1.,0.));
#10020=DIRECTION('',(0.,1.,0.));
#10021=DIRECTION('',(0.,0.,1.));
#10022=DIRECTION('',(0.,0.,1.));
#10023=DIRECTION('',(0.,-1.,0.));
#10024=DIRECTION('',(0.,1.,0.));
#10025=DIRECTION('',(1.,0.,0.));
#10026=DIRECTION('',(1.,0.,0.));
#10027=DIRECTION('',(0.,-1.,0.));
#10028=DIRECTION('',(0.,1.,0.));
#10029=DIRECTION('',(0.,0.,-1.));
#10030=DIRECTION('',(0.,1.,0.));
#10031=DIRECTION('',(-0.999795158446898,0.,0.0202395935271137));
#10032=DIRECTION('',(0.,1.,0.));
#10033=DIRECTION('',(0.,1.,0.));
#10034=DIRECTION('',(0.,0.,1.));
#10035=DIRECTION('',(0.,1.,0.));
#10036=DIRECTION('',(-0.998604161237667,0.,0.0528178867318155));
#10037=DIRECTION('',(0.,1.,0.));
#10038=DIRECTION('',(0.,1.,0.));
#10039=DIRECTION('',(0.,0.,1.));
#10040=DIRECTION('',(0.,0.,1.));
#10041=DIRECTION('',(0.,-1.,0.));
#10042=DIRECTION('',(0.,1.,0.));
#10043=DIRECTION('',(1.,0.,0.));
#10044=DIRECTION('',(-0.837575690396882,0.,0.546321300020589));
#10045=DIRECTION('',(0.546321300020589,0.,0.837575690396882));
#10046=DIRECTION('',(0.,1.,0.));
#10047=DIRECTION('',(0.546321300020589,0.,0.837575690396882));
#10048=DIRECTION('',(0.,0.,1.));
#10049=DIRECTION('',(0.,-1.,0.));
#10050=DIRECTION('',(0.,1.,0.));
#10051=DIRECTION('',(1.,0.,0.));
#10052=DIRECTION('',(1.,0.,0.));
#10053=DIRECTION('',(0.,-1.,0.));
#10054=DIRECTION('',(0.,1.,0.));
#10055=DIRECTION('',(0.,0.,-1.));
#10056=DIRECTION('',(0.,0.,-1.));
#10057=DIRECTION('',(0.,1.,0.));
#10058=DIRECTION('',(0.,1.,0.));
#10059=DIRECTION('',(-1.,0.,0.));
#10060=DIRECTION('',(-1.,0.,0.));
#10061=DIRECTION('',(0.,1.,0.));
#10062=DIRECTION('',(0.,1.,0.));
#10063=DIRECTION('',(0.,0.,1.));
#10064=DIRECTION('',(0.,1.,0.));
#10065=DIRECTION('',(0.999228789650785,0.,-0.0392660913897287));
#10066=DIRECTION('',(0.,1.,0.));
#10067=DIRECTION('',(0.,1.,0.));
#10068=DIRECTION('',(0.,0.,1.));
#10069=DIRECTION('',(0.,0.,-1.));
#10070=DIRECTION('',(0.,1.,0.));
#10071=DIRECTION('',(0.,1.,0.));
#10072=DIRECTION('',(-1.,0.,0.));
#10073=DIRECTION('',(0.83795392199,0.,-0.545740986752486));
#10074=DIRECTION('',(-0.545740986752486,0.,-0.83795392199));
#10075=DIRECTION('',(-0.545740986752486,0.,-0.83795392199));
#10076=DIRECTION('',(0.,1.,0.));
#10077=DIRECTION('',(1.,0.,0.));
#10078=DIRECTION('',(0.,0.,-1.));
#10079=DIRECTION('',(0.,1.,0.));
#10080=DIRECTION('',(0.,1.,0.));
#10081=DIRECTION('',(-1.,0.,0.));
#10082=DIRECTION('',(0.,1.,0.));
#10083=DIRECTION('',(-1.,0.,0.));
#10084=DIRECTION('',(0.,1.,0.));
#10085=DIRECTION('',(0.,1.,0.));
#10086=DIRECTION('',(0.,0.,1.));
#10087=DIRECTION('',(0.,0.,1.));
#10088=DIRECTION('',(0.,-1.,0.));
#10089=DIRECTION('',(0.,1.,0.));
#10090=DIRECTION('',(1.,0.,0.));
#10091=DIRECTION('',(1.,0.,0.));
#10092=DIRECTION('',(0.,-1.,0.));
#10093=DIRECTION('',(0.,1.,0.));
#10094=DIRECTION('',(0.,0.,-1.));
#10095=DIRECTION('',(0.,1.,0.));
#10096=DIRECTION('',(-0.999795158446899,0.,0.0202395935270331));
#10097=DIRECTION('',(0.,1.,0.));
#10098=DIRECTION('',(0.,1.,0.));
#10099=DIRECTION('',(0.,0.,1.));
#10100=DIRECTION('',(0.,1.,0.));
#10101=DIRECTION('',(-0.998604161237669,0.,0.0528178867317803));
#10102=DIRECTION('',(0.,1.,0.));
#10103=DIRECTION('',(0.,1.,0.));
#10104=DIRECTION('',(0.,0.,1.));
#10105=DIRECTION('',(0.,0.,1.));
#10106=DIRECTION('',(0.,-1.,0.));
#10107=DIRECTION('',(0.,1.,0.));
#10108=DIRECTION('',(1.,0.,0.));
#10109=DIRECTION('',(-0.837575690396882,0.,0.546321300020589));
#10110=DIRECTION('',(0.546321300020589,0.,0.837575690396882));
#10111=DIRECTION('',(0.,1.,0.));
#10112=DIRECTION('',(0.546321300020589,0.,0.837575690396882));
#10113=DIRECTION('',(0.,0.,1.));
#10114=DIRECTION('',(0.,-1.,0.));
#10115=DIRECTION('',(0.,1.,0.));
#10116=DIRECTION('',(1.,0.,0.));
#10117=DIRECTION('',(1.,0.,0.));
#10118=DIRECTION('',(0.,-1.,0.));
#10119=DIRECTION('',(0.,1.,0.));
#10120=DIRECTION('',(0.,0.,-1.));
#10121=DIRECTION('',(0.,0.,-1.));
#10122=DIRECTION('',(0.,1.,0.));
#10123=DIRECTION('',(0.,1.,0.));
#10124=DIRECTION('',(-1.,0.,0.));
#10125=DIRECTION('',(-1.,0.,0.));
#10126=DIRECTION('',(0.,1.,0.));
#10127=DIRECTION('',(0.,1.,0.));
#10128=DIRECTION('',(0.,0.,1.));
#10129=DIRECTION('',(0.,1.,0.));
#10130=DIRECTION('',(0.999228789650786,0.,-0.0392660913897117));
#10131=DIRECTION('',(0.,1.,0.));
#10132=DIRECTION('',(0.,1.,0.));
#10133=DIRECTION('',(0.,0.,1.));
#10134=DIRECTION('',(0.,0.,-1.));
#10135=DIRECTION('',(0.,1.,0.));
#10136=DIRECTION('',(0.,1.,0.));
#10137=DIRECTION('',(-1.,0.,0.));
#10138=DIRECTION('',(0.83795392199,0.,-0.545740986752486));
#10139=DIRECTION('',(-0.545740986752486,0.,-0.83795392199));
#10140=DIRECTION('',(-0.545740986752486,0.,-0.83795392199));
#10141=DIRECTION('',(0.,1.,0.));
#10142=DIRECTION('',(1.,0.,0.));
#10143=DIRECTION('',(0.9361116516206,0.,-0.351702965156895));
#10144=DIRECTION('',(-0.351702965156895,0.,-0.9361116516206));
#10145=DIRECTION('',(-0.351702965156895,0.,-0.9361116516206));
#10146=DIRECTION('',(0.,1.,0.));
#10147=DIRECTION('',(-0.351702965156895,0.,-0.9361116516206));
#10148=DIRECTION('',(0.,1.,0.));
#10149=DIRECTION('',(0.,0.,1.));
#10150=DIRECTION('',(0.,-1.,0.));
#10151=DIRECTION('',(1.,0.,0.));
#10152=DIRECTION('',(0.,1.,0.));
#10153=DIRECTION('',(1.,0.,0.));
#10154=DIRECTION('',(-0.935020175891433,0.,-0.354594515857131));
#10155=DIRECTION('',(-0.354594515857131,0.,0.935020175891433));
#10156=DIRECTION('',(-0.354594515857131,0.,0.935020175891433));
#10157=DIRECTION('',(0.,1.,0.));
#10158=DIRECTION('',(-0.354594515857131,0.,0.935020175891433));
#10159=DIRECTION('',(0.,1.,0.));
#10160=DIRECTION('',(0.958684081919022,0.,0.284472900423013));
#10161=DIRECTION('',(0.,1.,0.));
#10162=DIRECTION('',(0.,0.,1.));
#10163=DIRECTION('',(0.,1.,0.));
#10164=DIRECTION('',(0.,1.,0.));
#10165=DIRECTION('',(0.,0.,1.));
#10166=DIRECTION('',(0.931148197414263,0.,-0.3646409665029));
#10167=DIRECTION('',(-0.3646409665029,0.,-0.931148197414263));
#10168=DIRECTION('',(0.,1.,0.));
#10169=DIRECTION('',(-0.3646409665029,0.,-0.931148197414263));
#10170=DIRECTION('',(0.,1.,0.));
#10171=DIRECTION('',(0.,0.,-1.));
#10172=DIRECTION('',(0.,1.,0.));
#10173=DIRECTION('',(0.,1.,0.));
#10174=DIRECTION('',(-1.,0.,0.));
#10175=DIRECTION('',(-0.931125953544724,0.,0.364697763408864));
#10176=DIRECTION('',(0.364697763408864,0.,0.931125953544724));
#10177=DIRECTION('',(0.,1.,0.));
#10178=DIRECTION('',(0.364697763408864,0.,0.931125953544724));
#10179=DIRECTION('',(0.,0.,1.));
#10180=DIRECTION('',(0.,-1.,0.));
#10181=DIRECTION('',(0.,1.,0.));
#10182=DIRECTION('',(1.,0.,0.));
#10183=DIRECTION('',(0.930504769222233,0.,0.366279776202125));
#10184=DIRECTION('',(0.366279776202125,0.,-0.930504769222233));
#10185=DIRECTION('',(0.,1.,0.));
#10186=DIRECTION('',(0.366279776202125,0.,-0.930504769222233));
#10187=DIRECTION('',(0.,0.,-1.));
#10188=DIRECTION('',(0.,1.,0.));
#10189=DIRECTION('',(0.,1.,0.));
#10190=DIRECTION('',(-1.,0.,0.));
#10191=DIRECTION('',(-0.93266565465871,0.,-0.360741980673224));
#10192=DIRECTION('',(-0.360741980673224,0.,0.93266565465871));
#10193=DIRECTION('',(0.,1.,0.));
#10194=DIRECTION('',(-0.360741980673224,0.,0.93266565465871));
#10195=DIRECTION('',(0.,0.,-1.));
#10196=DIRECTION('',(0.,1.,0.));
#10197=DIRECTION('',(-1.,0.,0.));
#10198=DIRECTION('',(0.,1.,0.));
#10199=DIRECTION('',(-0.951181553763807,0.,0.308631903372722));
#10200=DIRECTION('',(0.,1.,0.));
#10201=DIRECTION('',(0.,0.,1.));
#10202=DIRECTION('',(0.,1.,0.));
#10203=DIRECTION('',(0.,0.,1.));
#10204=DIRECTION('',(0.,1.,0.));
#10205=DIRECTION('',(1.,0.,0.));
#10206=DIRECTION('',(0.,0.,1.));
#10207=DIRECTION('',(0.,-1.,0.));
#10208=DIRECTION('',(1.,0.,0.));
#10209=DIRECTION('',(0.,1.,0.));
#10210=DIRECTION('',(1.,0.,0.));
#10211=DIRECTION('',(0.,1.,0.));
#10212=DIRECTION('',(-1.,0.,0.));
#10213=DIRECTION('',(0.,1.,0.));
#10214=DIRECTION('',(0.,0.,1.));
#10215=DIRECTION('',(0.,1.,0.));
#10216=DIRECTION('',(0.,0.,1.));
#10217=DIRECTION('',(0.,0.,-1.));
#10218=DIRECTION('',(0.,1.,0.));
#10219=DIRECTION('',(-1.,0.,0.));
#10220=DIRECTION('',(0.,1.,0.));
#10221=DIRECTION('',(-1.,0.,0.));
#10222=DIRECTION('',(0.,1.,0.));
#10223=DIRECTION('',(0.,1.,0.));
#10224=DIRECTION('',(0.,1.,0.));
#10225=DIRECTION('',(-1.,0.,0.));
#10226=DIRECTION('',(0.,1.,0.));
#10227=DIRECTION('',(0.,1.,0.));
#10228=DIRECTION('',(0.,0.,1.));
#10229=DIRECTION('',(0.,1.,0.));
#10230=DIRECTION('',(0.,0.,-1.));
#10231=DIRECTION('',(0.,1.,0.));
#10232=DIRECTION('',(0.,1.,0.));
#10233=DIRECTION('',(-1.,0.,0.));
#10234=DIRECTION('',(0.864240471731269,0.,-0.503078927228832));
#10235=DIRECTION('',(-0.503078927228833,0.,-0.86424047173127));
#10236=DIRECTION('',(0.,1.,0.));
#10237=DIRECTION('',(-0.503078927228833,0.,-0.86424047173127));
#10238=DIRECTION('',(0.,0.,-1.));
#10239=DIRECTION('',(0.,1.,0.));
#10240=DIRECTION('',(0.,1.,0.));
#10241=DIRECTION('',(-1.,0.,0.));
#10242=DIRECTION('',(-0.855796361957146,0.,0.517312852015986));
#10243=DIRECTION('',(0.517312852015986,0.,0.855796361957146));
#10244=DIRECTION('',(0.,1.,0.));
#10245=DIRECTION('',(0.517312852015986,0.,0.855796361957146));
#10246=DIRECTION('',(0.,1.,0.));
#10247=DIRECTION('',(0.,1.,0.));
#10248=DIRECTION('',(0.,1.,0.));
#10249=DIRECTION('',(0.,0.,1.));
#10250=DIRECTION('',(0.,-1.,0.));
#10251=DIRECTION('',(0.,1.,0.));
#10252=DIRECTION('',(1.,0.,0.));
#10253=DIRECTION('',(1.,0.,0.));
#10254=DIRECTION('',(0.,-1.,0.));
#10255=DIRECTION('',(0.,1.,0.));
#10256=DIRECTION('',(0.,0.,-1.));
#10257=DIRECTION('',(0.,0.,-1.));
#10258=DIRECTION('',(0.,1.,0.));
#10259=DIRECTION('',(-1.,0.,0.));
#10260=DIRECTION('',(0.,1.,0.));
#10261=DIRECTION('',(1.,0.,0.));
#10262=DIRECTION('',(0.,1.,0.));
#10263=DIRECTION('',(0.,1.,0.));
#10264=DIRECTION('',(0.,1.,0.));
#10265=DIRECTION('',(0.,1.,0.));
#10266=DIRECTION('',(0.,1.,0.));
#10267=DIRECTION('',(0.,1.,0.));
#10268=DIRECTION('',(0.,1.,0.));
#10269=DIRECTION('',(0.,1.,0.));
#10270=DIRECTION('',(0.,1.,0.));
#10271=DIRECTION('',(0.,1.,0.));
#10272=DIRECTION('',(-0.941094974504348,0.,-0.338142350146593));
#10273=DIRECTION('',(-0.338142350146593,0.,0.941094974504348));
#10274=DIRECTION('',(0.,1.,0.));
#10275=DIRECTION('',(-0.338142350146593,0.,0.941094974504348));
#10276=DIRECTION('',(0.,1.,0.));
#10277=DIRECTION('',(0.19869827182693,0.,-0.980060710758773));
#10278=DIRECTION('',(0.,1.,0.));
#10279=DIRECTION('',(0.,1.,0.));
#10280=DIRECTION('',(0.,0.,1.));
#10281=DIRECTION('',(0.,1.,0.));
#10282=DIRECTION('',(0.,1.,0.));
#10283=DIRECTION('',(0.,1.,0.));
#10284=DIRECTION('',(0.,1.,0.));
#10285=DIRECTION('',(0.,1.,0.));
#10286=DIRECTION('',(0.,1.,0.));
#10287=DIRECTION('',(0.,1.,0.));
#10288=DIRECTION('',(0.,1.,0.));
#10289=DIRECTION('',(0.,1.,0.));
#10290=DIRECTION('',(0.,1.,0.));
#10291=DIRECTION('',(-0.103930416659325,0.,0.994584570809853));
#10292=DIRECTION('',(0.,1.,0.));
#10293=DIRECTION('',(0.,1.,0.));
#10294=DIRECTION('',(0.,0.,1.));
#10295=DIRECTION('',(0.,1.,0.));
#10296=DIRECTION('',(-0.293310951628139,0.,0.956017094855001));
#10297=DIRECTION('',(0.,1.,0.));
#10298=DIRECTION('',(0.,1.,0.));
#10299=DIRECTION('',(0.,0.,1.));
#10300=DIRECTION('',(1.,0.,0.));
#10301=DIRECTION('',(0.,-1.,0.));
#10302=DIRECTION('',(0.,1.,0.));
#10303=DIRECTION('',(0.,0.,-1.));
#10304=DIRECTION('',(0.,1.,0.));
#10305=DIRECTION('',(0.,1.,0.));
#10306=DIRECTION('',(1.,0.,0.));
#10307=DIRECTION('',(0.,1.,0.));
#10308=DIRECTION('',(1.,0.,0.));
#10309=DIRECTION('',(0.,1.,0.));
#10310=DIRECTION('',(1.,0.,0.));
#10311=DIRECTION('',(0.,1.,0.));
#10312=DIRECTION('',(1.,0.,0.));
#10313=DIRECTION('',(0.,1.,0.));
#10314=DIRECTION('',(-0.357505760088385,0.,0.933910933389061));
#10315=DIRECTION('',(0.,1.,0.));
#10316=DIRECTION('',(0.,1.,0.));
#10317=DIRECTION('',(0.,0.,1.));
#10318=DIRECTION('',(0.,1.,0.));
#10319=DIRECTION('',(0.,1.,0.));
#10320=DIRECTION('',(0.347427777167969,0.,0.937706745017931));
#10321=DIRECTION('',(0.,1.,0.));
#10322=DIRECTION('',(0.,1.,0.));
#10323=DIRECTION('',(0.,0.,1.));
#10324=DIRECTION('',(0.,1.,0.));
#10325=DIRECTION('',(0.848048824228401,0.,0.529918099072702));
#10326=DIRECTION('',(0.,1.,0.));
#10327=DIRECTION('',(0.,1.,0.));
#10328=DIRECTION('',(0.,0.,1.));
#10329=DIRECTION('',(-0.979812384567389,0.,-0.199919211303884));
#10330=DIRECTION('',(-0.199919211303884,0.,0.979812384567389));
#10331=DIRECTION('',(0.,1.,0.));
#10332=DIRECTION('',(-0.199919211303884,0.,0.979812384567389));
#10333=DIRECTION('',(0.,1.,0.));
#10334=DIRECTION('',(-0.898937299063392,0.,-0.438077313213791));
#10335=DIRECTION('',(0.,1.,0.));
#10336=DIRECTION('',(0.,1.,0.));
#10337=DIRECTION('',(0.,0.,1.));
#10338=DIRECTION('',(0.,1.,0.));
#10339=DIRECTION('',(-0.674826204153343,0.,-0.737976689461117));
#10340=DIRECTION('',(0.,1.,0.));
#10341=DIRECTION('',(0.,1.,0.));
#10342=DIRECTION('',(0.,0.,1.));
#10343=DIRECTION('',(0.,1.,0.));
#10344=DIRECTION('',(0.,1.,0.));
#10345=DIRECTION('',(0.396518911870319,0.,-0.918026553281101));
#10346=DIRECTION('',(0.,1.,0.));
#10347=DIRECTION('',(0.,1.,0.));
#10348=DIRECTION('',(0.,0.,1.));
#10349=DIRECTION('',(0.,1.,0.));
#10350=DIRECTION('',(0.963533468912979,0.,-0.26758784405223));
#10351=DIRECTION('',(0.,1.,0.));
#10352=DIRECTION('',(0.,1.,0.));
#10353=DIRECTION('',(0.,0.,1.));
#10354=DIRECTION('',(0.,1.,0.));
#10355=DIRECTION('',(0.993002056319636,0.,0.118097062389267));
#10356=DIRECTION('',(0.,1.,0.));
#10357=DIRECTION('',(0.,1.,0.));
#10358=DIRECTION('',(0.,0.,1.));
#10359=DIRECTION('',(0.978118270248276,0.,0.208049632074946));
#10360=DIRECTION('',(0.208049632074946,0.,-0.978118270248276));
#10361=DIRECTION('',(0.,1.,0.));
#10362=DIRECTION('',(0.208049632074946,0.,-0.978118270248276));
#10363=DIRECTION('',(0.,1.,0.));
#10364=DIRECTION('',(-0.993979560120149,0.,-0.109565660968005));
#10365=DIRECTION('',(0.,1.,0.));
#10366=DIRECTION('',(0.,1.,0.));
#10367=DIRECTION('',(0.,0.,1.));
#10368=DIRECTION('',(0.,1.,0.));
#10369=DIRECTION('',(-0.921435697121181,0.,0.388530894615605));
#10370=DIRECTION('',(0.,1.,0.));
#10371=DIRECTION('',(0.,1.,0.));
#10372=DIRECTION('',(0.,0.,1.));
#10373=DIRECTION('',(0.,1.,0.));
#10374=DIRECTION('',(-0.358594322945893,0.,0.933493498397807));
#10375=DIRECTION('',(0.,1.,0.));
#10376=DIRECTION('',(0.,1.,0.));
#10377=DIRECTION('',(0.,0.,1.));
#10378=DIRECTION('',(0.,1.,0.));
#10379=DIRECTION('',(0.341100542944224,0.,0.940026818555277));
#10380=DIRECTION('',(0.,1.,0.));
#10381=DIRECTION('',(0.,1.,0.));
#10382=DIRECTION('',(0.,0.,1.));
#10383=DIRECTION('',(0.,1.,0.));
#10384=DIRECTION('',(0.841509199335366,0.,0.540242785638042));
#10385=DIRECTION('',(0.,1.,0.));
#10386=DIRECTION('',(0.,1.,0.));
#10387=DIRECTION('',(0.,0.,1.));
#10388=DIRECTION('',(-0.978836590744755,0.,-0.204643418216139));
#10389=DIRECTION('',(-0.204643418216139,0.,0.978836590744755));
#10390=DIRECTION('',(0.,1.,0.));
#10391=DIRECTION('',(-0.204643418216139,0.,0.978836590744755));
#10392=DIRECTION('',(0.,1.,0.));
#10393=DIRECTION('',(-0.919296794806752,0.,-0.39356499216525));
#10394=DIRECTION('',(0.,1.,0.));
#10395=DIRECTION('',(0.,1.,0.));
#10396=DIRECTION('',(0.,0.,1.));
#10397=DIRECTION('',(0.,1.,0.));
#10398=DIRECTION('',(-0.717645501289425,0.,-0.696408597361527));
#10399=DIRECTION('',(0.,1.,0.));
#10400=DIRECTION('',(0.,1.,0.));
#10401=DIRECTION('',(0.,0.,1.));
#10402=DIRECTION('',(0.,1.,0.));
#10403=DIRECTION('',(-0.32559798185238,0.,-0.945508304677255));
#10404=DIRECTION('',(0.,1.,0.));
#10405=DIRECTION('',(0.,1.,0.));
#10406=DIRECTION('',(0.,0.,1.));
#10407=DIRECTION('',(0.,1.,0.));
#10408=DIRECTION('',(0.390975398549502,0.,-0.920401128709139));
#10409=DIRECTION('',(0.,1.,0.));
#10410=DIRECTION('',(0.,1.,0.));
#10411=DIRECTION('',(0.,0.,1.));
#10412=DIRECTION('',(0.,1.,0.));
#10413=DIRECTION('',(0.960971250910576,0.,-0.276648251256651));
#10414=DIRECTION('',(0.,1.,0.));
#10415=DIRECTION('',(0.,1.,0.));
#10416=DIRECTION('',(0.,0.,1.));
#10417=DIRECTION('',(0.,1.,0.));
#10418=DIRECTION('',(0.993244948325622,0.,0.116036514191147));
#10419=DIRECTION('',(0.,1.,0.));
#10420=DIRECTION('',(0.,1.,0.));
#10421=DIRECTION('',(0.,0.,1.));
#10422=DIRECTION('',(0.978118270248276,0.,0.208049632074946));
#10423=DIRECTION('',(0.208049632074946,0.,-0.978118270248276));
#10424=DIRECTION('',(0.,1.,0.));
#10425=DIRECTION('',(0.208049632074946,0.,-0.978118270248276));
#10426=DIRECTION('',(0.,1.,0.));
#10427=DIRECTION('',(-0.991858328438768,0.,-0.127346206487094));
#10428=DIRECTION('',(0.,1.,0.));
#10429=DIRECTION('',(0.,1.,0.));
#10430=DIRECTION('',(0.,0.,1.));
#10431=DIRECTION('',(0.,1.,0.));
#10432=DIRECTION('',(-0.921435697121609,0.,0.388530894614591));
#10433=DIRECTION('',(0.,1.,0.));
#10434=DIRECTION('',(0.,1.,0.));
#10435=DIRECTION('',(0.,0.,1.));
#10436=DIRECTION('',(0.,1.,0.));
#10437=DIRECTION('',(-0.357505760090197,0.,0.933910933388367));
#10438=DIRECTION('',(0.,1.,0.));
#10439=DIRECTION('',(0.,1.,0.));
#10440=DIRECTION('',(0.,0.,1.));
#10441=DIRECTION('',(0.,1.,0.));
#10442=DIRECTION('',(0.34780762614469,0.,0.937565920453381));
#10443=DIRECTION('',(0.,1.,0.));
#10444=DIRECTION('',(0.,1.,0.));
#10445=DIRECTION('',(0.,0.,1.));
#10446=DIRECTION('',(0.,1.,0.));
#10447=DIRECTION('',(0.843338993514643,0.,0.537381933095734));
#10448=DIRECTION('',(0.,1.,0.));
#10449=DIRECTION('',(0.,1.,0.));
#10450=DIRECTION('',(0.,0.,1.));
#10451=DIRECTION('',(-0.977845059064605,0.,-0.209329979847466));
#10452=DIRECTION('',(-0.209329979847466,0.,0.977845059064605));
#10453=DIRECTION('',(0.,1.,0.));
#10454=DIRECTION('',(-0.209329979847466,0.,0.977845059064604));
#10455=DIRECTION('',(0.,1.,0.));
#10456=DIRECTION('',(0.993992324274424,0.,0.109449802574185));
#10457=DIRECTION('',(0.,1.,0.));
#10458=DIRECTION('',(0.,1.,0.));
#10459=DIRECTION('',(0.,0.,1.));
#10460=DIRECTION('',(0.,1.,0.));
#10461=DIRECTION('',(0.,1.,0.));
#10462=DIRECTION('',(0.,1.,0.));
#10463=DIRECTION('',(0.,1.,0.));
#10464=DIRECTION('',(0.,1.,0.));
#10465=DIRECTION('',(0.350364267919896,0.,-0.936613516753285));
#10466=DIRECTION('',(0.,1.,0.));
#10467=DIRECTION('',(0.,1.,0.));
#10468=DIRECTION('',(0.,0.,1.));
#10469=DIRECTION('',(0.,1.,0.));
#10470=DIRECTION('',(-0.977802414077419,0.,-0.209529088730829));
#10471=DIRECTION('',(-0.209529088730829,0.,0.977802414077419));
#10472=DIRECTION('',(0.,1.,0.));
#10473=DIRECTION('',(-0.209529088730829,0.,0.977802414077419));
#10474=DIRECTION('',(0.,1.,0.));
#10475=DIRECTION('',(0.976994065539736,0.,-0.213266490335773));
#10476=DIRECTION('',(0.,1.,0.));
#10477=DIRECTION('',(0.,1.,0.));
#10478=DIRECTION('',(0.,0.,1.));
#10479=DIRECTION('',(0.,1.,0.));
#10480=DIRECTION('',(0.43068904567896,0.,-0.902500385557893));
#10481=DIRECTION('',(0.,1.,0.));
#10482=DIRECTION('',(0.,1.,0.));
#10483=DIRECTION('',(0.,0.,1.));
#10484=DIRECTION('',(0.,1.,0.));
#10485=DIRECTION('',(-0.35806604388792,0.,-0.933696261219061));
#10486=DIRECTION('',(0.,1.,0.));
#10487=DIRECTION('',(0.,1.,0.));
#10488=DIRECTION('',(0.,0.,1.));
#10489=DIRECTION('',(0.,1.,0.));
#10490=DIRECTION('',(-0.84606684209852,0.,-0.533076822513826));
#10491=DIRECTION('',(0.,1.,0.));
#10492=DIRECTION('',(0.,1.,0.));
#10493=DIRECTION('',(0.,0.,1.));
#10494=DIRECTION('',(0.978122306966012,0.,0.208030653067009));
#10495=DIRECTION('',(0.208030653067009,0.,-0.978122306966012));
#10496=DIRECTION('',(0.,1.,0.));
#10497=DIRECTION('',(0.208030653067009,0.,-0.978122306966012));
#10498=DIRECTION('',(0.,1.,0.));
#10499=DIRECTION('',(-0.991858328438733,0.,-0.127346206487363));
#10500=DIRECTION('',(0.,1.,0.));
#10501=DIRECTION('',(0.,1.,0.));
#10502=DIRECTION('',(0.,0.,1.));
#10503=DIRECTION('',(0.,1.,0.));
#10504=DIRECTION('',(-0.92143569712102,0.,0.388530894615989));
#10505=DIRECTION('',(0.,1.,0.));
#10506=DIRECTION('',(0.,0.,1.));
#10507=DIRECTION('',(0.,1.,0.));
#10508=DIRECTION('',(1.,0.,0.));
#10509=DIRECTION('',(0.,1.,0.));
#10510=DIRECTION('',(-0.371933560493486,0.,0.928259353078997));
#10511=DIRECTION('',(0.,1.,0.));
#10512=DIRECTION('',(0.,1.,0.));
#10513=DIRECTION('',(0.,0.,1.));
#10514=DIRECTION('',(0.,1.,0.));
#10515=DIRECTION('',(0.,1.,0.));
#10516=DIRECTION('',(0.46629918371911,0.,0.884627080335489));
#10517=DIRECTION('',(0.,1.,0.));
#10518=DIRECTION('',(0.,1.,0.));
#10519=DIRECTION('',(0.,0.,1.));
#10520=DIRECTION('',(-0.812268374900345,0.,-0.583283882116378));
#10521=DIRECTION('',(-0.583283882116378,0.,0.812268374900345));
#10522=DIRECTION('',(0.,1.,0.));
#10523=DIRECTION('',(-0.583283882116378,0.,0.812268374900345));
#10524=DIRECTION('',(0.,1.,0.));
#10525=DIRECTION('',(0.96075598507429,0.,0.277394911892648));
#10526=DIRECTION('',(0.,1.,0.));
#10527=DIRECTION('',(0.,1.,0.));
#10528=DIRECTION('',(0.,0.,1.));
#10529=DIRECTION('',(0.,1.,0.));
#10530=DIRECTION('',(0.930881799813057,0.,-0.365320509658031));
#10531=DIRECTION('',(0.,1.,0.));
#10532=DIRECTION('',(0.,1.,0.));
#10533=DIRECTION('',(0.,0.,1.));
#10534=DIRECTION('',(0.,1.,0.));
#10535=DIRECTION('',(0.380289991441657,0.,-0.924867299891884));
#10536=DIRECTION('',(0.,1.,0.));
#10537=DIRECTION('',(0.,1.,0.));
#10538=DIRECTION('',(0.,0.,1.));
#10539=DIRECTION('',(0.,0.,1.));
#10540=DIRECTION('',(0.,-1.,0.));
#10541=DIRECTION('',(0.,1.,0.));
#10542=DIRECTION('',(1.,0.,0.));
#10543=DIRECTION('',(0.,1.,0.));
#10544=DIRECTION('',(-0.389894145678219,0.,-0.920859682669326));
#10545=DIRECTION('',(0.,1.,0.));
#10546=DIRECTION('',(0.,1.,0.));
#10547=DIRECTION('',(0.,0.,1.));
#10548=DIRECTION('',(0.,1.,0.));
#10549=DIRECTION('',(-0.909168072132177,0.,-0.416429365697786));
#10550=DIRECTION('',(0.,1.,0.));
#10551=DIRECTION('',(0.,1.,0.));
#10552=DIRECTION('',(0.,0.,1.));
#10553=DIRECTION('',(0.,1.,0.));
#10554=DIRECTION('',(-0.924867299877641,0.,0.380289991476296));
#10555=DIRECTION('',(0.,1.,0.));
#10556=DIRECTION('',(0.,1.,0.));
#10557=DIRECTION('',(0.,0.,1.));
#10558=DIRECTION('',(0.,1.,0.));
#10559=DIRECTION('',(-0.357505760065989,0.,0.933910933397634));
#10560=DIRECTION('',(0.,1.,0.));
#10561=DIRECTION('',(0.,1.,0.));
#10562=DIRECTION('',(0.,0.,1.));
#10563=DIRECTION('',(0.,0.,-1.));
#10564=DIRECTION('',(0.,1.,0.));
#10565=DIRECTION('',(0.,1.,0.));
#10566=DIRECTION('',(-1.,0.,0.));
#10567=DIRECTION('',(0.812721887537647,0.,0.582651811562656));
#10568=DIRECTION('',(0.582651811562656,0.,-0.812721887537647));
#10569=DIRECTION('',(0.,1.,0.));
#10570=DIRECTION('',(0.582651811562656,0.,-0.812721887537647));
#10571=DIRECTION('',(0.,1.,0.));
#10572=DIRECTION('',(-0.942504197126948,0.,-0.334194312336531));
#10573=DIRECTION('',(0.,1.,0.));
#10574=DIRECTION('',(0.,1.,0.));
#10575=DIRECTION('',(0.,0.,1.));
#10576=DIRECTION('',(0.,1.,0.));
#10577=DIRECTION('',(-0.918118077955911,0.,0.396306945347345));
#10578=DIRECTION('',(0.,1.,0.));
#10579=DIRECTION('',(0.,0.,1.));
#10580=DIRECTION('',(0.,1.,0.));
#10581=DIRECTION('',(1.,0.,0.));
#10582=DIRECTION('',(0.,1.,0.));
#10583=DIRECTION('',(-0.357505760065259,0.,0.933910933397913));
#10584=DIRECTION('',(0.,1.,0.));
#10585=DIRECTION('',(0.,1.,0.));
#10586=DIRECTION('',(0.,0.,1.));
#10587=DIRECTION('',(0.,1.,0.));
#10588=DIRECTION('',(0.,1.,0.));
#10589=DIRECTION('',(0.34742777716675,0.,0.937706745018383));
#10590=DIRECTION('',(0.,1.,0.));
#10591=DIRECTION('',(0.,1.,0.));
#10592=DIRECTION('',(0.,0.,1.));
#10593=DIRECTION('',(0.,1.,0.));
#10594=DIRECTION('',(0.848048824228439,0.,0.529918099072641));
#10595=DIRECTION('',(0.,1.,0.));
#10596=DIRECTION('',(0.,1.,0.));
#10597=DIRECTION('',(0.,0.,1.));
#10598=DIRECTION('',(-0.979812384567389,0.,-0.199919211303884));
#10599=DIRECTION('',(-0.199919211303884,0.,0.979812384567389));
#10600=DIRECTION('',(0.,1.,0.));
#10601=DIRECTION('',(-0.199919211303884,0.,0.979812384567389));
#10602=DIRECTION('',(0.,1.,0.));
#10603=DIRECTION('',(-0.898937299063404,0.,-0.438077313213765));
#10604=DIRECTION('',(0.,1.,0.));
#10605=DIRECTION('',(0.,1.,0.));
#10606=DIRECTION('',(0.,0.,1.));
#10607=DIRECTION('',(0.,1.,0.));
#10608=DIRECTION('',(-0.674826204153314,0.,-0.737976689461144));
#10609=DIRECTION('',(0.,1.,0.));
#10610=DIRECTION('',(0.,1.,0.));
#10611=DIRECTION('',(0.,0.,1.));
#10612=DIRECTION('',(0.,1.,0.));
#10613=DIRECTION('',(0.,1.,0.));
#10614=DIRECTION('',(0.396518911871661,0.,-0.918026553280521));
#10615=DIRECTION('',(0.,1.,0.));
#10616=DIRECTION('',(0.,1.,0.));
#10617=DIRECTION('',(0.,0.,1.));
#10618=DIRECTION('',(0.,1.,0.));
#10619=DIRECTION('',(0.963533468912986,0.,-0.267587844052207));
#10620=DIRECTION('',(0.,1.,0.));
#10621=DIRECTION('',(0.,1.,0.));
#10622=DIRECTION('',(0.,0.,1.));
#10623=DIRECTION('',(0.,1.,0.));
#10624=DIRECTION('',(0.993002056319618,0.,0.118097062389416));
#10625=DIRECTION('',(0.,1.,0.));
#10626=DIRECTION('',(0.,1.,0.));
#10627=DIRECTION('',(0.,0.,1.));
#10628=DIRECTION('',(0.978118270248276,0.,0.208049632074947));
#10629=DIRECTION('',(0.208049632074947,0.,-0.978118270248276));
#10630=DIRECTION('',(0.,1.,0.));
#10631=DIRECTION('',(0.208049632074947,0.,-0.978118270248276));
#10632=DIRECTION('',(0.,1.,0.));
#10633=DIRECTION('',(-0.993979560120158,0.,-0.109565660967923));
#10634=DIRECTION('',(0.,1.,0.));
#10635=DIRECTION('',(0.,1.,0.));
#10636=DIRECTION('',(0.,0.,1.));
#10637=DIRECTION('',(0.,1.,0.));
#10638=DIRECTION('',(-0.921435697123281,0.,0.388530894610626));
#10639=DIRECTION('',(0.,1.,0.));
#10640=DIRECTION('',(0.,1.,0.));
#10641=DIRECTION('',(0.,0.,1.));
#10642=DIRECTION('',(0.,1.,0.));
#10643=DIRECTION('',(-0.358594322940717,0.,0.933493498399795));
#10644=DIRECTION('',(0.,1.,0.));
#10645=DIRECTION('',(0.,1.,0.));
#10646=DIRECTION('',(0.,0.,1.));
#10647=DIRECTION('',(0.,1.,0.));
#10648=DIRECTION('',(0.341100542941482,0.,0.940026818556272));
#10649=DIRECTION('',(0.,1.,0.));
#10650=DIRECTION('',(0.,1.,0.));
#10651=DIRECTION('',(0.,0.,1.));
#10652=DIRECTION('',(0.,1.,0.));
#10653=DIRECTION('',(0.841509199335319,0.,0.540242785638115));
#10654=DIRECTION('',(0.,1.,0.));
#10655=DIRECTION('',(0.,1.,0.));
#10656=DIRECTION('',(0.,0.,1.));
#10657=DIRECTION('',(-0.978836590744755,0.,-0.204643418216139));
#10658=DIRECTION('',(-0.204643418216139,0.,0.978836590744755));
#10659=DIRECTION('',(0.,1.,0.));
#10660=DIRECTION('',(-0.204643418216139,0.,0.978836590744755));
#10661=DIRECTION('',(0.,1.,0.));
#10662=DIRECTION('',(-0.919296794806746,0.,-0.393564992165264));
#10663=DIRECTION('',(0.,1.,0.));
#10664=DIRECTION('',(0.,1.,0.));
#10665=DIRECTION('',(0.,0.,1.));
#10666=DIRECTION('',(0.,1.,0.));
#10667=DIRECTION('',(-0.717645501289469,0.,-0.696408597361482));
#10668=DIRECTION('',(0.,1.,0.));
#10669=DIRECTION('',(0.,1.,0.));
#10670=DIRECTION('',(0.,0.,1.));
#10671=DIRECTION('',(0.,1.,0.));
#10672=DIRECTION('',(-0.325597981852434,0.,-0.945508304677236));
#10673=DIRECTION('',(0.,1.,0.));
#10674=DIRECTION('',(0.,1.,0.));
#10675=DIRECTION('',(0.,0.,1.));
#10676=DIRECTION('',(0.,1.,0.));
#10677=DIRECTION('',(0.390975398548064,0.,-0.92040112870975));
#10678=DIRECTION('',(0.,1.,0.));
#10679=DIRECTION('',(0.,1.,0.));
#10680=DIRECTION('',(0.,0.,1.));
#10681=DIRECTION('',(0.,1.,0.));
#10682=DIRECTION('',(0.960971250910551,0.,-0.276648251256737));
#10683=DIRECTION('',(0.,1.,0.));
#10684=DIRECTION('',(0.,1.,0.));
#10685=DIRECTION('',(0.,0.,1.));
#10686=DIRECTION('',(0.,1.,0.));
#10687=DIRECTION('',(0.993244948325683,0.,0.116036514190626));
#10688=DIRECTION('',(0.,1.,0.));
#10689=DIRECTION('',(0.,1.,0.));
#10690=DIRECTION('',(0.,0.,1.));
#10691=DIRECTION('',(0.978118270248276,0.,0.208049632074947));
#10692=DIRECTION('',(0.208049632074947,0.,-0.978118270248276));
#10693=DIRECTION('',(0.,1.,0.));
#10694=DIRECTION('',(0.208049632074947,0.,-0.978118270248276));
#10695=DIRECTION('',(0.,1.,0.));
#10696=DIRECTION('',(-0.991858328438718,0.,-0.12734620648748));
#10697=DIRECTION('',(0.,1.,0.));
#10698=DIRECTION('',(0.,1.,0.));
#10699=DIRECTION('',(0.,0.,1.));
#10700=DIRECTION('',(0.,1.,0.));
#10701=DIRECTION('',(-0.92143569712113,0.,0.388530894615728));
#10702=DIRECTION('',(0.,1.,0.));
#10703=DIRECTION('',(0.,1.,0.));
#10704=DIRECTION('',(0.,0.,1.));
#10705=DIRECTION('',(0.,1.,0.));
#10706=DIRECTION('',(-0.357505760089033,0.,0.933910933388812));
#10707=DIRECTION('',(0.,1.,0.));
#10708=DIRECTION('',(0.,1.,0.));
#10709=DIRECTION('',(0.,0.,1.));
#10710=DIRECTION('',(0.,1.,0.));
#10711=DIRECTION('',(0.34780762614493,0.,0.937565920453292));
#10712=DIRECTION('',(0.,1.,0.));
#10713=DIRECTION('',(0.,1.,0.));
#10714=DIRECTION('',(0.,0.,1.));
#10715=DIRECTION('',(0.,1.,0.));
#10716=DIRECTION('',(0.843338993514585,0.,0.537381933095826));
#10717=DIRECTION('',(0.,1.,0.));
#10718=DIRECTION('',(0.,1.,0.));
#10719=DIRECTION('',(0.,0.,1.));
#10720=DIRECTION('',(-0.977845059064605,0.,-0.209329979847466));
#10721=DIRECTION('',(-0.209329979847466,0.,0.977845059064605));
#10722=DIRECTION('',(0.,1.,0.));
#10723=DIRECTION('',(-0.209329979847466,0.,0.977845059064604));
#10724=DIRECTION('',(0.,1.,0.));
#10725=DIRECTION('',(0.993992324274433,0.,0.109449802574107));
#10726=DIRECTION('',(0.,1.,0.));
#10727=DIRECTION('',(0.,1.,0.));
#10728=DIRECTION('',(0.,0.,1.));
#10729=DIRECTION('',(0.,1.,0.));
#10730=DIRECTION('',(0.,1.,0.));
#10731=DIRECTION('',(0.,1.,0.));
#10732=DIRECTION('',(0.,1.,0.));
#10733=DIRECTION('',(0.,1.,0.));
#10734=DIRECTION('',(0.350364267919819,0.,-0.936613516753313));
#10735=DIRECTION('',(0.,1.,0.));
#10736=DIRECTION('',(0.,1.,0.));
#10737=DIRECTION('',(0.,0.,1.));
#10738=DIRECTION('',(0.,1.,0.));
#10739=DIRECTION('',(-0.977802414077419,0.,-0.209529088730829));
#10740=DIRECTION('',(-0.209529088730829,0.,0.977802414077419));
#10741=DIRECTION('',(0.,1.,0.));
#10742=DIRECTION('',(-0.209529088730829,0.,0.977802414077419));
#10743=DIRECTION('',(0.,1.,0.));
#10744=DIRECTION('',(0.97699406553977,0.,-0.213266490335617));
#10745=DIRECTION('',(0.,1.,0.));
#10746=DIRECTION('',(0.,1.,0.));
#10747=DIRECTION('',(0.,0.,1.));
#10748=DIRECTION('',(0.,1.,0.));
#10749=DIRECTION('',(0.430689045622287,0.,-0.902500385584939));
#10750=DIRECTION('',(0.,1.,0.));
#10751=DIRECTION('',(0.,1.,0.));
#10752=DIRECTION('',(0.,0.,1.));
#10753=DIRECTION('',(0.,1.,0.));
#10754=DIRECTION('',(-0.35806604388788,0.,-0.933696261219077));
#10755=DIRECTION('',(0.,1.,0.));
#10756=DIRECTION('',(0.,1.,0.));
#10757=DIRECTION('',(0.,0.,1.));
#10758=DIRECTION('',(0.,1.,0.));
#10759=DIRECTION('',(-0.846066842097785,0.,-0.533076822514993));
#10760=DIRECTION('',(0.,1.,0.));
#10761=DIRECTION('',(0.,1.,0.));
#10762=DIRECTION('',(0.,0.,1.));
#10763=DIRECTION('',(0.978122306966012,0.,0.208030653067009));
#10764=DIRECTION('',(0.208030653067009,0.,-0.978122306966012));
#10765=DIRECTION('',(0.,1.,0.));
#10766=DIRECTION('',(0.208030653067009,0.,-0.978122306966012));
#10767=DIRECTION('',(0.,1.,0.));
#10768=DIRECTION('',(-0.991858328438784,0.,-0.127346206486968));
#10769=DIRECTION('',(0.,1.,0.));
#10770=DIRECTION('',(0.,1.,0.));
#10771=DIRECTION('',(0.,0.,1.));
#10772=DIRECTION('',(0.,1.,0.));
#10773=DIRECTION('',(-0.92143569712117,0.,0.388530894615631));
#10774=DIRECTION('',(0.,1.,0.));
#10775=DIRECTION('',(0.,0.,1.));
#10776=DIRECTION('',(0.,1.,0.));
#10777=DIRECTION('',(1.,0.,0.));
#10778=DIRECTION('',(0.,1.,0.));
#10779=DIRECTION('',(-0.358121874431815,0.,0.933674848677763));
#10780=DIRECTION('',(0.,1.,0.));
#10781=DIRECTION('',(0.,1.,0.));
#10782=DIRECTION('',(0.,0.,1.));
#10783=DIRECTION('',(0.,1.,0.));
#10784=DIRECTION('',(0.,0.,-1.));
#10785=DIRECTION('',(0.,1.,0.));
#10786=DIRECTION('',(0.,1.,0.));
#10787=DIRECTION('',(-1.,0.,0.));
#10788=DIRECTION('',(0.,1.,0.));
#10789=DIRECTION('',(0.387928807748162,0.,0.921689340352317));
#10790=DIRECTION('',(0.,1.,0.));
#10791=DIRECTION('',(0.,1.,0.));
#10792=DIRECTION('',(0.,0.,1.));
#10793=DIRECTION('',(0.,1.,0.));
#10794=DIRECTION('',(0.911999921156781,0.,0.410190375082138));
#10795=DIRECTION('',(0.,1.,0.));
#10796=DIRECTION('',(0.,1.,0.));
#10797=DIRECTION('',(0.,0.,1.));
#10798=DIRECTION('',(0.,1.,0.));
#10799=DIRECTION('',(0.927508023878627,0.,-0.373803244556229));
#10800=DIRECTION('',(0.,1.,0.));
#10801=DIRECTION('',(0.,1.,0.));
#10802=DIRECTION('',(0.,0.,1.));
#10803=DIRECTION('',(0.,1.,0.));
#10804=DIRECTION('',(0.345873434245758,0.,-0.938281177197457));
#10805=DIRECTION('',(0.,1.,0.));
#10806=DIRECTION('',(0.,1.,0.));
#10807=DIRECTION('',(0.,0.,1.));
#10808=DIRECTION('',(0.,0.,1.));
#10809=DIRECTION('',(0.,-1.,0.));
#10810=DIRECTION('',(0.,1.,0.));
#10811=DIRECTION('',(1.,0.,0.));
#10812=DIRECTION('',(-0.975877445604303,0.,-0.218319058171339));
#10813=DIRECTION('',(-0.218319058171339,0.,0.975877445604303));
#10814=DIRECTION('',(0.,1.,0.));
#10815=DIRECTION('',(-0.218319058171339,0.,0.975877445604303));
#10816=DIRECTION('',(0.,1.,0.));
#10817=DIRECTION('',(0.965405263684871,0.,-0.260754054330024));
#10818=DIRECTION('',(0.,1.,0.));
#10819=DIRECTION('',(0.,1.,0.));
#10820=DIRECTION('',(0.,0.,1.));
#10821=DIRECTION('',(0.,1.,0.));
#10822=DIRECTION('',(0.352240797041648,0.,-0.93590940848966));
#10823=DIRECTION('',(0.,1.,0.));
#10824=DIRECTION('',(0.,1.,0.));
#10825=DIRECTION('',(0.,0.,1.));
#10826=DIRECTION('',(0.,1.,0.));
#10827=DIRECTION('',(-0.379473110511056,0.,-0.925202766099985));
#10828=DIRECTION('',(0.,1.,0.));
#10829=DIRECTION('',(0.,1.,0.));
#10830=DIRECTION('',(0.,0.,1.));
#10831=DIRECTION('',(0.663222458526374,0.,0.748422320956712));
#10832=DIRECTION('',(0.748422320956712,0.,-0.663222458526374));
#10833=DIRECTION('',(0.,1.,0.));
#10834=DIRECTION('',(0.748422320956712,0.,-0.663222458526374));
#10835=DIRECTION('',(0.,1.,0.));
#10836=DIRECTION('',(-0.784554641772729,0.,-0.620059685895531));
#10837=DIRECTION('',(0.,1.,0.));
#10838=DIRECTION('',(0.,1.,0.));
#10839=DIRECTION('',(0.,0.,1.));
#10840=DIRECTION('',(0.,1.,0.));
#10841=DIRECTION('',(-0.962940794619717,0.,-0.269712858531341));
#10842=DIRECTION('',(0.,1.,0.));
#10843=DIRECTION('',(0.,1.,0.));
#10844=DIRECTION('',(0.,0.,1.));
#10845=DIRECTION('',(0.,1.,0.));
#10846=DIRECTION('',(-0.929071223087278,0.,0.369900881900962));
#10847=DIRECTION('',(0.,1.,0.));
#10848=DIRECTION('',(0.,1.,0.));
#10849=DIRECTION('',(0.,0.,1.));
#10850=DIRECTION('',(0.,1.,0.));
#10851=DIRECTION('',(-0.373106253877928,0.,0.927788619954556));
#10852=DIRECTION('',(0.,1.,0.));
#10853=DIRECTION('',(0.,1.,0.));
#10854=DIRECTION('',(0.,0.,1.));
#10855=DIRECTION('',(0.,1.,0.));
#10856=DIRECTION('',(0.344820525054746,0.,0.938668634556929));
#10857=DIRECTION('',(0.,1.,0.));
#10858=DIRECTION('',(0.,1.,0.));
#10859=DIRECTION('',(0.,0.,1.));
#10860=DIRECTION('',(-0.648404326350666,0.,-0.761296151027798));
#10861=DIRECTION('',(-0.761296151027798,0.,0.648404326350666));
#10862=DIRECTION('',(0.,1.,0.));
#10863=DIRECTION('',(-0.761296151027798,0.,0.648404326350666));
#10864=DIRECTION('',(0.97526381497718,0.,0.221044093330168));
#10865=DIRECTION('',(0.221044093330168,0.,-0.97526381497718));
#10866=DIRECTION('',(0.,1.,0.));
#10867=DIRECTION('',(0.221044093330168,0.,-0.97526381497718));
#10868=DIRECTION('',(0.,0.,1.));
#10869=DIRECTION('',(0.,-1.,0.));
#10870=DIRECTION('',(0.,1.,0.));
#10871=DIRECTION('',(1.,0.,0.));
#10872=DIRECTION('',(0.,1.,0.));
#10873=DIRECTION('',(-0.393997182603908,0.,-0.919111647244328));
#10874=DIRECTION('',(0.,1.,0.));
#10875=DIRECTION('',(0.,1.,0.));
#10876=DIRECTION('',(0.,0.,1.));
#10877=DIRECTION('',(0.,1.,0.));
#10878=DIRECTION('',(-0.918762661157047,0.,-0.394810299338329));
#10879=DIRECTION('',(0.,1.,0.));
#10880=DIRECTION('',(0.,1.,0.));
#10881=DIRECTION('',(0.,0.,1.));
#10882=DIRECTION('',(0.,1.,0.));
#10883=DIRECTION('',(-0.927982669772063,0.,0.372623354880922));
#10884=DIRECTION('',(0.,1.,0.));
#10885=DIRECTION('',(0.,0.,1.));
#10886=DIRECTION('',(0.,1.,0.));
#10887=DIRECTION('',(1.,0.,0.));
#10888=DIRECTION('',(0.,1.,0.));
#10889=DIRECTION('',(-0.357505760088645,0.,0.933910933388961));
#10890=DIRECTION('',(0.,1.,0.));
#10891=DIRECTION('',(0.,1.,0.));
#10892=DIRECTION('',(0.,0.,1.));
#10893=DIRECTION('',(0.,1.,0.));
#10894=DIRECTION('',(0.,1.,0.));
#10895=DIRECTION('',(0.347427777166268,0.,0.937706745018562));
#10896=DIRECTION('',(0.,1.,0.));
#10897=DIRECTION('',(0.,1.,0.));
#10898=DIRECTION('',(0.,0.,1.));
#10899=DIRECTION('',(0.,1.,0.));
#10900=DIRECTION('',(0.848048824228498,0.,0.529918099072547));
#10901=DIRECTION('',(0.,1.,0.));
#10902=DIRECTION('',(0.,1.,0.));
#10903=DIRECTION('',(0.,0.,1.));
#10904=DIRECTION('',(-0.979812384567393,0.,-0.199919211303868));
#10905=DIRECTION('',(-0.199919211303868,0.,0.979812384567393));
#10906=DIRECTION('',(0.,1.,0.));
#10907=DIRECTION('',(-0.199919211303868,0.,0.979812384567392));
#10908=DIRECTION('',(0.,1.,0.));
#10909=DIRECTION('',(-0.89893729906341,0.,-0.438077313213754));
#10910=DIRECTION('',(0.,1.,0.));
#10911=DIRECTION('',(0.,1.,0.));
#10912=DIRECTION('',(0.,0.,1.));
#10913=DIRECTION('',(0.,1.,0.));
#10914=DIRECTION('',(-0.674826204153339,0.,-0.737976689461121));
#10915=DIRECTION('',(0.,1.,0.));
#10916=DIRECTION('',(0.,1.,0.));
#10917=DIRECTION('',(0.,0.,1.));
#10918=DIRECTION('',(0.,1.,0.));
#10919=DIRECTION('',(0.,1.,0.));
#10920=DIRECTION('',(0.396518911868568,0.,-0.918026553281857));
#10921=DIRECTION('',(0.,1.,0.));
#10922=DIRECTION('',(0.,1.,0.));
#10923=DIRECTION('',(0.,0.,1.));
#10924=DIRECTION('',(0.,1.,0.));
#10925=DIRECTION('',(0.963533468913029,0.,-0.26758784405205));
#10926=DIRECTION('',(0.,1.,0.));
#10927=DIRECTION('',(0.,1.,0.));
#10928=DIRECTION('',(0.,0.,1.));
#10929=DIRECTION('',(0.,1.,0.));
#10930=DIRECTION('',(0.993002056319581,0.,0.11809706238973));
#10931=DIRECTION('',(0.,1.,0.));
#10932=DIRECTION('',(0.,1.,0.));
#10933=DIRECTION('',(0.,0.,1.));
#10934=DIRECTION('',(0.978118270248274,0.,0.208049632074955));
#10935=DIRECTION('',(0.208049632074955,0.,-0.978118270248274));
#10936=DIRECTION('',(0.,1.,0.));
#10937=DIRECTION('',(0.208049632074955,0.,-0.978118270248274));
#10938=DIRECTION('',(0.,1.,0.));
#10939=DIRECTION('',(-0.99397956012042,0.,-0.109565660965548));
#10940=DIRECTION('',(0.,1.,0.));
#10941=DIRECTION('',(0.,1.,0.));
#10942=DIRECTION('',(0.,0.,1.));
#10943=DIRECTION('',(0.,1.,0.));
#10944=DIRECTION('',(-0.921435697123405,0.,0.388530894610331));
#10945=DIRECTION('',(0.,1.,0.));
#10946=DIRECTION('',(0.,1.,0.));
#10947=DIRECTION('',(0.,0.,1.));
#10948=DIRECTION('',(0.,1.,0.));
#10949=DIRECTION('',(-0.358594322959695,0.,0.933493498392505));
#10950=DIRECTION('',(0.,1.,0.));
#10951=DIRECTION('',(0.,1.,0.));
#10952=DIRECTION('',(0.,0.,1.));
#10953=DIRECTION('',(0.,1.,0.));
#10954=DIRECTION('',(0.341100542941243,0.,0.940026818556359));
#10955=DIRECTION('',(0.,1.,0.));
#10956=DIRECTION('',(0.,1.,0.));
#10957=DIRECTION('',(0.,0.,1.));
#10958=DIRECTION('',(0.,1.,0.));
#10959=DIRECTION('',(0.84150919933559,0.,0.540242785637694));
#10960=DIRECTION('',(0.,1.,0.));
#10961=DIRECTION('',(0.,1.,0.));
#10962=DIRECTION('',(0.,0.,1.));
#10963=DIRECTION('',(-0.97883659074475,0.,-0.204643418216159));
#10964=DIRECTION('',(-0.204643418216159,0.,0.97883659074475));
#10965=DIRECTION('',(0.,1.,0.));
#10966=DIRECTION('',(-0.204643418216159,0.,0.978836590744751));
#10967=DIRECTION('',(0.,1.,0.));
#10968=DIRECTION('',(-0.919296794806743,0.,-0.393564992165269));
#10969=DIRECTION('',(0.,1.,0.));
#10970=DIRECTION('',(0.,1.,0.));
#10971=DIRECTION('',(0.,0.,1.));
#10972=DIRECTION('',(0.,1.,0.));
#10973=DIRECTION('',(-0.717645501289367,0.,-0.696408597361587));
#10974=DIRECTION('',(0.,1.,0.));
#10975=DIRECTION('',(0.,1.,0.));
#10976=DIRECTION('',(0.,0.,1.));
#10977=DIRECTION('',(0.,1.,0.));
#10978=DIRECTION('',(0.,1.,0.));
#10979=DIRECTION('',(0.39097539854933,0.,-0.920401128709213));
#10980=DIRECTION('',(0.,1.,0.));
#10981=DIRECTION('',(0.,1.,0.));
#10982=DIRECTION('',(0.,0.,1.));
#10983=DIRECTION('',(0.,1.,0.));
#10984=DIRECTION('',(0.960971250910725,0.,-0.276648251256133));
#10985=DIRECTION('',(0.,1.,0.));
#10986=DIRECTION('',(0.,1.,0.));
#10987=DIRECTION('',(0.,0.,1.));
#10988=DIRECTION('',(0.,1.,0.));
#10989=DIRECTION('',(0.993244948325696,0.,0.11603651419051));
#10990=DIRECTION('',(0.,1.,0.));
#10991=DIRECTION('',(0.,1.,0.));
#10992=DIRECTION('',(0.,0.,1.));
#10993=DIRECTION('',(0.978118270248275,0.,0.208049632074953));
#10994=DIRECTION('',(0.208049632074953,0.,-0.978118270248275));
#10995=DIRECTION('',(0.,1.,0.));
#10996=DIRECTION('',(0.208049632074953,0.,-0.978118270248274));
#10997=DIRECTION('',(0.,1.,0.));
#10998=DIRECTION('',(-0.991858328436421,0.,-0.12734620650537));
#10999=DIRECTION('',(0.,1.,0.));
#11000=DIRECTION('',(0.,1.,0.));
#11001=DIRECTION('',(0.,0.,1.));
#11002=DIRECTION('',(0.,1.,0.));
#11003=DIRECTION('',(-0.921435697123407,0.,0.388530894610327));
#11004=DIRECTION('',(0.,1.,0.));
#11005=DIRECTION('',(0.,1.,0.));
#11006=DIRECTION('',(0.,0.,1.));
#11007=DIRECTION('',(0.,1.,0.));
#11008=DIRECTION('',(-0.35750576008862,0.,0.93391093338897));
#11009=DIRECTION('',(0.,1.,0.));
#11010=DIRECTION('',(0.,1.,0.));
#11011=DIRECTION('',(0.,0.,1.));
#11012=DIRECTION('',(0.,1.,0.));
#11013=DIRECTION('',(0.347807626146748,0.,0.937565920452618));
#11014=DIRECTION('',(0.,1.,0.));
#11015=DIRECTION('',(0.,1.,0.));
#11016=DIRECTION('',(0.,0.,1.));
#11017=DIRECTION('',(0.,1.,0.));
#11018=DIRECTION('',(0.843338993514618,0.,0.537381933095774));
#11019=DIRECTION('',(0.,1.,0.));
#11020=DIRECTION('',(0.,1.,0.));
#11021=DIRECTION('',(0.,0.,1.));
#11022=DIRECTION('',(-0.977845059064605,0.,-0.209329979847463));
#11023=DIRECTION('',(-0.209329979847463,0.,0.977845059064605));
#11024=DIRECTION('',(0.,1.,0.));
#11025=DIRECTION('',(-0.209329979847463,0.,0.977845059064605));
#11026=DIRECTION('',(0.,1.,0.));
#11027=DIRECTION('',(0.993992324274435,0.,0.109449802574087));
#11028=DIRECTION('',(0.,1.,0.));
#11029=DIRECTION('',(0.,1.,0.));
#11030=DIRECTION('',(0.,0.,1.));
#11031=DIRECTION('',(0.,1.,0.));
#11032=DIRECTION('',(0.,1.,0.));
#11033=DIRECTION('',(0.,1.,0.));
#11034=DIRECTION('',(0.,1.,0.));
#11035=DIRECTION('',(0.,1.,0.));
#11036=DIRECTION('',(0.350364267919759,0.,-0.936613516753336));
#11037=DIRECTION('',(0.,1.,0.));
#11038=DIRECTION('',(0.,1.,0.));
#11039=DIRECTION('',(0.,0.,1.));
#11040=DIRECTION('',(0.,1.,0.));
#11041=DIRECTION('',(-0.977802414077409,0.,-0.209529088730877));
#11042=DIRECTION('',(-0.209529088730877,0.,0.977802414077409));
#11043=DIRECTION('',(0.,1.,0.));
#11044=DIRECTION('',(-0.209529088730877,0.,0.977802414077409));
#11045=DIRECTION('',(0.,1.,0.));
#11046=DIRECTION('',(0.976994065543334,0.,-0.21326649031929));
#11047=DIRECTION('',(0.,1.,0.));
#11048=DIRECTION('',(0.,1.,0.));
#11049=DIRECTION('',(0.,0.,1.));
#11050=DIRECTION('',(0.,1.,0.));
#11051=DIRECTION('',(0.43068904567901,0.,-0.90250038555787));
#11052=DIRECTION('',(0.,1.,0.));
#11053=DIRECTION('',(0.,1.,0.));
#11054=DIRECTION('',(0.,0.,1.));
#11055=DIRECTION('',(0.,1.,0.));
#11056=DIRECTION('',(-0.358066043887902,0.,-0.933696261219069));
#11057=DIRECTION('',(0.,1.,0.));
#11058=DIRECTION('',(0.,1.,0.));
#11059=DIRECTION('',(0.,0.,1.));
#11060=DIRECTION('',(0.,1.,0.));
#11061=DIRECTION('',(-0.846066842097592,0.,-0.5330768225153));
#11062=DIRECTION('',(0.,1.,0.));
#11063=DIRECTION('',(0.,1.,0.));
#11064=DIRECTION('',(0.,0.,1.));
#11065=DIRECTION('',(0.97812230696601,0.,0.208030653067019));
#11066=DIRECTION('',(0.208030653067019,0.,-0.97812230696601));
#11067=DIRECTION('',(0.,1.,0.));
#11068=DIRECTION('',(0.208030653067019,0.,-0.97812230696601));
#11069=DIRECTION('',(0.,1.,0.));
#11070=DIRECTION('',(-0.991858328440076,0.,-0.127346206476904));
#11071=DIRECTION('',(0.,1.,0.));
#11072=DIRECTION('',(0.,1.,0.));
#11073=DIRECTION('',(0.,0.,1.));
#11074=DIRECTION('',(0.,1.,0.));
#11075=DIRECTION('',(-0.921435697121216,0.,0.388530894615523));
#11076=DIRECTION('',(0.,1.,0.));
#11077=DIRECTION('',(0.,0.,1.));
#11078=DIRECTION('',(0.,1.,0.));
#11079=DIRECTION('',(1.,0.,0.));
#11080=DIRECTION('',(0.,1.,0.));
#11081=DIRECTION('',(-0.357505760088656,0.,0.933910933388957));
#11082=DIRECTION('',(0.,1.,0.));
#11083=DIRECTION('',(0.,1.,0.));
#11084=DIRECTION('',(0.,0.,1.));
#11085=DIRECTION('',(0.,1.,0.));
#11086=DIRECTION('',(0.,1.,0.));
#11087=DIRECTION('',(0.347427777171818,0.,0.937706745016506));
#11088=DIRECTION('',(0.,1.,0.));
#11089=DIRECTION('',(0.,1.,0.));
#11090=DIRECTION('',(0.,0.,1.));
#11091=DIRECTION('',(0.,1.,0.));
#11092=DIRECTION('',(0.848048824228517,0.,0.529918099072516));
#11093=DIRECTION('',(0.,1.,0.));
#11094=DIRECTION('',(0.,1.,0.));
#11095=DIRECTION('',(0.,0.,1.));
#11096=DIRECTION('',(-0.979812384567392,0.,-0.199919211303871));
#11097=DIRECTION('',(-0.199919211303871,0.,0.979812384567392));
#11098=DIRECTION('',(0.,1.,0.));
#11099=DIRECTION('',(-0.199919211303871,0.,0.979812384567392));
#11100=DIRECTION('',(0.,1.,0.));
#11101=DIRECTION('',(-0.898937299063406,0.,-0.438077313213761));
#11102=DIRECTION('',(0.,1.,0.));
#11103=DIRECTION('',(0.,1.,0.));
#11104=DIRECTION('',(0.,0.,1.));
#11105=DIRECTION('',(0.,1.,0.));
#11106=DIRECTION('',(-0.674826204153345,0.,-0.737976689461115));
#11107=DIRECTION('',(0.,1.,0.));
#11108=DIRECTION('',(0.,1.,0.));
#11109=DIRECTION('',(0.,0.,1.));
#11110=DIRECTION('',(0.,1.,0.));
#11111=DIRECTION('',(0.,1.,0.));
#11112=DIRECTION('',(0.396518911868611,0.,-0.918026553281839));
#11113=DIRECTION('',(0.,1.,0.));
#11114=DIRECTION('',(0.,1.,0.));
#11115=DIRECTION('',(0.,0.,1.));
#11116=DIRECTION('',(0.,1.,0.));
#11117=DIRECTION('',(0.963533468913066,0.,-0.267587844051917));
#11118=DIRECTION('',(0.,1.,0.));
#11119=DIRECTION('',(0.,1.,0.));
#11120=DIRECTION('',(0.,0.,1.));
#11121=DIRECTION('',(0.,1.,0.));
#11122=DIRECTION('',(0.993002056319581,0.,0.118097062389731));
#11123=DIRECTION('',(0.,1.,0.));
#11124=DIRECTION('',(0.,1.,0.));
#11125=DIRECTION('',(0.,0.,1.));
#11126=DIRECTION('',(0.978118270248274,0.,0.208049632074955));
#11127=DIRECTION('',(0.208049632074955,0.,-0.978118270248274));
#11128=DIRECTION('',(0.,1.,0.));
#11129=DIRECTION('',(0.208049632074955,0.,-0.978118270248274));
#11130=DIRECTION('',(0.,1.,0.));
#11131=DIRECTION('',(-0.993979560120386,0.,-0.109565660965855));
#11132=DIRECTION('',(0.,1.,0.));
#11133=DIRECTION('',(0.,1.,0.));
#11134=DIRECTION('',(0.,0.,1.));
#11135=DIRECTION('',(0.,1.,0.));
#11136=DIRECTION('',(-0.921435697121215,0.,0.388530894615525));
#11137=DIRECTION('',(0.,1.,0.));
#11138=DIRECTION('',(0.,1.,0.));
#11139=DIRECTION('',(0.,0.,1.));
#11140=DIRECTION('',(0.,1.,0.));
#11141=DIRECTION('',(-0.358594322959677,0.,0.933493498392512));
#11142=DIRECTION('',(0.,1.,0.));
#11143=DIRECTION('',(0.,1.,0.));
#11144=DIRECTION('',(0.,0.,1.));
#11145=DIRECTION('',(0.,1.,0.));
#11146=DIRECTION('',(0.341100542942746,0.,0.940026818555813));
#11147=DIRECTION('',(0.,1.,0.));
#11148=DIRECTION('',(0.,1.,0.));
#11149=DIRECTION('',(0.,0.,1.));
#11150=DIRECTION('',(0.,1.,0.));
#11151=DIRECTION('',(0.84150919933559,0.,0.540242785637694));
#11152=DIRECTION('',(0.,1.,0.));
#11153=DIRECTION('',(0.,1.,0.));
#11154=DIRECTION('',(0.,0.,1.));
#11155=DIRECTION('',(-0.97883659074475,0.,-0.204643418216159));
#11156=DIRECTION('',(-0.204643418216159,0.,0.97883659074475));
#11157=DIRECTION('',(0.,1.,0.));
#11158=DIRECTION('',(-0.204643418216159,0.,0.97883659074475));
#11159=DIRECTION('',(0.,1.,0.));
#11160=DIRECTION('',(-0.919296794806746,0.,-0.393564992165263));
#11161=DIRECTION('',(0.,1.,0.));
#11162=DIRECTION('',(0.,1.,0.));
#11163=DIRECTION('',(0.,0.,1.));
#11164=DIRECTION('',(0.,1.,0.));
#11165=DIRECTION('',(-0.717645501289364,0.,-0.69640859736159));
#11166=DIRECTION('',(0.,1.,0.));
#11167=DIRECTION('',(0.,1.,0.));
#11168=DIRECTION('',(0.,0.,1.));
#11169=DIRECTION('',(0.,1.,0.));
#11170=DIRECTION('',(0.,1.,0.));
#11171=DIRECTION('',(0.390975398549326,0.,-0.920401128709214));
#11172=DIRECTION('',(0.,1.,0.));
#11173=DIRECTION('',(0.,1.,0.));
#11174=DIRECTION('',(0.,0.,1.));
#11175=DIRECTION('',(0.,1.,0.));
#11176=DIRECTION('',(0.960971250910817,0.,-0.276648251255813));
#11177=DIRECTION('',(0.,1.,0.));
#11178=DIRECTION('',(0.,1.,0.));
#11179=DIRECTION('',(0.,0.,1.));
#11180=DIRECTION('',(0.,1.,0.));
#11181=DIRECTION('',(0.993244948325703,0.,0.116036514190452));
#11182=DIRECTION('',(0.,1.,0.));
#11183=DIRECTION('',(0.,1.,0.));
#11184=DIRECTION('',(0.,0.,1.));
#11185=DIRECTION('',(0.978118270248274,0.,0.208049632074955));
#11186=DIRECTION('',(0.208049632074955,0.,-0.978118270248274));
#11187=DIRECTION('',(0.,1.,0.));
#11188=DIRECTION('',(0.208049632074955,0.,-0.978118270248274));
#11189=DIRECTION('',(0.,1.,0.));
#11190=DIRECTION('',(-0.991858328438745,0.,-0.127346206487268));
#11191=DIRECTION('',(0.,1.,0.));
#11192=DIRECTION('',(0.,1.,0.));
#11193=DIRECTION('',(0.,0.,1.));
#11194=DIRECTION('',(0.,1.,0.));
#11195=DIRECTION('',(-0.921435697121251,0.,0.388530894615439));
#11196=DIRECTION('',(0.,1.,0.));
#11197=DIRECTION('',(0.,1.,0.));
#11198=DIRECTION('',(0.,0.,1.));
#11199=DIRECTION('',(0.,1.,0.));
#11200=DIRECTION('',(-0.357505760088663,0.,0.933910933388954));
#11201=DIRECTION('',(0.,1.,0.));
#11202=DIRECTION('',(0.,1.,0.));
#11203=DIRECTION('',(0.,0.,1.));
#11204=DIRECTION('',(0.,1.,0.));
#11205=DIRECTION('',(0.347807626146751,0.,0.937565920452616));
#11206=DIRECTION('',(0.,1.,0.));
#11207=DIRECTION('',(0.,1.,0.));
#11208=DIRECTION('',(0.,0.,1.));
#11209=DIRECTION('',(0.,1.,0.));
#11210=DIRECTION('',(0.843338993514613,0.,0.537381933095781));
#11211=DIRECTION('',(0.,1.,0.));
#11212=DIRECTION('',(0.,1.,0.));
#11213=DIRECTION('',(0.,0.,1.));
#11214=DIRECTION('',(-0.977845059064605,0.,-0.209329979847463));
#11215=DIRECTION('',(-0.209329979847463,0.,0.977845059064605));
#11216=DIRECTION('',(0.,1.,0.));
#11217=DIRECTION('',(-0.209329979847463,0.,0.977845059064605));
#11218=DIRECTION('',(0.,1.,0.));
#11219=DIRECTION('',(0.99399232427443,0.,0.109449802574128));
#11220=DIRECTION('',(0.,1.,0.));
#11221=DIRECTION('',(0.,1.,0.));
#11222=DIRECTION('',(0.,0.,1.));
#11223=DIRECTION('',(0.,1.,0.));
#11224=DIRECTION('',(0.,1.,0.));
#11225=DIRECTION('',(0.,1.,0.));
#11226=DIRECTION('',(0.,1.,0.));
#11227=DIRECTION('',(0.,1.,0.));
#11228=DIRECTION('',(0.35036426791979,0.,-0.936613516753324));
#11229=DIRECTION('',(0.,1.,0.));
#11230=DIRECTION('',(0.,1.,0.));
#11231=DIRECTION('',(0.,0.,1.));
#11232=DIRECTION('',(0.,1.,0.));
#11233=DIRECTION('',(-0.977802414077409,0.,-0.209529088730877));
#11234=DIRECTION('',(-0.209529088730877,0.,0.977802414077409));
#11235=DIRECTION('',(0.,1.,0.));
#11236=DIRECTION('',(-0.209529088730877,0.,0.977802414077409));
#11237=DIRECTION('',(0.,1.,0.));
#11238=DIRECTION('',(0.976994065539727,0.,-0.213266490335813));
#11239=DIRECTION('',(0.,1.,0.));
#11240=DIRECTION('',(0.,1.,0.));
#11241=DIRECTION('',(0.,0.,1.));
#11242=DIRECTION('',(0.,1.,0.));
#11243=DIRECTION('',(0.430689045678925,0.,-0.90250038555791));
#11244=DIRECTION('',(0.,1.,0.));
#11245=DIRECTION('',(0.,1.,0.));
#11246=DIRECTION('',(0.,0.,1.));
#11247=DIRECTION('',(0.,1.,0.));
#11248=DIRECTION('',(-0.358066043931851,0.,-0.933696261202214));
#11249=DIRECTION('',(0.,1.,0.));
#11250=DIRECTION('',(0.,1.,0.));
#11251=DIRECTION('',(0.,0.,1.));
#11252=DIRECTION('',(0.,1.,0.));
#11253=DIRECTION('',(-0.846066842097615,0.,-0.533076822515263));
#11254=DIRECTION('',(0.,1.,0.));
#11255=DIRECTION('',(0.,1.,0.));
#11256=DIRECTION('',(0.,0.,1.));
#11257=DIRECTION('',(0.97812230696601,0.,0.208030653067019));
#11258=DIRECTION('',(0.208030653067019,0.,-0.97812230696601));
#11259=DIRECTION('',(0.,1.,0.));
#11260=DIRECTION('',(0.208030653067019,0.,-0.97812230696601));
#11261=DIRECTION('',(0.,1.,0.));
#11262=DIRECTION('',(-0.991858328438742,0.,-0.127346206487292));
#11263=DIRECTION('',(0.,1.,0.));
#11264=DIRECTION('',(0.,1.,0.));
#11265=DIRECTION('',(0.,0.,1.));
#11266=DIRECTION('',(0.,1.,0.));
#11267=DIRECTION('',(-0.921435697121303,0.,0.388530894615318));
#11268=DIRECTION('',(0.,1.,0.));
#11269=DIRECTION('',(0.,0.,1.));
#11270=DIRECTION('',(0.,1.,0.));
#11271=DIRECTION('',(1.,0.,0.));
#11272=DIRECTION('',(0.,1.,0.));
#11273=DIRECTION('',(-0.209466005092674,0.,0.977815929871525));
#11274=DIRECTION('',(0.,1.,0.));
#11275=DIRECTION('',(0.,1.,0.));
#11276=DIRECTION('',(0.,0.,1.));
#11277=DIRECTION('',(0.,1.,0.));
#11278=DIRECTION('',(0.,1.,0.));
#11279=DIRECTION('',(0.264587749215618,0.,0.964361614211709));
#11280=DIRECTION('',(0.,1.,0.));
#11281=DIRECTION('',(0.,1.,0.));
#11282=DIRECTION('',(0.,0.,1.));
#11283=DIRECTION('',(0.,1.,0.));
#11284=DIRECTION('',(0.699742610203792,0.,0.714395044401334));
#11285=DIRECTION('',(0.,1.,0.));
#11286=DIRECTION('',(0.,1.,0.));
#11287=DIRECTION('',(0.,0.,1.));
#11288=DIRECTION('',(0.,1.,0.));
#11289=DIRECTION('',(0.962120243311247,0.,0.272625452609815));
#11290=DIRECTION('',(0.,1.,0.));
#11291=DIRECTION('',(0.,1.,0.));
#11292=DIRECTION('',(0.,0.,1.));
#11293=DIRECTION('',(0.,1.,0.));
#11294=DIRECTION('',(0.979409534214443,0.,-0.201883541404067));
#11295=DIRECTION('',(0.,1.,0.));
#11296=DIRECTION('',(0.,1.,0.));
#11297=DIRECTION('',(0.,0.,1.));
#11298=DIRECTION('',(0.,1.,0.));
#11299=DIRECTION('',(0.783417204043423,0.,-0.621496166045122));
#11300=DIRECTION('',(0.,1.,0.));
#11301=DIRECTION('',(0.,1.,0.));
#11302=DIRECTION('',(0.,0.,1.));
#11303=DIRECTION('',(0.,1.,0.));
#11304=DIRECTION('',(0.710501775623332,0.,0.703695407712806));
#11305=DIRECTION('',(0.,1.,0.));
#11306=DIRECTION('',(0.,1.,0.));
#11307=DIRECTION('',(0.,0.,1.));
#11308=DIRECTION('',(0.,1.,0.));
#11309=DIRECTION('',(0.956390200000832,0.,0.292092083669462));
#11310=DIRECTION('',(0.,1.,0.));
#11311=DIRECTION('',(0.,1.,0.));
#11312=DIRECTION('',(0.,0.,1.));
#11313=DIRECTION('',(0.,1.,0.));
#11314=DIRECTION('',(0.900798340014046,0.,-0.434237666063113));
#11315=DIRECTION('',(0.,1.,0.));
#11316=DIRECTION('',(0.,1.,0.));
#11317=DIRECTION('',(0.,0.,1.));
#11318=DIRECTION('',(0.,1.,0.));
#11319=DIRECTION('',(0.,1.,0.));
#11320=DIRECTION('',(-0.141421356237312,0.,-0.989949493661166));
#11321=DIRECTION('',(0.,1.,0.));
#11322=DIRECTION('',(0.,1.,0.));
#11323=DIRECTION('',(-0.379876049457613,0.,-0.925037397648591));
#11324=DIRECTION('',(0.,1.,0.));
#11325=DIRECTION('',(0.,1.,0.));
#11326=DIRECTION('',(0.,0.,1.));
#11327=DIRECTION('',(0.,1.,0.));
#11328=DIRECTION('',(-0.603650668327761,0.,-0.797248938931528));
#11329=DIRECTION('',(0.,1.,0.));
#11330=DIRECTION('',(0.,1.,0.));
#11331=DIRECTION('',(0.,0.,1.));
#11332=DIRECTION('',(0.,1.,0.));
#11333=DIRECTION('',(-0.937764573061893,0.,-0.347271659526148));
#11334=DIRECTION('',(0.,1.,0.));
#11335=DIRECTION('',(0.,1.,0.));
#11336=DIRECTION('',(0.,0.,1.));
#11337=DIRECTION('',(0.,1.,0.));
#11338=DIRECTION('',(-0.935838480344728,0.,0.352429196727611));
#11339=DIRECTION('',(0.,1.,0.));
#11340=DIRECTION('',(0.,1.,0.));
#11341=DIRECTION('',(0.,0.,1.));
#11342=DIRECTION('',(0.,1.,0.));
#11343=DIRECTION('',(-0.354462971332083,0.,0.935070051896878));
#11344=DIRECTION('',(0.,1.,0.));
#11345=DIRECTION('',(0.,1.,0.));
#11346=DIRECTION('',(0.,0.,1.));
#11347=DIRECTION('',(0.,1.,0.));
#11348=DIRECTION('',(0.128915754322062,0.,0.99165554921433));
#11349=DIRECTION('',(0.,1.,0.));
#11350=DIRECTION('',(7.85177200408727E-18,-1.,6.07268403018836E-17));
#11351=DIRECTION('',(0.259377651819761,0.,0.965775974921962));
#11352=DIRECTION('',(0.,1.,0.));
#11353=DIRECTION('',(0.410183907053862,0.,0.912002830255493));
#11354=DIRECTION('',(0.,1.,0.));
#11355=DIRECTION('',(0.,1.,0.));
#11356=DIRECTION('',(0.,0.,1.));
#11357=DIRECTION('',(-0.504810230895786,-6.21333796240904E-27,-0.863230346305633));
#11358=DIRECTION('',(-0.863230346305633,2.66999888669518E-32,0.504810230895786));
#11359=DIRECTION('',(0.,1.,0.));
#11360=DIRECTION('',(-0.863230346305633,2.66999888669518E-32,0.504810230895786));
#11361=DIRECTION('',(0.,1.,0.));
#11362=DIRECTION('',(-0.420232006837553,0.,-0.907416696137603));
#11363=DIRECTION('',(0.,1.,0.));
#11364=DIRECTION('',(0.,1.,0.));
#11365=DIRECTION('',(0.,0.,1.));
#11366=DIRECTION('',(0.,1.,0.));
#11367=DIRECTION('',(-0.158610146738142,0.,-0.987341289196246));
#11368=DIRECTION('',(0.,1.,0.));
#11369=DIRECTION('',(0.,1.,0.));
#11370=DIRECTION('',(0.,0.,1.));
#11371=DIRECTION('',(0.,1.,0.));
#11372=DIRECTION('',(0.,1.,0.));
#11373=DIRECTION('',(0.,1.,0.));
#11374=DIRECTION('',(0.,1.,0.));
#11375=DIRECTION('',(0.583598408563568,0.,0.812042423474334));
#11376=DIRECTION('',(0.,1.,0.));
#11377=DIRECTION('',(0.,1.,0.));
#11378=DIRECTION('',(0.,0.,1.));
#11379=DIRECTION('',(0.,1.,0.));
#11380=DIRECTION('',(0.241812155598258,0.,0.970323080940015));
#11381=DIRECTION('',(0.,1.,0.));
#11382=DIRECTION('',(0.,1.,0.));
#11383=DIRECTION('',(0.,0.,1.));
#11384=DIRECTION('',(0.,1.,0.));
#11385=DIRECTION('',(-0.389485934361787,0.,-0.921032413617635));
#11386=DIRECTION('',(0.,1.,0.));
#11387=DIRECTION('',(0.,1.,0.));
#11388=DIRECTION('',(0.,0.,1.));
#11389=DIRECTION('',(0.,1.,0.));
#11390=DIRECTION('',(-0.912606263972084,0.,-0.408839585851121));
#11391=DIRECTION('',(0.,1.,0.));
#11392=DIRECTION('',(0.,1.,0.));
#11393=DIRECTION('',(0.,0.,1.));
#11394=DIRECTION('',(0.,1.,0.));
#11395=DIRECTION('',(-0.925009709811252,0.,0.379943465208843));
#11396=DIRECTION('',(0.,1.,0.));
#11397=DIRECTION('',(0.,1.,0.));
#11398=DIRECTION('',(0.,0.,1.));
#11399=DIRECTION('',(0.,1.,0.));
#11400=DIRECTION('',(-0.373048941052669,0.,0.92781166600743));
#11401=DIRECTION('',(0.,1.,0.));
#11402=DIRECTION('',(0.,1.,0.));
#11403=DIRECTION('',(0.,0.,1.));
#11404=DIRECTION('',(0.,1.,0.));
#11405=DIRECTION('',(0.164830086417218,0.,-0.986321977151322));
#11406=DIRECTION('',(0.,1.,0.));
#11407=DIRECTION('',(0.,1.,0.));
#11408=DIRECTION('',(0.,0.,1.));
#11409=DIRECTION('',(0.,1.,0.));
#11410=DIRECTION('',(0.541527135183259,0.,-0.840683270834036));
#11411=DIRECTION('',(0.,1.,0.));
#11412=DIRECTION('',(0.,1.,0.));
#11413=DIRECTION('',(0.,0.,1.));
#11414=DIRECTION('',(0.,1.,0.));
#11415=DIRECTION('',(0.93969478620307,0.,-0.342014193832313));
#11416=DIRECTION('',(0.,1.,0.));
#11417=DIRECTION('',(0.,1.,0.));
#11418=DIRECTION('',(0.,0.,1.));
#11419=DIRECTION('',(0.,1.,0.));
#11420=DIRECTION('',(0.961448276942451,0.,0.274985837388748));
#11421=DIRECTION('',(0.,1.,0.));
#11422=DIRECTION('',(0.,1.,0.));
#11423=DIRECTION('',(0.,0.,1.));
#11424=DIRECTION('',(0.,1.,0.));
#11425=DIRECTION('',(0.692778409899427,0.,0.721150521581467));
#11426=DIRECTION('',(0.,1.,0.));
#11427=DIRECTION('',(0.,1.,0.));
#11428=DIRECTION('',(0.,0.,1.));
#11429=DIRECTION('',(0.,1.,0.));
#11430=DIRECTION('',(0.254791177395744,0.,0.966996099227546));
#11431=DIRECTION('',(0.,1.,0.));
#11432=DIRECTION('',(0.,1.,0.));
#11433=DIRECTION('',(0.,0.,1.));
#11434=DIRECTION('',(0.,1.,0.));
#11435=DIRECTION('',(0.,1.,0.));
#11436=DIRECTION('',(-0.816446809313814,0.,0.577420650445836));
#11437=DIRECTION('',(0.,1.,0.));
#11438=DIRECTION('',(0.,1.,0.));
#11439=DIRECTION('',(0.,0.,1.));
#11440=DIRECTION('',(0.,1.,0.));
#11441=DIRECTION('',(0.590891350718944,0.,-0.806751146045385));
#11442=DIRECTION('',(0.,1.,0.));
#11443=DIRECTION('',(0.,1.,0.));
#11444=DIRECTION('',(0.,0.,1.));
#11445=DIRECTION('',(0.,1.,0.));
#11446=DIRECTION('',(-0.370172291548023,0.,-0.928963117981594));
#11447=DIRECTION('',(0.,1.,0.));
#11448=DIRECTION('',(0.,1.,0.));
#11449=DIRECTION('',(0.,0.,1.));
#11450=DIRECTION('',(0.,1.,0.));
#11451=DIRECTION('',(-0.909113342594928,0.,-0.416548833050672));
#11452=DIRECTION('',(0.,1.,0.));
#11453=DIRECTION('',(0.,1.,0.));
#11454=DIRECTION('',(0.,0.,1.));
#11455=DIRECTION('',(0.,1.,0.));
#11456=DIRECTION('',(-0.932399160924045,0.,0.361430221077509));
#11457=DIRECTION('',(0.,1.,0.));
#11458=DIRECTION('',(0.,1.,0.));
#11459=DIRECTION('',(0.,0.,1.));
#11460=DIRECTION('',(0.,1.,0.));
#11461=DIRECTION('',(-0.591490355319111,0.,0.806312073309381));
#11462=DIRECTION('',(0.,1.,0.));
#11463=DIRECTION('',(0.,0.,1.));
#11464=DIRECTION('',(0.,1.,0.));
#11465=DIRECTION('',(1.,0.,0.));
#11466=DIRECTION('',(0.,1.,0.));
#11467=DIRECTION('',(-0.358121874431937,0.,0.933674848677716));
#11468=DIRECTION('',(0.,1.,0.));
#11469=DIRECTION('',(0.,1.,0.));
#11470=DIRECTION('',(0.,0.,1.));
#11471=DIRECTION('',(0.,1.,0.));
#11472=DIRECTION('',(1.70169594629437E-15,0.,-1.));
#11473=DIRECTION('',(-1.,0.,-1.70169594629437E-15));
#11474=DIRECTION('',(0.,1.,0.));
#11475=DIRECTION('',(-1.,0.,-1.70169594629437E-15));
#11476=DIRECTION('',(0.,1.,0.));
#11477=DIRECTION('',(0.387928807748197,0.,0.921689340352302));
#11478=DIRECTION('',(0.,1.,0.));
#11479=DIRECTION('',(0.,1.,0.));
#11480=DIRECTION('',(0.,0.,1.));
#11481=DIRECTION('',(0.,1.,0.));
#11482=DIRECTION('',(0.911999921156557,0.,0.410190375082636));
#11483=DIRECTION('',(0.,1.,0.));
#11484=DIRECTION('',(0.,1.,0.));
#11485=DIRECTION('',(0.,0.,1.));
#11486=DIRECTION('',(0.,1.,0.));
#11487=DIRECTION('',(0.927508023882594,0.,-0.373803244546385));
#11488=DIRECTION('',(0.,1.,0.));
#11489=DIRECTION('',(0.,1.,0.));
#11490=DIRECTION('',(0.,0.,1.));
#11491=DIRECTION('',(0.,1.,0.));
#11492=DIRECTION('',(0.345873434245322,0.,-0.938281177197617));
#11493=DIRECTION('',(0.,1.,0.));
#11494=DIRECTION('',(0.,1.,0.));
#11495=DIRECTION('',(0.,0.,1.));
#11496=DIRECTION('',(-1.50786225762535E-15,0.,1.));
#11497=DIRECTION('',(1.,0.,1.50786225762535E-15));
#11498=DIRECTION('',(0.,1.,0.));
#11499=DIRECTION('',(1.,0.,1.50786225762535E-15));
#11500=DIRECTION('',(-0.975877445604304,0.,-0.218319058171335));
#11501=DIRECTION('',(-0.218319058171335,0.,0.975877445604304));
#11502=DIRECTION('',(0.,1.,0.));
#11503=DIRECTION('',(-0.218319058171335,0.,0.975877445604304));
#11504=DIRECTION('',(0.,1.,0.));
#11505=DIRECTION('',(0.965405263684913,0.,-0.260754054329868));
#11506=DIRECTION('',(0.,1.,0.));
#11507=DIRECTION('',(0.,1.,0.));
#11508=DIRECTION('',(0.,0.,1.));
#11509=DIRECTION('',(0.,1.,0.));
#11510=DIRECTION('',(0.352240797041771,0.,-0.935909408489613));
#11511=DIRECTION('',(0.,1.,0.));
#11512=DIRECTION('',(0.,1.,0.));
#11513=DIRECTION('',(0.,0.,1.));
#11514=DIRECTION('',(0.,1.,0.));
#11515=DIRECTION('',(0.663222458526372,0.,0.748422320956714));
#11516=DIRECTION('',(0.748422320956714,0.,-0.663222458526372));
#11517=DIRECTION('',(0.,1.,0.));
#11518=DIRECTION('',(0.748422320956714,0.,-0.663222458526372));
#11519=DIRECTION('',(0.,1.,0.));
#11520=DIRECTION('',(-0.784554641772568,0.,-0.620059685895735));
#11521=DIRECTION('',(0.,1.,0.));
#11522=DIRECTION('',(0.,1.,0.));
#11523=DIRECTION('',(0.,0.,1.));
#11524=DIRECTION('',(0.,1.,0.));
#11525=DIRECTION('',(-0.962940794619601,0.,-0.269712858531755));
#11526=DIRECTION('',(0.,1.,0.));
#11527=DIRECTION('',(0.,1.,0.));
#11528=DIRECTION('',(0.,0.,1.));
#11529=DIRECTION('',(0.,1.,0.));
#11530=DIRECTION('',(-0.929071223087215,0.,0.36990088190112));
#11531=DIRECTION('',(0.,1.,0.));
#11532=DIRECTION('',(0.,1.,0.));
#11533=DIRECTION('',(0.,0.,1.));
#11534=DIRECTION('',(0.,1.,0.));
#11535=DIRECTION('',(-0.373106253878077,0.,0.927788619954496));
#11536=DIRECTION('',(0.,1.,0.));
#11537=DIRECTION('',(0.,1.,0.));
#11538=DIRECTION('',(0.,0.,1.));
#11539=DIRECTION('',(0.,1.,0.));
#11540=DIRECTION('',(0.344820525054483,0.,0.938668634557026));
#11541=DIRECTION('',(0.,1.,0.));
#11542=DIRECTION('',(0.,1.,0.));
#11543=DIRECTION('',(0.,0.,1.));
#11544=DIRECTION('',(-0.648404326350668,0.,-0.761296151027796));
#11545=DIRECTION('',(-0.761296151027796,0.,0.648404326350668));
#11546=DIRECTION('',(0.,1.,0.));
#11547=DIRECTION('',(-0.761296151027796,0.,0.648404326350668));
#11548=DIRECTION('',(0.975263814977179,0.,0.221044093330175));
#11549=DIRECTION('',(0.221044093330175,0.,-0.975263814977179));
#11550=DIRECTION('',(0.,1.,0.));
#11551=DIRECTION('',(0.221044093330175,0.,-0.975263814977179));
#11552=DIRECTION('',(-1.61977390955848E-15,0.,1.));
#11553=DIRECTION('',(1.,0.,1.61977390955848E-15));
#11554=DIRECTION('',(0.,1.,0.));
#11555=DIRECTION('',(1.,0.,1.61977390955848E-15));
#11556=DIRECTION('',(0.,1.,0.));
#11557=DIRECTION('',(-0.3939971826209,0.,-0.919111647237045));
#11558=DIRECTION('',(0.,1.,0.));
#11559=DIRECTION('',(0.,1.,0.));
#11560=DIRECTION('',(0.,0.,1.));
#11561=DIRECTION('',(0.,1.,0.));
#11562=DIRECTION('',(-0.918762661166156,0.,-0.394810299317132));
#11563=DIRECTION('',(0.,1.,0.));
#11564=DIRECTION('',(0.,1.,0.));
#11565=DIRECTION('',(0.,0.,1.));
#11566=DIRECTION('',(0.,1.,0.));
#11567=DIRECTION('',(-0.927982669766819,0.,0.372623354893982));
#11568=DIRECTION('',(0.,1.,0.));
#11569=DIRECTION('',(0.,0.,1.));
#11570=DIRECTION('',(0.,1.,0.));
#11571=DIRECTION('',(1.,0.,0.));
#11572=CARTESIAN_POINT('',(0.,0.,0.));
#11573=CARTESIAN_POINT('',(-0.0417431452261655,0.0025,0.));
#11574=CARTESIAN_POINT('',(0.0230550652974434,0.0025,-0.0105781441396136));
#11575=CARTESIAN_POINT('',(0.021891120954687,0.0025,-0.0115872300274962));
#11576=CARTESIAN_POINT('',(0.0192686547957273,0.0025,-0.0131936262423016));
#11577=CARTESIAN_POINT('',(0.0147354867448104,0.0025,-0.014227638986784));
#11578=CARTESIAN_POINT('',(0.0101195387761302,0.0025,-0.0137454226441399));
#11579=CARTESIAN_POINT('',(0.00590104951428374,0.0025,-0.011806432404908));
#11580=CARTESIAN_POINT('',(0.00253020371612673,0.0025,-0.00861419375338875));
#11581=CARTESIAN_POINT('',(0.000363995108901355,0.0025,-0.00450802966982263));
#11582=CARTESIAN_POINT('',(-0.000367536201082731,0.0025,7.65143394259711E-5));
#11583=CARTESIAN_POINT('',(0.000413182965921279,0.0025,0.00465293140129291));
#11584=CARTESIAN_POINT('',(0.0026233247171769,0.0025,0.0087356251104698));
#11585=CARTESIAN_POINT('',(0.00602836418156015,0.0025,0.0118913960443495));
#11586=CARTESIAN_POINT('',(0.0102670068371104,0.0025,0.0137853201094223));
#11587=CARTESIAN_POINT('',(0.0148894425117943,0.0025,0.014216680937028));
#11588=CARTESIAN_POINT('',(0.0194053644437106,0.0025,0.0131387817114131));
#11589=CARTESIAN_POINT('',(0.0233349195730401,0.0025,0.0106694511742698));
#11590=CARTESIAN_POINT('',(0.0262636403455798,0.0025,0.00705782294975365));
#11591=CARTESIAN_POINT('',(0.0273355076577144,0.0025,0.00417608799480055));
#11592=CARTESIAN_POINT('',(0.027628650721303,0.0025,0.00266325506274132));
#11593=CARTESIAN_POINT('',(0.023055065297414,0.0025,-0.0105781441397108));
#11594=CARTESIAN_POINT('',(0.027628650721303,0.0025,0.00266325506274132));
#11595=CARTESIAN_POINT('',(0.0276286507213311,0.0025,0.00266325506274571));
#11596=CARTESIAN_POINT('',(0.0237773543201692,0.0025,0.00384071453597221));
#11597=CARTESIAN_POINT('',(0.0199260579190073,0.0025,0.00501817400919872));
#11598=CARTESIAN_POINT('',(0.0160747615178453,0.0025,0.00619563348242523));
#11599=CARTESIAN_POINT('',(0.0160747613867848,0.0025,0.00619563378182847));
#11600=CARTESIAN_POINT('',(0.0160747613867849,0.0025,0.00619563378182847));
#11601=CARTESIAN_POINT('',(0.0154649359404748,0.0025,0.00592868791752065));
#11602=CARTESIAN_POINT('',(0.0143279481686381,0.0025,0.00528612825685344));
#11603=CARTESIAN_POINT('',(0.0123462702233193,0.0025,0.00353157180866585));
#11604=CARTESIAN_POINT('',(0.0106329770154688,0.0025,0.000653737002970099));
#11605=CARTESIAN_POINT('',(0.0102273039453137,0.0025,-0.00267127051274996));
#11606=CARTESIAN_POINT('',(0.0107206996028105,0.0025,-0.00527076995577846));
#11607=CARTESIAN_POINT('',(0.0112269812907186,0.0025,-0.00647499281528211));
#11608=CARTESIAN_POINT('',(0.0115461065032443,0.0025,-0.00705950236332251));
#11609=CARTESIAN_POINT('',(0.0115461065032444,0.0025,-0.00705950236332251));
#11610=CARTESIAN_POINT('',(0.0115461065486055,0.0025,-0.00705950233855797));
#11611=CARTESIAN_POINT('',(0.0153824261315417,0.0025,-0.00823238293894225));
#11612=CARTESIAN_POINT('',(0.0192187457144778,0.0025,-0.00940526353932654));
#11613=CARTESIAN_POINT('',(0.023055065297414,0.0025,-0.0105781441397108));
#11614=CARTESIAN_POINT('',(0.00652865732758462,0.0025,-0.000171124080485503));
#11615=CARTESIAN_POINT('',(0.00665509438327175,0.0025,-2.7746139124854E-5));
#11616=CARTESIAN_POINT('',(0.00653062941342861,0.0025,1.98149865386148E-5));
#11617=CARTESIAN_POINT('',(0.00652539366558888,0.0025,-0.000110944801284294));
#11618=CARTESIAN_POINT('',(0.00643671579749674,0.0025,-1.51066391934046E-5));
#11619=CARTESIAN_POINT('',(0.00651644984265654,0.0025,-0.00010003391959971));
#11620=CARTESIAN_POINT('',(0.00640006017686181,0.0025,-0.000103235711581446));
#11621=CARTESIAN_POINT('',(0.00651441358763034,0.0025,-0.000109088897767439));
#11622=CARTESIAN_POINT('',(0.00640347078135713,0.0025,-0.000137031718583318));
#11623=CARTESIAN_POINT('',(0.00654736989018706,0.0025,-0.000813160543707898));
#11624=CARTESIAN_POINT('',(0.00669104016565171,0.0025,-0.00148934507167592));
#11625=CARTESIAN_POINT('',(0.00688382396164008,0.0025,-0.00144352382253126));
#11626=CARTESIAN_POINT('',(0.00676423420861777,0.0025,-0.00160169775034604));
#11627=CARTESIAN_POINT('',(0.00689106621615174,0.0025,-0.00146049499529229));
#11628=CARTESIAN_POINT('',(0.00688519181602023,0.0025,-0.00164983161607977));
#11629=CARTESIAN_POINT('',(0.00689175604243533,0.0025,-0.00152702103702836));
#11630=CARTESIAN_POINT('',(0.00698904426547268,0.0025,-0.00160152590373731));
#11631=CARTESIAN_POINT('',(0.00688395281867783,0.0025,-0.00152100393861352));
#11632=CARTESIAN_POINT('',(0.00701264708596921,0.0025,-0.00148934540951641));
#11633=CARTESIAN_POINT('',(0.00698767932928806,0.0025,-0.00137217573420548));
#11634=CARTESIAN_POINT('',(0.00696257855366235,0.0025,-0.0012550387812855));
#11635=CARTESIAN_POINT('',(0.00696257855366235,0.0025,-0.0012550387812855));
#11636=CARTESIAN_POINT('',(0.00725698973443891,0.0025,-0.0016498530645649));
#11637=CARTESIAN_POINT('',(0.00759846486951367,0.0025,-0.0016498530645649));
#11638=CARTESIAN_POINT('',(0.00759846486951367,0.0025,-0.0016498530645649));
#11639=CARTESIAN_POINT('',(0.00761345814561256,0.0025,-0.00133820666192115));
#11640=CARTESIAN_POINT('',(0.00782071132036631,0.0025,-0.00156958287584518));
#11641=CARTESIAN_POINT('',(0.00782071132036631,0.0025,-0.00156958287584518));
#11642=CARTESIAN_POINT('',(0.00790594937092862,0.0025,-0.00148931268712546));
#11643=CARTESIAN_POINT('',(0.00791640802743933,0.0025,-0.00132877230968602));
#11644=CARTESIAN_POINT('',(0.00791640802743933,0.0025,-0.00132877230968602));
#11645=CARTESIAN_POINT('',(0.00791640802743933,0.0025,-0.00132877230968602));
#11646=CARTESIAN_POINT('',(0.00819722295475196,0.0025,-0.00164985306456489));
#11647=CARTESIAN_POINT('',(0.00850523038899245,0.0025,-0.00164985306456489));
#11648=CARTESIAN_POINT('',(0.00850523038899245,0.0025,-0.00164985306456489));
#11649=CARTESIAN_POINT('',(0.00850523038899245,0.0025,-0.00164985306456489));
#11650=CARTESIAN_POINT('',(0.00866943129621064,0.0025,-0.00164985306456489));
#11651=CARTESIAN_POINT('',(0.00875806841013893,0.0025,-0.00155128022695143));
#11652=CARTESIAN_POINT('',(0.00875806841013893,0.0025,-0.00155128022695143));
#11653=CARTESIAN_POINT('',(0.00875806841013893,0.0025,-0.00155128022695143));
#11654=CARTESIAN_POINT('',(0.00884670552406721,0.0025,-0.00145270738933796));
#11655=CARTESIAN_POINT('',(0.00884670552406721,0.0025,-0.0012550387812855));
#11656=CARTESIAN_POINT('',(0.00884670552406721,0.0025,-0.0012550387812855));
#11657=CARTESIAN_POINT('',(0.00773156340942771,0.0025,-0.00125668910811502));
#11658=CARTESIAN_POINT('',(0.00882001894746385,0.0025,-0.0010139705401617));
#11659=CARTESIAN_POINT('',(0.00872616950778125,0.0025,-0.000575487574501952));
#11660=CARTESIAN_POINT('',(0.00863243739365835,0.0025,-0.000136977457545547));
#11661=CARTESIAN_POINT('',(0.00844861458838916,0.0025,-0.000179321418417592));
#11662=CARTESIAN_POINT('',(0.00856035174496152,0.0025,-2.71679863299215E-5));
#11663=CARTESIAN_POINT('',(0.00843334357043968,0.0025,-0.000173628573136721));
#11664=CARTESIAN_POINT('',(0.00843829237016781,0.0025,1.98842921113526E-5));
#11665=CARTESIAN_POINT('',(0.00843305261314284,0.0025,-0.000110944801284303));
#11666=CARTESIAN_POINT('',(0.00834437453525633,0.0025,-1.51068366837253E-5));
#11667=CARTESIAN_POINT('',(0.00842410879020262,0.0025,-0.00010003391959567));
#11668=CARTESIAN_POINT('',(0.00830771912441609,0.0025,-0.000103235711564394));
#11669=CARTESIAN_POINT('',(0.00842207253518508,0.0025,-0.000109088897764023));
#11670=CARTESIAN_POINT('',(0.00831112972891131,0.0025,-0.000137031718583267));
#11671=CARTESIAN_POINT('',(0.00840665755137898,0.0025,-0.000585684764599897));
#11672=CARTESIAN_POINT('',(0.00850209989831788,0.0025,-0.00103435944080876));
#11673=CARTESIAN_POINT('',(0.00790193218283862,0.0025,-0.00117692963742409));
#11674=CARTESIAN_POINT('',(0.00851839068718371,0.0025,-0.00117820281328006));
#11675=CARTESIAN_POINT('',(0.00831618546075168,0.0025,-0.00119487932649091));
#11676=CARTESIAN_POINT('',(0.00848729745615974,0.0025,-0.00130216808355567));
#11677=CARTESIAN_POINT('',(0.0083970192499703,0.0025,-0.00121774984276502));
#11678=CARTESIAN_POINT('',(0.00838495583911925,0.0025,-0.00134184563032441));
#11679=CARTESIAN_POINT('',(0.00838495583911925,0.0025,-0.00134184563032441));
#11680=CARTESIAN_POINT('',(0.00828769033356963,0.0025,-0.00134184563032441));
#11681=CARTESIAN_POINT('',(0.00817395244401563,0.0025,-0.00126497450497068));
#11682=CARTESIAN_POINT('',(0.00817395244401563,0.0025,-0.00126497450497068));
#11683=CARTESIAN_POINT('',(0.00860391825569994,0.0025,-0.00065232879048868));
#11684=CARTESIAN_POINT('',(0.00797172808708133,0.0025,-0.00105413754753726));
#11685=CARTESIAN_POINT('',(0.00871654122351968,0.0025,-0.000562330044228213));
#11686=CARTESIAN_POINT('',(0.00784585302739687,0.0025,-0.000759812111791259));
#11687=CARTESIAN_POINT('',(0.00778070695921284,0.0025,-0.000448414897896797));
#11688=CARTESIAN_POINT('',(0.00771561202298014,0.0025,-0.000137005875229376));
#11689=CARTESIAN_POINT('',(0.00751684856474767,0.0025,-0.00018620812611327));
#11690=CARTESIAN_POINT('',(0.0076433747422354,0.0025,-2.51744096371393E-5));
#11691=CARTESIAN_POINT('',(0.00752049316147979,0.0025,-0.000169502193187291));
#11692=CARTESIAN_POINT('',(0.00752106387028864,0.0025,1.97860272201009E-5));
#11693=CARTESIAN_POINT('',(0.00751610342448346,0.0025,-0.000110214761765054));
#11694=CARTESIAN_POINT('',(0.00742767958689284,0.0025,-1.51138355073793E-5));
#11695=CARTESIAN_POINT('',(0.00750740754703867,0.0025,-0.00010003391959567));
#11696=CARTESIAN_POINT('',(0.00739094412431161,0.0025,-0.000103542019444928));
#11697=CARTESIAN_POINT('',(0.00752374886342609,0.0025,-0.00010911189125397));
#11698=CARTESIAN_POINT('',(0.00739391672908359,0.0025,-0.000137025902568371));
#11699=CARTESIAN_POINT('',(0.00748943337538949,0.0025,-0.000585684764599899));
#11700=CARTESIAN_POINT('',(0.00758473042761505,0.0025,-0.00103439266968484));
#11701=CARTESIAN_POINT('',(0.00676738311092933,0.0025,-0.00122094784828888));
#11702=CARTESIAN_POINT('',(0.0076045106393604,0.0025,-0.00119126769248889));
#11703=CARTESIAN_POINT('',(0.00741243130040571,0.0025,-0.00120699134323023));
#11704=CARTESIAN_POINT('',(0.00757685501266653,0.0025,-0.00130553674454161));
#11705=CARTESIAN_POINT('',(0.00749565487660356,0.0025,-0.00123147638300442));
#11706=CARTESIAN_POINT('',(0.00748446551354691,0.0025,-0.00134184563032441));
#11707=CARTESIAN_POINT('',(0.00748446551354691,0.0025,-0.00134184563032441));
#11708=CARTESIAN_POINT('',(0.0073772642843121,0.0025,-0.00134184563032441));
#11709=CARTESIAN_POINT('',(0.00725672826802614,0.0025,-0.00125660757976211));
#11710=CARTESIAN_POINT('',(0.00725672826802614,0.0025,-0.00125660757976211));
#11711=CARTESIAN_POINT('',(0.007979670293854,0.0025,-0.000244845811906786));
#11712=CARTESIAN_POINT('',(0.00703284455675296,0.0025,-0.00105093762369));
#11713=CARTESIAN_POINT('',(0.00783470370137757,0.0025,-0.000392250268958146));
#11714=CARTESIAN_POINT('',(0.00682485195325766,0.0025,-0.00062913399350871));
#11715=CARTESIAN_POINT('',(0.00677484566929506,0.0025,-0.000383048294704844));
#11716=CARTESIAN_POINT('',(0.00672475768800896,0.0025,-0.000136982712970194));
#11717=CARTESIAN_POINT('',(0.00653856348107545,0.0025,-0.000179096225887124));
#11718=CARTESIAN_POINT('',(0.00386483751431067,0.0025,-0.000171124080470011));
#11719=CARTESIAN_POINT('',(0.00399127456998024,0.0025,-2.77461391148193E-5));
#11720=CARTESIAN_POINT('',(0.00386680960015013,0.0025,1.98149865385248E-5));
#11721=CARTESIAN_POINT('',(0.0038615738523104,0.0025,-0.000110944801284307));
#11722=CARTESIAN_POINT('',(0.00377289598421825,0.0025,-1.51066391934087E-5));
#11723=CARTESIAN_POINT('',(0.0038526300293701,0.0025,-0.00010003391959633));
#11724=CARTESIAN_POINT('',(0.00373624036358321,0.0025,-0.000103235711558478));
#11725=CARTESIAN_POINT('',(0.00385059377444305,0.0025,-0.000109088897754527));
#11726=CARTESIAN_POINT('',(0.00373965096807859,0.0025,-0.00013703171858333));
#11727=CARTESIAN_POINT('',(0.00388355007690858,0.0025,-0.000813160543707902));
#11728=CARTESIAN_POINT('',(0.00402722035237323,0.0025,-0.00148934507167593));
#11729=CARTESIAN_POINT('',(0.00422000414836157,0.0025,-0.00144352382253129));
#11730=CARTESIAN_POINT('',(0.00410041439539668,0.0025,-0.00160169775038944));
#11731=CARTESIAN_POINT('',(0.00422724640285756,0.0025,-0.00146049499535818));
#11732=CARTESIAN_POINT('',(0.00422137200274176,0.0025,-0.00164983161608015));
#11733=CARTESIAN_POINT('',(0.00422793622915685,0.0025,-0.00152702103702836));
#11734=CARTESIAN_POINT('',(0.00432522445219421,0.0025,-0.00160152590373731));
#11735=CARTESIAN_POINT('',(0.00422013300537453,0.0025,-0.00152100393860582));
#11736=CARTESIAN_POINT('',(0.00434882727269204,0.0025,-0.00148934540951607));
#11737=CARTESIAN_POINT('',(0.00432385951600958,0.0025,-0.00137217573420549));
#11738=CARTESIAN_POINT('',(0.00429875874038387,0.0025,-0.00125503878128551));
#11739=CARTESIAN_POINT('',(0.00429875874038387,0.0025,-0.00125503878128551));
#11740=CARTESIAN_POINT('',(0.00459316992116043,0.0025,-0.0016498530645649));
#11741=CARTESIAN_POINT('',(0.00493464505623519,0.0025,-0.0016498530645649));
#11742=CARTESIAN_POINT('',(0.00493464505623519,0.0025,-0.0016498530645649));
#11743=CARTESIAN_POINT('',(0.00494963833233399,0.0025,-0.00133820666192094));
#11744=CARTESIAN_POINT('',(0.00515689150708783,0.0025,-0.00156958287584518));
#11745=CARTESIAN_POINT('',(0.00515689150708783,0.0025,-0.00156958287584518));
#11746=CARTESIAN_POINT('',(0.00524212955765014,0.0025,-0.00148931268712546));
#11747=CARTESIAN_POINT('',(0.00525258821416085,0.0025,-0.00132877230968603));
#11748=CARTESIAN_POINT('',(0.00525258821416085,0.0025,-0.00132877230968603));
#11749=CARTESIAN_POINT('',(0.00525258821416085,0.0025,-0.00132877230968603));
#11750=CARTESIAN_POINT('',(0.00553340314147348,0.0025,-0.0016498530645649));
#11751=CARTESIAN_POINT('',(0.00584141057571397,0.0025,-0.0016498530645649));
#11752=CARTESIAN_POINT('',(0.00584141057571397,0.0025,-0.0016498530645649));
#11753=CARTESIAN_POINT('',(0.00584141057571397,0.0025,-0.0016498530645649));
#11754=CARTESIAN_POINT('',(0.00600561148293215,0.0025,-0.0016498530645649));
#11755=CARTESIAN_POINT('',(0.00609424859686044,0.0025,-0.00155128022695143));
#11756=CARTESIAN_POINT('',(0.00609424859686044,0.0025,-0.00155128022695143));
#11757=CARTESIAN_POINT('',(0.00609424859686044,0.0025,-0.00155128022695143));
#11758=CARTESIAN_POINT('',(0.00618288571078873,0.0025,-0.00145270738933797));
#11759=CARTESIAN_POINT('',(0.00618288571078873,0.0025,-0.0012550387812855));
#11760=CARTESIAN_POINT('',(0.00618288571078873,0.0025,-0.0012550387812855));
#11761=CARTESIAN_POINT('',(0.00506774359614966,0.0025,-0.00125668910811503));
#11762=CARTESIAN_POINT('',(0.00615619913418536,0.0025,-0.0010139705401617));
#11763=CARTESIAN_POINT('',(0.00606234969450277,0.0025,-0.000575487574501956));
#11764=CARTESIAN_POINT('',(0.00596861758037987,0.0025,-0.000136977457545552));
#11765=CARTESIAN_POINT('',(0.0057847947751107,0.0025,-0.000179321418417591));
#11766=CARTESIAN_POINT('',(0.00589653193168301,0.0025,-2.71679863299064E-5));
#11767=CARTESIAN_POINT('',(0.00576952375716121,0.0025,-0.000173628573136677));
#11768=CARTESIAN_POINT('',(0.00577447255688932,0.0025,1.98842921113488E-5));
#11769=CARTESIAN_POINT('',(0.00576923279986437,0.0025,-0.000110944801284327));
#11770=CARTESIAN_POINT('',(0.00568055472197785,0.0025,-1.51068366837316E-5));
#11771=CARTESIAN_POINT('',(0.00576028897693204,0.0025,-0.000100033919599707));
#11772=CARTESIAN_POINT('',(0.00564389931113685,0.0025,-0.000103235711565008));
#11773=CARTESIAN_POINT('',(0.00575825272199701,0.0025,-0.000109088897754527));
#11774=CARTESIAN_POINT('',(0.00564730991563256,0.0025,-0.000137031718583327));
#11775=CARTESIAN_POINT('',(0.0057428377381005,0.0025,-0.000585684764599902));
#11776=CARTESIAN_POINT('',(0.0058382800850394,0.0025,-0.00103435944080876));
#11777=CARTESIAN_POINT('',(0.0052381123695598,0.0025,-0.0011769296374241));
#11778=CARTESIAN_POINT('',(0.00585457087390513,0.0025,-0.00117820281328008));
#11779=CARTESIAN_POINT('',(0.00565236564747639,0.0025,-0.00119487932649191));
#11780=CARTESIAN_POINT('',(0.00582348148292795,0.0025,-0.00130216270444656));
#11781=CARTESIAN_POINT('',(0.00573319943669181,0.0025,-0.00121774984276501));
#11782=CARTESIAN_POINT('',(0.00572113602584077,0.0025,-0.00134184563032442));
#11783=CARTESIAN_POINT('',(0.00572113602584077,0.0025,-0.00134184563032442));
#11784=CARTESIAN_POINT('',(0.00562387052029115,0.0025,-0.00134184563032442));
#11785=CARTESIAN_POINT('',(0.00551013263073715,0.0025,-0.00126497450497068));
#11786=CARTESIAN_POINT('',(0.00551013263073715,0.0025,-0.00126497450497068));
#11787=CARTESIAN_POINT('',(0.00594009844242147,0.0025,-0.000652328790488664));
#11788=CARTESIAN_POINT('',(0.00530790827380285,0.0025,-0.00105413754753726));
#11789=CARTESIAN_POINT('',(0.00605272141024123,0.0025,-0.000562330044228213));
#11790=CARTESIAN_POINT('',(0.00518203321411839,0.0025,-0.000759812111791264));
#11791=CARTESIAN_POINT('',(0.00511688714593436,0.0025,-0.000448414897896801));
#11792=CARTESIAN_POINT('',(0.00505179220970166,0.0025,-0.000137005875229381));
#11793=CARTESIAN_POINT('',(0.00485302875146918,0.0025,-0.000186208126113281));
#11794=CARTESIAN_POINT('',(0.0049795549289568,0.0025,-2.51744096372843E-5));
#11795=CARTESIAN_POINT('',(0.00485667334820334,0.0025,-0.000169502193180817));
#11796=CARTESIAN_POINT('',(0.00485724405701015,0.0025,1.97860272200261E-5));
#11797=CARTESIAN_POINT('',(0.00485228361120496,0.0025,-0.000110214761765037));
#11798=CARTESIAN_POINT('',(0.00476385977361436,0.0025,-1.51138355073844E-5));
#11799=CARTESIAN_POINT('',(0.00484358773376807,0.0025,-0.000100033919599712));
#11800=CARTESIAN_POINT('',(0.00472712431103273,0.0025,-0.000103542019444939));
#11801=CARTESIAN_POINT('',(0.00485992905014723,0.0025,-0.000109111891253974));
#11802=CARTESIAN_POINT('',(0.00473009691580511,0.0025,-0.000137025902568376));
#11803=CARTESIAN_POINT('',(0.00482561356211101,0.0025,-0.000585684764599903));
#11804=CARTESIAN_POINT('',(0.00492091061433657,0.0025,-0.00103439266968484));
#11805=CARTESIAN_POINT('',(0.00410356329765085,0.0025,-0.00122094784828889));
#11806=CARTESIAN_POINT('',(0.00494069082608184,0.0025,-0.00119126769248891));
#11807=CARTESIAN_POINT('',(0.00474861148713025,0.0025,-0.00120699134323111));
#11808=CARTESIAN_POINT('',(0.00491303519938802,0.0025,-0.0013055367445416));
#11809=CARTESIAN_POINT('',(0.00483183506332508,0.0025,-0.00123147638300445));
#11810=CARTESIAN_POINT('',(0.00482064570026842,0.0025,-0.00134184563032442));
#11811=CARTESIAN_POINT('',(0.00482064570026842,0.0025,-0.00134184563032442));
#11812=CARTESIAN_POINT('',(0.00471344447103362,0.0025,-0.00134184563032442));
#11813=CARTESIAN_POINT('',(0.00459290845474766,0.0025,-0.00125660757976211));
#11814=CARTESIAN_POINT('',(0.00459290845474766,0.0025,-0.00125660757976211));
#11815=CARTESIAN_POINT('',(0.00531585048057532,0.0025,-0.000244845811907027));
#11816=CARTESIAN_POINT('',(0.00436902474347448,0.0025,-0.00105093762369));
#11817=CARTESIAN_POINT('',(0.0051708838880991,0.0025,-0.000392250268958137));
#11818=CARTESIAN_POINT('',(0.00416103213997918,0.0025,-0.000629133993508714));
#11819=CARTESIAN_POINT('',(0.00411102585601658,0.0025,-0.000383048294704849));
#11820=CARTESIAN_POINT('',(0.00406093787473047,0.0025,-0.000136982712970198));
#11821=CARTESIAN_POINT('',(0.00387474366779692,0.0025,-0.00017909622588715));
#11822=CARTESIAN_POINT('',(0.00257453273923558,0.0025,-0.000816693122862272));
#11823=CARTESIAN_POINT('',(0.0030046943924731,0.0025,-9.89458667795989E-5));
#11824=CARTESIAN_POINT('',(0.00257464918431509,0.0025,1.99139165058486E-5));
#11825=CARTESIAN_POINT('',(0.00257556343077042,0.0025,-0.000660974585458749));
#11826=CARTESIAN_POINT('',(0.0022954710730218,0.0025,-4.04227999183907E-5));
#11827=CARTESIAN_POINT('',(0.00253317896596158,0.0025,-0.000602212701349178));
#11828=CARTESIAN_POINT('',(0.00207459794226143,0.0025,-0.00020093554949335));
#11829=CARTESIAN_POINT('',(0.00231406037665296,0.0025,-0.000422341172354871));
#11830=CARTESIAN_POINT('',(0.00198872465142092,0.0025,-0.000415207335778976));
#11831=CARTESIAN_POINT('',(0.00215837098059101,0.0025,-0.000413272104784184));
#11832=CARTESIAN_POINT('',(0.00204951455992733,0.0025,-0.000543685545902446));
#11833=CARTESIAN_POINT('',(0.00218686852911577,0.0025,-0.000402255550417178));
#11834=CARTESIAN_POINT('',(0.00218669292303495,0.0025,-0.000598985654737937));
#11835=CARTESIAN_POINT('',(0.00219646406460182,0.0025,-0.000485917883233243));
#11836=CARTESIAN_POINT('',(0.0023065921162183,0.0025,-0.000511821697798423));
#11837=CARTESIAN_POINT('',(0.00260935706225646,0.0025,-0.000626753718568564));
#11838=CARTESIAN_POINT('',(0.00241070977378749,0.0025,-0.000369713507653694));
#11839=CARTESIAN_POINT('',(0.00241070977378749,0.0025,-0.000369713507653694));
#11840=CARTESIAN_POINT('',(0.0024909799625072,0.0025,-0.000301209307508526));
#11841=CARTESIAN_POINT('',(0.00263844701930826,0.0025,-0.000301209307508526));
#11842=CARTESIAN_POINT('',(0.00263844701930826,0.0025,-0.000301209307508526));
#11843=CARTESIAN_POINT('',(0.00264171671766724,0.0025,-0.000769198608952416));
#11844=CARTESIAN_POINT('',(0.00287428536341656,0.0025,-0.000363184585823043));
#11845=CARTESIAN_POINT('',(0.00263255364681163,0.0025,-0.000790361225858727));
#11846=CARTESIAN_POINT('',(0.00304996962465502,0.0025,-0.000532100073923285));
#11847=CARTESIAN_POINT('',(0.00268394603179226,0.0025,-0.000763240601968098));
#11848=CARTESIAN_POINT('',(0.00311655364479347,0.0025,-0.000766657122195775));
#11849=CARTESIAN_POINT('',(0.0028580452720859,0.0025,-0.000780474795589438));
#11850=CARTESIAN_POINT('',(0.00305355909078495,0.0025,-0.000949000463820281));
#11851=CARTESIAN_POINT('',(0.00280175487219565,0.0025,-0.000722900139266973));
#11852=CARTESIAN_POINT('',(0.00290616810508273,0.0025,-0.00104424063859454));
#11853=CARTESIAN_POINT('',(0.00274115438921416,0.0025,-0.000557864193255274));
#11854=CARTESIAN_POINT('',(0.00275201409822083,0.0025,-0.00107119401442073));
#11855=CARTESIAN_POINT('',(0.0027474671707421,0.0025,-0.00119737044909168));
#11856=CARTESIAN_POINT('',(0.00265855543241224,0.0025,-0.00110780869250595));
#11857=CARTESIAN_POINT('',(0.00274415729207316,0.0025,-0.00119532569579099));
#11858=CARTESIAN_POINT('',(0.00262157948416217,0.0025,-0.00119804286684429));
#11859=CARTESIAN_POINT('',(0.00280439456686079,0.0025,-0.00119347413584597));
#11860=CARTESIAN_POINT('',(0.00268387874999921,0.0025,-0.00133171195458655));
#11861=CARTESIAN_POINT('',(0.00282519136157085,0.0025,-0.00119772496594877));
#11862=CARTESIAN_POINT('',(0.00282252835293653,0.0025,-0.00139192333500015));
#11863=CARTESIAN_POINT('',(0.00280707820784683,0.0025,-0.00185626561204002));
#11864=CARTESIAN_POINT('',(0.00302321451143952,0.0025,-0.00144430102374646));
#11865=CARTESIAN_POINT('',(0.00275808427792024,0.0025,-0.0020088192056301));
#11866=CARTESIAN_POINT('',(0.00320399887012503,0.0025,-0.00157298193921117));
#11867=CARTESIAN_POINT('',(0.00320399887012503,0.0025,-0.00157298193921117));
#11868=CARTESIAN_POINT('',(0.00327747093211279,0.0025,-0.0016498530645649));
#11869=CARTESIAN_POINT('',(0.00327747093211279,0.0025,-0.00172044899601222));
#11870=CARTESIAN_POINT('',(0.00327747093211279,0.0025,-0.00172044899601222));
#11871=CARTESIAN_POINT('',(0.00327747093211279,0.0025,-0.00172044899601222));
#11872=CARTESIAN_POINT('',(0.00327747093211279,0.0025,-0.00179732012136595));
#11873=CARTESIAN_POINT('',(0.00319876954186968,0.0025,-0.00185092073598336));
#11874=CARTESIAN_POINT('',(0.00319876954186968,0.0025,-0.00185092073598336));
#11875=CARTESIAN_POINT('',(0.00319876954186968,0.0025,-0.00185092073598336));
#11876=CARTESIAN_POINT('',(0.00312006815162657,0.0025,-0.00190452135060075));
#11877=CARTESIAN_POINT('',(0.00298305975133624,0.0025,-0.00190452135060075));
#11878=CARTESIAN_POINT('',(0.00298305975133624,0.0025,-0.00190452135060075));
#11879=CARTESIAN_POINT('',(0.00297018174653951,0.0025,-0.00135459097237612));
#11880=CARTESIAN_POINT('',(0.00279709969595761,0.0025,-0.00187618894142732));
#11881=CARTESIAN_POINT('',(0.00317571170554511,0.0025,-0.000852835455646997));
#11882=CARTESIAN_POINT('',(0.00263476706183727,0.0025,-0.00180048924092596));
#11883=CARTESIAN_POINT('',(-0.0312188283896104,0.0025,0.0179966829343544));
#11884=CARTESIAN_POINT('',(0.00260357194042007,0.0025,-0.00178238737304464));
#11885=CARTESIAN_POINT('',(0.00250634041384439,0.0025,-0.00193318931481672));
#11886=CARTESIAN_POINT('',(0.00255976422649435,0.0025,-0.00176196243283487));
#11887=CARTESIAN_POINT('',(0.00252168257884789,0.00250000000000001,-0.00190528962301948));
#11888=CARTESIAN_POINT('',(0.00252126260010188,0.0025,-0.00175739475348665));
#11889=CARTESIAN_POINT('',(0.00251051118634482,0.0025,-0.00188402220478017));
#11890=CARTESIAN_POINT('',(0.00242565496887302,0.0025,-0.00179029645433969));
#11891=CARTESIAN_POINT('',(0.00251565258758614,0.0025,-0.0018717029374574));
#11892=CARTESIAN_POINT('',(0.00239438811599522,0.0025,-0.00187732695940061));
#11893=CARTESIAN_POINT('',(0.00258118994917128,0.0025,-0.00188113009231972));
#11894=CARTESIAN_POINT('',(0.00244090383364222,0.0025,-0.00200479336315602));
#11895=CARTESIAN_POINT('',(0.00276454960626532,0.0025,-0.00170243621087213));
#11896=CARTESIAN_POINT('',(0.00257154112811632,0.0025,-0.00210159064310038));
#11897=CARTESIAN_POINT('',(0.00308482285685796,0.0025,-0.001154336389855));
#11898=CARTESIAN_POINT('',(0.00279378335965289,0.0025,-0.00219204426779305));
#11899=CARTESIAN_POINT('',(0.00279124799092976,0.0025,-0.0021914022986896));
#11900=CARTESIAN_POINT('',(0.00279250302971105,0.0025,-0.00219176835166747));
#11901=CARTESIAN_POINT('',(0.00279375806849233,0.0025,-0.00219213440464535));
#11902=CARTESIAN_POINT('',(0.00291926194662089,0.0025,-0.00222873970243284));
#11903=CARTESIAN_POINT('',(0.0030499951530048,0.0025,-0.00222873970243284));
#11904=CARTESIAN_POINT('',(0.0030499951530048,0.0025,-0.00222873970243284));
#11905=CARTESIAN_POINT('',(0.0030499951530048,0.0025,-0.00222873970243284));
#11906=CARTESIAN_POINT('',(0.00329786531230868,0.0025,-0.00222873970243284));
#11907=CARTESIAN_POINT('',(0.00345160756301616,0.0025,-0.00210323582430429));
#11908=CARTESIAN_POINT('',(0.00345160756301616,0.0025,-0.00210323582430429));
#11909=CARTESIAN_POINT('',(0.00321560770766814,0.0025,-0.00179217065714912));
#11910=CARTESIAN_POINT('',(0.00360542275272514,0.0025,-0.00178738455071902));
#11911=CARTESIAN_POINT('',(0.00306399166851183,0.0025,-0.00178921721601367));
#11912=CARTESIAN_POINT('',(0.00351165937854868,0.0025,-0.0014841428825243));
#11913=CARTESIAN_POINT('',(0.00278501381674314,0.0025,-0.0019660286727149));
#11914=CARTESIAN_POINT('',(0.00327067280538083,0.0025,-0.00124144252782158));
#11915=CARTESIAN_POINT('',(0.00300219022909937,0.0025,-0.000887997961777393));
#11916=CARTESIAN_POINT('',(0.00340648275548337,0.0025,-0.00107101337217111));
#11917=CARTESIAN_POINT('',(0.00291080045649386,0.0025,-0.00085553592626901));
#11918=CARTESIAN_POINT('',(0.00345147255172156,0.0025,-0.000846630128668499));
#11919=CARTESIAN_POINT('',(0.00264463237185997,0.0025,-0.00084387268773008));
#11920=CARTESIAN_POINT('',(0.0033294286324405,0.0025,-0.00041682332505198));
#11921=CARTESIAN_POINT('',(0.00254334589265683,0.0025,-0.00089507560076291));
#11922=CARTESIAN_POINT('',(0.00116926724596591,0.0025,-7.87025416439237E-18));
#11923=CARTESIAN_POINT('',(0.00150055493414856,0.0025,2.48088568430104E-7));
#11924=CARTESIAN_POINT('',(0.000837975761217698,0.0025,-2.25264964189689E-7));
#11925=CARTESIAN_POINT('',(0.000830184037961322,0.0025,-0.000129858344382033));
#11926=CARTESIAN_POINT('',(0.000742174242575144,0.0025,-3.49068438883898E-5));
#11927=CARTESIAN_POINT('',(0.000827631634966846,0.0025,-0.000119597993118705));
#11928=CARTESIAN_POINT('',(0.000707264825185023,0.0025,-0.000123930716305098));
#11929=CARTESIAN_POINT('',(0.000895514741390285,0.0025,-0.000122184857953641));
#11930=CARTESIAN_POINT('',(0.000767505848203656,0.0025,-0.000260511552341037));
#11931=CARTESIAN_POINT('',(0.000906335107386864,0.0025,-0.000132276482664438));
#11932=CARTESIAN_POINT('',(0.000904924022947611,0.0025,-0.00032117174447696));
#11933=CARTESIAN_POINT('',(0.00100532780516049,0.0025,-0.000321080754878883));
#11934=CARTESIAN_POINT('',(0.00110573090766333,0.0025,-0.000321080754878883));
#11935=CARTESIAN_POINT('',(0.00125293649805161,0.0025,-0.00097056332419413));
#11936=CARTESIAN_POINT('',(0.00140014208843989,0.0025,-0.00162004589350938));
#11937=CARTESIAN_POINT('',(0.00133137642188196,0.0025,-0.00156147741704939));
#11938=CARTESIAN_POINT('',(0.00126256009310206,0.0025,-0.00150296733574601));
#11939=CARTESIAN_POINT('',(0.00113604805378981,0.0025,-0.00164878980589591));
#11940=CARTESIAN_POINT('',(0.0011357881041265,0.0025,-0.00145595486121456));
#11941=CARTESIAN_POINT('',(0.00113069203813232,0.0025,-0.0015820715970305));
#11942=CARTESIAN_POINT('',(0.00104185076626331,0.0025,-0.00149262602135436));
#11943=CARTESIAN_POINT('',(0.00113291682399392,0.0025,-0.0015817665860766));
#11944=CARTESIAN_POINT('',(0.00100537041335153,0.0025,-0.00158657528560639));
#11945=CARTESIAN_POINT('',(0.00115776181020065,0.0025,-0.00158246500126573));
#11946=CARTESIAN_POINT('',(0.00102710649964719,0.0025,-0.00166157561209612));
#11947=CARTESIAN_POINT('',(0.00123683162729319,0.0025,-0.00154864827172748));
#11948=CARTESIAN_POINT('',(0.00107535896368729,0.0025,-0.00172363193397167));
#11949=CARTESIAN_POINT('',(0.00130967470962223,0.0025,-0.00193119092470307));
#11950=CARTESIAN_POINT('',(0.00154394861546219,0.0025,-0.00213879525644072));
#11951=CARTESIAN_POINT('',(0.00154394861546219,0.0025,-0.00213879525644072));
#11952=CARTESIAN_POINT('',(0.00161768214386271,0.0025,-0.00219893253137731));
#11953=CARTESIAN_POINT('',(0.00168095701575253,0.0025,-0.00219893253137731));
#11954=CARTESIAN_POINT('',(0.00168095701575253,0.0025,-0.00219893253137731));
#11955=CARTESIAN_POINT('',(0.00169064747383129,0.0025,-0.00205758832554688));
#11956=CARTESIAN_POINT('',(0.00178491823786188,0.0025,-0.00216224273992408));
#11957=CARTESIAN_POINT('',(0.0017231071483646,0.0025,-0.00209784335399181));
#11958=CARTESIAN_POINT('',(0.00180841160343848,0.0025,-0.00207190273870857));
#11959=CARTESIAN_POINT('',(0.00161271428202013,0.0025,-0.00119647030482552));
#11960=CARTESIAN_POINT('',(0.00141687593885703,0.0025,-0.000321080754878882));
#11961=CARTESIAN_POINT('',(0.00148877920236818,0.0025,-0.000321080754878882));
#11962=CARTESIAN_POINT('',(0.00156070725885276,0.0025,-0.000320758210560897));
#11963=CARTESIAN_POINT('',(0.00157141289300576,0.0025,-0.000181483206849842));
#11964=CARTESIAN_POINT('',(0.00166285066994855,0.0025,-0.000286263886352379));
#11965=CARTESIAN_POINT('',(0.00157799558093682,0.0025,-0.000201722726967104));
#11966=CARTESIAN_POINT('',(0.00169764432689237,0.0025,-0.000197672974652598));
#11967=CARTESIAN_POINT('',(0.0015152108517392,0.0025,-0.000197557630112361));
#11968=CARTESIAN_POINT('',(0.00163393156213282,0.0025,-5.87773995611597E-5));
#11969=CARTESIAN_POINT('',(0.00149286774861487,0.0025,-0.000195488600983098));
#11970=CARTESIAN_POINT('',(-0.0417431452261655,0.0025,0.));
#11971=CARTESIAN_POINT('',(-0.0961790474937498,0.0025,-0.0101246114190031));
#11972=CARTESIAN_POINT('',(-0.0954333231196205,0.0025,-0.00975947776707151));
#11973=CARTESIAN_POINT('',(-0.0940345784405023,0.0025,-0.00891089083115123));
#11974=CARTESIAN_POINT('',(-0.0915709263268241,0.0025,-0.00670664270749277));
#11975=CARTESIAN_POINT('',(-0.0893253130732914,0.0025,-0.003190669275953));
#11976=CARTESIAN_POINT('',(-0.0884857169371678,0.0025,0.000896361931560611));
#11977=CARTESIAN_POINT('',(-0.0887162714058771,0.0025,0.00419321736399037));
#11978=CARTESIAN_POINT('',(-0.089128198594997,0.0025,0.00577687174788096));
#11979=CARTESIAN_POINT('',(-0.0894086658313958,0.0025,0.00655865978628384));
#11980=CARTESIAN_POINT('',(-0.0961790474639732,0.0025,-0.0101246113502138));
#11981=CARTESIAN_POINT('',(-0.0894086658313959,0.0025,0.00655865978628384));
#11982=CARTESIAN_POINT('',(-0.089408666051167,0.0025,0.00655865970744478));
#11983=CARTESIAN_POINT('',(-0.0944228696390994,0.0025,0.00872838205439249));
#11984=CARTESIAN_POINT('',(-0.0994370732270317,0.0025,0.0108981044013402));
#11985=CARTESIAN_POINT('',(-0.104451276814964,0.0025,0.0130678267482879));
#11986=CARTESIAN_POINT('',(-0.104451276814872,0.0025,0.0130678267481914));
#11987=CARTESIAN_POINT('',(-0.104451276814872,0.0025,0.0130678267481914));
#11988=CARTESIAN_POINT('',(-0.103066880041712,0.0025,0.0139508925493467));
#11989=CARTESIAN_POINT('',(-0.100058992401614,0.0025,0.0152555056755323));
#11990=CARTESIAN_POINT('',(-0.0951274730287062,0.0025,0.0157288124717439));
#11991=CARTESIAN_POINT('',(-0.0903016698384046,0.0025,0.0146467288706827));
#11992=CARTESIAN_POINT('',(-0.0860466096080673,0.0025,0.0121226288901067));
#11993=CARTESIAN_POINT('',(-0.0827844586944922,0.0025,0.00840345889566699));
#11994=CARTESIAN_POINT('',(-0.0808359450251818,0.0025,0.00385622761852569));
#11995=CARTESIAN_POINT('',(-0.0803932983914772,0.0025,-0.00107106315756519));
#11996=CARTESIAN_POINT('',(-0.0815000870276697,0.0025,-0.0058927939913029));
#11997=CARTESIAN_POINT('',(-0.0840472522918701,0.0025,-0.01013378649158));
#11998=CARTESIAN_POINT('',(-0.0877837621716597,0.0025,-0.0133761045388496));
#11999=CARTESIAN_POINT('',(-0.092341399245177,0.0025,-0.0153001522532466));
#12000=CARTESIAN_POINT('',(-0.0972709481497279,0.0025,-0.0157165570614452));
#12001=CARTESIAN_POINT('',(-0.102086819082969,0.0025,-0.0145833749928285));
#12002=CARTESIAN_POINT('',(-0.106313590520556,0.0025,-0.0120156671834307));
#12003=CARTESIAN_POINT('',(-0.10953775816747,0.0025,-0.00825384634179625));
#12004=CARTESIAN_POINT('',(-0.110799395496644,0.0025,-0.0052284807743093));
#12005=CARTESIAN_POINT('',(-0.111184247769981,0.0025,-0.0036316323847058));
#12006=CARTESIAN_POINT('',(-0.111184247769981,0.0025,-0.0036316323847058));
#12007=CARTESIAN_POINT('',(-0.11118424777026,0.0025,-0.00363163238475429));
#12008=CARTESIAN_POINT('',(-0.106182514334831,0.0025,-0.00579595870657414));
#12009=CARTESIAN_POINT('',(-0.101180780899402,0.0025,-0.00796028502839398));
#12010=CARTESIAN_POINT('',(-0.0961790474639731,0.0025,-0.0101246113502138));
#12011=CARTESIAN_POINT('',(-0.0839711806771574,0.0025,-0.00233430797290293));
#12012=CARTESIAN_POINT('',(-0.0838718777549034,0.0025,-0.00222169977835622));
#12013=CARTESIAN_POINT('',(-0.0839696318125017,0.0025,-0.00218434554910578));
#12014=CARTESIAN_POINT('',(-0.0839737439381591,0.0025,-0.00228704351984776));
#12015=CARTESIAN_POINT('',(-0.0840433910158611,0.0025,-0.0022117727892182));
#12016=CARTESIAN_POINT('',(-0.083980768364259,0.0025,-0.00227847417733877));
#12017=CARTESIAN_POINT('',(-0.0840721801254047,0.0025,-0.0022809888459753));
#12018=CARTESIAN_POINT('',(-0.0839823676269423,0.0025,-0.0022855859040961));
#12019=CARTESIAN_POINT('',(-0.0840695014566295,0.0025,-0.00230753203175287));
#12020=CARTESIAN_POINT('',(-0.0839564839402012,0.0025,-0.0028385596470208));
#12021=CARTESIAN_POINT('',(-0.083843646148156,0.0025,-0.00336963101097531));
#12022=CARTESIAN_POINT('',(-0.0836922348850518,0.0025,-0.00333364327054836));
#12023=CARTESIAN_POINT('',(-0.0837861599759381,0.0025,-0.00345787214609858));
#12024=CARTESIAN_POINT('',(-0.0836865468607996,0.0025,-0.00334697233012504));
#12025=CARTESIAN_POINT('',(-0.0836911605802226,0.0025,-0.00349567620205517));
#12026=CARTESIAN_POINT('',(-0.0836860050752807,0.0025,-0.0033992214932778));
#12027=CARTESIAN_POINT('',(-0.0836095954752853,0.0025,-0.00345773717878648));
#12028=CARTESIAN_POINT('',(-0.0836921336814908,0.0025,-0.00339449569945364));
#12029=CARTESIAN_POINT('',(-0.083591057958444,0.0025,-0.00336963127631307));
#12030=CARTESIAN_POINT('',(-0.0836106674881623,0.0025,-0.0032776069002625));
#12031=CARTESIAN_POINT('',(-0.0836303814901788,0.0025,-0.00318560822418566));
#12032=CARTESIAN_POINT('',(-0.0836303814901788,0.0025,-0.00318560822418566));
#12033=CARTESIAN_POINT('',(-0.0833991526748607,0.0025,-0.00349569304756965));
#12034=CARTESIAN_POINT('',(-0.0831309601057617,0.0025,-0.00349569304756965));
#12035=CARTESIAN_POINT('',(-0.0831309601057617,0.0025,-0.00349569304756965));
#12036=CARTESIAN_POINT('',(-0.0831191844746157,0.0025,-0.00325092779004294));
#12037=CARTESIAN_POINT('',(-0.0829564090462409,0.0025,-0.0034326493119545));
#12038=CARTESIAN_POINT('',(-0.0829564090462409,0.0025,-0.0034326493119545));
#12039=CARTESIAN_POINT('',(-0.08288946358106,0.0025,-0.00336960557633934));
#12040=CARTESIAN_POINT('',(-0.0828812494135531,0.0025,-0.00324351810510903));
#12041=CARTESIAN_POINT('',(-0.0828812494135531,0.0025,-0.00324351810510903));
#12042=CARTESIAN_POINT('',(-0.0828812494135531,0.0025,-0.00324351810510903));
#12043=CARTESIAN_POINT('',(-0.0826606990159939,0.0025,-0.00349569304756965));
#12044=CARTESIAN_POINT('',(-0.0824187917829169,0.0025,-0.00349569304756965));
#12045=CARTESIAN_POINT('',(-0.0824187917829169,0.0025,-0.00349569304756965));
#12046=CARTESIAN_POINT('',(-0.0824187917829169,0.0025,-0.00349569304756965));
#12047=CARTESIAN_POINT('',(-0.0822898293530592,0.0025,-0.00349569304756965));
#12048=CARTESIAN_POINT('',(-0.0822202142834385,0.0025,-0.00341827451881748));
#12049=CARTESIAN_POINT('',(-0.0822202142834385,0.0025,-0.00341827451881748));
#12050=CARTESIAN_POINT('',(-0.0822202142834385,0.0025,-0.00341827451881748));
#12051=CARTESIAN_POINT('',(-0.0821505992138179,0.0025,-0.00334085599006533));
#12052=CARTESIAN_POINT('',(-0.0821505992138179,0.0025,-0.00318560822418566));
#12053=CARTESIAN_POINT('',(-0.0821505992138179,0.0025,-0.00318560822418566));
#12054=CARTESIAN_POINT('',(-0.083026425292839,0.0025,-0.0031869043812022));
#12055=CARTESIAN_POINT('',(-0.082171558694625,0.0025,-0.00299627464093365));
#12056=CARTESIAN_POINT('',(-0.0822452674943344,0.0025,-0.00265189269042739));
#12057=CARTESIAN_POINT('',(-0.0823188841472371,0.0025,-0.00230748941545192));
#12058=CARTESIAN_POINT('',(-0.0824632575007856,0.0025,-0.00234074611406818));
#12059=CARTESIAN_POINT('',(-0.0823754997931142,0.0025,-0.00222124570053766));
#12060=CARTESIAN_POINT('',(-0.0824752512687413,0.0025,-0.00233627498673079));
#12061=CARTESIAN_POINT('',(-0.0824713645104599,0.0025,-0.00218429111691616));
#12062=CARTESIAN_POINT('',(-0.0824754797849149,0.0025,-0.00228704351982872));
#12063=CARTESIAN_POINT('',(-0.0825451270273807,0.0025,-0.0022117729443263));
#12064=CARTESIAN_POINT('',(-0.0824825042110031,0.0025,-0.00227847417734053));
#12065=CARTESIAN_POINT('',(-0.0825739159721534,0.0025,-0.00228098884597862));
#12066=CARTESIAN_POINT('',(-0.0824841034736905,0.0025,-0.00228558590409608));
#12067=CARTESIAN_POINT('',(-0.0825712373033781,0.0025,-0.00230753203175287));
#12068=CARTESIAN_POINT('',(-0.082496210311669,0.0025,-0.00265990150374658));
#12069=CARTESIAN_POINT('',(-0.0824213549329083,0.0025,-0.00301182432549745));
#12070=CARTESIAN_POINT('',(-0.0828926186566128,0.0025,-0.00312426176048363));
#12071=CARTESIAN_POINT('',(-0.082408453529912,0.0025,-0.0031252895277777));
#12072=CARTESIAN_POINT('',(-0.0825672665612307,0.0025,-0.00313835934109079));
#12073=CARTESIAN_POINT('',(-0.0824328731872769,0.0025,-0.00322261907715985));
#12074=CARTESIAN_POINT('',(-0.0825037801770883,0.0025,-0.00315632171048802));
#12075=CARTESIAN_POINT('',(-0.0825132494110533,0.0025,-0.00325386586206205));
#12076=CARTESIAN_POINT('',(-0.0824934471777348,0.0025,-0.00294994567816997));
#12077=CARTESIAN_POINT('',(-0.0826788209224557,0.0025,-0.00319321850016433));
#12078=CARTESIAN_POINT('',(-0.0823412829109929,0.0025,-0.00271224333096552));
#12079=CARTESIAN_POINT('',(-0.0828378013630388,0.0025,-0.00302782157303664));
#12080=CARTESIAN_POINT('',(-0.0822528294923462,0.0025,-0.00264155884329041));
#12081=CARTESIAN_POINT('',(-0.082936662896939,0.0025,-0.00279666010136282));
#12082=CARTESIAN_POINT('',(-0.0829878282369546,0.0025,-0.00255209055521903));
#12083=CARTESIAN_POINT('',(-0.0830390505386965,0.0025,-0.00230708749724913));
#12084=CARTESIAN_POINT('',(-0.0831950610730276,0.0025,-0.00234615489391723));
#12085=CARTESIAN_POINT('',(-0.0830956881550222,0.0025,-0.00221967995709987));
#12086=CARTESIAN_POINT('',(-0.0831921986281202,0.0025,-0.00233303415213469));
#12087=CARTESIAN_POINT('',(-0.0831917503967691,0.0025,-0.00218436829358541));
#12088=CARTESIAN_POINT('',(-0.0831956463018308,0.0025,-0.00228647015107212));
#12089=CARTESIAN_POINT('',(-0.0832650938654579,0.0025,-0.00221177844116114));
#12090=CARTESIAN_POINT('',(-0.0832024759929796,0.0025,-0.00227847417734058));
#12091=CARTESIAN_POINT('',(-0.0832938938806725,0.0025,-0.00228075528336886));
#12092=CARTESIAN_POINT('',(-0.0831896416189026,0.0025,-0.00228560396305578));
#12093=CARTESIAN_POINT('',(-0.0832916110160376,0.0025,-0.00230752746388882));
#12094=CARTESIAN_POINT('',(-0.0832165928020207,0.0025,-0.00265990150374658));
#12095=CARTESIAN_POINT('',(-0.0831417470559071,0.0025,-0.00301231406173097));
#12096=CARTESIAN_POINT('',(-0.0837836868465007,0.0025,-0.00315883340527512));
#12097=CARTESIAN_POINT('',(-0.0831262117935691,0.0025,-0.00313552278491976));
#12098=CARTESIAN_POINT('',(-0.0832770697802659,0.0025,-0.00314787204802845));
#12099=CARTESIAN_POINT('',(-0.0831479352035924,0.0025,-0.00322527315258619));
#12100=CARTESIAN_POINT('',(-0.0832117064714441,0.0025,-0.00316710245471288));
#12101=CARTESIAN_POINT('',(-0.0832204945315865,0.0025,-0.00325378581449261));
#12102=CARTESIAN_POINT('',(-0.0832204945315865,0.0025,-0.00325378581449261));
#12103=CARTESIAN_POINT('',(-0.0833046897485318,0.0025,-0.00325378581449261));
#12104=CARTESIAN_POINT('',(-0.0833993580290483,0.0025,-0.00318684034931169));
#12105=CARTESIAN_POINT('',(-0.0833993580290483,0.0025,-0.00318684034931169));
#12106=CARTESIAN_POINT('',(-0.0828315636004039,0.0025,-0.00239220858856154));
#12107=CARTESIAN_POINT('',(-0.0835751949833045,0.0025,-0.00302530837160742));
#12108=CARTESIAN_POINT('',(-0.0829454195122293,0.0025,-0.00250797918493094));
#12109=CARTESIAN_POINT('',(-0.0837385511546778,0.0025,-0.00269402627339891));
#12110=CARTESIAN_POINT('',(-0.0837778257969269,0.0025,-0.00250075200830116));
#12111=CARTESIAN_POINT('',(-0.083817164603775,0.0025,-0.00230749354303162));
#12112=CARTESIAN_POINT('',(-0.0839634004422876,0.0025,-0.00234056924917501));
#12113=CARTESIAN_POINT('',(-0.0872688138292578,0.0025,-0.0023371788614564));
#12114=CARTESIAN_POINT('',(-0.0871421709003189,0.0025,-0.00225509393800514));
#12115=CARTESIAN_POINT('',(-0.0872680300628869,0.0025,-0.00218674798917729));
#12116=CARTESIAN_POINT('',(-0.0872717464909455,0.0025,-0.00228658022066527));
#12117=CARTESIAN_POINT('',(-0.0873417098388887,0.0025,-0.00221576518018508));
#12118=CARTESIAN_POINT('',(-0.0872805319309038,0.0025,-0.00228237257497276));
#12119=CARTESIAN_POINT('',(-0.0873710142419467,0.0025,-0.00228127714400791));
#12120=CARTESIAN_POINT('',(-0.0871862876660878,0.0025,-0.00226460089786998));
#12121=CARTESIAN_POINT('',(-0.0873335142202819,0.0025,-0.00237839260299352));
#12122=CARTESIAN_POINT('',(-0.0868776472598285,0.0025,-0.00301475354004296));
#12123=CARTESIAN_POINT('',(-0.08642155560901,0.0025,-0.00365094081344931));
#12124=CARTESIAN_POINT('',(-0.0867501223092845,0.0025,-0.00365094081344931));
#12125=CARTESIAN_POINT('',(-0.0870786932724998,0.0025,-0.00365104718928537));
#12126=CARTESIAN_POINT('',(-0.0870828063395164,0.0025,-0.00375368312817717));
#12127=CARTESIAN_POINT('',(-0.0871525923438348,0.0025,-0.00367845609066663));
#12128=CARTESIAN_POINT('',(-0.0870862146673821,0.0025,-0.00374643640844313));
#12129=CARTESIAN_POINT('',(-0.0871814155163929,0.0025,-0.00375074104801791));
#12130=CARTESIAN_POINT('',(-0.0870393699404405,0.0025,-0.00374665832555318));
#12131=CARTESIAN_POINT('',(-0.0871314737208138,0.0025,-0.00385524858189743));
#12132=CARTESIAN_POINT('',(-0.087019219222518,0.0025,-0.00374878968356139));
#12133=CARTESIAN_POINT('',(-0.087023658657888,0.0025,-0.0039032748062198));
#12134=CARTESIAN_POINT('',(-0.0865938477724664,0.0025,-0.00390311575590993));
#12135=CARTESIAN_POINT('',(-0.086164036108101,0.0025,-0.00390299755913325));
#12136=CARTESIAN_POINT('',(-0.0861597349174396,0.0025,-0.00380796431992654));
#12137=CARTESIAN_POINT('',(-0.0860917108283618,0.0025,-0.00387420539728105));
#12138=CARTESIAN_POINT('',(-0.0861630885244346,0.0025,-0.00380587838452236));
#12139=CARTESIAN_POINT('',(-0.086064024856802,0.0025,-0.00380326413835245));
#12140=CARTESIAN_POINT('',(-0.0862748415124457,0.0025,-0.00382536148884219));
#12141=CARTESIAN_POINT('',(-0.0860907166495045,0.0025,-0.00371922907034985));
#12142=CARTESIAN_POINT('',(-0.0866162313789226,0.0025,-0.0029870307247073));
#12143=CARTESIAN_POINT('',(-0.0860633291411591,0.0025,-0.00233430797291492));
#12144=CARTESIAN_POINT('',(-0.0859640262188933,0.0025,-0.00222169977836198));
#12145=CARTESIAN_POINT('',(-0.0860617802764992,0.0025,-0.00218434554910669));
#12146=CARTESIAN_POINT('',(-0.0860658924021671,0.0025,-0.00228704351982721));
#12147=CARTESIAN_POINT('',(-0.0861355394798585,0.0025,-0.00221177278921822));
#12148=CARTESIAN_POINT('',(-0.086072916828252,0.0025,-0.00227847417734059));
#12149=CARTESIAN_POINT('',(-0.0861643285894022,0.0025,-0.00228098884597864));
#12150=CARTESIAN_POINT('',(-0.0860745160909396,0.0025,-0.00228558590409613));
#12151=CARTESIAN_POINT('',(-0.0861616499206269,0.0025,-0.00230753203175287));
#12152=CARTESIAN_POINT('',(-0.0860486324041986,0.0025,-0.0028385596470208));
#12153=CARTESIAN_POINT('',(-0.0859357946121538,0.0025,-0.00336963101097541));
#12154=CARTESIAN_POINT('',(-0.0857843833490308,0.0025,-0.00333364327053653));
#12155=CARTESIAN_POINT('',(-0.0858783084399278,0.0025,-0.0034578721461055));
#12156=CARTESIAN_POINT('',(-0.085778695324797,0.0025,-0.00334697233012498));
#12157=CARTESIAN_POINT('',(-0.0857833090442197,0.0025,-0.00349567620205139));
#12158=CARTESIAN_POINT('',(-0.0857781535392472,0.0025,-0.0033992214933286));
#12159=CARTESIAN_POINT('',(-0.0857017439392831,0.0025,-0.0034577371787861));
#12160=CARTESIAN_POINT('',(-0.0857842821454882,0.0025,-0.00339449569945366));
#12161=CARTESIAN_POINT('',(-0.0856832064224414,0.0025,-0.00336963127631307));
#12162=CARTESIAN_POINT('',(-0.0857028159521597,0.0025,-0.0032776069002625));
#12163=CARTESIAN_POINT('',(-0.0857225299541762,0.0025,-0.00318560822418566));
#12164=CARTESIAN_POINT('',(-0.0857225299541762,0.0025,-0.00318560822418566));
#12165=CARTESIAN_POINT('',(-0.0854913011388581,0.0025,-0.00349569304756965));
#12166=CARTESIAN_POINT('',(-0.0852231085697591,0.0025,-0.00349569304756965));
#12167=CARTESIAN_POINT('',(-0.0852231085697591,0.0025,-0.00349569304756965));
#12168=CARTESIAN_POINT('',(-0.0852113329386132,0.0025,-0.00325092779004288));
#12169=CARTESIAN_POINT('',(-0.0850485575102383,0.0025,-0.0034326493119545));
#12170=CARTESIAN_POINT('',(-0.0850485575102383,0.0025,-0.0034326493119545));
#12171=CARTESIAN_POINT('',(-0.0849816120450574,0.0025,-0.00336960557633934));
#12172=CARTESIAN_POINT('',(-0.0849733978775505,0.0025,-0.00324351810510903));
#12173=CARTESIAN_POINT('',(-0.0849733978775505,0.0025,-0.00324351810510903));
#12174=CARTESIAN_POINT('',(-0.0849733978775505,0.0025,-0.00324351810510903));
#12175=CARTESIAN_POINT('',(-0.0847528474799913,0.0025,-0.00349569304756965));
#12176=CARTESIAN_POINT('',(-0.0845109402469143,0.0025,-0.00349569304756965));
#12177=CARTESIAN_POINT('',(-0.0845109402469143,0.0025,-0.00349569304756965));
#12178=CARTESIAN_POINT('',(-0.0845109402469143,0.0025,-0.00349569304756965));
#12179=CARTESIAN_POINT('',(-0.0843819778170565,0.0025,-0.00349569304756965));
#12180=CARTESIAN_POINT('',(-0.0843123627474359,0.0025,-0.00341827451881748));
#12181=CARTESIAN_POINT('',(-0.0843123627474359,0.0025,-0.00341827451881748));
#12182=CARTESIAN_POINT('',(-0.0843123627474359,0.0025,-0.00341827451881748));
#12183=CARTESIAN_POINT('',(-0.0842427476778153,0.0025,-0.00334085599006533));
#12184=CARTESIAN_POINT('',(-0.0842427476778153,0.0025,-0.00318560822418566));
#12185=CARTESIAN_POINT('',(-0.0842427476778153,0.0025,-0.00318560822418566));
#12186=CARTESIAN_POINT('',(-0.0851185737568363,0.0025,-0.00318690438120212));
#12187=CARTESIAN_POINT('',(-0.0842637071586224,0.0025,-0.00299627464093364));
#12188=CARTESIAN_POINT('',(-0.0843374159583318,0.0025,-0.00265189269042739));
#12189=CARTESIAN_POINT('',(-0.0844110326112345,0.0025,-0.00230748941545192));
#12190=CARTESIAN_POINT('',(-0.084555405964783,0.0025,-0.0023407461140682));
#12191=CARTESIAN_POINT('',(-0.0844676482571121,0.0025,-0.00222124570053732));
#12192=CARTESIAN_POINT('',(-0.0845673997327385,0.0025,-0.00233627498673019));
#12193=CARTESIAN_POINT('',(-0.0845635129744573,0.0025,-0.00218429111691566));
#12194=CARTESIAN_POINT('',(-0.0845676282489052,0.0025,-0.00228704351984742));
#12195=CARTESIAN_POINT('',(-0.0846372754913784,0.0025,-0.00221177294432594));
#12196=CARTESIAN_POINT('',(-0.0845746526750006,0.0025,-0.00227847417734059));
#12197=CARTESIAN_POINT('',(-0.0846660644361508,0.0025,-0.00228098884597874));
#12198=CARTESIAN_POINT('',(-0.0845762519376885,0.0025,-0.00228558590409612));
#12199=CARTESIAN_POINT('',(-0.0846633857673755,0.0025,-0.00230753203175287));
#12200=CARTESIAN_POINT('',(-0.0845883587756664,0.0025,-0.00265990150374658));
#12201=CARTESIAN_POINT('',(-0.0845135033969219,0.0025,-0.00301182432542132));
#12202=CARTESIAN_POINT('',(-0.0849847671210317,0.0025,-0.00312426176053262));
#12203=CARTESIAN_POINT('',(-0.0845006019939093,0.0025,-0.00312528952777783));
#12204=CARTESIAN_POINT('',(-0.0846594150252281,0.0025,-0.00313835934109077));
#12205=CARTESIAN_POINT('',(-0.0845250235594851,0.0025,-0.00322262166802316));
#12206=CARTESIAN_POINT('',(-0.0845959286410842,0.0025,-0.0031563217104912));
#12207=CARTESIAN_POINT('',(-0.0846053978750507,0.0025,-0.00325386586206187));
#12208=CARTESIAN_POINT('',(-0.0845855956417322,0.0025,-0.0029499456781701));
#12209=CARTESIAN_POINT('',(-0.0847709693864531,0.0025,-0.00319321850016435));
#12210=CARTESIAN_POINT('',(-0.0844334313749863,0.0025,-0.00271224333096165));
#12211=CARTESIAN_POINT('',(-0.0849299498270362,0.0025,-0.00302782157303665));
#12212=CARTESIAN_POINT('',(-0.0843449779563438,0.0025,-0.00264155884329048));
#12213=CARTESIAN_POINT('',(-0.0850288113609364,0.0025,-0.00279666010136283));
#12214=CARTESIAN_POINT('',(-0.085079976700952,0.0025,-0.00255209055521903));
#12215=CARTESIAN_POINT('',(-0.085131199002694,0.0025,-0.00230708749724874));
#12216=CARTESIAN_POINT('',(-0.0852872095370251,0.0025,-0.00234615489391731));
#12217=CARTESIAN_POINT('',(-0.0851878366190196,0.0025,-0.0022196799570998));
#12218=CARTESIAN_POINT('',(-0.0852843470921173,0.0025,-0.00233303415213528));
#12219=CARTESIAN_POINT('',(-0.0852838988607665,0.0025,-0.00218436829358556));
#12220=CARTESIAN_POINT('',(-0.0852877947658287,0.0025,-0.00228647015107222));
#12221=CARTESIAN_POINT('',(-0.0853572423294554,0.0025,-0.00221177844116104));
#12222=CARTESIAN_POINT('',(-0.0852946244569833,0.0025,-0.00227847417733739));
#12223=CARTESIAN_POINT('',(-0.0853860423446695,0.0025,-0.00228075528336054));
#12224=CARTESIAN_POINT('',(-0.0852817900828998,0.0025,-0.00228560396305576));
#12225=CARTESIAN_POINT('',(-0.085383759480035,0.0025,-0.00230752746388883));
#12226=CARTESIAN_POINT('',(-0.0853087412660181,0.0025,-0.00265990150374658));
#12227=CARTESIAN_POINT('',(-0.0852338955199044,0.0025,-0.00301231406173096));
#12228=CARTESIAN_POINT('',(-0.0858758353105155,0.0025,-0.00315883340527729));
#12229=CARTESIAN_POINT('',(-0.0852183602575665,0.0025,-0.00313552278491976));
#12230=CARTESIAN_POINT('',(-0.0853692182442632,0.0025,-0.00314787204802847));
#12231=CARTESIAN_POINT('',(-0.0852400808246333,0.0025,-0.00322526902846926));
#12232=CARTESIAN_POINT('',(-0.0853038549354403,0.0025,-0.00316710245471619));
#12233=CARTESIAN_POINT('',(-0.0853126429955839,0.0025,-0.00325378581449261));
#12234=CARTESIAN_POINT('',(-0.0853126429955839,0.0025,-0.00325378581449261));
#12235=CARTESIAN_POINT('',(-0.0853968382125292,0.0025,-0.00325378581449261));
#12236=CARTESIAN_POINT('',(-0.0854915064930457,0.0025,-0.00318684034931169));
#12237=CARTESIAN_POINT('',(-0.0854915064930457,0.0025,-0.00318684034931169));
#12238=CARTESIAN_POINT('',(-0.0849237120644013,0.0025,-0.00239220858856145));
#12239=CARTESIAN_POINT('',(-0.0856673434473019,0.0025,-0.00302530837160743));
#12240=CARTESIAN_POINT('',(-0.0850375679762268,0.0025,-0.00250797918493101));
#12241=CARTESIAN_POINT('',(-0.0858306996186752,0.0025,-0.00269402627339891));
#12242=CARTESIAN_POINT('',(-0.0858699742609243,0.0025,-0.00250075200830116));
#12243=CARTESIAN_POINT('',(-0.0859093130677724,0.0025,-0.00230749354303162));
#12244=CARTESIAN_POINT('',(-0.086055548906285,0.0025,-0.00234056924917497));
#12245=CARTESIAN_POINT('',(-0.0880670587148219,0.0025,-0.00219990812336238));
#12246=CARTESIAN_POINT('',(-0.0878068673067854,0.0025,-0.00219971327605522));
#12247=CARTESIAN_POINT('',(-0.0883272531046588,0.0025,-0.00220008504514457));
#12248=CARTESIAN_POINT('',(-0.0883333726784232,0.0025,-0.00230189810571123));
#12249=CARTESIAN_POINT('',(-0.0884024950557388,0.0025,-0.00222732375390167));
#12250=CARTESIAN_POINT('',(-0.0883353773207839,0.0025,-0.00229383968597619));
#12251=CARTESIAN_POINT('',(-0.0884299127074905,0.0025,-0.00229724258137161));
#12252=CARTESIAN_POINT('',(-0.0882820623270001,0.0025,-0.00229587139446769));
#12253=CARTESIAN_POINT('',(-0.0883825997612446,0.0025,-0.00240451236919925));
#12254=CARTESIAN_POINT('',(-0.0882735640749437,0.0025,-0.00230379729731395));
#12255=CARTESIAN_POINT('',(-0.0882746723323981,0.0025,-0.00245215452852002));
#12256=CARTESIAN_POINT('',(-0.0881958157904919,0.0025,-0.00245208306582301));
#12257=CARTESIAN_POINT('',(-0.0881169597824261,0.0025,-0.00245208306582301));
#12258=CARTESIAN_POINT('',(-0.088001345374767,0.0025,-0.00296218286799905));
#12259=CARTESIAN_POINT('',(-0.0878857309671079,0.0025,-0.0034722826701751));
#12260=CARTESIAN_POINT('',(-0.0879397391184656,0.0025,-0.00342628333213667));
#12261=CARTESIAN_POINT('',(-0.0879937870596353,0.0025,-0.00338032985731194));
#12262=CARTESIAN_POINT('',(-0.0880931488735997,0.0025,-0.00349485797044198));
#12263=CARTESIAN_POINT('',(-0.0880933530365417,0.0025,-0.00334340653543808));
#12264=CARTESIAN_POINT('',(-0.088097355456897,0.0025,-0.00344245788035499));
#12265=CARTESIAN_POINT('',(-0.0881671303596451,0.0025,-0.00337220734175707));
#12266=CARTESIAN_POINT('',(-0.0880956081231246,0.0025,-0.00344221832654002));
#12267=CARTESIAN_POINT('',(-0.0881957823262685,0.0025,-0.00344599505095842));
#12268=CARTESIAN_POINT('',(-0.0880760950166181,0.0025,-0.00344276685773491));
#12269=CARTESIAN_POINT('',(-0.0881787109315255,0.0025,-0.00350489986767411));
#12270=CARTESIAN_POINT('',(-0.0880139940458421,0.0025,-0.00341620739661557));
#12271=CARTESIAN_POINT('',(-0.0881408137291613,0.0025,-0.00355363853905349));
#12272=CARTESIAN_POINT('',(-0.0879567835160423,0.0025,-0.0037166541535042));
#12273=CARTESIAN_POINT('',(-0.0877725368138781,0.0025,-0.00387944302460564));
#12274=CARTESIAN_POINT('',(-0.08764896827319,0.0025,-0.00374943023773003));
#12275=CARTESIAN_POINT('',(-0.08766519969493,0.0025,-0.00392709016420929));
#12276=CARTESIAN_POINT('',(-0.0876575697405865,0.0025,-0.00381592593108865));
#12277=CARTESIAN_POINT('',(-0.0875835299833201,0.0025,-0.00389812084783973));
#12278=CARTESIAN_POINT('',(-0.0876320761025118,0.0025,-0.00384754199442333));
#12279=CARTESIAN_POINT('',(-0.0875650784836165,0.0025,-0.00382716838726371));
#12280=CARTESIAN_POINT('',(-0.087718778012531,0.0025,-0.00313960888614724));
#12281=CARTESIAN_POINT('',(-0.087872588299097,0.0025,-0.00245208306582301));
#12282=CARTESIAN_POINT('',(-0.0878161158974873,0.0025,-0.00245208306582301));
#12283=CARTESIAN_POINT('',(-0.0877596240236216,0.0025,-0.00245182974140671));
#12284=CARTESIAN_POINT('',(-0.0877512158813229,0.0025,-0.00234244397002766));
#12285=CARTESIAN_POINT('',(-0.0876794011873899,0.0025,-0.00242473810140546));
#12286=CARTESIAN_POINT('',(-0.0877460458768152,0.0025,-0.0023583399704678));
#12287=CARTESIAN_POINT('',(-0.0876520744532131,0.0025,-0.00235515931874418));
#12288=CARTESIAN_POINT('',(-0.087795356635034,0.0025,-0.00235506872781851));
#12289=CARTESIAN_POINT('',(-0.0877021140851224,0.0025,-0.00224607154837959));
#12290=CARTESIAN_POINT('',(-0.0878129047772354,0.0025,-0.00235344372447077));
#12291=CARTESIAN_POINT('',(-0.0417431452261655,0.002,0.));
#12292=CARTESIAN_POINT('',(-0.039234615793637,0.002,0.00220037136085114));
#12293=CARTESIAN_POINT('',(-0.0389958618172444,0.002,0.00220037136085114));
#12294=CARTESIAN_POINT('',(-0.0394733697700295,0.002,0.00220037136085114));
#12295=CARTESIAN_POINT('',(-0.0397203716110611,0.002,0.00156962676503584));
#12296=CARTESIAN_POINT('',(-0.0399673734520927,0.002,0.000938882169220556));
#12297=CARTESIAN_POINT('',(-0.0407622071444105,0.002,0.000938882169220556));
#12298=CARTESIAN_POINT('',(-0.0415570408367283,0.002,0.000938882169220556));
#12299=CARTESIAN_POINT('',(-0.0418010039907876,0.002,0.00156962676503584));
#12300=CARTESIAN_POINT('',(-0.042044967144847,0.002,0.00220037136085114));
#12301=CARTESIAN_POINT('',(-0.0422785119435728,0.002,0.00220037136085114));
#12302=CARTESIAN_POINT('',(-0.0425120567422987,0.002,0.00220037136085114));
#12303=CARTESIAN_POINT('',(-0.0417280755034532,0.002,0.000208729099598176));
#12304=CARTESIAN_POINT('',(-0.0409440942646078,0.002,-0.00178291316165478));
#12305=CARTESIAN_POINT('',(-0.0407500523965214,0.002,-0.00178291316165478));
#12306=CARTESIAN_POINT('',(-0.0405560105284351,0.002,-0.00178291316165478));
#12307=CARTESIAN_POINT('',(-0.0397759361728397,0.002,0.000208729099598176));
#12308=CARTESIAN_POINT('',(-0.0612911359077329,0.002,0.0035));
#12309=CARTESIAN_POINT('',(-0.0443566944119461,0.002,0.0035));
#12310=CARTESIAN_POINT('',(-0.0274222529161593,0.002,0.0035));
#12311=CARTESIAN_POINT('',(-0.0104878114203724,0.002,0.0035));
#12312=CARTESIAN_POINT('',(-0.0612911359077329,0.002,0.00350000000000005));
#12313=CARTESIAN_POINT('',(-0.0104878114203724,0.002,0.0035));
#12314=CARTESIAN_POINT('',(-0.0104878114203724,0.002,0.0035));
#12315=CARTESIAN_POINT('',(-0.00658953017321891,0.002,0.0035));
#12316=CARTESIAN_POINT('',(-0.00272059252399646,0.002,0.00441763869151743));
#12317=CARTESIAN_POINT('',(0.000765757061598198,0.002,0.00617687069968242));
#12318=CARTESIAN_POINT('',(0.0007659090310573,0.002,0.00617679906270684));
#12319=CARTESIAN_POINT('',(0.0138843037935354,0.002,-1.7347234759768E-18));
#12320=CARTESIAN_POINT('',(0.000765923444888766,0.002,-0.006176792281909));
#12321=CARTESIAN_POINT('',(0.000765757061531751,0.002,-0.00617687069965314));
#12322=CARTESIAN_POINT('',(-0.00271970805443725,0.002,-0.00441808499994242));
#12323=CARTESIAN_POINT('',(-0.00658853430779692,0.002,-0.0035));
#12324=CARTESIAN_POINT('',(-0.0104878114203724,0.002,-0.0035));
#12325=CARTESIAN_POINT('',(-0.0104878114203724,0.002,-0.0035));
#12326=CARTESIAN_POINT('',(-0.0104878114203724,0.002,-0.0035));
#12327=CARTESIAN_POINT('',(-0.0274222529161593,0.002,-0.0035));
#12328=CARTESIAN_POINT('',(-0.0443566944119461,0.002,-0.0035));
#12329=CARTESIAN_POINT('',(-0.0612911359077329,0.002,-0.0035));
#12330=CARTESIAN_POINT('',(-0.0612911359077329,0.002,-0.0035));
#12331=CARTESIAN_POINT('',(-0.0612911359077329,0.002,-0.0035));
#12332=CARTESIAN_POINT('',(-0.063117744666292,0.002,-0.0035));
#12333=CARTESIAN_POINT('',(-0.0667462314199009,0.002,-0.00370147484058412));
#12334=CARTESIAN_POINT('',(-0.0739642514100595,0.002,-0.00492280292629935));
#12335=CARTESIAN_POINT('',(-0.0791315465086845,0.002,-0.00671735792824069));
#12336=CARTESIAN_POINT('',(-0.0824358179760741,0.002,-0.00829824858806202));
#12337=CARTESIAN_POINT('',(-0.0824359932497658,0.002,-0.00829814227534367));
#12338=CARTESIAN_POINT('',(-0.0961156962064646,0.002,-8.67361737988404E-19));
#12339=CARTESIAN_POINT('',(-0.0824358252894605,0.002,0.0082982440439127));
#12340=CARTESIAN_POINT('',(-0.0824358178744881,0.002,0.00829824853944004));
#12341=CARTESIAN_POINT('',(-0.0791319961457937,0.002,0.00671757306122863));
#12342=CARTESIAN_POINT('',(-0.0739638076265927,0.002,0.00492275401037142));
#12343=CARTESIAN_POINT('',(-0.0667468210151985,0.002,0.00370148461879052));
#12344=CARTESIAN_POINT('',(-0.0631179950965793,0.002,0.00350000000000005));
#12345=CARTESIAN_POINT('',(-0.0612911359077329,0.002,0.00350000000000005));
#12346=CARTESIAN_POINT('',(-0.0442831771489927,0.002,-0.00176641743237676));
#12347=CARTESIAN_POINT('',(-0.0427968251214141,0.002,-0.00176641743237676));
#12348=CARTESIAN_POINT('',(-0.0427968251214141,0.002,-0.000610848186636697));
#12349=CARTESIAN_POINT('',(-0.0442831771489927,0.002,-0.00176641743237676));
#12350=CARTESIAN_POINT('',(-0.0427968251214141,0.002,-0.000610848186636697));
#12351=CARTESIAN_POINT('',(-0.0427968251214141,0.002,-0.000610848186636697));
#12352=CARTESIAN_POINT('',(-0.0427968251214141,0.002,-8.31996984961914E-6));
#12353=CARTESIAN_POINT('',(-0.0432079160589482,0.002,0.000315951339905386));
#12354=CARTESIAN_POINT('',(-0.0432079160589482,0.002,0.000315951339905386));
#12355=CARTESIAN_POINT('',(-0.0432079160589482,0.002,0.000315951339905386));
#12356=CARTESIAN_POINT('',(-0.0436190069964824,0.002,0.000640222649660391));
#12357=CARTESIAN_POINT('',(-0.0443838879172164,0.002,0.000640222649660391));
#12358=CARTESIAN_POINT('',(-0.0443838879172164,0.002,0.000640222649660391));
#12359=CARTESIAN_POINT('',(-0.0446174327159422,0.002,0.000640222649660391));
#12360=CARTESIAN_POINT('',(-0.0448509775146681,0.002,0.000640222649660391));
#12361=CARTESIAN_POINT('',(-0.0448509775146681,0.002,0.00142029700525576));
#12362=CARTESIAN_POINT('',(-0.0448509775146681,0.002,0.00220037136085114));
#12363=CARTESIAN_POINT('',(-0.0450814836264216,0.002,0.00220037136085114));
#12364=CARTESIAN_POINT('',(-0.0453119897381752,0.002,0.00220037136085114));
#12365=CARTESIAN_POINT('',(-0.0453119897381752,0.002,0.000216976964237191));
#12366=CARTESIAN_POINT('',(-0.0453119897381752,0.002,-0.00176641743237676));
#12367=CARTESIAN_POINT('',(-0.0447975834435839,0.002,-0.00176641743237676));
#12368=CARTESIAN_POINT('',(-0.0278612445545725,0.002,0.00199417474487573));
#12369=CARTESIAN_POINT('',(-0.0278612445545725,0.002,0.00178797812890033));
#12370=CARTESIAN_POINT('',(-0.0278612445545725,0.002,0.00220037136085114));
#12371=CARTESIAN_POINT('',(-0.0289668925143396,0.002,0.00220037136085114));
#12372=CARTESIAN_POINT('',(-0.0300725404741067,0.002,0.00220037136085114));
#12373=CARTESIAN_POINT('',(-0.0300725404741067,0.002,0.000216976964237191));
#12374=CARTESIAN_POINT('',(-0.0300725404741067,0.002,-0.00176641743237676));
#12375=CARTESIAN_POINT('',(-0.0289668925143396,0.002,-0.00176641743237676));
#12376=CARTESIAN_POINT('',(-0.0278612445545725,0.002,-0.00176641743237676));
#12377=CARTESIAN_POINT('',(-0.0278612445545725,0.002,-0.00156152311081804));
#12378=CARTESIAN_POINT('',(-0.0278612445545725,0.002,-0.00135662878925932));
#12379=CARTESIAN_POINT('',(-0.028736386402586,0.002,-0.00135662878925932));
#12380=CARTESIAN_POINT('',(-0.0296115282505995,0.002,-0.00135662878925932));
#12381=CARTESIAN_POINT('',(-0.0296115282505995,0.002,-0.000717636328805011));
#12382=CARTESIAN_POINT('',(-0.0296115282505995,0.002,-7.86438683507045E-5));
#12383=CARTESIAN_POINT('',(-0.0287893463755313,0.002,-7.86438683507045E-5));
#12384=CARTESIAN_POINT('',(-0.027967164500463,0.002,-7.86438683507045E-5));
#12385=CARTESIAN_POINT('',(-0.027967164500463,0.002,0.000124948158791327));
#12386=CARTESIAN_POINT('',(-0.027967164500463,0.002,0.000328540185933358));
#12387=CARTESIAN_POINT('',(-0.0287893463755313,0.002,0.000328540185933358));
#12388=CARTESIAN_POINT('',(-0.0296115282505995,0.002,0.000328540185933358));
#12389=CARTESIAN_POINT('',(-0.0296115282505995,0.002,0.00105825915741684));
#12390=CARTESIAN_POINT('',(-0.0296115282505995,0.002,0.00178797812890033));
#12391=CARTESIAN_POINT('',(-0.028736386402586,0.002,0.00178797812890033));
#12392=CARTESIAN_POINT('',(-0.0311629949990124,0.002,0.000216976964237191));
#12393=CARTESIAN_POINT('',(-0.0311629949990124,0.002,-0.00176641743237676));
#12394=CARTESIAN_POINT('',(-0.0311629949990124,0.002,0.00220037136085114));
#12395=CARTESIAN_POINT('',(-0.0314260584711831,0.002,0.00220037136085114));
#12396=CARTESIAN_POINT('',(-0.0316891219433538,0.002,0.00220037136085114));
#12397=CARTESIAN_POINT('',(-0.0327730649961761,0.002,0.000536039096325449));
#12398=CARTESIAN_POINT('',(-0.0338570080489984,0.002,-0.00112829316820024));
#12399=CARTESIAN_POINT('',(-0.0338678605024708,0.002,-0.00112829316820024));
#12400=CARTESIAN_POINT('',(-0.0338787129559432,0.002,-0.00112829316820024));
#12401=CARTESIAN_POINT('',(-0.0485188961918816,0.002,9.79861662417495E-6));
#12402=CARTESIAN_POINT('',(-0.0338351427527179,0.002,-5.43350730991511E-5));
#12403=CARTESIAN_POINT('',(-0.0338353031420536,0.002,0.00107301849413929));
#12404=CARTESIAN_POINT('',(-0.0338353031420536,0.002,0.00220037136085114));
#12405=CARTESIAN_POINT('',(-0.0340484453282514,0.002,0.00220037136085114));
#12406=CARTESIAN_POINT('',(-0.0342615875144491,0.002,0.00220037136085114));
#12407=CARTESIAN_POINT('',(-0.0342615875144491,0.002,0.000216976964237191));
#12408=CARTESIAN_POINT('',(-0.0342615875144491,0.002,-0.00176641743237676));
#12409=CARTESIAN_POINT('',(-0.0340011286311118,0.002,-0.00176641743237676));
#12410=CARTESIAN_POINT('',(-0.0337406697477744,0.002,-0.00176641743237676));
#12411=CARTESIAN_POINT('',(-0.0326593312837855,0.002,-0.0001085966399345));
#12412=CARTESIAN_POINT('',(-0.0315779928197966,0.002,0.00154922415250775));
#12413=CARTESIAN_POINT('',(-0.0315671403663241,0.002,0.00154922415250775));
#12414=CARTESIAN_POINT('',(-0.0315564957839401,0.002,0.00154922415250775));
#12415=CARTESIAN_POINT('',(0.0107568494408625,0.002,-0.000843354293972375));
#12416=CARTESIAN_POINT('',(-0.0315803337930255,0.002,0.00107864549236497));
#12417=CARTESIAN_POINT('',(-0.0227103656540501,0.002,0.000557847380823839));
#12418=CARTESIAN_POINT('',(-0.0315948527548875,0.002,0.000509991246203463));
#12419=CARTESIAN_POINT('',(-0.0315944885490746,0.002,-0.00062821211219252));
#12420=CARTESIAN_POINT('',(-0.0315944885490746,0.002,-0.00176641743237676));
#12421=CARTESIAN_POINT('',(-0.0313787417740434,0.002,-0.00176641743237676));
#12422=CARTESIAN_POINT('',(-0.0353520420393548,0.002,0.000216976964237191));
#12423=CARTESIAN_POINT('',(-0.0353520420393548,0.002,-0.00176641743237676));
#12424=CARTESIAN_POINT('',(-0.0353520420393548,0.002,0.00220037136085114));
#12425=CARTESIAN_POINT('',(-0.0356151055115255,0.002,0.00220037136085114));
#12426=CARTESIAN_POINT('',(-0.0358781689836963,0.002,0.00220037136085114));
#12427=CARTESIAN_POINT('',(-0.0369621120365186,0.002,0.000536039096325449));
#12428=CARTESIAN_POINT('',(-0.0380460550893408,0.002,-0.00112829316820024));
#12429=CARTESIAN_POINT('',(-0.0380569075428132,0.002,-0.00112829316820024));
#12430=CARTESIAN_POINT('',(-0.0380677599962856,0.002,-0.00112829316820024));
#12431=CARTESIAN_POINT('',(-0.0527079432322322,0.002,9.79861662424625E-6));
#12432=CARTESIAN_POINT('',(-0.0380241897930603,0.002,-5.43350730991523E-5));
#12433=CARTESIAN_POINT('',(-0.038024350182396,0.002,0.00107301849413929));
#12434=CARTESIAN_POINT('',(-0.038024350182396,0.002,0.00220037136085114));
#12435=CARTESIAN_POINT('',(-0.0382374923685938,0.002,0.00220037136085114));
#12436=CARTESIAN_POINT('',(-0.0384506345547915,0.002,0.00220037136085114));
#12437=CARTESIAN_POINT('',(-0.0384506345547915,0.002,0.000216976964237191));
#12438=CARTESIAN_POINT('',(-0.0384506345547915,0.002,-0.00176641743237676));
#12439=CARTESIAN_POINT('',(-0.0381901756714541,0.002,-0.00176641743237676));
#12440=CARTESIAN_POINT('',(-0.0379297167881168,0.002,-0.00176641743237676));
#12441=CARTESIAN_POINT('',(-0.0368483783241279,0.002,-0.0001085966399345));
#12442=CARTESIAN_POINT('',(-0.035767039860139,0.002,0.00154922415250775));
#12443=CARTESIAN_POINT('',(-0.0357561874066666,0.002,0.00154922415250775));
#12444=CARTESIAN_POINT('',(-0.0357455428242826,0.002,0.00154922415250775));
#12445=CARTESIAN_POINT('',(0.00656780240100273,0.002,-0.000843354293996406));
#12446=CARTESIAN_POINT('',(-0.035769380833368,0.002,0.00107864549236497));
#12447=CARTESIAN_POINT('',(-0.0268994126944285,0.002,0.000557847380825283));
#12448=CARTESIAN_POINT('',(-0.0357838997952299,0.002,0.000509991246203462));
#12449=CARTESIAN_POINT('',(-0.035783535589417,0.002,-0.00062821211219252));
#12450=CARTESIAN_POINT('',(-0.035783535589417,0.002,-0.00176641743237676));
#12451=CARTESIAN_POINT('',(-0.0355677888143859,0.002,-0.00176641743237676));
#12452=CARTESIAN_POINT('',(-0.0261074880734344,0.002,0.0005507984330479));
#12453=CARTESIAN_POINT('',(-0.0256933584489279,0.002,0.0005507984330479));
#12454=CARTESIAN_POINT('',(-0.0265216176979407,0.002,0.0005507984330479));
#12455=CARTESIAN_POINT('',(-0.0265216176979407,0.002,0.00137558489694952));
#12456=CARTESIAN_POINT('',(-0.0265216176979407,0.002,0.00220037136085114));
#12457=CARTESIAN_POINT('',(-0.0267521238096943,0.002,0.00220037136085114));
#12458=CARTESIAN_POINT('',(-0.0269826299214478,0.002,0.00220037136085114));
#12459=CARTESIAN_POINT('',(-0.0269826299214478,0.002,0.000216976964237191));
#12460=CARTESIAN_POINT('',(-0.0269826299214478,0.002,-0.00176641743237676));
#12461=CARTESIAN_POINT('',(-0.0264387049534116,0.002,-0.00176641743237676));
#12462=CARTESIAN_POINT('',(-0.0258947799853755,0.002,-0.00176641743237676));
#12463=CARTESIAN_POINT('',(-0.0258947799853755,0.002,-0.00176641743237676));
#12464=CARTESIAN_POINT('',(-0.0251646269157531,0.002,-0.00176641743237676));
#12465=CARTESIAN_POINT('',(-0.0248160461102199,0.002,-0.00148685823092799));
#12466=CARTESIAN_POINT('',(-0.0248160461102199,0.002,-0.00148685823092799));
#12467=CARTESIAN_POINT('',(-0.0248160461102199,0.002,-0.00148685823092799));
#12468=CARTESIAN_POINT('',(-0.0244674653046868,0.002,-0.00120729902947924));
#12469=CARTESIAN_POINT('',(-0.0244674653046868,0.002,-0.000645576037748344));
#12470=CARTESIAN_POINT('',(-0.0244674653046868,0.002,-0.000645576037748344));
#12471=CARTESIAN_POINT('',(-0.0244674653046868,0.002,-0.000645576037748344));
#12472=CARTESIAN_POINT('',(-0.0244674653046868,0.002,0.000141009789930464));
#12473=CARTESIAN_POINT('',(-0.0252653376839769,0.002,0.00041796440254585));
#12474=CARTESIAN_POINT('',(-0.0252653376839769,0.002,0.000417964402545852));
#12475=CARTESIAN_POINT('',(-0.0247266218936075,0.002,0.0013091678816985));
#12476=CARTESIAN_POINT('',(-0.024187906103238,0.002,0.00220037136085114));
#12477=CARTESIAN_POINT('',(-0.0244605197344644,0.002,0.00220037136085114));
#12478=CARTESIAN_POINT('',(-0.0247331333656909,0.002,0.00220037136085114));
#12479=CARTESIAN_POINT('',(-0.0252132459073094,0.002,0.00137558489694952));
#12480=CARTESIAN_POINT('',(-0.0463581662529136,0.002,0.000483079123380188));
#12481=CARTESIAN_POINT('',(-0.0461237532579099,0.002,0.000738328829050794));
#12482=CARTESIAN_POINT('',(-0.0461237532579099,0.002,0.00114464468705706));
#12483=CARTESIAN_POINT('',(-0.0463581662529136,0.002,0.000483079123380188));
#12484=CARTESIAN_POINT('',(-0.0461237532579099,0.002,0.00114464468705706));
#12485=CARTESIAN_POINT('',(-0.0461237532579099,0.002,0.00114464468705706));
#12486=CARTESIAN_POINT('',(-0.0461237532579099,0.002,0.00166816704256514));
#12487=CARTESIAN_POINT('',(-0.0465035891294436,0.002,0.00196161738445856));
#12488=CARTESIAN_POINT('',(-0.0465035891294436,0.002,0.00196161738445856));
#12489=CARTESIAN_POINT('',(-0.0465035891294436,0.002,0.00196161738445856));
#12490=CARTESIAN_POINT('',(-0.0468834250009772,0.002,0.00225506772635198));
#12491=CARTESIAN_POINT('',(-0.0475345722093206,0.002,0.00225506772635198));
#12492=CARTESIAN_POINT('',(-0.0475345722093206,0.002,0.00225506772635198));
#12493=CARTESIAN_POINT('',(-0.0475345722093206,0.002,0.00225506772635198));
#12494=CARTESIAN_POINT('',(-0.048239547586887,0.002,0.00225506772635198));
#12495=CARTESIAN_POINT('',(-0.0486198175565596,0.002,0.00207274650801584));
#12496=CARTESIAN_POINT('',(-0.0486198175565596,0.002,0.00207274650801584));
#12497=CARTESIAN_POINT('',(-0.0486198175565596,0.002,0.0018504882609013));
#12498=CARTESIAN_POINT('',(-0.0486198175565596,0.002,0.00162847649597215));
#12499=CARTESIAN_POINT('',(-0.0475070966455428,0.002,-0.00107409061216639));
#12500=CARTESIAN_POINT('',(-0.0480875901071015,0.002,0.00179047080628163));
#12501=CARTESIAN_POINT('',(-0.047512100624324,0.002,-0.00093436529211175));
#12502=CARTESIAN_POINT('',(-0.0475180764800426,0.002,0.0018504882609013));
#12503=CARTESIAN_POINT('',(-0.0475180764800426,0.002,0.0018504882609013));
#12504=CARTESIAN_POINT('',(-0.0470570642565355,0.002,0.0018504882609013));
#12505=CARTESIAN_POINT('',(-0.0468235194578096,0.002,0.00167554671092637));
#12506=CARTESIAN_POINT('',(-0.0468235194578096,0.002,0.00167554671092637));
#12507=CARTESIAN_POINT('',(-0.0468235194578096,0.002,0.00167554671092637));
#12508=CARTESIAN_POINT('',(-0.0465899746590838,0.002,0.00150060516095145));
#12509=CARTESIAN_POINT('',(-0.0465899746590838,0.002,0.00118805450094662));
#12510=CARTESIAN_POINT('',(-0.0465899746590838,0.002,0.00118805450094662));
#12511=CARTESIAN_POINT('',(-0.0465899746590838,0.002,0.00118805450094662));
#12512=CARTESIAN_POINT('',(-0.0465899746590838,0.002,0.000982291983110115));
#12513=CARTESIAN_POINT('',(-0.0466728874036129,0.002,0.000850760247024751));
#12514=CARTESIAN_POINT('',(-0.0466728874036129,0.002,0.000850760247024751));
#12515=CARTESIAN_POINT('',(-0.0466728874036129,0.002,0.000850760247024751));
#12516=CARTESIAN_POINT('',(-0.0467558001481419,0.002,0.000719228510939388));
#12517=CARTESIAN_POINT('',(-0.0469498420162283,0.002,0.000607665289243222));
#12518=CARTESIAN_POINT('',(-0.0469498420162283,0.002,0.000607665289243222));
#12519=CARTESIAN_POINT('',(-0.0469498420162283,0.002,0.000607665289243222));
#12520=CARTESIAN_POINT('',(-0.0471438838843146,0.002,0.000496102067547055));
#12521=CARTESIAN_POINT('',(-0.0475397813869874,0.002,0.000355454270544885));
#12522=CARTESIAN_POINT('',(-0.0475397813869874,0.002,0.000355454270544885));
#12523=CARTESIAN_POINT('',(-0.0475397813869874,0.002,0.000355454270544885));
#12524=CARTESIAN_POINT('',(-0.0480928224159403,0.002,0.000157505519208496));
#12525=CARTESIAN_POINT('',(-0.0483302740979162,0.002,-0.000113805817601247));
#12526=CARTESIAN_POINT('',(-0.0483302740979162,0.002,-0.000113805817601247));
#12527=CARTESIAN_POINT('',(-0.0483302740979162,0.002,-0.000113805817601247));
#12528=CARTESIAN_POINT('',(-0.0485677257798921,0.002,-0.000385117154410991));
#12529=CARTESIAN_POINT('',(-0.0485677257798921,0.002,-0.000821819882139953));
#12530=CARTESIAN_POINT('',(-0.0485677257798921,0.002,-0.000821819882139953));
#12531=CARTESIAN_POINT('',(-0.0485677257798921,0.002,-0.000821819882139953));
#12532=CARTESIAN_POINT('',(-0.0485677257798921,0.002,-0.00128022751681369));
#12533=CARTESIAN_POINT('',(-0.0482234859557479,0.002,-0.00155153885362344));
#12534=CARTESIAN_POINT('',(-0.0482234859557479,0.002,-0.00155153885362344));
#12535=CARTESIAN_POINT('',(-0.0482234859557479,0.002,-0.00155153885362344));
#12536=CARTESIAN_POINT('',(-0.0478792461316037,0.002,-0.00182285019043318));
#12537=CARTESIAN_POINT('',(-0.0473114457659283,0.002,-0.00182285019043318));
#12538=CARTESIAN_POINT('',(-0.0473114457659283,0.002,-0.00182285019043318));
#12539=CARTESIAN_POINT('',(-0.0472778429554218,0.002,0.00086522116609416));
#12540=CARTESIAN_POINT('',(-0.046223326495744,0.002,-0.00160655071351371));
#12541=CARTESIAN_POINT('',(-0.0462956561209126,0.002,-0.00140524778081562));
#12542=CARTESIAN_POINT('',(-0.0463677164119693,0.002,-0.00120469444064586));
#12543=CARTESIAN_POINT('',(-0.0463677164119693,0.002,-0.00120469444064586));
#12544=CARTESIAN_POINT('',(-0.0468591155051991,0.002,-0.00141045695848237));
#12545=CARTESIAN_POINT('',(-0.0473227323175396,0.002,-0.00141045695848237));
#12546=CARTESIAN_POINT('',(-0.0473227323175396,0.002,-0.00141045695848237));
#12547=CARTESIAN_POINT('',(-0.0473227323175396,0.002,-0.00141045695848237));
#12548=CARTESIAN_POINT('',(-0.0476891111467674,0.002,-0.00141045695848237));
#12549=CARTESIAN_POINT('',(-0.0478953077627428,0.002,-0.00125331343220217));
#12550=CARTESIAN_POINT('',(-0.0478953077627428,0.002,-0.00125331343220217));
#12551=CARTESIAN_POINT('',(-0.0478953077627428,0.002,-0.00125331343220217));
#12552=CARTESIAN_POINT('',(-0.0481015043787182,0.002,-0.00109616990592196));
#12553=CARTESIAN_POINT('',(-0.0481015043787182,0.002,-0.000816610704473206));
#12554=CARTESIAN_POINT('',(-0.0481015043787182,0.002,-0.000816610704473206));
#12555=CARTESIAN_POINT('',(-0.0481015043787182,0.002,-0.000816610704473206));
#12556=CARTESIAN_POINT('',(-0.0481015043787182,0.002,-0.000610848186636697));
#12557=CARTESIAN_POINT('',(-0.0480255372044115,0.002,-0.000478882352412438));
#12558=CARTESIAN_POINT('',(-0.0480255372044115,0.002,-0.000478882352412438));
#12559=CARTESIAN_POINT('',(-0.0480255372044115,0.002,-0.000478882352412438));
#12560=CARTESIAN_POINT('',(-0.0479495700301048,0.002,-0.000346916518188179));
#12561=CARTESIAN_POINT('',(-0.0477689852043242,0.002,-0.000237089689047594));
#12562=CARTESIAN_POINT('',(-0.0477689852043242,0.002,-0.000237089689047594));
#12563=CARTESIAN_POINT('',(-0.0477689852043242,0.002,-0.000237089689047594));
#12564=CARTESIAN_POINT('',(-0.0475884003785437,0.002,-0.000127262859907011));
#12565=CARTESIAN_POINT('',(-0.047216812371649,0.002,5.57117059503962E-6));
#12566=CARTESIAN_POINT('',(-0.047216812371649,0.002,5.57117059503962E-6));
#12567=CARTESIAN_POINT('',(-0.047216812371649,0.002,5.57117059503962E-6));
#12568=CARTESIAN_POINT('',(-0.0465925792479172,0.002,0.000227829417709581));
#12569=CARTESIAN_POINT('',(-0.0463581662529136,0.002,0.000483079123380188));
#12570=CARTESIAN_POINT('',(-0.0961156962064646,0.0025,1.12757025938492E-17));
#12571=CARTESIAN_POINT('',(-0.111870594245866,0.0025,-0.00278983651278137));
#12572=CARTESIAN_POINT('',(-0.11187051413825,0.002,-0.00278982234851597));
#12573=CARTESIAN_POINT('',(-0.11187050478921,-0.002,-0.00278987522204059));
#12574=CARTESIAN_POINT('',(-0.111870594238661,0.002,-0.00278983655347328));
#12575=CARTESIAN_POINT('',(-0.111307728006538,0.002,-0.00596848158262988));
#12576=CARTESIAN_POINT('',(-0.108200110975462,0.002,-0.0119659109103903));
#12577=CARTESIAN_POINT('',(-0.0992441986112713,0.002,-0.0167174799662163));
#12578=CARTESIAN_POINT('',(-0.0891761164822085,0.002,-0.0155260535061312));
#12579=CARTESIAN_POINT('',(-0.0841100392832504,0.002,-0.0110582459937697));
#12580=CARTESIAN_POINT('',(-0.0824358179272518,0.002,-0.00829824862642241));
#12581=CARTESIAN_POINT('',(-0.0824358179272518,0.002,-0.00829824862642236));
#12582=CARTESIAN_POINT('',(-0.0827574291280847,0.00199999999527141,-0.00882843303986805));
#12583=CARTESIAN_POINT('',(-0.0834505905285532,0.00191540523248221,-0.00983614006436846));
#12584=CARTESIAN_POINT('',(-0.0844657585371017,0.00157785613091589,-0.0109934843459286));
#12585=CARTESIAN_POINT('',(-0.0852767318378266,0.00120530723748939,-0.0117800892844261));
#12586=CARTESIAN_POINT('',(-0.0859487680220811,0.000844349162020016,-0.0123641257695314));
#12587=CARTESIAN_POINT('',(-0.0865739857789612,0.000465930037030391,-0.0128518303466555));
#12588=CARTESIAN_POINT('',(-0.0870356495211714,0.000161726108130186,-0.013176978413639));
#12589=CARTESIAN_POINT('',(-0.0872713634496467,0.,-0.0133333333449171));
#12590=CARTESIAN_POINT('',(-0.0872712933303061,0.,-0.0133334390538007));
#12591=CARTESIAN_POINT('',(-0.0872713634496467,0.,-0.0133333333449171));
#12592=CARTESIAN_POINT('',(-0.0870356656823756,-0.000161715019671841,-0.0131769891337691));
#12593=CARTESIAN_POINT('',(-0.0865740271734236,-0.000465901566529532,-0.0128518626296728));
#12594=CARTESIAN_POINT('',(-0.0859487390712867,-0.000844365659753547,-0.0123641006452556));
#12595=CARTESIAN_POINT('',(-0.085276806143898,-0.00120526977472865,-0.0117801574139342));
#12596=CARTESIAN_POINT('',(-0.084465711991376,-0.00157787784098982,-0.01099344058309));
#12597=CARTESIAN_POINT('',(-0.0834506374359125,-0.0019153973538639,-0.00983619279716889));
#12598=CARTESIAN_POINT('',(-0.0827574399186212,-0.00199999999964794,-0.00882845083538626));
#12599=CARTESIAN_POINT('',(-0.082435817878402,-0.002,-0.00829824854589225));
#12600=CARTESIAN_POINT('',(-0.0824359932009174,-0.002,-0.00829814219481415));
#12601=CARTESIAN_POINT('',(-0.0824358178783888,-0.002,-0.0082982485458705));
#12602=CARTESIAN_POINT('',(-0.0841100369024444,-0.002,-0.0110582421055991));
#12603=CARTESIAN_POINT('',(-0.0891761045674411,-0.002,-0.0155260450432592));
#12604=CARTESIAN_POINT('',(-0.0992441699931537,-0.002,-0.0167174823970163));
#12605=CARTESIAN_POINT('',(-0.108200078812507,-0.002,-0.011965939320943));
#12606=CARTESIAN_POINT('',(-0.111307708763231,-0.002,-0.00596852814899114));
#12607=CARTESIAN_POINT('',(-0.111870584879836,-0.002,-0.00278988940455841));
#12608=CARTESIAN_POINT('',(0.0138843037935328,0.0025,2.84321177712599E-15));
#12609=CARTESIAN_POINT('',(0.0282526339047496,0.0025,0.00194963838061681));
#12610=CARTESIAN_POINT('',(0.0282525628731428,0.002,0.00194966009715836));
#12611=CARTESIAN_POINT('',(0.0282526339047496,-0.002,0.00194963838061681));
#12612=CARTESIAN_POINT('',(0.0282526297270816,0.002,0.00194966916871365));
#12613=CARTESIAN_POINT('',(0.0278356170730386,0.002,0.00502289504101205));
#12614=CARTESIAN_POINT('',(0.0249624387051542,0.002,0.0108818327195237));
#12615=CARTESIAN_POINT('',(0.0162449609507023,0.002,0.0153498912500209));
#12616=CARTESIAN_POINT('',(0.00658778396316925,0.002,0.0137076677382007));
#12617=CARTESIAN_POINT('',(0.00208692128559289,0.002,0.00898278257430916));
#12618=CARTESIAN_POINT('',(0.000765757029897512,0.002,0.00617687063248541));
#12619=CARTESIAN_POINT('',(0.000765757061548231,0.002,0.00617687069970576));
#12620=CARTESIAN_POINT('',(0.00123638622428305,0.002,0.00717640120065481));
#12621=CARTESIAN_POINT('',(0.00208276596766056,0.00174086969178131,0.00853641947192283));
#12622=CARTESIAN_POINT('',(0.00343256964225414,0.000864476676990917,0.0100867694022508));
#12623=CARTESIAN_POINT('',(0.00411594546320151,0.000309632386437936,0.0107254191356767));
#12624=CARTESIAN_POINT('',(0.00446041927276441,0.,0.0110200000244735));
#12625=CARTESIAN_POINT('',(0.00446033434378189,0.,0.0110200993378074));
#12626=CARTESIAN_POINT('',(0.00446041927276441,0.,0.0110200000244735));
#12627=CARTESIAN_POINT('',(0.00377395521929,-0.000617032404580107,0.0104329620976826));
#12628=CARTESIAN_POINT('',(0.00237498707130185,-0.00164501348341491,0.00900320820703139));
#12629=CARTESIAN_POINT('',(0.00123624728393816,-0.00199999998570224,0.00717610609230282));
#12630=CARTESIAN_POINT('',(0.000765757119683023,-0.002,0.00617687082317345));
#12631=CARTESIAN_POINT('',(0.000765909089205121,-0.002,0.0061767991861668));
#12632=CARTESIAN_POINT('',(0.000765757088032365,-0.002,0.00617687075595323));
#12633=CARTESIAN_POINT('',(0.00208692246701471,-0.002,0.00898278501491257));
#12634=CARTESIAN_POINT('',(0.00658779056222557,-0.002,0.0137076732482747));
#12635=CARTESIAN_POINT('',(0.0162449777192397,-0.002,0.0153498904631385));
#12636=CARTESIAN_POINT('',(0.024962457460026,-0.002,0.0108818161424302));
#12637=CARTESIAN_POINT('',(0.0278356274775564,-0.002,0.00502286773178383));
#12638=CARTESIAN_POINT('',(0.028252633900027,-0.002,0.00194963841543414));
#12639=CARTESIAN_POINT('',(-0.0417431452261655,-0.002,0.));
#12640=CARTESIAN_POINT('',(0.0138843037935354,-0.002,-1.7347234759768E-18));
#12641=CARTESIAN_POINT('',(0.000765923444891258,-0.002,-0.00617679228191429));
#12642=CARTESIAN_POINT('',(0.000765757216234106,-0.002,0.00617687077771259));
#12643=CARTESIAN_POINT('',(-0.00271970794070023,-0.002,0.00441808502707562));
#12644=CARTESIAN_POINT('',(-0.00658853424929278,-0.002,0.0035));
#12645=CARTESIAN_POINT('',(-0.0104878114203724,-0.002,0.0035));
#12646=CARTESIAN_POINT('',(-0.0104878114203724,-0.002,0.0035));
#12647=CARTESIAN_POINT('',(-0.0104878114203724,-0.002,0.0035));
#12648=CARTESIAN_POINT('',(-0.0274222529161593,-0.002,0.0035));
#12649=CARTESIAN_POINT('',(-0.0443566944119461,-0.002,0.0035));
#12650=CARTESIAN_POINT('',(-0.0612911359077329,-0.002,0.0035));
#12651=CARTESIAN_POINT('',(-0.0612911359077329,-0.002,0.00350000000000005));
#12652=CARTESIAN_POINT('',(-0.0612911359077329,-0.002,0.00350000000000005));
#12653=CARTESIAN_POINT('',(-0.0631177446567899,-0.002,0.00350000000000005));
#12654=CARTESIAN_POINT('',(-0.066746231391816,-0.002,0.0037014748385304));
#12655=CARTESIAN_POINT('',(-0.0739642513456109,-0.002,0.00492280291167204));
#12656=CARTESIAN_POINT('',(-0.0791315464208503,-0.002,0.0067173578955059));
#12657=CARTESIAN_POINT('',(-0.0824358178744881,-0.002,0.00829824853944005));
#12658=CARTESIAN_POINT('',(-0.0824358252894605,-0.002,0.00829824404391271));
#12659=CARTESIAN_POINT('',(-0.0961156962064646,-0.002,-8.67361737988404E-19));
#12660=CARTESIAN_POINT('',(-0.0824358178745457,-0.002,-0.00829824853948692));
#12661=CARTESIAN_POINT('',(-0.0791319961458174,-0.002,-0.00671757306124355));
#12662=CARTESIAN_POINT('',(-0.0739638076266655,-0.002,-0.00492275401038381));
#12663=CARTESIAN_POINT('',(-0.066746821015199,-0.002,-0.00370148461879156));
#12664=CARTESIAN_POINT('',(-0.0631179950965782,-0.002,-0.0035));
#12665=CARTESIAN_POINT('',(-0.0612911359077329,-0.002,-0.0035));
#12666=CARTESIAN_POINT('',(-0.0612911359077329,-0.002,-0.0035));
#12667=CARTESIAN_POINT('',(-0.0612911359077329,-0.002,-0.0035));
#12668=CARTESIAN_POINT('',(-0.0443566944119461,-0.002,-0.0035));
#12669=CARTESIAN_POINT('',(-0.0274222529161593,-0.002,-0.0035));
#12670=CARTESIAN_POINT('',(-0.0104878114203724,-0.002,-0.0035));
#12671=CARTESIAN_POINT('',(-0.0104878114203724,-0.002,-0.0035));
#12672=CARTESIAN_POINT('',(-0.0104878114203724,-0.002,-0.0035));
#12673=CARTESIAN_POINT('',(-0.00658953017322324,-0.002,-0.0035));
#12674=CARTESIAN_POINT('',(-0.00272059252403793,-0.002,-0.00441763869150544));
#12675=CARTESIAN_POINT('',(0.000765757061535602,-0.002,-0.00617687069965507));
#12676=CARTESIAN_POINT('',(0.0138843037935328,0.0025,2.84321177712599E-15));
#12677=CARTESIAN_POINT('',(0.00446041927276728,0.,-0.0110200000244703));
#12678=CARTESIAN_POINT('',(0.00377395520475837,0.000617032417869094,-0.0104329620852503));
#12679=CARTESIAN_POINT('',(0.002374987027703,0.00164501351286492,-0.00900320815930008));
#12680=CARTESIAN_POINT('',(0.00123624722754318,0.002,-0.00717610599693577));
#12681=CARTESIAN_POINT('',(0.000765757061525044,0.002,-0.00617687069965083));
#12682=CARTESIAN_POINT('',(0.00446041927276728,0.,-0.0110200000244703));
#12683=CARTESIAN_POINT('',(0.000765757032194888,0.002,-0.00617687063735893));
#12684=CARTESIAN_POINT('',(0.00174693392691918,0.002,-0.00826071142507576));
#12685=CARTESIAN_POINT('',(0.00472027087169066,0.002,-0.0119497665382998));
#12686=CARTESIAN_POINT('',(0.0112229356105366,0.002,-0.014822374010658));
#12687=CARTESIAN_POINT('',(0.0183187633733352,0.002,-0.0143913858939145));
#12688=CARTESIAN_POINT('',(0.0223897473403056,0.002,-0.0119671437945735));
#12689=CARTESIAN_POINT('',(0.0240345761364131,0.002,-0.0103548042649493));
#12690=CARTESIAN_POINT('',(0.0240345208647313,0.002,-0.0103547478795216));
#12691=CARTESIAN_POINT('',(0.0240346068422882,0.0025,-0.0103547741654987));
#12692=CARTESIAN_POINT('',(0.0240345515466615,-0.002,-0.0103547177870544));
#12693=CARTESIAN_POINT('',(0.024034606811218,-0.002,-0.0103547741959554));
#12694=CARTESIAN_POINT('',(0.0223897802352481,-0.002,-0.0119671211039307));
#12695=CARTESIAN_POINT('',(0.0183187958709458,-0.002,-0.0143913777319251));
#12696=CARTESIAN_POINT('',(0.0112229572520781,-0.002,-0.0148223796970376));
#12697=CARTESIAN_POINT('',(0.00472027864315081,-0.002,-0.0119497747280343));
#12698=CARTESIAN_POINT('',(0.00174693545177602,-0.002,-0.0082607146635905));
#12699=CARTESIAN_POINT('',(0.000765757032198434,-0.002,-0.00617687063736646));
#12700=CARTESIAN_POINT('',(0.000765757061525403,-0.002,-0.00617687069965159));
#12701=CARTESIAN_POINT('',(0.00123638622427628,-0.002,-0.00717640120064432));
#12702=CARTESIAN_POINT('',(0.002082765967585,-0.00174086969181938,-0.00853641947181639));
#12703=CARTESIAN_POINT('',(0.00343256964227292,-0.000864476677009898,-0.0100867694022739));
#12704=CARTESIAN_POINT('',(0.00411594546326851,-0.000309632386417725,-0.0107254191357284));
#12705=CARTESIAN_POINT('',(0.00446041927276728,0.,-0.0110200000244703));
#12706=CARTESIAN_POINT('',(0.0221805046098918,0.0025,0.00380607460783881));
#12707=CARTESIAN_POINT('',(0.0161083753150338,0.0025,0.00566251083506081));
#12708=CARTESIAN_POINT('',(0.0161083753150338,0.002,0.00566251083506081));
#12709=CARTESIAN_POINT('',(0.0161083923389723,-0.002,0.00566250563032049));
#12710=CARTESIAN_POINT('',(0.0161083753150299,0.002,0.00566251083506202));
#12711=CARTESIAN_POINT('',(0.0201564378344009,0.002,0.00442489392242747));
#12712=CARTESIAN_POINT('',(0.0242045003537719,0.002,0.00318727700979291));
#12713=CARTESIAN_POINT('',(0.0282525628731429,0.002,0.00194966009715836));
#12714=CARTESIAN_POINT('',(0.0282526339047657,-0.002,0.00194963838061191));
#12715=CARTESIAN_POINT('',(0.0242045533828346,-0.002,0.00318726079718144));
#12716=CARTESIAN_POINT('',(0.0201564728609035,-0.002,0.00442488321375097));
#12717=CARTESIAN_POINT('',(0.0161083923389723,-0.002,0.0056625056303205));
#12718=CARTESIAN_POINT('',(0.0198843037935354,0.0025,-0.00250708916281183));
#12719=CARTESIAN_POINT('',(0.0118903482525724,0.0025,-0.0066419017110547));
#12720=CARTESIAN_POINT('',(0.0118903609169631,0.002,-0.00664189516478252));
#12721=CARTESIAN_POINT('',(0.0118903673129576,-0.002,-0.00664190753839927));
#12722=CARTESIAN_POINT('',(0.0118903482560715,0.002,-0.00664190171781957));
#12723=CARTESIAN_POINT('',(0.011333803999487,0.002,-0.00556591822822241));
#12724=CARTESIAN_POINT('',(0.0106614278864851,0.002,-0.00318670798157145));
#12725=CARTESIAN_POINT('',(0.0111361017488283,0.002,0.000491847423746135));
#12726=CARTESIAN_POINT('',(0.0130181061442482,0.002,0.00368796140813461));
#12727=CARTESIAN_POINT('',(0.0150087501503301,0.002,0.00515427224699326));
#12728=CARTESIAN_POINT('',(0.0161083753203437,0.002,0.00566251083751499));
#12729=CARTESIAN_POINT('',(0.0161083753203437,-0.002,0.00566251083751501));
#12730=CARTESIAN_POINT('',(0.0150087501503302,-0.002,0.00515427224699327));
#12731=CARTESIAN_POINT('',(0.0130181061442482,-0.002,0.00368796140813461));
#12732=CARTESIAN_POINT('',(0.0111361017488283,-0.002,0.000491847423746129));
#12733=CARTESIAN_POINT('',(0.0106614278864851,-0.002,-0.00318670798157147));
#12734=CARTESIAN_POINT('',(0.011333803999487,-0.002,-0.00556591822822245));
#12735=CARTESIAN_POINT('',(0.0118903482560715,-0.002,-0.00664190171781961));
#12736=CARTESIAN_POINT('',(0.0179624775474303,0.0025,-0.00849833793827671));
#12737=CARTESIAN_POINT('',(0.0240345208647313,0.002,-0.0103547478795217));
#12738=CARTESIAN_POINT('',(0.0199864665778479,0.002,-0.00911713348381115));
#12739=CARTESIAN_POINT('',(0.0159384122909646,0.002,-0.00787951908810064));
#12740=CARTESIAN_POINT('',(0.0118903580040812,0.002,-0.00664190469239013));
#12741=CARTESIAN_POINT('',(0.0118903673129576,-0.002,-0.00664190753839927));
#12742=CARTESIAN_POINT('',(0.015938425045367,-0.002,-0.0078795229875128));
#12743=CARTESIAN_POINT('',(0.0199864827777764,-0.002,-0.00911713843662632));
#12744=CARTESIAN_POINT('',(0.0240345405101858,-0.002,-0.0103547538857398));
#12745=CARTESIAN_POINT('',(-0.0417431452261655,-0.0025,0.));
#12746=CARTESIAN_POINT('',(0.0115461064779246,-0.0025,-0.00705950231694679));
#12747=CARTESIAN_POINT('',(0.0112271054795747,-0.0025,-0.00647522027178563));
#12748=CARTESIAN_POINT('',(0.0107209777745483,-0.0025,-0.00527128556995488));
#12749=CARTESIAN_POINT('',(0.0102271551365675,-0.0025,-0.00267096739588004));
#12750=CARTESIAN_POINT('',(0.0106329255064706,-0.0025,0.000653586191603229));
#12751=CARTESIAN_POINT('',(0.0123465732940088,-0.0025,0.00353172035010592));
#12752=CARTESIAN_POINT('',(0.0143274123900108,-0.0025,0.00528589044318035));
#12753=CARTESIAN_POINT('',(0.0154646981858233,-0.0025,0.0059285838133053));
#12754=CARTESIAN_POINT('',(0.0160747610379751,-0.0025,0.00619563362913997));
#12755=CARTESIAN_POINT('',(0.0115461064779246,-0.0025,-0.00705950231694679));
#12756=CARTESIAN_POINT('',(0.0160747610379751,-0.0025,0.00619563362913997));
#12757=CARTESIAN_POINT('',(0.0160747610379786,-0.0025,0.00619563362913522));
#12758=CARTESIAN_POINT('',(0.0199260575990857,-0.0025,0.00501817410700856));
#12759=CARTESIAN_POINT('',(0.0237773541601928,-0.0025,0.00384071458488189));
#12760=CARTESIAN_POINT('',(0.0276286507212999,-0.0025,0.00266325506275523));
#12761=CARTESIAN_POINT('',(0.0276286507213003,-0.0025,0.00266325506275533));
#12762=CARTESIAN_POINT('',(0.0276286507213003,-0.0025,0.00266325506275533));
#12763=CARTESIAN_POINT('',(0.0273356049258618,-0.0025,0.00417558601990413));
#12764=CARTESIAN_POINT('',(0.0262635952032675,-0.0025,0.00705805591713627));
#12765=CARTESIAN_POINT('',(0.0233349316688648,-0.0025,0.0106693887508583));
#12766=CARTESIAN_POINT('',(0.0194053612026454,-0.0025,0.0131387984377466));
#12767=CARTESIAN_POINT('',(0.0148894433801241,-0.0025,0.0142166764551505));
#12768=CARTESIAN_POINT('',(0.0102670066047317,-0.0025,0.0137853213106079));
#12769=CARTESIAN_POINT('',(0.00602836424261442,-0.0025,0.0118913957214507));
#12770=CARTESIAN_POINT('',(0.00262332470521796,-0.0025,0.00873562520079999));
#12771=CARTESIAN_POINT('',(0.00041318295260799,-0.0025,0.00465293136274894));
#12772=CARTESIAN_POINT('',(-0.000367536135924294,-0.0025,7.65144031163231E-5));
#12773=CARTESIAN_POINT('',(0.000363994861579978,-0.0025,-0.00450802988621427));
#12774=CARTESIAN_POINT('',(0.00253020464031201,-0.0025,-0.00861419295168713));
#12775=CARTESIAN_POINT('',(0.00590104606498101,-0.0025,-0.0118064353954773));
#12776=CARTESIAN_POINT('',(0.0101195516493251,-0.0025,-0.0137454114836784));
#12777=CARTESIAN_POINT('',(0.0147354387015402,-0.0025,-0.014227680638117));
#12778=CARTESIAN_POINT('',(0.0192688340958364,-0.0025,-0.0131934707974176));
#12779=CARTESIAN_POINT('',(0.0218907346167565,-0.0025,-0.0115875649646115));
#12780=CARTESIAN_POINT('',(0.0230550652974739,-0.0025,-0.010578144139587));
#12781=CARTESIAN_POINT('',(0.0230550652974484,-0.0025,-0.0105781441397213));
#12782=CARTESIAN_POINT('',(0.0230550652974484,-0.0025,-0.0105781441397213));
#12783=CARTESIAN_POINT('',(0.0192187456909394,-0.0025,-0.00940526353213013));
#12784=CARTESIAN_POINT('',(0.0153824260844305,-0.0025,-0.00823238292453893));
#12785=CARTESIAN_POINT('',(0.0115461064779215,-0.0025,-0.00705950231694774));
#12786=CARTESIAN_POINT('',(-0.0961156962064646,0.0025,1.12757025938492E-17));
#12787=CARTESIAN_POINT('',(-0.0872713634496468,0.,0.0133333333449171));
#12788=CARTESIAN_POINT('',(-0.087035665682192,0.000161715019790914,0.0131769891336473));
#12789=CARTESIAN_POINT('',(-0.0865740271729063,0.000465901566848878,0.0128518626293024));
#12790=CARTESIAN_POINT('',(-0.0859487390703313,0.00084436566029172,0.0123641006444794));
#12791=CARTESIAN_POINT('',(-0.0852768061426707,0.00120526977530798,0.0117801574128231));
#12792=CARTESIAN_POINT('',(-0.084465711989354,0.00157787784180791,0.0109934405809983));
#12793=CARTESIAN_POINT('',(-0.0834506374335961,0.00191539735449005,0.00983619279425863));
#12794=CARTESIAN_POINT('',(-0.0827574399159198,0.00199999999990316,0.00882845083134271));
#12795=CARTESIAN_POINT('',(-0.0824358178755583,0.002,0.00829824854120438));
#12796=CARTESIAN_POINT('',(-0.0872713634496468,0.,0.0133333333449171));
#12797=CARTESIAN_POINT('',(-0.0824358178755583,0.002,0.00829824854120442));
#12798=CARTESIAN_POINT('',(-0.0835775870634593,0.002,0.0101804847136818));
#12799=CARTESIAN_POINT('',(-0.0866485174975537,0.002,0.0134658537642463));
#12800=CARTESIAN_POINT('',(-0.092845633852342,0.002,0.01613282983278));
#12801=CARTESIAN_POINT('',(-0.0995921242467472,0.002,0.0160894729058245));
#12802=CARTESIAN_POINT('',(-0.103699972602931,0.002,0.0142592146147476));
#12803=CARTESIAN_POINT('',(-0.105484554549001,0.002,0.0129701385249919));
#12804=CARTESIAN_POINT('',(-0.105484554577626,0.002,0.012970138504315));
#12805=CARTESIAN_POINT('',(-0.105484554577626,0.0025,0.012970138504315));
#12806=CARTESIAN_POINT('',(-0.10548447726167,-0.002,0.0129701050485217));
#12807=CARTESIAN_POINT('',(-0.105484519651482,-0.002,0.0129701637328174));
#12808=CARTESIAN_POINT('',(-0.103699937145156,-0.002,0.0142592329203199));
#12809=CARTESIAN_POINT('',(-0.0995920914562596,-0.002,0.0160894784331989));
#12810=CARTESIAN_POINT('',(-0.0928456124515533,-0.002,0.0161328239400727));
#12811=CARTESIAN_POINT('',(-0.0866485093163365,-0.002,0.013465846151377));
#12812=CARTESIAN_POINT('',(-0.083577585202852,-0.002,0.0101804816464224));
#12813=CARTESIAN_POINT('',(-0.0824358178755583,-0.002,0.00829824854120442));
#12814=CARTESIAN_POINT('',(-0.0824358178755583,-0.002,0.00829824854120439));
#12815=CARTESIAN_POINT('',(-0.0827574290778415,-0.00199999999990316,0.00882843296448893));
#12816=CARTESIAN_POINT('',(-0.0834505904831149,-0.0019154052440273,0.00983614000747975));
#12817=CARTESIAN_POINT('',(-0.0844657585010286,-0.00157785614558041,0.0109934843084652));
#12818=CARTESIAN_POINT('',(-0.0852767318117525,-0.00120530725061009,0.0117800892607382));
#12819=CARTESIAN_POINT('',(-0.0859487680039026,-0.000844349172441393,0.0123641257548501));
#12820=CARTESIAN_POINT('',(-0.0865739857695389,-0.000465930042948238,0.0128518303399039));
#12821=CARTESIAN_POINT('',(-0.0870356495179658,-0.000161726110257235,0.0131769784115127));
#12822=CARTESIAN_POINT('',(-0.0872713634496468,0.,0.0133333333449171));
#12823=CARTESIAN_POINT('',(-0.104032494651342,0.0025,-0.00618150171935011));
#12824=CARTESIAN_POINT('',(-0.0961943950568169,0.0025,-0.00957316692591885));
#12825=CARTESIAN_POINT('',(-0.0961944069546879,0.002,-0.00957316177752866));
#12826=CARTESIAN_POINT('',(-0.09619439961496,-0.002,-0.00957315802069246));
#12827=CARTESIAN_POINT('',(-0.0961944069546879,0.002,-0.00957316177752861));
#12828=CARTESIAN_POINT('',(-0.101419781948009,0.002,-0.00731206234361727));
#12829=CARTESIAN_POINT('',(-0.10664515694133,0.002,-0.00505096290970592));
#12830=CARTESIAN_POINT('',(-0.111870531934651,0.002,-0.00278986347579457));
#12831=CARTESIAN_POINT('',(-0.11187050478921,-0.002,-0.00278987522204059));
#12832=CARTESIAN_POINT('',(-0.106645137240067,-0.002,-0.00505097143474267));
#12833=CARTESIAN_POINT('',(-0.101419769690924,-0.002,-0.00731206764744475));
#12834=CARTESIAN_POINT('',(-0.0961944021417809,-0.002,-0.00957316386014683));
#12835=CARTESIAN_POINT('',(-0.102115696206465,0.0025,0.002));
#12836=CARTESIAN_POINT('',(-0.0898083553885766,0.0025,0.00618680809117751));
#12837=CARTESIAN_POINT('',(-0.0898083664059329,0.002,0.00618681285855556));
#12838=CARTESIAN_POINT('',(-0.0898083553885766,-0.002,0.00618680809117751));
#12839=CARTESIAN_POINT('',(-0.0898083553894807,0.002,0.00618680809383501));
#12840=CARTESIAN_POINT('',(-0.0888134395563381,0.002,0.00326220109770131));
#12841=CARTESIAN_POINT('',(-0.0890056554003135,0.002,-0.00331226988331615));
#12842=CARTESIAN_POINT('',(-0.0934442506161722,0.002,-0.0081660815937838));
#12843=CARTESIAN_POINT('',(-0.0961943950597784,0.002,-0.00957316692743403));
#12844=CARTESIAN_POINT('',(-0.0961943950597784,-0.002,-0.00957316692743403));
#12845=CARTESIAN_POINT('',(-0.0934442506161722,-0.002,-0.0081660815937838));
#12846=CARTESIAN_POINT('',(-0.0890056554003136,-0.002,-0.00331226988331615));
#12847=CARTESIAN_POINT('',(-0.0888134395563381,-0.002,0.00326220109770131));
#12848=CARTESIAN_POINT('',(-0.0898083553894807,-0.002,0.00618680809383501));
#12849=CARTESIAN_POINT('',(-0.0976464549831014,0.0025,0.00957847329774624));
#12850=CARTESIAN_POINT('',(-0.105484554577621,0.002,0.0129701385043127));
#12851=CARTESIAN_POINT('',(-0.100259158520392,0.002,0.010709029955727));
#12852=CARTESIAN_POINT('',(-0.0950337624631622,0.002,0.00844792140714127));
#12853=CARTESIAN_POINT('',(-0.0898083664059329,0.002,0.00618681285855556));
#12854=CARTESIAN_POINT('',(-0.0898083553885593,-0.002,0.00618680809117003));
#12855=CARTESIAN_POINT('',(-0.0950337293462628,-0.002,0.00844790707695394));
#12856=CARTESIAN_POINT('',(-0.100259103303966,-0.002,0.0107090060627379));
#12857=CARTESIAN_POINT('',(-0.10548447726167,-0.002,0.0129701050485218));
#12858=CARTESIAN_POINT('',(-0.0417431452261655,-0.0025,0.));
#12859=CARTESIAN_POINT('',(-0.111184247769974,-0.0025,-0.00363163238473524));
#12860=CARTESIAN_POINT('',(-0.110799515078649,-0.0025,-0.00522798459863275));
#12861=CARTESIAN_POINT('',(-0.109537702669251,-0.0025,-0.00825407661776749));
#12862=CARTESIAN_POINT('',(-0.106313605391228,-0.0025,-0.0120156054811889));
#12863=CARTESIAN_POINT('',(-0.102086815098383,-0.0025,-0.0145833915259237));
#12864=CARTESIAN_POINT('',(-0.0972709492172728,-0.0025,-0.0157165526313589));
#12865=CARTESIAN_POINT('',(-0.092341398959459,-0.0025,-0.0153001534405059));
#12866=CARTESIAN_POINT('',(-0.0877837622468794,-0.0025,-0.0133761042198725));
#12867=CARTESIAN_POINT('',(-0.0840472522766281,-0.0025,-0.0101337865801782));
#12868=CARTESIAN_POINT('',(-0.0815000870133655,-0.0025,-0.00589279395582418));
#12869=CARTESIAN_POINT('',(-0.0803932984639108,-0.0025,-0.00107106321081913));
#12870=CARTESIAN_POINT('',(-0.0808359447497481,-0.0025,0.00385622779611586));
#12871=CARTESIAN_POINT('',(-0.0827844597238031,-0.0025,0.0084034582385981));
#12872=CARTESIAN_POINT('',(-0.0860466057662707,-0.0025,0.0121226313408131));
#12873=CARTESIAN_POINT('',(-0.0903016841762887,-0.0025,0.0146467197249328));
#12874=CARTESIAN_POINT('',(-0.0951274195189629,-0.0025,0.0157288466040358));
#12875=CARTESIAN_POINT('',(-0.100059192102685,-0.0025,0.0152553782921139));
#12876=CARTESIAN_POINT('',(-0.103066449745688,-0.0025,0.013951167022467));
#12877=CARTESIAN_POINT('',(-0.104451276814865,-0.0025,0.0130678267481956));
#12878=CARTESIAN_POINT('',(-0.111184247769974,-0.0025,-0.00363163238473524));
#12879=CARTESIAN_POINT('',(-0.104451276814865,-0.0025,0.0130678267481956));
#12880=CARTESIAN_POINT('',(-0.10445127681496,-0.0025,0.0130678267482861));
#12881=CARTESIAN_POINT('',(-0.0994370731334256,-0.0025,0.0108981043608354));
#12882=CARTESIAN_POINT('',(-0.0944228694518914,-0.0025,0.00872838197338471));
#12883=CARTESIAN_POINT('',(-0.0894086657703571,-0.0025,0.00655865958593401));
#12884=CARTESIAN_POINT('',(-0.0894086657607569,-0.0025,0.00655865958938122));
#12885=CARTESIAN_POINT('',(-0.089408665760757,-0.0025,0.00655865958938122));
#12886=CARTESIAN_POINT('',(-0.0891282853512337,-0.0025,0.00577711353832228));
#12887=CARTESIAN_POINT('',(-0.0887164650664766,-0.0025,0.00419376568160452));
#12888=CARTESIAN_POINT('',(-0.0884856166258004,-0.0025,0.000896039164883081));
#12889=CARTESIAN_POINT('',(-0.0893252476133258,-0.0025,-0.00319050794719406));
#12890=CARTESIAN_POINT('',(-0.0915712231220643,-0.0025,-0.00670680418330478));
#12891=CARTESIAN_POINT('',(-0.0940340572567813,-0.0025,-0.00891063239295527));
#12892=CARTESIAN_POINT('',(-0.0954330921571101,-0.0025,-0.00975936467270807));
#12893=CARTESIAN_POINT('',(-0.0961790474052064,-0.0025,-0.0101246113756491));
#12894=CARTESIAN_POINT('',(-0.096179047405211,-0.0025,-0.0101246113756411));
#12895=CARTESIAN_POINT('',(-0.096179047405211,-0.0025,-0.0101246113756411));
#12896=CARTESIAN_POINT('',(-0.10118078086021,-0.0025,-0.00796028504535307));
#12897=CARTESIAN_POINT('',(-0.106182514315208,-0.0025,-0.00579595871506505));
#12898=CARTESIAN_POINT('',(-0.111184247770207,-0.0025,-0.00363163238477702));
#12899=CARTESIAN_POINT('',(-0.0612911359077329,-0.002,0.00350000000000005));
#12900=CARTESIAN_POINT('',(-0.0663137309770595,-0.002,0.00350000000000005));
#12901=CARTESIAN_POINT('',(-0.0713348980975683,-0.002,0.00427815980655411));
#12902=CARTESIAN_POINT('',(-0.0805071460421735,-0.002,0.00719086739695609));
#12903=CARTESIAN_POINT('',(-0.084694166673584,-0.002,0.00920573383667404));
#12904=CARTESIAN_POINT('',(-0.0885201769029193,-0.002,0.0117621915404578));
#12905=CARTESIAN_POINT('',(-0.0612911359077329,-0.002,0.0055));
#12906=CARTESIAN_POINT('',(-0.0661087270966692,-0.002,0.00549999999999569));
#12907=CARTESIAN_POINT('',(-0.070924948620445,-0.002,0.00624639818179822));
#12908=CARTESIAN_POINT('',(-0.0797228190978989,-0.002,0.00904021974809943));
#12909=CARTESIAN_POINT('',(-0.0837389409280685,-0.002,0.0109728467412673));
#12910=CARTESIAN_POINT('',(-0.087408787474552,-0.002,0.0134249592326759));
#12911=CARTESIAN_POINT('',(-0.0612911359077329,0.,0.0055));
#12912=CARTESIAN_POINT('',(-0.0661087270966705,0.,0.0055));
#12913=CARTESIAN_POINT('',(-0.0709249486204433,0.,0.00624639818180362));
#12914=CARTESIAN_POINT('',(-0.0797228190979005,0.,0.00904021974809449));
#12915=CARTESIAN_POINT('',(-0.0837389409280388,0.,0.0109728467413107));
#12916=CARTESIAN_POINT('',(-0.0874087874745445,0.,0.0134249592326869));
#12917=CARTESIAN_POINT('',(-0.0612911359077329,-1.99004822791104E-19,0.0055));
#12918=CARTESIAN_POINT('',(-0.0612911359077329,-0.00133333333333332,0.0055));
#12919=CARTESIAN_POINT('',(-0.0612911359077329,-0.00199999999999998,0.00483333333333335));
#12920=CARTESIAN_POINT('',(-0.0612911359077329,-0.002,0.00350000000000005));
#12921=CARTESIAN_POINT('',(-0.0612911359077329,0.,0.0055));
#12922=CARTESIAN_POINT('',(-0.0612911359077329,0.,0.0055));
#12923=CARTESIAN_POINT('',(-0.0658793286149073,0.,0.0055));
#12924=CARTESIAN_POINT('',(-0.0750543530373521,0.,0.00685296269001181));
#12925=CARTESIAN_POINT('',(-0.0834475388119037,0.,0.0107979565377213));
#12926=CARTESIAN_POINT('',(-0.087271293347769,0.,0.0133334390653799));
#12927=CARTESIAN_POINT('',(-0.0612911359077329,-1.99004822791104E-19,0.0055));
#12928=CARTESIAN_POINT('',(-0.0104878114203724,-1.99004822791104E-19,0.0055));
#12929=CARTESIAN_POINT('',(-0.0612911359077329,-0.00133333333333333,0.0055));
#12930=CARTESIAN_POINT('',(-0.0104878114203724,-0.00133333333333333,0.0055));
#12931=CARTESIAN_POINT('',(-0.0612911359077329,-0.002,0.00483333333333334));
#12932=CARTESIAN_POINT('',(-0.0104878114203725,-0.002,0.00483333333333334));
#12933=CARTESIAN_POINT('',(-0.0612911359077329,-0.002,0.0035));
#12934=CARTESIAN_POINT('',(-0.0104878114203725,-0.002,0.0035));
#12935=CARTESIAN_POINT('',(-0.0104878114203724,-0.002,0.0035));
#12936=CARTESIAN_POINT('',(-0.0104878114203725,-0.002,0.00483333333333334));
#12937=CARTESIAN_POINT('',(-0.0104878114203724,-0.00133333333333333,0.0055));
#12938=CARTESIAN_POINT('',(-0.0104878114203724,-1.99004822791104E-19,0.0055));
#12939=CARTESIAN_POINT('',(-0.0104878114203724,0.,0.0055));
#12940=CARTESIAN_POINT('',(-0.0104878114203724,-1.99004822791104E-19,0.0055));
#12941=CARTESIAN_POINT('',(-0.0274222529161593,-1.99004822791104E-19,0.0055));
#12942=CARTESIAN_POINT('',(-0.0443566944119461,-1.99004822791104E-19,0.0055));
#12943=CARTESIAN_POINT('',(-0.0612911359077329,-1.99004822791104E-19,0.0055));
#12944=CARTESIAN_POINT('',(-0.0612911359077329,0.,0.0055));
#12945=CARTESIAN_POINT('',(-0.0661087270966705,0.,0.0055));
#12946=CARTESIAN_POINT('',(-0.0709249486204433,0.,0.00624639818180362));
#12947=CARTESIAN_POINT('',(-0.0797228190979005,0.,0.00904021974809449));
#12948=CARTESIAN_POINT('',(-0.0837389409280388,0.,0.0109728467413107));
#12949=CARTESIAN_POINT('',(-0.0874087874745445,0.,0.0134249592326869));
#12950=CARTESIAN_POINT('',(-0.0612911359077329,0.002,0.0055));
#12951=CARTESIAN_POINT('',(-0.0661087270966692,0.002,0.00549999999999569));
#12952=CARTESIAN_POINT('',(-0.070924948620445,0.002,0.00624639818179822));
#12953=CARTESIAN_POINT('',(-0.0797228190978989,0.002,0.00904021974809943));
#12954=CARTESIAN_POINT('',(-0.0837389409280685,0.002,0.0109728467412673));
#12955=CARTESIAN_POINT('',(-0.087408787474552,0.002,0.0134249592326759));
#12956=CARTESIAN_POINT('',(-0.0612911359077329,0.002,0.00350000000000005));
#12957=CARTESIAN_POINT('',(-0.0663137309770595,0.002,0.00350000000000005));
#12958=CARTESIAN_POINT('',(-0.0713348980975683,0.002,0.00427815980655411));
#12959=CARTESIAN_POINT('',(-0.0805071460421735,0.002,0.00719086739695609));
#12960=CARTESIAN_POINT('',(-0.084694166673584,0.002,0.00920573383667404));
#12961=CARTESIAN_POINT('',(-0.0885201769029193,0.002,0.0117621915404578));
#12962=CARTESIAN_POINT('',(-0.0612911359077329,0.002,0.00350000000000005));
#12963=CARTESIAN_POINT('',(-0.061291135907733,0.00199999999999998,0.00483333333333335));
#12964=CARTESIAN_POINT('',(-0.0612911359077329,0.00133333333333332,0.0055));
#12965=CARTESIAN_POINT('',(-0.0612911359077329,7.00755360327563E-20,0.0055));
#12966=CARTESIAN_POINT('',(0.0058407039341263,-0.002,0.00956923272935204));
#12967=CARTESIAN_POINT('',(0.00369266872983929,-0.002,0.00771745739733882));
#12968=CARTESIAN_POINT('',(0.00122834510055346,-0.002,0.00623402224774435));
#12969=CARTESIAN_POINT('',(-0.00429830873382416,-0.002,0.00408134808646942));
#12970=CARTESIAN_POINT('',(-0.00739212532378644,-0.002,0.00349999999998924));
#12971=CARTESIAN_POINT('',(-0.0104878114203724,-0.002,0.0035));
#12972=CARTESIAN_POINT('',(0.00453442270576662,-0.002,0.0110836941110036));
#12973=CARTESIAN_POINT('',(0.00255823031782319,-0.002,0.00938006080555052));
#12974=CARTESIAN_POINT('',(0.000291052578879244,-0.002,0.00801530046792549));
#12975=CARTESIAN_POINT('',(-0.00479346894874785,-0.002,0.00603484023955111));
#12976=CARTESIAN_POINT('',(-0.00763978021151344,-0.00200000000000201,0.00549999999999326));
#12977=CARTESIAN_POINT('',(-0.0104878114203724,-0.002,0.0055));
#12978=CARTESIAN_POINT('',(0.00453442270576659,0.,0.0110836941110035));
#12979=CARTESIAN_POINT('',(0.00255823031782306,0.,0.00938006080555048));
#12980=CARTESIAN_POINT('',(0.000291052578879005,0.,0.00801530046792611));
#12981=CARTESIAN_POINT('',(-0.0047934689487476,0.,0.00603484023955044));
#12982=CARTESIAN_POINT('',(-0.00763978021151364,0.,0.0055));
#12983=CARTESIAN_POINT('',(-0.0104878114203724,0.,0.0055));
#12984=CARTESIAN_POINT('',(0.00446033434378603,0.,0.011020099337811));
#12985=CARTESIAN_POINT('',(0.00239856569495659,0.,0.00925798109488727));
#12986=CARTESIAN_POINT('',(-0.00235228049071138,0.,0.00646928518389076));
#12987=CARTESIAN_POINT('',(-0.00777538741656301,0.,0.0055));
#12988=CARTESIAN_POINT('',(-0.0104878114203724,0.,0.0055));
#12989=CARTESIAN_POINT('',(-0.0104878114203724,-2.00776257073798E-19,0.0055));
#12990=CARTESIAN_POINT('',(-0.0612911359077329,-2.00776257073798E-19,0.0055));
#12991=CARTESIAN_POINT('',(-0.0104878114203724,0.00133333333333333,0.00550000000000001));
#12992=CARTESIAN_POINT('',(-0.0612911359077329,0.00133333333333333,0.00550000000000001));
#12993=CARTESIAN_POINT('',(-0.0104878114203725,0.002,0.00483333333333334));
#12994=CARTESIAN_POINT('',(-0.061291135907733,0.002,0.00483333333333334));
#12995=CARTESIAN_POINT('',(-0.0104878114203724,0.002,0.0035));
#12996=CARTESIAN_POINT('',(-0.0612911359077329,0.002,0.0035));
#12997=CARTESIAN_POINT('',(-0.0104878114203724,1.35977022436944E-20,0.0055));
#12998=CARTESIAN_POINT('',(-0.0104878114203724,0.00133333333333333,0.0055));
#12999=CARTESIAN_POINT('',(-0.0104878114203725,0.002,0.00483333333333334));
#13000=CARTESIAN_POINT('',(-0.0104878114203724,0.002,0.0035));
#13001=CARTESIAN_POINT('',(0.00453442270576659,0.,0.0110836941110035));
#13002=CARTESIAN_POINT('',(0.00255823031782306,0.,0.00938006080555048));
#13003=CARTESIAN_POINT('',(0.000291052578879005,0.,0.00801530046792611));
#13004=CARTESIAN_POINT('',(-0.0047934689487476,0.,0.00603484023955044));
#13005=CARTESIAN_POINT('',(-0.00763978021151364,0.,0.0055));
#13006=CARTESIAN_POINT('',(-0.0104878114203724,0.,0.0055));
#13007=CARTESIAN_POINT('',(0.00453442270576662,0.002,0.0110836941110036));
#13008=CARTESIAN_POINT('',(0.00255823031782319,0.002,0.00938006080555052));
#13009=CARTESIAN_POINT('',(0.000291052578879244,0.002,0.00801530046792549));
#13010=CARTESIAN_POINT('',(-0.00479346894874785,0.002,0.00603484023955111));
#13011=CARTESIAN_POINT('',(-0.00763978021151344,0.00200000000000201,0.00549999999999326));
#13012=CARTESIAN_POINT('',(-0.0104878114203724,0.002,0.0055));
#13013=CARTESIAN_POINT('',(0.0058407039341263,0.002,0.00956923272935204));
#13014=CARTESIAN_POINT('',(0.00369266872983929,0.002,0.00771745739733882));
#13015=CARTESIAN_POINT('',(0.00122834510055346,0.002,0.00623402224774435));
#13016=CARTESIAN_POINT('',(-0.00429830873382416,0.002,0.00408134808646942));
#13017=CARTESIAN_POINT('',(-0.00739212532378644,0.002,0.00349999999998924));
#13018=CARTESIAN_POINT('',(-0.0104878114203724,0.002,0.0035));
#13019=CARTESIAN_POINT('',(-0.0885201768846436,-0.002,-0.0117621915282574));
#13020=CARTESIAN_POINT('',(-0.0846941666602375,-0.002,-0.00920573383029354));
#13021=CARTESIAN_POINT('',(-0.080507146035176,-0.002,-0.0071908673947382));
#13022=CARTESIAN_POINT('',(-0.071334898097586,-0.002,-0.00427815980655493));
#13023=CARTESIAN_POINT('',(-0.0663137309770462,-0.002,-0.0035));
#13024=CARTESIAN_POINT('',(-0.0612911359077329,-0.002,-0.0035));
#13025=CARTESIAN_POINT('',(-0.0874087874570217,-0.002,-0.0134249592209746));
#13026=CARTESIAN_POINT('',(-0.0837389409152645,-0.002,-0.0109728467351516));
#13027=CARTESIAN_POINT('',(-0.0797228190911844,-0.002,-0.00904021974597342));
#13028=CARTESIAN_POINT('',(-0.0709249486204648,-0.002,-0.00624639818179754));
#13029=CARTESIAN_POINT('',(-0.0661087270966544,-0.002,-0.0055));
#13030=CARTESIAN_POINT('',(-0.0612911359077329,-0.002,-0.0055));
#13031=CARTESIAN_POINT('',(-0.0874087874570201,0.,-0.0134249592209777));
#13032=CARTESIAN_POINT('',(-0.0837389409152586,0.,-0.0109728467351631));
#13033=CARTESIAN_POINT('',(-0.0797228190911878,0.,-0.00904021974596274));
#13034=CARTESIAN_POINT('',(-0.0709249486204611,0.,-0.0062463981818092));
#13035=CARTESIAN_POINT('',(-0.0661087270966572,0.,-0.0055));
#13036=CARTESIAN_POINT('',(-0.0612911359077329,0.,-0.0055));
#13037=CARTESIAN_POINT('',(-0.0872712933303084,0.,-0.0133334390538022));
#13038=CARTESIAN_POINT('',(-0.0834475387962248,0.,-0.0107979565297896));
#13039=CARTESIAN_POINT('',(-0.075054353026888,0.,-0.00685296268793261));
#13040=CARTESIAN_POINT('',(-0.0658793286114023,0.,-0.0055));
#13041=CARTESIAN_POINT('',(-0.0612911359077329,0.,-0.0055));
#13042=CARTESIAN_POINT('',(-0.0612911359077329,0.,-0.0055));
#13043=CARTESIAN_POINT('',(-0.0612911359077329,-0.002,-0.0035));
#13044=CARTESIAN_POINT('',(-0.0612911359077329,-0.00199999999999174,-0.00483333333332231));
#13045=CARTESIAN_POINT('',(-0.0612911359077329,-0.00133333333332507,-0.00549999999998898));
#13046=CARTESIAN_POINT('',(-0.0612911359077329,-5.61172274086063E-20,-0.0055));
#13047=CARTESIAN_POINT('',(-0.0874087874570201,0.,-0.0134249592209777));
#13048=CARTESIAN_POINT('',(-0.0837389409152586,0.,-0.0109728467351631));
#13049=CARTESIAN_POINT('',(-0.0797228190911878,0.,-0.00904021974596274));
#13050=CARTESIAN_POINT('',(-0.0709249486204611,0.,-0.0062463981818092));
#13051=CARTESIAN_POINT('',(-0.0661087270966572,0.,-0.0055));
#13052=CARTESIAN_POINT('',(-0.0612911359077329,0.,-0.0055));
#13053=CARTESIAN_POINT('',(-0.0874087874570217,0.002,-0.0134249592209746));
#13054=CARTESIAN_POINT('',(-0.0837389409152645,0.002,-0.0109728467351516));
#13055=CARTESIAN_POINT('',(-0.0797228190911844,0.002,-0.00904021974597342));
#13056=CARTESIAN_POINT('',(-0.0709249486204648,0.002,-0.00624639818179754));
#13057=CARTESIAN_POINT('',(-0.0661087270966544,0.002,-0.0055));
#13058=CARTESIAN_POINT('',(-0.0612911359077329,0.002,-0.0055));
#13059=CARTESIAN_POINT('',(-0.0885201768846436,0.002,-0.0117621915282574));
#13060=CARTESIAN_POINT('',(-0.0846941666602375,0.002,-0.00920573383029354));
#13061=CARTESIAN_POINT('',(-0.080507146035176,0.002,-0.0071908673947382));
#13062=CARTESIAN_POINT('',(-0.071334898097586,0.002,-0.00427815980655493));
#13063=CARTESIAN_POINT('',(-0.0663137309770462,0.002,-0.0035));
#13064=CARTESIAN_POINT('',(-0.0612911359077329,0.002,-0.0035));
#13065=CARTESIAN_POINT('',(-0.0612911359077329,1.99004822791104E-19,-0.0055));
#13066=CARTESIAN_POINT('',(-0.0612911359077329,0.00133333333333333,-0.0055));
#13067=CARTESIAN_POINT('',(-0.061291135907733,0.002,-0.00483333333333334));
#13068=CARTESIAN_POINT('',(-0.0612911359077329,0.002,-0.0035));
#13069=CARTESIAN_POINT('',(-0.0104878114203724,-1.32372592325665E-29,-0.0055));
#13070=CARTESIAN_POINT('',(-0.0612911359077329,-1.32372592325665E-29,-0.0055));
#13071=CARTESIAN_POINT('',(-0.0104878114203724,-0.00133333333332507,-0.00549999999998898));
#13072=CARTESIAN_POINT('',(-0.0612911359077329,-0.00133333333332507,-0.00549999999998898));
#13073=CARTESIAN_POINT('',(-0.0104878114203724,-0.00199999999999174,-0.00483333333332231));
#13074=CARTESIAN_POINT('',(-0.0612911359077329,-0.00199999999999174,-0.00483333333332231));
#13075=CARTESIAN_POINT('',(-0.0104878114203724,-0.002,-0.0035));
#13076=CARTESIAN_POINT('',(-0.0612911359077329,-0.002,-0.0035));
#13077=CARTESIAN_POINT('',(-0.0612911359077329,-9.48676901057189E-20,-0.0055));
#13078=CARTESIAN_POINT('',(-0.0443566944119461,-9.48676901075436E-20,-0.0055));
#13079=CARTESIAN_POINT('',(-0.0274222529161593,-1.32372592325665E-29,-0.0055));
#13080=CARTESIAN_POINT('',(-0.0104878114203724,-1.50620147055163E-29,-0.0055));
#13081=CARTESIAN_POINT('',(-0.0104878114203724,0.,-0.0055));
#13082=CARTESIAN_POINT('',(-0.0104878114203724,-1.39214597015878E-21,-0.0055));
#13083=CARTESIAN_POINT('',(-0.0104878114203724,-0.00133333333332507,-0.00549999999998898));
#13084=CARTESIAN_POINT('',(-0.0104878114203724,-0.00199999999999174,-0.00483333333332231));
#13085=CARTESIAN_POINT('',(-0.0104878114203724,-0.002,-0.0035));
#13086=CARTESIAN_POINT('',(-0.0612911359077329,-8.5003442311642E-20,-0.0055));
#13087=CARTESIAN_POINT('',(-0.0104878114203724,-8.5003442311642E-20,-0.0055));
#13088=CARTESIAN_POINT('',(-0.0612911359077329,0.00133333333333333,-0.0055));
#13089=CARTESIAN_POINT('',(-0.0104878114203724,0.00133333333333333,-0.0055));
#13090=CARTESIAN_POINT('',(-0.061291135907733,0.002,-0.00483333333333334));
#13091=CARTESIAN_POINT('',(-0.0104878114203725,0.002,-0.00483333333333334));
#13092=CARTESIAN_POINT('',(-0.0612911359077329,0.002,-0.0035));
#13093=CARTESIAN_POINT('',(-0.0104878114203724,0.002,-0.0035));
#13094=CARTESIAN_POINT('',(-0.0104878114203724,0.002,-0.0035));
#13095=CARTESIAN_POINT('',(-0.0104878114203725,0.002,-0.00483333333333334));
#13096=CARTESIAN_POINT('',(-0.0104878114203724,0.00133333333333333,-0.0055));
#13097=CARTESIAN_POINT('',(-0.0104878114203724,1.99004822791104E-19,-0.0055));
#13098=CARTESIAN_POINT('',(-0.0104878114203724,-0.002,-0.0035));
#13099=CARTESIAN_POINT('',(-0.00739212532378637,-0.002,-0.00349999999998926));
#13100=CARTESIAN_POINT('',(-0.00429830873382431,-0.002,-0.0040813480864649));
#13101=CARTESIAN_POINT('',(0.00122834510055544,-0.002,-0.00623402224774923));
#13102=CARTESIAN_POINT('',(0.00369266872983286,-0.002,-0.00771745739734976));
#13103=CARTESIAN_POINT('',(0.00584070393412847,-0.002,-0.00956923272935822));
#13104=CARTESIAN_POINT('',(-0.0104878114203724,-0.002,-0.0055));
#13105=CARTESIAN_POINT('',(-0.00763978021151392,-0.002,-0.00549999999999194));
#13106=CARTESIAN_POINT('',(-0.00479346894874727,-0.002,-0.0060348402395461));
#13107=CARTESIAN_POINT('',(0.000291052578880397,-0.002,-0.00801530046793076));
#13108=CARTESIAN_POINT('',(0.00255823031781645,-0.002,-0.00938006080556145));
#13109=CARTESIAN_POINT('',(0.00453442270576842,-0.002,-0.0110836941110094));
#13110=CARTESIAN_POINT('',(-0.0104878114203724,0.,-0.0055));
#13111=CARTESIAN_POINT('',(-0.00763978021151269,0.,-0.0055));
#13112=CARTESIAN_POINT('',(-0.00479346894874892,0.,-0.00603484023954995));
#13113=CARTESIAN_POINT('',(0.000291052578881907,0.,-0.00801530046792725));
#13114=CARTESIAN_POINT('',(0.00255823031782598,0.,-0.00938006080555204));
#13115=CARTESIAN_POINT('',(0.00453442270577078,0.,-0.0110836941110072));
#13116=CARTESIAN_POINT('',(-0.0104878114203724,0.,-0.0055));
#13117=CARTESIAN_POINT('',(-0.00777538741028882,0.,-0.0055));
#13118=CARTESIAN_POINT('',(-0.00235228047191131,0.,-0.00646928518843152));
#13119=CARTESIAN_POINT('',(0.00239856572169131,0.,-0.00925798111186653));
#13120=CARTESIAN_POINT('',(0.00446033437239642,0.,-0.0110200993622632));
#13121=CARTESIAN_POINT('',(-0.0104878114203724,0.,-0.0055));
#13122=CARTESIAN_POINT('',(-0.00763978021151269,0.,-0.0055));
#13123=CARTESIAN_POINT('',(-0.00479346894874892,0.,-0.00603484023954995));
#13124=CARTESIAN_POINT('',(0.000291052578881907,0.,-0.00801530046792725));
#13125=CARTESIAN_POINT('',(0.00255823031782598,0.,-0.00938006080555204));
#13126=CARTESIAN_POINT('',(0.00453442270577078,0.,-0.0110836941110072));
#13127=CARTESIAN_POINT('',(-0.0104878114203724,0.002,-0.0055));
#13128=CARTESIAN_POINT('',(-0.00763978021151392,0.00200000000000201,-0.00549999999999328));
#13129=CARTESIAN_POINT('',(-0.00479346894874727,0.002,-0.0060348402395461));
#13130=CARTESIAN_POINT('',(0.000291052578880397,0.002,-0.00801530046793076));
#13131=CARTESIAN_POINT('',(0.00255823031781645,0.002,-0.00938006080556145));
#13132=CARTESIAN_POINT('',(0.00453442270576842,0.002,-0.0110836941110094));
#13133=CARTESIAN_POINT('',(-0.0104878114203724,0.002,-0.0035));
#13134=CARTESIAN_POINT('',(-0.00739212532378637,0.002,-0.00349999999998926));
#13135=CARTESIAN_POINT('',(-0.00429830873382431,0.002,-0.0040813480864649));
#13136=CARTESIAN_POINT('',(0.00122834510055544,0.002,-0.00623402224774923));
#13137=CARTESIAN_POINT('',(0.00369266872983286,0.002,-0.00771745739734976));
#13138=CARTESIAN_POINT('',(0.00584070393412847,0.002,-0.00956923272935822));
#13139=CARTESIAN_POINT('',(0.024108574235938,0.002,-0.0103773882671649));
#13140=CARTESIAN_POINT('',(0.0116182389590806,0.002,-0.0065587095513243));
#13141=CARTESIAN_POINT('',(0.0241085742359399,0.00233333333333292,-0.0103773882671649));
#13142=CARTESIAN_POINT('',(0.0116182389590824,0.00233333333333292,-0.00655870955132425));
#13143=CARTESIAN_POINT('',(0.024059845618486,0.00249999999999958,-0.0105367723931587));
#13144=CARTESIAN_POINT('',(0.0115695103416286,0.00249999999999958,-0.00671809367731811));
#13145=CARTESIAN_POINT('',(0.0239623883835766,0.0025,-0.0108555406451465));
#13146=CARTESIAN_POINT('',(0.0114720531067192,0.0025,-0.00703686192930587));
#13147=CARTESIAN_POINT('',(0.0240344348871744,0.002,-0.0103547215935445));
#13148=CARTESIAN_POINT('',(0.0240344348871763,0.00234512699117771,-0.0103547215935445));
#13149=CARTESIAN_POINT('',(0.0237045302253866,0.0024999999999996,-0.0104404741066808));
#13150=CARTESIAN_POINT('',(0.0230550652973528,0.0025,-0.0105781441396921));
#13151=CARTESIAN_POINT('',(0.0115461064779259,0.0025,-0.00705950231694908));
#13152=CARTESIAN_POINT('',(0.0117771671532842,0.00249999999999953,-0.00677607013273813));
#13153=CARTESIAN_POINT('',(0.0118903863733447,0.00232806351736396,-0.00664191336574387));
#13154=CARTESIAN_POINT('',(0.0118903863733428,0.002,-0.00664191336574391));
#13155=CARTESIAN_POINT('',(0.0123691920969743,0.002,-0.00745916914885922));
#13156=CARTESIAN_POINT('',(0.0122323555286575,0.002,-0.00725151052905247));
#13157=CARTESIAN_POINT('',(0.012104131163618,0.002,-0.00703817734919446));
#13158=CARTESIAN_POINT('',(0.0113890979912364,0.002,-0.00572852300178392));
#13159=CARTESIAN_POINT('',(0.0110228887825122,0.002,-0.00451245237298197));
#13160=CARTESIAN_POINT('',(0.0108111066410166,0.002,-0.00203459468261598));
#13161=CARTESIAN_POINT('',(0.0109656370322268,0.002,-0.00077401651487693));
#13162=CARTESIAN_POINT('',(0.0117696599797175,0.002,0.00157931676136625));
#13163=CARTESIAN_POINT('',(0.01241876027038,0.002,0.00267092372884501));
#13164=CARTESIAN_POINT('',(0.0141024271313678,0.002,0.00450119592455248));
#13165=CARTESIAN_POINT('',(0.0151361722766033,0.002,0.00523896820208073));
#13166=CARTESIAN_POINT('',(0.016503081490595,0.002,0.00583732106453136));
#13167=CARTESIAN_POINT('',(0.0167350352363546,0.002,0.00592759837755154));
#13168=CARTESIAN_POINT('',(0.0169703286273013,0.002,0.00600811774780232));
#13169=CARTESIAN_POINT('',(0.0123691920969743,0.0025,-0.00745916914885922));
#13170=CARTESIAN_POINT('',(0.0122323555286566,0.00250000000000023,-0.00725151052905303));
#13171=CARTESIAN_POINT('',(0.0121041311636182,0.00249999999999977,-0.00703817734919436));
#13172=CARTESIAN_POINT('',(0.0113890979912355,0.00250000000000114,-0.00572852300178441));
#13173=CARTESIAN_POINT('',(0.0110228887825127,0.00250000000000228,-0.00451245237298192));
#13174=CARTESIAN_POINT('',(0.0108111066410161,0.00249999999999772,-0.00203459468261602));
#13175=CARTESIAN_POINT('',(0.0109656370322266,0.00250000000000114,-0.000774016514877228));
#13176=CARTESIAN_POINT('',(0.0117696599797177,0.00249999999999886,0.00157931676136654));
#13177=CARTESIAN_POINT('',(0.0124187602703797,0.00249999999999915,0.00267092372884587));
#13178=CARTESIAN_POINT('',(0.0141024271313681,0.00250000000000085,0.00450119592455163));
#13179=CARTESIAN_POINT('',(0.0151361722766033,0.00249999999999943,0.00523896820208061));
#13180=CARTESIAN_POINT('',(0.016503081490595,0.00250000000000011,0.00583732106453139));
#13181=CARTESIAN_POINT('',(0.0167350352363543,0.00250000000000011,0.00592759837755245));
#13182=CARTESIAN_POINT('',(0.0169703286273013,0.0025,0.00600811774780232));
#13183=CARTESIAN_POINT('',(0.0119516858916098,0.0025,-0.00773428470363963));
#13184=CARTESIAN_POINT('',(0.0118072472917193,0.0025,-0.00751508949384395));
#13185=CARTESIAN_POINT('',(0.0116718993508449,0.0025,-0.00728990447066015));
#13186=CARTESIAN_POINT('',(0.0109171421133305,0.0025,-0.00590749154839352));
#13187=CARTESIAN_POINT('',(0.0105305879485662,0.0025,-0.00462386144021369));
#13188=CARTESIAN_POINT('',(0.0103070401325437,0.0025,-0.00200834498927171));
#13189=CARTESIAN_POINT('',(0.0104701555454867,0.0025,-0.000677734701102743));
#13190=CARTESIAN_POINT('',(0.0113188464345061,0.0025,0.00180633931270945));
#13191=CARTESIAN_POINT('',(0.012004007852427,0.0025,0.00295859111171507));
#13192=CARTESIAN_POINT('',(0.0137812117612473,0.0025,0.00489054509607248));
#13193=CARTESIAN_POINT('',(0.0148723871923292,0.0025,0.00566930472235261));
#13194=CARTESIAN_POINT('',(0.0163152358070983,0.0025,0.00630089941049486));
#13195=CARTESIAN_POINT('',(0.0165600758720666,0.0025,0.00639619212979449));
#13196=CARTESIAN_POINT('',(0.0168084411180661,0.0025,0.006481184798392));
#13197=CARTESIAN_POINT('',(0.0161084093629108,0.002,0.00566250042558006));
#13198=CARTESIAN_POINT('',(0.0161084093629126,0.00232786550885957,0.00566250042557959));
#13199=CARTESIAN_POINT('',(0.0160962961635307,0.00250000004316946,0.00582492270140542));
#13200=CARTESIAN_POINT('',(0.0160747610303033,0.00249999999999999,0.00619563376111995));
#13201=CARTESIAN_POINT('',(0.0239962258165851,0.0025,-0.00967373077256159));
#13202=CARTESIAN_POINT('',(0.0227236737369588,0.0025,-0.0110067368737483));
#13203=CARTESIAN_POINT('',(0.0200824578699346,0.0025,-0.0128488152652536));
#13204=CARTESIAN_POINT('',(0.0154719758765127,0.0025,-0.0141320410262389));
#13205=CARTESIAN_POINT('',(0.0109362967745703,0.0025,-0.0139560663152712));
#13206=CARTESIAN_POINT('',(0.0064682379709745,0.0025,-0.0121844540879973));
#13207=CARTESIAN_POINT('',(0.00284228815189988,0.0025,-0.00902958963682037));
#13208=CARTESIAN_POINT('',(0.000470041923972756,0.0025,-0.00484944387455161));
#13209=CARTESIAN_POINT('',(-0.000379125795555236,0.0025,-0.000118699317986006));
#13210=CARTESIAN_POINT('',(0.000391193080516305,0.0025,0.00462552594821692));
#13211=CARTESIAN_POINT('',(0.00269353863353216,0.0025,0.00884456250907038));
#13212=CARTESIAN_POINT('',(0.00626649471853752,0.0025,0.012059374274942));
#13213=CARTESIAN_POINT('',(0.010704399503332,0.0025,0.0139049559937575));
#13214=CARTESIAN_POINT('',(0.0155033073350097,0.0025,0.0141717244679264));
#13215=CARTESIAN_POINT('',(0.0201185683983558,0.0025,0.0128295155894811));
#13216=CARTESIAN_POINT('',(0.0238082805275337,0.0025,0.0101857727089243));
#13217=CARTESIAN_POINT('',(0.0266618218670143,0.0025,0.00634383122196756));
#13218=CARTESIAN_POINT('',(0.0276174026152147,0.0025,0.00326874756613986));
#13219=CARTESIAN_POINT('',(0.0278044962220461,0.0025,0.0014353654337284));
#13220=CARTESIAN_POINT('',(0.0242399642843965,0.00250197900618369,-0.00990690704200449));
#13221=CARTESIAN_POINT('',(0.0229367385217506,0.00250197900618369,-0.0112720440146772));
#13222=CARTESIAN_POINT('',(0.0202318586052642,0.00250197900618369,-0.0131585239916372));
#13223=CARTESIAN_POINT('',(0.0155102452354114,0.00250197900618369,-0.0144726807160531));
#13224=CARTESIAN_POINT('',(0.0108652378107968,0.00250197900618369,-0.0142924642994464));
#13225=CARTESIAN_POINT('',(0.00628948060853734,0.00250197900618369,-0.0124781490095161));
#13226=CARTESIAN_POINT('',(0.00257613064368616,0.00250197900618369,-0.0092472394882723));
#13227=CARTESIAN_POINT('',(0.000146703627797906,0.00250197900618369,-0.0049663352040689));
#13228=CARTESIAN_POINT('',(-0.000722932490147417,0.00250197900618369,-0.000121560453844497));
#13229=CARTESIAN_POINT('',(6.59542043630154E-5,0.00250197900618369,0.00473701994631693));
#13230=CARTESIAN_POINT('',(0.0024237956528624,0.00250197900618369,0.00905775245659182));
#13231=CARTESIAN_POINT('',(0.006082874517667,0.00250197900618369,0.0123500542682712));
#13232=CARTESIAN_POINT('',(0.010627750865806,0.00250197900618369,0.0142401220173652));
#13233=CARTESIAN_POINT('',(0.0155423319035613,0.00250197900618369,0.0145133206982931));
#13234=CARTESIAN_POINT('',(0.0202688395389257,0.00250197900618369,0.0131387591252284));
#13235=CARTESIAN_POINT('',(0.0240474887449027,0.00250197900618369,0.0104312912842915));
#13236=CARTESIAN_POINT('',(0.0269698120429148,0.00250197900618369,0.00649674337473486));
#13237=CARTESIAN_POINT('',(0.0279484261761819,0.00250197900618369,0.00334753769008183));
#13238=CARTESIAN_POINT('',(0.0281400295006345,0.00250197900618369,0.00146996358804448));
#13239=CARTESIAN_POINT('',(0.0243618606155917,0.00233533933968757,-0.0100235210997775));
#13240=CARTESIAN_POINT('',(0.0230432946013313,0.00233533933968757,-0.0114047270802987));
#13241=CARTESIAN_POINT('',(0.0203065755823505,0.00233533933968756,-0.0133134127862713));
#13242=CARTESIAN_POINT('',(0.0155293841694041,0.00233533933968757,-0.0146430384311099));
#13243=CARTESIAN_POINT('',(0.0108297004290274,0.00233533933968757,-0.0144607006901179));
#13244=CARTESIAN_POINT('',(0.00620008205421446,0.00233533933968757,-0.0126250291214051));
#13245=CARTESIAN_POINT('',(0.0024430222998838,0.00233533933968757,-0.00935608861092165));
#13246=CARTESIAN_POINT('',(-1.50014669805982E-5,0.00233533933968756,-0.00502479386406058));
#13247=CARTESIAN_POINT('',(-0.000894874059680679,0.00233533933968756,-0.000122991339856585));
#13248=CARTESIAN_POINT('',(-9.67013916990781E-5,0.00233533933968757,0.00479277934055908));
#13249=CARTESIAN_POINT('',(0.00228889417422205,0.00233533933968757,0.00916437113145222));
#13250=CARTESIAN_POINT('',(0.00599104400350807,0.00233533933968757,0.0124954265808849));
#13251=CARTESIAN_POINT('',(0.010589418025736,0.00233533933968757,0.0144077422907915));
#13252=CARTESIAN_POINT('',(0.0155618485263399,0.00233533933968757,0.0146841567899683));
#13253=CARTESIAN_POINT('',(0.0203439918153983,0.00233533933968757,0.0132934152728275));
#13254=CARTESIAN_POINT('',(0.0241671194472323,0.00233533933968757,0.0105540778671656));
#13255=CARTESIAN_POINT('',(0.02712384137125,0.00233533933968757,0.00657321645091711));
#13256=CARTESIAN_POINT('',(0.0281139747577554,0.00233533933968757,0.00338694151143664));
#13257=CARTESIAN_POINT('',(0.0283078334423802,0.00233533933968757,0.00148726651160481));
#13258=CARTESIAN_POINT('',(0.0243618562800254,0.002,-0.0100235169520893));
#13259=CARTESIAN_POINT('',(0.0230432908113817,0.002,-0.0114047223610736));
#13260=CARTESIAN_POINT('',(0.0203065729248431,0.002,-0.0133134072772405));
#13261=CARTESIAN_POINT('',(0.0155293834886772,0.002,-0.014643032371886));
#13262=CARTESIAN_POINT('',(0.0108297016930086,0.002,-0.0144606947063445));
#13263=CARTESIAN_POINT('',(0.00620008523391114,0.002,-0.0126250238972243));
#13264=CARTESIAN_POINT('',(0.00244302703423508,0.002,-0.00935608473941391));
#13265=CARTESIAN_POINT('',(-1.4995715510025E-5,0.002,-0.00502479178482329));
#13266=CARTESIAN_POINT('',(-0.00089486794412273,0.002,-0.000122991288963336));
#13267=CARTESIAN_POINT('',(-9.66956064214065E-5,0.002,0.00479277735732834));
#13268=CARTESIAN_POINT('',(0.00228889897235092,0.002,0.00916436733927626));
#13269=CARTESIAN_POINT('',(0.00599104726970385,0.002,0.012495421410333));
#13270=CARTESIAN_POINT('',(0.0105894193891451,0.002,0.0144077363289319));
#13271=CARTESIAN_POINT('',(0.0155618478321794,0.002,0.0146841507137296));
#13272=CARTESIAN_POINT('',(0.0203439891424083,0.002,0.0132934097720714));
#13273=CARTESIAN_POINT('',(0.0241671151922491,0.002,0.0105540734999351));
#13274=CARTESIAN_POINT('',(0.0271238358927884,0.002,0.00657321373094934));
#13275=CARTESIAN_POINT('',(0.028113968869581,0.002,0.00338694010993522));
#13276=CARTESIAN_POINT('',(0.028307827473988,0.002,0.00148726589618045));
#13277=CARTESIAN_POINT('',(0.0276286507213003,0.0025,0.00266325506275508));
#13278=CARTESIAN_POINT('',(0.0280476773807442,0.00249999999999979,0.00219750665831716));
#13279=CARTESIAN_POINT('',(0.0282526088988804,0.00234378079116598,0.00194964602567846));
#13280=CARTESIAN_POINT('',(0.0282526088988785,0.002,0.00194964602567895));
#13281=CARTESIAN_POINT('',(0.0158546309391524,0.002,0.00574008827601523));
#13282=CARTESIAN_POINT('',(0.0283265531014216,0.002,0.00192703901424553));
#13283=CARTESIAN_POINT('',(0.0158546309391542,0.00233533337490567,0.00574008827601475));
#13284=CARTESIAN_POINT('',(0.0283265531014235,0.00233533337490567,0.00192703901424506));
#13285=CARTESIAN_POINT('',(0.0159039619263728,0.00250193979565777,0.00590144266473113));
#13286=CARTESIAN_POINT('',(0.028375884088642,0.00250193979565777,0.00208839340296144));
#13287=CARTESIAN_POINT('',(0.016002576225954,0.00249998232473245,0.00622399550474292));
#13288=CARTESIAN_POINT('',(0.0284744983882233,0.00249998232473245,0.00241094624297322));
#13289=CARTESIAN_POINT('',(0.0116182388412034,-0.00199999999999999,-0.00655870951528579));
#13290=CARTESIAN_POINT('',(0.0241085939992653,-0.00199999999999999,-0.0103773943094203));
#13291=CARTESIAN_POINT('',(0.0116182388412036,-0.00233333333333268,-0.00655870951528536));
#13292=CARTESIAN_POINT('',(0.0241085939992654,-0.00233333333333268,-0.0103773943094198));
#13293=CARTESIAN_POINT('',(0.0115695102237497,-0.00249999999999935,-0.0067180936412793));
#13294=CARTESIAN_POINT('',(0.0240598653818116,-0.00249999999999935,-0.0105367784354138));
#13295=CARTESIAN_POINT('',(0.011472052988842,-0.0025,-0.00703686189326749));
#13296=CARTESIAN_POINT('',(0.0239624081469039,-0.0025,-0.010855546687402));
#13297=CARTESIAN_POINT('',(0.0230550652973528,-0.0025,-0.0105781441396921));
#13298=CARTESIAN_POINT('',(0.0237045302253895,-0.00249999999999937,-0.0104404741066657));
#13299=CARTESIAN_POINT('',(0.0240344348871746,-0.00234512699116209,-0.0103547215935439));
#13300=CARTESIAN_POINT('',(0.0240344348871744,-0.002,-0.0103547215935444));
#13301=CARTESIAN_POINT('',(0.0118903863733428,-0.002,-0.00664191336574404));
#13302=CARTESIAN_POINT('',(0.0118903863733429,-0.00232806351780079,-0.00664191336574362));
#13303=CARTESIAN_POINT('',(0.0117771671531539,-0.00249999999999859,-0.00677607013315574));
#13304=CARTESIAN_POINT('',(0.0115461064779246,-0.0025,-0.00705950231694679));
#13305=CARTESIAN_POINT('',(0.0119516858916098,-0.0025,-0.00773428470363963));
#13306=CARTESIAN_POINT('',(0.0118072472917193,-0.0025,-0.00751508949384395));
#13307=CARTESIAN_POINT('',(0.0116718993508449,-0.0025,-0.00728990447066015));
#13308=CARTESIAN_POINT('',(0.0109171421133305,-0.0025,-0.00590749154839352));
#13309=CARTESIAN_POINT('',(0.0105305879485662,-0.0025,-0.00462386144021369));
#13310=CARTESIAN_POINT('',(0.0103070401325437,-0.0025,-0.00200834498927171));
#13311=CARTESIAN_POINT('',(0.0104701555454867,-0.0025,-0.000677734701102743));
#13312=CARTESIAN_POINT('',(0.0113188464345061,-0.0025,0.00180633931270945));
#13313=CARTESIAN_POINT('',(0.012004007852427,-0.0025,0.00295859111171507));
#13314=CARTESIAN_POINT('',(0.0137812117612473,-0.0025,0.00489054509607248));
#13315=CARTESIAN_POINT('',(0.0148723871923292,-0.0025,0.00566930472235261));
#13316=CARTESIAN_POINT('',(0.0163152358070983,-0.0025,0.00630089941049486));
#13317=CARTESIAN_POINT('',(0.0165600758720666,-0.0025,0.00639619212979449));
#13318=CARTESIAN_POINT('',(0.0168084411180661,-0.0025,0.006481184798392));
#13319=CARTESIAN_POINT('',(0.0123691920969743,-0.0025,-0.00745916914885922));
#13320=CARTESIAN_POINT('',(0.0122323555286566,-0.00250000000000023,-0.00725151052905303));
#13321=CARTESIAN_POINT('',(0.0121041311636182,-0.00249999999999972,-0.00703817734919436));
#13322=CARTESIAN_POINT('',(0.0113890979912355,-0.00250000000000143,-0.00572852300178441));
#13323=CARTESIAN_POINT('',(0.0110228887825127,-0.00250000000000228,-0.00451245237298192));
#13324=CARTESIAN_POINT('',(0.0108111066410161,-0.00249999999999772,-0.00203459468261602));
#13325=CARTESIAN_POINT('',(0.0109656370322266,-0.00250000000000114,-0.000774016514877228));
#13326=CARTESIAN_POINT('',(0.0117696599797177,-0.00249999999999886,0.00157931676136654));
#13327=CARTESIAN_POINT('',(0.0124187602703797,-0.00249999999999915,0.00267092372884587));
#13328=CARTESIAN_POINT('',(0.0141024271313681,-0.00250000000000085,0.00450119592455163));
#13329=CARTESIAN_POINT('',(0.0151361722766033,-0.00249999999999943,0.00523896820208061));
#13330=CARTESIAN_POINT('',(0.016503081490595,-0.00250000000000011,0.00583732106453139));
#13331=CARTESIAN_POINT('',(0.0167350352363543,-0.00250000000000011,0.00592759837755245));
#13332=CARTESIAN_POINT('',(0.0169703286273013,-0.0025,0.00600811774780232));
#13333=CARTESIAN_POINT('',(0.0123691920969743,-0.002,-0.00745916914885922));
#13334=CARTESIAN_POINT('',(0.0122323555286575,-0.002,-0.00725151052905247));
#13335=CARTESIAN_POINT('',(0.012104131163618,-0.002,-0.00703817734919446));
#13336=CARTESIAN_POINT('',(0.0113890979912364,-0.002,-0.00572852300178392));
#13337=CARTESIAN_POINT('',(0.0110228887825122,-0.002,-0.00451245237298197));
#13338=CARTESIAN_POINT('',(0.0108111066410166,-0.002,-0.00203459468261598));
#13339=CARTESIAN_POINT('',(0.0109656370322268,-0.002,-0.00077401651487693));
#13340=CARTESIAN_POINT('',(0.0117696599797175,-0.002,0.00157931676136625));
#13341=CARTESIAN_POINT('',(0.01241876027038,-0.002,0.00267092372884501));
#13342=CARTESIAN_POINT('',(0.0141024271313678,-0.002,0.00450119592455248));
#13343=CARTESIAN_POINT('',(0.0151361722766033,-0.002,0.00523896820208073));
#13344=CARTESIAN_POINT('',(0.016503081490595,-0.002,0.00583732106453136));
#13345=CARTESIAN_POINT('',(0.0167350352363546,-0.002,0.00592759837755154));
#13346=CARTESIAN_POINT('',(0.0169703286273013,-0.002,0.00600811774780232));
#13347=CARTESIAN_POINT('',(0.016074761037975,-0.0025,0.00619563362913997));
#13348=CARTESIAN_POINT('',(0.0160962923646114,-0.00250000000000172,0.00582498815018687));
#13349=CARTESIAN_POINT('',(0.0161084093629107,-0.00232792550591565,0.0056625004255793));
#13350=CARTESIAN_POINT('',(0.0161084093629109,-0.002,0.00566250042558026));
#13351=CARTESIAN_POINT('',(0.0243618862954415,-0.002,-0.0100234855769696));
#13352=CARTESIAN_POINT('',(0.0230433237087019,-0.002,-0.011404696256353));
#13353=CARTESIAN_POINT('',(0.0203066084637304,-0.002,-0.0133133907335686));
#13354=CARTESIAN_POINT('',(0.0155294176822909,-0.002,-0.0146430289849917));
#13355=CARTESIAN_POINT('',(0.0108297308790216,-0.002,-0.0144607014221406));
#13356=CARTESIAN_POINT('',(0.00620010645598908,-0.002,-0.0126250374443109));
#13357=CARTESIAN_POINT('',(0.00244303953155641,-0.002,-0.00935610087259504));
#13358=CARTESIAN_POINT('',(-1.49909084391352E-5,-0.002,-0.00502480666567516));
#13359=CARTESIAN_POINT('',(-0.000894868392210871,-0.002,-0.000123002150314888));
#13360=CARTESIAN_POINT('',(-9.6698089277187E-5,-0.002,0.00479277177507785));
#13361=CARTESIAN_POINT('',(0.0022888977349996,-0.002,0.00916436664208576));
#13362=CARTESIAN_POINT('',(0.00599104990507275,-0.002,0.0124954237119777));
#13363=CARTESIAN_POINT('',(0.0105894272908563,-0.002,0.0144077386883236));
#13364=CARTESIAN_POINT('',(0.0155618608094452,-0.002,0.0146841497730898));
#13365=CARTESIAN_POINT('',(0.020344005362879,-0.002,0.0132934024891073));
#13366=CARTESIAN_POINT('',(0.02416713142491,-0.002,0.0105540583152552));
#13367=CARTESIAN_POINT('',(0.0271238483942617,-0.002,0.0065731897661736));
#13368=CARTESIAN_POINT('',(0.028113976043193,-0.002,0.00338691103099789));
#13369=CARTESIAN_POINT('',(0.0283078307027749,-0.002,0.00148723458303337));
#13370=CARTESIAN_POINT('',(0.0243618862954415,-0.00233333333333333,-0.0100234855769696));
#13371=CARTESIAN_POINT('',(0.0230433237087019,-0.00233333333333333,-0.011404696256353));
#13372=CARTESIAN_POINT('',(0.0203066084637304,-0.00233333333333333,-0.0133133907335686));
#13373=CARTESIAN_POINT('',(0.0155294176822909,-0.00233333333333333,-0.0146430289849916));
#13374=CARTESIAN_POINT('',(0.0108297308790216,-0.00233333333333333,-0.0144607014221406));
#13375=CARTESIAN_POINT('',(0.00620010645598907,-0.00233333333333333,-0.0126250374443109));
#13376=CARTESIAN_POINT('',(0.00244303953155641,-0.00233333333333333,-0.00935610087259503));
#13377=CARTESIAN_POINT('',(-1.49909084391373E-5,-0.00233333333333333,-0.00502480666567515));
#13378=CARTESIAN_POINT('',(-0.000894868392210872,-0.00233333333333333,-0.000123002150314883));
#13379=CARTESIAN_POINT('',(-9.66980892771863E-5,-0.00233333333333333,0.00479277177507785));
#13380=CARTESIAN_POINT('',(0.00228889773499959,-0.00233333333333333,0.00916436664208577));
#13381=CARTESIAN_POINT('',(0.00599104990507275,-0.00233333333333333,0.0124954237119777));
#13382=CARTESIAN_POINT('',(0.0105894272908563,-0.00233333333333333,0.0144077386883236));
#13383=CARTESIAN_POINT('',(0.0155618608094452,-0.00233333333333333,0.0146841497730897));
#13384=CARTESIAN_POINT('',(0.020344005362879,-0.00233333333333333,0.0132934024891073));
#13385=CARTESIAN_POINT('',(0.0241671314249099,-0.00233333333333333,0.0105540583152551));
#13386=CARTESIAN_POINT('',(0.0271238483942617,-0.00233333333333333,0.00657318976617359));
#13387=CARTESIAN_POINT('',(0.028113976043193,-0.00233333333333333,0.0033869110309979));
#13388=CARTESIAN_POINT('',(0.0283078307027749,-0.00233333333333333,0.00148723458303336));
#13389=CARTESIAN_POINT('',(0.0242414543134974,-0.0025,-0.00990827310281113));
#13390=CARTESIAN_POINT('',(0.0229380476183011,-0.0025,-0.0112736077973752));
#13391=CARTESIAN_POINT('',(0.0202327888699557,-0.0025,-0.013160363257524));
#13392=CARTESIAN_POINT('',(0.0155105083268055,-0.0025,-0.0144747183103144));
#13393=CARTESIAN_POINT('',(0.0108648409116562,-0.0025,-0.0142944864661019));
#13394=CARTESIAN_POINT('',(0.00628843056219595,-0.0025,-0.0124799220736011));
#13395=CARTESIAN_POINT('',(0.00257454831502136,-0.0025,-0.00924855948479559));
#13396=CARTESIAN_POINT('',(0.000144771098665144,-0.0025,-0.00496705026811405));
#13397=CARTESIAN_POINT('',(-0.000724992850415618,-0.0025,-0.000121588332844426));
#13398=CARTESIAN_POINT('',(6.40030817735564E-5,-0.0025,0.00473768244436416));
#13399=CARTESIAN_POINT('',(0.00242217826504154,-0.0025,0.00905902909468784));
#13400=CARTESIAN_POINT('',(0.00608177696256723,-0.0025,0.0123517981522343));
#13401=CARTESIAN_POINT('',(0.0106272994364883,-0.0025,0.0142421324963998));
#13402=CARTESIAN_POINT('',(0.015542578547311,-0.0025,0.0145153664418024));
#13403=CARTESIAN_POINT('',(0.0202697559222831,-0.0025,0.0131406047581891));
#13404=CARTESIAN_POINT('',(0.0240489380066815,-0.0025,0.0104327472983495));
#13405=CARTESIAN_POINT('',(0.0269716697234019,-0.0025,0.00649763585836607));
#13406=CARTESIAN_POINT('',(0.0279504165945419,-0.0025,0.0033479810163027));
#13407=CARTESIAN_POINT('',(0.0281420430394791,-0.0025,0.0014701399296119));
#13408=CARTESIAN_POINT('',(0.0240005903496091,-0.0025,-0.00967784815449414));
#13409=CARTESIAN_POINT('',(0.0227274954374996,-0.0025,-0.0110114308794197));
#13410=CARTESIAN_POINT('',(0.020085149682406,-0.0025,-0.0128543083054347));
#13411=CARTESIAN_POINT('',(0.0154726896158346,-0.0025,-0.0141380969609599));
#13412=CARTESIAN_POINT('',(0.0109350609769255,-0.0025,-0.0139620565540243));
#13413=CARTESIAN_POINT('',(0.0064650787746097,-0.0025,-0.0121896913321816));
#13414=CARTESIAN_POINT('',(0.00283756588195128,-0.0025,-0.00903347670919669));
#13415=CARTESIAN_POINT('',(0.000464295112873702,-0.0025,-0.00485153747299181));
#13416=CARTESIAN_POINT('',(-0.000385241766825108,-0.0025,-0.000118760697903511));
#13417=CARTESIAN_POINT('',(0.000385405423875046,-0.0025,0.00462750378293676));
#13418=CARTESIAN_POINT('',(0.00268873932512543,-0.0025,0.008848353999892));
#13419=CARTESIAN_POINT('',(0.00626323107755621,-0.0025,0.0120645470327474));
#13420=CARTESIAN_POINT('',(0.0107030437277522,-0.0025,0.0139109201125523));
#13421=CARTESIAN_POINT('',(0.0155040140230427,-0.0025,0.0141777997792276));
#13422=CARTESIAN_POINT('',(0.0201212570410912,-0.0025,0.0128350092963526));
#13423=CARTESIAN_POINT('',(0.0238125511702247,-0.0025,0.0101901252645383));
#13424=CARTESIAN_POINT('',(0.0266673123816821,-0.0025,0.00634652804275098));
#13425=CARTESIAN_POINT('',(0.0276232976972396,-0.0025,0.00327012098691233));
#13426=CARTESIAN_POINT('',(0.0278104677128873,-0.0025,0.00143595062276894));
#13427=CARTESIAN_POINT('',(0.0282526088988785,-0.002,0.00194964602567873));
#13428=CARTESIAN_POINT('',(0.0282526088988782,-0.00234378079120242,0.00194964602567772));
#13429=CARTESIAN_POINT('',(0.0280476773807523,-0.00250000000000052,0.00219750665835067));
#13430=CARTESIAN_POINT('',(0.0276286507212999,-0.0025,0.00266325506275521));
#13431=CARTESIAN_POINT('',(0.0283265782570805,-0.002,0.00192703132338855));
#13432=CARTESIAN_POINT('',(0.0158546308332977,-0.002,0.00574008830837847));
#13433=CARTESIAN_POINT('',(0.0283265782570803,-0.00233333333333498,0.00192703132338757));
#13434=CARTESIAN_POINT('',(0.0158546308332975,-0.00233333333333498,0.00574008830837749));
#13435=CARTESIAN_POINT('',(0.0283753068745344,-0.00250000000000165,0.00208641544938247));
#13436=CARTESIAN_POINT('',(0.0159033594507515,-0.00250000000000165,0.0058994724343724));
#13437=CARTESIAN_POINT('',(0.0284727641094429,-0.0025,0.00240518370137331));
#13438=CARTESIAN_POINT('',(0.0160008166856601,-0.0025,0.00621824068636323));
#13439=CARTESIAN_POINT('',(-0.0958851422645743,0.002,-0.00970698532447709));
#13440=CARTESIAN_POINT('',(-0.111965872230894,0.002,-0.00274860827590238));
#13441=CARTESIAN_POINT('',(-0.0958851422645741,0.00233533335846945,-0.00970698532447705));
#13442=CARTESIAN_POINT('',(-0.111965872230894,0.00233533335846945,-0.00274860827590234));
#13443=CARTESIAN_POINT('',(-0.0959521487602762,0.00250193978021178,-0.00986183657152082));
#13444=CARTESIAN_POINT('',(-0.112032878726596,0.00250193978021178,-0.0029034595229461));
#13445=CARTESIAN_POINT('',(-0.0960860969957757,0.00249998232502028,-0.0101713894154528));
#13446=CARTESIAN_POINT('',(-0.112166826962095,0.00249998232502028,-0.00321301236687803));
#13447=CARTESIAN_POINT('',(-0.111184247769936,0.0025,-0.0036316323848945));
#13448=CARTESIAN_POINT('',(-0.111646644805705,0.00250000000000005,-0.00308193075085409));
#13449=CARTESIAN_POINT('',(-0.111870415332554,0.00234580279280344,-0.00278991393130028));
#13450=CARTESIAN_POINT('',(-0.111870415332554,0.002,-0.00278991393130031));
#13451=CARTESIAN_POINT('',(-0.0961944188525587,0.002,-0.00957315662913806));
#13452=CARTESIAN_POINT('',(-0.0961944188525585,0.00232950704946588,-0.00957315662913802));
#13453=CARTESIAN_POINT('',(-0.0961877755248813,0.00250000002527301,-0.00975346324957037));
#13454=CARTESIAN_POINT('',(-0.0961790474937498,0.0025,-0.0101246114190032));
#13455=CARTESIAN_POINT('',(-0.0899179954363061,0.00199999999999893,0.00649694177163497));
#13456=CARTESIAN_POINT('',(-0.0874751341325627,0.00200000000000041,-0.000130178669583895));
#13457=CARTESIAN_POINT('',(-0.0901310703284189,0.00200000000000043,-0.00667481766767146));
#13458=CARTESIAN_POINT('',(-0.0965013276984477,0.00199999999999898,-0.00972541068073324));
#13459=CARTESIAN_POINT('',(-0.089917995436306,0.00233333333333226,0.00649694177163506));
#13460=CARTESIAN_POINT('',(-0.0874751341325627,0.00233333333333375,-0.00013017866958387));
#13461=CARTESIAN_POINT('',(-0.0901310703284188,0.00233333333333377,-0.00667481766767152));
#13462=CARTESIAN_POINT('',(-0.0965013276984477,0.00233333333333231,-0.00972541068073332));
#13463=CARTESIAN_POINT('',(-0.0897616147983533,0.00249999999999892,0.00655458614561287));
#13464=CARTESIAN_POINT('',(-0.0872874370310926,0.00250000000000042,-0.000157491216903672));
#13465=CARTESIAN_POINT('',(-0.0899774212217549,0.00250000000000044,-0.00678602975857339));
#13466=CARTESIAN_POINT('',(-0.0964293426355915,0.00249999999999896,-0.00987573010231078));
#13467=CARTESIAN_POINT('',(-0.089448853522448,0.00249999999999889,0.00666987489356838));
#13468=CARTESIAN_POINT('',(-0.0869120428281524,0.00250000000000043,-0.000212116311543284));
#13469=CARTESIAN_POINT('',(-0.0896701230084272,0.00250000000000045,-0.00700845394037707));
#13470=CARTESIAN_POINT('',(-0.0962853725098792,0.00249999999999893,-0.0101763689454656));
#13471=CARTESIAN_POINT('',(-0.0894086656940805,0.0025,0.00655865963988871));
#13472=CARTESIAN_POINT('',(-0.0896763991273586,0.00250000002688114,0.00630754743902728));
#13473=CARTESIAN_POINT('',(-0.0898082089763103,0.00232988047125211,0.00618674473635425));
#13474=CARTESIAN_POINT('',(-0.0898082089763092,0.001999999999999,0.00618674473635648));
#13475=CARTESIAN_POINT('',(-0.105572908970905,0.00250000000000004,0.0122729443604372));
#13476=CARTESIAN_POINT('',(-0.104015277737498,0.00250000000000003,0.0134755677831166));
#13477=CARTESIAN_POINT('',(-0.100946080951487,0.00250000000000003,0.0150158399429903));
#13478=CARTESIAN_POINT('',(-0.0958889133223577,0.00250000000000002,0.0157259706894639));
#13479=CARTESIAN_POINT('',(-0.0911083338899204,0.00250000000000001,0.0149559156022501));
#13480=CARTESIAN_POINT('',(-0.0865755538693905,0.0025,0.0125592558262793));
#13481=CARTESIAN_POINT('',(-0.0830510690665176,0.0025,0.00883546623486883));
#13482=CARTESIAN_POINT('',(-0.0809072979456464,0.0025,0.00417785540508499));
#13483=CARTESIAN_POINT('',(-0.0803708210716235,0.0025,-0.000921276123460402));
#13484=CARTESIAN_POINT('',(-0.081498330753506,0.0025,-0.00592304657253228));
#13485=CARTESIAN_POINT('',(-0.084170669135829,0.00250000000000001,-0.0102988428747281));
#13486=CARTESIAN_POINT('',(-0.0881054073125627,0.00250000000000001,-0.0135862104024502));
#13487=CARTESIAN_POINT('',(-0.0928867201268887,0.00250000000000002,-0.0154377343779803));
#13488=CARTESIAN_POINT('',(-0.0980092405447114,0.00250000000000003,-0.0156577039571691));
#13489=CARTESIAN_POINT('',(-0.102931810045639,0.00250000000000004,-0.0142229976092316));
#13490=CARTESIAN_POINT('',(-0.106899977010152,0.00250000000000004,-0.011448006530159));
#13491=CARTESIAN_POINT('',(-0.110036334223936,0.00250000000000005,-0.00741780882610762));
#13492=CARTESIAN_POINT('',(-0.11116759383107,0.00250000000000005,-0.0041754857485889));
#13493=CARTESIAN_POINT('',(-0.111448698360797,0.00250000000000005,-0.00222779521890239));
#13494=CARTESIAN_POINT('',(-0.105778797360287,0.00250197900468561,0.0125401326553553));
#13495=CARTESIAN_POINT('',(-0.104187255694994,0.0025019790046856,0.0137689378086729));
#13496=CARTESIAN_POINT('',(-0.101051240918372,0.0025019790046856,0.015342742486387));
#13497=CARTESIAN_POINT('',(-0.095883976151384,0.00250197900468559,0.0160683331464073));
#13498=CARTESIAN_POINT('',(-0.0909993210476078,0.00250197900468558,0.0152815135663464));
#13499=CARTESIAN_POINT('',(-0.0863678600755547,0.00250197900468557,0.0128326772774276));
#13500=CARTESIAN_POINT('',(-0.0827666454256194,0.00250197900468557,0.00902781887452176));
#13501=CARTESIAN_POINT('',(-0.0805762033036783,0.00250197900468557,0.00426880946437371));
#13502=CARTESIAN_POINT('',(-0.0800280470501342,0.00250197900468557,-0.00094133277776414));
#13503=CARTESIAN_POINT('',(-0.0811801031949878,0.00250197900468557,-0.00605199434043724));
#13504=CARTESIAN_POINT('',(-0.083910619755261,0.00250197900468558,-0.0105230539780571));
#13505=CARTESIAN_POINT('',(-0.0879310192027054,0.00250197900468558,-0.0138819891880004));
#13506=CARTESIAN_POINT('',(-0.0928164236533004,0.00250197900468559,-0.0157738217941152));
#13507=CARTESIAN_POINT('',(-0.098050463972996,0.0025019790046856,-0.0159985802263732));
#13508=CARTESIAN_POINT('',(-0.103080200342319,0.00250197900468561,-0.0145326395861402));
#13509=CARTESIAN_POINT('',(-0.107134756342139,0.00250197900468562,-0.0116972355269736));
#13510=CARTESIAN_POINT('',(-0.110339393666048,0.00250197900468562,-0.00757929834917753));
#13511=CARTESIAN_POINT('',(-0.111495281377634,0.00250197900468562,-0.00426638823252899));
#13512=CARTESIAN_POINT('',(-0.111782505698303,0.00250197900468562,-0.00227629547921402));
#13513=CARTESIAN_POINT('',(-0.105881764444301,0.00233533933814816,0.012673756507061));
#13514=CARTESIAN_POINT('',(-0.104273263793127,0.00233533933814816,0.0139156554364111));
#13515=CARTESIAN_POINT('',(-0.101103832592812,0.00233533933814816,0.0155062301009714));
#13516=CARTESIAN_POINT('',(-0.0958815070170148,0.00233533933814815,0.0162395524364971));
#13517=CARTESIAN_POINT('',(-0.0909448025071169,0.00233533933814814,0.015444348746246));
#13518=CARTESIAN_POINT('',(-0.0862639900885995,0.00233533933814813,0.0129694184002099));
#13519=CARTESIAN_POINT('',(-0.0826244019848107,0.00233533933814813,0.00912401657885626));
#13520=CARTESIAN_POINT('',(-0.0804106191737579,0.00233533933814812,0.00431429660569534));
#13521=CARTESIAN_POINT('',(-0.0798566219320164,0.00233533933814813,-0.000951363334683607));
#13522=CARTESIAN_POINT('',(-0.0810209540372705,0.00233533933814813,-0.00611648255995894));
#13523=CARTESIAN_POINT('',(-0.0837805661543882,0.00233533933814813,-0.0106351844560451));
#13524=CARTESIAN_POINT('',(-0.0878438057604475,0.00233533933814814,-0.0140299114635258));
#13525=CARTESIAN_POINT('',(-0.092781267601404,0.00233533933814815,-0.0159419028661828));
#13526=CARTESIAN_POINT('',(-0.0980710802700894,0.00233533933814816,-0.0161690562573687));
#13527=CARTESIAN_POINT('',(-0.103154411987721,0.00233533933814817,-0.0146874949985637));
#13528=CARTESIAN_POINT('',(-0.107252172109363,0.00233533933814817,-0.0118218777330303));
#13529=CARTESIAN_POINT('',(-0.11049095707927,0.00233533933814818,-0.00766006106406116));
#13530=CARTESIAN_POINT('',(-0.111659161581073,0.00233533933814818,-0.00431184958044251));
#13531=CARTESIAN_POINT('',(-0.111949446477572,0.00233533933814818,-0.00230055100131149));
#13532=CARTESIAN_POINT('',(-0.105881760782009,0.00200000000000004,0.0126737517543815));
#13533=CARTESIAN_POINT('',(-0.104273260734025,0.00200000000000003,0.0139156502180175));
#13534=CARTESIAN_POINT('',(-0.101103830722252,0.00200000000000003,0.0155062242861096));
#13535=CARTESIAN_POINT('',(-0.0958815071048359,0.00200000000000002,0.0162395463466381));
#13536=CARTESIAN_POINT('',(-0.0909448044462104,0.00200000000000001,0.0154443429545897));
#13537=CARTESIAN_POINT('',(-0.0862639937830054,0.002,0.0129694135366565));
#13538=CARTESIAN_POINT('',(-0.0826244070440683,0.002,0.00912401315733495));
#13539=CARTESIAN_POINT('',(-0.0804106250631877,0.002,0.00431429498782696));
#13540=CARTESIAN_POINT('',(-0.0798566280291961,0.002,-0.000951362977920785));
#13541=CARTESIAN_POINT('',(-0.0810209596978239,0.002,-0.00611648026626784));
#13542=CARTESIAN_POINT('',(-0.0837805707800824,0.00200000000000001,-0.0106351804678333));
#13543=CARTESIAN_POINT('',(-0.0878438088624202,0.00200000000000001,-0.0140299062022857));
#13544=CARTESIAN_POINT('',(-0.0927812688518204,0.00200000000000002,-0.0159418968879428));
#13545=CARTESIAN_POINT('',(-0.0980710795368171,0.00200000000000003,-0.0161690501939457));
#13546=CARTESIAN_POINT('',(-0.103154409348192,0.00200000000000004,-0.0146874894907286));
#13547=CARTESIAN_POINT('',(-0.107252167933166,0.00200000000000005,-0.0118218732998064));
#13548=CARTESIAN_POINT('',(-0.110490951688524,0.00200000000000005,-0.00766005819152535));
#13549=CARTESIAN_POINT('',(-0.111659155752248,0.00200000000000005,-0.00431184796349153));
#13550=CARTESIAN_POINT('',(-0.11194944053989,0.00200000000000005,-0.00230055013860082));
#13551=CARTESIAN_POINT('',(-0.105484514158287,0.00200000000000004,0.0129701210142512));
#13552=CARTESIAN_POINT('',(-0.105484514158288,0.00234467351103528,0.0129701210142492));
#13553=CARTESIAN_POINT('',(-0.105135598201443,0.00250000000974433,0.0130130971877615));
#13554=CARTESIAN_POINT('',(-0.104451276843865,0.0025,0.0130678267937609));
#13555=CARTESIAN_POINT('',(-0.105579818521313,0.001999999999999,0.0130113606652929));
#13556=CARTESIAN_POINT('',(-0.0895119666852391,0.001999999999999,0.00605855618003363));
#13557=CARTESIAN_POINT('',(-0.105579818521314,0.00233533336009819,0.0130113606652906));
#13558=CARTESIAN_POINT('',(-0.0895119666852402,0.00233533336009819,0.00605855618003136));
#13559=CARTESIAN_POINT('',(-0.105512812024927,0.00250193978174276,0.0131662119139175));
#13560=CARTESIAN_POINT('',(-0.0894449601888532,0.00250193978174276,0.00621340742865828));
#13561=CARTESIAN_POINT('',(-0.105378863788161,0.00249998232499175,0.0134757647607741));
#13562=CARTESIAN_POINT('',(-0.0893110119520877,0.00249998232499175,0.00652296027551483));
#13563=CARTESIAN_POINT('',(-0.111965844922933,-0.002,-0.00274862009247206));
#13564=CARTESIAN_POINT('',(-0.0958851423683257,-0.002,-0.00970698527958374));
#13565=CARTESIAN_POINT('',(-0.111965844922933,-0.00233333333333486,-0.00274862009247214));
#13566=CARTESIAN_POINT('',(-0.0958851423683257,-0.00233333333333486,-0.00970698527958382));
#13567=CARTESIAN_POINT('',(-0.112032033223985,-0.00250000000000154,-0.00290158050101656));
#13568=CARTESIAN_POINT('',(-0.0959513306693784,-0.00250000000000154,-0.00985994568812824));
#13569=CARTESIAN_POINT('',(-0.11216440982609,-0.0025,-0.0032075013181053));
#13570=CARTESIAN_POINT('',(-0.0960837072714835,-0.0025,-0.010165866505217));
#13571=CARTESIAN_POINT('',(-0.111870415332553,-0.002,-0.0027899139312991));
#13572=CARTESIAN_POINT('',(-0.111870415332553,-0.00234580279280193,-0.00278991393129919));
#13573=CARTESIAN_POINT('',(-0.111646644805704,-0.00250000000000019,-0.00308193075085191));
#13574=CARTESIAN_POINT('',(-0.111184247769936,-0.0025,-0.00363163238489449));
#13575=CARTESIAN_POINT('',(-0.0961790474052064,-0.0025,-0.0101246113756491));
#13576=CARTESIAN_POINT('',(-0.0961877797865085,-0.00250000000000155,-0.00975347315189854));
#13577=CARTESIAN_POINT('',(-0.0961944188525592,-0.00232951782958159,-0.00957315662913931));
#13578=CARTESIAN_POINT('',(-0.0961944188525592,-0.002,-0.00957315662913923));
#13579=CARTESIAN_POINT('',(-0.0894490788334191,-0.00249999997114184,0.0066697916154667));
#13580=CARTESIAN_POINT('',(-0.0869123134296549,-0.00249999997114338,-0.000212077054636076));
#13581=CARTESIAN_POINT('',(-0.0896703445137956,-0.0024999999711434,-0.00700829362307988));
#13582=CARTESIAN_POINT('',(-0.0962854761679367,-0.00249999997114189,-0.0101761522538678));
#13583=CARTESIAN_POINT('',(-0.0897616898551513,-0.00249991991118602,0.00655455825912398));
#13584=CARTESIAN_POINT('',(-0.0872875272846309,-0.00249991991118752,-0.000157478200195506));
#13585=CARTESIAN_POINT('',(-0.0899774950942626,-0.00249991991118754,-0.00678597629853901));
#13586=CARTESIAN_POINT('',(-0.0964293771301239,-0.00249991991118606,-0.00987565784392963));
#13587=CARTESIAN_POINT('',(-0.0899179953660175,-0.00233325325413838,0.00649694158095258));
#13588=CARTESIAN_POINT('',(-0.087475134212119,-0.00233325325413986,-0.000130178772975233));
#13589=CARTESIAN_POINT('',(-0.090131070384496,-0.00233325325413988,-0.00667481763626856));
#13590=CARTESIAN_POINT('',(-0.0965013276112175,-0.00233325325413842,-0.00972541063896051));
#13591=CARTESIAN_POINT('',(-0.0899179953660175,-0.00199999999999893,0.00649694158095249));
#13592=CARTESIAN_POINT('',(-0.087475134212119,-0.00200000000000042,-0.000130178772975266));
#13593=CARTESIAN_POINT('',(-0.0901310703844961,-0.00200000000000043,-0.00667481763626853));
#13594=CARTESIAN_POINT('',(-0.0965013276112175,-0.00199999999999897,-0.00972541063896044));
#13595=CARTESIAN_POINT('',(-0.0898082089763091,-0.001999999999999,0.00618674473635653));
#13596=CARTESIAN_POINT('',(-0.0898082089763097,-0.00232988044435401,0.00618674473635521));
#13597=CARTESIAN_POINT('',(-0.0896763991485133,-0.00250000000000299,0.00630754741917549));
#13598=CARTESIAN_POINT('',(-0.0894086657575222,-0.0025,0.00655865958038539));
#13599=CARTESIAN_POINT('',(-0.105881726222158,-0.00200000000000004,0.0126737783852331));
#13600=CARTESIAN_POINT('',(-0.104273224668669,-0.00200000000000003,0.0139156710019445));
#13601=CARTESIAN_POINT('',(-0.101103794523332,-0.00200000000000003,0.0155062352157153));
#13602=CARTESIAN_POINT('',(-0.0958814755813653,-0.00200000000000002,0.0162395453229665));
#13603=CARTESIAN_POINT('',(-0.0909447802659122,-0.00200000000000001,0.0154443341434136));
#13604=CARTESIAN_POINT('',(-0.0862639786671822,-0.002,0.012969401203246));
#13605=CARTESIAN_POINT('',(-0.0826244001724386,-0.002,0.0091240017863845));
#13606=CARTESIAN_POINT('',(-0.0804106238520879,-0.002,0.00431428801983904));
#13607=CARTESIAN_POINT('',(-0.0798566287533529,-0.002,-0.000951363748090071));
#13608=CARTESIAN_POINT('',(-0.0810209582915798,-0.002,-0.00611647499062425));
#13609=CARTESIAN_POINT('',(-0.0837805636885731,-0.00200000000000001,-0.0106351712046032));
#13610=CARTESIAN_POINT('',(-0.0878437938087218,-0.00200000000000001,-0.0140298965397713));
#13611=CARTESIAN_POINT('',(-0.0927812453972949,-0.00200000000000002,-0.0159418912895396));
#13612=CARTESIAN_POINT('',(-0.0980710493424342,-0.00200000000000003,-0.0161690531626307));
#13613=CARTESIAN_POINT('',(-0.103154376083669,-0.00200000000000004,-0.014687504679844));
#13614=CARTESIAN_POINT('',(-0.10725213672417,-0.00200000000000005,-0.0118219019176208));
#13615=CARTESIAN_POINT('',(-0.110490928212475,-0.00200000000000005,-0.00766010080027933));
#13616=CARTESIAN_POINT('',(-0.111659141459301,-0.00200000000000005,-0.0043118983311565));
#13617=CARTESIAN_POINT('',(-0.111949432735981,-0.00200000000000005,-0.00230060384906266));
#13618=CARTESIAN_POINT('',(-0.105881729884437,-0.00233533933820711,0.0126737831379228));
#13619=CARTESIAN_POINT('',(-0.104273227727757,-0.00233533933820711,0.0139156762203462));
#13620=CARTESIAN_POINT('',(-0.101103796393878,-0.0023353393382071,0.0155062410305815));
#13621=CARTESIAN_POINT('',(-0.0958814754935322,-0.0023353393382071,0.0162395514128254));
#13622=CARTESIAN_POINT('',(-0.0909447783268094,-0.00233533933820709,0.0154443399350669));
#13623=CARTESIAN_POINT('',(-0.0862639749727703,-0.00233533933820708,0.0129694060667949));
#13624=CARTESIAN_POINT('',(-0.0826243951131781,-0.00233533933820708,0.00912400520790174));
#13625=CARTESIAN_POINT('',(-0.0804106179626572,-0.00233533933820707,0.00431428963770488));
#13626=CARTESIAN_POINT('',(-0.079856622656173,-0.00233533933820708,-0.000951364104853211));
#13627=CARTESIAN_POINT('',(-0.0810209526310256,-0.00233533933820707,-0.0061164772843135));
#13628=CARTESIAN_POINT('',(-0.0837805590628759,-0.00233533933820708,-0.0106351751928118));
#13629=CARTESIAN_POINT('',(-0.0878437907067433,-0.00233533933820709,-0.014029901801008));
#13630=CARTESIAN_POINT('',(-0.0927812441468697,-0.0023353393382071,-0.0159418972677779));
#13631=CARTESIAN_POINT('',(-0.098071050075695,-0.0023353393382071,-0.0161690592260551));
#13632=CARTESIAN_POINT('',(-0.103154378723187,-0.00233533933820712,-0.0146875101876851));
#13633=CARTESIAN_POINT('',(-0.107252140900356,-0.00233533933820712,-0.0118219063508557));
#13634=CARTESIAN_POINT('',(-0.110490933603214,-0.00233533933820712,-0.00766010367283125));
#13635=CARTESIAN_POINT('',(-0.111659147288121,-0.00233533933820713,-0.00431189994812643));
#13636=CARTESIAN_POINT('',(-0.111949438673661,-0.00233533933820713,-0.00230060471179351));
#13637=CARTESIAN_POINT('',(-0.105778763164762,-0.00250197900474297,0.0125401590053911));
#13638=CARTESIAN_POINT('',(-0.104187220009844,-0.00250197900474297,0.0137689583734233));
#13639=CARTESIAN_POINT('',(-0.101051205101078,-0.00250197900474297,0.0153427533007041));
#13640=CARTESIAN_POINT('',(-0.0958839449602655,-0.00250197900474295,0.0160683321334674));
#13641=CARTESIAN_POINT('',(-0.0909992971222613,-0.00250197900474295,0.0152815048480086));
#13642=CARTESIAN_POINT('',(-0.086367845119134,-0.00250197900474294,0.0128326650739994));
#13643=CARTESIAN_POINT('',(-0.0827666386264876,-0.00250197900474293,0.00902780762342089));
#13644=CARTESIAN_POINT('',(-0.0805762021054056,-0.00250197900474293,0.00426880256983303));
#13645=CARTESIAN_POINT('',(-0.080028047766717,-0.00250197900474293,-0.000941333539809983));
#13646=CARTESIAN_POINT('',(-0.0811801018036261,-0.00250197900474294,-0.00605198912039179));
#13647=CARTESIAN_POINT('',(-0.0839106127385636,-0.00250197900474294,-0.0105230448124493));
#13648=CARTESIAN_POINT('',(-0.0879310043077488,-0.00250197900474295,-0.0138819796273052));
#13649=CARTESIAN_POINT('',(-0.0928164004460678,-0.00250197900474295,-0.0157738162546763));
#13650=CARTESIAN_POINT('',(-0.0980504340969445,-0.00250197900474297,-0.015998583163699));
#13651=CARTESIAN_POINT('',(-0.103080167428477,-0.00250197900474297,-0.0145326546150622));
#13652=CARTESIAN_POINT('',(-0.107134725462138,-0.00250197900474298,-0.0116972638430269));
#13653=CARTESIAN_POINT('',(-0.110339370437454,-0.00250197900474299,-0.00757934050867968));
#13654=CARTESIAN_POINT('',(-0.111495267235318,-0.00250197900474299,-0.0042664380691526));
#13655=CARTESIAN_POINT('',(-0.111782497976612,-0.00250197900474299,-0.00227634862339899));
#13656=CARTESIAN_POINT('',(-0.105572875503902,-0.00250000000000004,0.0122729701489489));
#13657=CARTESIAN_POINT('',(-0.104015242812619,-0.00250000000000003,0.0134755879095989));
#13658=CARTESIAN_POINT('',(-0.100946045897303,-0.00250000000000003,0.0150158505267769));
#13659=CARTESIAN_POINT('',(-0.0958888827958195,-0.00250000000000002,0.0157259696979874));
#13660=CARTESIAN_POINT('',(-0.091108310474381,-0.00250000000000001,0.0149559070695578));
#13661=CARTESIAN_POINT('',(-0.0865755392317135,-0.0025,0.0125592438827703));
#13662=CARTESIAN_POINT('',(-0.0830510624123514,-0.0025,0.00883545522342446));
#13663=CARTESIAN_POINT('',(-0.0809072967730202,-0.0025,0.00417784865741229));
#13664=CARTESIAN_POINT('',(-0.0803708217730575,-0.0025,-0.000921276869262634));
#13665=CARTESIAN_POINT('',(-0.0814983293919002,-0.0025,-0.00592304146366372));
#13666=CARTESIAN_POINT('',(-0.0841706622687243,-0.00250000000000001,-0.0102988339043309));
#13667=CARTESIAN_POINT('',(-0.0881053927350284,-0.00250000000000001,-0.0135862010453587));
#13668=CARTESIAN_POINT('',(-0.0928866974141492,-0.00250000000000002,-0.0154377289564515));
#13669=CARTESIAN_POINT('',(-0.0980092113052044,-0.00250000000000003,-0.0156577068317918));
#13670=CARTESIAN_POINT('',(-0.102931777833029,-0.00250000000000004,-0.0142230123178299));
#13671=CARTESIAN_POINT('',(-0.106899946788019,-0.00250000000000004,-0.0114480342428052));
#13672=CARTESIAN_POINT('',(-0.11003631149016,-0.00250000000000005,-0.00741785008727556));
#13673=CARTESIAN_POINT('',(-0.111167579989966,-0.00250000000000005,-0.00417553452332906));
#13674=CARTESIAN_POINT('',(-0.111448690803513,-0.00250000000000005,-0.00222784723074556));
#13675=CARTESIAN_POINT('',(-0.104451276843865,-0.0025,0.0130678267937609));
#13676=CARTESIAN_POINT('',(-0.105135598201443,-0.00250000000974335,0.0130130971877613));
#13677=CARTESIAN_POINT('',(-0.105484514158288,-0.00234467351103301,0.0129701210142501));
#13678=CARTESIAN_POINT('',(-0.105484514158287,-0.00200000000000004,0.0129701210142511));
#13679=CARTESIAN_POINT('',(-0.0895119669596945,-0.001999999999999,0.00605855629879477));
#13680=CARTESIAN_POINT('',(-0.105579777859273,-0.001999999999999,0.0130113430702081));
#13681=CARTESIAN_POINT('',(-0.0895119669596951,-0.00233533334348001,0.00605855629879342));
#13682=CARTESIAN_POINT('',(-0.105579777859273,-0.00233533334348001,0.0130113430702068));
#13683=CARTESIAN_POINT('',(-0.0894449604703048,-0.0025019397661257,0.00621340753125099));
#13684=CARTESIAN_POINT('',(-0.105512771369883,-0.0025019397661257,0.0131661943026643));
#13685=CARTESIAN_POINT('',(-0.0893110122464561,-0.00249998232528277,0.00652296034825722));
#13686=CARTESIAN_POINT('',(-0.105378823146035,-0.00249998232528277,0.0134757471196706));
#13687=CARTESIAN_POINT('',(-0.0446430445061371,0.0015,0.000244325146987613));
#13688=CARTESIAN_POINT('',(-0.0446430445061371,0.002,0.000244325146987613));
#13689=CARTESIAN_POINT('',(-0.0448509775146681,0.002,0.000244325146987613));
#13690=CARTESIAN_POINT('',(-0.0444351114976061,0.002,0.000244325146987613));
#13691=CARTESIAN_POINT('',(-0.0448509775146681,0.0015,0.000244325146987613));
#13692=CARTESIAN_POINT('',(-0.0448509775146681,0.0015,0.000244325146987613));
#13693=CARTESIAN_POINT('',(-0.0446430445061371,0.0015,0.000244325146987613));
#13694=CARTESIAN_POINT('',(-0.0444351114976061,0.0015,0.000244325146987613));
#13695=CARTESIAN_POINT('',(-0.0444351114976061,0.0015,0.000244325146987613));
#13696=CARTESIAN_POINT('',(-0.0448509775146681,0.0015,-0.0005613609988026));
#13697=CARTESIAN_POINT('',(-0.0448509775146681,0.002,-0.0005613609988026));
#13698=CARTESIAN_POINT('',(-0.0448509775146681,0.002,-0.00136704714459281));
#13699=CARTESIAN_POINT('',(-0.0448509775146681,0.0015,-0.00136704714459281));
#13700=CARTESIAN_POINT('',(-0.0448509775146681,0.0015,-0.00136704714459281));
#13701=CARTESIAN_POINT('',(-0.0448509775146681,0.0015,-0.0005613609988026));
#13702=CARTESIAN_POINT('',(-0.0445931232201641,0.0015,-0.00136704714459281));
#13703=CARTESIAN_POINT('',(-0.0445931232201641,0.002,-0.00136704714459281));
#13704=CARTESIAN_POINT('',(-0.0443352689256601,0.002,-0.00136704714459281));
#13705=CARTESIAN_POINT('',(-0.0443352689256601,0.0015,-0.00136704714459281));
#13706=CARTESIAN_POINT('',(-0.0443352689256601,0.0015,-0.00136704714459281));
#13707=CARTESIAN_POINT('',(-0.0445931232201641,0.0015,-0.00136704714459281));
#13708=CARTESIAN_POINT('',(-0.0435321873687032,0.0015,-0.00117474166906207));
#13709=CARTESIAN_POINT('',(-0.0435321873687032,0.002,-0.00117474166906207));
#13710=CARTESIAN_POINT('',(-0.0437040902317059,0.0015,-0.0013029453194159));
#13711=CARTESIAN_POINT('',(-0.0437040902317059,0.002,-0.0013029453194159));
#13712=CARTESIAN_POINT('',(-0.0439717840840249,0.0015,-0.00136704714459281));
#13713=CARTESIAN_POINT('',(-0.0439717840840249,0.002,-0.00136704714459281));
#13714=CARTESIAN_POINT('',(-0.0443352689256601,0.0015,-0.00136704714459281));
#13715=CARTESIAN_POINT('',(-0.0443352689256601,0.002,-0.00136704714459281));
#13716=CARTESIAN_POINT('',(-0.0435321873687032,0.002,-0.00117474166906207));
#13717=CARTESIAN_POINT('',(-0.0437900416632073,0.002,-0.00136704714459281));
#13718=CARTESIAN_POINT('',(-0.0443352689256601,0.002,-0.00136704714459281));
#13719=CARTESIAN_POINT('',(-0.0435321873687032,0.002,-0.00117474166906207));
#13720=CARTESIAN_POINT('',(-0.0435321873687032,0.0015,-0.00117474166906207));
#13721=CARTESIAN_POINT('',(-0.0435321873687032,0.0015,-0.00117474166906207));
#13722=CARTESIAN_POINT('',(-0.0435321873687032,0.0015,-0.00117474166906207));
#13723=CARTESIAN_POINT('',(-0.0437900416632073,0.0015,-0.00136704714459281));
#13724=CARTESIAN_POINT('',(-0.0443352689256601,0.0015,-0.00136704714459281));
#13725=CARTESIAN_POINT('',(-0.0432743330741993,0.0015,-0.000589143279691917));
#13726=CARTESIAN_POINT('',(-0.0432743330741993,0.002,-0.000589143279691917));
#13727=CARTESIAN_POINT('',(-0.0432743330741993,0.0015,-0.000851338555584853));
#13728=CARTESIAN_POINT('',(-0.0432743330741993,0.002,-0.000851338555584853));
#13729=CARTESIAN_POINT('',(-0.0433602845057006,0.0015,-0.00104653801870824));
#13730=CARTESIAN_POINT('',(-0.0433602845057006,0.002,-0.00104653801870824));
#13731=CARTESIAN_POINT('',(-0.0435321873687032,0.0015,-0.00117474166906207));
#13732=CARTESIAN_POINT('',(-0.0435321873687032,0.002,-0.00117474166906207));
#13733=CARTESIAN_POINT('',(-0.0432743330741993,0.002,-0.000589143279691917));
#13734=CARTESIAN_POINT('',(-0.0432743330741993,0.002,-0.000982436193531321));
#13735=CARTESIAN_POINT('',(-0.0435321873687032,0.002,-0.00117474166906207));
#13736=CARTESIAN_POINT('',(-0.0432743330741993,0.002,-0.000589143279691917));
#13737=CARTESIAN_POINT('',(-0.0432743330741993,0.0015,-0.000589143279691917));
#13738=CARTESIAN_POINT('',(-0.0432743330741993,0.0015,-0.000589143279691917));
#13739=CARTESIAN_POINT('',(-0.0432743330741993,0.0015,-0.000589143279691917));
#13740=CARTESIAN_POINT('',(-0.0432743330741993,0.0015,-0.000982436193531321));
#13741=CARTESIAN_POINT('',(-0.0435321873687032,0.0015,-0.00117474166906207));
#13742=CARTESIAN_POINT('',(-0.0435482489998424,0.0015,4.63763956512252E-5));
#13743=CARTESIAN_POINT('',(-0.0435482489998424,0.002,4.63763956512252E-5));
#13744=CARTESIAN_POINT('',(-0.043365638382747,0.0015,-8.5589438573034E-5));
#13745=CARTESIAN_POINT('',(-0.043365638382747,0.002,-8.5589438573034E-5));
#13746=CARTESIAN_POINT('',(-0.0432743330741993,0.0015,-0.000297429330354081));
#13747=CARTESIAN_POINT('',(-0.0432743330741993,0.002,-0.000297429330354081));
#13748=CARTESIAN_POINT('',(-0.0432743330741993,0.0015,-0.000589143279691917));
#13749=CARTESIAN_POINT('',(-0.0432743330741993,0.002,-0.000589143279691917));
#13750=CARTESIAN_POINT('',(-0.0435482489998424,0.002,4.63763956512252E-5));
#13751=CARTESIAN_POINT('',(-0.0432743330741993,0.002,-0.000151572355685164));
#13752=CARTESIAN_POINT('',(-0.0432743330741993,0.002,-0.000589143279691917));
#13753=CARTESIAN_POINT('',(-0.0435482489998424,0.002,4.63763956512252E-5));
#13754=CARTESIAN_POINT('',(-0.0435482489998424,0.0015,4.63763956512252E-5));
#13755=CARTESIAN_POINT('',(-0.0435482489998424,0.0015,4.63763956512252E-5));
#13756=CARTESIAN_POINT('',(-0.0435482489998424,0.0015,4.63763956512252E-5));
#13757=CARTESIAN_POINT('',(-0.0432743330741993,0.0015,-0.000151572355685164));
#13758=CARTESIAN_POINT('',(-0.0432743330741993,0.0015,-0.000589143279691917));
#13759=CARTESIAN_POINT('',(-0.0427968251214141,0.0015,-0.000610848186636697));
#13760=CARTESIAN_POINT('',(-0.0427968251214141,0.002,-0.000610848186636697));
#13761=CARTESIAN_POINT('',(-0.0427968251214141,0.0015,-0.000209162708778645));
#13762=CARTESIAN_POINT('',(-0.0427968251214141,0.002,-0.000209162708778645));
#13763=CARTESIAN_POINT('',(-0.0429338554339255,0.0015,9.97704667353826E-5));
#13764=CARTESIAN_POINT('',(-0.0429338554339255,0.002,9.97704667353826E-5));
#13765=CARTESIAN_POINT('',(-0.0432079160589482,0.0015,0.000315951339905386));
#13766=CARTESIAN_POINT('',(-0.0432079160589482,0.002,0.000315951339905386));
#13767=CARTESIAN_POINT('',(-0.0427968251214141,0.0015,-0.000610848186636697));
#13768=CARTESIAN_POINT('',(-0.0427968251214141,0.0015,-0.000610848186636697));
#13769=CARTESIAN_POINT('',(-0.0427968251214141,0.0015,-0.000610848186636697));
#13770=CARTESIAN_POINT('',(-0.0427968251214141,0.0015,-8.31996984961914E-6));
#13771=CARTESIAN_POINT('',(-0.0432079160589482,0.0015,0.000315951339905386));
#13772=CARTESIAN_POINT('',(-0.0432079160589482,0.0015,0.000315951339905386));
#13773=CARTESIAN_POINT('',(-0.0432079160589482,0.0015,0.000315951339905386));
#13774=CARTESIAN_POINT('',(-0.0442831771489927,0.0015,-0.00176641743237676));
#13775=CARTESIAN_POINT('',(-0.0442831771489927,0.002,-0.00176641743237676));
#13776=CARTESIAN_POINT('',(-0.0432922757972736,0.0015,-0.00176641743237676));
#13777=CARTESIAN_POINT('',(-0.0432922757972736,0.002,-0.00176641743237676));
#13778=CARTESIAN_POINT('',(-0.0427968251214141,0.0015,-0.00138122768379674));
#13779=CARTESIAN_POINT('',(-0.0427968251214141,0.002,-0.00138122768379674));
#13780=CARTESIAN_POINT('',(-0.0427968251214141,0.0015,-0.000610848186636697));
#13781=CARTESIAN_POINT('',(-0.0427968251214141,0.002,-0.000610848186636697));
#13782=CARTESIAN_POINT('',(-0.0442831771489927,0.0015,-0.00176641743237676));
#13783=CARTESIAN_POINT('',(-0.0442831771489927,0.0015,-0.00176641743237676));
#13784=CARTESIAN_POINT('',(-0.0442831771489927,0.0015,-0.00176641743237676));
#13785=CARTESIAN_POINT('',(-0.0427968251214141,0.0015,-0.00176641743237676));
#13786=CARTESIAN_POINT('',(-0.0427968251214141,0.0015,-0.000610848186636697));
#13787=CARTESIAN_POINT('',(-0.0447975834435839,0.0015,-0.00176641743237676));
#13788=CARTESIAN_POINT('',(-0.0453119897381752,0.0015,-0.00176641743237676));
#13789=CARTESIAN_POINT('',(-0.0453119897381752,0.0015,-0.00176641743237676));
#13790=CARTESIAN_POINT('',(-0.0447975834435839,0.0015,-0.00176641743237676));
#13791=CARTESIAN_POINT('',(-0.0453119897381752,0.0015,0.000216976964237191));
#13792=CARTESIAN_POINT('',(-0.0453119897381752,0.0015,0.00220037136085114));
#13793=CARTESIAN_POINT('',(-0.0453119897381752,0.0015,0.00220037136085114));
#13794=CARTESIAN_POINT('',(-0.0453119897381752,0.0015,0.000216976964237191));
#13795=CARTESIAN_POINT('',(-0.0450814836264216,0.0015,0.00220037136085114));
#13796=CARTESIAN_POINT('',(-0.0448509775146681,0.0015,0.00220037136085114));
#13797=CARTESIAN_POINT('',(-0.0448509775146681,0.0015,0.00220037136085114));
#13798=CARTESIAN_POINT('',(-0.0450814836264216,0.0015,0.00220037136085114));
#13799=CARTESIAN_POINT('',(-0.0448509775146681,0.0015,0.00142029700525576));
#13800=CARTESIAN_POINT('',(-0.0448509775146681,0.0015,0.000640222649660391));
#13801=CARTESIAN_POINT('',(-0.0448509775146681,0.0015,0.000640222649660391));
#13802=CARTESIAN_POINT('',(-0.0448509775146681,0.0015,0.00142029700525576));
#13803=CARTESIAN_POINT('',(-0.0446174327159422,0.0015,0.000640222649660391));
#13804=CARTESIAN_POINT('',(-0.0443838879172164,0.0015,0.000640222649660391));
#13805=CARTESIAN_POINT('',(-0.0443838879172164,0.0015,0.000640222649660391));
#13806=CARTESIAN_POINT('',(-0.0446174327159422,0.0015,0.000640222649660391));
#13807=CARTESIAN_POINT('',(-0.0432079160589482,0.0015,0.000315951339905386));
#13808=CARTESIAN_POINT('',(-0.0432079160589482,0.002,0.000315951339905386));
#13809=CARTESIAN_POINT('',(-0.043481976683971,0.0015,0.000532132213075389));
#13810=CARTESIAN_POINT('',(-0.043481976683971,0.002,0.000532132213075389));
#13811=CARTESIAN_POINT('',(-0.0438739673033937,0.0015,0.000640222649660391));
#13812=CARTESIAN_POINT('',(-0.0438739673033937,0.002,0.000640222649660391));
#13813=CARTESIAN_POINT('',(-0.0443838879172164,0.0015,0.000640222649660391));
#13814=CARTESIAN_POINT('',(-0.0443838879172164,0.002,0.000640222649660391));
#13815=CARTESIAN_POINT('',(-0.0432079160589482,0.0015,0.000315951339905386));
#13816=CARTESIAN_POINT('',(-0.0436190069964824,0.0015,0.000640222649660391));
#13817=CARTESIAN_POINT('',(-0.0443838879172164,0.0015,0.000640222649660391));
#13818=CARTESIAN_POINT('',(-0.0444351114976061,0.0015,0.000244325146987613));
#13819=CARTESIAN_POINT('',(-0.0444351114976061,0.002,0.000244325146987613));
#13820=CARTESIAN_POINT('',(-0.0440264804495257,0.0015,0.000244325146987613));
#13821=CARTESIAN_POINT('',(-0.0440264804495257,0.002,0.000244325146987613));
#13822=CARTESIAN_POINT('',(-0.0437308596169378,0.0015,0.000178342229875484));
#13823=CARTESIAN_POINT('',(-0.0437308596169378,0.002,0.000178342229875484));
#13824=CARTESIAN_POINT('',(-0.0435482489998424,0.0015,4.63763956512252E-5));
#13825=CARTESIAN_POINT('',(-0.0435482489998424,0.002,4.63763956512252E-5));
#13826=CARTESIAN_POINT('',(-0.0444351114976061,0.002,0.000244325146987613));
#13827=CARTESIAN_POINT('',(-0.0438221649254856,0.002,0.000244325146987613));
#13828=CARTESIAN_POINT('',(-0.0435482489998424,0.002,4.63763956512252E-5));
#13829=CARTESIAN_POINT('',(-0.0444351114976061,0.0015,0.000244325146987613));
#13830=CARTESIAN_POINT('',(-0.0438221649254856,0.0015,0.000244325146987613));
#13831=CARTESIAN_POINT('',(-0.0435482489998424,0.0015,4.63763956512252E-5));
#13832=CARTESIAN_POINT('',(-0.0363673975862316,0.0015,0.000216108767959401));
#13833=CARTESIAN_POINT('',(-0.0289668925143396,0.0015,0.00220037136085114));
#13834=CARTESIAN_POINT('',(-0.0278612445545725,0.0015,0.00220037136085114));
#13835=CARTESIAN_POINT('',(-0.0278612445545725,0.0015,0.00220037136085114));
#13836=CARTESIAN_POINT('',(-0.0289668925143396,0.0015,0.00220037136085114));
#13837=CARTESIAN_POINT('',(-0.0300725404741067,0.0015,0.00220037136085114));
#13838=CARTESIAN_POINT('',(-0.0300725404741067,0.0015,0.00220037136085114));
#13839=CARTESIAN_POINT('',(-0.0278612445545725,0.0015,0.00199417474487573));
#13840=CARTESIAN_POINT('',(-0.0278612445545725,0.0015,0.00178797812890033));
#13841=CARTESIAN_POINT('',(-0.0278612445545725,0.0015,0.00178797812890033));
#13842=CARTESIAN_POINT('',(-0.0278612445545725,0.0015,0.00199417474487573));
#13843=CARTESIAN_POINT('',(-0.028736386402586,0.0015,0.00178797812890033));
#13844=CARTESIAN_POINT('',(-0.0296115282505995,0.0015,0.00178797812890033));
#13845=CARTESIAN_POINT('',(-0.0296115282505995,0.0015,0.00178797812890033));
#13846=CARTESIAN_POINT('',(-0.028736386402586,0.0015,0.00178797812890033));
#13847=CARTESIAN_POINT('',(-0.0296115282505995,0.0015,0.00105825915741684));
#13848=CARTESIAN_POINT('',(-0.0296115282505995,0.0015,0.000328540185933358));
#13849=CARTESIAN_POINT('',(-0.0296115282505995,0.0015,0.000328540185933358));
#13850=CARTESIAN_POINT('',(-0.0296115282505995,0.0015,0.00105825915741684));
#13851=CARTESIAN_POINT('',(-0.0287893463755313,0.0015,0.000328540185933358));
#13852=CARTESIAN_POINT('',(-0.027967164500463,0.0015,0.000328540185933358));
#13853=CARTESIAN_POINT('',(-0.027967164500463,0.0015,0.000328540185933358));
#13854=CARTESIAN_POINT('',(-0.0287893463755313,0.0015,0.000328540185933358));
#13855=CARTESIAN_POINT('',(-0.027967164500463,0.0015,0.000124948158791327));
#13856=CARTESIAN_POINT('',(-0.027967164500463,0.0015,-7.86438683507045E-5));
#13857=CARTESIAN_POINT('',(-0.027967164500463,0.0015,-7.86438683507045E-5));
#13858=CARTESIAN_POINT('',(-0.027967164500463,0.0015,0.000124948158791327));
#13859=CARTESIAN_POINT('',(-0.0287893463755313,0.0015,-7.86438683507045E-5));
#13860=CARTESIAN_POINT('',(-0.0296115282505995,0.0015,-7.86438683507045E-5));
#13861=CARTESIAN_POINT('',(-0.0296115282505995,0.0015,-7.86438683507045E-5));
#13862=CARTESIAN_POINT('',(-0.0287893463755313,0.0015,-7.86438683507045E-5));
#13863=CARTESIAN_POINT('',(-0.0296115282505995,0.0015,-0.000717636328805011));
#13864=CARTESIAN_POINT('',(-0.0296115282505995,0.0015,-0.00135662878925932));
#13865=CARTESIAN_POINT('',(-0.0296115282505995,0.0015,-0.00135662878925932));
#13866=CARTESIAN_POINT('',(-0.0296115282505995,0.0015,-0.000717636328805011));
#13867=CARTESIAN_POINT('',(-0.028736386402586,0.0015,-0.00135662878925932));
#13868=CARTESIAN_POINT('',(-0.0278612445545725,0.0015,-0.00135662878925932));
#13869=CARTESIAN_POINT('',(-0.0278612445545725,0.0015,-0.00135662878925932));
#13870=CARTESIAN_POINT('',(-0.028736386402586,0.0015,-0.00135662878925932));
#13871=CARTESIAN_POINT('',(-0.0278612445545725,0.0015,-0.00156152311081804));
#13872=CARTESIAN_POINT('',(-0.0278612445545725,0.0015,-0.00176641743237676));
#13873=CARTESIAN_POINT('',(-0.0278612445545725,0.0015,-0.00176641743237676));
#13874=CARTESIAN_POINT('',(-0.0278612445545725,0.0015,-0.00156152311081804));
#13875=CARTESIAN_POINT('',(-0.0289668925143396,0.0015,-0.00176641743237676));
#13876=CARTESIAN_POINT('',(-0.0300725404741067,0.0015,-0.00176641743237676));
#13877=CARTESIAN_POINT('',(-0.0300725404741067,0.0015,-0.00176641743237676));
#13878=CARTESIAN_POINT('',(-0.0289668925143396,0.0015,-0.00176641743237676));
#13879=CARTESIAN_POINT('',(-0.0300725404741067,0.0015,0.000216976964237191));
#13880=CARTESIAN_POINT('',(-0.0300725404741067,0.0015,0.000216976964237191));
#13881=CARTESIAN_POINT('',(-0.0363673975862316,0.0015,0.000216108767959401));
#13882=CARTESIAN_POINT('',(-0.0314260584711831,0.0015,0.00220037136085114));
#13883=CARTESIAN_POINT('',(-0.0311629949990124,0.0015,0.00220037136085114));
#13884=CARTESIAN_POINT('',(-0.0311629949990124,0.0015,0.00220037136085114));
#13885=CARTESIAN_POINT('',(-0.0314260584711831,0.0015,0.00220037136085114));
#13886=CARTESIAN_POINT('',(-0.0316891219433538,0.0015,0.00220037136085114));
#13887=CARTESIAN_POINT('',(-0.0316891219433538,0.0015,0.00220037136085114));
#13888=CARTESIAN_POINT('',(-0.0311629949990124,0.0015,0.000216976964237191));
#13889=CARTESIAN_POINT('',(-0.0311629949990124,0.0015,-0.00176641743237676));
#13890=CARTESIAN_POINT('',(-0.0311629949990124,0.0015,-0.00176641743237676));
#13891=CARTESIAN_POINT('',(-0.0311629949990124,0.0015,0.000216976964237191));
#13892=CARTESIAN_POINT('',(-0.0313787417740434,0.0015,-0.00176641743237676));
#13893=CARTESIAN_POINT('',(-0.0315944885490746,0.0015,-0.00176641743237676));
#13894=CARTESIAN_POINT('',(-0.0315944885490746,0.0015,-0.00176641743237676));
#13895=CARTESIAN_POINT('',(-0.0313787417740434,0.0015,-0.00176641743237676));
#13896=CARTESIAN_POINT('',(-0.0315944885490746,0.0015,-0.00062821211219252));
#13897=CARTESIAN_POINT('',(-0.0315944885490746,0.0015,0.000509993207991714));
#13898=CARTESIAN_POINT('',(-0.0315948527548875,0.0015,0.000509991246203463));
#13899=CARTESIAN_POINT('',(-0.0315944885490746,0.0015,-0.00062821211219252));
#13900=CARTESIAN_POINT('',(-0.0227103656540501,0.0015,0.000557847380823839));
#13901=CARTESIAN_POINT('',(-0.0315805974086299,0.0015,0.00107866176994494));
#13902=CARTESIAN_POINT('',(-0.0315803337930255,0.0015,0.00107864549236497));
#13903=CARTESIAN_POINT('',(-0.0227103656540501,0.0015,0.000557847380823839));
#13904=CARTESIAN_POINT('',(0.0107568494408625,0.0015,-0.000843354293972375));
#13905=CARTESIAN_POINT('',(-0.0315564957839401,0.0015,0.00154922415250775));
#13906=CARTESIAN_POINT('',(-0.0315564957839401,0.0015,0.00154922415250775));
#13907=CARTESIAN_POINT('',(0.0107568494408625,0.0015,-0.000843354293972375));
#13908=CARTESIAN_POINT('',(-0.0315671403663241,0.0015,0.00154922415250775));
#13909=CARTESIAN_POINT('',(-0.0315779928197966,0.0015,0.00154922415250775));
#13910=CARTESIAN_POINT('',(-0.0315779928197966,0.0015,0.00154922415250775));
#13911=CARTESIAN_POINT('',(-0.0315671403663241,0.0015,0.00154922415250775));
#13912=CARTESIAN_POINT('',(-0.0326593312837855,0.0015,-0.0001085966399345));
#13913=CARTESIAN_POINT('',(-0.0337406697477744,0.0015,-0.00176641743237676));
#13914=CARTESIAN_POINT('',(-0.0337406697477744,0.0015,-0.00176641743237676));
#13915=CARTESIAN_POINT('',(-0.0326593312837855,0.0015,-0.0001085966399345));
#13916=CARTESIAN_POINT('',(-0.0340011286311118,0.0015,-0.00176641743237676));
#13917=CARTESIAN_POINT('',(-0.0342615875144491,0.0015,-0.00176641743237676));
#13918=CARTESIAN_POINT('',(-0.0342615875144491,0.0015,-0.00176641743237676));
#13919=CARTESIAN_POINT('',(-0.0340011286311118,0.0015,-0.00176641743237676));
#13920=CARTESIAN_POINT('',(-0.0342615875144491,0.0015,0.000216976964237191));
#13921=CARTESIAN_POINT('',(-0.0342615875144491,0.0015,0.00220037136085114));
#13922=CARTESIAN_POINT('',(-0.0342615875144491,0.0015,0.00220037136085114));
#13923=CARTESIAN_POINT('',(-0.0342615875144491,0.0015,0.000216976964237191));
#13924=CARTESIAN_POINT('',(-0.0340484453282514,0.0015,0.00220037136085114));
#13925=CARTESIAN_POINT('',(-0.0338353031420536,0.0015,0.00220037136085114));
#13926=CARTESIAN_POINT('',(-0.0338353031420536,0.0015,0.00220037136085114));
#13927=CARTESIAN_POINT('',(-0.0340484453282514,0.0015,0.00220037136085114));
#13928=CARTESIAN_POINT('',(-0.0338353031420536,0.0015,0.00107301849413929));
#13929=CARTESIAN_POINT('',(-0.0338353031420536,0.0015,-5.43343725725514E-5));
#13930=CARTESIAN_POINT('',(-0.0338351427527179,0.0015,-5.43350730991521E-5));
#13931=CARTESIAN_POINT('',(-0.0338353031420536,0.0015,0.00107301849413929));
#13932=CARTESIAN_POINT('',(-0.0485188961918816,0.0015,9.79861662417495E-6));
#13933=CARTESIAN_POINT('',(-0.0338790128032707,0.0015,-0.00112829316820024));
#13934=CARTESIAN_POINT('',(-0.0338787129559432,0.0015,-0.00112829316820024));
#13935=CARTESIAN_POINT('',(-0.0485188961918816,0.0015,9.79861662417495E-6));
#13936=CARTESIAN_POINT('',(-0.0338678605024708,0.0015,-0.00112829316820024));
#13937=CARTESIAN_POINT('',(-0.0338570080489984,0.0015,-0.00112829316820024));
#13938=CARTESIAN_POINT('',(-0.0338570080489984,0.0015,-0.00112829316820024));
#13939=CARTESIAN_POINT('',(-0.0338678605024708,0.0015,-0.00112829316820024));
#13940=CARTESIAN_POINT('',(-0.0327730649961761,0.0015,0.000536039096325449));
#13941=CARTESIAN_POINT('',(-0.0327730649961761,0.0015,0.000536039096325449));
#13942=CARTESIAN_POINT('',(-0.0363673975862316,0.0015,0.000216108767959401));
#13943=CARTESIAN_POINT('',(-0.0356151055115255,0.0015,0.00220037136085114));
#13944=CARTESIAN_POINT('',(-0.0353520420393548,0.0015,0.00220037136085114));
#13945=CARTESIAN_POINT('',(-0.0353520420393548,0.0015,0.00220037136085114));
#13946=CARTESIAN_POINT('',(-0.0356151055115255,0.0015,0.00220037136085114));
#13947=CARTESIAN_POINT('',(-0.0358781689836963,0.0015,0.00220037136085114));
#13948=CARTESIAN_POINT('',(-0.0358781689836963,0.0015,0.00220037136085114));
#13949=CARTESIAN_POINT('',(-0.0353520420393548,0.0015,0.000216976964237191));
#13950=CARTESIAN_POINT('',(-0.0353520420393548,0.0015,-0.00176641743237676));
#13951=CARTESIAN_POINT('',(-0.0353520420393548,0.0015,-0.00176641743237676));
#13952=CARTESIAN_POINT('',(-0.0353520420393548,0.0015,0.000216976964237191));
#13953=CARTESIAN_POINT('',(-0.0355677888143859,0.0015,-0.00176641743237676));
#13954=CARTESIAN_POINT('',(-0.035783535589417,0.0015,-0.00176641743237676));
#13955=CARTESIAN_POINT('',(-0.035783535589417,0.0015,-0.00176641743237676));
#13956=CARTESIAN_POINT('',(-0.0355677888143859,0.0015,-0.00176641743237676));
#13957=CARTESIAN_POINT('',(-0.035783535589417,0.0015,-0.00062821211219252));
#13958=CARTESIAN_POINT('',(-0.035783535589417,0.0015,0.000509993207991714));
#13959=CARTESIAN_POINT('',(-0.0357838997952299,0.0015,0.000509991246203462));
#13960=CARTESIAN_POINT('',(-0.035783535589417,0.0015,-0.00062821211219252));
#13961=CARTESIAN_POINT('',(-0.0268994126944285,0.0015,0.000557847380825283));
#13962=CARTESIAN_POINT('',(-0.0357696444489723,0.0015,0.00107866176994494));
#13963=CARTESIAN_POINT('',(-0.035769380833368,0.0015,0.00107864549236497));
#13964=CARTESIAN_POINT('',(-0.0268994126944285,0.0015,0.000557847380825283));
#13965=CARTESIAN_POINT('',(0.00656780240100273,0.0015,-0.000843354293996406));
#13966=CARTESIAN_POINT('',(-0.0357455428242826,0.0015,0.00154922415250775));
#13967=CARTESIAN_POINT('',(-0.0357455428242826,0.0015,0.00154922415250775));
#13968=CARTESIAN_POINT('',(0.00656780240100273,0.0015,-0.000843354293996406));
#13969=CARTESIAN_POINT('',(-0.0357561874066666,0.0015,0.00154922415250775));
#13970=CARTESIAN_POINT('',(-0.035767039860139,0.0015,0.00154922415250775));
#13971=CARTESIAN_POINT('',(-0.035767039860139,0.0015,0.00154922415250775));
#13972=CARTESIAN_POINT('',(-0.0357561874066666,0.0015,0.00154922415250775));
#13973=CARTESIAN_POINT('',(-0.0368483783241279,0.0015,-0.0001085966399345));
#13974=CARTESIAN_POINT('',(-0.0379297167881168,0.0015,-0.00176641743237676));
#13975=CARTESIAN_POINT('',(-0.0379297167881168,0.0015,-0.00176641743237676));
#13976=CARTESIAN_POINT('',(-0.0368483783241279,0.0015,-0.0001085966399345));
#13977=CARTESIAN_POINT('',(-0.0381901756714541,0.0015,-0.00176641743237676));
#13978=CARTESIAN_POINT('',(-0.0384506345547915,0.0015,-0.00176641743237676));
#13979=CARTESIAN_POINT('',(-0.0384506345547915,0.0015,-0.00176641743237676));
#13980=CARTESIAN_POINT('',(-0.0381901756714541,0.0015,-0.00176641743237676));
#13981=CARTESIAN_POINT('',(-0.0384506345547915,0.0015,0.000216976964237191));
#13982=CARTESIAN_POINT('',(-0.0384506345547915,0.0015,0.00220037136085114));
#13983=CARTESIAN_POINT('',(-0.0384506345547915,0.0015,0.00220037136085114));
#13984=CARTESIAN_POINT('',(-0.0384506345547915,0.0015,0.000216976964237191));
#13985=CARTESIAN_POINT('',(-0.0382374923685938,0.0015,0.00220037136085114));
#13986=CARTESIAN_POINT('',(-0.038024350182396,0.0015,0.00220037136085114));
#13987=CARTESIAN_POINT('',(-0.038024350182396,0.0015,0.00220037136085114));
#13988=CARTESIAN_POINT('',(-0.0382374923685938,0.0015,0.00220037136085114));
#13989=CARTESIAN_POINT('',(-0.038024350182396,0.0015,0.00107301849413929));
#13990=CARTESIAN_POINT('',(-0.038024350182396,0.0015,-5.43343725725514E-5));
#13991=CARTESIAN_POINT('',(-0.0380241897930603,0.0015,-5.43350730991532E-5));
#13992=CARTESIAN_POINT('',(-0.038024350182396,0.0015,0.00107301849413929));
#13993=CARTESIAN_POINT('',(-0.0527079432322322,0.0015,9.79861662424625E-6));
#13994=CARTESIAN_POINT('',(-0.0380680598436131,0.0015,-0.00112829316820024));
#13995=CARTESIAN_POINT('',(-0.0380677599962856,0.0015,-0.00112829316820024));
#13996=CARTESIAN_POINT('',(-0.0527079432322322,0.0015,9.79861662424625E-6));
#13997=CARTESIAN_POINT('',(-0.0380569075428132,0.0015,-0.00112829316820024));
#13998=CARTESIAN_POINT('',(-0.0380460550893408,0.0015,-0.00112829316820024));
#13999=CARTESIAN_POINT('',(-0.0380460550893408,0.0015,-0.00112829316820024));
#14000=CARTESIAN_POINT('',(-0.0380569075428132,0.0015,-0.00112829316820024));
#14001=CARTESIAN_POINT('',(-0.0369621120365186,0.0015,0.000536039096325449));
#14002=CARTESIAN_POINT('',(-0.0369621120365186,0.0015,0.000536039096325449));
#14003=CARTESIAN_POINT('',(-0.0363673975862316,0.0015,0.000216108767959401));
#14004=CARTESIAN_POINT('',(-0.0403415660478207,0.0015,-9.0798616239781E-5));
#14005=CARTESIAN_POINT('',(-0.0403415660478207,0.002,-9.0798616239781E-5));
#14006=CARTESIAN_POINT('',(-0.0401106258379283,0.002,0.000523884348436373));
#14007=CARTESIAN_POINT('',(-0.040572700666366,0.002,-0.000705409516007272));
#14008=CARTESIAN_POINT('',(-0.0401106258379283,0.0015,0.000523884348436373));
#14009=CARTESIAN_POINT('',(-0.0401106258379283,0.0015,0.000523884348436373));
#14010=CARTESIAN_POINT('',(-0.0403415660478207,0.0015,-9.0798616239781E-5));
#14011=CARTESIAN_POINT('',(-0.040572700666366,0.00150000025,-0.000705409516007266));
#14012=CARTESIAN_POINT('',(-0.0405725062577131,0.0015,-0.000705481580915935));
#14013=CARTESIAN_POINT('',(-0.0407522228872159,0.0015,0.000523884348436373));
#14014=CARTESIAN_POINT('',(-0.0407522228872159,0.002,0.000523884348436373));
#14015=CARTESIAN_POINT('',(-0.0413938199365036,0.002,0.000523884348436373));
#14016=CARTESIAN_POINT('',(-0.0413938199365036,0.0015,0.000523884348436373));
#14017=CARTESIAN_POINT('',(-0.0413938199365036,0.0015,0.000523884348436373));
#14018=CARTESIAN_POINT('',(-0.0407522228872159,0.0015,0.000523884348436373));
#14019=CARTESIAN_POINT('',(-0.0411607092359167,0.0015,-9.0798616239781E-5));
#14020=CARTESIAN_POINT('',(-0.0411607092359167,0.002,-9.0798616239781E-5));
#14021=CARTESIAN_POINT('',(-0.0409277389431907,0.002,-0.000705532675613048));
#14022=CARTESIAN_POINT('',(-0.0409275985353298,0.0015,-0.000705481580915935));
#14023=CARTESIAN_POINT('',(-0.0409277389431907,0.0015,-0.000705532675613048));
#14024=CARTESIAN_POINT('',(-0.0411607092359167,0.0015,-9.0798616239781E-5));
#14025=CARTESIAN_POINT('',(-0.0458115612045394,0.0015,-0.00248276521479027));
#14026=CARTESIAN_POINT('',(-0.0458115612045394,0.002,-0.00248276521479027));
#14027=CARTESIAN_POINT('',(-0.0407562110514133,0.002,-0.00127771037416265));
#14028=CARTESIAN_POINT('',(-0.0407562110507241,0.0015,-0.0012777103741733));
#14029=CARTESIAN_POINT('',(-0.0407562110514133,0.0015,-0.00127771037416265));
#14030=CARTESIAN_POINT('',(-0.0458115612045394,0.0015,-0.00248276521479027));
#14031=CARTESIAN_POINT('',(-0.0397203716110611,0.0015,0.00156962676503584));
#14032=CARTESIAN_POINT('',(-0.0394733697700295,0.0015,0.00220037136085114));
#14033=CARTESIAN_POINT('',(-0.0394733697700295,0.0015,0.00220037136085114));
#14034=CARTESIAN_POINT('',(-0.0397203716110611,0.0015,0.00156962676503584));
#14035=CARTESIAN_POINT('',(-0.0399673734520927,0.0015,0.000938882169220556));
#14036=CARTESIAN_POINT('',(-0.0399673734520927,0.0015,0.000938882169220556));
#14037=CARTESIAN_POINT('',(-0.039234615793637,0.0015,0.00220037136085114));
#14038=CARTESIAN_POINT('',(-0.0389958618172444,0.0015,0.00220037136085114));
#14039=CARTESIAN_POINT('',(-0.0389958618172444,0.0015,0.00220037136085114));
#14040=CARTESIAN_POINT('',(-0.039234615793637,0.0015,0.00220037136085114));
#14041=CARTESIAN_POINT('',(-0.0397759361728397,0.0015,0.000208729099598176));
#14042=CARTESIAN_POINT('',(-0.0405560105284351,0.0015,-0.00178291316165478));
#14043=CARTESIAN_POINT('',(-0.0405560105284351,0.0015,-0.00178291316165478));
#14044=CARTESIAN_POINT('',(-0.0397759361728397,0.0015,0.000208729099598176));
#14045=CARTESIAN_POINT('',(-0.0407500523965214,0.0015,-0.00178291316165478));
#14046=CARTESIAN_POINT('',(-0.0409440942646078,0.0015,-0.00178291316165478));
#14047=CARTESIAN_POINT('',(-0.0409440942646078,0.0015,-0.00178291316165478));
#14048=CARTESIAN_POINT('',(-0.0407500523965214,0.0015,-0.00178291316165478));
#14049=CARTESIAN_POINT('',(-0.0417280755034532,0.0015,0.000208729099598176));
#14050=CARTESIAN_POINT('',(-0.0425120567422987,0.0015,0.00220037136085114));
#14051=CARTESIAN_POINT('',(-0.0425120567422987,0.0015,0.00220037136085114));
#14052=CARTESIAN_POINT('',(-0.0417280755034532,0.0015,0.000208729099598176));
#14053=CARTESIAN_POINT('',(-0.0422785119435728,0.0015,0.00220037136085114));
#14054=CARTESIAN_POINT('',(-0.042044967144847,0.0015,0.00220037136085114));
#14055=CARTESIAN_POINT('',(-0.042044967144847,0.0015,0.00220037136085114));
#14056=CARTESIAN_POINT('',(-0.0422785119435728,0.0015,0.00220037136085114));
#14057=CARTESIAN_POINT('',(-0.0418010039907876,0.0015,0.00156962676503584));
#14058=CARTESIAN_POINT('',(-0.0415570408367283,0.0015,0.000938882169220557));
#14059=CARTESIAN_POINT('',(-0.0415570408367283,0.0015,0.000938882169220557));
#14060=CARTESIAN_POINT('',(-0.0418010039907876,0.0015,0.00156962676503584));
#14061=CARTESIAN_POINT('',(-0.0407622071444105,0.0015,0.000938882169220556));
#14062=CARTESIAN_POINT('',(-0.0407622071444105,0.0015,0.000938882169220556));
#14063=CARTESIAN_POINT('',(-0.0343138891795315,0.0015,-0.00302547434623457));
#14064=CARTESIAN_POINT('',(-0.0343138891795315,0.002,-0.00302547434623457));
#14065=CARTESIAN_POINT('',(-0.0343138891795315,0.0015,-0.00302547434623457));
#14066=CARTESIAN_POINT('',(-0.0363673975862316,0.0015,0.000216108767959401));
#14067=CARTESIAN_POINT('',(-0.0262051601546858,0.0015,0.000154900930375123));
#14068=CARTESIAN_POINT('',(-0.0262051601546858,0.002,0.000154900930375123));
#14069=CARTESIAN_POINT('',(-0.0265216176979407,0.002,0.000154900930375123));
#14070=CARTESIAN_POINT('',(-0.025888702611431,0.002,0.000154900930375123));
#14071=CARTESIAN_POINT('',(-0.0265216176979407,0.0015,0.000154900930375123));
#14072=CARTESIAN_POINT('',(-0.0265216176979407,0.0015,0.000154900930375123));
#14073=CARTESIAN_POINT('',(-0.0262051601546858,0.0015,0.000154900930375123));
#14074=CARTESIAN_POINT('',(-0.025888702611431,0.0015,0.000154900930375123));
#14075=CARTESIAN_POINT('',(-0.025888702611431,0.0015,0.000154900930375123));
#14076=CARTESIAN_POINT('',(-0.0265216176979407,0.0015,-0.000603468518275472));
#14077=CARTESIAN_POINT('',(-0.0265216176979407,0.002,-0.000603468518275472));
#14078=CARTESIAN_POINT('',(-0.0265216176979407,0.002,-0.00136183796692607));
#14079=CARTESIAN_POINT('',(-0.0265216176979407,0.0015,-0.00136183796692607));
#14080=CARTESIAN_POINT('',(-0.0265216176979407,0.0015,-0.00136183796692607));
#14081=CARTESIAN_POINT('',(-0.0265216176979407,0.0015,-0.000603468518275472));
#14082=CARTESIAN_POINT('',(-0.0262216558839638,0.0015,-0.00136183796692607));
#14083=CARTESIAN_POINT('',(-0.0262216558839638,0.002,-0.00136183796692607));
#14084=CARTESIAN_POINT('',(-0.025921694069987,0.002,-0.00136183796692607));
#14085=CARTESIAN_POINT('',(-0.025921694069987,0.0015,-0.00136183796692607));
#14086=CARTESIAN_POINT('',(-0.025921694069987,0.0015,-0.00136183796692607));
#14087=CARTESIAN_POINT('',(-0.0262216558839638,0.0015,-0.00136183796692607));
#14088=CARTESIAN_POINT('',(-0.0251767816636422,0.0015,-0.00118819871136783));
#14089=CARTESIAN_POINT('',(-0.0251767816636422,0.002,-0.00118819871136783));
#14090=CARTESIAN_POINT('',(-0.025331320601089,0.0015,-0.00130395821507332));
#14091=CARTESIAN_POINT('',(-0.025331320601089,0.002,-0.00130395821507332));
#14092=CARTESIAN_POINT('',(-0.0255796247365373,0.0015,-0.00136183796692607));
#14093=CARTESIAN_POINT('',(-0.0255796247365373,0.002,-0.00136183796692607));
#14094=CARTESIAN_POINT('',(-0.025921694069987,0.0015,-0.00136183796692607));
#14095=CARTESIAN_POINT('',(-0.025921694069987,0.002,-0.00136183796692607));
#14096=CARTESIAN_POINT('',(-0.0251767816636422,0.002,-0.00118819871136783));
#14097=CARTESIAN_POINT('',(-0.0254085900698125,0.002,-0.00136183796692607));
#14098=CARTESIAN_POINT('',(-0.025921694069987,0.002,-0.00136183796692607));
#14099=CARTESIAN_POINT('',(-0.0251767816636422,0.002,-0.00118819871136783));
#14100=CARTESIAN_POINT('',(-0.0251767816636422,0.0015,-0.00118819871136783));
#14101=CARTESIAN_POINT('',(-0.0251767816636422,0.0015,-0.00118819871136783));
#14102=CARTESIAN_POINT('',(-0.0251767816636422,0.0015,-0.00118819871136783));
#14103=CARTESIAN_POINT('',(-0.0254085900698125,0.0015,-0.00136183796692607));
#14104=CARTESIAN_POINT('',(-0.025921694069987,0.0015,-0.00136183796692607));
#14105=CARTESIAN_POINT('',(-0.024944973257472,0.0015,-0.000621266541970191));
#14106=CARTESIAN_POINT('',(-0.024944973257472,0.002,-0.000621266541970191));
#14107=CARTESIAN_POINT('',(-0.024944973257472,0.0015,-0.000883461817863126));
#14108=CARTESIAN_POINT('',(-0.024944973257472,0.002,-0.000883461817863126));
#14109=CARTESIAN_POINT('',(-0.0250222427261954,0.0015,-0.00107243920766234));
#14110=CARTESIAN_POINT('',(-0.0250222427261954,0.002,-0.00107243920766234));
#14111=CARTESIAN_POINT('',(-0.0251767816636422,0.0015,-0.00118819871136783));
#14112=CARTESIAN_POINT('',(-0.0251767816636422,0.002,-0.00118819871136783));
#14113=CARTESIAN_POINT('',(-0.024944973257472,0.002,-0.000621266541970191));
#14114=CARTESIAN_POINT('',(-0.024944973257472,0.002,-0.00101455945580959));
#14115=CARTESIAN_POINT('',(-0.0251767816636422,0.002,-0.00118819871136783));
#14116=CARTESIAN_POINT('',(-0.024944973257472,0.002,-0.000621266541970191));
#14117=CARTESIAN_POINT('',(-0.024944973257472,0.0015,-0.000621266541970191));
#14118=CARTESIAN_POINT('',(-0.024944973257472,0.0015,-0.000621266541970191));
#14119=CARTESIAN_POINT('',(-0.024944973257472,0.0015,-0.000621266541970191));
#14120=CARTESIAN_POINT('',(-0.024944973257472,0.0015,-0.00101455945580959));
#14121=CARTESIAN_POINT('',(-0.0251767816636422,0.0015,-0.00118819871136783));
#14122=CARTESIAN_POINT('',(-0.0251728747803922,0.0015,-3.9140937711206E-5));
#14123=CARTESIAN_POINT('',(-0.0251728747803922,0.002,-3.9140937711206E-5));
#14124=CARTESIAN_POINT('',(-0.0250209404317787,0.0015,-0.000168502183102092));
#14125=CARTESIAN_POINT('',(-0.0250209404317787,0.002,-0.000168502183102092));
#14126=CARTESIAN_POINT('',(-0.024944973257472,0.0015,-0.00036254405118842));
#14127=CARTESIAN_POINT('',(-0.024944973257472,0.002,-0.00036254405118842));
#14128=CARTESIAN_POINT('',(-0.024944973257472,0.0015,-0.000621266541970191));
#14129=CARTESIAN_POINT('',(-0.024944973257472,0.002,-0.000621266541970191));
#14130=CARTESIAN_POINT('',(-0.0251728747803922,0.002,-3.9140937711206E-5));
#14131=CARTESIAN_POINT('',(-0.024944973257472,0.002,-0.000233182805797535));
#14132=CARTESIAN_POINT('',(-0.024944973257472,0.002,-0.000621266541970191));
#14133=CARTESIAN_POINT('',(-0.0251728747803922,0.002,-3.9140937711206E-5));
#14134=CARTESIAN_POINT('',(-0.0251728747803922,0.0015,-3.9140937711206E-5));
#14135=CARTESIAN_POINT('',(-0.0251728747803922,0.0015,-3.9140937711206E-5));
#14136=CARTESIAN_POINT('',(-0.0251728747803922,0.0015,-3.9140937711206E-5));
#14137=CARTESIAN_POINT('',(-0.024944973257472,0.0015,-0.000233182805797535));
#14138=CARTESIAN_POINT('',(-0.024944973257472,0.0015,-0.000621266541970191));
#14139=CARTESIAN_POINT('',(-0.0265216176979407,0.0015,0.00137558489694952));
#14140=CARTESIAN_POINT('',(-0.0265216176979407,0.0015,0.0005507984330479));
#14141=CARTESIAN_POINT('',(-0.0265216176979407,0.0015,0.0005507984330479));
#14142=CARTESIAN_POINT('',(-0.0265216176979407,0.0015,0.00137558489694952));
#14143=CARTESIAN_POINT('',(-0.0265216176979407,0.0015,0.00220037136085114));
#14144=CARTESIAN_POINT('',(-0.0265216176979407,0.0015,0.00220037136085114));
#14145=CARTESIAN_POINT('',(-0.0261074880734344,0.0015,0.0005507984330479));
#14146=CARTESIAN_POINT('',(-0.0256933584489279,0.0015,0.0005507984330479));
#14147=CARTESIAN_POINT('',(-0.0256933584489279,0.0015,0.0005507984330479));
#14148=CARTESIAN_POINT('',(-0.0261074880734344,0.0015,0.0005507984330479));
#14149=CARTESIAN_POINT('',(-0.0252132459073094,0.0015,0.00137558489694952));
#14150=CARTESIAN_POINT('',(-0.0247331333656909,0.0015,0.00220037136085114));
#14151=CARTESIAN_POINT('',(-0.0247331333656909,0.0015,0.00220037136085114));
#14152=CARTESIAN_POINT('',(-0.0252132459073094,0.0015,0.00137558489694952));
#14153=CARTESIAN_POINT('',(-0.0244605197344644,0.0015,0.00220037136085114));
#14154=CARTESIAN_POINT('',(-0.024187906103238,0.0015,0.00220037136085114));
#14155=CARTESIAN_POINT('',(-0.024187906103238,0.0015,0.00220037136085114));
#14156=CARTESIAN_POINT('',(-0.0244605197344644,0.0015,0.00220037136085114));
#14157=CARTESIAN_POINT('',(-0.0247266218936075,0.0015,0.0013091678816985));
#14158=CARTESIAN_POINT('',(-0.0252653376839769,0.0015,0.000417964402545852));
#14159=CARTESIAN_POINT('',(-0.0252653376839769,0.0015,0.000417964402545852));
#14160=CARTESIAN_POINT('',(-0.0247266218936075,0.0015,0.0013091678816985));
#14161=CARTESIAN_POINT('',(-0.0244674653046868,0.0015,-0.000645576037748344));
#14162=CARTESIAN_POINT('',(-0.0244674653046868,0.002,-0.000645576037748344));
#14163=CARTESIAN_POINT('',(-0.0244674653046868,0.0015,-0.000121185485962472));
#14164=CARTESIAN_POINT('',(-0.0244674653046868,0.002,-0.000121185485962472));
#14165=CARTESIAN_POINT('',(-0.0247334227644502,0.0015,0.000233327994135592));
#14166=CARTESIAN_POINT('',(-0.0247334227644502,0.002,0.000233327994135592));
#14167=CARTESIAN_POINT('',(-0.0252653376839769,0.0015,0.00041796440254585));
#14168=CARTESIAN_POINT('',(-0.0252653376839769,0.002,0.00041796440254585));
#14169=CARTESIAN_POINT('',(-0.0244674653046868,0.0015,-0.000645576037748344));
#14170=CARTESIAN_POINT('',(-0.0244674653046868,0.0015,-0.000645576037748344));
#14171=CARTESIAN_POINT('',(-0.0244674653046868,0.0015,-0.000645576037748344));
#14172=CARTESIAN_POINT('',(-0.0244674653046868,0.0015,0.000141009789930464));
#14173=CARTESIAN_POINT('',(-0.0252653376839769,0.0015,0.00041796440254585));
#14174=CARTESIAN_POINT('',(-0.0248160461102199,0.0015,-0.00148685823092799));
#14175=CARTESIAN_POINT('',(-0.0248160461102199,0.002,-0.00148685823092799));
#14176=CARTESIAN_POINT('',(-0.0245836589065312,0.0015,-0.00130048542996216));
#14177=CARTESIAN_POINT('',(-0.0245836589065312,0.002,-0.00130048542996216));
#14178=CARTESIAN_POINT('',(-0.0244674653046868,0.0015,-0.00102005803223561));
#14179=CARTESIAN_POINT('',(-0.0244674653046868,0.002,-0.00102005803223561));
#14180=CARTESIAN_POINT('',(-0.0244674653046868,0.0015,-0.000645576037748344));
#14181=CARTESIAN_POINT('',(-0.0244674653046868,0.002,-0.000645576037748344));
#14182=CARTESIAN_POINT('',(-0.0248160461102199,0.0015,-0.00148685823092799));
#14183=CARTESIAN_POINT('',(-0.0248160461102199,0.0015,-0.00148685823092799));
#14184=CARTESIAN_POINT('',(-0.0248160461102199,0.0015,-0.00148685823092799));
#14185=CARTESIAN_POINT('',(-0.0244674653046868,0.0015,-0.00120729902947924));
#14186=CARTESIAN_POINT('',(-0.0244674653046868,0.0015,-0.000645576037748344));
#14187=CARTESIAN_POINT('',(-0.0258947799853755,0.0015,-0.00176641743237676));
#14188=CARTESIAN_POINT('',(-0.0258947799853755,0.002,-0.00176641743237676));
#14189=CARTESIAN_POINT('',(-0.0254080112722939,0.0015,-0.00176641743237676));
#14190=CARTESIAN_POINT('',(-0.0254080112722939,0.002,-0.00176641743237676));
#14191=CARTESIAN_POINT('',(-0.0250484333139087,0.0015,-0.00167323103189383));
#14192=CARTESIAN_POINT('',(-0.0250484333139087,0.002,-0.00167323103189383));
#14193=CARTESIAN_POINT('',(-0.0248160461102199,0.0015,-0.00148685823092799));
#14194=CARTESIAN_POINT('',(-0.0248160461102199,0.002,-0.00148685823092799));
#14195=CARTESIAN_POINT('',(-0.0258947799853755,0.0015,-0.00176641743237676));
#14196=CARTESIAN_POINT('',(-0.0258947799853755,0.0015,-0.00176641743237676));
#14197=CARTESIAN_POINT('',(-0.0258947799853755,0.0015,-0.00176641743237676));
#14198=CARTESIAN_POINT('',(-0.0251646269157531,0.0015,-0.00176641743237676));
#14199=CARTESIAN_POINT('',(-0.0248160461102199,0.0015,-0.00148685823092799));
#14200=CARTESIAN_POINT('',(-0.0264387049534116,0.0015,-0.00176641743237676));
#14201=CARTESIAN_POINT('',(-0.0269826299214478,0.0015,-0.00176641743237676));
#14202=CARTESIAN_POINT('',(-0.0269826299214478,0.0015,-0.00176641743237676));
#14203=CARTESIAN_POINT('',(-0.0264387049534116,0.0015,-0.00176641743237676));
#14204=CARTESIAN_POINT('',(-0.0269826299214478,0.0015,0.000216976964237191));
#14205=CARTESIAN_POINT('',(-0.0269826299214478,0.0015,0.00220037136085114));
#14206=CARTESIAN_POINT('',(-0.0269826299214478,0.0015,0.00220037136085114));
#14207=CARTESIAN_POINT('',(-0.0269826299214478,0.0015,0.000216976964237191));
#14208=CARTESIAN_POINT('',(-0.0267521238096943,0.0015,0.00220037136085114));
#14209=CARTESIAN_POINT('',(-0.0267521238096943,0.0015,0.00220037136085114));
#14210=CARTESIAN_POINT('',(-0.025888702611431,0.0015,0.000154900930375123));
#14211=CARTESIAN_POINT('',(-0.025888702611431,0.002,0.000154900930375123));
#14212=CARTESIAN_POINT('',(-0.0255634184060185,0.0015,0.000154900930375123));
#14213=CARTESIAN_POINT('',(-0.0255634184060185,0.002,0.000154900930375123));
#14214=CARTESIAN_POINT('',(-0.0253248091290056,0.0015,9.02203076796797E-5));
#14215=CARTESIAN_POINT('',(-0.0253248091290056,0.002,9.02203076796797E-5));
#14216=CARTESIAN_POINT('',(-0.0251728747803922,0.0015,-3.9140937711206E-5));
#14217=CARTESIAN_POINT('',(-0.0251728747803922,0.002,-3.9140937711206E-5));
#14218=CARTESIAN_POINT('',(-0.025888702611431,0.002,0.000154900930375123));
#14219=CARTESIAN_POINT('',(-0.0254007763033123,0.002,0.000154900930375123));
#14220=CARTESIAN_POINT('',(-0.0251728747803922,0.002,-3.9140937711206E-5));
#14221=CARTESIAN_POINT('',(-0.025888702611431,0.0015,0.000154900930375123));
#14222=CARTESIAN_POINT('',(-0.0254007763033123,0.0015,0.000154900930375123));
#14223=CARTESIAN_POINT('',(-0.0251728747803922,0.0015,-3.9140937711206E-5));
#14224=CARTESIAN_POINT('',(-0.0363673975862316,0.0015,0.000216108767959401));
#14225=CARTESIAN_POINT('',(-0.0461237532579099,0.0015,0.00114464468705706));
#14226=CARTESIAN_POINT('',(-0.0461237532579099,0.002,0.00114464468705706));
#14227=CARTESIAN_POINT('',(-0.0461237532579099,0.0015,0.00149365959072912));
#14228=CARTESIAN_POINT('',(-0.0461237532579099,0.002,0.00149365959072912));
#14229=CARTESIAN_POINT('',(-0.0462503652150878,0.0015,0.00176598382319629));
#14230=CARTESIAN_POINT('',(-0.0462503652150878,0.002,0.00176598382319629));
#14231=CARTESIAN_POINT('',(-0.0465035891294436,0.0015,0.00196161738445856));
#14232=CARTESIAN_POINT('',(-0.0465035891294436,0.002,0.00196161738445856));
#14233=CARTESIAN_POINT('',(-0.0461237532579099,0.0015,0.00114464468705706));
#14234=CARTESIAN_POINT('',(-0.0461237532579099,0.0015,0.00114464468705706));
#14235=CARTESIAN_POINT('',(-0.0461237532579099,0.0015,0.00114464468705706));
#14236=CARTESIAN_POINT('',(-0.0461237532579099,0.0015,0.00166816704256514));
#14237=CARTESIAN_POINT('',(-0.0465035891294436,0.0015,0.00196161738445856));
#14238=CARTESIAN_POINT('',(-0.0465035891294436,0.0015,0.00196161738445856));
#14239=CARTESIAN_POINT('',(-0.0465035891294436,0.0015,0.00196161738445856));
#14240=CARTESIAN_POINT('',(-0.0463581662529136,0.0015,0.000483079123380188));
#14241=CARTESIAN_POINT('',(-0.0463581662529136,0.002,0.000483079123380188));
#14242=CARTESIAN_POINT('',(-0.0462018909229111,0.0015,0.000653245593827259));
#14243=CARTESIAN_POINT('',(-0.0462018909229111,0.002,0.000653245593827259));
#14244=CARTESIAN_POINT('',(-0.0461237532579099,0.0015,0.000873767448386217));
#14245=CARTESIAN_POINT('',(-0.0461237532579099,0.002,0.000873767448386217));
#14246=CARTESIAN_POINT('',(-0.0461237532579099,0.0015,0.00114464468705706));
#14247=CARTESIAN_POINT('',(-0.0461237532579099,0.002,0.00114464468705706));
#14248=CARTESIAN_POINT('',(-0.0463581662529136,0.0015,0.000483079123380188));
#14249=CARTESIAN_POINT('',(-0.0463581662529136,0.0015,0.000483079123380188));
#14250=CARTESIAN_POINT('',(-0.0463581662529136,0.0015,0.000483079123380188));
#14251=CARTESIAN_POINT('',(-0.0461237532579099,0.0015,0.000738328829050794));
#14252=CARTESIAN_POINT('',(-0.0461237532579099,0.0015,0.00114464468705706));
#14253=CARTESIAN_POINT('',(-0.047216812371649,0.0015,5.57117059503962E-6));
#14254=CARTESIAN_POINT('',(-0.047216812371649,0.002,5.57117059503962E-6));
#14255=CARTESIAN_POINT('',(-0.0468006569558278,0.0015,0.000153743335338068));
#14256=CARTESIAN_POINT('',(-0.0468006569558278,0.002,0.000153743335338068));
#14257=CARTESIAN_POINT('',(-0.046514441582916,0.0015,0.000312912652933117));
#14258=CARTESIAN_POINT('',(-0.046514441582916,0.002,0.000312912652933117));
#14259=CARTESIAN_POINT('',(-0.0463581662529136,0.0015,0.000483079123380188));
#14260=CARTESIAN_POINT('',(-0.0463581662529136,0.002,0.000483079123380188));
#14261=CARTESIAN_POINT('',(-0.047216812371649,0.0015,5.57117059503962E-6));
#14262=CARTESIAN_POINT('',(-0.047216812371649,0.0015,5.57117059503962E-6));
#14263=CARTESIAN_POINT('',(-0.047216812371649,0.0015,5.57117059503962E-6));
#14264=CARTESIAN_POINT('',(-0.0465925792479172,0.0015,0.000227829417709581));
#14265=CARTESIAN_POINT('',(-0.0463581662529136,0.0015,0.000483079123380188));
#14266=CARTESIAN_POINT('',(-0.0477689852043242,0.0015,-0.000237089689047594));
#14267=CARTESIAN_POINT('',(-0.0477689852043242,0.002,-0.000237089689047594));
#14268=CARTESIAN_POINT('',(-0.0476485953204705,0.0015,-0.000163871802953872));
#14269=CARTESIAN_POINT('',(-0.0476485953204705,0.002,-0.000163871802953872));
#14270=CARTESIAN_POINT('',(-0.0474645377095788,0.0015,-8.29848497396605E-5));
#14271=CARTESIAN_POINT('',(-0.0474645377095788,0.002,-8.29848497396605E-5));
#14272=CARTESIAN_POINT('',(-0.047216812371649,0.0015,5.57117059503962E-6));
#14273=CARTESIAN_POINT('',(-0.047216812371649,0.002,5.57117059503962E-6));
#14274=CARTESIAN_POINT('',(-0.0477689852043242,0.0015,-0.000237089689047594));
#14275=CARTESIAN_POINT('',(-0.0477689852043242,0.0015,-0.000237089689047594));
#14276=CARTESIAN_POINT('',(-0.0477689852043242,0.0015,-0.000237089689047594));
#14277=CARTESIAN_POINT('',(-0.0475884003785437,0.0015,-0.000127262859907011));
#14278=CARTESIAN_POINT('',(-0.047216812371649,0.0015,5.57117059503962E-6));
#14279=CARTESIAN_POINT('',(-0.0480255372044115,0.0015,-0.000478882352412438));
#14280=CARTESIAN_POINT('',(-0.0480255372044115,0.002,-0.000478882352412438));
#14281=CARTESIAN_POINT('',(-0.0479748924215404,0.0015,-0.000390905129596265));
#14282=CARTESIAN_POINT('',(-0.0479748924215404,0.002,-0.000390905129596265));
#14283=CARTESIAN_POINT('',(-0.0478893750881779,0.0015,-0.000310307575141317));
#14284=CARTESIAN_POINT('',(-0.0478893750881779,0.002,-0.000310307575141317));
#14285=CARTESIAN_POINT('',(-0.0477689852043242,0.0015,-0.000237089689047594));
#14286=CARTESIAN_POINT('',(-0.0477689852043242,0.002,-0.000237089689047594));
#14287=CARTESIAN_POINT('',(-0.0480255372044115,0.0015,-0.000478882352412438));
#14288=CARTESIAN_POINT('',(-0.0480255372044115,0.0015,-0.000478882352412438));
#14289=CARTESIAN_POINT('',(-0.0480255372044115,0.0015,-0.000478882352412438));
#14290=CARTESIAN_POINT('',(-0.0479495700301048,0.0015,-0.000346916518188179));
#14291=CARTESIAN_POINT('',(-0.0477689852043242,0.0015,-0.000237089689047594));
#14292=CARTESIAN_POINT('',(-0.0481015043787182,0.0015,-0.000816610704473206));
#14293=CARTESIAN_POINT('',(-0.0481015043787182,0.002,-0.000816610704473206));
#14294=CARTESIAN_POINT('',(-0.0481015043787182,0.0015,-0.0006794356925822));
#14295=CARTESIAN_POINT('',(-0.0481015043787182,0.002,-0.0006794356925822));
#14296=CARTESIAN_POINT('',(-0.0480761819872826,0.0015,-0.000566859575228611));
#14297=CARTESIAN_POINT('',(-0.0480761819872826,0.002,-0.000566859575228611));
#14298=CARTESIAN_POINT('',(-0.0480255372044115,0.0015,-0.000478882352412438));
#14299=CARTESIAN_POINT('',(-0.0480255372044115,0.002,-0.000478882352412438));
#14300=CARTESIAN_POINT('',(-0.0481015043787182,0.0015,-0.000816610704473206));
#14301=CARTESIAN_POINT('',(-0.0481015043787182,0.0015,-0.000816610704473206));
#14302=CARTESIAN_POINT('',(-0.0481015043787182,0.0015,-0.000816610704473206));
#14303=CARTESIAN_POINT('',(-0.0481015043787182,0.0015,-0.000610848186636697));
#14304=CARTESIAN_POINT('',(-0.0480255372044115,0.0015,-0.000478882352412438));
#14305=CARTESIAN_POINT('',(-0.0478953077627428,0.0015,-0.00125331343220217));
#14306=CARTESIAN_POINT('',(-0.0478953077627428,0.002,-0.00125331343220217));
#14307=CARTESIAN_POINT('',(-0.0480327721733931,0.0015,-0.0011485510813487));
#14308=CARTESIAN_POINT('',(-0.0480327721733931,0.002,-0.0011485510813487));
#14309=CARTESIAN_POINT('',(-0.0481015043787182,0.0015,-0.00100298350543904));
#14310=CARTESIAN_POINT('',(-0.0481015043787182,0.002,-0.00100298350543904));
#14311=CARTESIAN_POINT('',(-0.0481015043787182,0.0015,-0.000816610704473206));
#14312=CARTESIAN_POINT('',(-0.0481015043787182,0.002,-0.000816610704473206));
#14313=CARTESIAN_POINT('',(-0.0478953077627428,0.0015,-0.00125331343220217));
#14314=CARTESIAN_POINT('',(-0.0478953077627428,0.0015,-0.00125331343220217));
#14315=CARTESIAN_POINT('',(-0.0478953077627428,0.0015,-0.00125331343220217));
#14316=CARTESIAN_POINT('',(-0.0481015043787182,0.0015,-0.00109616990592196));
#14317=CARTESIAN_POINT('',(-0.0481015043787182,0.0015,-0.000816610704473206));
#14318=CARTESIAN_POINT('',(-0.0473227323175396,0.0015,-0.00141045695848237));
#14319=CARTESIAN_POINT('',(-0.0473227323175396,0.002,-0.00141045695848237));
#14320=CARTESIAN_POINT('',(-0.0475669848703581,0.0015,-0.00141045695848237));
#14321=CARTESIAN_POINT('',(-0.0475669848703581,0.002,-0.00141045695848237));
#14322=CARTESIAN_POINT('',(-0.0477578433520925,0.0015,-0.00135807578305564));
#14323=CARTESIAN_POINT('',(-0.0477578433520925,0.002,-0.00135807578305564));
#14324=CARTESIAN_POINT('',(-0.0478953077627428,0.0015,-0.00125331343220217));
#14325=CARTESIAN_POINT('',(-0.0478953077627428,0.002,-0.00125331343220217));
#14326=CARTESIAN_POINT('',(-0.0473227323175396,0.0015,-0.00141045695848237));
#14327=CARTESIAN_POINT('',(-0.0473227323175396,0.0015,-0.00141045695848237));
#14328=CARTESIAN_POINT('',(-0.0473227323175396,0.0015,-0.00141045695848237));
#14329=CARTESIAN_POINT('',(-0.0476891111467674,0.0015,-0.00141045695848237));
#14330=CARTESIAN_POINT('',(-0.0478953077627428,0.0015,-0.00125331343220217));
#14331=CARTESIAN_POINT('',(-0.0463677164119693,0.0015,-0.00120469444064586));
#14332=CARTESIAN_POINT('',(-0.0463677164119693,0.002,-0.00120469444064586));
#14333=CARTESIAN_POINT('',(-0.0466953158074558,0.0015,-0.00134186945253687));
#14334=CARTESIAN_POINT('',(-0.0466953158074558,0.002,-0.00134186945253687));
#14335=CARTESIAN_POINT('',(-0.0470136544426459,0.0015,-0.00141045695848237));
#14336=CARTESIAN_POINT('',(-0.0470136544426459,0.002,-0.00141045695848237));
#14337=CARTESIAN_POINT('',(-0.0473227323175396,0.0015,-0.00141045695848237));
#14338=CARTESIAN_POINT('',(-0.0473227323175396,0.002,-0.00141045695848237));
#14339=CARTESIAN_POINT('',(-0.0463677164119693,0.0015,-0.00120469444064586));
#14340=CARTESIAN_POINT('',(-0.0463677164119693,0.0015,-0.00120469444064586));
#14341=CARTESIAN_POINT('',(-0.0463677164119693,0.0015,-0.00120469444064586));
#14342=CARTESIAN_POINT('',(-0.0468591155051991,0.0015,-0.00141045695848237));
#14343=CARTESIAN_POINT('',(-0.0473227323175396,0.0015,-0.00141045695848237));
#14344=CARTESIAN_POINT('',(-0.0462956561209126,0.0015,-0.00140524778081562));
#14345=CARTESIAN_POINT('',(-0.046223326495744,0.0015,-0.00160655071351371));
#14346=CARTESIAN_POINT('',(-0.046223326495744,0.0015,-0.00160655071351371));
#14347=CARTESIAN_POINT('',(-0.0462956561209126,0.0015,-0.00140524778081562));
#14348=CARTESIAN_POINT('',(-0.0472778429554218,0.0015,0.00086522116609416));
#14349=CARTESIAN_POINT('',(-0.0473114457659283,0.0015,-0.00182285019043318));
#14350=CARTESIAN_POINT('',(-0.0473114457659283,0.0015,-0.00182285019043318));
#14351=CARTESIAN_POINT('',(-0.0472778429554218,0.0015,0.00086522116609416));
#14352=CARTESIAN_POINT('',(-0.0482234859557479,0.0015,-0.00155153885362344));
#14353=CARTESIAN_POINT('',(-0.0482234859557479,0.002,-0.00155153885362344));
#14354=CARTESIAN_POINT('',(-0.0479939927396518,0.0015,-0.00173241307816327));
#14355=CARTESIAN_POINT('',(-0.0479939927396518,0.002,-0.00173241307816327));
#14356=CARTESIAN_POINT('',(-0.0476899793430452,0.0015,-0.00182285019043318));
#14357=CARTESIAN_POINT('',(-0.0476899793430452,0.002,-0.00182285019043318));
#14358=CARTESIAN_POINT('',(-0.0473114457659283,0.0015,-0.00182285019043318));
#14359=CARTESIAN_POINT('',(-0.0473114457659283,0.002,-0.00182285019043318));
#14360=CARTESIAN_POINT('',(-0.0482234859557479,0.0015,-0.00155153885362344));
#14361=CARTESIAN_POINT('',(-0.0482234859557479,0.0015,-0.00155153885362344));
#14362=CARTESIAN_POINT('',(-0.0482234859557479,0.0015,-0.00155153885362344));
#14363=CARTESIAN_POINT('',(-0.0478792461316037,0.0015,-0.00182285019043318));
#14364=CARTESIAN_POINT('',(-0.0473114457659283,0.0015,-0.00182285019043318));
#14365=CARTESIAN_POINT('',(-0.0485677257798921,0.0015,-0.000821819882139953));
#14366=CARTESIAN_POINT('',(-0.0485677257798921,0.002,-0.000821819882139953));
#14367=CARTESIAN_POINT('',(-0.0485677257798921,0.0015,-0.00112742497192245));
#14368=CARTESIAN_POINT('',(-0.0485677257798921,0.002,-0.00112742497192245));
#14369=CARTESIAN_POINT('',(-0.048452979171844,0.0015,-0.00137066462908361));
#14370=CARTESIAN_POINT('',(-0.048452979171844,0.002,-0.00137066462908361));
#14371=CARTESIAN_POINT('',(-0.0482234859557479,0.0015,-0.00155153885362344));
#14372=CARTESIAN_POINT('',(-0.0482234859557479,0.002,-0.00155153885362344));
#14373=CARTESIAN_POINT('',(-0.0485677257798921,0.0015,-0.000821819882139953));
#14374=CARTESIAN_POINT('',(-0.0485677257798921,0.0015,-0.000821819882139953));
#14375=CARTESIAN_POINT('',(-0.0485677257798921,0.0015,-0.000821819882139953));
#14376=CARTESIAN_POINT('',(-0.0485677257798921,0.0015,-0.00128022751681369));
#14377=CARTESIAN_POINT('',(-0.0482234859557479,0.0015,-0.00155153885362344));
#14378=CARTESIAN_POINT('',(-0.0483302740979162,0.0015,-0.000113805817601247));
#14379=CARTESIAN_POINT('',(-0.0483302740979162,0.002,-0.000113805817601247));
#14380=CARTESIAN_POINT('',(-0.0484885752192335,0.0015,-0.000294680042141076));
#14381=CARTESIAN_POINT('',(-0.0484885752192335,0.002,-0.000294680042141076));
#14382=CARTESIAN_POINT('',(-0.0485677257798921,0.0015,-0.000530684730320645));
#14383=CARTESIAN_POINT('',(-0.0485677257798921,0.002,-0.000530684730320645));
#14384=CARTESIAN_POINT('',(-0.0485677257798921,0.0015,-0.000821819882139953));
#14385=CARTESIAN_POINT('',(-0.0485677257798921,0.002,-0.000821819882139953));
#14386=CARTESIAN_POINT('',(-0.0483302740979162,0.0015,-0.000113805817601247));
#14387=CARTESIAN_POINT('',(-0.0483302740979162,0.0015,-0.000113805817601247));
#14388=CARTESIAN_POINT('',(-0.0483302740979162,0.0015,-0.000113805817601247));
#14389=CARTESIAN_POINT('',(-0.0485677257798921,0.0015,-0.000385117154410991));
#14390=CARTESIAN_POINT('',(-0.0485677257798921,0.0015,-0.000821819882139953));
#14391=CARTESIAN_POINT('',(-0.0475397813869874,0.0015,0.000355454270544885));
#14392=CARTESIAN_POINT('',(-0.0475397813869874,0.002,0.000355454270544885));
#14393=CARTESIAN_POINT('',(-0.0479084754062893,0.0015,0.000223488436320625));
#14394=CARTESIAN_POINT('',(-0.0479084754062893,0.002,0.000223488436320625));
#14395=CARTESIAN_POINT('',(-0.0481719729765989,0.0015,6.70684069385812E-5));
#14396=CARTESIAN_POINT('',(-0.0481719729765989,0.002,6.70684069385812E-5));
#14397=CARTESIAN_POINT('',(-0.0483302740979162,0.0015,-0.000113805817601247));
#14398=CARTESIAN_POINT('',(-0.0483302740979162,0.002,-0.000113805817601247));
#14399=CARTESIAN_POINT('',(-0.0475397813869874,0.0015,0.000355454270544885));
#14400=CARTESIAN_POINT('',(-0.0475397813869874,0.0015,0.000355454270544885));
#14401=CARTESIAN_POINT('',(-0.0475397813869874,0.0015,0.000355454270544885));
#14402=CARTESIAN_POINT('',(-0.0480928224159403,0.0015,0.000157505519208496));
#14403=CARTESIAN_POINT('',(-0.0483302740979162,0.0015,-0.000113805817601247));
#14404=CARTESIAN_POINT('',(-0.0469498420162283,0.0015,0.000607665289243222));
#14405=CARTESIAN_POINT('',(-0.0469498420162283,0.002,0.000607665289243222));
#14406=CARTESIAN_POINT('',(-0.0470792032616192,0.0015,0.000533289808112444));
#14407=CARTESIAN_POINT('',(-0.0470792032616192,0.002,0.000533289808112444));
#14408=CARTESIAN_POINT('',(-0.0472758497185389,0.0015,0.000449219468546332));
#14409=CARTESIAN_POINT('',(-0.0472758497185389,0.002,0.000449219468546332));
#14410=CARTESIAN_POINT('',(-0.0475397813869874,0.0015,0.000355454270544885));
#14411=CARTESIAN_POINT('',(-0.0475397813869874,0.002,0.000355454270544885));
#14412=CARTESIAN_POINT('',(-0.0469498420162283,0.0015,0.000607665289243222));
#14413=CARTESIAN_POINT('',(-0.0469498420162283,0.0015,0.000607665289243222));
#14414=CARTESIAN_POINT('',(-0.0469498420162283,0.0015,0.000607665289243222));
#14415=CARTESIAN_POINT('',(-0.0471438838843146,0.0015,0.000496102067547055));
#14416=CARTESIAN_POINT('',(-0.0475397813869874,0.0015,0.000355454270544885));
#14417=CARTESIAN_POINT('',(-0.0466728874036129,0.0015,0.000850760247024751));
#14418=CARTESIAN_POINT('',(-0.0466728874036129,0.002,0.000850760247024751));
#14419=CARTESIAN_POINT('',(-0.0467281625666322,0.0015,0.000763072422967842));
#14420=CARTESIAN_POINT('',(-0.0467281625666322,0.002,0.000763072422967842));
#14421=CARTESIAN_POINT('',(-0.0468204807708374,0.0015,0.000682040770373999));
#14422=CARTESIAN_POINT('',(-0.0468204807708374,0.002,0.000682040770373999));
#14423=CARTESIAN_POINT('',(-0.0469498420162283,0.0015,0.000607665289243222));
#14424=CARTESIAN_POINT('',(-0.0469498420162283,0.002,0.000607665289243222));
#14425=CARTESIAN_POINT('',(-0.0466728874036129,0.0015,0.000850760247024751));
#14426=CARTESIAN_POINT('',(-0.0466728874036129,0.0015,0.000850760247024751));
#14427=CARTESIAN_POINT('',(-0.0466728874036129,0.0015,0.000850760247024751));
#14428=CARTESIAN_POINT('',(-0.0467558001481419,0.0015,0.000719228510939388));
#14429=CARTESIAN_POINT('',(-0.0469498420162283,0.0015,0.000607665289243222));
#14430=CARTESIAN_POINT('',(-0.0465899746590838,0.0015,0.00118805450094662));
#14431=CARTESIAN_POINT('',(-0.0465899746590838,0.002,0.00118805450094662));
#14432=CARTESIAN_POINT('',(-0.0465899746590838,0.0015,0.00105087948905562));
#14433=CARTESIAN_POINT('',(-0.0465899746590838,0.002,0.00105087948905562));
#14434=CARTESIAN_POINT('',(-0.0466176122405935,0.0015,0.00093844807108166));
#14435=CARTESIAN_POINT('',(-0.0466176122405935,0.002,0.00093844807108166));
#14436=CARTESIAN_POINT('',(-0.0466728874036129,0.0015,0.000850760247024751));
#14437=CARTESIAN_POINT('',(-0.0466728874036129,0.002,0.000850760247024751));
#14438=CARTESIAN_POINT('',(-0.0465899746590838,0.0015,0.00118805450094662));
#14439=CARTESIAN_POINT('',(-0.0465899746590838,0.0015,0.00118805450094662));
#14440=CARTESIAN_POINT('',(-0.0465899746590838,0.0015,0.00118805450094662));
#14441=CARTESIAN_POINT('',(-0.0465899746590838,0.0015,0.000982291983110115));
#14442=CARTESIAN_POINT('',(-0.0466728874036129,0.0015,0.000850760247024751));
#14443=CARTESIAN_POINT('',(-0.0468235194578096,0.0015,0.00167554671092637));
#14444=CARTESIAN_POINT('',(-0.0468235194578096,0.002,0.00167554671092637));
#14445=CARTESIAN_POINT('',(-0.0466678229253257,0.0015,0.00155891901094309));
#14446=CARTESIAN_POINT('',(-0.0466678229253257,0.002,0.00155891901094309));
#14447=CARTESIAN_POINT('',(-0.0465899746590838,0.0015,0.00139642160761651));
#14448=CARTESIAN_POINT('',(-0.0465899746590838,0.002,0.00139642160761651));
#14449=CARTESIAN_POINT('',(-0.0465899746590838,0.0015,0.00118805450094662));
#14450=CARTESIAN_POINT('',(-0.0465899746590838,0.002,0.00118805450094662));
#14451=CARTESIAN_POINT('',(-0.0468235194578096,0.0015,0.00167554671092637));
#14452=CARTESIAN_POINT('',(-0.0468235194578096,0.0015,0.00167554671092637));
#14453=CARTESIAN_POINT('',(-0.0468235194578096,0.0015,0.00167554671092637));
#14454=CARTESIAN_POINT('',(-0.0465899746590838,0.0015,0.00150060516095145));
#14455=CARTESIAN_POINT('',(-0.0465899746590838,0.0015,0.00118805450094662));
#14456=CARTESIAN_POINT('',(-0.0475180764800426,0.0015,0.0018504882609013));
#14457=CARTESIAN_POINT('',(-0.0475180764800426,0.002,0.0018504882609013));
#14458=CARTESIAN_POINT('',(-0.0472107349977045,0.0015,0.0018504882609013));
#14459=CARTESIAN_POINT('',(-0.0472107349977045,0.002,0.0018504882609013));
#14460=CARTESIAN_POINT('',(-0.0469792159902935,0.0015,0.00179217441090965));
#14461=CARTESIAN_POINT('',(-0.0469792159902935,0.002,0.00179217441090965));
#14462=CARTESIAN_POINT('',(-0.0468235194578096,0.0015,0.00167554671092637));
#14463=CARTESIAN_POINT('',(-0.0468235194578096,0.002,0.00167554671092637));
#14464=CARTESIAN_POINT('',(-0.0475180764800426,0.0015,0.0018504882609013));
#14465=CARTESIAN_POINT('',(-0.0475180764800426,0.0015,0.0018504882609013));
#14466=CARTESIAN_POINT('',(-0.0475180764800426,0.0015,0.0018504882609013));
#14467=CARTESIAN_POINT('',(-0.0470570642565355,0.0015,0.0018504882609013));
#14468=CARTESIAN_POINT('',(-0.0468235194578096,0.0015,0.00167554671092637));
#14469=CARTESIAN_POINT('',(-0.047512100624324,0.0015,-0.00093436529211175));
#14470=CARTESIAN_POINT('',(-0.0480876132382736,0.0015,0.0017905827177337));
#14471=CARTESIAN_POINT('',(-0.0480875901071015,0.0015,0.00179047080628163));
#14472=CARTESIAN_POINT('',(-0.047512100624324,0.0015,-0.00093436529211175));
#14473=CARTESIAN_POINT('',(-0.0475070966455428,0.0015,-0.00107409061216639));
#14474=CARTESIAN_POINT('',(-0.0486198175565596,0.0015,0.00162847649597215));
#14475=CARTESIAN_POINT('',(-0.0486198175565596,0.0015,0.00162847649597215));
#14476=CARTESIAN_POINT('',(-0.0475070966455428,0.0015,-0.00107409061216639));
#14477=CARTESIAN_POINT('',(-0.0486198175565596,0.0015,0.0018504882609013));
#14478=CARTESIAN_POINT('',(-0.0486198175565596,0.0015,0.00207274650801584));
#14479=CARTESIAN_POINT('',(-0.0486198175565596,0.0015,0.00207274650801584));
#14480=CARTESIAN_POINT('',(-0.0486198175565596,0.0015,0.0018504882609013));
#14481=CARTESIAN_POINT('',(-0.0475345722093206,0.0015,0.00225506772635198));
#14482=CARTESIAN_POINT('',(-0.0475345722093206,0.002,0.00225506772635198));
#14483=CARTESIAN_POINT('',(-0.0480045557943649,0.0015,0.00225506772635198));
#14484=CARTESIAN_POINT('',(-0.0480045557943649,0.002,0.00225506772635198));
#14485=CARTESIAN_POINT('',(-0.0483663042434445,0.0015,0.0021942939869066));
#14486=CARTESIAN_POINT('',(-0.0483663042434445,0.002,0.0021942939869066));
#14487=CARTESIAN_POINT('',(-0.0486198175565596,0.0015,0.00207274650801584));
#14488=CARTESIAN_POINT('',(-0.0486198175565596,0.002,0.00207274650801584));
#14489=CARTESIAN_POINT('',(-0.0475345722093206,0.0015,0.00225506772635198));
#14490=CARTESIAN_POINT('',(-0.0475345722093206,0.0015,0.00225506772635198));
#14491=CARTESIAN_POINT('',(-0.0475345722093206,0.0015,0.00225506772635198));
#14492=CARTESIAN_POINT('',(-0.048239547586887,0.0015,0.00225506772635198));
#14493=CARTESIAN_POINT('',(-0.0486198175565596,0.0015,0.00207274650801584));
#14494=CARTESIAN_POINT('',(-0.0465035891294436,0.0015,0.00196161738445856));
#14495=CARTESIAN_POINT('',(-0.0465035891294436,0.002,0.00196161738445856));
#14496=CARTESIAN_POINT('',(-0.0467568130437993,0.0015,0.00215725094572084));
#14497=CARTESIAN_POINT('',(-0.0467568130437993,0.002,0.00215725094572084));
#14498=CARTESIAN_POINT('',(-0.047100474070425,0.0015,0.00225506772635198));
#14499=CARTESIAN_POINT('',(-0.047100474070425,0.002,0.00225506772635198));
#14500=CARTESIAN_POINT('',(-0.0475345722093206,0.0015,0.00225506772635198));
#14501=CARTESIAN_POINT('',(-0.0475345722093206,0.002,0.00225506772635198));
#14502=CARTESIAN_POINT('',(-0.0465035891294436,0.0015,0.00196161738445856));
#14503=CARTESIAN_POINT('',(-0.0468834250009772,0.0015,0.00225506772635198));
#14504=CARTESIAN_POINT('',(-0.0475345722093206,0.0015,0.00225506772635198));
#14505=CARTESIAN_POINT('',(-0.0363673975862316,0.0015,0.000216108767959401));
#14506=CARTESIAN_POINT('',(-0.0417431452261655,0.002,0.));
#14507=CARTESIAN_POINT('',(-0.0417431452261655,0.002,0.));
#14508=CARTESIAN_POINT('',(-0.0417431452261655,0.002,0.));
#14509=CARTESIAN_POINT('',(-0.0839737439381591,0.002,-0.00228704351984776));
#14510=CARTESIAN_POINT('',(-0.0839696266082121,0.002,-0.00218430120509935));
#14511=CARTESIAN_POINT('',(-0.0839696318125017,0.002,-0.00218434554910578));
#14512=CARTESIAN_POINT('',(-0.0839737439381591,0.002,-0.00228704351984776));
#14513=CARTESIAN_POINT('',(-0.0840433911197429,0.002,-0.00221177288800981));
#14514=CARTESIAN_POINT('',(-0.0840433487615862,0.002,-0.00221181866624734));
#14515=CARTESIAN_POINT('',(-0.0839711806771574,0.002,-0.00233430797290293));
#14516=CARTESIAN_POINT('',(-0.0838718777549034,0.002,-0.00222169977835618));
#14517=CARTESIAN_POINT('',(-0.0838718777549034,0.002,-0.00222169977835622));
#14518=CARTESIAN_POINT('',(-0.0839711806771574,0.002,-0.00233430797290293));
#14519=CARTESIAN_POINT('',(-0.0839634004422876,0.002,-0.00234056924917501));
#14520=CARTESIAN_POINT('',(-0.0838172538009599,0.002,-0.00230751371770226));
#14521=CARTESIAN_POINT('',(-0.083817164603775,0.00200000025,-0.00230749354303162));
#14522=CARTESIAN_POINT('',(-0.0839634004422876,0.002,-0.00234056924917501));
#14523=CARTESIAN_POINT('',(-0.0837778257969269,0.002,-0.00250075200830116));
#14524=CARTESIAN_POINT('',(-0.083738397792894,0.002,-0.00269399029890006));
#14525=CARTESIAN_POINT('',(-0.0837385511546778,0.002,-0.00269402627339891));
#14526=CARTESIAN_POINT('',(-0.0837778257969269,0.002,-0.00250075200830116));
#14527=CARTESIAN_POINT('',(-0.0829454195122293,0.002,-0.00250797918493094));
#14528=CARTESIAN_POINT('',(-0.0835753465678828,0.002,-0.00302543195780188));
#14529=CARTESIAN_POINT('',(-0.0835751949833045,0.002,-0.00302530837160742));
#14530=CARTESIAN_POINT('',(-0.0829454195122293,0.002,-0.00250797918493094));
#14531=CARTESIAN_POINT('',(-0.0828315636004039,0.002,-0.00239220858856154));
#14532=CARTESIAN_POINT('',(-0.0833993580290483,0.002,-0.00318684034931169));
#14533=CARTESIAN_POINT('',(-0.0833993580290483,0.002,-0.00318684034931169));
#14534=CARTESIAN_POINT('',(-0.0828315636004039,0.002,-0.00239220858856154));
#14535=CARTESIAN_POINT('',(-0.0832204945315865,0.002,-0.00325378581449261));
#14536=CARTESIAN_POINT('',(-0.0832204945315865,0.0025,-0.00325378581449261));
#14537=CARTESIAN_POINT('',(-0.0832766246762167,0.002,-0.00325378581449261));
#14538=CARTESIAN_POINT('',(-0.0832766246762167,0.0025,-0.00325378581449261));
#14539=CARTESIAN_POINT('',(-0.0833362458420373,0.002,-0.0032314706594323));
#14540=CARTESIAN_POINT('',(-0.0833362458420373,0.0025,-0.0032314706594323));
#14541=CARTESIAN_POINT('',(-0.0833993580290483,0.002,-0.00318684034931169));
#14542=CARTESIAN_POINT('',(-0.0833993580290483,0.0025,-0.00318684034931169));
#14543=CARTESIAN_POINT('',(-0.0832204945315865,0.002,-0.00325378581449261));
#14544=CARTESIAN_POINT('',(-0.0832204945315865,0.002,-0.00325378581449261));
#14545=CARTESIAN_POINT('',(-0.0832204945315865,0.002,-0.00325378581449261));
#14546=CARTESIAN_POINT('',(-0.0833046897485318,0.002,-0.00325378581449261));
#14547=CARTESIAN_POINT('',(-0.0833993580290483,0.002,-0.00318684034931169));
#14548=CARTESIAN_POINT('',(-0.0832117064714441,0.002,-0.00316710245471288));
#14549=CARTESIAN_POINT('',(-0.0831482098575261,0.002,-0.00322503622821859));
#14550=CARTESIAN_POINT('',(-0.0831479352035924,0.002,-0.00322527315258619));
#14551=CARTESIAN_POINT('',(-0.0832117064714441,0.002,-0.00316710245471288));
#14552=CARTESIAN_POINT('',(-0.0832770697802659,0.002,-0.00314787204802845));
#14553=CARTESIAN_POINT('',(-0.0831260316052576,0.002,-0.00313550180239381));
#14554=CARTESIAN_POINT('',(-0.0831262117935691,0.002,-0.00313552278491976));
#14555=CARTESIAN_POINT('',(-0.0832770697802659,0.002,-0.00314787204802845));
#14556=CARTESIAN_POINT('',(-0.0837836868465007,0.002,-0.00315883340527512));
#14557=CARTESIAN_POINT('',(-0.0831416385235206,0.002,-0.0030122892897909));
#14558=CARTESIAN_POINT('',(-0.0831417470559071,0.00200000025,-0.00301231406173097));
#14559=CARTESIAN_POINT('',(-0.0837836868465007,0.002,-0.00315883340527512));
#14560=CARTESIAN_POINT('',(-0.0832165928020207,0.002,-0.00265990150374658));
#14561=CARTESIAN_POINT('',(-0.0832915470805208,0.002,-0.00230751371770226));
#14562=CARTESIAN_POINT('',(-0.0832916110160376,0.002,-0.00230752746388882));
#14563=CARTESIAN_POINT('',(-0.0832165928020207,0.002,-0.00265990150374658));
#14564=CARTESIAN_POINT('',(-0.0831896416189026,0.002,-0.00228560396305578));
#14565=CARTESIAN_POINT('',(-0.0832938938806725,0.002,-0.00228075528336888));
#14566=CARTESIAN_POINT('',(-0.0832938938806725,0.002,-0.00228075528336886));
#14567=CARTESIAN_POINT('',(-0.0831896416189026,0.002,-0.00228560396305578));
#14568=CARTESIAN_POINT('',(-0.0832024759929796,0.002,-0.00227847417734058));
#14569=CARTESIAN_POINT('',(-0.0832650563903112,0.002,-0.00221181866624734));
#14570=CARTESIAN_POINT('',(-0.0832650938654579,0.002,-0.00221177844116114));
#14571=CARTESIAN_POINT('',(-0.0832024759929796,0.002,-0.00227847417734058));
#14572=CARTESIAN_POINT('',(-0.0831956463018308,0.002,-0.00228647015107212));
#14573=CARTESIAN_POINT('',(-0.0831917449453124,0.002,-0.00218430120509935));
#14574=CARTESIAN_POINT('',(-0.0831917503967691,0.002,-0.00218436829358541));
#14575=CARTESIAN_POINT('',(-0.0831956463018308,0.002,-0.00228647015107212));
#14576=CARTESIAN_POINT('',(-0.0831921986281202,0.002,-0.00233303415213469));
#14577=CARTESIAN_POINT('',(-0.0830956391854822,0.002,-0.00221962212537885));
#14578=CARTESIAN_POINT('',(-0.0830956881550222,0.002,-0.00221967995709987));
#14579=CARTESIAN_POINT('',(-0.0831921986281202,0.002,-0.00233303415213469));
#14580=CARTESIAN_POINT('',(-0.0831950610730276,0.002,-0.00234615489391723));
#14581=CARTESIAN_POINT('',(-0.0830390505386485,0.002,-0.00230708749723811));
#14582=CARTESIAN_POINT('',(-0.0830390505386485,0.002,-0.00230708749723811));
#14583=CARTESIAN_POINT('',(-0.0831950610730276,0.002,-0.00234615489391723));
#14584=CARTESIAN_POINT('',(-0.0829878282369546,0.002,-0.00255209055521903));
#14585=CARTESIAN_POINT('',(-0.0829366950442244,0.002,-0.0027966673927358));
#14586=CARTESIAN_POINT('',(-0.082936662896939,0.002,-0.00279666010136282));
#14587=CARTESIAN_POINT('',(-0.0829878282369546,0.002,-0.00255209055521903));
#14588=CARTESIAN_POINT('',(-0.0822528294923462,0.002,-0.00264155884329041));
#14589=CARTESIAN_POINT('',(-0.0828379196799544,0.002,-0.00302789620805394));
#14590=CARTESIAN_POINT('',(-0.0828378013630388,0.002,-0.00302782157303664));
#14591=CARTESIAN_POINT('',(-0.0822528294923462,0.002,-0.00264155884329041));
#14592=CARTESIAN_POINT('',(-0.0823412829109929,0.002,-0.00271224333096552));
#14593=CARTESIAN_POINT('',(-0.0826789755386967,0.002,-0.00319341168331718));
#14594=CARTESIAN_POINT('',(-0.0826788209224557,0.002,-0.00319321850016433));
#14595=CARTESIAN_POINT('',(-0.0823412829109929,0.002,-0.00271224333096552));
#14596=CARTESIAN_POINT('',(-0.0824934471777348,0.002,-0.00294994567816997));
#14597=CARTESIAN_POINT('',(-0.0825132547092458,0.002,-0.00325378581449261));
#14598=CARTESIAN_POINT('',(-0.0825132494110533,0.002,-0.00325386586206205));
#14599=CARTESIAN_POINT('',(-0.0824934471777348,0.002,-0.00294994567816997));
#14600=CARTESIAN_POINT('',(-0.0825037801770883,0.002,-0.00315632171048802));
#14601=CARTESIAN_POINT('',(-0.0824331665760539,0.002,-0.00322236662377886));
#14602=CARTESIAN_POINT('',(-0.0824328731872769,0.002,-0.00322261907715985));
#14603=CARTESIAN_POINT('',(-0.0825037801770883,0.002,-0.00315632171048802));
#14604=CARTESIAN_POINT('',(-0.0825672665612307,0.002,-0.00313835934109079));
#14605=CARTESIAN_POINT('',(-0.0824081133651579,0.002,-0.00312523409301023));
#14606=CARTESIAN_POINT('',(-0.082408453529912,0.002,-0.0031252895277777));
#14607=CARTESIAN_POINT('',(-0.0825672665612307,0.002,-0.00313835934109079));
#14608=CARTESIAN_POINT('',(-0.0828926186566128,0.002,-0.00312426176048363));
#14609=CARTESIAN_POINT('',(-0.0824213549329004,0.002,-0.00301182432549558));
#14610=CARTESIAN_POINT('',(-0.0824213549329004,0.002,-0.00301182432549558));
#14611=CARTESIAN_POINT('',(-0.0828926186566128,0.002,-0.00312426176048363));
#14612=CARTESIAN_POINT('',(-0.082496210311669,0.002,-0.00265990150374658));
#14613=CARTESIAN_POINT('',(-0.0825711645901691,0.002,-0.00230751371770226));
#14614=CARTESIAN_POINT('',(-0.0825712373033781,0.002,-0.00230753203175287));
#14615=CARTESIAN_POINT('',(-0.082496210311669,0.002,-0.00265990150374658));
#14616=CARTESIAN_POINT('',(-0.0824841034736905,0.002,-0.00228558590409608));
#14617=CARTESIAN_POINT('',(-0.0825739159721534,0.002,-0.00228098884597861));
#14618=CARTESIAN_POINT('',(-0.0825739159721534,0.002,-0.00228098884597862));
#14619=CARTESIAN_POINT('',(-0.0824841034736905,0.002,-0.00228558590409608));
#14620=CARTESIAN_POINT('',(-0.0824825042110031,0.002,-0.00227847417734053));
#14621=CARTESIAN_POINT('',(-0.0825450846083349,0.002,-0.00221181866624734));
#14622=CARTESIAN_POINT('',(-0.0825451270273807,0.002,-0.0022117729443263));
#14623=CARTESIAN_POINT('',(-0.0824825042110031,0.002,-0.00227847417734053));
#14624=CARTESIAN_POINT('',(-0.0824754797849149,0.002,-0.00228704351982872));
#14625=CARTESIAN_POINT('',(-0.0824713624549608,0.002,-0.00218430120509935));
#14626=CARTESIAN_POINT('',(-0.0824713645104599,0.002,-0.00218429111691616));
#14627=CARTESIAN_POINT('',(-0.0824754797849149,0.002,-0.00228704351982872));
#14628=CARTESIAN_POINT('',(-0.0824752512687413,0.002,-0.00233627498673079));
#14629=CARTESIAN_POINT('',(-0.0823755015621809,0.002,-0.00222124440061906));
#14630=CARTESIAN_POINT('',(-0.0823754997931142,0.002,-0.00222124570053766));
#14631=CARTESIAN_POINT('',(-0.0824752512687413,0.002,-0.00233627498673079));
#14632=CARTESIAN_POINT('',(-0.0824632575007856,0.002,-0.00234074611406818));
#14633=CARTESIAN_POINT('',(-0.0823189896477085,0.002,-0.00230751371770226));
#14634=CARTESIAN_POINT('',(-0.0823188841472371,0.00200000025,-0.00230748941545192));
#14635=CARTESIAN_POINT('',(-0.0824632575007856,0.002,-0.00234074611406818));
#14636=CARTESIAN_POINT('',(-0.0822452674943344,0.002,-0.00265189269042739));
#14637=CARTESIAN_POINT('',(-0.0821715453409604,0.002,-0.00299627166315253));
#14638=CARTESIAN_POINT('',(-0.082171558694625,0.002,-0.00299627464093365));
#14639=CARTESIAN_POINT('',(-0.0822452674943344,0.002,-0.00265189269042739));
#14640=CARTESIAN_POINT('',(-0.083026425292839,0.002,-0.0031869043812022));
#14641=CARTESIAN_POINT('',(-0.0821505992138179,0.002,-0.00318560822418566));
#14642=CARTESIAN_POINT('',(-0.0821505992138179,0.002,-0.00318560822418566));
#14643=CARTESIAN_POINT('',(-0.083026425292839,0.002,-0.0031869043812022));
#14644=CARTESIAN_POINT('',(-0.0822202142834385,0.002,-0.00341827451881748));
#14645=CARTESIAN_POINT('',(-0.0822202142834385,0.0025,-0.00341827451881748));
#14646=CARTESIAN_POINT('',(-0.0821738042370248,0.002,-0.00336666216631605));
#14647=CARTESIAN_POINT('',(-0.0821738042370248,0.0025,-0.00336666216631605));
#14648=CARTESIAN_POINT('',(-0.0821505992138179,0.002,-0.0032891067347721));
#14649=CARTESIAN_POINT('',(-0.0821505992138179,0.0025,-0.0032891067347721));
#14650=CARTESIAN_POINT('',(-0.0821505992138179,0.002,-0.00318560822418566));
#14651=CARTESIAN_POINT('',(-0.0821505992138179,0.0025,-0.00318560822418566));
#14652=CARTESIAN_POINT('',(-0.0822202142834385,0.002,-0.00341827451881748));
#14653=CARTESIAN_POINT('',(-0.0822202142834385,0.002,-0.00341827451881748));
#14654=CARTESIAN_POINT('',(-0.0822202142834385,0.002,-0.00341827451881748));
#14655=CARTESIAN_POINT('',(-0.0821505992138179,0.002,-0.00334085599006533));
#14656=CARTESIAN_POINT('',(-0.0821505992138179,0.002,-0.00318560822418566));
#14657=CARTESIAN_POINT('',(-0.0824187917829169,0.002,-0.00349569304756965));
#14658=CARTESIAN_POINT('',(-0.0824187917829169,0.0025,-0.00349569304756965));
#14659=CARTESIAN_POINT('',(-0.0823328168296784,0.002,-0.00349569304756965));
#14660=CARTESIAN_POINT('',(-0.0823328168296784,0.0025,-0.00349569304756965));
#14661=CARTESIAN_POINT('',(-0.0822666243298523,0.002,-0.00346988687131893));
#14662=CARTESIAN_POINT('',(-0.0822666243298523,0.0025,-0.00346988687131893));
#14663=CARTESIAN_POINT('',(-0.0822202142834385,0.002,-0.00341827451881748));
#14664=CARTESIAN_POINT('',(-0.0822202142834385,0.0025,-0.00341827451881748));
#14665=CARTESIAN_POINT('',(-0.0824187917829169,0.002,-0.00349569304756965));
#14666=CARTESIAN_POINT('',(-0.0824187917829169,0.002,-0.00349569304756965));
#14667=CARTESIAN_POINT('',(-0.0824187917829169,0.002,-0.00349569304756965));
#14668=CARTESIAN_POINT('',(-0.0822898293530592,0.002,-0.00349569304756965));
#14669=CARTESIAN_POINT('',(-0.0822202142834385,0.002,-0.00341827451881748));
#14670=CARTESIAN_POINT('',(-0.0828812494135531,0.002,-0.00324351810510903));
#14671=CARTESIAN_POINT('',(-0.0828812494135531,0.0025,-0.00324351810510903));
#14672=CARTESIAN_POINT('',(-0.0827342158151803,0.002,-0.00341163473341611));
#14673=CARTESIAN_POINT('',(-0.0827342158151803,0.0025,-0.00341163473341611));
#14674=CARTESIAN_POINT('',(-0.0825800632716349,0.002,-0.00349569304756965));
#14675=CARTESIAN_POINT('',(-0.0825800632716349,0.0025,-0.00349569304756965));
#14676=CARTESIAN_POINT('',(-0.0824187917829169,0.002,-0.00349569304756965));
#14677=CARTESIAN_POINT('',(-0.0824187917829169,0.0025,-0.00349569304756965));
#14678=CARTESIAN_POINT('',(-0.0828812494135531,0.002,-0.00324351810510903));
#14679=CARTESIAN_POINT('',(-0.0828812494135531,0.002,-0.00324351810510903));
#14680=CARTESIAN_POINT('',(-0.0828812494135531,0.002,-0.00324351810510903));
#14681=CARTESIAN_POINT('',(-0.0826606990159939,0.002,-0.00349569304756965));
#14682=CARTESIAN_POINT('',(-0.0824187917829169,0.002,-0.00349569304756965));
#14683=CARTESIAN_POINT('',(-0.0829564090462409,0.002,-0.0034326493119545));
#14684=CARTESIAN_POINT('',(-0.0829564090462409,0.0025,-0.0034326493119545));
#14685=CARTESIAN_POINT('',(-0.0829117787361203,0.002,-0.00339062015487773));
#14686=CARTESIAN_POINT('',(-0.0829117787361203,0.0025,-0.00339062015487773));
#14687=CARTESIAN_POINT('',(-0.0828867255252244,0.002,-0.00332757641926257));
#14688=CARTESIAN_POINT('',(-0.0828867255252244,0.0025,-0.00332757641926257));
#14689=CARTESIAN_POINT('',(-0.0828812494135531,0.002,-0.00324351810510903));
#14690=CARTESIAN_POINT('',(-0.0828812494135531,0.0025,-0.00324351810510903));
#14691=CARTESIAN_POINT('',(-0.0829564090462409,0.002,-0.0034326493119545));
#14692=CARTESIAN_POINT('',(-0.0829564090462409,0.002,-0.0034326493119545));
#14693=CARTESIAN_POINT('',(-0.0829564090462409,0.002,-0.0034326493119545));
#14694=CARTESIAN_POINT('',(-0.08288946358106,0.002,-0.00336960557633934));
#14695=CARTESIAN_POINT('',(-0.0828812494135531,0.002,-0.00324351810510903));
#14696=CARTESIAN_POINT('',(-0.0831191844746157,0.002,-0.00325092779004294));
#14697=CARTESIAN_POINT('',(-0.0831309601057617,0.002,-0.00349569304756965));
#14698=CARTESIAN_POINT('',(-0.0831309601057617,0.002,-0.00349569304756965));
#14699=CARTESIAN_POINT('',(-0.0831191844746157,0.002,-0.00325092779004294));
#14700=CARTESIAN_POINT('',(-0.0836303814901788,0.002,-0.00318560822418566));
#14701=CARTESIAN_POINT('',(-0.0836303814901788,0.0025,-0.00318560822418566));
#14702=CARTESIAN_POINT('',(-0.0834762289466334,0.002,-0.00339233143977499));
#14703=CARTESIAN_POINT('',(-0.0834762289466334,0.0025,-0.00339233143977499));
#14704=CARTESIAN_POINT('',(-0.0833097551518277,0.002,-0.00349569304756965));
#14705=CARTESIAN_POINT('',(-0.0833097551518277,0.0025,-0.00349569304756965));
#14706=CARTESIAN_POINT('',(-0.0831309601057617,0.002,-0.00349569304756965));
#14707=CARTESIAN_POINT('',(-0.0831309601057617,0.0025,-0.00349569304756965));
#14708=CARTESIAN_POINT('',(-0.0836303814901788,0.002,-0.00318560822418566));
#14709=CARTESIAN_POINT('',(-0.0836303814901788,0.002,-0.00318560822418566));
#14710=CARTESIAN_POINT('',(-0.0836303814901788,0.002,-0.00318560822418566));
#14711=CARTESIAN_POINT('',(-0.0833991526748607,0.002,-0.00349569304756965));
#14712=CARTESIAN_POINT('',(-0.0831309601057617,0.002,-0.00349569304756965));
#14713=CARTESIAN_POINT('',(-0.0836106674881623,0.002,-0.0032776069002625));
#14714=CARTESIAN_POINT('',(-0.0835909534861459,0.002,-0.00336960557633933));
#14715=CARTESIAN_POINT('',(-0.083591057958444,0.002,-0.00336963127631307));
#14716=CARTESIAN_POINT('',(-0.0836106674881623,0.002,-0.0032776069002625));
#14717=CARTESIAN_POINT('',(-0.0836921336814908,0.002,-0.00339449569945364));
#14718=CARTESIAN_POINT('',(-0.083609640717224,0.002,-0.00345770252285042));
#14719=CARTESIAN_POINT('',(-0.0836095954752853,0.002,-0.00345773717878648));
#14720=CARTESIAN_POINT('',(-0.0836921336814908,0.002,-0.00339449569945364));
#14721=CARTESIAN_POINT('',(-0.0836860050752807,0.002,-0.0033992214932778));
#14722=CARTESIAN_POINT('',(-0.0836911663297296,0.002,-0.00349569304756965));
#14723=CARTESIAN_POINT('',(-0.0836911605802226,0.002,-0.00349567620205517));
#14724=CARTESIAN_POINT('',(-0.0836860050752807,0.002,-0.0033992214932778));
#14725=CARTESIAN_POINT('',(-0.0836865468607996,0.002,-0.00334697233012504));
#14726=CARTESIAN_POINT('',(-0.0837861599759383,0.002,-0.00345787214609866));
#14727=CARTESIAN_POINT('',(-0.0837861599759381,0.002,-0.00345787214609858));
#14728=CARTESIAN_POINT('',(-0.0836865468607996,0.002,-0.00334697233012504));
#14729=CARTESIAN_POINT('',(-0.0836922348850518,0.002,-0.00333364327054836));
#14730=CARTESIAN_POINT('',(-0.0838435391369818,0.002,-0.00336960557633934));
#14731=CARTESIAN_POINT('',(-0.083843646148156,0.00200000025,-0.00336963101097531));
#14732=CARTESIAN_POINT('',(-0.0836922348850518,0.002,-0.00333364327054836));
#14733=CARTESIAN_POINT('',(-0.0839564839402012,0.002,-0.0028385596470208));
#14734=CARTESIAN_POINT('',(-0.0840694287434205,0.002,-0.00230751371770226));
#14735=CARTESIAN_POINT('',(-0.0840695014566295,0.002,-0.00230753203175287));
#14736=CARTESIAN_POINT('',(-0.0839564839402012,0.002,-0.0028385596470208));
#14737=CARTESIAN_POINT('',(-0.0839823676269423,0.002,-0.0022855859040961));
#14738=CARTESIAN_POINT('',(-0.0840721801254047,0.002,-0.00228098884597529));
#14739=CARTESIAN_POINT('',(-0.0840721801254047,0.002,-0.0022809888459753));
#14740=CARTESIAN_POINT('',(-0.0839823676269423,0.002,-0.0022855859040961));
#14741=CARTESIAN_POINT('',(-0.083980768364259,0.002,-0.00227847417733877));
#14742=CARTESIAN_POINT('',(-0.083980768364259,0.002,-0.00227847417733877));
#14743=CARTESIAN_POINT('',(-0.0851996981923645,0.002,-0.00313837676102121));
#14744=CARTESIAN_POINT('',(-0.0872717464909455,0.002,-0.00228658022066527));
#14745=CARTESIAN_POINT('',(-0.087268025570592,0.002,-0.00218676545535141));
#14746=CARTESIAN_POINT('',(-0.087268030062887,0.002,-0.00218674798917729));
#14747=CARTESIAN_POINT('',(-0.0872717464909455,0.002,-0.00228658022066527));
#14748=CARTESIAN_POINT('',(-0.0873417104246277,0.00200000025,-0.00221576571816817));
#14749=CARTESIAN_POINT('',(-0.0873417477239661,0.002,-0.00221572039581309));
#14750=CARTESIAN_POINT('',(-0.0872688138292578,0.002,-0.0023371788614564));
#14751=CARTESIAN_POINT('',(-0.0871419380993617,0.002,-0.00225494304565835));
#14752=CARTESIAN_POINT('',(-0.0871421709003189,0.00200000025,-0.00225509393800514));
#14753=CARTESIAN_POINT('',(-0.0872688138292578,0.002,-0.0023371788614564));
#14754=CARTESIAN_POINT('',(-0.0866162313789226,0.002,-0.0029870307247073));
#14755=CARTESIAN_POINT('',(-0.0860905246584836,0.002,-0.00371911840375626));
#14756=CARTESIAN_POINT('',(-0.0860907166495045,0.002,-0.00371922907034985));
#14757=CARTESIAN_POINT('',(-0.0866162313789226,0.002,-0.0029870307247073));
#14758=CARTESIAN_POINT('',(-0.0862748415124457,0.002,-0.00382536148884219));
#14759=CARTESIAN_POINT('',(-0.0860642393224616,0.002,-0.00380331362070158));
#14760=CARTESIAN_POINT('',(-0.086064024856802,0.002,-0.00380326413835245));
#14761=CARTESIAN_POINT('',(-0.0862748415124457,0.002,-0.00382536148884219));
#14762=CARTESIAN_POINT('',(-0.0861630885244346,0.002,-0.00380587838452236));
#14763=CARTESIAN_POINT('',(-0.0860917567836096,0.002,-0.00387416081544825));
#14764=CARTESIAN_POINT('',(-0.0860917108283618,0.002,-0.00387420539728105));
#14765=CARTESIAN_POINT('',(-0.0861630885244346,0.002,-0.00380587838452236));
#14766=CARTESIAN_POINT('',(-0.0861597349174396,0.002,-0.00380796431992654));
#14767=CARTESIAN_POINT('',(-0.08616404145767,0.002,-0.00390311575590993));
#14768=CARTESIAN_POINT('',(-0.086164036108101,0.00200000025,-0.00390299755913325));
#14769=CARTESIAN_POINT('',(-0.0861597349174396,0.002,-0.00380796431992654));
#14770=CARTESIAN_POINT('',(-0.0865938477724664,0.002,-0.00390311575590993));
#14771=CARTESIAN_POINT('',(-0.0870236540872629,0.002,-0.00390311575590993));
#14772=CARTESIAN_POINT('',(-0.087023658657888,0.002,-0.0039032748062198));
#14773=CARTESIAN_POINT('',(-0.0865938477724664,0.002,-0.00390311575590993));
#14774=CARTESIAN_POINT('',(-0.087019219222518,0.002,-0.00374878968356139));
#14775=CARTESIAN_POINT('',(-0.0871314737208139,0.002,-0.00385524858189847));
#14776=CARTESIAN_POINT('',(-0.0871314737208138,0.002,-0.00385524858189743));
#14777=CARTESIAN_POINT('',(-0.087019219222518,0.002,-0.00374878968356139));
#14778=CARTESIAN_POINT('',(-0.0870393699404405,0.002,-0.00374665832555318));
#14779=CARTESIAN_POINT('',(-0.0871813661033946,0.002,-0.00375074294865767));
#14780=CARTESIAN_POINT('',(-0.0871814155163929,0.002,-0.00375074104801792));
#14781=CARTESIAN_POINT('',(-0.0870393699404405,0.002,-0.00374665832555318));
#14782=CARTESIAN_POINT('',(-0.0870862146673821,0.002,-0.00374643640844313));
#14783=CARTESIAN_POINT('',(-0.0871525923438348,0.002,-0.00367845609066663));
#14784=CARTESIAN_POINT('',(-0.0871525923438348,0.002,-0.00367845609066663));
#14785=CARTESIAN_POINT('',(-0.0870862146673821,0.002,-0.00374643640844313));
#14786=CARTESIAN_POINT('',(-0.0870828063395164,0.002,-0.00375368312817717));
#14787=CARTESIAN_POINT('',(-0.0870786890095589,0.002,-0.00365094081344931));
#14788=CARTESIAN_POINT('',(-0.0870786932724998,0.00200000025,-0.00365104718928537));
#14789=CARTESIAN_POINT('',(-0.0870828063395164,0.002,-0.00375368312817717));
#14790=CARTESIAN_POINT('',(-0.0867501223092845,0.002,-0.00365094081344931));
#14791=CARTESIAN_POINT('',(-0.08642155560901,0.002,-0.00365094081344931));
#14792=CARTESIAN_POINT('',(-0.08642155560901,0.002,-0.00365094081344931));
#14793=CARTESIAN_POINT('',(-0.0867501223092845,0.002,-0.00365094081344931));
#14794=CARTESIAN_POINT('',(-0.0868776472598285,0.002,-0.00301475354004296));
#14795=CARTESIAN_POINT('',(-0.0873337389106469,0.002,-0.00237856626663661));
#14796=CARTESIAN_POINT('',(-0.0873335142202819,0.002,-0.00237839260299352));
#14797=CARTESIAN_POINT('',(-0.0868776472598285,0.002,-0.00301475354004296));
#14798=CARTESIAN_POINT('',(-0.0871862876660878,0.002,-0.00226460089786998));
#14799=CARTESIAN_POINT('',(-0.0873707026644278,0.002,-0.00228122838168031));
#14800=CARTESIAN_POINT('',(-0.0873710142419467,0.002,-0.00228127714400791));
#14801=CARTESIAN_POINT('',(-0.0871862876660878,0.002,-0.00226460089786998));
#14802=CARTESIAN_POINT('',(-0.0872805319309038,0.002,-0.00228237257497276));
#14803=CARTESIAN_POINT('',(-0.0872805319309038,0.002,-0.00228237257497276));
#14804=CARTESIAN_POINT('',(-0.0851996981923645,0.002,-0.00313837676102121));
#14805=CARTESIAN_POINT('',(-0.0860658924021671,0.002,-0.00228704351982721));
#14806=CARTESIAN_POINT('',(-0.0860617750722095,0.002,-0.00218430120509935));
#14807=CARTESIAN_POINT('',(-0.0860617802764992,0.002,-0.00218434554910669));
#14808=CARTESIAN_POINT('',(-0.0860658924021671,0.002,-0.00228704351982721));
#14809=CARTESIAN_POINT('',(-0.0861355395837403,0.002,-0.00221177288800983));
#14810=CARTESIAN_POINT('',(-0.0861354972255836,0.002,-0.00221181866624734));
#14811=CARTESIAN_POINT('',(-0.0860633291411591,0.002,-0.00233430797291492));
#14812=CARTESIAN_POINT('',(-0.0859640262188933,0.002,-0.00222169977836194));
#14813=CARTESIAN_POINT('',(-0.0859640262188933,0.002,-0.00222169977836198));
#14814=CARTESIAN_POINT('',(-0.0860633291411591,0.002,-0.00233430797291492));
#14815=CARTESIAN_POINT('',(-0.086055548906285,0.002,-0.00234056924917497));
#14816=CARTESIAN_POINT('',(-0.0859094022649573,0.002,-0.00230751371770226));
#14817=CARTESIAN_POINT('',(-0.0859093130677724,0.00200000025,-0.00230749354303162));
#14818=CARTESIAN_POINT('',(-0.086055548906285,0.002,-0.00234056924917497));
#14819=CARTESIAN_POINT('',(-0.0858699742609243,0.002,-0.00250075200830116));
#14820=CARTESIAN_POINT('',(-0.0858305462568914,0.002,-0.00269399029890006));
#14821=CARTESIAN_POINT('',(-0.0858306996186752,0.002,-0.00269402627339891));
#14822=CARTESIAN_POINT('',(-0.0858699742609243,0.002,-0.00250075200830116));
#14823=CARTESIAN_POINT('',(-0.0850375679762268,0.002,-0.00250797918493101));
#14824=CARTESIAN_POINT('',(-0.0856674950318802,0.002,-0.00302543195780188));
#14825=CARTESIAN_POINT('',(-0.0856673434473019,0.002,-0.00302530837160742));
#14826=CARTESIAN_POINT('',(-0.0850375679762268,0.002,-0.00250797918493101));
#14827=CARTESIAN_POINT('',(-0.0849237120644013,0.002,-0.00239220858856145));
#14828=CARTESIAN_POINT('',(-0.0854915064930457,0.002,-0.00318684034931169));
#14829=CARTESIAN_POINT('',(-0.0854915064930457,0.002,-0.00318684034931169));
#14830=CARTESIAN_POINT('',(-0.0849237120644013,0.002,-0.00239220858856145));
#14831=CARTESIAN_POINT('',(-0.0853126429955839,0.002,-0.00325378581449261));
#14832=CARTESIAN_POINT('',(-0.0853126429955839,0.0025,-0.00325378581449261));
#14833=CARTESIAN_POINT('',(-0.0853687731402141,0.002,-0.00325378581449261));
#14834=CARTESIAN_POINT('',(-0.0853687731402141,0.0025,-0.00325378581449261));
#14835=CARTESIAN_POINT('',(-0.0854283943060347,0.002,-0.0032314706594323));
#14836=CARTESIAN_POINT('',(-0.0854283943060347,0.0025,-0.0032314706594323));
#14837=CARTESIAN_POINT('',(-0.0854915064930457,0.002,-0.00318684034931169));
#14838=CARTESIAN_POINT('',(-0.0854915064930457,0.0025,-0.00318684034931169));
#14839=CARTESIAN_POINT('',(-0.0853126429955839,0.002,-0.00325378581449261));
#14840=CARTESIAN_POINT('',(-0.0853126429955839,0.002,-0.00325378581449261));
#14841=CARTESIAN_POINT('',(-0.0853126429955839,0.002,-0.00325378581449261));
#14842=CARTESIAN_POINT('',(-0.0853968382125292,0.002,-0.00325378581449261));
#14843=CARTESIAN_POINT('',(-0.0854915064930457,0.002,-0.00318684034931169));
#14844=CARTESIAN_POINT('',(-0.0853038549354403,0.002,-0.00316710245471619));
#14845=CARTESIAN_POINT('',(-0.0852403583215235,0.002,-0.00322503622821859));
#14846=CARTESIAN_POINT('',(-0.0852400808246333,0.002,-0.00322526902846926));
#14847=CARTESIAN_POINT('',(-0.0853038549354403,0.002,-0.00316710245471619));
#14848=CARTESIAN_POINT('',(-0.0853692182442632,0.002,-0.00314787204802847));
#14849=CARTESIAN_POINT('',(-0.085218180069255,0.002,-0.00313550180239381));
#14850=CARTESIAN_POINT('',(-0.0852183602575665,0.002,-0.00313552278491976));
#14851=CARTESIAN_POINT('',(-0.0853692182442632,0.002,-0.00314787204802847));
#14852=CARTESIAN_POINT('',(-0.0858758353105155,0.002,-0.00315883340527729));
#14853=CARTESIAN_POINT('',(-0.085233786987518,0.002,-0.0030122892897909));
#14854=CARTESIAN_POINT('',(-0.0852338955199044,0.00200000025,-0.00301231406173096));
#14855=CARTESIAN_POINT('',(-0.0858758353105155,0.002,-0.00315883340527729));
#14856=CARTESIAN_POINT('',(-0.0853087412660181,0.002,-0.00265990150374658));
#14857=CARTESIAN_POINT('',(-0.0853836955445182,0.002,-0.00230751371770226));
#14858=CARTESIAN_POINT('',(-0.085383759480035,0.002,-0.00230752746388883));
#14859=CARTESIAN_POINT('',(-0.0853087412660181,0.002,-0.00265990150374658));
#14860=CARTESIAN_POINT('',(-0.0852817900828998,0.002,-0.00228560396305576));
#14861=CARTESIAN_POINT('',(-0.0853860423446695,0.002,-0.00228075528336056));
#14862=CARTESIAN_POINT('',(-0.0853860423446695,0.002,-0.00228075528336054));
#14863=CARTESIAN_POINT('',(-0.0852817900828998,0.002,-0.00228560396305576));
#14864=CARTESIAN_POINT('',(-0.0852946244569833,0.002,-0.00227847417733739));
#14865=CARTESIAN_POINT('',(-0.0853572048543086,0.002,-0.00221181866624734));
#14866=CARTESIAN_POINT('',(-0.0853572423294554,0.002,-0.00221177844116104));
#14867=CARTESIAN_POINT('',(-0.0852946244569833,0.002,-0.00227847417733739));
#14868=CARTESIAN_POINT('',(-0.0852877947658287,0.002,-0.00228647015107222));
#14869=CARTESIAN_POINT('',(-0.0852838934093098,0.002,-0.00218430120509935));
#14870=CARTESIAN_POINT('',(-0.0852838988607665,0.002,-0.00218436829358556));
#14871=CARTESIAN_POINT('',(-0.0852877947658287,0.002,-0.00228647015107222));
#14872=CARTESIAN_POINT('',(-0.0852843470921173,0.002,-0.00233303415213528));
#14873=CARTESIAN_POINT('',(-0.0851877876494796,0.002,-0.00221962212537885));
#14874=CARTESIAN_POINT('',(-0.0851878366190196,0.002,-0.0022196799570998));
#14875=CARTESIAN_POINT('',(-0.0852843470921173,0.002,-0.00233303415213528));
#14876=CARTESIAN_POINT('',(-0.0852872095370251,0.002,-0.00234615489391731));
#14877=CARTESIAN_POINT('',(-0.085131199002646,0.002,-0.00230708749723772));
#14878=CARTESIAN_POINT('',(-0.085131199002646,0.002,-0.00230708749723772));
#14879=CARTESIAN_POINT('',(-0.0852872095370251,0.002,-0.00234615489391731));
#14880=CARTESIAN_POINT('',(-0.085079976700952,0.002,-0.00255209055521903));
#14881=CARTESIAN_POINT('',(-0.0850288435082218,0.002,-0.0027966673927358));
#14882=CARTESIAN_POINT('',(-0.0850288113609364,0.002,-0.00279666010136283));
#14883=CARTESIAN_POINT('',(-0.085079976700952,0.002,-0.00255209055521903));
#14884=CARTESIAN_POINT('',(-0.0843449779563438,0.002,-0.00264155884329048));
#14885=CARTESIAN_POINT('',(-0.0849300681439518,0.002,-0.00302789620805394));
#14886=CARTESIAN_POINT('',(-0.0849299498270362,0.002,-0.00302782157303666));
#14887=CARTESIAN_POINT('',(-0.0843449779563438,0.002,-0.00264155884329048));
#14888=CARTESIAN_POINT('',(-0.0844334313749863,0.002,-0.00271224333096165));
#14889=CARTESIAN_POINT('',(-0.0847711240026941,0.002,-0.00319341168331718));
#14890=CARTESIAN_POINT('',(-0.0847709693864531,0.002,-0.00319321850016435));
#14891=CARTESIAN_POINT('',(-0.0844334313749863,0.002,-0.00271224333096165));
#14892=CARTESIAN_POINT('',(-0.0845855956417322,0.002,-0.0029499456781701));
#14893=CARTESIAN_POINT('',(-0.0846054031732432,0.002,-0.00325378581449261));
#14894=CARTESIAN_POINT('',(-0.0846053978750507,0.002,-0.00325386586206187));
#14895=CARTESIAN_POINT('',(-0.0845855956417322,0.002,-0.0029499456781701));
#14896=CARTESIAN_POINT('',(-0.0845959286410842,0.002,-0.0031563217104912));
#14897=CARTESIAN_POINT('',(-0.0845253150400513,0.002,-0.00322236662377886));
#14898=CARTESIAN_POINT('',(-0.0845250235594851,0.002,-0.00322262166802316));
#14899=CARTESIAN_POINT('',(-0.0845959286410842,0.002,-0.0031563217104912));
#14900=CARTESIAN_POINT('',(-0.0846594150252281,0.002,-0.00313835934109077));
#14901=CARTESIAN_POINT('',(-0.0845002618291553,0.002,-0.00312523409301023));
#14902=CARTESIAN_POINT('',(-0.0845006019939093,0.002,-0.00312528952777783));
#14903=CARTESIAN_POINT('',(-0.0846594150252281,0.002,-0.00313835934109077));
#14904=CARTESIAN_POINT('',(-0.0849847671210317,0.002,-0.00312426176053262));
#14905=CARTESIAN_POINT('',(-0.0845135033969139,0.002,-0.00301182432541963));
#14906=CARTESIAN_POINT('',(-0.0845135033969139,0.002,-0.00301182432541963));
#14907=CARTESIAN_POINT('',(-0.0849847671210317,0.002,-0.00312426176053262));
#14908=CARTESIAN_POINT('',(-0.0845883587756664,0.002,-0.00265990150374658));
#14909=CARTESIAN_POINT('',(-0.0846633130541665,0.002,-0.00230751371770226));
#14910=CARTESIAN_POINT('',(-0.0846633857673755,0.002,-0.00230753203175287));
#14911=CARTESIAN_POINT('',(-0.0845883587756664,0.002,-0.00265990150374658));
#14912=CARTESIAN_POINT('',(-0.0845762519376885,0.002,-0.00228558590409612));
#14913=CARTESIAN_POINT('',(-0.0846660644361509,0.002,-0.00228098884597874));
#14914=CARTESIAN_POINT('',(-0.0846660644361508,0.002,-0.00228098884597874));
#14915=CARTESIAN_POINT('',(-0.0845762519376885,0.002,-0.00228558590409612));
#14916=CARTESIAN_POINT('',(-0.0845746526750006,0.002,-0.00227847417734059));
#14917=CARTESIAN_POINT('',(-0.0846372330723322,0.002,-0.00221181866624734));
#14918=CARTESIAN_POINT('',(-0.0846372754913784,0.002,-0.00221177294432594));
#14919=CARTESIAN_POINT('',(-0.0845746526750006,0.002,-0.00227847417734059));
#14920=CARTESIAN_POINT('',(-0.0845676282489052,0.002,-0.00228704351984742));
#14921=CARTESIAN_POINT('',(-0.0845635109189582,0.002,-0.00218430120509935));
#14922=CARTESIAN_POINT('',(-0.0845635129744573,0.002,-0.00218429111691566));
#14923=CARTESIAN_POINT('',(-0.0845676282489052,0.002,-0.00228704351984742));
#14924=CARTESIAN_POINT('',(-0.0845673997327385,0.002,-0.00233627498673019));
#14925=CARTESIAN_POINT('',(-0.0844676500261788,0.002,-0.00222124440061872));
#14926=CARTESIAN_POINT('',(-0.0844676482571121,0.002,-0.00222124570053732));
#14927=CARTESIAN_POINT('',(-0.0845673997327385,0.002,-0.00233627498673019));
#14928=CARTESIAN_POINT('',(-0.084555405964783,0.002,-0.0023407461140682));
#14929=CARTESIAN_POINT('',(-0.0844111381117059,0.002,-0.00230751371770226));
#14930=CARTESIAN_POINT('',(-0.0844110326112345,0.00200000025,-0.00230748941545192));
#14931=CARTESIAN_POINT('',(-0.084555405964783,0.002,-0.0023407461140682));
#14932=CARTESIAN_POINT('',(-0.0843374159583318,0.002,-0.00265189269042739));
#14933=CARTESIAN_POINT('',(-0.0842636938049578,0.002,-0.00299627166315253));
#14934=CARTESIAN_POINT('',(-0.0842637071586224,0.002,-0.00299627464093364));
#14935=CARTESIAN_POINT('',(-0.0843374159583318,0.002,-0.00265189269042739));
#14936=CARTESIAN_POINT('',(-0.0851185737568363,0.002,-0.00318690438120212));
#14937=CARTESIAN_POINT('',(-0.0842427476778153,0.002,-0.00318560822418566));
#14938=CARTESIAN_POINT('',(-0.0842427476778153,0.002,-0.00318560822418566));
#14939=CARTESIAN_POINT('',(-0.0851185737568363,0.002,-0.00318690438120212));
#14940=CARTESIAN_POINT('',(-0.0843123627474359,0.002,-0.00341827451881748));
#14941=CARTESIAN_POINT('',(-0.0843123627474359,0.0025,-0.00341827451881748));
#14942=CARTESIAN_POINT('',(-0.0842659527010222,0.002,-0.00336666216631605));
#14943=CARTESIAN_POINT('',(-0.0842659527010222,0.0025,-0.00336666216631605));
#14944=CARTESIAN_POINT('',(-0.0842427476778153,0.002,-0.0032891067347721));
#14945=CARTESIAN_POINT('',(-0.0842427476778153,0.0025,-0.0032891067347721));
#14946=CARTESIAN_POINT('',(-0.0842427476778153,0.002,-0.00318560822418566));
#14947=CARTESIAN_POINT('',(-0.0842427476778153,0.0025,-0.00318560822418566));
#14948=CARTESIAN_POINT('',(-0.0843123627474359,0.002,-0.00341827451881748));
#14949=CARTESIAN_POINT('',(-0.0843123627474359,0.002,-0.00341827451881748));
#14950=CARTESIAN_POINT('',(-0.0843123627474359,0.002,-0.00341827451881748));
#14951=CARTESIAN_POINT('',(-0.0842427476778153,0.002,-0.00334085599006533));
#14952=CARTESIAN_POINT('',(-0.0842427476778153,0.002,-0.00318560822418566));
#14953=CARTESIAN_POINT('',(-0.0845109402469143,0.002,-0.00349569304756965));
#14954=CARTESIAN_POINT('',(-0.0845109402469143,0.0025,-0.00349569304756965));
#14955=CARTESIAN_POINT('',(-0.0844249652936758,0.002,-0.00349569304756965));
#14956=CARTESIAN_POINT('',(-0.0844249652936758,0.0025,-0.00349569304756965));
#14957=CARTESIAN_POINT('',(-0.0843587727938496,0.002,-0.00346988687131893));
#14958=CARTESIAN_POINT('',(-0.0843587727938496,0.0025,-0.00346988687131893));
#14959=CARTESIAN_POINT('',(-0.0843123627474359,0.002,-0.00341827451881748));
#14960=CARTESIAN_POINT('',(-0.0843123627474359,0.0025,-0.00341827451881748));
#14961=CARTESIAN_POINT('',(-0.0845109402469143,0.002,-0.00349569304756965));
#14962=CARTESIAN_POINT('',(-0.0845109402469143,0.002,-0.00349569304756965));
#14963=CARTESIAN_POINT('',(-0.0845109402469143,0.002,-0.00349569304756965));
#14964=CARTESIAN_POINT('',(-0.0843819778170565,0.002,-0.00349569304756965));
#14965=CARTESIAN_POINT('',(-0.0843123627474359,0.002,-0.00341827451881748));
#14966=CARTESIAN_POINT('',(-0.0849733978775505,0.002,-0.00324351810510903));
#14967=CARTESIAN_POINT('',(-0.0849733978775505,0.0025,-0.00324351810510903));
#14968=CARTESIAN_POINT('',(-0.0848263642791777,0.002,-0.00341163473341611));
#14969=CARTESIAN_POINT('',(-0.0848263642791777,0.0025,-0.00341163473341611));
#14970=CARTESIAN_POINT('',(-0.0846722117356323,0.002,-0.00349569304756965));
#14971=CARTESIAN_POINT('',(-0.0846722117356323,0.0025,-0.00349569304756965));
#14972=CARTESIAN_POINT('',(-0.0845109402469143,0.002,-0.00349569304756965));
#14973=CARTESIAN_POINT('',(-0.0845109402469143,0.0025,-0.00349569304756965));
#14974=CARTESIAN_POINT('',(-0.0849733978775505,0.002,-0.00324351810510903));
#14975=CARTESIAN_POINT('',(-0.0849733978775505,0.002,-0.00324351810510903));
#14976=CARTESIAN_POINT('',(-0.0849733978775505,0.002,-0.00324351810510903));
#14977=CARTESIAN_POINT('',(-0.0847528474799913,0.002,-0.00349569304756965));
#14978=CARTESIAN_POINT('',(-0.0845109402469143,0.002,-0.00349569304756965));
#14979=CARTESIAN_POINT('',(-0.0850485575102383,0.002,-0.0034326493119545));
#14980=CARTESIAN_POINT('',(-0.0850485575102383,0.0025,-0.0034326493119545));
#14981=CARTESIAN_POINT('',(-0.0850039272001177,0.002,-0.00339062015487773));
#14982=CARTESIAN_POINT('',(-0.0850039272001177,0.0025,-0.00339062015487773));
#14983=CARTESIAN_POINT('',(-0.0849788739892218,0.002,-0.00332757641926257));
#14984=CARTESIAN_POINT('',(-0.0849788739892218,0.0025,-0.00332757641926257));
#14985=CARTESIAN_POINT('',(-0.0849733978775505,0.002,-0.00324351810510903));
#14986=CARTESIAN_POINT('',(-0.0849733978775505,0.0025,-0.00324351810510903));
#14987=CARTESIAN_POINT('',(-0.0850485575102383,0.002,-0.0034326493119545));
#14988=CARTESIAN_POINT('',(-0.0850485575102383,0.002,-0.0034326493119545));
#14989=CARTESIAN_POINT('',(-0.0850485575102383,0.002,-0.0034326493119545));
#14990=CARTESIAN_POINT('',(-0.0849816120450574,0.002,-0.00336960557633934));
#14991=CARTESIAN_POINT('',(-0.0849733978775505,0.002,-0.00324351810510903));
#14992=CARTESIAN_POINT('',(-0.0852113329386132,0.002,-0.00325092779004288));
#14993=CARTESIAN_POINT('',(-0.0852231085697591,0.002,-0.00349569304756965));
#14994=CARTESIAN_POINT('',(-0.0852231085697591,0.002,-0.00349569304756965));
#14995=CARTESIAN_POINT('',(-0.0852113329386132,0.002,-0.00325092779004288));
#14996=CARTESIAN_POINT('',(-0.0857225299541762,0.002,-0.00318560822418566));
#14997=CARTESIAN_POINT('',(-0.0857225299541762,0.0025,-0.00318560822418566));
#14998=CARTESIAN_POINT('',(-0.0855683774106308,0.002,-0.00339233143977499));
#14999=CARTESIAN_POINT('',(-0.0855683774106308,0.0025,-0.00339233143977499));
#15000=CARTESIAN_POINT('',(-0.0854019036158251,0.002,-0.00349569304756965));
#15001=CARTESIAN_POINT('',(-0.0854019036158251,0.0025,-0.00349569304756965));
#15002=CARTESIAN_POINT('',(-0.0852231085697591,0.002,-0.00349569304756965));
#15003=CARTESIAN_POINT('',(-0.0852231085697591,0.0025,-0.00349569304756965));
#15004=CARTESIAN_POINT('',(-0.0857225299541762,0.002,-0.00318560822418566));
#15005=CARTESIAN_POINT('',(-0.0857225299541762,0.002,-0.00318560822418566));
#15006=CARTESIAN_POINT('',(-0.0857225299541762,0.002,-0.00318560822418566));
#15007=CARTESIAN_POINT('',(-0.0854913011388581,0.002,-0.00349569304756965));
#15008=CARTESIAN_POINT('',(-0.0852231085697591,0.002,-0.00349569304756965));
#15009=CARTESIAN_POINT('',(-0.0857028159521597,0.002,-0.0032776069002625));
#15010=CARTESIAN_POINT('',(-0.0856831019501433,0.002,-0.00336960557633933));
#15011=CARTESIAN_POINT('',(-0.0856832064224414,0.002,-0.00336963127631307));
#15012=CARTESIAN_POINT('',(-0.0857028159521597,0.002,-0.0032776069002625));
#15013=CARTESIAN_POINT('',(-0.0857842821454882,0.002,-0.00339449569945366));
#15014=CARTESIAN_POINT('',(-0.0857017891812214,0.002,-0.00345770252285042));
#15015=CARTESIAN_POINT('',(-0.0857017439392831,0.002,-0.0034577371787861));
#15016=CARTESIAN_POINT('',(-0.0857842821454882,0.002,-0.00339449569945366));
#15017=CARTESIAN_POINT('',(-0.0857781535392472,0.002,-0.0033992214933286));
#15018=CARTESIAN_POINT('',(-0.085783314793727,0.002,-0.00349569304756965));
#15019=CARTESIAN_POINT('',(-0.0857833090442197,0.002,-0.00349567620205139));
#15020=CARTESIAN_POINT('',(-0.0857781535392472,0.002,-0.0033992214933286));
#15021=CARTESIAN_POINT('',(-0.085778695324797,0.002,-0.00334697233012498));
#15022=CARTESIAN_POINT('',(-0.085878308439928,0.002,-0.00345787214610558));
#15023=CARTESIAN_POINT('',(-0.0858783084399278,0.002,-0.0034578721461055));
#15024=CARTESIAN_POINT('',(-0.085778695324797,0.002,-0.00334697233012498));
#15025=CARTESIAN_POINT('',(-0.0857843833490308,0.002,-0.00333364327053653));
#15026=CARTESIAN_POINT('',(-0.0859356876009792,0.002,-0.00336960557633934));
#15027=CARTESIAN_POINT('',(-0.0859357946121538,0.00200000025,-0.00336963101097541));
#15028=CARTESIAN_POINT('',(-0.0857843833490308,0.002,-0.00333364327053653));
#15029=CARTESIAN_POINT('',(-0.0860486324041986,0.002,-0.0028385596470208));
#15030=CARTESIAN_POINT('',(-0.0861615772074179,0.002,-0.00230751371770226));
#15031=CARTESIAN_POINT('',(-0.0861616499206269,0.002,-0.00230753203175287));
#15032=CARTESIAN_POINT('',(-0.0860486324041986,0.002,-0.0028385596470208));
#15033=CARTESIAN_POINT('',(-0.0860745160909396,0.002,-0.00228558590409613));
#15034=CARTESIAN_POINT('',(-0.0861643285894022,0.002,-0.00228098884597863));
#15035=CARTESIAN_POINT('',(-0.0861643285894022,0.002,-0.00228098884597864));
#15036=CARTESIAN_POINT('',(-0.0860745160909396,0.002,-0.00228558590409613));
#15037=CARTESIAN_POINT('',(-0.086072916828252,0.002,-0.00227847417734059));
#15038=CARTESIAN_POINT('',(-0.086072916828252,0.002,-0.00227847417734059));
#15039=CARTESIAN_POINT('',(-0.0851996981923645,0.002,-0.00313837676102121));
#15040=CARTESIAN_POINT('',(-0.0883333726784232,0.002,-0.00230189810571123));
#15041=CARTESIAN_POINT('',(-0.0883272424706017,0.002,-0.00219990812336238));
#15042=CARTESIAN_POINT('',(-0.0883272531046588,0.00200000025,-0.00220008504514457));
#15043=CARTESIAN_POINT('',(-0.0883333726784232,0.002,-0.00230189810571123));
#15044=CARTESIAN_POINT('',(-0.0884024957106207,0.002,-0.00222732459607003));
#15045=CARTESIAN_POINT('',(-0.0884024021032895,0.002,-0.00222742558451037));
#15046=CARTESIAN_POINT('',(-0.0880670587148219,0.002,-0.00219990812336238));
#15047=CARTESIAN_POINT('',(-0.0878068749590421,0.002,-0.00219990812336238));
#15048=CARTESIAN_POINT('',(-0.0878068673067854,0.002,-0.00219971327605522));
#15049=CARTESIAN_POINT('',(-0.0880670587148219,0.002,-0.00219990812336238));
#15050=CARTESIAN_POINT('',(-0.0878129047772354,0.002,-0.00235344372447077));
#15051=CARTESIAN_POINT('',(-0.0877019389691419,0.002,-0.0022459074614008));
#15052=CARTESIAN_POINT('',(-0.0877021140851224,0.002,-0.00224607154837959));
#15053=CARTESIAN_POINT('',(-0.0878129047772354,0.002,-0.00235344372447077));
#15054=CARTESIAN_POINT('',(-0.087795356635034,0.002,-0.00235506872781851));
#15055=CARTESIAN_POINT('',(-0.0876520379015378,0.002,-0.00235515588924205));
#15056=CARTESIAN_POINT('',(-0.0876520744532131,0.002,-0.00235515931874418));
#15057=CARTESIAN_POINT('',(-0.087795356635034,0.002,-0.00235506872781851));
#15058=CARTESIAN_POINT('',(-0.0877460458768152,0.002,-0.0023583399704678));
#15059=CARTESIAN_POINT('',(-0.0876795553626857,0.002,-0.00242456560467502));
#15060=CARTESIAN_POINT('',(-0.0876794011873899,0.002,-0.00242473810140546));
#15061=CARTESIAN_POINT('',(-0.0877460458768152,0.002,-0.0023583399704678));
#15062=CARTESIAN_POINT('',(-0.0877512158813229,0.002,-0.00234244397002766));
#15063=CARTESIAN_POINT('',(-0.0877596434958776,0.002,-0.00245208306582301));
#15064=CARTESIAN_POINT('',(-0.0877596240236216,0.00200000025,-0.00245182974140671));
#15065=CARTESIAN_POINT('',(-0.0877512158813229,0.002,-0.00234244397002766));
#15066=CARTESIAN_POINT('',(-0.0878161158974873,0.002,-0.00245208306582301));
#15067=CARTESIAN_POINT('',(-0.087872588299097,0.002,-0.00245208306582301));
#15068=CARTESIAN_POINT('',(-0.087872588299097,0.002,-0.00245208306582301));
#15069=CARTESIAN_POINT('',(-0.0878161158974873,0.002,-0.00245208306582301));
#15070=CARTESIAN_POINT('',(-0.087718778012531,0.002,-0.00313960888614724));
#15071=CARTESIAN_POINT('',(-0.087564967725965,0.002,-0.00382713470647147));
#15072=CARTESIAN_POINT('',(-0.0875650784836165,0.002,-0.00382716838726371));
#15073=CARTESIAN_POINT('',(-0.087718778012531,0.002,-0.00313960888614724));
#15074=CARTESIAN_POINT('',(-0.0876320761025118,0.002,-0.00384754199442333));
#15075=CARTESIAN_POINT('',(-0.0875836549570431,0.002,-0.00389798190121814));
#15076=CARTESIAN_POINT('',(-0.0875835299833201,0.002,-0.00389812084783973));
#15077=CARTESIAN_POINT('',(-0.0876320761025118,0.002,-0.00384754199442333));
#15078=CARTESIAN_POINT('',(-0.0876575697405865,0.002,-0.00381592593108865));
#15079=CARTESIAN_POINT('',(-0.0876651805695487,0.002,-0.00392693684167983));
#15080=CARTESIAN_POINT('',(-0.08766519969493,0.002,-0.00392709016420929));
#15081=CARTESIAN_POINT('',(-0.0876575697405865,0.002,-0.00381592593108865));
#15082=CARTESIAN_POINT('',(-0.08764896827319,0.002,-0.00374943023773003));
#15083=CARTESIAN_POINT('',(-0.0877727861638886,0.002,-0.00387970537851538));
#15084=CARTESIAN_POINT('',(-0.0877725368138781,0.00200000025,-0.00387944302460564));
#15085=CARTESIAN_POINT('',(-0.08764896827319,0.002,-0.00374943023773003));
#15086=CARTESIAN_POINT('',(-0.0879567835160423,0.002,-0.0037166541535042));
#15087=CARTESIAN_POINT('',(-0.088140780868196,0.002,-0.00355360292849302));
#15088=CARTESIAN_POINT('',(-0.0881408137291613,0.002,-0.00355363853905349));
#15089=CARTESIAN_POINT('',(-0.0879567835160423,0.002,-0.0037166541535042));
#15090=CARTESIAN_POINT('',(-0.0880139940458421,0.002,-0.00341620739661557));
#15091=CARTESIAN_POINT('',(-0.0881787713929152,0.002,-0.00350493398601486));
#15092=CARTESIAN_POINT('',(-0.0881787109315255,0.002,-0.00350489986767411));
#15093=CARTESIAN_POINT('',(-0.0880139940458421,0.002,-0.00341620739661557));
#15094=CARTESIAN_POINT('',(-0.0880760950166181,0.002,-0.00344276685773491));
#15095=CARTESIAN_POINT('',(-0.0881958157904919,0.002,-0.00344599733415314));
#15096=CARTESIAN_POINT('',(-0.0881957823262685,0.002,-0.00344599505095842));
#15097=CARTESIAN_POINT('',(-0.0880760950166181,0.002,-0.00344276685773491));
#15098=CARTESIAN_POINT('',(-0.0880956081231246,0.002,-0.00344221832654002));
#15099=CARTESIAN_POINT('',(-0.0881671329162574,0.002,-0.00337220988105969));
#15100=CARTESIAN_POINT('',(-0.0881671303596451,0.002,-0.00337220734175707));
#15101=CARTESIAN_POINT('',(-0.0880956081231246,0.002,-0.00344221832654002));
#15102=CARTESIAN_POINT('',(-0.088097355456897,0.002,-0.00344245788035499));
#15103=CARTESIAN_POINT('',(-0.0880935494050315,0.002,-0.00334332024031738));
#15104=CARTESIAN_POINT('',(-0.0880933530365417,0.002,-0.00334340653543808));
#15105=CARTESIAN_POINT('',(-0.088097355456897,0.002,-0.00344245788035499));
#15106=CARTESIAN_POINT('',(-0.0880931488735997,0.002,-0.00349485797044198));
#15107=CARTESIAN_POINT('',(-0.0879937472698232,0.002,-0.00338028399409826));
#15108=CARTESIAN_POINT('',(-0.0879937870596353,0.00200000025,-0.00338032985731194));
#15109=CARTESIAN_POINT('',(-0.0880931488735997,0.002,-0.00349485797044198));
#15110=CARTESIAN_POINT('',(-0.0879397391184656,0.002,-0.00342628333213667));
#15111=CARTESIAN_POINT('',(-0.0878857309671079,0.002,-0.0034722826701751));
#15112=CARTESIAN_POINT('',(-0.0878857309671079,0.002,-0.0034722826701751));
#15113=CARTESIAN_POINT('',(-0.0879397391184656,0.002,-0.00342628333213667));
#15114=CARTESIAN_POINT('',(-0.088001345374767,0.002,-0.00296218286799905));
#15115=CARTESIAN_POINT('',(-0.0881169597824261,0.002,-0.00245208306582301));
#15116=CARTESIAN_POINT('',(-0.0881169597824261,0.002,-0.00245208306582301));
#15117=CARTESIAN_POINT('',(-0.088001345374767,0.002,-0.00296218286799905));
#15118=CARTESIAN_POINT('',(-0.0881958157904919,0.002,-0.00245208306582301));
#15119=CARTESIAN_POINT('',(-0.0882746717985578,0.002,-0.00245208306582301));
#15120=CARTESIAN_POINT('',(-0.0882746723323981,0.002,-0.00245215452852002));
#15121=CARTESIAN_POINT('',(-0.0881958157904919,0.002,-0.00245208306582301));
#15122=CARTESIAN_POINT('',(-0.0882735640749437,0.002,-0.00230379729731395));
#15123=CARTESIAN_POINT('',(-0.0883825997612447,0.002,-0.00240451236919937));
#15124=CARTESIAN_POINT('',(-0.0883825997612446,0.002,-0.00240451236919925));
#15125=CARTESIAN_POINT('',(-0.0882735640749437,0.002,-0.00230379729731395));
#15126=CARTESIAN_POINT('',(-0.0882820623270001,0.002,-0.00229587139446769));
#15127=CARTESIAN_POINT('',(-0.0884299195644375,0.002,-0.00229724600831869));
#15128=CARTESIAN_POINT('',(-0.0884299127074905,0.002,-0.00229724258137161));
#15129=CARTESIAN_POINT('',(-0.0882820623270001,0.002,-0.00229587139446769));
#15130=CARTESIAN_POINT('',(-0.0883353773207839,0.002,-0.00229383968597619));
#15131=CARTESIAN_POINT('',(-0.0883353773207839,0.002,-0.00229383968597619));
#15132=CARTESIAN_POINT('',(-0.0851996981923645,0.002,-0.00313837676102121));
#15133=CARTESIAN_POINT('',(0.00652539366558888,0.002,-0.000110944801284294));
#15134=CARTESIAN_POINT('',(0.00653063603976992,0.002,1.9871447370355E-5));
#15135=CARTESIAN_POINT('',(0.00653062941342861,0.002,1.98149865386148E-5));
#15136=CARTESIAN_POINT('',(0.00652539366558888,0.002,-0.000110944801284294));
#15137=CARTESIAN_POINT('',(0.0064367156652296,0.002,-1.51067649794273E-5));
#15138=CARTESIAN_POINT('',(0.00643676959758628,0.002,-1.5165051940532E-5));
#15139=CARTESIAN_POINT('',(0.00652865732758462,0.002,-0.000171124080485503));
#15140=CARTESIAN_POINT('',(0.0066550943832718,0.002,-2.77461391247968E-5));
#15141=CARTESIAN_POINT('',(0.00665509438327175,0.002,-2.7746139124854E-5));
#15142=CARTESIAN_POINT('',(0.00652865732758462,0.002,-0.000171124080485503));
#15143=CARTESIAN_POINT('',(0.00653856348107545,0.002,-0.000179096225887124));
#15144=CARTESIAN_POINT('',(0.00672464411804364,0.002,-0.000137008400290333));
#15145=CARTESIAN_POINT('',(0.00672475768800896,0.00200000025,-0.000136982712970194));
#15146=CARTESIAN_POINT('',(0.00653856348107545,0.002,-0.000179096225887124));
#15147=CARTESIAN_POINT('',(0.00677484566929506,0.002,-0.000383048294704844));
#15148=CARTESIAN_POINT('',(0.00682504722054648,0.002,-0.000629088189119357));
#15149=CARTESIAN_POINT('',(0.00682485195325766,0.002,-0.00062913399350871));
#15150=CARTESIAN_POINT('',(0.00677484566929506,0.002,-0.000383048294704844));
#15151=CARTESIAN_POINT('',(0.00783470370137757,0.002,-0.000392250268958146));
#15152=CARTESIAN_POINT('',(0.00703265155228412,0.002,-0.00105109497932661));
#15153=CARTESIAN_POINT('',(0.00703284455675296,0.002,-0.00105093762369));
#15154=CARTESIAN_POINT('',(0.00783470370137757,0.002,-0.000392250268958146));
#15155=CARTESIAN_POINT('',(0.007979670293854,0.002,-0.000244845811906786));
#15156=CARTESIAN_POINT('',(0.00725672826802614,0.002,-0.00125660757976211));
#15157=CARTESIAN_POINT('',(0.00725672826802614,0.002,-0.00125660757976211));
#15158=CARTESIAN_POINT('',(0.007979670293854,0.002,-0.000244845811906786));
#15159=CARTESIAN_POINT('',(0.00748446551354691,0.002,-0.00134184563032441));
#15160=CARTESIAN_POINT('',(0.00748446551354691,0.0025,-0.00134184563032441));
#15161=CARTESIAN_POINT('',(0.00741299802739037,0.002,-0.00134184563032441));
#15162=CARTESIAN_POINT('',(0.00741299802739037,0.0025,-0.00134184563032441));
#15163=CARTESIAN_POINT('',(0.00733708561221678,0.002,-0.00131343294680365));
#15164=CARTESIAN_POINT('',(0.00733708561221678,0.0025,-0.00131343294680365));
#15165=CARTESIAN_POINT('',(0.00725672826802614,0.002,-0.00125660757976211));
#15166=CARTESIAN_POINT('',(0.00725672826802614,0.0025,-0.00125660757976211));
#15167=CARTESIAN_POINT('',(0.00748446551354691,0.002,-0.00134184563032441));
#15168=CARTESIAN_POINT('',(0.00748446551354691,0.002,-0.00134184563032441));
#15169=CARTESIAN_POINT('',(0.00748446551354691,0.002,-0.00134184563032441));
#15170=CARTESIAN_POINT('',(0.0073772642843121,0.002,-0.00134184563032441));
#15171=CARTESIAN_POINT('',(0.00725672826802614,0.002,-0.00125660757976211));
#15172=CARTESIAN_POINT('',(0.00749565487660356,0.002,-0.00123147638300442));
#15173=CARTESIAN_POINT('',(0.00757650169084118,0.002,-0.00130524033253692));
#15174=CARTESIAN_POINT('',(0.00757685501266653,0.002,-0.00130553674454161));
#15175=CARTESIAN_POINT('',(0.00749565487660356,0.002,-0.00123147638300442));
#15176=CARTESIAN_POINT('',(0.00741243130040571,0.002,-0.00120699134323023));
#15177=CARTESIAN_POINT('',(0.0076047400634201,0.002,-0.00119124097657015));
#15178=CARTESIAN_POINT('',(0.0076045106393604,0.002,-0.00119126769248889));
#15179=CARTESIAN_POINT('',(0.00741243130040571,0.002,-0.00120699134323023));
#15180=CARTESIAN_POINT('',(0.00676738311092933,0.002,-0.00122094784828888));
#15181=CARTESIAN_POINT('',(0.00758486861604974,0.002,-0.00103436112890947));
#15182=CARTESIAN_POINT('',(0.00758473042761505,0.00200000025,-0.00103439266968484));
#15183=CARTESIAN_POINT('',(0.00676738311092933,0.002,-0.00122094784828888));
#15184=CARTESIAN_POINT('',(0.00748943337538949,0.002,-0.000585684764599899));
#15185=CARTESIAN_POINT('',(0.00739399813472924,0.002,-0.000137008400290331));
#15186=CARTESIAN_POINT('',(0.00739391672908359,0.002,-0.000137025902568371));
#15187=CARTESIAN_POINT('',(0.00748943337538949,0.002,-0.000585684764599899));
#15188=CARTESIAN_POINT('',(0.00752374886342609,0.002,-0.00010911189125397));
#15189=CARTESIAN_POINT('',(0.00739086053777603,0.002,-0.000103540699456051));
#15190=CARTESIAN_POINT('',(0.00739094412431161,0.002,-0.000103542019444928));
#15191=CARTESIAN_POINT('',(0.00752374886342609,0.002,-0.00010911189125397));
#15192=CARTESIAN_POINT('',(0.00750740754703867,0.002,-0.00010003391959567));
#15193=CARTESIAN_POINT('',(0.00742772730197629,0.002,-1.51650519405304E-5));
#15194=CARTESIAN_POINT('',(0.00742767958689284,0.002,-1.51138355073793E-5));
#15195=CARTESIAN_POINT('',(0.00750740754703867,0.002,-0.00010003391959567));
#15196=CARTESIAN_POINT('',(0.00751610342448346,0.002,-0.000110214761765054));
#15197=CARTESIAN_POINT('',(0.0075210708113344,0.002,1.98714473703567E-5));
#15198=CARTESIAN_POINT('',(0.00752106387028864,0.002,1.97860272201009E-5));
#15199=CARTESIAN_POINT('',(0.00751610342448346,0.002,-0.000110214761765054));
#15200=CARTESIAN_POINT('',(0.00752049316147979,0.002,-0.000169502193187291));
#15201=CARTESIAN_POINT('',(0.00764343709250973,0.002,-2.51007756257069E-5));
#15202=CARTESIAN_POINT('',(0.0076433747422354,0.002,-2.51744096371393E-5));
#15203=CARTESIAN_POINT('',(0.00752049316147979,0.002,-0.000169502193187291));
#15204=CARTESIAN_POINT('',(0.00751684856474767,0.002,-0.00018620812611327));
#15205=CARTESIAN_POINT('',(0.00771560182243365,0.002,-0.000137008400290331));
#15206=CARTESIAN_POINT('',(0.00771561202298014,0.00200000025,-0.000137005875229376));
#15207=CARTESIAN_POINT('',(0.00751684856474767,0.002,-0.00018620812611327));
#15208=CARTESIAN_POINT('',(0.00778070695921284,0.002,-0.000448414897896797));
#15209=CARTESIAN_POINT('',(0.00784581209599202,0.002,-0.000759821395503262));
#15210=CARTESIAN_POINT('',(0.00784585302739687,0.002,-0.000759812111791259));
#15211=CARTESIAN_POINT('',(0.00778070695921284,0.002,-0.000448414897896797));
#15212=CARTESIAN_POINT('',(0.00871654122351968,0.002,-0.000562330044228213));
#15213=CARTESIAN_POINT('',(0.00797157744053334,0.002,-0.00105423257627982));
#15214=CARTESIAN_POINT('',(0.00797172808708133,0.002,-0.00105413754753726));
#15215=CARTESIAN_POINT('',(0.00871654122351968,0.002,-0.000562330044228213));
#15216=CARTESIAN_POINT('',(0.00860391825569994,0.002,-0.00065232879048868));
#15217=CARTESIAN_POINT('',(0.00817395244401563,0.002,-0.00126497450497068));
#15218=CARTESIAN_POINT('',(0.00817395244401563,0.002,-0.00126497450497068));
#15219=CARTESIAN_POINT('',(0.00860391825569994,0.002,-0.00065232879048868));
#15220=CARTESIAN_POINT('',(0.00838495583911925,0.002,-0.00134184563032441));
#15221=CARTESIAN_POINT('',(0.00838495583911925,0.0025,-0.00134184563032441));
#15222=CARTESIAN_POINT('',(0.00832011216875284,0.002,-0.00134184563032441));
#15223=CARTESIAN_POINT('',(0.00832011216875284,0.0025,-0.00134184563032441));
#15224=CARTESIAN_POINT('',(0.0082497777037183,0.002,-0.00131622192187317));
#15225=CARTESIAN_POINT('',(0.0082497777037183,0.0025,-0.00131622192187317));
#15226=CARTESIAN_POINT('',(0.00817395244401563,0.002,-0.00126497450497068));
#15227=CARTESIAN_POINT('',(0.00817395244401563,0.0025,-0.00126497450497068));
#15228=CARTESIAN_POINT('',(0.00838495583911925,0.002,-0.00134184563032441));
#15229=CARTESIAN_POINT('',(0.00838495583911925,0.002,-0.00134184563032441));
#15230=CARTESIAN_POINT('',(0.00838495583911925,0.002,-0.00134184563032441));
#15231=CARTESIAN_POINT('',(0.00828769033356963,0.002,-0.00134184563032441));
#15232=CARTESIAN_POINT('',(0.00817395244401563,0.002,-0.00126497450497068));
#15233=CARTESIAN_POINT('',(0.0083970192499703,0.002,-0.00121774984276502));
#15234=CARTESIAN_POINT('',(0.0084869277400987,0.002,-0.00130184126917094));
#15235=CARTESIAN_POINT('',(0.00848729745615974,0.002,-0.00130216808355567));
#15236=CARTESIAN_POINT('',(0.0083970192499703,0.002,-0.00121774984276502));
#15237=CARTESIAN_POINT('',(0.00831618546075168,0.002,-0.00119487932649091));
#15238=CARTESIAN_POINT('',(0.00851882664245638,0.002,-0.00117816765593176));
#15239=CARTESIAN_POINT('',(0.00851839068718371,0.002,-0.00117820281328006));
#15240=CARTESIAN_POINT('',(0.00831618546075168,0.002,-0.00119487932649091));
#15241=CARTESIAN_POINT('',(0.00790193218283862,0.002,-0.00117692963742409));
#15242=CARTESIAN_POINT('',(0.00850209279203923,0.002,-0.00103436112890946));
#15243=CARTESIAN_POINT('',(0.00850209989831788,0.00200000025,-0.00103435944080876));
#15244=CARTESIAN_POINT('',(0.00790193218283862,0.002,-0.00117692963742409));
#15245=CARTESIAN_POINT('',(0.00840665755137898,0.002,-0.000585684764599897));
#15246=CARTESIAN_POINT('',(0.00831122231071873,0.002,-0.00013700840029033));
#15247=CARTESIAN_POINT('',(0.00831112972891131,0.002,-0.000137031718583267));
#15248=CARTESIAN_POINT('',(0.00840665755137898,0.002,-0.000585684764599897));
#15249=CARTESIAN_POINT('',(0.00842207253518508,0.002,-0.000109088897764023));
#15250=CARTESIAN_POINT('',(0.00830771912441607,0.002,-0.000103235711564389));
#15251=CARTESIAN_POINT('',(0.00830771912441609,0.002,-0.000103235711564394));
#15252=CARTESIAN_POINT('',(0.00842207253518508,0.002,-0.000109088897764023));
#15253=CARTESIAN_POINT('',(0.00842410879020262,0.002,-0.00010003391959567));
#15254=CARTESIAN_POINT('',(0.00834442854514024,0.002,-1.51650519405288E-5));
#15255=CARTESIAN_POINT('',(0.00834437453525633,0.002,-1.5106836683726E-5));
#15256=CARTESIAN_POINT('',(0.00842410879020262,0.002,-0.00010003391959567));
#15257=CARTESIAN_POINT('',(0.00843305261314284,0.002,-0.000110944801284303));
#15258=CARTESIAN_POINT('',(0.00843829498732389,0.002,1.98714473703583E-5));
#15259=CARTESIAN_POINT('',(0.00843829237016781,0.002,1.98842921113526E-5));
#15260=CARTESIAN_POINT('',(0.00843305261314284,0.002,-0.000110944801284303));
#15261=CARTESIAN_POINT('',(0.00843334357043968,0.002,-0.000173628573136721));
#15262=CARTESIAN_POINT('',(0.00856034949250467,0.002,-2.71663312139609E-5));
#15263=CARTESIAN_POINT('',(0.00856035174496152,0.002,-2.71679863299215E-5));
#15264=CARTESIAN_POINT('',(0.00843334357043968,0.002,-0.000173628573136721));
#15265=CARTESIAN_POINT('',(0.00844861458838916,0.002,-0.000179321418417592));
#15266=CARTESIAN_POINT('',(0.0086323030655976,0.002,-0.000137008400290329));
#15267=CARTESIAN_POINT('',(0.00863243739365835,0.00200000025,-0.000136977457545547));
#15268=CARTESIAN_POINT('',(0.00844861458838916,0.002,-0.000179321418417592));
#15269=CARTESIAN_POINT('',(0.00872616950778125,0.002,-0.000575487574501952));
#15270=CARTESIAN_POINT('',(0.0088200359499649,0.002,-0.00101396674871357));
#15271=CARTESIAN_POINT('',(0.00882001894746385,0.002,-0.0010139705401617));
#15272=CARTESIAN_POINT('',(0.00872616950778125,0.002,-0.000575487574501952));
#15273=CARTESIAN_POINT('',(0.00773156340942771,0.002,-0.00125668910811502));
#15274=CARTESIAN_POINT('',(0.00884670552406721,0.002,-0.0012550387812855));
#15275=CARTESIAN_POINT('',(0.00884670552406721,0.002,-0.0012550387812855));
#15276=CARTESIAN_POINT('',(0.00773156340942771,0.002,-0.00125668910811502));
#15277=CARTESIAN_POINT('',(0.00875806841013893,0.002,-0.00155128022695143));
#15278=CARTESIAN_POINT('',(0.00875806841013893,0.0025,-0.00155128022695143));
#15279=CARTESIAN_POINT('',(0.00881715981942445,0.002,-0.00148556500187579));
#15280=CARTESIAN_POINT('',(0.00881715981942445,0.0025,-0.00148556500187579));
#15281=CARTESIAN_POINT('',(0.00884670552406721,0.002,-0.00138681785332048));
#15282=CARTESIAN_POINT('',(0.00884670552406721,0.0025,-0.00138681785332048));
#15283=CARTESIAN_POINT('',(0.00884670552406721,0.002,-0.0012550387812855));
#15284=CARTESIAN_POINT('',(0.00884670552406721,0.0025,-0.0012550387812855));
#15285=CARTESIAN_POINT('',(0.00875806841013893,0.002,-0.00155128022695143));
#15286=CARTESIAN_POINT('',(0.00875806841013893,0.002,-0.00155128022695143));
#15287=CARTESIAN_POINT('',(0.00875806841013893,0.002,-0.00155128022695143));
#15288=CARTESIAN_POINT('',(0.00884670552406721,0.002,-0.00145270738933796));
#15289=CARTESIAN_POINT('',(0.00884670552406721,0.002,-0.0012550387812855));
#15290=CARTESIAN_POINT('',(0.00850523038899245,0.002,-0.00164985306456489));
#15291=CARTESIAN_POINT('',(0.00850523038899245,0.0025,-0.00164985306456489));
#15292=CARTESIAN_POINT('',(0.00861469766047124,0.002,-0.00164985306456489));
#15293=CARTESIAN_POINT('',(0.00861469766047124,0.0025,-0.00164985306456489));
#15294=CARTESIAN_POINT('',(0.0086989770008534,0.002,-0.00161699545202707));
#15295=CARTESIAN_POINT('',(0.0086989770008534,0.0025,-0.00161699545202707));
#15296=CARTESIAN_POINT('',(0.00875806841013893,0.002,-0.00155128022695143));
#15297=CARTESIAN_POINT('',(0.00875806841013893,0.0025,-0.00155128022695143));
#15298=CARTESIAN_POINT('',(0.00850523038899245,0.002,-0.00164985306456489));
#15299=CARTESIAN_POINT('',(0.00850523038899245,0.002,-0.00164985306456489));
#15300=CARTESIAN_POINT('',(0.00850523038899245,0.002,-0.00164985306456489));
#15301=CARTESIAN_POINT('',(0.00866943129621064,0.002,-0.00164985306456489));
#15302=CARTESIAN_POINT('',(0.00875806841013893,0.002,-0.00155128022695143));
#15303=CARTESIAN_POINT('',(0.00791640802743933,0.002,-0.00132877230968602));
#15304=CARTESIAN_POINT('',(0.00791640802743933,0.0025,-0.00132877230968602));
#15305=CARTESIAN_POINT('',(0.00810361797898108,0.002,-0.00154282614627194));
#15306=CARTESIAN_POINT('',(0.00810361797898108,0.0025,-0.00154282614627194));
#15307=CARTESIAN_POINT('',(0.00829989209949879,0.002,-0.00164985306456489));
#15308=CARTESIAN_POINT('',(0.00829989209949879,0.0025,-0.00164985306456489));
#15309=CARTESIAN_POINT('',(0.00850523038899245,0.002,-0.00164985306456489));
#15310=CARTESIAN_POINT('',(0.00850523038899245,0.0025,-0.00164985306456489));
#15311=CARTESIAN_POINT('',(0.00791640802743933,0.002,-0.00132877230968602));
#15312=CARTESIAN_POINT('',(0.00791640802743933,0.002,-0.00132877230968602));
#15313=CARTESIAN_POINT('',(0.00791640802743933,0.002,-0.00132877230968602));
#15314=CARTESIAN_POINT('',(0.00819722295475196,0.002,-0.00164985306456489));
#15315=CARTESIAN_POINT('',(0.00850523038899245,0.002,-0.00164985306456489));
#15316=CARTESIAN_POINT('',(0.00782071132036631,0.002,-0.00156958287584518));
#15317=CARTESIAN_POINT('',(0.00782071132036631,0.0025,-0.00156958287584518));
#15318=CARTESIAN_POINT('',(0.00787753668740785,0.002,-0.0015160694166987));
#15319=CARTESIAN_POINT('',(0.00787753668740785,0.0025,-0.0015160694166987));
#15320=CARTESIAN_POINT('',(0.00790943558976552,0.002,-0.00143579922797898));
#15321=CARTESIAN_POINT('',(0.00790943558976552,0.0025,-0.00143579922797898));
#15322=CARTESIAN_POINT('',(0.00791640802743933,0.002,-0.00132877230968602));
#15323=CARTESIAN_POINT('',(0.00791640802743933,0.0025,-0.00132877230968602));
#15324=CARTESIAN_POINT('',(0.00782071132036631,0.002,-0.00156958287584518));
#15325=CARTESIAN_POINT('',(0.00782071132036631,0.002,-0.00156958287584518));
#15326=CARTESIAN_POINT('',(0.00782071132036631,0.002,-0.00156958287584518));
#15327=CARTESIAN_POINT('',(0.00790594937092862,0.002,-0.00148931268712546));
#15328=CARTESIAN_POINT('',(0.00791640802743933,0.002,-0.00132877230968602));
#15329=CARTESIAN_POINT('',(0.00761345814561256,0.002,-0.00133820666192115));
#15330=CARTESIAN_POINT('',(0.00759846486951367,0.002,-0.0016498530645649));
#15331=CARTESIAN_POINT('',(0.00759846486951367,0.002,-0.0016498530645649));
#15332=CARTESIAN_POINT('',(0.00761345814561256,0.002,-0.00133820666192115));
#15333=CARTESIAN_POINT('',(0.00696257855366235,0.002,-0.0012550387812855));
#15334=CARTESIAN_POINT('',(0.00696257855366235,0.0025,-0.0012550387812855));
#15335=CARTESIAN_POINT('',(0.00715885267418006,0.002,-0.00151824830347177));
#15336=CARTESIAN_POINT('',(0.00715885267418006,0.0025,-0.00151824830347177));
#15337=CARTESIAN_POINT('',(0.00737081477946383,0.002,-0.0016498530645649));
#15338=CARTESIAN_POINT('',(0.00737081477946383,0.0025,-0.0016498530645649));
#15339=CARTESIAN_POINT('',(0.00759846486951367,0.002,-0.0016498530645649));
#15340=CARTESIAN_POINT('',(0.00759846486951367,0.0025,-0.0016498530645649));
#15341=CARTESIAN_POINT('',(0.00696257855366235,0.002,-0.0012550387812855));
#15342=CARTESIAN_POINT('',(0.00696257855366235,0.002,-0.0012550387812855));
#15343=CARTESIAN_POINT('',(0.00696257855366235,0.002,-0.0012550387812855));
#15344=CARTESIAN_POINT('',(0.00725698973443891,0.002,-0.0016498530645649));
#15345=CARTESIAN_POINT('',(0.00759846486951367,0.002,-0.0016498530645649));
#15346=CARTESIAN_POINT('',(0.00698767932928806,0.002,-0.00137217573420548));
#15347=CARTESIAN_POINT('',(0.00701278010491377,0.002,-0.00148931268712546));
#15348=CARTESIAN_POINT('',(0.00701264708596921,0.002,-0.00148934540951641));
#15349=CARTESIAN_POINT('',(0.00698767932928806,0.002,-0.00137217573420548));
#15350=CARTESIAN_POINT('',(0.00688395281867783,0.002,-0.00152100393861352));
#15351=CARTESIAN_POINT('',(0.0069889866613519,0.002,-0.00160148177820286));
#15352=CARTESIAN_POINT('',(0.00698904426547268,0.002,-0.00160152590373731));
#15353=CARTESIAN_POINT('',(0.00688395281867783,0.002,-0.00152100393861352));
#15354=CARTESIAN_POINT('',(0.00689175604243533,0.002,-0.00152702103702836));
#15355=CARTESIAN_POINT('',(0.00688518449548308,0.002,-0.0016498530645649));
#15356=CARTESIAN_POINT('',(0.00688519181602023,0.002,-0.00164983161607977));
#15357=CARTESIAN_POINT('',(0.00689175604243533,0.002,-0.00152702103702836));
#15358=CARTESIAN_POINT('',(0.00689106621615174,0.002,-0.00146049499529229));
#15359=CARTESIAN_POINT('',(0.00676423420861753,0.002,-0.00160169775034614));
#15360=CARTESIAN_POINT('',(0.00676423420861777,0.002,-0.00160169775034604));
#15361=CARTESIAN_POINT('',(0.00689106621615174,0.002,-0.00146049499529229));
#15362=CARTESIAN_POINT('',(0.00688382396164008,0.002,-0.00144352382253126));
#15363=CARTESIAN_POINT('',(0.00669117641720936,0.002,-0.00148931268712546));
#15364=CARTESIAN_POINT('',(0.00669104016565171,0.00200000025,-0.00148934507167592));
#15365=CARTESIAN_POINT('',(0.00688382396164008,0.002,-0.00144352382253126));
#15366=CARTESIAN_POINT('',(0.00654736989018706,0.002,-0.000813160543707898));
#15367=CARTESIAN_POINT('',(0.00640356336316476,0.002,-0.000137008400290332));
#15368=CARTESIAN_POINT('',(0.00640347078135713,0.002,-0.000137031718583318));
#15369=CARTESIAN_POINT('',(0.00654736989018706,0.002,-0.000813160543707898));
#15370=CARTESIAN_POINT('',(0.00651441358763034,0.002,-0.000109088897767439));
#15371=CARTESIAN_POINT('',(0.00640006017686179,0.002,-0.000103235711581441));
#15372=CARTESIAN_POINT('',(0.00640006017686181,0.002,-0.000103235711581446));
#15373=CARTESIAN_POINT('',(0.00651441358763034,0.002,-0.000109088897767439));
#15374=CARTESIAN_POINT('',(0.00651644984265654,0.002,-0.00010003391959971));
#15375=CARTESIAN_POINT('',(0.00651644984265654,0.002,-0.00010003391959971));
#15376=CARTESIAN_POINT('',(0.0048922874973668,0.002,-0.00119490150634891));
#15377=CARTESIAN_POINT('',(0.0038615738523104,0.002,-0.000110944801284307));
#15378=CARTESIAN_POINT('',(0.00386681622649144,0.002,1.98714473703505E-5));
#15379=CARTESIAN_POINT('',(0.00386680960015013,0.002,1.98149865385248E-5));
#15380=CARTESIAN_POINT('',(0.0038615738523104,0.002,-0.000110944801284307));
#15381=CARTESIAN_POINT('',(0.00377289585195111,0.002,-1.51067649794323E-5));
#15382=CARTESIAN_POINT('',(0.0037729497843078,0.002,-1.51650519405366E-5));
#15383=CARTESIAN_POINT('',(0.00386483751431067,0.002,-0.000171124080470011));
#15384=CARTESIAN_POINT('',(0.00399127456998028,0.002,-2.77461391147624E-5));
#15385=CARTESIAN_POINT('',(0.00399127456998024,0.002,-2.77461391148193E-5));
#15386=CARTESIAN_POINT('',(0.00386483751431067,0.002,-0.000171124080470011));
#15387=CARTESIAN_POINT('',(0.00387474366779692,0.002,-0.00017909622588715));
#15388=CARTESIAN_POINT('',(0.00406082430476516,0.002,-0.000137008400290337));
#15389=CARTESIAN_POINT('',(0.00406093787473047,0.00200000025,-0.000136982712970199));
#15390=CARTESIAN_POINT('',(0.00387474366779692,0.002,-0.00017909622588715));
#15391=CARTESIAN_POINT('',(0.00411102585601658,0.002,-0.000383048294704849));
#15392=CARTESIAN_POINT('',(0.004161227407268,0.002,-0.000629088189119361));
#15393=CARTESIAN_POINT('',(0.00416103213997918,0.002,-0.000629133993508714));
#15394=CARTESIAN_POINT('',(0.00411102585601658,0.002,-0.000383048294704849));
#15395=CARTESIAN_POINT('',(0.0051708838880991,0.002,-0.000392250268958137));
#15396=CARTESIAN_POINT('',(0.00436883173900564,0.002,-0.00105109497932661));
#15397=CARTESIAN_POINT('',(0.00436902474347448,0.002,-0.00105093762369));
#15398=CARTESIAN_POINT('',(0.0051708838880991,0.002,-0.000392250268958137));
#15399=CARTESIAN_POINT('',(0.00531585048057532,0.002,-0.000244845811907027));
#15400=CARTESIAN_POINT('',(0.00459290845474766,0.002,-0.00125660757976211));
#15401=CARTESIAN_POINT('',(0.00459290845474766,0.002,-0.00125660757976211));
#15402=CARTESIAN_POINT('',(0.00531585048057532,0.002,-0.000244845811907027));
#15403=CARTESIAN_POINT('',(0.00482064570026842,0.002,-0.00134184563032442));
#15404=CARTESIAN_POINT('',(0.00482064570026842,0.0025,-0.00134184563032442));
#15405=CARTESIAN_POINT('',(0.00474917821411189,0.002,-0.00134184563032442));
#15406=CARTESIAN_POINT('',(0.00474917821411189,0.0025,-0.00134184563032442));
#15407=CARTESIAN_POINT('',(0.0046732657989383,0.002,-0.00131343294680365));
#15408=CARTESIAN_POINT('',(0.0046732657989383,0.0025,-0.00131343294680365));
#15409=CARTESIAN_POINT('',(0.00459290845474766,0.002,-0.00125660757976211));
#15410=CARTESIAN_POINT('',(0.00459290845474766,0.0025,-0.00125660757976211));
#15411=CARTESIAN_POINT('',(0.00482064570026842,0.002,-0.00134184563032442));
#15412=CARTESIAN_POINT('',(0.00482064570026842,0.002,-0.00134184563032442));
#15413=CARTESIAN_POINT('',(0.00482064570026842,0.002,-0.00134184563032442));
#15414=CARTESIAN_POINT('',(0.00471344447103362,0.002,-0.00134184563032442));
#15415=CARTESIAN_POINT('',(0.00459290845474766,0.002,-0.00125660757976211));
#15416=CARTESIAN_POINT('',(0.00483183506332508,0.002,-0.00123147638300445));
#15417=CARTESIAN_POINT('',(0.00491268187756269,0.002,-0.00130524033253692));
#15418=CARTESIAN_POINT('',(0.00491303519938802,0.002,-0.0013055367445416));
#15419=CARTESIAN_POINT('',(0.00483183506332508,0.002,-0.00123147638300445));
#15420=CARTESIAN_POINT('',(0.00474861148713025,0.002,-0.00120699134323111));
#15421=CARTESIAN_POINT('',(0.00494092025014162,0.002,-0.00119124097657016));
#15422=CARTESIAN_POINT('',(0.00494069082608184,0.002,-0.00119126769248891));
#15423=CARTESIAN_POINT('',(0.00474861148713025,0.002,-0.00120699134323111));
#15424=CARTESIAN_POINT('',(0.00410356329765085,0.002,-0.00122094784828889));
#15425=CARTESIAN_POINT('',(0.00492104880277126,0.002,-0.00103436112890947));
#15426=CARTESIAN_POINT('',(0.00492091061433657,0.00200000025,-0.00103439266968484));
#15427=CARTESIAN_POINT('',(0.00410356329765085,0.002,-0.00122094784828889));
#15428=CARTESIAN_POINT('',(0.00482561356211101,0.002,-0.000585684764599903));
#15429=CARTESIAN_POINT('',(0.00473017832145076,0.002,-0.000137008400290336));
#15430=CARTESIAN_POINT('',(0.00473009691580511,0.002,-0.000137025902568376));
#15431=CARTESIAN_POINT('',(0.00482561356211101,0.002,-0.000585684764599903));
#15432=CARTESIAN_POINT('',(0.00485992905014723,0.002,-0.000109111891253974));
#15433=CARTESIAN_POINT('',(0.00472704072449754,0.002,-0.000103540699456056));
#15434=CARTESIAN_POINT('',(0.00472712431103273,0.002,-0.000103542019444939));
#15435=CARTESIAN_POINT('',(0.00485992905014723,0.002,-0.000109111891253974));
#15436=CARTESIAN_POINT('',(0.00484358773376807,0.002,-0.000100033919599712));
#15437=CARTESIAN_POINT('',(0.00476390748869781,0.002,-1.51650519405349E-5));
#15438=CARTESIAN_POINT('',(0.00476385977361436,0.002,-1.51138355073844E-5));
#15439=CARTESIAN_POINT('',(0.00484358773376807,0.002,-0.000100033919599712));
#15440=CARTESIAN_POINT('',(0.00485228361120496,0.002,-0.000110214761765037));
#15441=CARTESIAN_POINT('',(0.00485725099805592,0.002,1.98714473703522E-5));
#15442=CARTESIAN_POINT('',(0.00485724405701015,0.002,1.97860272200261E-5));
#15443=CARTESIAN_POINT('',(0.00485228361120496,0.002,-0.000110214761765037));
#15444=CARTESIAN_POINT('',(0.00485667334820334,0.002,-0.000169502193180817));
#15445=CARTESIAN_POINT('',(0.00497961727923125,0.002,-2.51007756257115E-5));
#15446=CARTESIAN_POINT('',(0.0049795549289568,0.002,-2.51744096372843E-5));
#15447=CARTESIAN_POINT('',(0.00485667334820334,0.002,-0.000169502193180817));
#15448=CARTESIAN_POINT('',(0.00485302875146918,0.002,-0.000186208126113281));
#15449=CARTESIAN_POINT('',(0.00505178200915517,0.002,-0.000137008400290335));
#15450=CARTESIAN_POINT('',(0.00505179220970166,0.00200000025,-0.00013700587522938));
#15451=CARTESIAN_POINT('',(0.00485302875146918,0.002,-0.000186208126113281));
#15452=CARTESIAN_POINT('',(0.00511688714593436,0.002,-0.000448414897896801));
#15453=CARTESIAN_POINT('',(0.00518199228271354,0.002,-0.000759821395503267));
#15454=CARTESIAN_POINT('',(0.00518203321411839,0.002,-0.000759812111791264));
#15455=CARTESIAN_POINT('',(0.00511688714593436,0.002,-0.000448414897896801));
#15456=CARTESIAN_POINT('',(0.00605272141024123,0.002,-0.000562330044228213));
#15457=CARTESIAN_POINT('',(0.00530775762725486,0.002,-0.00105423257627982));
#15458=CARTESIAN_POINT('',(0.00530790827380285,0.002,-0.00105413754753726));
#15459=CARTESIAN_POINT('',(0.00605272141024123,0.002,-0.000562330044228213));
#15460=CARTESIAN_POINT('',(0.00594009844242147,0.002,-0.000652328790488664));
#15461=CARTESIAN_POINT('',(0.00551013263073715,0.002,-0.00126497450497068));
#15462=CARTESIAN_POINT('',(0.00551013263073715,0.002,-0.00126497450497068));
#15463=CARTESIAN_POINT('',(0.00594009844242147,0.002,-0.000652328790488664));
#15464=CARTESIAN_POINT('',(0.00572113602584077,0.002,-0.00134184563032442));
#15465=CARTESIAN_POINT('',(0.00572113602584077,0.0025,-0.00134184563032442));
#15466=CARTESIAN_POINT('',(0.00565629235547436,0.002,-0.00134184563032442));
#15467=CARTESIAN_POINT('',(0.00565629235547436,0.0025,-0.00134184563032442));
#15468=CARTESIAN_POINT('',(0.00558595789043982,0.002,-0.00131622192187317));
#15469=CARTESIAN_POINT('',(0.00558595789043982,0.0025,-0.00131622192187317));
#15470=CARTESIAN_POINT('',(0.00551013263073715,0.002,-0.00126497450497068));
#15471=CARTESIAN_POINT('',(0.00551013263073715,0.0025,-0.00126497450497068));
#15472=CARTESIAN_POINT('',(0.00572113602584077,0.002,-0.00134184563032442));
#15473=CARTESIAN_POINT('',(0.00572113602584077,0.002,-0.00134184563032442));
#15474=CARTESIAN_POINT('',(0.00572113602584077,0.002,-0.00134184563032442));
#15475=CARTESIAN_POINT('',(0.00562387052029115,0.002,-0.00134184563032442));
#15476=CARTESIAN_POINT('',(0.00551013263073715,0.002,-0.00126497450497068));
#15477=CARTESIAN_POINT('',(0.00573319943669181,0.002,-0.00121774984276501));
#15478=CARTESIAN_POINT('',(0.00582310792682022,0.002,-0.00130184126917094));
#15479=CARTESIAN_POINT('',(0.00582348148292795,0.002,-0.00130216270444656));
#15480=CARTESIAN_POINT('',(0.00573319943669181,0.002,-0.00121774984276501));
#15481=CARTESIAN_POINT('',(0.00565236564747639,0.002,-0.00119487932649191));
#15482=CARTESIAN_POINT('',(0.00585500682917789,0.002,-0.00117816765593177));
#15483=CARTESIAN_POINT('',(0.00585457087390513,0.002,-0.00117820281328008));
#15484=CARTESIAN_POINT('',(0.00565236564747639,0.002,-0.00119487932649191));
#15485=CARTESIAN_POINT('',(0.0052381123695598,0.002,-0.0011769296374241));
#15486=CARTESIAN_POINT('',(0.00583827297876075,0.002,-0.00103436112890947));
#15487=CARTESIAN_POINT('',(0.0058382800850394,0.00200000025,-0.00103435944080876));
#15488=CARTESIAN_POINT('',(0.0052381123695598,0.002,-0.0011769296374241));
#15489=CARTESIAN_POINT('',(0.0057428377381005,0.002,-0.000585684764599902));
#15490=CARTESIAN_POINT('',(0.00564740249744025,0.002,-0.000137008400290334));
#15491=CARTESIAN_POINT('',(0.00564730991563256,0.002,-0.000137031718583327));
#15492=CARTESIAN_POINT('',(0.0057428377381005,0.002,-0.000585684764599902));
#15493=CARTESIAN_POINT('',(0.00575825272199701,0.002,-0.000109088897754527));
#15494=CARTESIAN_POINT('',(0.00564389931113683,0.002,-0.000103235711565003));
#15495=CARTESIAN_POINT('',(0.00564389931113685,0.002,-0.000103235711565008));
#15496=CARTESIAN_POINT('',(0.00575825272199701,0.002,-0.000109088897754527));
#15497=CARTESIAN_POINT('',(0.00576028897693204,0.002,-0.000100033919599707));
#15498=CARTESIAN_POINT('',(0.00568060873186176,0.002,-1.51650519405333E-5));
#15499=CARTESIAN_POINT('',(0.00568055472197785,0.002,-1.51068366837316E-5));
#15500=CARTESIAN_POINT('',(0.00576028897693204,0.002,-0.000100033919599707));
#15501=CARTESIAN_POINT('',(0.00576923279986437,0.002,-0.000110944801284327));
#15502=CARTESIAN_POINT('',(0.0057744751740454,0.002,1.98714473703538E-5));
#15503=CARTESIAN_POINT('',(0.00577447255688932,0.002,1.98842921113488E-5));
#15504=CARTESIAN_POINT('',(0.00576923279986437,0.002,-0.000110944801284327));
#15505=CARTESIAN_POINT('',(0.00576952375716121,0.002,-0.000173628573136677));
#15506=CARTESIAN_POINT('',(0.00589652967922616,0.002,-2.71663312139453E-5));
#15507=CARTESIAN_POINT('',(0.00589653193168301,0.002,-2.71679863299064E-5));
#15508=CARTESIAN_POINT('',(0.00576952375716121,0.002,-0.000173628573136677));
#15509=CARTESIAN_POINT('',(0.0057847947751107,0.002,-0.000179321418417591));
#15510=CARTESIAN_POINT('',(0.00596848325231912,0.002,-0.000137008400290334));
#15511=CARTESIAN_POINT('',(0.00596861758037987,0.00200000025,-0.000136977457545552));
#15512=CARTESIAN_POINT('',(0.0057847947751107,0.002,-0.000179321418417591));
#15513=CARTESIAN_POINT('',(0.00606234969450277,0.002,-0.000575487574501956));
#15514=CARTESIAN_POINT('',(0.00615621613668641,0.002,-0.00101396674871358));
#15515=CARTESIAN_POINT('',(0.00615619913418536,0.002,-0.0010139705401617));
#15516=CARTESIAN_POINT('',(0.00606234969450277,0.002,-0.000575487574501956));
#15517=CARTESIAN_POINT('',(0.00506774359614966,0.002,-0.00125668910811503));
#15518=CARTESIAN_POINT('',(0.00618288571078873,0.002,-0.0012550387812855));
#15519=CARTESIAN_POINT('',(0.00618288571078873,0.002,-0.0012550387812855));
#15520=CARTESIAN_POINT('',(0.00506774359614966,0.002,-0.00125668910811503));
#15521=CARTESIAN_POINT('',(0.00609424859686044,0.002,-0.00155128022695143));
#15522=CARTESIAN_POINT('',(0.00609424859686044,0.0025,-0.00155128022695143));
#15523=CARTESIAN_POINT('',(0.00615334000614597,0.002,-0.00148556500187579));
#15524=CARTESIAN_POINT('',(0.00615334000614597,0.0025,-0.00148556500187579));
#15525=CARTESIAN_POINT('',(0.00618288571078873,0.002,-0.00138681785332048));
#15526=CARTESIAN_POINT('',(0.00618288571078873,0.0025,-0.00138681785332048));
#15527=CARTESIAN_POINT('',(0.00618288571078873,0.002,-0.0012550387812855));
#15528=CARTESIAN_POINT('',(0.00618288571078873,0.0025,-0.0012550387812855));
#15529=CARTESIAN_POINT('',(0.00609424859686044,0.002,-0.00155128022695143));
#15530=CARTESIAN_POINT('',(0.00609424859686044,0.002,-0.00155128022695143));
#15531=CARTESIAN_POINT('',(0.00609424859686044,0.002,-0.00155128022695143));
#15532=CARTESIAN_POINT('',(0.00618288571078873,0.002,-0.00145270738933797));
#15533=CARTESIAN_POINT('',(0.00618288571078873,0.002,-0.0012550387812855));
#15534=CARTESIAN_POINT('',(0.00584141057571397,0.002,-0.0016498530645649));
#15535=CARTESIAN_POINT('',(0.00584141057571397,0.0025,-0.0016498530645649));
#15536=CARTESIAN_POINT('',(0.00595087784719276,0.002,-0.0016498530645649));
#15537=CARTESIAN_POINT('',(0.00595087784719276,0.0025,-0.0016498530645649));
#15538=CARTESIAN_POINT('',(0.00603515718757491,0.002,-0.00161699545202708));
#15539=CARTESIAN_POINT('',(0.00603515718757491,0.0025,-0.00161699545202708));
#15540=CARTESIAN_POINT('',(0.00609424859686044,0.002,-0.00155128022695143));
#15541=CARTESIAN_POINT('',(0.00609424859686044,0.0025,-0.00155128022695143));
#15542=CARTESIAN_POINT('',(0.00584141057571397,0.002,-0.0016498530645649));
#15543=CARTESIAN_POINT('',(0.00584141057571397,0.002,-0.0016498530645649));
#15544=CARTESIAN_POINT('',(0.00584141057571397,0.002,-0.0016498530645649));
#15545=CARTESIAN_POINT('',(0.00600561148293215,0.002,-0.0016498530645649));
#15546=CARTESIAN_POINT('',(0.00609424859686044,0.002,-0.00155128022695143));
#15547=CARTESIAN_POINT('',(0.00525258821416085,0.002,-0.00132877230968603));
#15548=CARTESIAN_POINT('',(0.00525258821416085,0.0025,-0.00132877230968603));
#15549=CARTESIAN_POINT('',(0.0054397981657026,0.002,-0.00154282614627194));
#15550=CARTESIAN_POINT('',(0.0054397981657026,0.0025,-0.00154282614627194));
#15551=CARTESIAN_POINT('',(0.00563607228622031,0.002,-0.0016498530645649));
#15552=CARTESIAN_POINT('',(0.00563607228622031,0.0025,-0.0016498530645649));
#15553=CARTESIAN_POINT('',(0.00584141057571397,0.002,-0.0016498530645649));
#15554=CARTESIAN_POINT('',(0.00584141057571397,0.0025,-0.0016498530645649));
#15555=CARTESIAN_POINT('',(0.00525258821416085,0.002,-0.00132877230968603));
#15556=CARTESIAN_POINT('',(0.00525258821416085,0.002,-0.00132877230968603));
#15557=CARTESIAN_POINT('',(0.00525258821416085,0.002,-0.00132877230968603));
#15558=CARTESIAN_POINT('',(0.00553340314147348,0.002,-0.0016498530645649));
#15559=CARTESIAN_POINT('',(0.00584141057571397,0.002,-0.0016498530645649));
#15560=CARTESIAN_POINT('',(0.00515689150708783,0.002,-0.00156958287584518));
#15561=CARTESIAN_POINT('',(0.00515689150708783,0.0025,-0.00156958287584518));
#15562=CARTESIAN_POINT('',(0.00521371687412937,0.002,-0.0015160694166987));
#15563=CARTESIAN_POINT('',(0.00521371687412937,0.0025,-0.0015160694166987));
#15564=CARTESIAN_POINT('',(0.00524561577648704,0.002,-0.00143579922797899));
#15565=CARTESIAN_POINT('',(0.00524561577648704,0.0025,-0.00143579922797899));
#15566=CARTESIAN_POINT('',(0.00525258821416085,0.002,-0.00132877230968603));
#15567=CARTESIAN_POINT('',(0.00525258821416085,0.0025,-0.00132877230968603));
#15568=CARTESIAN_POINT('',(0.00515689150708783,0.002,-0.00156958287584518));
#15569=CARTESIAN_POINT('',(0.00515689150708783,0.002,-0.00156958287584518));
#15570=CARTESIAN_POINT('',(0.00515689150708783,0.002,-0.00156958287584518));
#15571=CARTESIAN_POINT('',(0.00524212955765014,0.002,-0.00148931268712546));
#15572=CARTESIAN_POINT('',(0.00525258821416085,0.002,-0.00132877230968603));
#15573=CARTESIAN_POINT('',(0.00494963833233399,0.002,-0.00133820666192094));
#15574=CARTESIAN_POINT('',(0.00493464505623519,0.002,-0.0016498530645649));
#15575=CARTESIAN_POINT('',(0.00493464505623519,0.002,-0.0016498530645649));
#15576=CARTESIAN_POINT('',(0.00494963833233399,0.002,-0.00133820666192094));
#15577=CARTESIAN_POINT('',(0.00429875874038387,0.002,-0.00125503878128551));
#15578=CARTESIAN_POINT('',(0.00429875874038387,0.0025,-0.00125503878128551));
#15579=CARTESIAN_POINT('',(0.00449503286090158,0.002,-0.00151824830347177));
#15580=CARTESIAN_POINT('',(0.00449503286090158,0.0025,-0.00151824830347177));
#15581=CARTESIAN_POINT('',(0.00470699496618535,0.002,-0.0016498530645649));
#15582=CARTESIAN_POINT('',(0.00470699496618535,0.0025,-0.0016498530645649));
#15583=CARTESIAN_POINT('',(0.00493464505623519,0.002,-0.0016498530645649));
#15584=CARTESIAN_POINT('',(0.00493464505623519,0.0025,-0.0016498530645649));
#15585=CARTESIAN_POINT('',(0.00429875874038387,0.002,-0.00125503878128551));
#15586=CARTESIAN_POINT('',(0.00429875874038387,0.002,-0.00125503878128551));
#15587=CARTESIAN_POINT('',(0.00429875874038387,0.002,-0.00125503878128551));
#15588=CARTESIAN_POINT('',(0.00459316992116043,0.002,-0.0016498530645649));
#15589=CARTESIAN_POINT('',(0.00493464505623519,0.002,-0.0016498530645649));
#15590=CARTESIAN_POINT('',(0.00432385951600958,0.002,-0.00137217573420549));
#15591=CARTESIAN_POINT('',(0.00434896029163529,0.002,-0.00148931268712547));
#15592=CARTESIAN_POINT('',(0.00434882727269204,0.002,-0.00148934540951607));
#15593=CARTESIAN_POINT('',(0.00432385951600958,0.002,-0.00137217573420549));
#15594=CARTESIAN_POINT('',(0.00422013300537453,0.002,-0.00152100393860582));
#15595=CARTESIAN_POINT('',(0.00432516684807342,0.002,-0.00160148177820286));
#15596=CARTESIAN_POINT('',(0.00432522445219421,0.002,-0.00160152590373731));
#15597=CARTESIAN_POINT('',(0.00422013300537453,0.002,-0.00152100393860582));
#15598=CARTESIAN_POINT('',(0.00422793622915685,0.002,-0.00152702103702836));
#15599=CARTESIAN_POINT('',(0.00422136468220459,0.002,-0.0016498530645649));
#15600=CARTESIAN_POINT('',(0.00422137200274176,0.002,-0.00164983161608015));
#15601=CARTESIAN_POINT('',(0.00422793622915685,0.002,-0.00152702103702836));
#15602=CARTESIAN_POINT('',(0.00422724640285756,0.002,-0.00146049499535818));
#15603=CARTESIAN_POINT('',(0.00410041439539644,0.002,-0.00160169775038954));
#15604=CARTESIAN_POINT('',(0.00410041439539668,0.002,-0.00160169775038944));
#15605=CARTESIAN_POINT('',(0.00422724640285756,0.002,-0.00146049499535818));
#15606=CARTESIAN_POINT('',(0.00422000414836157,0.002,-0.00144352382253129));
#15607=CARTESIAN_POINT('',(0.00402735660393088,0.002,-0.00148931268712547));
#15608=CARTESIAN_POINT('',(0.00402722035237323,0.00200000025,-0.00148934507167593));
#15609=CARTESIAN_POINT('',(0.00422000414836157,0.002,-0.00144352382253129));
#15610=CARTESIAN_POINT('',(0.00388355007690858,0.002,-0.000813160543707902));
#15611=CARTESIAN_POINT('',(0.00373974354988628,0.002,-0.000137008400290337));
#15612=CARTESIAN_POINT('',(0.00373965096807859,0.002,-0.00013703171858333));
#15613=CARTESIAN_POINT('',(0.00388355007690858,0.002,-0.000813160543707902));
#15614=CARTESIAN_POINT('',(0.00385059377444305,0.002,-0.000109088897754527));
#15615=CARTESIAN_POINT('',(0.00373624036358319,0.002,-0.000103235711558473));
#15616=CARTESIAN_POINT('',(0.00373624036358321,0.002,-0.000103235711558478));
#15617=CARTESIAN_POINT('',(0.00385059377444305,0.002,-0.000109088897754527));
#15618=CARTESIAN_POINT('',(0.0038526300293701,0.002,-0.00010003391959633));
#15619=CARTESIAN_POINT('',(0.0038526300293701,0.002,-0.00010003391959633));
#15620=CARTESIAN_POINT('',(0.0048922874973668,0.002,-0.00119490150634891));
#15621=CARTESIAN_POINT('',(0.00257556343077042,0.002,-0.000660974585458749));
#15622=CARTESIAN_POINT('',(0.00257464921459291,0.002,1.98714473703484E-5));
#15623=CARTESIAN_POINT('',(0.00257464918431509,0.002,1.99139165058485E-5));
#15624=CARTESIAN_POINT('',(0.00257556343077042,0.002,-0.000660974585458749));
#15625=CARTESIAN_POINT('',(0.00229547090335015,0.00200000025,-4.04228657310576E-5));
#15626=CARTESIAN_POINT('',(0.00229540308575688,0.002,-4.02658275662492E-5));
#15627=CARTESIAN_POINT('',(0.00257453273923558,0.002,-0.000816693122862272));
#15628=CARTESIAN_POINT('',(0.00300476146359596,0.002,-9.88343040262381E-5));
#15629=CARTESIAN_POINT('',(0.0030046943924731,0.002,-9.89458667795988E-5));
#15630=CARTESIAN_POINT('',(0.00257453273923558,0.002,-0.000816693122862272));
#15631=CARTESIAN_POINT('',(0.00254334589265683,0.002,-0.00089507560076291));
#15632=CARTESIAN_POINT('',(0.00332950274825358,0.002,-0.000416777461951899));
#15633=CARTESIAN_POINT('',(0.0033294286324405,0.002,-0.00041682332505198));
#15634=CARTESIAN_POINT('',(0.00254334589265683,0.002,-0.00089507560076291));
#15635=CARTESIAN_POINT('',(0.00264463237185997,0.002,-0.00084387268773008));
#15636=CARTESIAN_POINT('',(0.00345160756301616,0.002,-0.000846628244542183));
#15637=CARTESIAN_POINT('',(0.00345147255172156,0.002,-0.0008466301286685));
#15638=CARTESIAN_POINT('',(0.00264463237185997,0.002,-0.00084387268773008));
#15639=CARTESIAN_POINT('',(0.00291080045649386,0.002,-0.00085553592626901));
#15640=CARTESIAN_POINT('',(0.00340637387360732,0.002,-0.00107096642669697));
#15641=CARTESIAN_POINT('',(0.00340648275548337,0.002,-0.00107101337217111));
#15642=CARTESIAN_POINT('',(0.00291080045649386,0.002,-0.00085553592626901));
#15643=CARTESIAN_POINT('',(0.00300219022909937,0.002,-0.000887997961777393));
#15644=CARTESIAN_POINT('',(0.0032704252464115,0.002,-0.00124147301855368));
#15645=CARTESIAN_POINT('',(0.00327067280538083,0.002,-0.00124144252782158));
#15646=CARTESIAN_POINT('',(0.00300219022909937,0.002,-0.000887997961777393));
#15647=CARTESIAN_POINT('',(0.00278501381674314,0.002,-0.0019660286727149));
#15648=CARTESIAN_POINT('',(0.00351174483795275,0.002,-0.00148408335887011));
#15649=CARTESIAN_POINT('',(0.00351165937854868,0.002,-0.0014841428825243));
#15650=CARTESIAN_POINT('',(0.00278501381674314,0.002,-0.0019660286727149));
#15651=CARTESIAN_POINT('',(0.00306399166851183,0.002,-0.00178921721601367));
#15652=CARTESIAN_POINT('',(0.00360534981372363,0.002,-0.00178738439768078));
#15653=CARTESIAN_POINT('',(0.00360542275272514,0.002,-0.00178738455071902));
#15654=CARTESIAN_POINT('',(0.00306399166851183,0.002,-0.00178921721601367));
#15655=CARTESIAN_POINT('',(0.00321560770766814,0.002,-0.00179217065714912));
#15656=CARTESIAN_POINT('',(0.00345160756301616,0.002,-0.00210323582430429));
#15657=CARTESIAN_POINT('',(0.00345160756301616,0.002,-0.00210323582430429));
#15658=CARTESIAN_POINT('',(0.00321560770766814,0.002,-0.00179217065714912));
#15659=CARTESIAN_POINT('',(0.0030499951530048,0.002,-0.00222873970243284));
#15660=CARTESIAN_POINT('',(0.0030499951530048,0.0025,-0.00222873970243284));
#15661=CARTESIAN_POINT('',(0.00321524192587405,0.002,-0.00222873970243284));
#15662=CARTESIAN_POINT('',(0.00321524192587405,0.0025,-0.00222873970243284));
#15663=CARTESIAN_POINT('',(0.00334911272921117,0.002,-0.00218690507638999));
#15664=CARTESIAN_POINT('',(0.00334911272921117,0.0025,-0.00218690507638999));
#15665=CARTESIAN_POINT('',(0.00345160756301616,0.002,-0.00210323582430429));
#15666=CARTESIAN_POINT('',(0.00345160756301616,0.0025,-0.00210323582430429));
#15667=CARTESIAN_POINT('',(0.0030499951530048,0.002,-0.00222873970243284));
#15668=CARTESIAN_POINT('',(0.0030499951530048,0.002,-0.00222873970243284));
#15669=CARTESIAN_POINT('',(0.0030499951530048,0.002,-0.00222873970243284));
#15670=CARTESIAN_POINT('',(0.00329786531230868,0.002,-0.00222873970243284));
#15671=CARTESIAN_POINT('',(0.00345160756301616,0.002,-0.00210323582430429));
#15672=CARTESIAN_POINT('',(0.00304930215821895,0.002,-0.00131845822124645));
#15673=CARTESIAN_POINT('',(0.00279375806849233,0.002,-0.00219213440464535));
#15674=CARTESIAN_POINT('',(0.00279378335965289,0.002,-0.00219204426779305));
#15675=CARTESIAN_POINT('',(0.00279124799092976,0.002,-0.0021914022986896));
#15676=CARTESIAN_POINT('',(0.00279250302971105,0.002,-0.00219176835166747));
#15677=CARTESIAN_POINT('',(0.00279375806849233,0.002,-0.00219213440464535));
#15678=CARTESIAN_POINT('',(0.00291926194662089,0.002,-0.00222873970243284));
#15679=CARTESIAN_POINT('',(0.0030499951530048,0.002,-0.00222873970243284));
#15680=CARTESIAN_POINT('',(0.00308482285685796,0.002,-0.001154336389855));
#15681=CARTESIAN_POINT('',(0.00257151161763969,0.002,-0.00210166702582769));
#15682=CARTESIAN_POINT('',(0.00257154112811632,0.002,-0.00210159064310038));
#15683=CARTESIAN_POINT('',(0.00308482285685796,0.002,-0.001154336389855));
#15684=CARTESIAN_POINT('',(0.00276454960626532,0.002,-0.00170243621087213));
#15685=CARTESIAN_POINT('',(0.00244103987766855,0.002,-0.00200466298669083));
#15686=CARTESIAN_POINT('',(0.00244090383364222,0.002,-0.00200479336315602));
#15687=CARTESIAN_POINT('',(0.00276454960626532,0.002,-0.00170243621087213));
#15688=CARTESIAN_POINT('',(0.00258118994917128,0.002,-0.00188113009231972));
#15689=CARTESIAN_POINT('',(0.00239423738978312,0.002,-0.00187732884367291));
#15690=CARTESIAN_POINT('',(0.00239438811599522,0.002,-0.00187732695940061));
#15691=CARTESIAN_POINT('',(0.00258118994917128,0.002,-0.00188113009231972));
#15692=CARTESIAN_POINT('',(0.00251565258758614,0.002,-0.0018717029374574));
#15693=CARTESIAN_POINT('',(0.00242587482572802,0.002,-0.00179052199463399));
#15694=CARTESIAN_POINT('',(0.00242565496887302,0.002,-0.00179029645433969));
#15695=CARTESIAN_POINT('',(0.00251565258758614,0.002,-0.0018717029374574));
#15696=CARTESIAN_POINT('',(0.00251051118634482,0.002,-0.00188402220478017));
#15697=CARTESIAN_POINT('',(0.00252131006638827,0.002,-0.00175705429379971));
#15698=CARTESIAN_POINT('',(0.00252126260010188,0.002,-0.00175739475348665));
#15699=CARTESIAN_POINT('',(0.00251051118634482,0.002,-0.00188402220478017));
#15700=CARTESIAN_POINT('',(0.00252177275980766,0.002,-0.00190507965966309));
#15701=CARTESIAN_POINT('',(0.00255974562906515,0.002,-0.0017620221556423));
#15702=CARTESIAN_POINT('',(0.00255976422649435,0.002,-0.00176196243283487));
#15703=CARTESIAN_POINT('',(0.00252168257884789,0.002,-0.00190528962301948));
#15704=CARTESIAN_POINT('',(0.00250634041384439,0.002,-0.00193318931481672));
#15705=CARTESIAN_POINT('',(0.00260357194512865,0.002,-0.00178238736538056));
#15706=CARTESIAN_POINT('',(0.00260357194042001,0.002,-0.0017823873730446));
#15707=CARTESIAN_POINT('',(0.00250634041384439,0.002,-0.00193318931481672));
#15708=CARTESIAN_POINT('',(0.0026220709650349,0.00199999999739703,-0.0017932054657124));
#15709=CARTESIAN_POINT('',(0.0026347864895295,0.002,-0.00180045771831917));
#15710=CARTESIAN_POINT('',(0.00263476706183727,0.002,-0.00180048924092596));
#15711=CARTESIAN_POINT('',(0.0026220709650349,0.002,-0.0017932054657124));
#15712=CARTESIAN_POINT('',(0.00317571170554511,0.002,-0.000852835455646997));
#15713=CARTESIAN_POINT('',(0.00279715713185832,0.002,-0.00187602151160907));
#15714=CARTESIAN_POINT('',(0.00279709969595761,0.002,-0.00187618894142732));
#15715=CARTESIAN_POINT('',(0.00317571170554511,0.002,-0.000852835455646997));
#15716=CARTESIAN_POINT('',(0.00297018174653951,0.002,-0.00135459097237612));
#15717=CARTESIAN_POINT('',(0.00298305975133624,0.002,-0.00190452135060075));
#15718=CARTESIAN_POINT('',(0.00298305975133624,0.002,-0.00190452135060075));
#15719=CARTESIAN_POINT('',(0.00297018174653951,0.002,-0.00135459097237612));
#15720=CARTESIAN_POINT('',(0.00319876954186968,0.002,-0.00185092073598336));
#15721=CARTESIAN_POINT('',(0.00319876954186968,0.0025,-0.00185092073598336));
#15722=CARTESIAN_POINT('',(0.00314630194837427,0.002,-0.00188665447906162));
#15723=CARTESIAN_POINT('',(0.00314630194837427,0.0025,-0.00188665447906162));
#15724=CARTESIAN_POINT('',(0.00307439868486312,0.002,-0.00190452135060075));
#15725=CARTESIAN_POINT('',(0.00307439868486312,0.0025,-0.00190452135060075));
#15726=CARTESIAN_POINT('',(0.00298305975133624,0.002,-0.00190452135060075));
#15727=CARTESIAN_POINT('',(0.00298305975133624,0.0025,-0.00190452135060075));
#15728=CARTESIAN_POINT('',(0.00319876954186968,0.002,-0.00185092073598336));
#15729=CARTESIAN_POINT('',(0.00319876954186968,0.002,-0.00185092073598336));
#15730=CARTESIAN_POINT('',(0.00319876954186968,0.002,-0.00185092073598336));
#15731=CARTESIAN_POINT('',(0.00312006815162657,0.002,-0.00190452135060075));
#15732=CARTESIAN_POINT('',(0.00298305975133624,0.002,-0.00190452135060075));
#15733=CARTESIAN_POINT('',(0.00327747093211279,0.002,-0.00172044899601222));
#15734=CARTESIAN_POINT('',(0.00327747093211279,0.0025,-0.00172044899601222));
#15735=CARTESIAN_POINT('',(0.00327747093211279,0.002,-0.0017716964129147));
#15736=CARTESIAN_POINT('',(0.00327747093211279,0.0025,-0.0017716964129147));
#15737=CARTESIAN_POINT('',(0.00325123713536509,0.002,-0.00181518699290509));
#15738=CARTESIAN_POINT('',(0.00325123713536509,0.0025,-0.00181518699290509));
#15739=CARTESIAN_POINT('',(0.00319876954186968,0.002,-0.00185092073598336));
#15740=CARTESIAN_POINT('',(0.00319876954186968,0.0025,-0.00185092073598336));
#15741=CARTESIAN_POINT('',(0.00327747093211279,0.002,-0.00172044899601222));
#15742=CARTESIAN_POINT('',(0.00327747093211279,0.002,-0.00172044899601222));
#15743=CARTESIAN_POINT('',(0.00327747093211279,0.002,-0.00172044899601222));
#15744=CARTESIAN_POINT('',(0.00327747093211279,0.002,-0.00179732012136595));
#15745=CARTESIAN_POINT('',(0.00319876954186968,0.002,-0.00185092073598336));
#15746=CARTESIAN_POINT('',(0.00320399887012503,0.002,-0.00157298193921117));
#15747=CARTESIAN_POINT('',(0.00320399887012503,0.0025,-0.00157298193921117));
#15748=CARTESIAN_POINT('',(0.00325298024478354,0.002,-0.00162422935611366));
#15749=CARTESIAN_POINT('',(0.00325298024478354,0.0025,-0.00162422935611366));
#15750=CARTESIAN_POINT('',(0.00327747093211279,0.002,-0.00167338504171401));
#15751=CARTESIAN_POINT('',(0.00327747093211279,0.0025,-0.00167338504171401));
#15752=CARTESIAN_POINT('',(0.00327747093211279,0.002,-0.00172044899601222));
#15753=CARTESIAN_POINT('',(0.00327747093211279,0.0025,-0.00172044899601222));
#15754=CARTESIAN_POINT('',(0.00320399887012503,0.002,-0.00157298193921117));
#15755=CARTESIAN_POINT('',(0.00320399887012503,0.002,-0.00157298193921117));
#15756=CARTESIAN_POINT('',(0.00320399887012503,0.002,-0.00157298193921117));
#15757=CARTESIAN_POINT('',(0.00327747093211279,0.002,-0.0016498530645649));
#15758=CARTESIAN_POINT('',(0.00327747093211279,0.002,-0.00172044899601222));
#15759=CARTESIAN_POINT('',(0.00275808427792024,0.002,-0.0020088192056301));
#15760=CARTESIAN_POINT('',(0.00302332557890248,0.002,-0.00144407899771664));
#15761=CARTESIAN_POINT('',(0.00302321451143952,0.002,-0.00144430102374646));
#15762=CARTESIAN_POINT('',(0.00275808427792024,0.002,-0.0020088192056301));
#15763=CARTESIAN_POINT('',(0.00280707820784683,0.002,-0.00185626561204002));
#15764=CARTESIAN_POINT('',(0.0028225193738968,0.002,-0.00139204718157584));
#15765=CARTESIAN_POINT('',(0.00282252835293653,0.002,-0.00139192333500015));
#15766=CARTESIAN_POINT('',(0.00280707820784683,0.002,-0.00185626561204002));
#15767=CARTESIAN_POINT('',(0.00282519136157085,0.002,-0.00119772496594877));
#15768=CARTESIAN_POINT('',(0.00268368070871709,0.002,-0.00133190990663925));
#15769=CARTESIAN_POINT('',(0.00268387874999921,0.002,-0.00133171195458655));
#15770=CARTESIAN_POINT('',(0.00282519136157085,0.002,-0.00119772496594877));
#15771=CARTESIAN_POINT('',(0.00280439456686079,0.002,-0.00119347413584597));
#15772=CARTESIAN_POINT('',(0.00262171316889111,0.002,-0.00119803910330213));
#15773=CARTESIAN_POINT('',(0.00262157948416217,0.002,-0.00119804286684429));
#15774=CARTESIAN_POINT('',(0.00280439456686079,0.002,-0.00119347413584597));
#15775=CARTESIAN_POINT('',(0.00274415729207316,0.002,-0.00119532569579099));
#15776=CARTESIAN_POINT('',(0.00265857993309137,0.002,-0.00110783319089723));
#15777=CARTESIAN_POINT('',(0.00265855543241224,0.002,-0.00110780869250595));
#15778=CARTESIAN_POINT('',(0.00274415729207316,0.002,-0.00119532569579099));
#15779=CARTESIAN_POINT('',(0.0027474671707421,0.002,-0.00119737044909168));
#15780=CARTESIAN_POINT('',(0.00275201662534784,0.002,-0.00107119410260046));
#15781=CARTESIAN_POINT('',(0.00275201409822083,0.002,-0.00107119401442073));
#15782=CARTESIAN_POINT('',(0.0027474671707421,0.002,-0.00119737044909168));
#15783=CARTESIAN_POINT('',(0.00274115438921416,0.002,-0.000557864193255274));
#15784=CARTESIAN_POINT('',(0.0029061886259825,0.002,-0.00104429685259465));
#15785=CARTESIAN_POINT('',(0.00290616810508273,0.002,-0.00104424063859454));
#15786=CARTESIAN_POINT('',(0.00274115438921416,0.002,-0.000557864193255274));
#15787=CARTESIAN_POINT('',(0.00280175487219565,0.002,-0.000722900139266973));
#15788=CARTESIAN_POINT('',(0.00305339421637078,0.002,-0.000948861611934399));
#15789=CARTESIAN_POINT('',(0.00305355909078495,0.002,-0.000949000463820281));
#15790=CARTESIAN_POINT('',(0.00280175487219565,0.002,-0.000722900139266973));
#15791=CARTESIAN_POINT('',(0.0028580452720859,0.002,-0.000780474795589438));
#15792=CARTESIAN_POINT('',(0.00311693055467335,0.002,-0.000766619522235233));
#15793=CARTESIAN_POINT('',(0.00311655364479347,0.002,-0.000766657122195775));
#15794=CARTESIAN_POINT('',(0.0028580452720859,0.002,-0.000780474795589438));
#15795=CARTESIAN_POINT('',(0.00268394603179226,0.002,-0.000763240601968098));
#15796=CARTESIAN_POINT('',(0.00304999515300479,0.002,-0.000532084149982505));
#15797=CARTESIAN_POINT('',(0.00304996962465502,0.002,-0.000532100073923285));
#15798=CARTESIAN_POINT('',(0.00268394603179226,0.002,-0.000763240601968098));
#15799=CARTESIAN_POINT('',(0.00263255364681163,0.002,-0.000790361225858727));
#15800=CARTESIAN_POINT('',(0.00287428972362482,0.002,-0.000363176847334498));
#15801=CARTESIAN_POINT('',(0.00287428536341656,0.002,-0.000363184585823043));
#15802=CARTESIAN_POINT('',(0.00263255364681163,0.002,-0.000790361225858727));
#15803=CARTESIAN_POINT('',(0.00264171671766724,0.002,-0.000769198608952416));
#15804=CARTESIAN_POINT('',(0.00263844701930826,0.002,-0.000301209307508526));
#15805=CARTESIAN_POINT('',(0.00263844701930826,0.002,-0.000301209307508526));
#15806=CARTESIAN_POINT('',(0.00264171671766724,0.002,-0.000769198608952416));
#15807=CARTESIAN_POINT('',(0.00241070977378749,0.002,-0.000369713507653694));
#15808=CARTESIAN_POINT('',(0.00241070977378749,0.0025,-0.000369713507653694));
#15809=CARTESIAN_POINT('',(0.00246422323293397,0.002,-0.000324044040890249));
#15810=CARTESIAN_POINT('',(0.00246422323293397,0.0025,-0.000324044040890249));
#15811=CARTESIAN_POINT('',(0.00254013564810755,0.002,-0.000301209307508526));
#15812=CARTESIAN_POINT('',(0.00254013564810755,0.0025,-0.000301209307508526));
#15813=CARTESIAN_POINT('',(0.00263844701930826,0.002,-0.000301209307508526));
#15814=CARTESIAN_POINT('',(0.00263844701930826,0.0025,-0.000301209307508526));
#15815=CARTESIAN_POINT('',(0.00241070977378749,0.002,-0.000369713507653694));
#15816=CARTESIAN_POINT('',(0.00241070977378749,0.002,-0.000369713507653694));
#15817=CARTESIAN_POINT('',(0.00241070977378749,0.002,-0.000369713507653694));
#15818=CARTESIAN_POINT('',(0.0024909799625072,0.002,-0.000301209307508526));
#15819=CARTESIAN_POINT('',(0.00263844701930826,0.002,-0.000301209307508526));
#15820=CARTESIAN_POINT('',(0.00260935706225646,0.002,-0.000626753718568564));
#15821=CARTESIAN_POINT('',(0.00230690760791867,0.002,-0.000511951236199384));
#15822=CARTESIAN_POINT('',(0.0023065921162183,0.002,-0.000511821697798423));
#15823=CARTESIAN_POINT('',(0.00260935706225646,0.002,-0.000626753718568564));
#15824=CARTESIAN_POINT('',(0.00219646406460182,0.002,-0.000485917883233243));
#15825=CARTESIAN_POINT('',(0.00218663305804548,0.002,-0.000599281018063834));
#15826=CARTESIAN_POINT('',(0.00218669292303495,0.002,-0.000598985654737937));
#15827=CARTESIAN_POINT('',(0.00219646406460182,0.002,-0.000485917883233243));
#15828=CARTESIAN_POINT('',(0.00218686852911577,0.002,-0.000402255550417178));
#15829=CARTESIAN_POINT('',(0.00204936319134237,0.002,-0.000543850138557058));
#15830=CARTESIAN_POINT('',(0.00204951455992733,0.002,-0.000543685545902446));
#15831=CARTESIAN_POINT('',(0.00218686852911577,0.002,-0.000402255550417178));
#15832=CARTESIAN_POINT('',(0.00215837098059101,0.002,-0.000413272104784184));
#15833=CARTESIAN_POINT('',(0.00198896444999301,0.002,-0.000415208663475294));
#15834=CARTESIAN_POINT('',(0.00198872465142092,0.002,-0.000415207335778976));
#15835=CARTESIAN_POINT('',(0.00215837098059101,0.002,-0.000413272104784184));
#15836=CARTESIAN_POINT('',(0.00231406037665296,0.002,-0.000422341172354871));
#15837=CARTESIAN_POINT('',(0.00207446396696808,0.002,-0.000200806205005687));
#15838=CARTESIAN_POINT('',(0.00207459794226143,0.002,-0.00020093554949335));
#15839=CARTESIAN_POINT('',(0.00231406037665296,0.002,-0.000422341172354871));
#15840=CARTESIAN_POINT('',(0.00253317896596158,0.002,-0.000602212701349178));
#15841=CARTESIAN_POINT('',(0.00253317896596158,0.002,-0.000602212701349178));
#15842=CARTESIAN_POINT('',(0.0048922874973668,0.002,-0.00119490150634891));
#15843=CARTESIAN_POINT('',(0.000830184037961322,0.002,-0.000129858344382033));
#15844=CARTESIAN_POINT('',(0.000837989300989091,0.002,-8.43398850045615E-18));
#15845=CARTESIAN_POINT('',(0.000837975761217698,0.00200000025,-2.25264964189687E-7));
#15846=CARTESIAN_POINT('',(0.000830184037961322,0.002,-0.000129858344382033));
#15847=CARTESIAN_POINT('',(0.000742173908480388,0.002,-3.49074529696092E-5));
#15848=CARTESIAN_POINT('',(0.000742292593916071,0.002,-3.50364993108955E-5));
#15849=CARTESIAN_POINT('',(0.00116926724596591,0.002,-7.87025416439237E-18));
#15850=CARTESIAN_POINT('',(0.00150054519094273,0.002,-7.30651982832859E-18));
#15851=CARTESIAN_POINT('',(0.00150055493414856,0.002,2.48088568430104E-7));
#15852=CARTESIAN_POINT('',(0.00116926724596591,0.002,-7.87025416439237E-18));
#15853=CARTESIAN_POINT('',(0.00149286774861487,0.002,-0.000195488600983098));
#15854=CARTESIAN_POINT('',(0.00163415452786708,0.002,-5.85684764599972E-5));
#15855=CARTESIAN_POINT('',(0.00163393156213282,0.002,-5.87773995611597E-5));
#15856=CARTESIAN_POINT('',(0.00149286774861487,0.002,-0.000195488600983098));
#15857=CARTESIAN_POINT('',(0.0015152108517392,0.002,-0.000197557630112361));
#15858=CARTESIAN_POINT('',(0.00169769086616966,0.002,-0.000197668608052474));
#15859=CARTESIAN_POINT('',(0.00169764432689237,0.002,-0.000197672974652598));
#15860=CARTESIAN_POINT('',(0.0015152108517392,0.002,-0.000197557630112361));
#15861=CARTESIAN_POINT('',(0.00157799558093682,0.002,-0.000201722726967104));
#15862=CARTESIAN_POINT('',(0.00166265436685878,0.002,-0.000286044255567995));
#15863=CARTESIAN_POINT('',(0.00166285066994855,0.002,-0.000286263886352379));
#15864=CARTESIAN_POINT('',(0.00157799558093682,0.002,-0.000201722726967104));
#15865=CARTESIAN_POINT('',(0.00157141289300576,0.002,-0.000181483206849842));
#15866=CARTESIAN_POINT('',(0.00156068246587933,0.002,-0.000321080754878882));
#15867=CARTESIAN_POINT('',(0.00156070725885275,0.00200000025,-0.000320758210560897));
#15868=CARTESIAN_POINT('',(0.00157141289300576,0.002,-0.000181483206849842));
#15869=CARTESIAN_POINT('',(0.00148877920236818,0.002,-0.000321080754878882));
#15870=CARTESIAN_POINT('',(0.00141687593885703,0.002,-0.000321080754878882));
#15871=CARTESIAN_POINT('',(0.00141687593885703,0.002,-0.000321080754878882));
#15872=CARTESIAN_POINT('',(0.00148877920236818,0.002,-0.000321080754878882));
#15873=CARTESIAN_POINT('',(0.00161271428202013,0.002,-0.00119647030482552));
#15874=CARTESIAN_POINT('',(0.00180855262518322,0.002,-0.00207185985477216));
#15875=CARTESIAN_POINT('',(0.00180841160343848,0.002,-0.00207190273870857));
#15876=CARTESIAN_POINT('',(0.00161271428202013,0.002,-0.00119647030482552));
#15877=CARTESIAN_POINT('',(0.0017231071483646,0.002,-0.00209784335399181));
#15878=CARTESIAN_POINT('',(0.00178475918162135,0.002,-0.00216206576717705));
#15879=CARTESIAN_POINT('',(0.00178491823786188,0.002,-0.00216224273992408));
#15880=CARTESIAN_POINT('',(0.0017231071483646,0.002,-0.00209784335399181));
#15881=CARTESIAN_POINT('',(0.00169064747383129,0.002,-0.00205758832554688));
#15882=CARTESIAN_POINT('',(0.00168095701575253,0.002,-0.00219893253137731));
#15883=CARTESIAN_POINT('',(0.00168095701575253,0.002,-0.00219893253137731));
#15884=CARTESIAN_POINT('',(0.00169064747383129,0.002,-0.00205758832554688));
#15885=CARTESIAN_POINT('',(0.00154394861546219,0.002,-0.00213879525644072));
#15886=CARTESIAN_POINT('',(0.00154394861546219,0.0025,-0.00213879525644072));
#15887=CARTESIAN_POINT('',(0.00159310430106254,0.002,-0.00217888677306512));
#15888=CARTESIAN_POINT('',(0.00159310430106254,0.0025,-0.00217888677306512));
#15889=CARTESIAN_POINT('',(0.00163877376782599,0.002,-0.00219893253137731));
#15890=CARTESIAN_POINT('',(0.00163877376782599,0.0025,-0.00219893253137731));
#15891=CARTESIAN_POINT('',(0.00168095701575253,0.002,-0.00219893253137731));
#15892=CARTESIAN_POINT('',(0.00168095701575253,0.0025,-0.00219893253137731));
#15893=CARTESIAN_POINT('',(0.00154394861546219,0.002,-0.00213879525644072));
#15894=CARTESIAN_POINT('',(0.00154394861546219,0.002,-0.00213879525644072));
#15895=CARTESIAN_POINT('',(0.00154394861546219,0.002,-0.00213879525644072));
#15896=CARTESIAN_POINT('',(0.00161768214386271,0.002,-0.00219893253137731));
#15897=CARTESIAN_POINT('',(0.00168095701575253,0.002,-0.00219893253137731));
#15898=CARTESIAN_POINT('',(0.00130967470962223,0.002,-0.00193119092470307));
#15899=CARTESIAN_POINT('',(0.00107540080378227,0.002,-0.00172358659296544));
#15900=CARTESIAN_POINT('',(0.00107535896368729,0.002,-0.00172363193397167));
#15901=CARTESIAN_POINT('',(0.00130967470962223,0.002,-0.00193119092470307));
#15902=CARTESIAN_POINT('',(0.00123683162729319,0.002,-0.00154864827172748));
#15903=CARTESIAN_POINT('',(0.00102702951742022,0.002,-0.00166161905313946));
#15904=CARTESIAN_POINT('',(0.00102710649964719,0.002,-0.00166157561209612));
#15905=CARTESIAN_POINT('',(0.00123683162729319,0.002,-0.00154864827172748));
#15906=CARTESIAN_POINT('',(0.00115776181020065,0.002,-0.00158246500126573));
#15907=CARTESIAN_POINT('',(0.00100532780516049,0.002,-0.0015865781926751));
#15908=CARTESIAN_POINT('',(0.00100537041335153,0.002,-0.00158657528560639));
#15909=CARTESIAN_POINT('',(0.00115776181020065,0.002,-0.00158246500126573));
#15910=CARTESIAN_POINT('',(0.00113291682399392,0.002,-0.0015817665860766));
#15911=CARTESIAN_POINT('',(0.00104184816210577,0.002,-0.00149262860788028));
#15912=CARTESIAN_POINT('',(0.00104185076626331,0.002,-0.00149262602135436));
#15913=CARTESIAN_POINT('',(0.00113291682399392,0.002,-0.0015817665860766));
#15914=CARTESIAN_POINT('',(0.00113069203813232,0.002,-0.0015820715970305));
#15915=CARTESIAN_POINT('',(0.00113553807871886,0.002,-0.00145584498629119));
#15916=CARTESIAN_POINT('',(0.0011357881041265,0.002,-0.00145595486121456));
#15917=CARTESIAN_POINT('',(0.00113069203813232,0.002,-0.0015820715970305));
#15918=CARTESIAN_POINT('',(0.00113604805378981,0.002,-0.00164878980589591));
#15919=CARTESIAN_POINT('',(0.00126261075532402,0.002,-0.0015029089405894));
#15920=CARTESIAN_POINT('',(0.00126256009310206,0.00200000025,-0.00150296733574601));
#15921=CARTESIAN_POINT('',(0.00113604805378981,0.002,-0.00164878980589591));
#15922=CARTESIAN_POINT('',(0.00133137642188196,0.002,-0.00156147741704939));
#15923=CARTESIAN_POINT('',(0.00140014208843989,0.002,-0.00162004589350938));
#15924=CARTESIAN_POINT('',(0.00140014208843989,0.002,-0.00162004589350938));
#15925=CARTESIAN_POINT('',(0.00133137642188196,0.002,-0.00156147741704939));
#15926=CARTESIAN_POINT('',(0.00125293649805161,0.002,-0.00097056332419413));
#15927=CARTESIAN_POINT('',(0.00110573090766333,0.002,-0.000321080754878883));
#15928=CARTESIAN_POINT('',(0.00110573090766333,0.002,-0.000321080754878883));
#15929=CARTESIAN_POINT('',(0.00125293649805161,0.002,-0.00097056332419413));
#15930=CARTESIAN_POINT('',(0.00100532780516049,0.002,-0.000321080754878883));
#15931=CARTESIAN_POINT('',(0.000904924702657651,0.002,-0.000321080754878883));
#15932=CARTESIAN_POINT('',(0.000904924022947611,0.002,-0.00032117174447696));
#15933=CARTESIAN_POINT('',(0.00100532780516049,0.002,-0.000321080754878883));
#15934=CARTESIAN_POINT('',(0.000906335107386864,0.002,-0.000132276482664438));
#15935=CARTESIAN_POINT('',(0.000767505848203517,0.002,-0.000260511552341186));
#15936=CARTESIAN_POINT('',(0.000767505848203656,0.002,-0.000260511552341037));
#15937=CARTESIAN_POINT('',(0.000906335107386864,0.002,-0.000132276482664438));
#15938=CARTESIAN_POINT('',(0.000895514741390285,0.002,-0.000122184857953641));
#15939=CARTESIAN_POINT('',(0.000707256094605184,0.002,-0.000123935079651952));
#15940=CARTESIAN_POINT('',(0.000707264825185023,0.002,-0.000123930716305098));
#15941=CARTESIAN_POINT('',(0.000895514741390285,0.002,-0.000122184857953641));
#15942=CARTESIAN_POINT('',(0.000827631634966846,0.002,-0.000119597993118705));
#15943=CARTESIAN_POINT('',(0.000827631634966846,0.002,-0.000119597993118705));
#15944=CARTESIAN_POINT('',(0.0048922874973668,0.002,-0.00119490150634891));
#15945=MECHANICAL_DESIGN_GEOMETRIC_PRESENTATION_REPRESENTATION('',(#8526),
#15946);
#15946=(
GEOMETRIC_REPRESENTATION_CONTEXT(3)
GLOBAL_UNCERTAINTY_ASSIGNED_CONTEXT((#15947))
GLOBAL_UNIT_ASSIGNED_CONTEXT((#15950,#15949,#15948))
REPRESENTATION_CONTEXT('Part 1','TOP_LEVEL_ASSEMBLY_PART')
);
#15947=UNCERTAINTY_MEASURE_WITH_UNIT(LENGTH_MEASURE(4.E-5),#15950,
'DISTANCE_ACCURACY_VALUE','Maximum Tolerance applied to model');
#15948=(
NAMED_UNIT(*)
SI_UNIT($,.STERADIAN.)
SOLID_ANGLE_UNIT()
);
#15949=(
NAMED_UNIT(*)
PLANE_ANGLE_UNIT()
SI_UNIT($,.RADIAN.)
);
#15950=(
LENGTH_UNIT()
NAMED_UNIT(*)
SI_UNIT($,.METRE.)
);
#15951=PRODUCT_DEFINITION_SHAPE('','',#15952);
#15952=PRODUCT_DEFINITION('','',#15954,#15953);
#15953=PRODUCT_DEFINITION_CONTEXT('',#15960,'design');
#15954=PRODUCT_DEFINITION_FORMATION_WITH_SPECIFIED_SOURCE('','',#15956,
 .NOT_KNOWN.);
#15955=PRODUCT_RELATED_PRODUCT_CATEGORY('','',(#15956));
#15956=PRODUCT('Part 1','Part 1','Part 1',(#15958));
#15957=PRODUCT_CATEGORY('','');
#15958=PRODUCT_CONTEXT('',#15960,'mechanical');
#15959=APPLICATION_PROTOCOL_DEFINITION('international standard',
'ap242_managed_model_based_3d_engineering',2020,#15960);
#15960=APPLICATION_CONTEXT('managed model based 3d engineering');
ENDSEC;
END-ISO-10303-21;
