ISO-10303-21;
HEADER;
/* Generated by software containing ST-Developer
 * from STEP Tools, Inc. (www.steptools.com) 
 */
/* OPTION: using custom renumber hook */

FILE_DESCRIPTION(
/* description */ ('STEP AP242 Edition 2',
'CAx-IF Rec.Pracs.---Representation and Presentation of Product Manufa
cturing Information (PMI)---4.0---2014-10-13',
'CAx-IF Rec.Pracs.---3D Tessellated Geometry---0.4---2014-09-14','2;1',
'CAx-IF Rec.Pracs.---User Defined Attributes---1.5---2016-08-15'),
/* implementation_level */ '2;1');

FILE_NAME(
/* name */ 'Part Studio 1',
/* time_stamp */ '2026-07-25T18:55:43Z',
/* author */ (''),
/* organization */ (''),
/* preprocessor_version */ 'ST-DEVELOPER v20',
/* originating_system */ 'ONSHAPE BY PTC INC, 1.218',
/* authorisation */ '  ');

FILE_SCHEMA (('AP242_MANAGED_MODEL_BASED_3D_ENGINEERING_MIM_LF { 1 0 10303 442 3 1 4 }'));
ENDSEC;

DATA;
#10=SHAPE_REPRESENTATION_RELATIONSHIP('','',#5504,#11);
#11=ADVANCED_BREP_SHAPE_REPRESENTATION('',(#5502),#10448);
#12=(
BOUNDED_SURFACE()
B_SPLINE_SURFACE(3,3,((#8769,#8770,#8771,#8772),(#8773,#8774,#8775,#8776),
(#8777,#8778,#8779,#8780),(#8781,#8782,#8783,#8784)),
 .SURF_OF_REVOLUTION.,.F.,.F.,.F.)
B_SPLINE_SURFACE_WITH_KNOTS((4,4),(4,4),(0.,1.),(0.,1.),
 .PIECEWISE_BEZIER_KNOTS.)
GEOMETRIC_REPRESENTATION_ITEM()
RATIONAL_B_SPLINE_SURFACE(((1.,0.826241266941721,0.826241266941721,1.),
(1.,0.826241266941721,0.826241266941721,1.),(1.,0.826241266941721,0.826241266941721,
1.),(1.,0.826241266941721,0.826241266941721,1.)))
REPRESENTATION_ITEM('')
SURFACE()
);
#13=(
BOUNDED_SURFACE()
B_SPLINE_SURFACE(3,3,((#8893,#8894,#8895,#8896),(#8897,#8898,#8899,#8900),
(#8901,#8902,#8903,#8904),(#8905,#8906,#8907,#8908)),
 .SURF_OF_REVOLUTION.,.F.,.F.,.F.)
B_SPLINE_SURFACE_WITH_KNOTS((4,4),(4,4),(0.000240237581649184,1.),(0.,1.),
 .PIECEWISE_BEZIER_KNOTS.)
GEOMETRIC_REPRESENTATION_ITEM()
RATIONAL_B_SPLINE_SURFACE(((1.,0.826241272119626,0.826241272119626,1.),
(1.,0.826241272119626,0.826241272119626,1.),(1.,0.826241272119626,0.826241272119626,
1.),(1.,0.826241272119626,0.826241272119626,1.)))
REPRESENTATION_ITEM('')
SURFACE()
);
#14=B_SPLINE_SURFACE_WITH_KNOTS('',2,3,((#8213,#8214,#8215,#8216,#8217,
#8218),(#8219,#8220,#8221,#8222,#8223,#8224),(#8225,#8226,#8227,#8228,#8229,
#8230)),.UNSPECIFIED.,.F.,.F.,.F.,(3,3),(4,2,4),(0.,1.),(1.5707963267949,
1.8782812371099,2.15999734761663),.UNSPECIFIED.);
#15=B_SPLINE_SURFACE_WITH_KNOTS('',3,1,((#8241,#8242),(#8243,#8244),(#8245,
#8246),(#8247,#8248)),.SURF_OF_LINEAR_EXTRUSION.,.F.,.F.,.F.,(4,4),(2,2),
(3.74452680557607E-17,1.),(0.,1.),.PIECEWISE_BEZIER_KNOTS.);
#16=B_SPLINE_SURFACE_WITH_KNOTS('',2,3,((#8258,#8259,#8260,#8261,#8262,
#8263),(#8264,#8265,#8266,#8267,#8268,#8269),(#8270,#8271,#8272,#8273,#8274,
#8275)),.UNSPECIFIED.,.F.,.F.,.F.,(3,3),(4,2,4),(0.,1.),(1.5707963267949,
1.8782812371099,2.15999734761663),.UNSPECIFIED.);
#17=B_SPLINE_SURFACE_WITH_KNOTS('',2,3,((#8280,#8281,#8282,#8283,#8284,
#8285),(#8286,#8287,#8288,#8289,#8290,#8291),(#8292,#8293,#8294,#8295,#8296,
#8297)),.UNSPECIFIED.,.F.,.F.,.F.,(3,3),(4,2,4),(0.,1.),(0.859064716688165,
1.19936764061074,1.5707963267949),.UNSPECIFIED.);
#18=B_SPLINE_SURFACE_WITH_KNOTS('',3,1,((#8303,#8304),(#8305,#8306),(#8307,
#8308),(#8309,#8310)),.SURF_OF_LINEAR_EXTRUSION.,.F.,.F.,.F.,(4,4),(2,2),
(-4.89382391348321E-17,1.),(0.,1.),.PIECEWISE_BEZIER_KNOTS.);
#19=B_SPLINE_SURFACE_WITH_KNOTS('',2,3,((#8315,#8316,#8317,#8318,#8319,
#8320),(#8321,#8322,#8323,#8324,#8325,#8326),(#8327,#8328,#8329,#8330,#8331,
#8332)),.UNSPECIFIED.,.F.,.F.,.F.,(3,3),(4,2,4),(0.,1.),(0.859064716688165,
1.19936764061074,1.5707963267949),.UNSPECIFIED.);
#20=B_SPLINE_SURFACE_WITH_KNOTS('',2,3,((#8333,#8334,#8335,#8336,#8337,
#8338),(#8339,#8340,#8341,#8342,#8343,#8344),(#8345,#8346,#8347,#8348,#8349,
#8350)),.UNSPECIFIED.,.F.,.F.,.F.,(3,3),(4,2,4),(0.,1.),(4.12318796001143,
4.40490407006968,4.71238898038469),.UNSPECIFIED.);
#21=B_SPLINE_SURFACE_WITH_KNOTS('',2,3,((#8361,#8362,#8363,#8364,#8365,
#8366),(#8367,#8368,#8369,#8370,#8371,#8372),(#8373,#8374,#8375,#8376,#8377,
#8378)),.UNSPECIFIED.,.F.,.F.,.F.,(3,3),(4,2,4),(0.,1.),(4.12318796001143,
4.40490407006968,4.71238898038469),.UNSPECIFIED.);
#22=B_SPLINE_SURFACE_WITH_KNOTS('',3,1,((#8383,#8384),(#8385,#8386),(#8387,
#8388),(#8389,#8390)),.SURF_OF_LINEAR_EXTRUSION.,.F.,.F.,.F.,(4,4),(2,2),
(9.92794442448639E-27,1.),(0.,1.),.PIECEWISE_BEZIER_KNOTS.);
#23=B_SPLINE_SURFACE_WITH_KNOTS('',3,1,((#8400,#8401),(#8402,#8403),(#8404,
#8405),(#8406,#8407)),.SURF_OF_LINEAR_EXTRUSION.,.F.,.F.,.F.,(4,4),(2,2),
(-2.30950002655251E-17,1.),(0.,1.),.PIECEWISE_BEZIER_KNOTS.);
#24=B_SPLINE_SURFACE_WITH_KNOTS('',2,3,((#8412,#8413,#8414,#8415,#8416,
#8417),(#8418,#8419,#8420,#8421,#8422,#8423),(#8424,#8425,#8426,#8427,#8428,
#8429)),.UNSPECIFIED.,.F.,.F.,.F.,(3,3),(4,2,4),(0.,1.),(4.71238898038469,
5.08381766656884,5.42412059049167),.UNSPECIFIED.);
#25=B_SPLINE_SURFACE_WITH_KNOTS('',2,3,((#8435,#8436,#8437,#8438,#8439,
#8440),(#8441,#8442,#8443,#8444,#8445,#8446),(#8447,#8448,#8449,#8450,#8451,
#8452)),.UNSPECIFIED.,.F.,.F.,.F.,(3,3),(4,2,4),(0.,1.),(4.71238898038469,
5.08381766656884,5.42412059049167),.UNSPECIFIED.);
#26=B_SPLINE_SURFACE_WITH_KNOTS('',3,1,((#8453,#8454),(#8455,#8456),(#8457,
#8458),(#8459,#8460)),.SURF_OF_LINEAR_EXTRUSION.,.F.,.F.,.F.,(4,4),(2,2),
(-4.3731359429049E-16,1.00000000000015),(0.,1.),
 .PIECEWISE_BEZIER_KNOTS.);
#27=B_SPLINE_SURFACE_WITH_KNOTS('',2,3,((#8469,#8470,#8471,#8472,#8473,
#8474,#8475,#8476,#8477,#8478,#8479,#8480,#8481,#8482),(#8483,#8484,#8485,
#8486,#8487,#8488,#8489,#8490,#8491,#8492,#8493,#8494,#8495,#8496),(#8497,
#8498,#8499,#8500,#8501,#8502,#8503,#8504,#8505,#8506,#8507,#8508,#8509,
#8510)),.UNSPECIFIED.,.F.,.F.,.F.,(3,3),(4,2,2,2,2,2,4),(0.,1.),(2.5589516671485,
2.64184805784868,3.0563300113496,3.47081196485053,3.88529391835145,4.29977587185238,
4.38267226255256),.UNSPECIFIED.);
#28=B_SPLINE_SURFACE_WITH_KNOTS('',3,3,((#8515,#8516,#8517,#8518,#8519,
#8520,#8521,#8522,#8523,#8524,#8525,#8526,#8527,#8528,#8529,#8530,#8531,
#8532,#8533),(#8534,#8535,#8536,#8537,#8538,#8539,#8540,#8541,#8542,#8543,
#8544,#8545,#8546,#8547,#8548,#8549,#8550,#8551,#8552),(#8553,#8554,#8555,
#8556,#8557,#8558,#8559,#8560,#8561,#8562,#8563,#8564,#8565,#8566,#8567,
#8568,#8569,#8570,#8571),(#8572,#8573,#8574,#8575,#8576,#8577,#8578,#8579,
#8580,#8581,#8582,#8583,#8584,#8585,#8586,#8587,#8588,#8589,#8590)),
 .UNSPECIFIED.,.F.,.F.,.F.,(4,4),(4,1,1,1,1,1,1,1,1,1,1,1,1,1,1,1,4),(-0.00600001894899986,
1.),(3.57459586605063,3.96959855008046,4.25174332438747,4.59031705355589,
4.92889078272432,5.26746451189274,5.60603824106116,5.94461197022958,6.283185699398,
6.62175942856642,6.96033315773484,7.29890688690326,7.63748061607168,7.9760543452401,
8.31462807440852,8.59677284871554,8.99177553274537),.UNSPECIFIED.);
#29=B_SPLINE_SURFACE_WITH_KNOTS('',3,1,((#8595,#8596),(#8597,#8598),(#8599,
#8600),(#8601,#8602)),.SURF_OF_LINEAR_EXTRUSION.,.F.,.F.,.F.,(4,4),(2,2),
(-1.02978199798425E-16,1.00600012471753),(0.,1.),
 .PIECEWISE_BEZIER_KNOTS.);
#30=B_SPLINE_SURFACE_WITH_KNOTS('',3,1,((#8603,#8604),(#8605,#8606),(#8607,
#8608),(#8609,#8610)),.SURF_OF_LINEAR_EXTRUSION.,.F.,.F.,.F.,(4,4),(2,2),
(-4.24147910633139E-15,1.00000000000084),(0.,1.),
 .PIECEWISE_BEZIER_KNOTS.);
#31=B_SPLINE_SURFACE_WITH_KNOTS('',2,3,((#8619,#8620,#8621,#8622,#8623,
#8624,#8625,#8626,#8627,#8628,#8629,#8630,#8631,#8632),(#8633,#8634,#8635,
#8636,#8637,#8638,#8639,#8640,#8641,#8642,#8643,#8644,#8645,#8646),(#8647,
#8648,#8649,#8650,#8651,#8652,#8653,#8654,#8655,#8656,#8657,#8658,#8659,
#8660)),.UNSPECIFIED.,.F.,.F.,.F.,(3,3),(4,2,2,2,2,2,4),(0.,1.),(2.5589516671485,
2.64184805784868,3.0563300113496,3.47081196485053,3.88529391835145,4.29977587185238,
4.38267226255256),.UNSPECIFIED.);
#32=B_SPLINE_SURFACE_WITH_KNOTS('',3,3,((#8665,#8666,#8667,#8668,#8669,
#8670,#8671,#8672,#8673,#8674,#8675,#8676,#8677,#8678,#8679,#8680,#8681,
#8682,#8683),(#8684,#8685,#8686,#8687,#8688,#8689,#8690,#8691,#8692,#8693,
#8694,#8695,#8696,#8697,#8698,#8699,#8700,#8701,#8702),(#8703,#8704,#8705,
#8706,#8707,#8708,#8709,#8710,#8711,#8712,#8713,#8714,#8715,#8716,#8717,
#8718,#8719,#8720,#8721),(#8722,#8723,#8724,#8725,#8726,#8727,#8728,#8729,
#8730,#8731,#8732,#8733,#8734,#8735,#8736,#8737,#8738,#8739,#8740)),
 .UNSPECIFIED.,.F.,.F.,.F.,(4,4),(4,1,1,1,1,1,1,1,1,1,1,1,1,1,1,1,4),(0.,
1.),(3.57459287154643,3.96959593222596,4.25174097556847,4.59031502757949,
4.92888907959051,5.26746313160153,5.60603718361255,5.94461123562357,6.28318528763459,
6.62175933964561,6.96033339165663,7.29890744366765,7.63748149567867,7.97605554768969,
8.31462959970071,8.59677464304323,8.99177770372275),.UNSPECIFIED.);
#33=B_SPLINE_SURFACE_WITH_KNOTS('',3,1,((#8745,#8746),(#8747,#8748),(#8749,
#8750),(#8751,#8752)),.SURF_OF_LINEAR_EXTRUSION.,.F.,.F.,.F.,(4,4),(2,2),
(-4.40039487690261E-15,1.00000000000494),(0.,1.),
 .PIECEWISE_BEZIER_KNOTS.);
#34=B_SPLINE_SURFACE_WITH_KNOTS('',3,1,((#8753,#8754),(#8755,#8756),(#8757,
#8758),(#8759,#8760)),.SURF_OF_LINEAR_EXTRUSION.,.F.,.F.,.F.,(4,4),(2,2),
(-6.01992299257237E-16,1.00600007540741),(0.,1.),
 .PIECEWISE_BEZIER_KNOTS.);
#35=B_SPLINE_SURFACE_WITH_KNOTS('',3,3,((#8789,#8790,#8791,#8792,#8793,
#8794,#8795,#8796,#8797,#8798,#8799,#8800,#8801,#8802,#8803,#8804,#8805,
#8806,#8807),(#8808,#8809,#8810,#8811,#8812,#8813,#8814,#8815,#8816,#8817,
#8818,#8819,#8820,#8821,#8822,#8823,#8824,#8825,#8826),(#8827,#8828,#8829,
#8830,#8831,#8832,#8833,#8834,#8835,#8836,#8837,#8838,#8839,#8840,#8841,
#8842,#8843,#8844,#8845),(#8846,#8847,#8848,#8849,#8850,#8851,#8852,#8853,
#8854,#8855,#8856,#8857,#8858,#8859,#8860,#8861,#8862,#8863,#8864)),
 .UNSPECIFIED.,.F.,.F.,.F.,(4,4),(4,1,1,1,1,1,1,1,1,1,1,1,1,1,1,1,4),(-0.00600001435823339,
1.),(3.67086351768551,4.05182710692723,4.3239439563856,4.65048417573564,
4.97702439508569,5.30356461443573,5.63010483378577,5.95664505313582,6.28318527248586,
6.6097254918359,6.93626571118594,7.26280593053599,7.58934614988603,7.91588636923607,
8.24242658858611,8.51454343804448,8.8955070272862),.UNSPECIFIED.);
#36=B_SPLINE_SURFACE_WITH_KNOTS('',3,1,((#8869,#8870),(#8871,#8872),(#8873,
#8874),(#8875,#8876)),.SURF_OF_LINEAR_EXTRUSION.,.F.,.F.,.F.,(4,4),(2,2),
(-1.0016663461271E-12,1.0060000802918),(0.,1.),.PIECEWISE_BEZIER_KNOTS.);
#37=B_SPLINE_SURFACE_WITH_KNOTS('',3,1,((#8877,#8878),(#8879,#8880),(#8881,
#8882),(#8883,#8884)),.SURF_OF_LINEAR_EXTRUSION.,.F.,.F.,.F.,(4,4),(2,2),
(-1.98641805067181E-15,1.0000000000046),(0.,1.),
 .PIECEWISE_BEZIER_KNOTS.);
#38=B_SPLINE_SURFACE_WITH_KNOTS('',3,3,((#8913,#8914,#8915,#8916,#8917,
#8918,#8919,#8920,#8921,#8922,#8923,#8924,#8925,#8926,#8927,#8928,#8929,
#8930,#8931),(#8932,#8933,#8934,#8935,#8936,#8937,#8938,#8939,#8940,#8941,
#8942,#8943,#8944,#8945,#8946,#8947,#8948,#8949,#8950),(#8951,#8952,#8953,
#8954,#8955,#8956,#8957,#8958,#8959,#8960,#8961,#8962,#8963,#8964,#8965,
#8966,#8967,#8968,#8969),(#8970,#8971,#8972,#8973,#8974,#8975,#8976,#8977,
#8978,#8979,#8980,#8981,#8982,#8983,#8984,#8985,#8986,#8987,#8988)),
 .UNSPECIFIED.,.F.,.F.,.F.,(4,4),(4,1,1,1,1,1,1,1,1,1,1,1,1,1,1,1,4),(0.,
1.00600001453402),(3.67086624456678,4.05182938762895,4.32394591838765,4.65048575529809,
4.97702559220852,5.30356542911895,5.63010526602939,5.95664510293983,6.28318493985026,
6.6097247767607,6.93626461367113,7.26280445058157,7.589344287492,7.91588412440244,
8.24242396131287,8.51454049207157,8.89550363513374),.UNSPECIFIED.);
#39=B_SPLINE_SURFACE_WITH_KNOTS('',3,1,((#8993,#8994),(#8995,#8996),(#8997,
#8998),(#8999,#9000)),.SURF_OF_LINEAR_EXTRUSION.,.F.,.F.,.F.,(4,4),(2,2),
(-9.99146616163562E-13,1.00600003043895),(0.,1.),
 .PIECEWISE_BEZIER_KNOTS.);
#40=B_SPLINE_SURFACE_WITH_KNOTS('',3,1,((#9022,#9023),(#9024,#9025),(#9026,
#9027),(#9028,#9029)),.SURF_OF_LINEAR_EXTRUSION.,.F.,.F.,.F.,(4,4),(2,2),
(0.,1.),(0.,1.),.PIECEWISE_BEZIER_KNOTS.);
#41=B_SPLINE_SURFACE_WITH_KNOTS('',3,1,((#9039,#9040),(#9041,#9042),(#9043,
#9044),(#9045,#9046)),.SURF_OF_LINEAR_EXTRUSION.,.F.,.F.,.F.,(4,4),(2,2),
(0.,1.),(0.,1.),.PIECEWISE_BEZIER_KNOTS.);
#42=B_SPLINE_SURFACE_WITH_KNOTS('',3,1,((#9056,#9057),(#9058,#9059),(#9060,
#9061),(#9062,#9063)),.SURF_OF_LINEAR_EXTRUSION.,.F.,.F.,.F.,(4,4),(2,2),
(0.,1.),(0.,1.),.PIECEWISE_BEZIER_KNOTS.);
#43=B_SPLINE_SURFACE_WITH_KNOTS('',3,1,((#9073,#9074),(#9075,#9076),(#9077,
#9078),(#9079,#9080)),.SURF_OF_LINEAR_EXTRUSION.,.F.,.F.,.F.,(4,4),(2,2),
(0.,1.),(0.,1.),.PIECEWISE_BEZIER_KNOTS.);
#44=B_SPLINE_SURFACE_WITH_KNOTS('',3,1,((#9088,#9089),(#9090,#9091),(#9092,
#9093),(#9094,#9095)),.SURF_OF_LINEAR_EXTRUSION.,.F.,.F.,.F.,(4,4),(2,2),
(0.,1.),(0.,1.),.PIECEWISE_BEZIER_KNOTS.);
#45=B_SPLINE_SURFACE_WITH_KNOTS('',3,1,((#9121,#9122),(#9123,#9124),(#9125,
#9126),(#9127,#9128)),.SURF_OF_LINEAR_EXTRUSION.,.F.,.F.,.F.,(4,4),(2,2),
(0.,1.),(0.,1.),.PIECEWISE_BEZIER_KNOTS.);
#46=B_SPLINE_SURFACE_WITH_KNOTS('',3,1,((#9132,#9133),(#9134,#9135),(#9136,
#9137),(#9138,#9139)),.SURF_OF_LINEAR_EXTRUSION.,.F.,.F.,.F.,(4,4),(2,2),
(0.,1.),(0.,1.),.PIECEWISE_BEZIER_KNOTS.);
#47=B_SPLINE_SURFACE_WITH_KNOTS('',3,1,((#9402,#9403),(#9404,#9405),(#9406,
#9407),(#9408,#9409)),.SURF_OF_LINEAR_EXTRUSION.,.F.,.F.,.F.,(4,4),(2,2),
(0.,1.),(0.,1.),.PIECEWISE_BEZIER_KNOTS.);
#48=B_SPLINE_SURFACE_WITH_KNOTS('',3,1,((#9419,#9420),(#9421,#9422),(#9423,
#9424),(#9425,#9426)),.SURF_OF_LINEAR_EXTRUSION.,.F.,.F.,.F.,(4,4),(2,2),
(0.,1.),(0.,1.),.PIECEWISE_BEZIER_KNOTS.);
#49=B_SPLINE_SURFACE_WITH_KNOTS('',3,1,((#9436,#9437),(#9438,#9439),(#9440,
#9441),(#9442,#9443)),.SURF_OF_LINEAR_EXTRUSION.,.F.,.F.,.F.,(4,4),(2,2),
(0.,1.),(0.,1.),.PIECEWISE_BEZIER_KNOTS.);
#50=B_SPLINE_SURFACE_WITH_KNOTS('',3,1,((#9475,#9476),(#9477,#9478),(#9479,
#9480),(#9481,#9482)),.SURF_OF_LINEAR_EXTRUSION.,.F.,.F.,.F.,(4,4),(2,2),
(0.,1.),(0.,1.),.PIECEWISE_BEZIER_KNOTS.);
#51=B_SPLINE_SURFACE_WITH_KNOTS('',3,1,((#9488,#9489),(#9490,#9491),(#9492,
#9493),(#9494,#9495)),.SURF_OF_LINEAR_EXTRUSION.,.F.,.F.,.F.,(4,4),(2,2),
(0.,1.),(0.,1.),.PIECEWISE_BEZIER_KNOTS.);
#52=B_SPLINE_SURFACE_WITH_KNOTS('',3,1,((#9501,#9502),(#9503,#9504),(#9505,
#9506),(#9507,#9508)),.SURF_OF_LINEAR_EXTRUSION.,.F.,.F.,.F.,(4,4),(2,2),
(0.,1.),(0.,1.),.PIECEWISE_BEZIER_KNOTS.);
#53=B_SPLINE_SURFACE_WITH_KNOTS('',3,1,((#9524,#9525),(#9526,#9527),(#9528,
#9529),(#9530,#9531)),.SURF_OF_LINEAR_EXTRUSION.,.F.,.F.,.F.,(4,4),(2,2),
(0.,1.),(0.,1.),.PIECEWISE_BEZIER_KNOTS.);
#54=B_SPLINE_SURFACE_WITH_KNOTS('',3,1,((#9539,#9540),(#9541,#9542),(#9543,
#9544),(#9545,#9546)),.SURF_OF_LINEAR_EXTRUSION.,.F.,.F.,.F.,(4,4),(2,2),
(0.,1.),(0.,1.),.PIECEWISE_BEZIER_KNOTS.);
#55=B_SPLINE_SURFACE_WITH_KNOTS('',3,1,((#9554,#9555),(#9556,#9557),(#9558,
#9559),(#9560,#9561)),.SURF_OF_LINEAR_EXTRUSION.,.F.,.F.,.F.,(4,4),(2,2),
(0.,1.),(0.,1.),.PIECEWISE_BEZIER_KNOTS.);
#56=B_SPLINE_SURFACE_WITH_KNOTS('',3,1,((#9567,#9568),(#9569,#9570),(#9571,
#9572),(#9573,#9574)),.SURF_OF_LINEAR_EXTRUSION.,.F.,.F.,.F.,(4,4),(2,2),
(0.,1.),(0.,1.),.PIECEWISE_BEZIER_KNOTS.);
#57=B_SPLINE_SURFACE_WITH_KNOTS('',3,1,((#9580,#9581),(#9582,#9583),(#9584,
#9585),(#9586,#9587)),.SURF_OF_LINEAR_EXTRUSION.,.F.,.F.,.F.,(4,4),(2,2),
(0.,1.),(0.,1.),.PIECEWISE_BEZIER_KNOTS.);
#58=B_SPLINE_SURFACE_WITH_KNOTS('',3,1,((#9593,#9594),(#9595,#9596),(#9597,
#9598),(#9599,#9600)),.SURF_OF_LINEAR_EXTRUSION.,.F.,.F.,.F.,(4,4),(2,2),
(0.,1.),(0.,1.),.PIECEWISE_BEZIER_KNOTS.);
#59=B_SPLINE_SURFACE_WITH_KNOTS('',3,1,((#9606,#9607),(#9608,#9609),(#9610,
#9611),(#9612,#9613)),.SURF_OF_LINEAR_EXTRUSION.,.F.,.F.,.F.,(4,4),(2,2),
(0.,1.),(0.,1.),.PIECEWISE_BEZIER_KNOTS.);
#60=B_SPLINE_SURFACE_WITH_KNOTS('',3,1,((#9619,#9620),(#9621,#9622),(#9623,
#9624),(#9625,#9626)),.SURF_OF_LINEAR_EXTRUSION.,.F.,.F.,.F.,(4,4),(2,2),
(0.,1.),(0.,1.),.PIECEWISE_BEZIER_KNOTS.);
#61=B_SPLINE_SURFACE_WITH_KNOTS('',3,1,((#9632,#9633),(#9634,#9635),(#9636,
#9637),(#9638,#9639)),.SURF_OF_LINEAR_EXTRUSION.,.F.,.F.,.F.,(4,4),(2,2),
(0.,1.),(0.,1.),.PIECEWISE_BEZIER_KNOTS.);
#62=B_SPLINE_SURFACE_WITH_KNOTS('',3,1,((#9645,#9646),(#9647,#9648),(#9649,
#9650),(#9651,#9652)),.SURF_OF_LINEAR_EXTRUSION.,.F.,.F.,.F.,(4,4),(2,2),
(0.,1.),(0.,1.),.PIECEWISE_BEZIER_KNOTS.);
#63=B_SPLINE_SURFACE_WITH_KNOTS('',3,1,((#9666,#9667),(#9668,#9669),(#9670,
#9671),(#9672,#9673)),.SURF_OF_LINEAR_EXTRUSION.,.F.,.F.,.F.,(4,4),(2,2),
(0.,1.),(0.,1.),.PIECEWISE_BEZIER_KNOTS.);
#64=B_SPLINE_SURFACE_WITH_KNOTS('',3,1,((#9679,#9680),(#9681,#9682),(#9683,
#9684),(#9685,#9686)),.SURF_OF_LINEAR_EXTRUSION.,.F.,.F.,.F.,(4,4),(2,2),
(0.,1.),(0.,1.),.PIECEWISE_BEZIER_KNOTS.);
#65=B_SPLINE_SURFACE_WITH_KNOTS('',3,1,((#9692,#9693),(#9694,#9695),(#9696,
#9697),(#9698,#9699)),.SURF_OF_LINEAR_EXTRUSION.,.F.,.F.,.F.,(4,4),(2,2),
(0.,1.),(0.,1.),.PIECEWISE_BEZIER_KNOTS.);
#66=B_SPLINE_SURFACE_WITH_KNOTS('',3,1,((#9705,#9706),(#9707,#9708),(#9709,
#9710),(#9711,#9712)),.SURF_OF_LINEAR_EXTRUSION.,.F.,.F.,.F.,(4,4),(2,2),
(0.,1.),(0.,1.),.PIECEWISE_BEZIER_KNOTS.);
#67=B_SPLINE_SURFACE_WITH_KNOTS('',3,1,((#9718,#9719),(#9720,#9721),(#9722,
#9723),(#9724,#9725)),.SURF_OF_LINEAR_EXTRUSION.,.F.,.F.,.F.,(4,4),(2,2),
(0.,1.),(0.,1.),.PIECEWISE_BEZIER_KNOTS.);
#68=B_SPLINE_SURFACE_WITH_KNOTS('',3,1,((#9731,#9732),(#9733,#9734),(#9735,
#9736),(#9737,#9738)),.SURF_OF_LINEAR_EXTRUSION.,.F.,.F.,.F.,(4,4),(2,2),
(0.,1.),(0.,1.),.PIECEWISE_BEZIER_KNOTS.);
#69=B_SPLINE_SURFACE_WITH_KNOTS('',3,1,((#9744,#9745),(#9746,#9747),(#9748,
#9749),(#9750,#9751)),.SURF_OF_LINEAR_EXTRUSION.,.F.,.F.,.F.,(4,4),(2,2),
(0.,1.),(0.,1.),.PIECEWISE_BEZIER_KNOTS.);
#70=B_SPLINE_SURFACE_WITH_KNOTS('',3,1,((#9757,#9758),(#9759,#9760),(#9761,
#9762),(#9763,#9764)),.SURF_OF_LINEAR_EXTRUSION.,.F.,.F.,.F.,(4,4),(2,2),
(0.,1.),(0.,1.),.PIECEWISE_BEZIER_KNOTS.);
#71=B_SPLINE_SURFACE_WITH_KNOTS('',3,1,((#9770,#9771),(#9772,#9773),(#9774,
#9775),(#9776,#9777)),.SURF_OF_LINEAR_EXTRUSION.,.F.,.F.,.F.,(4,4),(2,2),
(0.,1.),(0.,1.),.PIECEWISE_BEZIER_KNOTS.);
#72=B_SPLINE_SURFACE_WITH_KNOTS('',3,1,((#9795,#9796),(#9797,#9798),(#9799,
#9800),(#9801,#9802)),.SURF_OF_LINEAR_EXTRUSION.,.F.,.F.,.F.,(4,4),(2,2),
(0.,1.),(0.,1.),.PIECEWISE_BEZIER_KNOTS.);
#73=B_SPLINE_SURFACE_WITH_KNOTS('',3,1,((#9808,#9809),(#9810,#9811),(#9812,
#9813),(#9814,#9815)),.SURF_OF_LINEAR_EXTRUSION.,.F.,.F.,.F.,(4,4),(2,2),
(0.,1.),(0.,1.),.PIECEWISE_BEZIER_KNOTS.);
#74=B_SPLINE_SURFACE_WITH_KNOTS('',3,1,((#9849,#9850),(#9851,#9852),(#9853,
#9854),(#9855,#9856)),.SURF_OF_LINEAR_EXTRUSION.,.F.,.F.,.F.,(4,4),(2,2),
(0.,1.),(0.,1.),.PIECEWISE_BEZIER_KNOTS.);
#75=B_SPLINE_SURFACE_WITH_KNOTS('',3,1,((#9958,#9959),(#9960,#9961),(#9962,
#9963),(#9964,#9965)),.SURF_OF_LINEAR_EXTRUSION.,.F.,.F.,.F.,(4,4),(2,2),
(0.,1.),(0.,1.),.PIECEWISE_BEZIER_KNOTS.);
#76=B_SPLINE_SURFACE_WITH_KNOTS('',3,1,((#9971,#9972),(#9973,#9974),(#9975,
#9976),(#9977,#9978)),.SURF_OF_LINEAR_EXTRUSION.,.F.,.F.,.F.,(4,4),(2,2),
(0.,1.),(0.,1.),.PIECEWISE_BEZIER_KNOTS.);
#77=B_SPLINE_SURFACE_WITH_KNOTS('',3,1,((#9984,#9985),(#9986,#9987),(#9988,
#9989),(#9990,#9991)),.SURF_OF_LINEAR_EXTRUSION.,.F.,.F.,.F.,(4,4),(2,2),
(0.,1.),(0.,1.),.PIECEWISE_BEZIER_KNOTS.);
#78=B_SPLINE_SURFACE_WITH_KNOTS('',3,1,((#9997,#9998),(#9999,#10000),(#10001,
#10002),(#10003,#10004)),.SURF_OF_LINEAR_EXTRUSION.,.F.,.F.,.F.,(4,4),(2,
2),(0.,1.),(0.,1.),.PIECEWISE_BEZIER_KNOTS.);
#79=B_SPLINE_SURFACE_WITH_KNOTS('',3,1,((#10014,#10015),(#10016,#10017),
(#10018,#10019),(#10020,#10021)),.SURF_OF_LINEAR_EXTRUSION.,.F.,.F.,.F.,
(4,4),(2,2),(0.,1.),(0.,1.),.PIECEWISE_BEZIER_KNOTS.);
#80=B_SPLINE_SURFACE_WITH_KNOTS('',3,1,((#10145,#10146),(#10147,#10148),
(#10149,#10150),(#10151,#10152)),.SURF_OF_LINEAR_EXTRUSION.,.F.,.F.,.F.,
(4,4),(2,2),(0.,1.),(0.,1.),.PIECEWISE_BEZIER_KNOTS.);
#81=B_SPLINE_SURFACE_WITH_KNOTS('',3,1,((#10254,#10255),(#10256,#10257),
(#10258,#10259),(#10260,#10261)),.SURF_OF_LINEAR_EXTRUSION.,.F.,.F.,.F.,
(4,4),(2,2),(0.,1.),(0.,1.),.PIECEWISE_BEZIER_KNOTS.);
#82=B_SPLINE_SURFACE_WITH_KNOTS('',3,1,((#10267,#10268),(#10269,#10270),
(#10271,#10272),(#10273,#10274)),.SURF_OF_LINEAR_EXTRUSION.,.F.,.F.,.F.,
(4,4),(2,2),(0.,1.),(0.,1.),.PIECEWISE_BEZIER_KNOTS.);
#83=B_SPLINE_SURFACE_WITH_KNOTS('',3,1,((#10280,#10281),(#10282,#10283),
(#10284,#10285),(#10286,#10287)),.SURF_OF_LINEAR_EXTRUSION.,.F.,.F.,.F.,
(4,4),(2,2),(0.,1.),(0.,1.),.PIECEWISE_BEZIER_KNOTS.);
#84=B_SPLINE_SURFACE_WITH_KNOTS('',3,1,((#10293,#10294),(#10295,#10296),
(#10297,#10298),(#10299,#10300)),.SURF_OF_LINEAR_EXTRUSION.,.F.,.F.,.F.,
(4,4),(2,2),(0.,1.),(0.,1.),.PIECEWISE_BEZIER_KNOTS.);
#85=B_SPLINE_SURFACE_WITH_KNOTS('',3,1,((#10310,#10311),(#10312,#10313),
(#10314,#10315),(#10316,#10317)),.SURF_OF_LINEAR_EXTRUSION.,.F.,.F.,.F.,
(4,4),(2,2),(0.,1.),(0.,1.),.PIECEWISE_BEZIER_KNOTS.);
#86=CYLINDRICAL_SURFACE('',#5610,0.016);
#87=CYLINDRICAL_SURFACE('',#5611,0.0145000000000039);
#88=CYLINDRICAL_SURFACE('',#5615,0.0145000000000039);
#89=CYLINDRICAL_SURFACE('',#5617,0.009);
#90=CYLINDRICAL_SURFACE('',#5621,0.016);
#91=CYLINDRICAL_SURFACE('',#5623,0.013);
#92=CYLINDRICAL_SURFACE('',#5652,0.00888498019911576);
#93=CYLINDRICAL_SURFACE('',#5654,0.0423809345783678);
#94=CYLINDRICAL_SURFACE('',#5662,0.01468405388654);
#95=CYLINDRICAL_SURFACE('',#5671,0.00888498019907979);
#96=CYLINDRICAL_SURFACE('',#5673,0.042380934578851);
#97=CYLINDRICAL_SURFACE('',#5681,0.0146840538865482);
#98=CYLINDRICAL_SURFACE('',#5689,0.00519699166178765);
#99=CYLINDRICAL_SURFACE('',#5700,0.00667519213295888);
#100=CYLINDRICAL_SURFACE('',#5717,0.002687314865912);
#101=CYLINDRICAL_SURFACE('',#5719,0.00278495414831494);
#102=CYLINDRICAL_SURFACE('',#5721,0.0029226728862133);
#103=CYLINDRICAL_SURFACE('',#5728,0.000102611858846418);
#104=CYLINDRICAL_SURFACE('',#5730,0.000150138855221566);
#105=CYLINDRICAL_SURFACE('',#5732,0.000150021176501046);
#106=CYLINDRICAL_SURFACE('',#5735,0.000814817773654382);
#107=CYLINDRICAL_SURFACE('',#5737,0.000976729933475401);
#108=CYLINDRICAL_SURFACE('',#5739,8.65024622477424E-5);
#109=CYLINDRICAL_SURFACE('',#5741,0.000150913247124879);
#110=CYLINDRICAL_SURFACE('',#5743,0.000658337317430256);
#111=CYLINDRICAL_SURFACE('',#5746,0.000104364954744631);
#112=CYLINDRICAL_SURFACE('',#5748,9.14463429281999E-5);
#113=CYLINDRICAL_SURFACE('',#5750,0.000102044268421563);
#114=CYLINDRICAL_SURFACE('',#5752,0.000148798444418693);
#115=CYLINDRICAL_SURFACE('',#5754,0.000160827697517776);
#116=CYLINDRICAL_SURFACE('',#5757,0.000701169236348668);
#117=CYLINDRICAL_SURFACE('',#5759,0.000588143407970398);
#118=CYLINDRICAL_SURFACE('',#5761,0.0003053037905924);
#119=CYLINDRICAL_SURFACE('',#5763,9.7263559965713E-5);
#120=CYLINDRICAL_SURFACE('',#5765,0.000159006478359798);
#121=CYLINDRICAL_SURFACE('',#5767,0.000484491149618075);
#122=CYLINDRICAL_SURFACE('',#5770,8.99300718530045E-5);
#123=CYLINDRICAL_SURFACE('',#5772,9.14463429282992E-5);
#124=CYLINDRICAL_SURFACE('',#5774,0.000102611858826654);
#125=CYLINDRICAL_SURFACE('',#5776,0.000152256493129203);
#126=CYLINDRICAL_SURFACE('',#5778,0.000148262484390289);
#127=CYLINDRICAL_SURFACE('',#5781,0.000875849663066025);
#128=CYLINDRICAL_SURFACE('',#5783,0.000244414073757451);
#129=CYLINDRICAL_SURFACE('',#5786,0.000103981515887644);
#130=CYLINDRICAL_SURFACE('',#5788,9.6298937367649E-5);
#131=CYLINDRICAL_SURFACE('',#5790,0.000149068916580564);
#132=CYLINDRICAL_SURFACE('',#5792,0.00015573932136239);
#133=CYLINDRICAL_SURFACE('',#5795,8.99300718526619E-5);
#134=CYLINDRICAL_SURFACE('',#5797,9.14463429235807E-5);
#135=CYLINDRICAL_SURFACE('',#5800,9.96933710973399E-5);
#136=CYLINDRICAL_SURFACE('',#5802,0.000150640983498401);
#137=CYLINDRICAL_SURFACE('',#5805,0.000212301467843513);
#138=CYLINDRICAL_SURFACE('',#5807,9.87677753053681E-5);
#139=CYLINDRICAL_SURFACE('',#5809,9.5012207269301E-5);
#140=CYLINDRICAL_SURFACE('',#5812,0.000154708013439271);
#141=CYLINDRICAL_SURFACE('',#5814,0.000142390133547624);
#142=CYLINDRICAL_SURFACE('',#5816,9.50122073012218E-5);
#143=CYLINDRICAL_SURFACE('',#5818,0.000102611858824089);
#144=CYLINDRICAL_SURFACE('',#5822,0.000185791838677186);
#145=CYLINDRICAL_SURFACE('',#5824,9.02931159398422E-5);
#146=CYLINDRICAL_SURFACE('',#5827,0.00010261185882409);
#147=CYLINDRICAL_SURFACE('',#5829,0.000150138855233988);
#148=CYLINDRICAL_SURFACE('',#5831,0.000150021176500962);
#149=CYLINDRICAL_SURFACE('',#5834,0.000814817773654293);
#150=CYLINDRICAL_SURFACE('',#5836,0.000976729933475476);
#151=CYLINDRICAL_SURFACE('',#5838,8.65024622443318E-5);
#152=CYLINDRICAL_SURFACE('',#5840,0.00015091324712481);
#153=CYLINDRICAL_SURFACE('',#5842,0.000658337317447755);
#154=CYLINDRICAL_SURFACE('',#5845,0.000104364954744819);
#155=CYLINDRICAL_SURFACE('',#5847,9.14463429213814E-5);
#156=CYLINDRICAL_SURFACE('',#5849,0.000102044268421506);
#157=CYLINDRICAL_SURFACE('',#5851,0.000148798444419143);
#158=CYLINDRICAL_SURFACE('',#5853,0.000160827697517904);
#159=CYLINDRICAL_SURFACE('',#5856,0.000701169236348453);
#160=CYLINDRICAL_SURFACE('',#5858,0.000588143407975958);
#161=CYLINDRICAL_SURFACE('',#5860,0.000305303790592266);
#162=CYLINDRICAL_SURFACE('',#5862,9.72635599623393E-5);
#163=CYLINDRICAL_SURFACE('',#5864,0.000159006478359794);
#164=CYLINDRICAL_SURFACE('',#5866,0.000484491150041344);
#165=CYLINDRICAL_SURFACE('',#5869,8.99300718524322E-5);
#166=CYLINDRICAL_SURFACE('',#5871,9.14463429281768E-5);
#167=CYLINDRICAL_SURFACE('',#5873,0.000102611858846071);
#168=CYLINDRICAL_SURFACE('',#5875,0.000152256493128594);
#169=CYLINDRICAL_SURFACE('',#5877,0.00014826248439032);
#170=CYLINDRICAL_SURFACE('',#5880,0.000875849663065909);
#171=CYLINDRICAL_SURFACE('',#5882,0.000244414073757508);
#172=CYLINDRICAL_SURFACE('',#5885,0.000103981515887601);
#173=CYLINDRICAL_SURFACE('',#5887,9.62989373109771E-5);
#174=CYLINDRICAL_SURFACE('',#5889,0.00014906891658062);
#175=CYLINDRICAL_SURFACE('',#5891,0.00015573932138377);
#176=CYLINDRICAL_SURFACE('',#5894,8.99300718526758E-5);
#177=CYLINDRICAL_SURFACE('',#5896,9.14463429282032E-5);
#178=CYLINDRICAL_SURFACE('',#5899,0.00010181956516979);
#179=CYLINDRICAL_SURFACE('',#5902,0.000154043955324007);
#180=CYLINDRICAL_SURFACE('',#5904,0.000143403580831645);
#181=CYLINDRICAL_SURFACE('',#5906,9.39038186899921E-5);
#182=CYLINDRICAL_SURFACE('',#5908,0.000109454377551399);
#183=CYLINDRICAL_SURFACE('',#5912,6.99111208011504E-5);
#184=CYLINDRICAL_SURFACE('',#5914,0.000110820646754437);
#185=CYLINDRICAL_SURFACE('',#5916,0.000179005021282132);
#186=CYLINDRICAL_SURFACE('',#5919,0.000187052602685372);
#187=CYLINDRICAL_SURFACE('',#5921,0.000119891448552885);
#188=CYLINDRICAL_SURFACE('',#5923,0.000100084754928253);
#189=CYLINDRICAL_SURFACE('',#5925,9.90135103901797E-5);
#190=CYLINDRICAL_SURFACE('',#5927,0.000151562033595501);
#191=CYLINDRICAL_SURFACE('',#5932,0.000148432835288933);
#192=CYLINDRICAL_SURFACE('',#5934,0.000148022420852552);
#193=CYLINDRICAL_SURFACE('',#5936,9.44308992282507E-5);
#194=LINE('',#7293,#629);
#195=LINE('',#7303,#630);
#196=LINE('',#7329,#631);
#197=LINE('',#7341,#632);
#198=LINE('',#7355,#633);
#199=LINE('',#7367,#634);
#200=LINE('',#7383,#635);
#201=LINE('',#7395,#636);
#202=LINE('',#7397,#637);
#203=LINE('',#7407,#638);
#204=LINE('',#7415,#639);
#205=LINE('',#7425,#640);
#206=LINE('',#7435,#641);
#207=LINE('',#7461,#642);
#208=LINE('',#7473,#643);
#209=LINE('',#7487,#644);
#210=LINE('',#7499,#645);
#211=LINE('',#7515,#646);
#212=LINE('',#7518,#647);
#213=LINE('',#7529,#648);
#214=LINE('',#7531,#649);
#215=LINE('',#7533,#650);
#216=LINE('',#7545,#651);
#217=LINE('',#7553,#652);
#218=LINE('',#7555,#653);
#219=LINE('',#7565,#654);
#220=LINE('',#7568,#655);
#221=LINE('',#7570,#656);
#222=LINE('',#7572,#657);
#223=LINE('',#7574,#658);
#224=LINE('',#7576,#659);
#225=LINE('',#7578,#660);
#226=LINE('',#7580,#661);
#227=LINE('',#7632,#662);
#228=LINE('',#7634,#663);
#229=LINE('',#7636,#664);
#230=LINE('',#7638,#665);
#231=LINE('',#7640,#666);
#232=LINE('',#7641,#667);
#233=LINE('',#7644,#668);
#234=LINE('',#7646,#669);
#235=LINE('',#7648,#670);
#236=LINE('',#7650,#671);
#237=LINE('',#7652,#672);
#238=LINE('',#7654,#673);
#239=LINE('',#7656,#674);
#240=LINE('',#7658,#675);
#241=LINE('',#7660,#676);
#242=LINE('',#7662,#677);
#243=LINE('',#7664,#678);
#244=LINE('',#7665,#679);
#245=LINE('',#7668,#680);
#246=LINE('',#7670,#681);
#247=LINE('',#7672,#682);
#248=LINE('',#7676,#683);
#249=LINE('',#7678,#684);
#250=LINE('',#7680,#685);
#251=LINE('',#7682,#686);
#252=LINE('',#7684,#687);
#253=LINE('',#7686,#688);
#254=LINE('',#7692,#689);
#255=LINE('',#7694,#690);
#256=LINE('',#7695,#691);
#257=LINE('',#7698,#692);
#258=LINE('',#7700,#693);
#259=LINE('',#7702,#694);
#260=LINE('',#7706,#695);
#261=LINE('',#7708,#696);
#262=LINE('',#7710,#697);
#263=LINE('',#7712,#698);
#264=LINE('',#7714,#699);
#265=LINE('',#7716,#700);
#266=LINE('',#7722,#701);
#267=LINE('',#7724,#702);
#268=LINE('',#7725,#703);
#269=LINE('',#7728,#704);
#270=LINE('',#7730,#705);
#271=LINE('',#7732,#706);
#272=LINE('',#7734,#707);
#273=LINE('',#7748,#708);
#274=LINE('',#7750,#709);
#275=LINE('',#7752,#710);
#276=LINE('',#7770,#711);
#277=LINE('',#7814,#712);
#278=LINE('',#7844,#713);
#279=LINE('',#7882,#714);
#280=LINE('',#7964,#715);
#281=LINE('',#7980,#716);
#282=LINE('',#7992,#717);
#283=LINE('',#8119,#718);
#284=LINE('',#8138,#719);
#285=LINE('',#8150,#720);
#286=LINE('',#9002,#721);
#287=LINE('',#9005,#722);
#288=LINE('',#9007,#723);
#289=LINE('',#9009,#724);
#290=LINE('',#9011,#725);
#291=LINE('',#9013,#726);
#292=LINE('',#9015,#727);
#293=LINE('',#9017,#728);
#294=LINE('',#9019,#729);
#295=LINE('',#9021,#730);
#296=LINE('',#9034,#731);
#297=LINE('',#9051,#732);
#298=LINE('',#9068,#733);
#299=LINE('',#9081,#734);
#300=LINE('',#9087,#735);
#301=LINE('',#9096,#736);
#302=LINE('',#9102,#737);
#303=LINE('',#9104,#738);
#304=LINE('',#9106,#739);
#305=LINE('',#9108,#740);
#306=LINE('',#9110,#741);
#307=LINE('',#9112,#742);
#308=LINE('',#9114,#743);
#309=LINE('',#9116,#744);
#310=LINE('',#9118,#745);
#311=LINE('',#9120,#746);
#312=LINE('',#9148,#747);
#313=LINE('',#9150,#748);
#314=LINE('',#9152,#749);
#315=LINE('',#9154,#750);
#316=LINE('',#9156,#751);
#317=LINE('',#9158,#752);
#318=LINE('',#9160,#753);
#319=LINE('',#9162,#754);
#320=LINE('',#9164,#755);
#321=LINE('',#9166,#756);
#322=LINE('',#9168,#757);
#323=LINE('',#9170,#758);
#324=LINE('',#9172,#759);
#325=LINE('',#9174,#760);
#326=LINE('',#9176,#761);
#327=LINE('',#9178,#762);
#328=LINE('',#9180,#763);
#329=LINE('',#9182,#764);
#330=LINE('',#9184,#765);
#331=LINE('',#9186,#766);
#332=LINE('',#9188,#767);
#333=LINE('',#9190,#768);
#334=LINE('',#9192,#769);
#335=LINE('',#9194,#770);
#336=LINE('',#9197,#771);
#337=LINE('',#9199,#772);
#338=LINE('',#9201,#773);
#339=LINE('',#9203,#774);
#340=LINE('',#9205,#775);
#341=LINE('',#9207,#776);
#342=LINE('',#9209,#777);
#343=LINE('',#9211,#778);
#344=LINE('',#9213,#779);
#345=LINE('',#9215,#780);
#346=LINE('',#9219,#781);
#347=LINE('',#9223,#782);
#348=LINE('',#9225,#783);
#349=LINE('',#9227,#784);
#350=LINE('',#9229,#785);
#351=LINE('',#9231,#786);
#352=LINE('',#9233,#787);
#353=LINE('',#9235,#788);
#354=LINE('',#9237,#789);
#355=LINE('',#9239,#790);
#356=LINE('',#9241,#791);
#357=LINE('',#9243,#792);
#358=LINE('',#9245,#793);
#359=LINE('',#9247,#794);
#360=LINE('',#9251,#795);
#361=LINE('',#9253,#796);
#362=LINE('',#9255,#797);
#363=LINE('',#9258,#798);
#364=LINE('',#9260,#799);
#365=LINE('',#9262,#800);
#366=LINE('',#9264,#801);
#367=LINE('',#9266,#802);
#368=LINE('',#9268,#803);
#369=LINE('',#9270,#804);
#370=LINE('',#9272,#805);
#371=LINE('',#9274,#806);
#372=LINE('',#9276,#807);
#373=LINE('',#9280,#808);
#374=LINE('',#9284,#809);
#375=LINE('',#9286,#810);
#376=LINE('',#9288,#811);
#377=LINE('',#9290,#812);
#378=LINE('',#9292,#813);
#379=LINE('',#9294,#814);
#380=LINE('',#9296,#815);
#381=LINE('',#9298,#816);
#382=LINE('',#9300,#817);
#383=LINE('',#9302,#818);
#384=LINE('',#9304,#819);
#385=LINE('',#9306,#820);
#386=LINE('',#9308,#821);
#387=LINE('',#9312,#822);
#388=LINE('',#9314,#823);
#389=LINE('',#9316,#824);
#390=LINE('',#9319,#825);
#391=LINE('',#9322,#826);
#392=LINE('',#9324,#827);
#393=LINE('',#9326,#828);
#394=LINE('',#9328,#829);
#395=LINE('',#9330,#830);
#396=LINE('',#9332,#831);
#397=LINE('',#9334,#832);
#398=LINE('',#9336,#833);
#399=LINE('',#9338,#834);
#400=LINE('',#9342,#835);
#401=LINE('',#9346,#836);
#402=LINE('',#9348,#837);
#403=LINE('',#9350,#838);
#404=LINE('',#9352,#839);
#405=LINE('',#9354,#840);
#406=LINE('',#9356,#841);
#407=LINE('',#9358,#842);
#408=LINE('',#9360,#843);
#409=LINE('',#9362,#844);
#410=LINE('',#9364,#845);
#411=LINE('',#9366,#846);
#412=LINE('',#9368,#847);
#413=LINE('',#9370,#848);
#414=LINE('',#9372,#849);
#415=LINE('',#9374,#850);
#416=LINE('',#9376,#851);
#417=LINE('',#9382,#852);
#418=LINE('',#9385,#853);
#419=LINE('',#9387,#854);
#420=LINE('',#9389,#855);
#421=LINE('',#9391,#856);
#422=LINE('',#9393,#857);
#423=LINE('',#9395,#858);
#424=LINE('',#9397,#859);
#425=LINE('',#9399,#860);
#426=LINE('',#9401,#861);
#427=LINE('',#9414,#862);
#428=LINE('',#9431,#863);
#429=LINE('',#9448,#864);
#430=LINE('',#9454,#865);
#431=LINE('',#9456,#866);
#432=LINE('',#9458,#867);
#433=LINE('',#9460,#868);
#434=LINE('',#9462,#869);
#435=LINE('',#9464,#870);
#436=LINE('',#9466,#871);
#437=LINE('',#9468,#872);
#438=LINE('',#9470,#873);
#439=LINE('',#9472,#874);
#440=LINE('',#9474,#875);
#441=LINE('',#9483,#876);
#442=LINE('',#9496,#877);
#443=LINE('',#9509,#878);
#444=LINE('',#9515,#879);
#445=LINE('',#9517,#880);
#446=LINE('',#9519,#881);
#447=LINE('',#9521,#882);
#448=LINE('',#9523,#883);
#449=LINE('',#9547,#884);
#450=LINE('',#9553,#885);
#451=LINE('',#9562,#886);
#452=LINE('',#9575,#887);
#453=LINE('',#9588,#888);
#454=LINE('',#9601,#889);
#455=LINE('',#9614,#890);
#456=LINE('',#9627,#891);
#457=LINE('',#9640,#892);
#458=LINE('',#9653,#893);
#459=LINE('',#9659,#894);
#460=LINE('',#9661,#895);
#461=LINE('',#9663,#896);
#462=LINE('',#9674,#897);
#463=LINE('',#9687,#898);
#464=LINE('',#9700,#899);
#465=LINE('',#9713,#900);
#466=LINE('',#9726,#901);
#467=LINE('',#9739,#902);
#468=LINE('',#9752,#903);
#469=LINE('',#9765,#904);
#470=LINE('',#9778,#905);
#471=LINE('',#9784,#906);
#472=LINE('',#9788,#907);
#473=LINE('',#9792,#908);
#474=LINE('',#9794,#909);
#475=LINE('',#9803,#910);
#476=LINE('',#9824,#911);
#477=LINE('',#9828,#912);
#478=LINE('',#9830,#913);
#479=LINE('',#9834,#914);
#480=LINE('',#9838,#915);
#481=LINE('',#9840,#916);
#482=LINE('',#9842,#917);
#483=LINE('',#9846,#918);
#484=LINE('',#9857,#919);
#485=LINE('',#9863,#920);
#486=LINE('',#9867,#921);
#487=LINE('',#9871,#922);
#488=LINE('',#9875,#923);
#489=LINE('',#9877,#924);
#490=LINE('',#9879,#925);
#491=LINE('',#9883,#926);
#492=LINE('',#9887,#927);
#493=LINE('',#9891,#928);
#494=LINE('',#9895,#929);
#495=LINE('',#9899,#930);
#496=LINE('',#9901,#931);
#497=LINE('',#9903,#932);
#498=LINE('',#9907,#933);
#499=LINE('',#9911,#934);
#500=LINE('',#9915,#935);
#501=LINE('',#9919,#936);
#502=LINE('',#9923,#937);
#503=LINE('',#9927,#938);
#504=LINE('',#9929,#939);
#505=LINE('',#9931,#940);
#506=LINE('',#9935,#941);
#507=LINE('',#9939,#942);
#508=LINE('',#9943,#943);
#509=LINE('',#9947,#944);
#510=LINE('',#9951,#945);
#511=LINE('',#9953,#946);
#512=LINE('',#9955,#947);
#513=LINE('',#9966,#948);
#514=LINE('',#9979,#949);
#515=LINE('',#9992,#950);
#516=LINE('',#10005,#951);
#517=LINE('',#10011,#952);
#518=LINE('',#10022,#953);
#519=LINE('',#10028,#954);
#520=LINE('',#10030,#955);
#521=LINE('',#10032,#956);
#522=LINE('',#10036,#957);
#523=LINE('',#10040,#958);
#524=LINE('',#10044,#959);
#525=LINE('',#10048,#960);
#526=LINE('',#10050,#961);
#527=LINE('',#10052,#962);
#528=LINE('',#10059,#963);
#529=LINE('',#10063,#964);
#530=LINE('',#10065,#965);
#531=LINE('',#10069,#966);
#532=LINE('',#10071,#967);
#533=LINE('',#10073,#968);
#534=LINE('',#10077,#969);
#535=LINE('',#10081,#970);
#536=LINE('',#10085,#971);
#537=LINE('',#10087,#972);
#538=LINE('',#10089,#973);
#539=LINE('',#10093,#974);
#540=LINE('',#10097,#975);
#541=LINE('',#10101,#976);
#542=LINE('',#10105,#977);
#543=LINE('',#10107,#978);
#544=LINE('',#10109,#979);
#545=LINE('',#10111,#980);
#546=LINE('',#10113,#981);
#547=LINE('',#10120,#982);
#548=LINE('',#10124,#983);
#549=LINE('',#10126,#984);
#550=LINE('',#10130,#985);
#551=LINE('',#10134,#986);
#552=LINE('',#10136,#987);
#553=LINE('',#10138,#988);
#554=LINE('',#10142,#989);
#555=LINE('',#10153,#990);
#556=LINE('',#10159,#991);
#557=LINE('',#10163,#992);
#558=LINE('',#10167,#993);
#559=LINE('',#10171,#994);
#560=LINE('',#10173,#995);
#561=LINE('',#10175,#996);
#562=LINE('',#10179,#997);
#563=LINE('',#10183,#998);
#564=LINE('',#10187,#999);
#565=LINE('',#10191,#1000);
#566=LINE('',#10195,#1001);
#567=LINE('',#10197,#1002);
#568=LINE('',#10199,#1003);
#569=LINE('',#10203,#1004);
#570=LINE('',#10207,#1005);
#571=LINE('',#10211,#1006);
#572=LINE('',#10215,#1007);
#573=LINE('',#10219,#1008);
#574=LINE('',#10223,#1009);
#575=LINE('',#10225,#1010);
#576=LINE('',#10227,#1011);
#577=LINE('',#10231,#1012);
#578=LINE('',#10235,#1013);
#579=LINE('',#10239,#1014);
#580=LINE('',#10243,#1015);
#581=LINE('',#10247,#1016);
#582=LINE('',#10249,#1017);
#583=LINE('',#10251,#1018);
#584=LINE('',#10262,#1019);
#585=LINE('',#10275,#1020);
#586=LINE('',#10288,#1021);
#587=LINE('',#10301,#1022);
#588=LINE('',#10307,#1023);
#589=LINE('',#10318,#1024);
#590=LINE('',#10324,#1025);
#591=LINE('',#10326,#1026);
#592=LINE('',#10328,#1027);
#593=LINE('',#10332,#1028);
#594=LINE('',#10336,#1029);
#595=LINE('',#10340,#1030);
#596=LINE('',#10344,#1031);
#597=LINE('',#10346,#1032);
#598=LINE('',#10348,#1033);
#599=LINE('',#10355,#1034);
#600=LINE('',#10359,#1035);
#601=LINE('',#10361,#1036);
#602=LINE('',#10363,#1037);
#603=LINE('',#10365,#1038);
#604=LINE('',#10369,#1039);
#605=LINE('',#10373,#1040);
#606=LINE('',#10377,#1041);
#607=LINE('',#10381,#1042);
#608=LINE('',#10383,#1043);
#609=LINE('',#10385,#1044);
#610=LINE('',#10387,#1045);
#611=LINE('',#10389,#1046);
#612=LINE('',#10393,#1047);
#613=LINE('',#10397,#1048);
#614=LINE('',#10401,#1049);
#615=LINE('',#10403,#1050);
#616=LINE('',#10405,#1051);
#617=LINE('',#10409,#1052);
#618=LINE('',#10413,#1053);
#619=LINE('',#10417,#1054);
#620=LINE('',#10421,#1055);
#621=LINE('',#10425,#1056);
#622=LINE('',#10427,#1057);
#623=LINE('',#10429,#1058);
#624=LINE('',#10431,#1059);
#625=LINE('',#10433,#1060);
#626=LINE('',#10435,#1061);
#627=LINE('',#10437,#1062);
#628=LINE('',#10441,#1063);
#629=VECTOR('',#5951,1.);
#630=VECTOR('',#5960,1.);
#631=VECTOR('',#5965,1.);
#632=VECTOR('',#5976,1.);
#633=VECTOR('',#5989,1.);
#634=VECTOR('',#6000,1.);
#635=VECTOR('',#6011,1.);
#636=VECTOR('',#6022,1.);
#637=VECTOR('',#6023,1.);
#638=VECTOR('',#6032,1.);
#639=VECTOR('',#6039,1.);
#640=VECTOR('',#6048,1.);
#641=VECTOR('',#6057,1.);
#642=VECTOR('',#6062,1.);
#643=VECTOR('',#6073,1.);
#644=VECTOR('',#6086,1.);
#645=VECTOR('',#6097,1.);
#646=VECTOR('',#6108,1.);
#647=VECTOR('',#6111,1.);
#648=VECTOR('',#6120,1.);
#649=VECTOR('',#6121,1.);
#650=VECTOR('',#6122,1.);
#651=VECTOR('',#6133,1.);
#652=VECTOR('',#6140,1.);
#653=VECTOR('',#6141,1.);
#654=VECTOR('',#6152,1.);
#655=VECTOR('',#6153,1.);
#656=VECTOR('',#6154,1.);
#657=VECTOR('',#6155,1.);
#658=VECTOR('',#6156,1.);
#659=VECTOR('',#6157,1.);
#660=VECTOR('',#6158,1.);
#661=VECTOR('',#6159,1.);
#662=VECTOR('',#6164,1.);
#663=VECTOR('',#6165,1.);
#664=VECTOR('',#6166,1.);
#665=VECTOR('',#6167,1.);
#666=VECTOR('',#6168,1.);
#667=VECTOR('',#6169,1.);
#668=VECTOR('',#6170,1.);
#669=VECTOR('',#6171,1.);
#670=VECTOR('',#6172,1.);
#671=VECTOR('',#6173,1.);
#672=VECTOR('',#6174,1.);
#673=VECTOR('',#6175,1.);
#674=VECTOR('',#6176,1.);
#675=VECTOR('',#6177,1.);
#676=VECTOR('',#6178,1.);
#677=VECTOR('',#6179,1.);
#678=VECTOR('',#6180,1.);
#679=VECTOR('',#6181,1.);
#680=VECTOR('',#6182,1.);
#681=VECTOR('',#6183,1.);
#682=VECTOR('',#6184,1.);
#683=VECTOR('',#6187,1.);
#684=VECTOR('',#6188,1.);
#685=VECTOR('',#6189,1.);
#686=VECTOR('',#6190,1.);
#687=VECTOR('',#6191,1.);
#688=VECTOR('',#6192,1.);
#689=VECTOR('',#6197,1.);
#690=VECTOR('',#6198,1.);
#691=VECTOR('',#6199,1.);
#692=VECTOR('',#6200,1.);
#693=VECTOR('',#6201,1.);
#694=VECTOR('',#6202,1.);
#695=VECTOR('',#6205,1.);
#696=VECTOR('',#6206,1.);
#697=VECTOR('',#6207,1.);
#698=VECTOR('',#6208,1.);
#699=VECTOR('',#6209,1.);
#700=VECTOR('',#6210,1.);
#701=VECTOR('',#6215,1.);
#702=VECTOR('',#6216,1.);
#703=VECTOR('',#6217,1.);
#704=VECTOR('',#6218,1.);
#705=VECTOR('',#6219,1.);
#706=VECTOR('',#6220,1.);
#707=VECTOR('',#6221,1.);
#708=VECTOR('',#6222,1.);
#709=VECTOR('',#6223,1.);
#710=VECTOR('',#6224,1.);
#711=VECTOR('',#6225,1.);
#712=VECTOR('',#6232,1.);
#713=VECTOR('',#6235,1.);
#714=VECTOR('',#6238,1.);
#715=VECTOR('',#6247,1.);
#716=VECTOR('',#6250,1.);
#717=VECTOR('',#6253,1.);
#718=VECTOR('',#6262,1.);
#719=VECTOR('',#6265,1.);
#720=VECTOR('',#6268,1.);
#721=VECTOR('',#6275,1.);
#722=VECTOR('',#6276,1.);
#723=VECTOR('',#6277,1.);
#724=VECTOR('',#6278,1.);
#725=VECTOR('',#6281,1.);
#726=VECTOR('',#6282,1.);
#727=VECTOR('',#6283,1.);
#728=VECTOR('',#6286,1.);
#729=VECTOR('',#6287,1.);
#730=VECTOR('',#6288,1.);
#731=VECTOR('',#6289,1.);
#732=VECTOR('',#6290,1.);
#733=VECTOR('',#6291,1.);
#734=VECTOR('',#6292,1.);
#735=VECTOR('',#6293,1.);
#736=VECTOR('',#6294,1.);
#737=VECTOR('',#6297,1.);
#738=VECTOR('',#6298,1.);
#739=VECTOR('',#6301,1.);
#740=VECTOR('',#6302,1.);
#741=VECTOR('',#6305,1.);
#742=VECTOR('',#6306,1.);
#743=VECTOR('',#6309,1.);
#744=VECTOR('',#6310,1.);
#745=VECTOR('',#6313,1.);
#746=VECTOR('',#6314,1.);
#747=VECTOR('',#6319,1.);
#748=VECTOR('',#6320,1.);
#749=VECTOR('',#6321,1.);
#750=VECTOR('',#6324,1.);
#751=VECTOR('',#6325,1.);
#752=VECTOR('',#6328,1.);
#753=VECTOR('',#6329,1.);
#754=VECTOR('',#6332,1.);
#755=VECTOR('',#6333,1.);
#756=VECTOR('',#6336,1.);
#757=VECTOR('',#6337,1.);
#758=VECTOR('',#6340,1.);
#759=VECTOR('',#6341,1.);
#760=VECTOR('',#6344,1.);
#761=VECTOR('',#6345,1.);
#762=VECTOR('',#6348,1.);
#763=VECTOR('',#6349,1.);
#764=VECTOR('',#6352,1.);
#765=VECTOR('',#6353,1.);
#766=VECTOR('',#6356,1.);
#767=VECTOR('',#6357,1.);
#768=VECTOR('',#6360,1.);
#769=VECTOR('',#6361,1.);
#770=VECTOR('',#6364,1.);
#771=VECTOR('',#6369,1.);
#772=VECTOR('',#6370,1.);
#773=VECTOR('',#6371,1.);
#774=VECTOR('',#6374,1.);
#775=VECTOR('',#6375,1.);
#776=VECTOR('',#6378,1.);
#777=VECTOR('',#6379,1.);
#778=VECTOR('',#6382,1.);
#779=VECTOR('',#6383,1.);
#780=VECTOR('',#6386,1.);
#781=VECTOR('',#6391,1.);
#782=VECTOR('',#6396,1.);
#783=VECTOR('',#6397,1.);
#784=VECTOR('',#6400,1.);
#785=VECTOR('',#6401,1.);
#786=VECTOR('',#6404,1.);
#787=VECTOR('',#6405,1.);
#788=VECTOR('',#6408,1.);
#789=VECTOR('',#6409,1.);
#790=VECTOR('',#6412,1.);
#791=VECTOR('',#6413,1.);
#792=VECTOR('',#6416,1.);
#793=VECTOR('',#6417,1.);
#794=VECTOR('',#6420,1.);
#795=VECTOR('',#6425,1.);
#796=VECTOR('',#6426,1.);
#797=VECTOR('',#6429,1.);
#798=VECTOR('',#6434,1.);
#799=VECTOR('',#6435,1.);
#800=VECTOR('',#6436,1.);
#801=VECTOR('',#6439,1.);
#802=VECTOR('',#6440,1.);
#803=VECTOR('',#6443,1.);
#804=VECTOR('',#6444,1.);
#805=VECTOR('',#6447,1.);
#806=VECTOR('',#6448,1.);
#807=VECTOR('',#6451,1.);
#808=VECTOR('',#6456,1.);
#809=VECTOR('',#6461,1.);
#810=VECTOR('',#6462,1.);
#811=VECTOR('',#6465,1.);
#812=VECTOR('',#6466,1.);
#813=VECTOR('',#6469,1.);
#814=VECTOR('',#6470,1.);
#815=VECTOR('',#6473,1.);
#816=VECTOR('',#6474,1.);
#817=VECTOR('',#6477,1.);
#818=VECTOR('',#6478,1.);
#819=VECTOR('',#6481,1.);
#820=VECTOR('',#6482,1.);
#821=VECTOR('',#6485,1.);
#822=VECTOR('',#6490,1.);
#823=VECTOR('',#6491,1.);
#824=VECTOR('',#6494,1.);
#825=VECTOR('',#6499,1.);
#826=VECTOR('',#6500,1.);
#827=VECTOR('',#6501,1.);
#828=VECTOR('',#6502,1.);
#829=VECTOR('',#6505,1.);
#830=VECTOR('',#6506,1.);
#831=VECTOR('',#6507,1.);
#832=VECTOR('',#6510,1.);
#833=VECTOR('',#6511,1.);
#834=VECTOR('',#6512,1.);
#835=VECTOR('',#6517,1.);
#836=VECTOR('',#6522,1.);
#837=VECTOR('',#6523,1.);
#838=VECTOR('',#6524,1.);
#839=VECTOR('',#6527,1.);
#840=VECTOR('',#6528,1.);
#841=VECTOR('',#6531,1.);
#842=VECTOR('',#6532,1.);
#843=VECTOR('',#6535,1.);
#844=VECTOR('',#6536,1.);
#845=VECTOR('',#6539,1.);
#846=VECTOR('',#6540,1.);
#847=VECTOR('',#6543,1.);
#848=VECTOR('',#6544,1.);
#849=VECTOR('',#6547,1.);
#850=VECTOR('',#6548,1.);
#851=VECTOR('',#6551,1.);
#852=VECTOR('',#6562,1.);
#853=VECTOR('',#6563,1.);
#854=VECTOR('',#6564,1.);
#855=VECTOR('',#6565,1.);
#856=VECTOR('',#6568,1.);
#857=VECTOR('',#6569,1.);
#858=VECTOR('',#6570,1.);
#859=VECTOR('',#6573,1.);
#860=VECTOR('',#6574,1.);
#861=VECTOR('',#6575,1.);
#862=VECTOR('',#6576,1.);
#863=VECTOR('',#6577,1.);
#864=VECTOR('',#6578,1.);
#865=VECTOR('',#6581,1.);
#866=VECTOR('',#6582,1.);
#867=VECTOR('',#6583,1.);
#868=VECTOR('',#6586,1.);
#869=VECTOR('',#6587,1.);
#870=VECTOR('',#6590,1.);
#871=VECTOR('',#6591,1.);
#872=VECTOR('',#6594,1.);
#873=VECTOR('',#6595,1.);
#874=VECTOR('',#6598,1.);
#875=VECTOR('',#6599,1.);
#876=VECTOR('',#6600,1.);
#877=VECTOR('',#6601,1.);
#878=VECTOR('',#6602,1.);
#879=VECTOR('',#6605,1.);
#880=VECTOR('',#6606,1.);
#881=VECTOR('',#6609,1.);
#882=VECTOR('',#6610,1.);
#883=VECTOR('',#6613,1.);
#884=VECTOR('',#6616,1.);
#885=VECTOR('',#6617,1.);
#886=VECTOR('',#6618,1.);
#887=VECTOR('',#6619,1.);
#888=VECTOR('',#6620,1.);
#889=VECTOR('',#6621,1.);
#890=VECTOR('',#6622,1.);
#891=VECTOR('',#6623,1.);
#892=VECTOR('',#6624,1.);
#893=VECTOR('',#6625,1.);
#894=VECTOR('',#6628,1.);
#895=VECTOR('',#6629,1.);
#896=VECTOR('',#6632,1.);
#897=VECTOR('',#6635,1.);
#898=VECTOR('',#6636,1.);
#899=VECTOR('',#6637,1.);
#900=VECTOR('',#6638,1.);
#901=VECTOR('',#6639,1.);
#902=VECTOR('',#6640,1.);
#903=VECTOR('',#6641,1.);
#904=VECTOR('',#6642,1.);
#905=VECTOR('',#6643,1.);
#906=VECTOR('',#6646,1.);
#907=VECTOR('',#6651,1.);
#908=VECTOR('',#6656,1.);
#909=VECTOR('',#6657,1.);
#910=VECTOR('',#6658,1.);
#911=VECTOR('',#6669,1.);
#912=VECTOR('',#6672,1.);
#913=VECTOR('',#6675,1.);
#914=VECTOR('',#6680,1.);
#915=VECTOR('',#6685,1.);
#916=VECTOR('',#6686,1.);
#917=VECTOR('',#6689,1.);
#918=VECTOR('',#6694,1.);
#919=VECTOR('',#6697,1.);
#920=VECTOR('',#6700,1.);
#921=VECTOR('',#6705,1.);
#922=VECTOR('',#6710,1.);
#923=VECTOR('',#6715,1.);
#924=VECTOR('',#6716,1.);
#925=VECTOR('',#6719,1.);
#926=VECTOR('',#6724,1.);
#927=VECTOR('',#6729,1.);
#928=VECTOR('',#6734,1.);
#929=VECTOR('',#6739,1.);
#930=VECTOR('',#6744,1.);
#931=VECTOR('',#6745,1.);
#932=VECTOR('',#6748,1.);
#933=VECTOR('',#6753,1.);
#934=VECTOR('',#6758,1.);
#935=VECTOR('',#6763,1.);
#936=VECTOR('',#6768,1.);
#937=VECTOR('',#6773,1.);
#938=VECTOR('',#6778,1.);
#939=VECTOR('',#6779,1.);
#940=VECTOR('',#6782,1.);
#941=VECTOR('',#6787,1.);
#942=VECTOR('',#6792,1.);
#943=VECTOR('',#6797,1.);
#944=VECTOR('',#6802,1.);
#945=VECTOR('',#6807,1.);
#946=VECTOR('',#6808,1.);
#947=VECTOR('',#6811,1.);
#948=VECTOR('',#6814,1.);
#949=VECTOR('',#6815,1.);
#950=VECTOR('',#6816,1.);
#951=VECTOR('',#6817,1.);
#952=VECTOR('',#6820,1.);
#953=VECTOR('',#6823,1.);
#954=VECTOR('',#6826,1.);
#955=VECTOR('',#6827,1.);
#956=VECTOR('',#6830,1.);
#957=VECTOR('',#6835,1.);
#958=VECTOR('',#6840,1.);
#959=VECTOR('',#6845,1.);
#960=VECTOR('',#6850,1.);
#961=VECTOR('',#6851,1.);
#962=VECTOR('',#6854,1.);
#963=VECTOR('',#6865,1.);
#964=VECTOR('',#6868,1.);
#965=VECTOR('',#6871,1.);
#966=VECTOR('',#6876,1.);
#967=VECTOR('',#6877,1.);
#968=VECTOR('',#6880,1.);
#969=VECTOR('',#6885,1.);
#970=VECTOR('',#6890,1.);
#971=VECTOR('',#6895,1.);
#972=VECTOR('',#6896,1.);
#973=VECTOR('',#6899,1.);
#974=VECTOR('',#6904,1.);
#975=VECTOR('',#6909,1.);
#976=VECTOR('',#6914,1.);
#977=VECTOR('',#6919,1.);
#978=VECTOR('',#6920,1.);
#979=VECTOR('',#6923,1.);
#980=VECTOR('',#6924,1.);
#981=VECTOR('',#6927,1.);
#982=VECTOR('',#6938,1.);
#983=VECTOR('',#6941,1.);
#984=VECTOR('',#6944,1.);
#985=VECTOR('',#6949,1.);
#986=VECTOR('',#6954,1.);
#987=VECTOR('',#6955,1.);
#988=VECTOR('',#6958,1.);
#989=VECTOR('',#6963,1.);
#990=VECTOR('',#6966,1.);
#991=VECTOR('',#6969,1.);
#992=VECTOR('',#6974,1.);
#993=VECTOR('',#6979,1.);
#994=VECTOR('',#6984,1.);
#995=VECTOR('',#6985,1.);
#996=VECTOR('',#6988,1.);
#997=VECTOR('',#6993,1.);
#998=VECTOR('',#6998,1.);
#999=VECTOR('',#7003,1.);
#1000=VECTOR('',#7008,1.);
#1001=VECTOR('',#7013,1.);
#1002=VECTOR('',#7014,1.);
#1003=VECTOR('',#7017,1.);
#1004=VECTOR('',#7022,1.);
#1005=VECTOR('',#7027,1.);
#1006=VECTOR('',#7032,1.);
#1007=VECTOR('',#7037,1.);
#1008=VECTOR('',#7042,1.);
#1009=VECTOR('',#7047,1.);
#1010=VECTOR('',#7048,1.);
#1011=VECTOR('',#7051,1.);
#1012=VECTOR('',#7056,1.);
#1013=VECTOR('',#7061,1.);
#1014=VECTOR('',#7066,1.);
#1015=VECTOR('',#7071,1.);
#1016=VECTOR('',#7076,1.);
#1017=VECTOR('',#7077,1.);
#1018=VECTOR('',#7080,1.);
#1019=VECTOR('',#7083,1.);
#1020=VECTOR('',#7084,1.);
#1021=VECTOR('',#7085,1.);
#1022=VECTOR('',#7086,1.);
#1023=VECTOR('',#7089,1.);
#1024=VECTOR('',#7092,1.);
#1025=VECTOR('',#7095,1.);
#1026=VECTOR('',#7096,1.);
#1027=VECTOR('',#7099,1.);
#1028=VECTOR('',#7104,1.);
#1029=VECTOR('',#7109,1.);
#1030=VECTOR('',#7114,1.);
#1031=VECTOR('',#7119,1.);
#1032=VECTOR('',#7120,1.);
#1033=VECTOR('',#7123,1.);
#1034=VECTOR('',#7134,1.);
#1035=VECTOR('',#7137,1.);
#1036=VECTOR('',#7140,1.);
#1037=VECTOR('',#7141,1.);
#1038=VECTOR('',#7144,1.);
#1039=VECTOR('',#7149,1.);
#1040=VECTOR('',#7154,1.);
#1041=VECTOR('',#7159,1.);
#1042=VECTOR('',#7164,1.);
#1043=VECTOR('',#7165,1.);
#1044=VECTOR('',#7168,1.);
#1045=VECTOR('',#7169,1.);
#1046=VECTOR('',#7172,1.);
#1047=VECTOR('',#7177,1.);
#1048=VECTOR('',#7182,1.);
#1049=VECTOR('',#7187,1.);
#1050=VECTOR('',#7188,1.);
#1051=VECTOR('',#7191,1.);
#1052=VECTOR('',#7196,1.);
#1053=VECTOR('',#7201,1.);
#1054=VECTOR('',#7206,1.);
#1055=VECTOR('',#7211,1.);
#1056=VECTOR('',#7216,1.);
#1057=VECTOR('',#7217,1.);
#1058=VECTOR('',#7220,1.);
#1059=VECTOR('',#7221,1.);
#1060=VECTOR('',#7224,1.);
#1061=VECTOR('',#7225,1.);
#1062=VECTOR('',#7228,1.);
#1063=VECTOR('',#7233,1.);
#1064=CIRCLE('',#5507,0.000150138855221566);
#1065=CIRCLE('',#5508,0.000102611858846418);
#1066=CIRCLE('',#5509,9.14463429235807E-5);
#1067=CIRCLE('',#5510,8.99300718526619E-5);
#1068=CIRCLE('',#5511,0.00015573932136239);
#1069=CIRCLE('',#5512,0.000149068916580564);
#1070=CIRCLE('',#5513,9.6298937367649E-5);
#1071=CIRCLE('',#5514,0.000103981515887644);
#1072=CIRCLE('',#5515,0.000244414073757451);
#1073=CIRCLE('',#5516,0.000875849663066025);
#1074=CIRCLE('',#5517,0.000148262484390289);
#1075=CIRCLE('',#5518,0.000152256493129203);
#1076=CIRCLE('',#5519,0.000102611858826654);
#1077=CIRCLE('',#5520,9.14463429282992E-5);
#1078=CIRCLE('',#5521,8.99300718530045E-5);
#1079=CIRCLE('',#5522,0.000484491149618075);
#1080=CIRCLE('',#5523,0.000159006478359798);
#1081=CIRCLE('',#5524,9.7263559965713E-5);
#1082=CIRCLE('',#5525,0.0003053037905924);
#1083=CIRCLE('',#5526,0.000588143407970398);
#1084=CIRCLE('',#5527,0.000701169236348668);
#1085=CIRCLE('',#5528,0.000160827697517776);
#1086=CIRCLE('',#5529,0.000148798444418693);
#1087=CIRCLE('',#5530,0.000102044268421563);
#1088=CIRCLE('',#5531,9.14463429281999E-5);
#1089=CIRCLE('',#5532,0.000104364954744631);
#1090=CIRCLE('',#5533,0.000658337317430256);
#1091=CIRCLE('',#5534,0.000150913247124879);
#1092=CIRCLE('',#5535,8.65024622477424E-5);
#1093=CIRCLE('',#5536,0.000976729933475401);
#1094=CIRCLE('',#5537,0.000814817773654382);
#1095=CIRCLE('',#5538,0.000150021176501046);
#1096=CIRCLE('',#5539,0.000150640983498401);
#1097=CIRCLE('',#5540,9.96933710973399E-5);
#1098=CIRCLE('',#5541,9.02931159398422E-5);
#1099=CIRCLE('',#5542,0.000185791838677186);
#1100=CIRCLE('',#5543,0.000102611858824089);
#1101=CIRCLE('',#5544,9.50122073012218E-5);
#1102=CIRCLE('',#5545,0.000142390133547624);
#1103=CIRCLE('',#5546,0.000154708013439271);
#1104=CIRCLE('',#5547,9.5012207269301E-5);
#1105=CIRCLE('',#5548,9.87677753053681E-5);
#1106=CIRCLE('',#5549,0.000212301467843513);
#1107=CIRCLE('',#5550,0.000150138855233988);
#1108=CIRCLE('',#5551,0.00010261185882409);
#1109=CIRCLE('',#5552,9.14463429282032E-5);
#1110=CIRCLE('',#5553,8.99300718526758E-5);
#1111=CIRCLE('',#5554,0.00015573932138377);
#1112=CIRCLE('',#5555,0.00014906891658062);
#1113=CIRCLE('',#5556,9.62989373109771E-5);
#1114=CIRCLE('',#5557,0.000103981515887601);
#1115=CIRCLE('',#5558,0.000244414073757508);
#1116=CIRCLE('',#5559,0.000875849663065909);
#1117=CIRCLE('',#5560,0.00014826248439032);
#1118=CIRCLE('',#5561,0.000152256493128594);
#1119=CIRCLE('',#5562,0.000102611858846071);
#1120=CIRCLE('',#5563,9.14463429281768E-5);
#1121=CIRCLE('',#5564,8.99300718524322E-5);
#1122=CIRCLE('',#5565,0.000484491150041344);
#1123=CIRCLE('',#5566,0.000159006478359794);
#1124=CIRCLE('',#5567,9.72635599623393E-5);
#1125=CIRCLE('',#5568,0.000305303790592266);
#1126=CIRCLE('',#5569,0.000588143407975958);
#1127=CIRCLE('',#5570,0.000701169236348453);
#1128=CIRCLE('',#5571,0.000160827697517904);
#1129=CIRCLE('',#5572,0.000148798444419143);
#1130=CIRCLE('',#5573,0.000102044268421506);
#1131=CIRCLE('',#5574,9.14463429213814E-5);
#1132=CIRCLE('',#5575,0.000104364954744819);
#1133=CIRCLE('',#5576,0.000658337317447755);
#1134=CIRCLE('',#5577,0.00015091324712481);
#1135=CIRCLE('',#5578,8.65024622443318E-5);
#1136=CIRCLE('',#5579,0.000976729933475476);
#1137=CIRCLE('',#5580,0.000814817773654293);
#1138=CIRCLE('',#5581,0.000150021176500962);
#1139=CIRCLE('',#5582,0.00010181956516979);
#1140=CIRCLE('',#5583,9.44308992282507E-5);
#1141=CIRCLE('',#5584,0.000148022420852552);
#1142=CIRCLE('',#5585,0.000148432835288933);
#1143=CIRCLE('',#5586,0.000151562033595501);
#1144=CIRCLE('',#5587,9.90135103901797E-5);
#1145=CIRCLE('',#5588,0.000100084754928253);
#1146=CIRCLE('',#5589,0.000119891448552885);
#1147=CIRCLE('',#5590,0.000187052602685372);
#1148=CIRCLE('',#5591,0.000179005021282132);
#1149=CIRCLE('',#5592,0.000110820646754437);
#1150=CIRCLE('',#5593,6.99111208011504E-5);
#1151=CIRCLE('',#5594,0.000109454377551399);
#1152=CIRCLE('',#5595,9.39038186899921E-5);
#1153=CIRCLE('',#5596,0.000143403580831645);
#1154=CIRCLE('',#5597,0.000154043955324007);
#1155=CIRCLE('',#5599,0.0145);
#1156=CIRCLE('',#5600,0.016);
#1157=CIRCLE('',#5601,0.01468405388654);
#1158=CIRCLE('',#5602,0.0423809345783678);
#1159=CIRCLE('',#5603,0.00888498019911576);
#1160=CIRCLE('',#5604,0.0146840538865482);
#1161=CIRCLE('',#5605,0.042380934578851);
#1162=CIRCLE('',#5606,0.00888498019907979);
#1163=CIRCLE('',#5607,0.0029226728862133);
#1164=CIRCLE('',#5608,0.00278495414831494);
#1165=CIRCLE('',#5609,0.002687314865912);
#1166=CIRCLE('',#5613,0.0145);
#1167=CIRCLE('',#5614,0.016);
#1168=CIRCLE('',#5653,0.00888498019911576);
#1169=CIRCLE('',#5655,0.0423809345783678);
#1170=CIRCLE('',#5663,0.01468405388654);
#1171=CIRCLE('',#5672,0.00888498019907979);
#1172=CIRCLE('',#5674,0.042380934578851);
#1173=CIRCLE('',#5682,0.0146840538865482);
#1174=CIRCLE('',#5690,0.00519699166178765);
#1175=CIRCLE('',#5691,0.00519699166178765);
#1176=CIRCLE('',#5701,0.00667519213295888);
#1177=CIRCLE('',#5702,0.00667519213295888);
#1178=CIRCLE('',#5718,0.002687314865912);
#1179=CIRCLE('',#5720,0.00278495414831494);
#1180=CIRCLE('',#5722,0.0029226728862133);
#1181=CIRCLE('',#5729,0.000102611858846418);
#1182=CIRCLE('',#5731,0.000150138855221566);
#1183=CIRCLE('',#5733,0.000150021176501046);
#1184=CIRCLE('',#5736,0.000814817773654382);
#1185=CIRCLE('',#5738,0.000976729933475401);
#1186=CIRCLE('',#5740,8.65024622477424E-5);
#1187=CIRCLE('',#5742,0.000150913247124879);
#1188=CIRCLE('',#5744,0.000658337317430256);
#1189=CIRCLE('',#5747,0.000104364954744631);
#1190=CIRCLE('',#5749,9.14463429281999E-5);
#1191=CIRCLE('',#5751,0.000102044268421563);
#1192=CIRCLE('',#5753,0.000148798444418693);
#1193=CIRCLE('',#5755,0.000160827697517776);
#1194=CIRCLE('',#5758,0.000701169236348668);
#1195=CIRCLE('',#5760,0.000588143407970398);
#1196=CIRCLE('',#5762,0.0003053037905924);
#1197=CIRCLE('',#5764,9.7263559965713E-5);
#1198=CIRCLE('',#5766,0.000159006478359798);
#1199=CIRCLE('',#5768,0.000484491149618075);
#1200=CIRCLE('',#5771,8.99300718530045E-5);
#1201=CIRCLE('',#5773,9.14463429282992E-5);
#1202=CIRCLE('',#5775,0.000102611858826654);
#1203=CIRCLE('',#5777,0.000152256493129203);
#1204=CIRCLE('',#5779,0.000148262484390289);
#1205=CIRCLE('',#5782,0.000875849663066025);
#1206=CIRCLE('',#5784,0.000244414073757451);
#1207=CIRCLE('',#5787,0.000103981515887644);
#1208=CIRCLE('',#5789,9.6298937367649E-5);
#1209=CIRCLE('',#5791,0.000149068916580564);
#1210=CIRCLE('',#5793,0.00015573932136239);
#1211=CIRCLE('',#5796,8.99300718526619E-5);
#1212=CIRCLE('',#5798,9.14463429235807E-5);
#1213=CIRCLE('',#5801,9.96933710973399E-5);
#1214=CIRCLE('',#5803,0.000150640983498401);
#1215=CIRCLE('',#5806,0.000212301467843513);
#1216=CIRCLE('',#5808,9.87677753053681E-5);
#1217=CIRCLE('',#5810,9.5012207269301E-5);
#1218=CIRCLE('',#5813,0.000154708013439271);
#1219=CIRCLE('',#5815,0.000142390133547624);
#1220=CIRCLE('',#5817,9.50122073012218E-5);
#1221=CIRCLE('',#5819,0.000102611858824089);
#1222=CIRCLE('',#5823,0.000185791838677186);
#1223=CIRCLE('',#5825,9.02931159398422E-5);
#1224=CIRCLE('',#5828,0.00010261185882409);
#1225=CIRCLE('',#5830,0.000150138855233988);
#1226=CIRCLE('',#5832,0.000150021176500962);
#1227=CIRCLE('',#5835,0.000814817773654293);
#1228=CIRCLE('',#5837,0.000976729933475476);
#1229=CIRCLE('',#5839,8.65024622443318E-5);
#1230=CIRCLE('',#5841,0.00015091324712481);
#1231=CIRCLE('',#5843,0.000658337317447755);
#1232=CIRCLE('',#5846,0.000104364954744819);
#1233=CIRCLE('',#5848,9.14463429213814E-5);
#1234=CIRCLE('',#5850,0.000102044268421506);
#1235=CIRCLE('',#5852,0.000148798444419143);
#1236=CIRCLE('',#5854,0.000160827697517904);
#1237=CIRCLE('',#5857,0.000701169236348453);
#1238=CIRCLE('',#5859,0.000588143407975958);
#1239=CIRCLE('',#5861,0.000305303790592266);
#1240=CIRCLE('',#5863,9.72635599623393E-5);
#1241=CIRCLE('',#5865,0.000159006478359794);
#1242=CIRCLE('',#5867,0.000484491150041344);
#1243=CIRCLE('',#5870,8.99300718524322E-5);
#1244=CIRCLE('',#5872,9.14463429281768E-5);
#1245=CIRCLE('',#5874,0.000102611858846071);
#1246=CIRCLE('',#5876,0.000152256493128594);
#1247=CIRCLE('',#5878,0.00014826248439032);
#1248=CIRCLE('',#5881,0.000875849663065909);
#1249=CIRCLE('',#5883,0.000244414073757508);
#1250=CIRCLE('',#5886,0.000103981515887601);
#1251=CIRCLE('',#5888,9.62989373109771E-5);
#1252=CIRCLE('',#5890,0.00014906891658062);
#1253=CIRCLE('',#5892,0.00015573932138377);
#1254=CIRCLE('',#5895,8.99300718526758E-5);
#1255=CIRCLE('',#5897,9.14463429282032E-5);
#1256=CIRCLE('',#5900,0.00010181956516979);
#1257=CIRCLE('',#5903,0.000154043955324007);
#1258=CIRCLE('',#5905,0.000143403580831645);
#1259=CIRCLE('',#5907,9.39038186899921E-5);
#1260=CIRCLE('',#5909,0.000109454377551399);
#1261=CIRCLE('',#5913,6.99111208011504E-5);
#1262=CIRCLE('',#5915,0.000110820646754437);
#1263=CIRCLE('',#5917,0.000179005021282132);
#1264=CIRCLE('',#5920,0.000187052602685372);
#1265=CIRCLE('',#5922,0.000119891448552885);
#1266=CIRCLE('',#5924,0.000100084754928253);
#1267=CIRCLE('',#5926,9.90135103901797E-5);
#1268=CIRCLE('',#5928,0.000151562033595501);
#1269=CIRCLE('',#5933,0.000148432835288933);
#1270=CIRCLE('',#5935,0.000148022420852552);
#1271=CIRCLE('',#5937,9.44308992282507E-5);
#1272=ORIENTED_EDGE('',*,*,#2914,.T.);
#1273=ORIENTED_EDGE('',*,*,#2915,.T.);
#1274=ORIENTED_EDGE('',*,*,#2916,.T.);
#1275=ORIENTED_EDGE('',*,*,#2917,.T.);
#1276=ORIENTED_EDGE('',*,*,#2918,.T.);
#1277=ORIENTED_EDGE('',*,*,#2919,.T.);
#1278=ORIENTED_EDGE('',*,*,#2920,.T.);
#1279=ORIENTED_EDGE('',*,*,#2921,.T.);
#1280=ORIENTED_EDGE('',*,*,#2922,.T.);
#1281=ORIENTED_EDGE('',*,*,#2923,.T.);
#1282=ORIENTED_EDGE('',*,*,#2924,.T.);
#1283=ORIENTED_EDGE('',*,*,#2925,.T.);
#1284=ORIENTED_EDGE('',*,*,#2926,.T.);
#1285=ORIENTED_EDGE('',*,*,#2927,.T.);
#1286=ORIENTED_EDGE('',*,*,#2928,.T.);
#1287=ORIENTED_EDGE('',*,*,#2929,.T.);
#1288=ORIENTED_EDGE('',*,*,#2930,.T.);
#1289=ORIENTED_EDGE('',*,*,#2931,.T.);
#1290=ORIENTED_EDGE('',*,*,#2932,.T.);
#1291=ORIENTED_EDGE('',*,*,#2933,.T.);
#1292=ORIENTED_EDGE('',*,*,#2934,.T.);
#1293=ORIENTED_EDGE('',*,*,#2935,.T.);
#1294=ORIENTED_EDGE('',*,*,#2936,.T.);
#1295=ORIENTED_EDGE('',*,*,#2937,.T.);
#1296=ORIENTED_EDGE('',*,*,#2938,.T.);
#1297=ORIENTED_EDGE('',*,*,#2939,.T.);
#1298=ORIENTED_EDGE('',*,*,#2940,.T.);
#1299=ORIENTED_EDGE('',*,*,#2941,.T.);
#1300=ORIENTED_EDGE('',*,*,#2942,.T.);
#1301=ORIENTED_EDGE('',*,*,#2943,.T.);
#1302=ORIENTED_EDGE('',*,*,#2944,.T.);
#1303=ORIENTED_EDGE('',*,*,#2945,.T.);
#1304=ORIENTED_EDGE('',*,*,#2946,.T.);
#1305=ORIENTED_EDGE('',*,*,#2947,.T.);
#1306=ORIENTED_EDGE('',*,*,#2948,.T.);
#1307=ORIENTED_EDGE('',*,*,#2949,.T.);
#1308=ORIENTED_EDGE('',*,*,#2950,.T.);
#1309=ORIENTED_EDGE('',*,*,#2951,.T.);
#1310=ORIENTED_EDGE('',*,*,#2952,.T.);
#1311=ORIENTED_EDGE('',*,*,#2953,.T.);
#1312=ORIENTED_EDGE('',*,*,#2954,.T.);
#1313=ORIENTED_EDGE('',*,*,#2955,.T.);
#1314=ORIENTED_EDGE('',*,*,#2956,.T.);
#1315=ORIENTED_EDGE('',*,*,#2957,.T.);
#1316=ORIENTED_EDGE('',*,*,#2958,.T.);
#1317=ORIENTED_EDGE('',*,*,#2959,.T.);
#1318=ORIENTED_EDGE('',*,*,#2960,.T.);
#1319=ORIENTED_EDGE('',*,*,#2961,.T.);
#1320=ORIENTED_EDGE('',*,*,#2962,.T.);
#1321=ORIENTED_EDGE('',*,*,#2963,.T.);
#1322=ORIENTED_EDGE('',*,*,#2964,.T.);
#1323=ORIENTED_EDGE('',*,*,#2965,.T.);
#1324=ORIENTED_EDGE('',*,*,#2966,.T.);
#1325=ORIENTED_EDGE('',*,*,#2967,.T.);
#1326=ORIENTED_EDGE('',*,*,#2968,.T.);
#1327=ORIENTED_EDGE('',*,*,#2969,.T.);
#1328=ORIENTED_EDGE('',*,*,#2970,.T.);
#1329=ORIENTED_EDGE('',*,*,#2971,.T.);
#1330=ORIENTED_EDGE('',*,*,#2972,.T.);
#1331=ORIENTED_EDGE('',*,*,#2973,.T.);
#1332=ORIENTED_EDGE('',*,*,#2974,.T.);
#1333=ORIENTED_EDGE('',*,*,#2975,.T.);
#1334=ORIENTED_EDGE('',*,*,#2976,.T.);
#1335=ORIENTED_EDGE('',*,*,#2977,.T.);
#1336=ORIENTED_EDGE('',*,*,#2978,.T.);
#1337=ORIENTED_EDGE('',*,*,#2979,.T.);
#1338=ORIENTED_EDGE('',*,*,#2980,.T.);
#1339=ORIENTED_EDGE('',*,*,#2981,.T.);
#1340=ORIENTED_EDGE('',*,*,#2982,.T.);
#1341=ORIENTED_EDGE('',*,*,#2983,.T.);
#1342=ORIENTED_EDGE('',*,*,#2984,.T.);
#1343=ORIENTED_EDGE('',*,*,#2985,.T.);
#1344=ORIENTED_EDGE('',*,*,#2986,.T.);
#1345=ORIENTED_EDGE('',*,*,#2987,.T.);
#1346=ORIENTED_EDGE('',*,*,#2988,.T.);
#1347=ORIENTED_EDGE('',*,*,#2989,.T.);
#1348=ORIENTED_EDGE('',*,*,#2990,.T.);
#1349=ORIENTED_EDGE('',*,*,#2991,.T.);
#1350=ORIENTED_EDGE('',*,*,#2992,.T.);
#1351=ORIENTED_EDGE('',*,*,#2993,.T.);
#1352=ORIENTED_EDGE('',*,*,#2994,.T.);
#1353=ORIENTED_EDGE('',*,*,#2995,.T.);
#1354=ORIENTED_EDGE('',*,*,#2996,.T.);
#1355=ORIENTED_EDGE('',*,*,#2997,.T.);
#1356=ORIENTED_EDGE('',*,*,#2998,.T.);
#1357=ORIENTED_EDGE('',*,*,#2999,.T.);
#1358=ORIENTED_EDGE('',*,*,#3000,.T.);
#1359=ORIENTED_EDGE('',*,*,#3001,.T.);
#1360=ORIENTED_EDGE('',*,*,#3002,.T.);
#1361=ORIENTED_EDGE('',*,*,#3003,.T.);
#1362=ORIENTED_EDGE('',*,*,#3004,.T.);
#1363=ORIENTED_EDGE('',*,*,#3005,.T.);
#1364=ORIENTED_EDGE('',*,*,#3006,.T.);
#1365=ORIENTED_EDGE('',*,*,#3007,.T.);
#1366=ORIENTED_EDGE('',*,*,#3008,.T.);
#1367=ORIENTED_EDGE('',*,*,#3009,.T.);
#1368=ORIENTED_EDGE('',*,*,#3010,.T.);
#1369=ORIENTED_EDGE('',*,*,#3011,.T.);
#1370=ORIENTED_EDGE('',*,*,#3012,.T.);
#1371=ORIENTED_EDGE('',*,*,#3013,.T.);
#1372=ORIENTED_EDGE('',*,*,#3014,.T.);
#1373=ORIENTED_EDGE('',*,*,#3015,.T.);
#1374=ORIENTED_EDGE('',*,*,#3016,.T.);
#1375=ORIENTED_EDGE('',*,*,#3017,.T.);
#1376=ORIENTED_EDGE('',*,*,#3018,.T.);
#1377=ORIENTED_EDGE('',*,*,#3019,.T.);
#1378=ORIENTED_EDGE('',*,*,#3020,.T.);
#1379=ORIENTED_EDGE('',*,*,#3021,.T.);
#1380=ORIENTED_EDGE('',*,*,#3022,.T.);
#1381=ORIENTED_EDGE('',*,*,#3023,.T.);
#1382=ORIENTED_EDGE('',*,*,#3024,.T.);
#1383=ORIENTED_EDGE('',*,*,#3025,.T.);
#1384=ORIENTED_EDGE('',*,*,#3026,.T.);
#1385=ORIENTED_EDGE('',*,*,#3027,.T.);
#1386=ORIENTED_EDGE('',*,*,#3028,.T.);
#1387=ORIENTED_EDGE('',*,*,#3029,.T.);
#1388=ORIENTED_EDGE('',*,*,#3030,.T.);
#1389=ORIENTED_EDGE('',*,*,#3031,.T.);
#1390=ORIENTED_EDGE('',*,*,#3032,.T.);
#1391=ORIENTED_EDGE('',*,*,#3033,.T.);
#1392=ORIENTED_EDGE('',*,*,#3034,.T.);
#1393=ORIENTED_EDGE('',*,*,#3035,.T.);
#1394=ORIENTED_EDGE('',*,*,#3036,.T.);
#1395=ORIENTED_EDGE('',*,*,#3037,.T.);
#1396=ORIENTED_EDGE('',*,*,#3038,.T.);
#1397=ORIENTED_EDGE('',*,*,#3039,.T.);
#1398=ORIENTED_EDGE('',*,*,#3040,.T.);
#1399=ORIENTED_EDGE('',*,*,#3041,.T.);
#1400=ORIENTED_EDGE('',*,*,#3042,.T.);
#1401=ORIENTED_EDGE('',*,*,#3043,.T.);
#1402=ORIENTED_EDGE('',*,*,#3044,.T.);
#1403=ORIENTED_EDGE('',*,*,#3045,.T.);
#1404=ORIENTED_EDGE('',*,*,#3046,.T.);
#1405=ORIENTED_EDGE('',*,*,#3047,.T.);
#1406=ORIENTED_EDGE('',*,*,#3048,.T.);
#1407=ORIENTED_EDGE('',*,*,#3049,.T.);
#1408=ORIENTED_EDGE('',*,*,#3050,.T.);
#1409=ORIENTED_EDGE('',*,*,#3051,.T.);
#1410=ORIENTED_EDGE('',*,*,#3052,.T.);
#1411=ORIENTED_EDGE('',*,*,#3053,.T.);
#1412=ORIENTED_EDGE('',*,*,#3054,.T.);
#1413=ORIENTED_EDGE('',*,*,#3055,.T.);
#1414=ORIENTED_EDGE('',*,*,#3056,.F.);
#1415=ORIENTED_EDGE('',*,*,#3057,.T.);
#1416=ORIENTED_EDGE('',*,*,#3058,.T.);
#1417=ORIENTED_EDGE('',*,*,#3059,.T.);
#1418=ORIENTED_EDGE('',*,*,#3060,.F.);
#1419=ORIENTED_EDGE('',*,*,#3061,.T.);
#1420=ORIENTED_EDGE('',*,*,#3062,.T.);
#1421=ORIENTED_EDGE('',*,*,#3063,.T.);
#1422=ORIENTED_EDGE('',*,*,#3064,.T.);
#1423=ORIENTED_EDGE('',*,*,#3065,.T.);
#1424=ORIENTED_EDGE('',*,*,#3066,.T.);
#1425=ORIENTED_EDGE('',*,*,#3067,.T.);
#1426=ORIENTED_EDGE('',*,*,#3068,.T.);
#1427=ORIENTED_EDGE('',*,*,#3069,.T.);
#1428=ORIENTED_EDGE('',*,*,#3070,.T.);
#1429=ORIENTED_EDGE('',*,*,#3071,.T.);
#1430=ORIENTED_EDGE('',*,*,#3072,.T.);
#1431=ORIENTED_EDGE('',*,*,#3073,.T.);
#1432=ORIENTED_EDGE('',*,*,#3074,.T.);
#1433=ORIENTED_EDGE('',*,*,#3075,.T.);
#1434=ORIENTED_EDGE('',*,*,#3076,.T.);
#1435=ORIENTED_EDGE('',*,*,#3077,.T.);
#1436=ORIENTED_EDGE('',*,*,#3078,.T.);
#1437=ORIENTED_EDGE('',*,*,#3079,.T.);
#1438=ORIENTED_EDGE('',*,*,#3080,.T.);
#1439=ORIENTED_EDGE('',*,*,#3081,.T.);
#1440=ORIENTED_EDGE('',*,*,#3082,.T.);
#1441=ORIENTED_EDGE('',*,*,#3083,.T.);
#1442=ORIENTED_EDGE('',*,*,#3084,.T.);
#1443=ORIENTED_EDGE('',*,*,#3085,.T.);
#1444=ORIENTED_EDGE('',*,*,#3086,.T.);
#1445=ORIENTED_EDGE('',*,*,#3087,.T.);
#1446=ORIENTED_EDGE('',*,*,#3088,.T.);
#1447=ORIENTED_EDGE('',*,*,#3089,.T.);
#1448=ORIENTED_EDGE('',*,*,#3090,.T.);
#1449=ORIENTED_EDGE('',*,*,#3091,.T.);
#1450=ORIENTED_EDGE('',*,*,#3092,.T.);
#1451=ORIENTED_EDGE('',*,*,#3093,.T.);
#1452=ORIENTED_EDGE('',*,*,#3094,.T.);
#1453=ORIENTED_EDGE('',*,*,#3095,.T.);
#1454=ORIENTED_EDGE('',*,*,#3096,.T.);
#1455=ORIENTED_EDGE('',*,*,#3097,.T.);
#1456=ORIENTED_EDGE('',*,*,#3098,.T.);
#1457=ORIENTED_EDGE('',*,*,#3099,.T.);
#1458=ORIENTED_EDGE('',*,*,#3100,.T.);
#1459=ORIENTED_EDGE('',*,*,#3101,.T.);
#1460=ORIENTED_EDGE('',*,*,#3102,.T.);
#1461=ORIENTED_EDGE('',*,*,#3103,.T.);
#1462=ORIENTED_EDGE('',*,*,#3104,.T.);
#1463=ORIENTED_EDGE('',*,*,#3105,.T.);
#1464=ORIENTED_EDGE('',*,*,#3106,.T.);
#1465=ORIENTED_EDGE('',*,*,#3107,.T.);
#1466=ORIENTED_EDGE('',*,*,#3108,.T.);
#1467=ORIENTED_EDGE('',*,*,#3109,.T.);
#1468=ORIENTED_EDGE('',*,*,#3110,.T.);
#1469=ORIENTED_EDGE('',*,*,#3111,.T.);
#1470=ORIENTED_EDGE('',*,*,#3112,.T.);
#1471=ORIENTED_EDGE('',*,*,#3113,.T.);
#1472=ORIENTED_EDGE('',*,*,#3114,.T.);
#1473=ORIENTED_EDGE('',*,*,#3115,.T.);
#1474=ORIENTED_EDGE('',*,*,#3116,.T.);
#1475=ORIENTED_EDGE('',*,*,#3117,.T.);
#1476=ORIENTED_EDGE('',*,*,#3118,.T.);
#1477=ORIENTED_EDGE('',*,*,#3119,.T.);
#1478=ORIENTED_EDGE('',*,*,#3120,.T.);
#1479=ORIENTED_EDGE('',*,*,#3121,.T.);
#1480=ORIENTED_EDGE('',*,*,#3122,.T.);
#1481=ORIENTED_EDGE('',*,*,#3123,.T.);
#1482=ORIENTED_EDGE('',*,*,#3124,.T.);
#1483=ORIENTED_EDGE('',*,*,#3125,.T.);
#1484=ORIENTED_EDGE('',*,*,#3126,.T.);
#1485=ORIENTED_EDGE('',*,*,#3127,.T.);
#1486=ORIENTED_EDGE('',*,*,#3128,.T.);
#1487=ORIENTED_EDGE('',*,*,#3129,.T.);
#1488=ORIENTED_EDGE('',*,*,#3130,.T.);
#1489=ORIENTED_EDGE('',*,*,#3131,.T.);
#1490=ORIENTED_EDGE('',*,*,#3132,.T.);
#1491=ORIENTED_EDGE('',*,*,#3133,.T.);
#1492=ORIENTED_EDGE('',*,*,#3134,.T.);
#1493=ORIENTED_EDGE('',*,*,#3135,.T.);
#1494=ORIENTED_EDGE('',*,*,#3136,.T.);
#1495=ORIENTED_EDGE('',*,*,#3137,.T.);
#1496=ORIENTED_EDGE('',*,*,#3138,.T.);
#1497=ORIENTED_EDGE('',*,*,#3139,.T.);
#1498=ORIENTED_EDGE('',*,*,#3140,.T.);
#1499=ORIENTED_EDGE('',*,*,#3141,.T.);
#1500=ORIENTED_EDGE('',*,*,#3142,.T.);
#1501=ORIENTED_EDGE('',*,*,#3143,.T.);
#1502=ORIENTED_EDGE('',*,*,#3144,.T.);
#1503=ORIENTED_EDGE('',*,*,#3145,.T.);
#1504=ORIENTED_EDGE('',*,*,#3146,.T.);
#1505=ORIENTED_EDGE('',*,*,#3147,.T.);
#1506=ORIENTED_EDGE('',*,*,#3148,.F.);
#1507=ORIENTED_EDGE('',*,*,#3149,.T.);
#1508=ORIENTED_EDGE('',*,*,#3150,.T.);
#1509=ORIENTED_EDGE('',*,*,#3151,.T.);
#1510=ORIENTED_EDGE('',*,*,#3152,.T.);
#1511=ORIENTED_EDGE('',*,*,#3153,.F.);
#1512=ORIENTED_EDGE('',*,*,#3154,.T.);
#1513=ORIENTED_EDGE('',*,*,#3155,.T.);
#1514=ORIENTED_EDGE('',*,*,#3156,.T.);
#1515=ORIENTED_EDGE('',*,*,#3157,.T.);
#1516=ORIENTED_EDGE('',*,*,#3158,.T.);
#1517=ORIENTED_EDGE('',*,*,#3159,.T.);
#1518=ORIENTED_EDGE('',*,*,#3160,.T.);
#1519=ORIENTED_EDGE('',*,*,#3161,.T.);
#1520=ORIENTED_EDGE('',*,*,#3162,.T.);
#1521=ORIENTED_EDGE('',*,*,#3163,.T.);
#1522=ORIENTED_EDGE('',*,*,#3164,.T.);
#1523=ORIENTED_EDGE('',*,*,#3165,.T.);
#1524=ORIENTED_EDGE('',*,*,#3166,.T.);
#1525=ORIENTED_EDGE('',*,*,#3167,.T.);
#1526=ORIENTED_EDGE('',*,*,#3168,.T.);
#1527=ORIENTED_EDGE('',*,*,#3169,.T.);
#1528=ORIENTED_EDGE('',*,*,#3170,.T.);
#1529=ORIENTED_EDGE('',*,*,#3171,.F.);
#1530=ORIENTED_EDGE('',*,*,#3172,.T.);
#1531=ORIENTED_EDGE('',*,*,#3153,.T.);
#1532=ORIENTED_EDGE('',*,*,#3173,.T.);
#1533=ORIENTED_EDGE('',*,*,#3174,.F.);
#1534=ORIENTED_EDGE('',*,*,#3175,.T.);
#1535=ORIENTED_EDGE('',*,*,#3171,.T.);
#1536=ORIENTED_EDGE('',*,*,#3176,.T.);
#1537=ORIENTED_EDGE('',*,*,#3168,.F.);
#1538=ORIENTED_EDGE('',*,*,#3177,.T.);
#1539=ORIENTED_EDGE('',*,*,#3174,.T.);
#1540=ORIENTED_EDGE('',*,*,#3178,.T.);
#1541=ORIENTED_EDGE('',*,*,#3179,.T.);
#1542=ORIENTED_EDGE('',*,*,#3180,.T.);
#1543=ORIENTED_EDGE('',*,*,#3181,.T.);
#1544=ORIENTED_EDGE('',*,*,#3182,.T.);
#1545=ORIENTED_EDGE('',*,*,#3183,.T.);
#1546=ORIENTED_EDGE('',*,*,#3184,.T.);
#1547=ORIENTED_EDGE('',*,*,#3185,.T.);
#1548=ORIENTED_EDGE('',*,*,#3186,.T.);
#1549=ORIENTED_EDGE('',*,*,#3187,.T.);
#1550=ORIENTED_EDGE('',*,*,#3188,.T.);
#1551=ORIENTED_EDGE('',*,*,#3189,.T.);
#1552=ORIENTED_EDGE('',*,*,#3190,.T.);
#1553=ORIENTED_EDGE('',*,*,#3191,.T.);
#1554=ORIENTED_EDGE('',*,*,#3192,.F.);
#1555=ORIENTED_EDGE('',*,*,#3193,.T.);
#1556=ORIENTED_EDGE('',*,*,#3148,.T.);
#1557=ORIENTED_EDGE('',*,*,#3194,.T.);
#1558=ORIENTED_EDGE('',*,*,#3195,.F.);
#1559=ORIENTED_EDGE('',*,*,#3196,.T.);
#1560=ORIENTED_EDGE('',*,*,#3192,.T.);
#1561=ORIENTED_EDGE('',*,*,#3197,.T.);
#1562=ORIENTED_EDGE('',*,*,#3189,.F.);
#1563=ORIENTED_EDGE('',*,*,#3198,.T.);
#1564=ORIENTED_EDGE('',*,*,#3195,.T.);
#1565=ORIENTED_EDGE('',*,*,#3199,.T.);
#1566=ORIENTED_EDGE('',*,*,#3200,.T.);
#1567=ORIENTED_EDGE('',*,*,#3201,.T.);
#1568=ORIENTED_EDGE('',*,*,#3202,.T.);
#1569=ORIENTED_EDGE('',*,*,#3203,.T.);
#1570=ORIENTED_EDGE('',*,*,#3191,.F.);
#1571=ORIENTED_EDGE('',*,*,#3161,.F.);
#1572=ORIENTED_EDGE('',*,*,#3204,.F.);
#1573=ORIENTED_EDGE('',*,*,#3205,.F.);
#1574=ORIENTED_EDGE('',*,*,#3204,.T.);
#1575=ORIENTED_EDGE('',*,*,#3160,.F.);
#1576=ORIENTED_EDGE('',*,*,#3206,.F.);
#1577=ORIENTED_EDGE('',*,*,#3207,.F.);
#1578=ORIENTED_EDGE('',*,*,#3187,.F.);
#1579=ORIENTED_EDGE('',*,*,#3205,.T.);
#1580=ORIENTED_EDGE('',*,*,#3208,.F.);
#1581=ORIENTED_EDGE('',*,*,#3061,.F.);
#1582=ORIENTED_EDGE('',*,*,#3159,.F.);
#1583=ORIENTED_EDGE('',*,*,#3156,.F.);
#1584=ORIENTED_EDGE('',*,*,#3209,.F.);
#1585=ORIENTED_EDGE('',*,*,#3206,.T.);
#1586=ORIENTED_EDGE('',*,*,#3208,.T.);
#1587=ORIENTED_EDGE('',*,*,#3207,.T.);
#1588=ORIENTED_EDGE('',*,*,#3210,.F.);
#1589=ORIENTED_EDGE('',*,*,#3054,.F.);
#1590=ORIENTED_EDGE('',*,*,#3155,.F.);
#1591=ORIENTED_EDGE('',*,*,#3055,.F.);
#1592=ORIENTED_EDGE('',*,*,#3210,.T.);
#1593=ORIENTED_EDGE('',*,*,#3209,.T.);
#1594=ORIENTED_EDGE('',*,*,#3163,.F.);
#1595=ORIENTED_EDGE('',*,*,#3151,.F.);
#1596=ORIENTED_EDGE('',*,*,#3211,.F.);
#1597=ORIENTED_EDGE('',*,*,#3212,.F.);
#1598=ORIENTED_EDGE('',*,*,#3150,.F.);
#1599=ORIENTED_EDGE('',*,*,#3059,.F.);
#1600=ORIENTED_EDGE('',*,*,#3213,.F.);
#1601=ORIENTED_EDGE('',*,*,#3211,.T.);
#1602=ORIENTED_EDGE('',*,*,#3164,.F.);
#1603=ORIENTED_EDGE('',*,*,#3212,.T.);
#1604=ORIENTED_EDGE('',*,*,#3214,.F.);
#1605=ORIENTED_EDGE('',*,*,#3215,.F.);
#1606=ORIENTED_EDGE('',*,*,#3213,.T.);
#1607=ORIENTED_EDGE('',*,*,#3058,.F.);
#1608=ORIENTED_EDGE('',*,*,#3216,.F.);
#1609=ORIENTED_EDGE('',*,*,#3214,.T.);
#1610=ORIENTED_EDGE('',*,*,#3165,.F.);
#1611=ORIENTED_EDGE('',*,*,#3215,.T.);
#1612=ORIENTED_EDGE('',*,*,#3217,.F.);
#1613=ORIENTED_EDGE('',*,*,#3170,.F.);
#1614=ORIENTED_EDGE('',*,*,#3216,.T.);
#1615=ORIENTED_EDGE('',*,*,#3057,.F.);
#1616=ORIENTED_EDGE('',*,*,#3166,.F.);
#1617=ORIENTED_EDGE('',*,*,#3217,.T.);
#1618=ORIENTED_EDGE('',*,*,#3218,.F.);
#1619=ORIENTED_EDGE('',*,*,#3182,.F.);
#1620=ORIENTED_EDGE('',*,*,#3219,.F.);
#1621=ORIENTED_EDGE('',*,*,#3177,.F.);
#1622=ORIENTED_EDGE('',*,*,#3219,.T.);
#1623=ORIENTED_EDGE('',*,*,#3181,.F.);
#1624=ORIENTED_EDGE('',*,*,#3220,.F.);
#1625=ORIENTED_EDGE('',*,*,#3175,.F.);
#1626=ORIENTED_EDGE('',*,*,#3056,.T.);
#1627=ORIENTED_EDGE('',*,*,#3154,.F.);
#1628=ORIENTED_EDGE('',*,*,#3221,.F.);
#1629=ORIENTED_EDGE('',*,*,#3179,.F.);
#1630=ORIENTED_EDGE('',*,*,#3218,.T.);
#1631=ORIENTED_EDGE('',*,*,#3167,.F.);
#1632=ORIENTED_EDGE('',*,*,#3220,.T.);
#1633=ORIENTED_EDGE('',*,*,#3180,.F.);
#1634=ORIENTED_EDGE('',*,*,#3221,.T.);
#1635=ORIENTED_EDGE('',*,*,#3172,.F.);
#1636=ORIENTED_EDGE('',*,*,#3222,.F.);
#1637=ORIENTED_EDGE('',*,*,#3178,.F.);
#1638=ORIENTED_EDGE('',*,*,#3223,.F.);
#1639=ORIENTED_EDGE('',*,*,#3186,.F.);
#1640=ORIENTED_EDGE('',*,*,#3223,.T.);
#1641=ORIENTED_EDGE('',*,*,#3176,.F.);
#1642=ORIENTED_EDGE('',*,*,#3224,.F.);
#1643=ORIENTED_EDGE('',*,*,#3183,.F.);
#1644=ORIENTED_EDGE('',*,*,#3222,.T.);
#1645=ORIENTED_EDGE('',*,*,#3185,.F.);
#1646=ORIENTED_EDGE('',*,*,#3225,.F.);
#1647=ORIENTED_EDGE('',*,*,#3157,.F.);
#1648=ORIENTED_EDGE('',*,*,#3158,.F.);
#1649=ORIENTED_EDGE('',*,*,#3169,.F.);
#1650=ORIENTED_EDGE('',*,*,#3224,.T.);
#1651=ORIENTED_EDGE('',*,*,#3173,.F.);
#1652=ORIENTED_EDGE('',*,*,#3225,.T.);
#1653=ORIENTED_EDGE('',*,*,#3184,.F.);
#1654=ORIENTED_EDGE('',*,*,#3226,.F.);
#1655=ORIENTED_EDGE('',*,*,#3193,.F.);
#1656=ORIENTED_EDGE('',*,*,#3227,.F.);
#1657=ORIENTED_EDGE('',*,*,#2917,.F.);
#1658=ORIENTED_EDGE('',*,*,#3227,.T.);
#1659=ORIENTED_EDGE('',*,*,#3196,.F.);
#1660=ORIENTED_EDGE('',*,*,#3228,.F.);
#1661=ORIENTED_EDGE('',*,*,#2914,.F.);
#1662=ORIENTED_EDGE('',*,*,#3226,.T.);
#1663=ORIENTED_EDGE('',*,*,#2916,.F.);
#1664=ORIENTED_EDGE('',*,*,#3229,.F.);
#1665=ORIENTED_EDGE('',*,*,#3188,.F.);
#1666=ORIENTED_EDGE('',*,*,#3060,.T.);
#1667=ORIENTED_EDGE('',*,*,#3149,.F.);
#1668=ORIENTED_EDGE('',*,*,#3228,.T.);
#1669=ORIENTED_EDGE('',*,*,#3198,.F.);
#1670=ORIENTED_EDGE('',*,*,#3229,.T.);
#1671=ORIENTED_EDGE('',*,*,#2915,.F.);
#1672=ORIENTED_EDGE('',*,*,#3230,.F.);
#1673=ORIENTED_EDGE('',*,*,#3203,.F.);
#1674=ORIENTED_EDGE('',*,*,#3231,.F.);
#1675=ORIENTED_EDGE('',*,*,#3194,.F.);
#1676=ORIENTED_EDGE('',*,*,#3231,.T.);
#1677=ORIENTED_EDGE('',*,*,#3202,.F.);
#1678=ORIENTED_EDGE('',*,*,#3232,.F.);
#1679=ORIENTED_EDGE('',*,*,#3197,.F.);
#1680=ORIENTED_EDGE('',*,*,#3162,.F.);
#1681=ORIENTED_EDGE('',*,*,#3190,.F.);
#1682=ORIENTED_EDGE('',*,*,#3233,.F.);
#1683=ORIENTED_EDGE('',*,*,#3200,.F.);
#1684=ORIENTED_EDGE('',*,*,#3230,.T.);
#1685=ORIENTED_EDGE('',*,*,#3152,.F.);
#1686=ORIENTED_EDGE('',*,*,#3232,.T.);
#1687=ORIENTED_EDGE('',*,*,#3201,.F.);
#1688=ORIENTED_EDGE('',*,*,#3233,.T.);
#1689=ORIENTED_EDGE('',*,*,#3199,.F.);
#1690=ORIENTED_EDGE('',*,*,#3234,.F.);
#1691=ORIENTED_EDGE('',*,*,#3235,.F.);
#1692=ORIENTED_EDGE('',*,*,#3236,.T.);
#1693=ORIENTED_EDGE('',*,*,#3237,.T.);
#1694=ORIENTED_EDGE('',*,*,#3238,.F.);
#1695=ORIENTED_EDGE('',*,*,#3239,.F.);
#1696=ORIENTED_EDGE('',*,*,#3240,.T.);
#1697=ORIENTED_EDGE('',*,*,#3235,.T.);
#1698=ORIENTED_EDGE('',*,*,#3241,.F.);
#1699=ORIENTED_EDGE('',*,*,#3242,.F.);
#1700=ORIENTED_EDGE('',*,*,#3243,.T.);
#1701=ORIENTED_EDGE('',*,*,#3239,.T.);
#1702=ORIENTED_EDGE('',*,*,#3244,.F.);
#1703=ORIENTED_EDGE('',*,*,#3245,.F.);
#1704=ORIENTED_EDGE('',*,*,#3246,.T.);
#1705=ORIENTED_EDGE('',*,*,#3242,.T.);
#1706=ORIENTED_EDGE('',*,*,#3247,.F.);
#1707=ORIENTED_EDGE('',*,*,#3248,.F.);
#1708=ORIENTED_EDGE('',*,*,#3249,.T.);
#1709=ORIENTED_EDGE('',*,*,#3245,.T.);
#1710=ORIENTED_EDGE('',*,*,#3250,.F.);
#1711=ORIENTED_EDGE('',*,*,#3251,.F.);
#1712=ORIENTED_EDGE('',*,*,#3252,.T.);
#1713=ORIENTED_EDGE('',*,*,#3248,.T.);
#1714=ORIENTED_EDGE('',*,*,#3063,.F.);
#1715=ORIENTED_EDGE('',*,*,#3253,.F.);
#1716=ORIENTED_EDGE('',*,*,#3254,.T.);
#1717=ORIENTED_EDGE('',*,*,#3255,.T.);
#1718=ORIENTED_EDGE('',*,*,#3062,.F.);
#1719=ORIENTED_EDGE('',*,*,#3256,.F.);
#1720=ORIENTED_EDGE('',*,*,#3257,.T.);
#1721=ORIENTED_EDGE('',*,*,#3253,.T.);
#1722=ORIENTED_EDGE('',*,*,#3069,.F.);
#1723=ORIENTED_EDGE('',*,*,#3258,.F.);
#1724=ORIENTED_EDGE('',*,*,#3259,.T.);
#1725=ORIENTED_EDGE('',*,*,#3256,.T.);
#1726=ORIENTED_EDGE('',*,*,#3068,.F.);
#1727=ORIENTED_EDGE('',*,*,#3260,.F.);
#1728=ORIENTED_EDGE('',*,*,#3261,.T.);
#1729=ORIENTED_EDGE('',*,*,#3258,.T.);
#1730=ORIENTED_EDGE('',*,*,#3067,.F.);
#1731=ORIENTED_EDGE('',*,*,#3262,.F.);
#1732=ORIENTED_EDGE('',*,*,#3263,.T.);
#1733=ORIENTED_EDGE('',*,*,#3260,.T.);
#1734=ORIENTED_EDGE('',*,*,#3066,.F.);
#1735=ORIENTED_EDGE('',*,*,#3264,.F.);
#1736=ORIENTED_EDGE('',*,*,#3265,.T.);
#1737=ORIENTED_EDGE('',*,*,#3262,.T.);
#1738=ORIENTED_EDGE('',*,*,#3065,.F.);
#1739=ORIENTED_EDGE('',*,*,#3266,.F.);
#1740=ORIENTED_EDGE('',*,*,#3267,.T.);
#1741=ORIENTED_EDGE('',*,*,#3264,.T.);
#1742=ORIENTED_EDGE('',*,*,#3064,.F.);
#1743=ORIENTED_EDGE('',*,*,#3255,.F.);
#1744=ORIENTED_EDGE('',*,*,#3268,.T.);
#1745=ORIENTED_EDGE('',*,*,#3266,.T.);
#1746=ORIENTED_EDGE('',*,*,#3269,.F.);
#1747=ORIENTED_EDGE('',*,*,#3237,.F.);
#1748=ORIENTED_EDGE('',*,*,#3270,.T.);
#1749=ORIENTED_EDGE('',*,*,#3251,.T.);
#1750=ORIENTED_EDGE('',*,*,#3254,.F.);
#1751=ORIENTED_EDGE('',*,*,#3257,.F.);
#1752=ORIENTED_EDGE('',*,*,#3259,.F.);
#1753=ORIENTED_EDGE('',*,*,#3261,.F.);
#1754=ORIENTED_EDGE('',*,*,#3263,.F.);
#1755=ORIENTED_EDGE('',*,*,#3265,.F.);
#1756=ORIENTED_EDGE('',*,*,#3267,.F.);
#1757=ORIENTED_EDGE('',*,*,#3268,.F.);
#1758=ORIENTED_EDGE('',*,*,#3236,.F.);
#1759=ORIENTED_EDGE('',*,*,#3240,.F.);
#1760=ORIENTED_EDGE('',*,*,#3243,.F.);
#1761=ORIENTED_EDGE('',*,*,#3246,.F.);
#1762=ORIENTED_EDGE('',*,*,#3249,.F.);
#1763=ORIENTED_EDGE('',*,*,#3252,.F.);
#1764=ORIENTED_EDGE('',*,*,#3270,.F.);
#1765=ORIENTED_EDGE('',*,*,#3071,.F.);
#1766=ORIENTED_EDGE('',*,*,#3271,.F.);
#1767=ORIENTED_EDGE('',*,*,#3272,.T.);
#1768=ORIENTED_EDGE('',*,*,#3273,.T.);
#1769=ORIENTED_EDGE('',*,*,#3070,.F.);
#1770=ORIENTED_EDGE('',*,*,#3274,.F.);
#1771=ORIENTED_EDGE('',*,*,#3275,.T.);
#1772=ORIENTED_EDGE('',*,*,#3271,.T.);
#1773=ORIENTED_EDGE('',*,*,#3081,.F.);
#1774=ORIENTED_EDGE('',*,*,#3276,.F.);
#1775=ORIENTED_EDGE('',*,*,#3277,.T.);
#1776=ORIENTED_EDGE('',*,*,#3274,.T.);
#1777=ORIENTED_EDGE('',*,*,#3080,.F.);
#1778=ORIENTED_EDGE('',*,*,#3278,.F.);
#1779=ORIENTED_EDGE('',*,*,#3279,.T.);
#1780=ORIENTED_EDGE('',*,*,#3276,.T.);
#1781=ORIENTED_EDGE('',*,*,#3079,.F.);
#1782=ORIENTED_EDGE('',*,*,#3280,.F.);
#1783=ORIENTED_EDGE('',*,*,#3281,.T.);
#1784=ORIENTED_EDGE('',*,*,#3278,.T.);
#1785=ORIENTED_EDGE('',*,*,#3078,.F.);
#1786=ORIENTED_EDGE('',*,*,#3282,.F.);
#1787=ORIENTED_EDGE('',*,*,#3283,.T.);
#1788=ORIENTED_EDGE('',*,*,#3280,.T.);
#1789=ORIENTED_EDGE('',*,*,#3077,.F.);
#1790=ORIENTED_EDGE('',*,*,#3284,.F.);
#1791=ORIENTED_EDGE('',*,*,#3285,.T.);
#1792=ORIENTED_EDGE('',*,*,#3282,.T.);
#1793=ORIENTED_EDGE('',*,*,#3076,.F.);
#1794=ORIENTED_EDGE('',*,*,#3286,.F.);
#1795=ORIENTED_EDGE('',*,*,#3287,.T.);
#1796=ORIENTED_EDGE('',*,*,#3284,.T.);
#1797=ORIENTED_EDGE('',*,*,#3075,.F.);
#1798=ORIENTED_EDGE('',*,*,#3288,.F.);
#1799=ORIENTED_EDGE('',*,*,#3289,.T.);
#1800=ORIENTED_EDGE('',*,*,#3286,.T.);
#1801=ORIENTED_EDGE('',*,*,#3074,.F.);
#1802=ORIENTED_EDGE('',*,*,#3290,.F.);
#1803=ORIENTED_EDGE('',*,*,#3291,.T.);
#1804=ORIENTED_EDGE('',*,*,#3288,.T.);
#1805=ORIENTED_EDGE('',*,*,#3073,.F.);
#1806=ORIENTED_EDGE('',*,*,#3292,.F.);
#1807=ORIENTED_EDGE('',*,*,#3293,.T.);
#1808=ORIENTED_EDGE('',*,*,#3290,.T.);
#1809=ORIENTED_EDGE('',*,*,#3072,.F.);
#1810=ORIENTED_EDGE('',*,*,#3273,.F.);
#1811=ORIENTED_EDGE('',*,*,#3294,.T.);
#1812=ORIENTED_EDGE('',*,*,#3292,.T.);
#1813=ORIENTED_EDGE('',*,*,#3272,.F.);
#1814=ORIENTED_EDGE('',*,*,#3275,.F.);
#1815=ORIENTED_EDGE('',*,*,#3277,.F.);
#1816=ORIENTED_EDGE('',*,*,#3279,.F.);
#1817=ORIENTED_EDGE('',*,*,#3281,.F.);
#1818=ORIENTED_EDGE('',*,*,#3283,.F.);
#1819=ORIENTED_EDGE('',*,*,#3285,.F.);
#1820=ORIENTED_EDGE('',*,*,#3287,.F.);
#1821=ORIENTED_EDGE('',*,*,#3289,.F.);
#1822=ORIENTED_EDGE('',*,*,#3291,.F.);
#1823=ORIENTED_EDGE('',*,*,#3293,.F.);
#1824=ORIENTED_EDGE('',*,*,#3294,.F.);
#1825=ORIENTED_EDGE('',*,*,#3083,.F.);
#1826=ORIENTED_EDGE('',*,*,#3295,.F.);
#1827=ORIENTED_EDGE('',*,*,#3296,.T.);
#1828=ORIENTED_EDGE('',*,*,#3297,.T.);
#1829=ORIENTED_EDGE('',*,*,#3082,.F.);
#1830=ORIENTED_EDGE('',*,*,#3298,.F.);
#1831=ORIENTED_EDGE('',*,*,#3299,.T.);
#1832=ORIENTED_EDGE('',*,*,#3295,.T.);
#1833=ORIENTED_EDGE('',*,*,#3096,.F.);
#1834=ORIENTED_EDGE('',*,*,#3300,.F.);
#1835=ORIENTED_EDGE('',*,*,#3301,.T.);
#1836=ORIENTED_EDGE('',*,*,#3298,.T.);
#1837=ORIENTED_EDGE('',*,*,#3095,.F.);
#1838=ORIENTED_EDGE('',*,*,#3302,.F.);
#1839=ORIENTED_EDGE('',*,*,#3303,.T.);
#1840=ORIENTED_EDGE('',*,*,#3300,.T.);
#1841=ORIENTED_EDGE('',*,*,#3094,.F.);
#1842=ORIENTED_EDGE('',*,*,#3304,.F.);
#1843=ORIENTED_EDGE('',*,*,#3305,.T.);
#1844=ORIENTED_EDGE('',*,*,#3302,.T.);
#1845=ORIENTED_EDGE('',*,*,#3093,.F.);
#1846=ORIENTED_EDGE('',*,*,#3306,.F.);
#1847=ORIENTED_EDGE('',*,*,#3307,.T.);
#1848=ORIENTED_EDGE('',*,*,#3304,.T.);
#1849=ORIENTED_EDGE('',*,*,#3092,.F.);
#1850=ORIENTED_EDGE('',*,*,#3308,.F.);
#1851=ORIENTED_EDGE('',*,*,#3309,.T.);
#1852=ORIENTED_EDGE('',*,*,#3306,.T.);
#1853=ORIENTED_EDGE('',*,*,#3091,.F.);
#1854=ORIENTED_EDGE('',*,*,#3310,.F.);
#1855=ORIENTED_EDGE('',*,*,#3311,.T.);
#1856=ORIENTED_EDGE('',*,*,#3308,.T.);
#1857=ORIENTED_EDGE('',*,*,#3090,.F.);
#1858=ORIENTED_EDGE('',*,*,#3312,.F.);
#1859=ORIENTED_EDGE('',*,*,#3313,.T.);
#1860=ORIENTED_EDGE('',*,*,#3310,.T.);
#1861=ORIENTED_EDGE('',*,*,#3089,.F.);
#1862=ORIENTED_EDGE('',*,*,#3314,.F.);
#1863=ORIENTED_EDGE('',*,*,#3315,.T.);
#1864=ORIENTED_EDGE('',*,*,#3312,.T.);
#1865=ORIENTED_EDGE('',*,*,#3088,.F.);
#1866=ORIENTED_EDGE('',*,*,#3316,.F.);
#1867=ORIENTED_EDGE('',*,*,#3317,.T.);
#1868=ORIENTED_EDGE('',*,*,#3314,.T.);
#1869=ORIENTED_EDGE('',*,*,#3087,.F.);
#1870=ORIENTED_EDGE('',*,*,#3318,.F.);
#1871=ORIENTED_EDGE('',*,*,#3319,.T.);
#1872=ORIENTED_EDGE('',*,*,#3316,.T.);
#1873=ORIENTED_EDGE('',*,*,#3086,.F.);
#1874=ORIENTED_EDGE('',*,*,#3320,.F.);
#1875=ORIENTED_EDGE('',*,*,#3321,.T.);
#1876=ORIENTED_EDGE('',*,*,#3318,.T.);
#1877=ORIENTED_EDGE('',*,*,#3085,.F.);
#1878=ORIENTED_EDGE('',*,*,#3322,.F.);
#1879=ORIENTED_EDGE('',*,*,#3323,.T.);
#1880=ORIENTED_EDGE('',*,*,#3320,.T.);
#1881=ORIENTED_EDGE('',*,*,#3084,.F.);
#1882=ORIENTED_EDGE('',*,*,#3297,.F.);
#1883=ORIENTED_EDGE('',*,*,#3324,.T.);
#1884=ORIENTED_EDGE('',*,*,#3322,.T.);
#1885=ORIENTED_EDGE('',*,*,#3296,.F.);
#1886=ORIENTED_EDGE('',*,*,#3299,.F.);
#1887=ORIENTED_EDGE('',*,*,#3301,.F.);
#1888=ORIENTED_EDGE('',*,*,#3303,.F.);
#1889=ORIENTED_EDGE('',*,*,#3305,.F.);
#1890=ORIENTED_EDGE('',*,*,#3307,.F.);
#1891=ORIENTED_EDGE('',*,*,#3309,.F.);
#1892=ORIENTED_EDGE('',*,*,#3311,.F.);
#1893=ORIENTED_EDGE('',*,*,#3313,.F.);
#1894=ORIENTED_EDGE('',*,*,#3315,.F.);
#1895=ORIENTED_EDGE('',*,*,#3317,.F.);
#1896=ORIENTED_EDGE('',*,*,#3319,.F.);
#1897=ORIENTED_EDGE('',*,*,#3321,.F.);
#1898=ORIENTED_EDGE('',*,*,#3323,.F.);
#1899=ORIENTED_EDGE('',*,*,#3324,.F.);
#1900=ORIENTED_EDGE('',*,*,#3098,.F.);
#1901=ORIENTED_EDGE('',*,*,#3325,.F.);
#1902=ORIENTED_EDGE('',*,*,#3326,.T.);
#1903=ORIENTED_EDGE('',*,*,#3327,.T.);
#1904=ORIENTED_EDGE('',*,*,#3097,.F.);
#1905=ORIENTED_EDGE('',*,*,#3328,.F.);
#1906=ORIENTED_EDGE('',*,*,#3329,.T.);
#1907=ORIENTED_EDGE('',*,*,#3325,.T.);
#1908=ORIENTED_EDGE('',*,*,#3111,.F.);
#1909=ORIENTED_EDGE('',*,*,#3330,.F.);
#1910=ORIENTED_EDGE('',*,*,#3331,.T.);
#1911=ORIENTED_EDGE('',*,*,#3328,.T.);
#1912=ORIENTED_EDGE('',*,*,#3110,.F.);
#1913=ORIENTED_EDGE('',*,*,#3332,.F.);
#1914=ORIENTED_EDGE('',*,*,#3333,.T.);
#1915=ORIENTED_EDGE('',*,*,#3330,.T.);
#1916=ORIENTED_EDGE('',*,*,#3109,.F.);
#1917=ORIENTED_EDGE('',*,*,#3334,.F.);
#1918=ORIENTED_EDGE('',*,*,#3335,.T.);
#1919=ORIENTED_EDGE('',*,*,#3332,.T.);
#1920=ORIENTED_EDGE('',*,*,#3108,.F.);
#1921=ORIENTED_EDGE('',*,*,#3336,.F.);
#1922=ORIENTED_EDGE('',*,*,#3337,.T.);
#1923=ORIENTED_EDGE('',*,*,#3334,.T.);
#1924=ORIENTED_EDGE('',*,*,#3107,.F.);
#1925=ORIENTED_EDGE('',*,*,#3338,.F.);
#1926=ORIENTED_EDGE('',*,*,#3339,.T.);
#1927=ORIENTED_EDGE('',*,*,#3336,.T.);
#1928=ORIENTED_EDGE('',*,*,#3106,.F.);
#1929=ORIENTED_EDGE('',*,*,#3340,.F.);
#1930=ORIENTED_EDGE('',*,*,#3341,.T.);
#1931=ORIENTED_EDGE('',*,*,#3338,.T.);
#1932=ORIENTED_EDGE('',*,*,#3105,.F.);
#1933=ORIENTED_EDGE('',*,*,#3342,.F.);
#1934=ORIENTED_EDGE('',*,*,#3343,.T.);
#1935=ORIENTED_EDGE('',*,*,#3340,.T.);
#1936=ORIENTED_EDGE('',*,*,#3104,.F.);
#1937=ORIENTED_EDGE('',*,*,#3344,.F.);
#1938=ORIENTED_EDGE('',*,*,#3345,.T.);
#1939=ORIENTED_EDGE('',*,*,#3342,.T.);
#1940=ORIENTED_EDGE('',*,*,#3103,.F.);
#1941=ORIENTED_EDGE('',*,*,#3346,.F.);
#1942=ORIENTED_EDGE('',*,*,#3347,.T.);
#1943=ORIENTED_EDGE('',*,*,#3344,.T.);
#1944=ORIENTED_EDGE('',*,*,#3102,.F.);
#1945=ORIENTED_EDGE('',*,*,#3348,.F.);
#1946=ORIENTED_EDGE('',*,*,#3349,.T.);
#1947=ORIENTED_EDGE('',*,*,#3346,.T.);
#1948=ORIENTED_EDGE('',*,*,#3101,.F.);
#1949=ORIENTED_EDGE('',*,*,#3350,.F.);
#1950=ORIENTED_EDGE('',*,*,#3351,.T.);
#1951=ORIENTED_EDGE('',*,*,#3348,.T.);
#1952=ORIENTED_EDGE('',*,*,#3100,.F.);
#1953=ORIENTED_EDGE('',*,*,#3352,.F.);
#1954=ORIENTED_EDGE('',*,*,#3353,.T.);
#1955=ORIENTED_EDGE('',*,*,#3350,.T.);
#1956=ORIENTED_EDGE('',*,*,#3099,.F.);
#1957=ORIENTED_EDGE('',*,*,#3327,.F.);
#1958=ORIENTED_EDGE('',*,*,#3354,.T.);
#1959=ORIENTED_EDGE('',*,*,#3352,.T.);
#1960=ORIENTED_EDGE('',*,*,#3326,.F.);
#1961=ORIENTED_EDGE('',*,*,#3329,.F.);
#1962=ORIENTED_EDGE('',*,*,#3331,.F.);
#1963=ORIENTED_EDGE('',*,*,#3333,.F.);
#1964=ORIENTED_EDGE('',*,*,#3335,.F.);
#1965=ORIENTED_EDGE('',*,*,#3337,.F.);
#1966=ORIENTED_EDGE('',*,*,#3339,.F.);
#1967=ORIENTED_EDGE('',*,*,#3341,.F.);
#1968=ORIENTED_EDGE('',*,*,#3343,.F.);
#1969=ORIENTED_EDGE('',*,*,#3345,.F.);
#1970=ORIENTED_EDGE('',*,*,#3347,.F.);
#1971=ORIENTED_EDGE('',*,*,#3349,.F.);
#1972=ORIENTED_EDGE('',*,*,#3351,.F.);
#1973=ORIENTED_EDGE('',*,*,#3353,.F.);
#1974=ORIENTED_EDGE('',*,*,#3354,.F.);
#1975=ORIENTED_EDGE('',*,*,#3355,.F.);
#1976=ORIENTED_EDGE('',*,*,#3356,.F.);
#1977=ORIENTED_EDGE('',*,*,#3357,.T.);
#1978=ORIENTED_EDGE('',*,*,#3358,.T.);
#1979=ORIENTED_EDGE('',*,*,#3359,.F.);
#1980=ORIENTED_EDGE('',*,*,#3360,.F.);
#1981=ORIENTED_EDGE('',*,*,#3361,.T.);
#1982=ORIENTED_EDGE('',*,*,#3356,.T.);
#1983=ORIENTED_EDGE('',*,*,#3362,.F.);
#1984=ORIENTED_EDGE('',*,*,#3363,.F.);
#1985=ORIENTED_EDGE('',*,*,#3364,.T.);
#1986=ORIENTED_EDGE('',*,*,#3360,.T.);
#1987=ORIENTED_EDGE('',*,*,#3365,.F.);
#1988=ORIENTED_EDGE('',*,*,#3366,.F.);
#1989=ORIENTED_EDGE('',*,*,#3367,.T.);
#1990=ORIENTED_EDGE('',*,*,#3363,.T.);
#1991=ORIENTED_EDGE('',*,*,#3047,.F.);
#1992=ORIENTED_EDGE('',*,*,#3368,.F.);
#1993=ORIENTED_EDGE('',*,*,#3369,.T.);
#1994=ORIENTED_EDGE('',*,*,#3370,.T.);
#1995=ORIENTED_EDGE('',*,*,#3046,.F.);
#1996=ORIENTED_EDGE('',*,*,#3371,.F.);
#1997=ORIENTED_EDGE('',*,*,#3372,.T.);
#1998=ORIENTED_EDGE('',*,*,#3368,.T.);
#1999=ORIENTED_EDGE('',*,*,#3053,.F.);
#2000=ORIENTED_EDGE('',*,*,#3373,.F.);
#2001=ORIENTED_EDGE('',*,*,#3374,.T.);
#2002=ORIENTED_EDGE('',*,*,#3371,.T.);
#2003=ORIENTED_EDGE('',*,*,#3052,.F.);
#2004=ORIENTED_EDGE('',*,*,#3375,.F.);
#2005=ORIENTED_EDGE('',*,*,#3376,.T.);
#2006=ORIENTED_EDGE('',*,*,#3373,.T.);
#2007=ORIENTED_EDGE('',*,*,#3051,.F.);
#2008=ORIENTED_EDGE('',*,*,#3377,.F.);
#2009=ORIENTED_EDGE('',*,*,#3378,.T.);
#2010=ORIENTED_EDGE('',*,*,#3375,.T.);
#2011=ORIENTED_EDGE('',*,*,#3050,.F.);
#2012=ORIENTED_EDGE('',*,*,#3379,.F.);
#2013=ORIENTED_EDGE('',*,*,#3380,.T.);
#2014=ORIENTED_EDGE('',*,*,#3377,.T.);
#2015=ORIENTED_EDGE('',*,*,#3049,.F.);
#2016=ORIENTED_EDGE('',*,*,#3381,.F.);
#2017=ORIENTED_EDGE('',*,*,#3382,.T.);
#2018=ORIENTED_EDGE('',*,*,#3379,.T.);
#2019=ORIENTED_EDGE('',*,*,#3048,.F.);
#2020=ORIENTED_EDGE('',*,*,#3370,.F.);
#2021=ORIENTED_EDGE('',*,*,#3383,.T.);
#2022=ORIENTED_EDGE('',*,*,#3381,.T.);
#2023=ORIENTED_EDGE('',*,*,#3384,.F.);
#2024=ORIENTED_EDGE('',*,*,#3358,.F.);
#2025=ORIENTED_EDGE('',*,*,#3385,.T.);
#2026=ORIENTED_EDGE('',*,*,#3366,.T.);
#2027=ORIENTED_EDGE('',*,*,#3369,.F.);
#2028=ORIENTED_EDGE('',*,*,#3372,.F.);
#2029=ORIENTED_EDGE('',*,*,#3374,.F.);
#2030=ORIENTED_EDGE('',*,*,#3376,.F.);
#2031=ORIENTED_EDGE('',*,*,#3378,.F.);
#2032=ORIENTED_EDGE('',*,*,#3380,.F.);
#2033=ORIENTED_EDGE('',*,*,#3382,.F.);
#2034=ORIENTED_EDGE('',*,*,#3383,.F.);
#2035=ORIENTED_EDGE('',*,*,#3357,.F.);
#2036=ORIENTED_EDGE('',*,*,#3361,.F.);
#2037=ORIENTED_EDGE('',*,*,#3364,.F.);
#2038=ORIENTED_EDGE('',*,*,#3367,.F.);
#2039=ORIENTED_EDGE('',*,*,#3385,.F.);
#2040=ORIENTED_EDGE('',*,*,#3386,.F.);
#2041=ORIENTED_EDGE('',*,*,#3387,.F.);
#2042=ORIENTED_EDGE('',*,*,#3388,.T.);
#2043=ORIENTED_EDGE('',*,*,#3389,.T.);
#2044=ORIENTED_EDGE('',*,*,#3390,.F.);
#2045=ORIENTED_EDGE('',*,*,#3391,.F.);
#2046=ORIENTED_EDGE('',*,*,#3392,.T.);
#2047=ORIENTED_EDGE('',*,*,#3387,.T.);
#2048=ORIENTED_EDGE('',*,*,#3393,.F.);
#2049=ORIENTED_EDGE('',*,*,#3394,.F.);
#2050=ORIENTED_EDGE('',*,*,#3395,.T.);
#2051=ORIENTED_EDGE('',*,*,#3391,.T.);
#2052=ORIENTED_EDGE('',*,*,#3396,.F.);
#2053=ORIENTED_EDGE('',*,*,#3397,.F.);
#2054=ORIENTED_EDGE('',*,*,#3398,.T.);
#2055=ORIENTED_EDGE('',*,*,#3394,.T.);
#2056=ORIENTED_EDGE('',*,*,#3399,.F.);
#2057=ORIENTED_EDGE('',*,*,#3400,.F.);
#2058=ORIENTED_EDGE('',*,*,#3401,.T.);
#2059=ORIENTED_EDGE('',*,*,#3397,.T.);
#2060=ORIENTED_EDGE('',*,*,#3402,.F.);
#2061=ORIENTED_EDGE('',*,*,#3403,.F.);
#2062=ORIENTED_EDGE('',*,*,#3404,.T.);
#2063=ORIENTED_EDGE('',*,*,#3400,.T.);
#2064=ORIENTED_EDGE('',*,*,#3113,.F.);
#2065=ORIENTED_EDGE('',*,*,#3405,.F.);
#2066=ORIENTED_EDGE('',*,*,#3406,.T.);
#2067=ORIENTED_EDGE('',*,*,#3407,.T.);
#2068=ORIENTED_EDGE('',*,*,#3112,.F.);
#2069=ORIENTED_EDGE('',*,*,#3408,.F.);
#2070=ORIENTED_EDGE('',*,*,#3409,.T.);
#2071=ORIENTED_EDGE('',*,*,#3405,.T.);
#2072=ORIENTED_EDGE('',*,*,#3122,.F.);
#2073=ORIENTED_EDGE('',*,*,#3410,.F.);
#2074=ORIENTED_EDGE('',*,*,#3411,.T.);
#2075=ORIENTED_EDGE('',*,*,#3408,.T.);
#2076=ORIENTED_EDGE('',*,*,#3121,.F.);
#2077=ORIENTED_EDGE('',*,*,#3412,.F.);
#2078=ORIENTED_EDGE('',*,*,#3413,.T.);
#2079=ORIENTED_EDGE('',*,*,#3410,.T.);
#2080=ORIENTED_EDGE('',*,*,#3120,.F.);
#2081=ORIENTED_EDGE('',*,*,#3414,.F.);
#2082=ORIENTED_EDGE('',*,*,#3415,.T.);
#2083=ORIENTED_EDGE('',*,*,#3412,.T.);
#2084=ORIENTED_EDGE('',*,*,#3119,.F.);
#2085=ORIENTED_EDGE('',*,*,#3416,.F.);
#2086=ORIENTED_EDGE('',*,*,#3417,.T.);
#2087=ORIENTED_EDGE('',*,*,#3414,.T.);
#2088=ORIENTED_EDGE('',*,*,#3118,.F.);
#2089=ORIENTED_EDGE('',*,*,#3418,.F.);
#2090=ORIENTED_EDGE('',*,*,#3419,.T.);
#2091=ORIENTED_EDGE('',*,*,#3416,.T.);
#2092=ORIENTED_EDGE('',*,*,#3117,.F.);
#2093=ORIENTED_EDGE('',*,*,#3420,.F.);
#2094=ORIENTED_EDGE('',*,*,#3421,.T.);
#2095=ORIENTED_EDGE('',*,*,#3418,.T.);
#2096=ORIENTED_EDGE('',*,*,#3116,.F.);
#2097=ORIENTED_EDGE('',*,*,#3422,.F.);
#2098=ORIENTED_EDGE('',*,*,#3423,.T.);
#2099=ORIENTED_EDGE('',*,*,#3420,.T.);
#2100=ORIENTED_EDGE('',*,*,#3115,.F.);
#2101=ORIENTED_EDGE('',*,*,#3424,.F.);
#2102=ORIENTED_EDGE('',*,*,#3425,.T.);
#2103=ORIENTED_EDGE('',*,*,#3422,.T.);
#2104=ORIENTED_EDGE('',*,*,#3114,.F.);
#2105=ORIENTED_EDGE('',*,*,#3407,.F.);
#2106=ORIENTED_EDGE('',*,*,#3426,.T.);
#2107=ORIENTED_EDGE('',*,*,#3424,.T.);
#2108=ORIENTED_EDGE('',*,*,#3427,.F.);
#2109=ORIENTED_EDGE('',*,*,#3389,.F.);
#2110=ORIENTED_EDGE('',*,*,#3428,.T.);
#2111=ORIENTED_EDGE('',*,*,#3403,.T.);
#2112=ORIENTED_EDGE('',*,*,#3406,.F.);
#2113=ORIENTED_EDGE('',*,*,#3409,.F.);
#2114=ORIENTED_EDGE('',*,*,#3411,.F.);
#2115=ORIENTED_EDGE('',*,*,#3413,.F.);
#2116=ORIENTED_EDGE('',*,*,#3415,.F.);
#2117=ORIENTED_EDGE('',*,*,#3417,.F.);
#2118=ORIENTED_EDGE('',*,*,#3419,.F.);
#2119=ORIENTED_EDGE('',*,*,#3421,.F.);
#2120=ORIENTED_EDGE('',*,*,#3423,.F.);
#2121=ORIENTED_EDGE('',*,*,#3425,.F.);
#2122=ORIENTED_EDGE('',*,*,#3426,.F.);
#2123=ORIENTED_EDGE('',*,*,#3388,.F.);
#2124=ORIENTED_EDGE('',*,*,#3392,.F.);
#2125=ORIENTED_EDGE('',*,*,#3395,.F.);
#2126=ORIENTED_EDGE('',*,*,#3398,.F.);
#2127=ORIENTED_EDGE('',*,*,#3401,.F.);
#2128=ORIENTED_EDGE('',*,*,#3404,.F.);
#2129=ORIENTED_EDGE('',*,*,#3428,.F.);
#2130=ORIENTED_EDGE('',*,*,#3124,.F.);
#2131=ORIENTED_EDGE('',*,*,#3429,.F.);
#2132=ORIENTED_EDGE('',*,*,#3430,.T.);
#2133=ORIENTED_EDGE('',*,*,#3431,.T.);
#2134=ORIENTED_EDGE('',*,*,#3123,.F.);
#2135=ORIENTED_EDGE('',*,*,#3432,.F.);
#2136=ORIENTED_EDGE('',*,*,#3433,.T.);
#2137=ORIENTED_EDGE('',*,*,#3429,.T.);
#2138=ORIENTED_EDGE('',*,*,#3147,.F.);
#2139=ORIENTED_EDGE('',*,*,#3434,.F.);
#2140=ORIENTED_EDGE('',*,*,#3435,.T.);
#2141=ORIENTED_EDGE('',*,*,#3432,.T.);
#2142=ORIENTED_EDGE('',*,*,#3146,.F.);
#2143=ORIENTED_EDGE('',*,*,#3436,.F.);
#2144=ORIENTED_EDGE('',*,*,#3437,.T.);
#2145=ORIENTED_EDGE('',*,*,#3434,.T.);
#2146=ORIENTED_EDGE('',*,*,#3145,.F.);
#2147=ORIENTED_EDGE('',*,*,#3438,.F.);
#2148=ORIENTED_EDGE('',*,*,#3439,.T.);
#2149=ORIENTED_EDGE('',*,*,#3436,.T.);
#2150=ORIENTED_EDGE('',*,*,#3144,.F.);
#2151=ORIENTED_EDGE('',*,*,#3440,.F.);
#2152=ORIENTED_EDGE('',*,*,#3441,.T.);
#2153=ORIENTED_EDGE('',*,*,#3438,.T.);
#2154=ORIENTED_EDGE('',*,*,#3143,.F.);
#2155=ORIENTED_EDGE('',*,*,#3442,.F.);
#2156=ORIENTED_EDGE('',*,*,#3443,.T.);
#2157=ORIENTED_EDGE('',*,*,#3440,.T.);
#2158=ORIENTED_EDGE('',*,*,#3142,.F.);
#2159=ORIENTED_EDGE('',*,*,#3444,.F.);
#2160=ORIENTED_EDGE('',*,*,#3445,.T.);
#2161=ORIENTED_EDGE('',*,*,#3442,.T.);
#2162=ORIENTED_EDGE('',*,*,#3141,.F.);
#2163=ORIENTED_EDGE('',*,*,#3446,.F.);
#2164=ORIENTED_EDGE('',*,*,#3447,.T.);
#2165=ORIENTED_EDGE('',*,*,#3444,.T.);
#2166=ORIENTED_EDGE('',*,*,#3140,.F.);
#2167=ORIENTED_EDGE('',*,*,#3448,.F.);
#2168=ORIENTED_EDGE('',*,*,#3449,.T.);
#2169=ORIENTED_EDGE('',*,*,#3446,.T.);
#2170=ORIENTED_EDGE('',*,*,#3139,.F.);
#2171=ORIENTED_EDGE('',*,*,#3450,.F.);
#2172=ORIENTED_EDGE('',*,*,#3451,.T.);
#2173=ORIENTED_EDGE('',*,*,#3448,.T.);
#2174=ORIENTED_EDGE('',*,*,#3138,.F.);
#2175=ORIENTED_EDGE('',*,*,#3452,.F.);
#2176=ORIENTED_EDGE('',*,*,#3453,.T.);
#2177=ORIENTED_EDGE('',*,*,#3450,.T.);
#2178=ORIENTED_EDGE('',*,*,#3137,.F.);
#2179=ORIENTED_EDGE('',*,*,#3454,.F.);
#2180=ORIENTED_EDGE('',*,*,#3455,.T.);
#2181=ORIENTED_EDGE('',*,*,#3452,.T.);
#2182=ORIENTED_EDGE('',*,*,#3136,.F.);
#2183=ORIENTED_EDGE('',*,*,#3456,.F.);
#2184=ORIENTED_EDGE('',*,*,#3457,.T.);
#2185=ORIENTED_EDGE('',*,*,#3454,.T.);
#2186=ORIENTED_EDGE('',*,*,#3135,.F.);
#2187=ORIENTED_EDGE('',*,*,#3458,.F.);
#2188=ORIENTED_EDGE('',*,*,#3459,.T.);
#2189=ORIENTED_EDGE('',*,*,#3456,.T.);
#2190=ORIENTED_EDGE('',*,*,#3134,.F.);
#2191=ORIENTED_EDGE('',*,*,#3460,.F.);
#2192=ORIENTED_EDGE('',*,*,#3461,.T.);
#2193=ORIENTED_EDGE('',*,*,#3458,.T.);
#2194=ORIENTED_EDGE('',*,*,#3133,.F.);
#2195=ORIENTED_EDGE('',*,*,#3462,.F.);
#2196=ORIENTED_EDGE('',*,*,#3463,.T.);
#2197=ORIENTED_EDGE('',*,*,#3460,.T.);
#2198=ORIENTED_EDGE('',*,*,#3132,.F.);
#2199=ORIENTED_EDGE('',*,*,#3464,.F.);
#2200=ORIENTED_EDGE('',*,*,#3465,.T.);
#2201=ORIENTED_EDGE('',*,*,#3462,.T.);
#2202=ORIENTED_EDGE('',*,*,#3131,.F.);
#2203=ORIENTED_EDGE('',*,*,#3466,.F.);
#2204=ORIENTED_EDGE('',*,*,#3467,.T.);
#2205=ORIENTED_EDGE('',*,*,#3464,.T.);
#2206=ORIENTED_EDGE('',*,*,#3130,.F.);
#2207=ORIENTED_EDGE('',*,*,#3468,.F.);
#2208=ORIENTED_EDGE('',*,*,#3469,.T.);
#2209=ORIENTED_EDGE('',*,*,#3466,.T.);
#2210=ORIENTED_EDGE('',*,*,#3129,.F.);
#2211=ORIENTED_EDGE('',*,*,#3470,.F.);
#2212=ORIENTED_EDGE('',*,*,#3471,.T.);
#2213=ORIENTED_EDGE('',*,*,#3468,.T.);
#2214=ORIENTED_EDGE('',*,*,#3128,.F.);
#2215=ORIENTED_EDGE('',*,*,#3472,.F.);
#2216=ORIENTED_EDGE('',*,*,#3473,.T.);
#2217=ORIENTED_EDGE('',*,*,#3470,.T.);
#2218=ORIENTED_EDGE('',*,*,#3127,.F.);
#2219=ORIENTED_EDGE('',*,*,#3474,.F.);
#2220=ORIENTED_EDGE('',*,*,#3475,.T.);
#2221=ORIENTED_EDGE('',*,*,#3472,.T.);
#2222=ORIENTED_EDGE('',*,*,#3126,.F.);
#2223=ORIENTED_EDGE('',*,*,#3476,.F.);
#2224=ORIENTED_EDGE('',*,*,#3477,.T.);
#2225=ORIENTED_EDGE('',*,*,#3474,.T.);
#2226=ORIENTED_EDGE('',*,*,#3125,.F.);
#2227=ORIENTED_EDGE('',*,*,#3431,.F.);
#2228=ORIENTED_EDGE('',*,*,#3478,.T.);
#2229=ORIENTED_EDGE('',*,*,#3476,.T.);
#2230=ORIENTED_EDGE('',*,*,#3430,.F.);
#2231=ORIENTED_EDGE('',*,*,#3433,.F.);
#2232=ORIENTED_EDGE('',*,*,#3435,.F.);
#2233=ORIENTED_EDGE('',*,*,#3437,.F.);
#2234=ORIENTED_EDGE('',*,*,#3439,.F.);
#2235=ORIENTED_EDGE('',*,*,#3441,.F.);
#2236=ORIENTED_EDGE('',*,*,#3443,.F.);
#2237=ORIENTED_EDGE('',*,*,#3445,.F.);
#2238=ORIENTED_EDGE('',*,*,#3447,.F.);
#2239=ORIENTED_EDGE('',*,*,#3449,.F.);
#2240=ORIENTED_EDGE('',*,*,#3451,.F.);
#2241=ORIENTED_EDGE('',*,*,#3453,.F.);
#2242=ORIENTED_EDGE('',*,*,#3455,.F.);
#2243=ORIENTED_EDGE('',*,*,#3457,.F.);
#2244=ORIENTED_EDGE('',*,*,#3459,.F.);
#2245=ORIENTED_EDGE('',*,*,#3461,.F.);
#2246=ORIENTED_EDGE('',*,*,#3463,.F.);
#2247=ORIENTED_EDGE('',*,*,#3465,.F.);
#2248=ORIENTED_EDGE('',*,*,#3467,.F.);
#2249=ORIENTED_EDGE('',*,*,#3469,.F.);
#2250=ORIENTED_EDGE('',*,*,#3471,.F.);
#2251=ORIENTED_EDGE('',*,*,#3473,.F.);
#2252=ORIENTED_EDGE('',*,*,#3475,.F.);
#2253=ORIENTED_EDGE('',*,*,#3477,.F.);
#2254=ORIENTED_EDGE('',*,*,#3478,.F.);
#2255=ORIENTED_EDGE('',*,*,#3238,.T.);
#2256=ORIENTED_EDGE('',*,*,#3234,.T.);
#2257=ORIENTED_EDGE('',*,*,#3269,.T.);
#2258=ORIENTED_EDGE('',*,*,#3250,.T.);
#2259=ORIENTED_EDGE('',*,*,#3247,.T.);
#2260=ORIENTED_EDGE('',*,*,#3244,.T.);
#2261=ORIENTED_EDGE('',*,*,#3241,.T.);
#2262=ORIENTED_EDGE('',*,*,#3359,.T.);
#2263=ORIENTED_EDGE('',*,*,#3355,.T.);
#2264=ORIENTED_EDGE('',*,*,#3384,.T.);
#2265=ORIENTED_EDGE('',*,*,#3365,.T.);
#2266=ORIENTED_EDGE('',*,*,#3362,.T.);
#2267=ORIENTED_EDGE('',*,*,#3390,.T.);
#2268=ORIENTED_EDGE('',*,*,#3386,.T.);
#2269=ORIENTED_EDGE('',*,*,#3427,.T.);
#2270=ORIENTED_EDGE('',*,*,#3402,.T.);
#2271=ORIENTED_EDGE('',*,*,#3399,.T.);
#2272=ORIENTED_EDGE('',*,*,#3396,.T.);
#2273=ORIENTED_EDGE('',*,*,#3393,.T.);
#2274=ORIENTED_EDGE('',*,*,#2919,.F.);
#2275=ORIENTED_EDGE('',*,*,#3479,.F.);
#2276=ORIENTED_EDGE('',*,*,#3480,.T.);
#2277=ORIENTED_EDGE('',*,*,#3481,.T.);
#2278=ORIENTED_EDGE('',*,*,#2918,.F.);
#2279=ORIENTED_EDGE('',*,*,#3482,.F.);
#2280=ORIENTED_EDGE('',*,*,#3483,.T.);
#2281=ORIENTED_EDGE('',*,*,#3479,.T.);
#2282=ORIENTED_EDGE('',*,*,#2962,.F.);
#2283=ORIENTED_EDGE('',*,*,#3484,.F.);
#2284=ORIENTED_EDGE('',*,*,#3485,.T.);
#2285=ORIENTED_EDGE('',*,*,#3482,.T.);
#2286=ORIENTED_EDGE('',*,*,#2961,.F.);
#2287=ORIENTED_EDGE('',*,*,#3486,.F.);
#2288=ORIENTED_EDGE('',*,*,#3487,.T.);
#2289=ORIENTED_EDGE('',*,*,#3484,.T.);
#2290=ORIENTED_EDGE('',*,*,#2960,.F.);
#2291=ORIENTED_EDGE('',*,*,#3488,.F.);
#2292=ORIENTED_EDGE('',*,*,#3489,.T.);
#2293=ORIENTED_EDGE('',*,*,#3486,.T.);
#2294=ORIENTED_EDGE('',*,*,#2959,.F.);
#2295=ORIENTED_EDGE('',*,*,#3490,.F.);
#2296=ORIENTED_EDGE('',*,*,#3491,.T.);
#2297=ORIENTED_EDGE('',*,*,#3488,.T.);
#2298=ORIENTED_EDGE('',*,*,#2958,.F.);
#2299=ORIENTED_EDGE('',*,*,#3492,.F.);
#2300=ORIENTED_EDGE('',*,*,#3493,.T.);
#2301=ORIENTED_EDGE('',*,*,#3490,.T.);
#2302=ORIENTED_EDGE('',*,*,#2957,.F.);
#2303=ORIENTED_EDGE('',*,*,#3494,.F.);
#2304=ORIENTED_EDGE('',*,*,#3495,.T.);
#2305=ORIENTED_EDGE('',*,*,#3492,.T.);
#2306=ORIENTED_EDGE('',*,*,#2956,.F.);
#2307=ORIENTED_EDGE('',*,*,#3496,.F.);
#2308=ORIENTED_EDGE('',*,*,#3497,.T.);
#2309=ORIENTED_EDGE('',*,*,#3494,.T.);
#2310=ORIENTED_EDGE('',*,*,#2955,.F.);
#2311=ORIENTED_EDGE('',*,*,#3498,.F.);
#2312=ORIENTED_EDGE('',*,*,#3499,.T.);
#2313=ORIENTED_EDGE('',*,*,#3496,.T.);
#2314=ORIENTED_EDGE('',*,*,#2954,.F.);
#2315=ORIENTED_EDGE('',*,*,#3500,.F.);
#2316=ORIENTED_EDGE('',*,*,#3501,.T.);
#2317=ORIENTED_EDGE('',*,*,#3498,.T.);
#2318=ORIENTED_EDGE('',*,*,#2953,.F.);
#2319=ORIENTED_EDGE('',*,*,#3502,.F.);
#2320=ORIENTED_EDGE('',*,*,#3503,.T.);
#2321=ORIENTED_EDGE('',*,*,#3500,.T.);
#2322=ORIENTED_EDGE('',*,*,#2952,.F.);
#2323=ORIENTED_EDGE('',*,*,#3504,.F.);
#2324=ORIENTED_EDGE('',*,*,#3505,.T.);
#2325=ORIENTED_EDGE('',*,*,#3502,.T.);
#2326=ORIENTED_EDGE('',*,*,#2951,.F.);
#2327=ORIENTED_EDGE('',*,*,#3506,.F.);
#2328=ORIENTED_EDGE('',*,*,#3507,.T.);
#2329=ORIENTED_EDGE('',*,*,#3504,.T.);
#2330=ORIENTED_EDGE('',*,*,#2950,.F.);
#2331=ORIENTED_EDGE('',*,*,#3508,.F.);
#2332=ORIENTED_EDGE('',*,*,#3509,.T.);
#2333=ORIENTED_EDGE('',*,*,#3506,.T.);
#2334=ORIENTED_EDGE('',*,*,#2949,.F.);
#2335=ORIENTED_EDGE('',*,*,#3510,.F.);
#2336=ORIENTED_EDGE('',*,*,#3511,.T.);
#2337=ORIENTED_EDGE('',*,*,#3508,.T.);
#2338=ORIENTED_EDGE('',*,*,#2948,.F.);
#2339=ORIENTED_EDGE('',*,*,#3512,.F.);
#2340=ORIENTED_EDGE('',*,*,#3513,.T.);
#2341=ORIENTED_EDGE('',*,*,#3510,.T.);
#2342=ORIENTED_EDGE('',*,*,#2947,.F.);
#2343=ORIENTED_EDGE('',*,*,#3514,.F.);
#2344=ORIENTED_EDGE('',*,*,#3515,.T.);
#2345=ORIENTED_EDGE('',*,*,#3512,.T.);
#2346=ORIENTED_EDGE('',*,*,#2946,.F.);
#2347=ORIENTED_EDGE('',*,*,#3516,.F.);
#2348=ORIENTED_EDGE('',*,*,#3517,.T.);
#2349=ORIENTED_EDGE('',*,*,#3514,.T.);
#2350=ORIENTED_EDGE('',*,*,#2945,.F.);
#2351=ORIENTED_EDGE('',*,*,#3518,.F.);
#2352=ORIENTED_EDGE('',*,*,#3519,.T.);
#2353=ORIENTED_EDGE('',*,*,#3516,.T.);
#2354=ORIENTED_EDGE('',*,*,#2944,.F.);
#2355=ORIENTED_EDGE('',*,*,#3520,.F.);
#2356=ORIENTED_EDGE('',*,*,#3521,.T.);
#2357=ORIENTED_EDGE('',*,*,#3518,.T.);
#2358=ORIENTED_EDGE('',*,*,#2943,.F.);
#2359=ORIENTED_EDGE('',*,*,#3522,.F.);
#2360=ORIENTED_EDGE('',*,*,#3523,.T.);
#2361=ORIENTED_EDGE('',*,*,#3520,.T.);
#2362=ORIENTED_EDGE('',*,*,#2942,.F.);
#2363=ORIENTED_EDGE('',*,*,#3524,.F.);
#2364=ORIENTED_EDGE('',*,*,#3525,.T.);
#2365=ORIENTED_EDGE('',*,*,#3522,.T.);
#2366=ORIENTED_EDGE('',*,*,#2941,.F.);
#2367=ORIENTED_EDGE('',*,*,#3526,.F.);
#2368=ORIENTED_EDGE('',*,*,#3527,.T.);
#2369=ORIENTED_EDGE('',*,*,#3524,.T.);
#2370=ORIENTED_EDGE('',*,*,#2940,.F.);
#2371=ORIENTED_EDGE('',*,*,#3528,.F.);
#2372=ORIENTED_EDGE('',*,*,#3529,.T.);
#2373=ORIENTED_EDGE('',*,*,#3526,.T.);
#2374=ORIENTED_EDGE('',*,*,#2939,.F.);
#2375=ORIENTED_EDGE('',*,*,#3530,.F.);
#2376=ORIENTED_EDGE('',*,*,#3531,.T.);
#2377=ORIENTED_EDGE('',*,*,#3528,.T.);
#2378=ORIENTED_EDGE('',*,*,#2938,.F.);
#2379=ORIENTED_EDGE('',*,*,#3532,.F.);
#2380=ORIENTED_EDGE('',*,*,#3533,.T.);
#2381=ORIENTED_EDGE('',*,*,#3530,.T.);
#2382=ORIENTED_EDGE('',*,*,#2937,.F.);
#2383=ORIENTED_EDGE('',*,*,#3534,.F.);
#2384=ORIENTED_EDGE('',*,*,#3535,.T.);
#2385=ORIENTED_EDGE('',*,*,#3532,.T.);
#2386=ORIENTED_EDGE('',*,*,#2936,.F.);
#2387=ORIENTED_EDGE('',*,*,#3536,.F.);
#2388=ORIENTED_EDGE('',*,*,#3537,.T.);
#2389=ORIENTED_EDGE('',*,*,#3534,.T.);
#2390=ORIENTED_EDGE('',*,*,#2935,.F.);
#2391=ORIENTED_EDGE('',*,*,#3538,.F.);
#2392=ORIENTED_EDGE('',*,*,#3539,.T.);
#2393=ORIENTED_EDGE('',*,*,#3536,.T.);
#2394=ORIENTED_EDGE('',*,*,#2934,.F.);
#2395=ORIENTED_EDGE('',*,*,#3540,.F.);
#2396=ORIENTED_EDGE('',*,*,#3541,.T.);
#2397=ORIENTED_EDGE('',*,*,#3538,.T.);
#2398=ORIENTED_EDGE('',*,*,#2933,.F.);
#2399=ORIENTED_EDGE('',*,*,#3542,.F.);
#2400=ORIENTED_EDGE('',*,*,#3543,.T.);
#2401=ORIENTED_EDGE('',*,*,#3540,.T.);
#2402=ORIENTED_EDGE('',*,*,#2932,.F.);
#2403=ORIENTED_EDGE('',*,*,#3544,.F.);
#2404=ORIENTED_EDGE('',*,*,#3545,.T.);
#2405=ORIENTED_EDGE('',*,*,#3542,.T.);
#2406=ORIENTED_EDGE('',*,*,#2931,.F.);
#2407=ORIENTED_EDGE('',*,*,#3546,.F.);
#2408=ORIENTED_EDGE('',*,*,#3547,.T.);
#2409=ORIENTED_EDGE('',*,*,#3544,.T.);
#2410=ORIENTED_EDGE('',*,*,#2930,.F.);
#2411=ORIENTED_EDGE('',*,*,#3548,.F.);
#2412=ORIENTED_EDGE('',*,*,#3549,.T.);
#2413=ORIENTED_EDGE('',*,*,#3546,.T.);
#2414=ORIENTED_EDGE('',*,*,#2929,.F.);
#2415=ORIENTED_EDGE('',*,*,#3550,.F.);
#2416=ORIENTED_EDGE('',*,*,#3551,.T.);
#2417=ORIENTED_EDGE('',*,*,#3548,.T.);
#2418=ORIENTED_EDGE('',*,*,#2928,.F.);
#2419=ORIENTED_EDGE('',*,*,#3552,.F.);
#2420=ORIENTED_EDGE('',*,*,#3553,.T.);
#2421=ORIENTED_EDGE('',*,*,#3550,.T.);
#2422=ORIENTED_EDGE('',*,*,#2927,.F.);
#2423=ORIENTED_EDGE('',*,*,#3554,.F.);
#2424=ORIENTED_EDGE('',*,*,#3555,.T.);
#2425=ORIENTED_EDGE('',*,*,#3552,.T.);
#2426=ORIENTED_EDGE('',*,*,#2926,.F.);
#2427=ORIENTED_EDGE('',*,*,#3556,.F.);
#2428=ORIENTED_EDGE('',*,*,#3557,.T.);
#2429=ORIENTED_EDGE('',*,*,#3554,.T.);
#2430=ORIENTED_EDGE('',*,*,#2925,.F.);
#2431=ORIENTED_EDGE('',*,*,#3558,.F.);
#2432=ORIENTED_EDGE('',*,*,#3559,.T.);
#2433=ORIENTED_EDGE('',*,*,#3556,.T.);
#2434=ORIENTED_EDGE('',*,*,#2924,.F.);
#2435=ORIENTED_EDGE('',*,*,#3560,.F.);
#2436=ORIENTED_EDGE('',*,*,#3561,.T.);
#2437=ORIENTED_EDGE('',*,*,#3558,.T.);
#2438=ORIENTED_EDGE('',*,*,#2923,.F.);
#2439=ORIENTED_EDGE('',*,*,#3562,.F.);
#2440=ORIENTED_EDGE('',*,*,#3563,.T.);
#2441=ORIENTED_EDGE('',*,*,#3560,.T.);
#2442=ORIENTED_EDGE('',*,*,#2922,.F.);
#2443=ORIENTED_EDGE('',*,*,#3564,.F.);
#2444=ORIENTED_EDGE('',*,*,#3565,.T.);
#2445=ORIENTED_EDGE('',*,*,#3562,.T.);
#2446=ORIENTED_EDGE('',*,*,#2921,.F.);
#2447=ORIENTED_EDGE('',*,*,#3566,.F.);
#2448=ORIENTED_EDGE('',*,*,#3567,.T.);
#2449=ORIENTED_EDGE('',*,*,#3564,.T.);
#2450=ORIENTED_EDGE('',*,*,#2920,.F.);
#2451=ORIENTED_EDGE('',*,*,#3481,.F.);
#2452=ORIENTED_EDGE('',*,*,#3568,.T.);
#2453=ORIENTED_EDGE('',*,*,#3566,.T.);
#2454=ORIENTED_EDGE('',*,*,#3480,.F.);
#2455=ORIENTED_EDGE('',*,*,#3483,.F.);
#2456=ORIENTED_EDGE('',*,*,#3485,.F.);
#2457=ORIENTED_EDGE('',*,*,#3487,.F.);
#2458=ORIENTED_EDGE('',*,*,#3489,.F.);
#2459=ORIENTED_EDGE('',*,*,#3491,.F.);
#2460=ORIENTED_EDGE('',*,*,#3493,.F.);
#2461=ORIENTED_EDGE('',*,*,#3495,.F.);
#2462=ORIENTED_EDGE('',*,*,#3497,.F.);
#2463=ORIENTED_EDGE('',*,*,#3499,.F.);
#2464=ORIENTED_EDGE('',*,*,#3501,.F.);
#2465=ORIENTED_EDGE('',*,*,#3503,.F.);
#2466=ORIENTED_EDGE('',*,*,#3505,.F.);
#2467=ORIENTED_EDGE('',*,*,#3507,.F.);
#2468=ORIENTED_EDGE('',*,*,#3509,.F.);
#2469=ORIENTED_EDGE('',*,*,#3511,.F.);
#2470=ORIENTED_EDGE('',*,*,#3513,.F.);
#2471=ORIENTED_EDGE('',*,*,#3515,.F.);
#2472=ORIENTED_EDGE('',*,*,#3517,.F.);
#2473=ORIENTED_EDGE('',*,*,#3519,.F.);
#2474=ORIENTED_EDGE('',*,*,#3521,.F.);
#2475=ORIENTED_EDGE('',*,*,#3523,.F.);
#2476=ORIENTED_EDGE('',*,*,#3525,.F.);
#2477=ORIENTED_EDGE('',*,*,#3527,.F.);
#2478=ORIENTED_EDGE('',*,*,#3529,.F.);
#2479=ORIENTED_EDGE('',*,*,#3531,.F.);
#2480=ORIENTED_EDGE('',*,*,#3533,.F.);
#2481=ORIENTED_EDGE('',*,*,#3535,.F.);
#2482=ORIENTED_EDGE('',*,*,#3537,.F.);
#2483=ORIENTED_EDGE('',*,*,#3539,.F.);
#2484=ORIENTED_EDGE('',*,*,#3541,.F.);
#2485=ORIENTED_EDGE('',*,*,#3543,.F.);
#2486=ORIENTED_EDGE('',*,*,#3545,.F.);
#2487=ORIENTED_EDGE('',*,*,#3547,.F.);
#2488=ORIENTED_EDGE('',*,*,#3549,.F.);
#2489=ORIENTED_EDGE('',*,*,#3551,.F.);
#2490=ORIENTED_EDGE('',*,*,#3553,.F.);
#2491=ORIENTED_EDGE('',*,*,#3555,.F.);
#2492=ORIENTED_EDGE('',*,*,#3557,.F.);
#2493=ORIENTED_EDGE('',*,*,#3559,.F.);
#2494=ORIENTED_EDGE('',*,*,#3561,.F.);
#2495=ORIENTED_EDGE('',*,*,#3563,.F.);
#2496=ORIENTED_EDGE('',*,*,#3565,.F.);
#2497=ORIENTED_EDGE('',*,*,#3567,.F.);
#2498=ORIENTED_EDGE('',*,*,#3568,.F.);
#2499=ORIENTED_EDGE('',*,*,#2964,.F.);
#2500=ORIENTED_EDGE('',*,*,#3569,.F.);
#2501=ORIENTED_EDGE('',*,*,#3570,.T.);
#2502=ORIENTED_EDGE('',*,*,#3571,.T.);
#2503=ORIENTED_EDGE('',*,*,#2963,.F.);
#2504=ORIENTED_EDGE('',*,*,#3572,.F.);
#2505=ORIENTED_EDGE('',*,*,#3573,.T.);
#2506=ORIENTED_EDGE('',*,*,#3569,.T.);
#2507=ORIENTED_EDGE('',*,*,#2977,.F.);
#2508=ORIENTED_EDGE('',*,*,#3574,.F.);
#2509=ORIENTED_EDGE('',*,*,#3575,.T.);
#2510=ORIENTED_EDGE('',*,*,#3572,.T.);
#2511=ORIENTED_EDGE('',*,*,#2976,.F.);
#2512=ORIENTED_EDGE('',*,*,#3576,.F.);
#2513=ORIENTED_EDGE('',*,*,#3577,.T.);
#2514=ORIENTED_EDGE('',*,*,#3574,.T.);
#2515=ORIENTED_EDGE('',*,*,#2975,.F.);
#2516=ORIENTED_EDGE('',*,*,#3578,.F.);
#2517=ORIENTED_EDGE('',*,*,#3579,.T.);
#2518=ORIENTED_EDGE('',*,*,#3576,.T.);
#2519=ORIENTED_EDGE('',*,*,#2974,.F.);
#2520=ORIENTED_EDGE('',*,*,#3580,.F.);
#2521=ORIENTED_EDGE('',*,*,#3581,.T.);
#2522=ORIENTED_EDGE('',*,*,#3578,.T.);
#2523=ORIENTED_EDGE('',*,*,#2973,.F.);
#2524=ORIENTED_EDGE('',*,*,#3582,.F.);
#2525=ORIENTED_EDGE('',*,*,#3583,.T.);
#2526=ORIENTED_EDGE('',*,*,#3580,.T.);
#2527=ORIENTED_EDGE('',*,*,#2972,.F.);
#2528=ORIENTED_EDGE('',*,*,#3584,.F.);
#2529=ORIENTED_EDGE('',*,*,#3585,.T.);
#2530=ORIENTED_EDGE('',*,*,#3582,.T.);
#2531=ORIENTED_EDGE('',*,*,#2971,.F.);
#2532=ORIENTED_EDGE('',*,*,#3586,.F.);
#2533=ORIENTED_EDGE('',*,*,#3587,.T.);
#2534=ORIENTED_EDGE('',*,*,#3584,.T.);
#2535=ORIENTED_EDGE('',*,*,#2970,.F.);
#2536=ORIENTED_EDGE('',*,*,#3588,.F.);
#2537=ORIENTED_EDGE('',*,*,#3589,.T.);
#2538=ORIENTED_EDGE('',*,*,#3586,.T.);
#2539=ORIENTED_EDGE('',*,*,#2969,.F.);
#2540=ORIENTED_EDGE('',*,*,#3590,.F.);
#2541=ORIENTED_EDGE('',*,*,#3591,.T.);
#2542=ORIENTED_EDGE('',*,*,#3588,.T.);
#2543=ORIENTED_EDGE('',*,*,#2968,.F.);
#2544=ORIENTED_EDGE('',*,*,#3592,.F.);
#2545=ORIENTED_EDGE('',*,*,#3593,.T.);
#2546=ORIENTED_EDGE('',*,*,#3590,.T.);
#2547=ORIENTED_EDGE('',*,*,#2967,.F.);
#2548=ORIENTED_EDGE('',*,*,#3594,.F.);
#2549=ORIENTED_EDGE('',*,*,#3595,.T.);
#2550=ORIENTED_EDGE('',*,*,#3592,.T.);
#2551=ORIENTED_EDGE('',*,*,#2966,.F.);
#2552=ORIENTED_EDGE('',*,*,#3596,.F.);
#2553=ORIENTED_EDGE('',*,*,#3597,.T.);
#2554=ORIENTED_EDGE('',*,*,#3594,.T.);
#2555=ORIENTED_EDGE('',*,*,#2965,.F.);
#2556=ORIENTED_EDGE('',*,*,#3571,.F.);
#2557=ORIENTED_EDGE('',*,*,#3598,.T.);
#2558=ORIENTED_EDGE('',*,*,#3596,.T.);
#2559=ORIENTED_EDGE('',*,*,#3570,.F.);
#2560=ORIENTED_EDGE('',*,*,#3573,.F.);
#2561=ORIENTED_EDGE('',*,*,#3575,.F.);
#2562=ORIENTED_EDGE('',*,*,#3577,.F.);
#2563=ORIENTED_EDGE('',*,*,#3579,.F.);
#2564=ORIENTED_EDGE('',*,*,#3581,.F.);
#2565=ORIENTED_EDGE('',*,*,#3583,.F.);
#2566=ORIENTED_EDGE('',*,*,#3585,.F.);
#2567=ORIENTED_EDGE('',*,*,#3587,.F.);
#2568=ORIENTED_EDGE('',*,*,#3589,.F.);
#2569=ORIENTED_EDGE('',*,*,#3591,.F.);
#2570=ORIENTED_EDGE('',*,*,#3593,.F.);
#2571=ORIENTED_EDGE('',*,*,#3595,.F.);
#2572=ORIENTED_EDGE('',*,*,#3597,.F.);
#2573=ORIENTED_EDGE('',*,*,#3598,.F.);
#2574=ORIENTED_EDGE('',*,*,#2979,.F.);
#2575=ORIENTED_EDGE('',*,*,#3599,.F.);
#2576=ORIENTED_EDGE('',*,*,#3600,.T.);
#2577=ORIENTED_EDGE('',*,*,#3601,.T.);
#2578=ORIENTED_EDGE('',*,*,#2978,.F.);
#2579=ORIENTED_EDGE('',*,*,#3602,.F.);
#2580=ORIENTED_EDGE('',*,*,#3603,.T.);
#2581=ORIENTED_EDGE('',*,*,#3599,.T.);
#2582=ORIENTED_EDGE('',*,*,#3022,.F.);
#2583=ORIENTED_EDGE('',*,*,#3604,.F.);
#2584=ORIENTED_EDGE('',*,*,#3605,.T.);
#2585=ORIENTED_EDGE('',*,*,#3602,.T.);
#2586=ORIENTED_EDGE('',*,*,#3021,.F.);
#2587=ORIENTED_EDGE('',*,*,#3606,.F.);
#2588=ORIENTED_EDGE('',*,*,#3607,.T.);
#2589=ORIENTED_EDGE('',*,*,#3604,.T.);
#2590=ORIENTED_EDGE('',*,*,#3020,.F.);
#2591=ORIENTED_EDGE('',*,*,#3608,.F.);
#2592=ORIENTED_EDGE('',*,*,#3609,.T.);
#2593=ORIENTED_EDGE('',*,*,#3606,.T.);
#2594=ORIENTED_EDGE('',*,*,#3019,.F.);
#2595=ORIENTED_EDGE('',*,*,#3610,.F.);
#2596=ORIENTED_EDGE('',*,*,#3611,.T.);
#2597=ORIENTED_EDGE('',*,*,#3608,.T.);
#2598=ORIENTED_EDGE('',*,*,#3018,.F.);
#2599=ORIENTED_EDGE('',*,*,#3612,.F.);
#2600=ORIENTED_EDGE('',*,*,#3613,.T.);
#2601=ORIENTED_EDGE('',*,*,#3610,.T.);
#2602=ORIENTED_EDGE('',*,*,#3017,.F.);
#2603=ORIENTED_EDGE('',*,*,#3614,.F.);
#2604=ORIENTED_EDGE('',*,*,#3615,.T.);
#2605=ORIENTED_EDGE('',*,*,#3612,.T.);
#2606=ORIENTED_EDGE('',*,*,#3016,.F.);
#2607=ORIENTED_EDGE('',*,*,#3616,.F.);
#2608=ORIENTED_EDGE('',*,*,#3617,.T.);
#2609=ORIENTED_EDGE('',*,*,#3614,.T.);
#2610=ORIENTED_EDGE('',*,*,#3015,.F.);
#2611=ORIENTED_EDGE('',*,*,#3618,.F.);
#2612=ORIENTED_EDGE('',*,*,#3619,.T.);
#2613=ORIENTED_EDGE('',*,*,#3616,.T.);
#2614=ORIENTED_EDGE('',*,*,#3014,.F.);
#2615=ORIENTED_EDGE('',*,*,#3620,.F.);
#2616=ORIENTED_EDGE('',*,*,#3621,.T.);
#2617=ORIENTED_EDGE('',*,*,#3618,.T.);
#2618=ORIENTED_EDGE('',*,*,#3013,.F.);
#2619=ORIENTED_EDGE('',*,*,#3622,.F.);
#2620=ORIENTED_EDGE('',*,*,#3623,.T.);
#2621=ORIENTED_EDGE('',*,*,#3620,.T.);
#2622=ORIENTED_EDGE('',*,*,#3012,.F.);
#2623=ORIENTED_EDGE('',*,*,#3624,.F.);
#2624=ORIENTED_EDGE('',*,*,#3625,.T.);
#2625=ORIENTED_EDGE('',*,*,#3622,.T.);
#2626=ORIENTED_EDGE('',*,*,#3011,.F.);
#2627=ORIENTED_EDGE('',*,*,#3626,.F.);
#2628=ORIENTED_EDGE('',*,*,#3627,.T.);
#2629=ORIENTED_EDGE('',*,*,#3624,.T.);
#2630=ORIENTED_EDGE('',*,*,#3010,.F.);
#2631=ORIENTED_EDGE('',*,*,#3628,.F.);
#2632=ORIENTED_EDGE('',*,*,#3629,.T.);
#2633=ORIENTED_EDGE('',*,*,#3626,.T.);
#2634=ORIENTED_EDGE('',*,*,#3009,.F.);
#2635=ORIENTED_EDGE('',*,*,#3630,.F.);
#2636=ORIENTED_EDGE('',*,*,#3631,.T.);
#2637=ORIENTED_EDGE('',*,*,#3628,.T.);
#2638=ORIENTED_EDGE('',*,*,#3008,.F.);
#2639=ORIENTED_EDGE('',*,*,#3632,.F.);
#2640=ORIENTED_EDGE('',*,*,#3633,.T.);
#2641=ORIENTED_EDGE('',*,*,#3630,.T.);
#2642=ORIENTED_EDGE('',*,*,#3007,.F.);
#2643=ORIENTED_EDGE('',*,*,#3634,.F.);
#2644=ORIENTED_EDGE('',*,*,#3635,.T.);
#2645=ORIENTED_EDGE('',*,*,#3632,.T.);
#2646=ORIENTED_EDGE('',*,*,#3006,.F.);
#2647=ORIENTED_EDGE('',*,*,#3636,.F.);
#2648=ORIENTED_EDGE('',*,*,#3637,.T.);
#2649=ORIENTED_EDGE('',*,*,#3634,.T.);
#2650=ORIENTED_EDGE('',*,*,#3005,.F.);
#2651=ORIENTED_EDGE('',*,*,#3638,.F.);
#2652=ORIENTED_EDGE('',*,*,#3639,.T.);
#2653=ORIENTED_EDGE('',*,*,#3636,.T.);
#2654=ORIENTED_EDGE('',*,*,#3004,.F.);
#2655=ORIENTED_EDGE('',*,*,#3640,.F.);
#2656=ORIENTED_EDGE('',*,*,#3641,.T.);
#2657=ORIENTED_EDGE('',*,*,#3638,.T.);
#2658=ORIENTED_EDGE('',*,*,#3003,.F.);
#2659=ORIENTED_EDGE('',*,*,#3642,.F.);
#2660=ORIENTED_EDGE('',*,*,#3643,.T.);
#2661=ORIENTED_EDGE('',*,*,#3640,.T.);
#2662=ORIENTED_EDGE('',*,*,#3002,.F.);
#2663=ORIENTED_EDGE('',*,*,#3644,.F.);
#2664=ORIENTED_EDGE('',*,*,#3645,.T.);
#2665=ORIENTED_EDGE('',*,*,#3642,.T.);
#2666=ORIENTED_EDGE('',*,*,#3001,.F.);
#2667=ORIENTED_EDGE('',*,*,#3646,.F.);
#2668=ORIENTED_EDGE('',*,*,#3647,.T.);
#2669=ORIENTED_EDGE('',*,*,#3644,.T.);
#2670=ORIENTED_EDGE('',*,*,#3000,.F.);
#2671=ORIENTED_EDGE('',*,*,#3648,.F.);
#2672=ORIENTED_EDGE('',*,*,#3649,.T.);
#2673=ORIENTED_EDGE('',*,*,#3646,.T.);
#2674=ORIENTED_EDGE('',*,*,#2999,.F.);
#2675=ORIENTED_EDGE('',*,*,#3650,.F.);
#2676=ORIENTED_EDGE('',*,*,#3651,.T.);
#2677=ORIENTED_EDGE('',*,*,#3648,.T.);
#2678=ORIENTED_EDGE('',*,*,#2998,.F.);
#2679=ORIENTED_EDGE('',*,*,#3652,.F.);
#2680=ORIENTED_EDGE('',*,*,#3653,.T.);
#2681=ORIENTED_EDGE('',*,*,#3650,.T.);
#2682=ORIENTED_EDGE('',*,*,#2997,.F.);
#2683=ORIENTED_EDGE('',*,*,#3654,.F.);
#2684=ORIENTED_EDGE('',*,*,#3655,.T.);
#2685=ORIENTED_EDGE('',*,*,#3652,.T.);
#2686=ORIENTED_EDGE('',*,*,#2996,.F.);
#2687=ORIENTED_EDGE('',*,*,#3656,.F.);
#2688=ORIENTED_EDGE('',*,*,#3657,.T.);
#2689=ORIENTED_EDGE('',*,*,#3654,.T.);
#2690=ORIENTED_EDGE('',*,*,#2995,.F.);
#2691=ORIENTED_EDGE('',*,*,#3658,.F.);
#2692=ORIENTED_EDGE('',*,*,#3659,.T.);
#2693=ORIENTED_EDGE('',*,*,#3656,.T.);
#2694=ORIENTED_EDGE('',*,*,#2994,.F.);
#2695=ORIENTED_EDGE('',*,*,#3660,.F.);
#2696=ORIENTED_EDGE('',*,*,#3661,.T.);
#2697=ORIENTED_EDGE('',*,*,#3658,.T.);
#2698=ORIENTED_EDGE('',*,*,#2993,.F.);
#2699=ORIENTED_EDGE('',*,*,#3662,.F.);
#2700=ORIENTED_EDGE('',*,*,#3663,.T.);
#2701=ORIENTED_EDGE('',*,*,#3660,.T.);
#2702=ORIENTED_EDGE('',*,*,#2992,.F.);
#2703=ORIENTED_EDGE('',*,*,#3664,.F.);
#2704=ORIENTED_EDGE('',*,*,#3665,.T.);
#2705=ORIENTED_EDGE('',*,*,#3662,.T.);
#2706=ORIENTED_EDGE('',*,*,#2991,.F.);
#2707=ORIENTED_EDGE('',*,*,#3666,.F.);
#2708=ORIENTED_EDGE('',*,*,#3667,.T.);
#2709=ORIENTED_EDGE('',*,*,#3664,.T.);
#2710=ORIENTED_EDGE('',*,*,#2990,.F.);
#2711=ORIENTED_EDGE('',*,*,#3668,.F.);
#2712=ORIENTED_EDGE('',*,*,#3669,.T.);
#2713=ORIENTED_EDGE('',*,*,#3666,.T.);
#2714=ORIENTED_EDGE('',*,*,#2989,.F.);
#2715=ORIENTED_EDGE('',*,*,#3670,.F.);
#2716=ORIENTED_EDGE('',*,*,#3671,.T.);
#2717=ORIENTED_EDGE('',*,*,#3668,.T.);
#2718=ORIENTED_EDGE('',*,*,#2988,.F.);
#2719=ORIENTED_EDGE('',*,*,#3672,.F.);
#2720=ORIENTED_EDGE('',*,*,#3673,.T.);
#2721=ORIENTED_EDGE('',*,*,#3670,.T.);
#2722=ORIENTED_EDGE('',*,*,#2987,.F.);
#2723=ORIENTED_EDGE('',*,*,#3674,.F.);
#2724=ORIENTED_EDGE('',*,*,#3675,.T.);
#2725=ORIENTED_EDGE('',*,*,#3672,.T.);
#2726=ORIENTED_EDGE('',*,*,#2986,.F.);
#2727=ORIENTED_EDGE('',*,*,#3676,.F.);
#2728=ORIENTED_EDGE('',*,*,#3677,.T.);
#2729=ORIENTED_EDGE('',*,*,#3674,.T.);
#2730=ORIENTED_EDGE('',*,*,#2985,.F.);
#2731=ORIENTED_EDGE('',*,*,#3678,.F.);
#2732=ORIENTED_EDGE('',*,*,#3679,.T.);
#2733=ORIENTED_EDGE('',*,*,#3676,.T.);
#2734=ORIENTED_EDGE('',*,*,#2984,.F.);
#2735=ORIENTED_EDGE('',*,*,#3680,.F.);
#2736=ORIENTED_EDGE('',*,*,#3681,.T.);
#2737=ORIENTED_EDGE('',*,*,#3678,.T.);
#2738=ORIENTED_EDGE('',*,*,#2983,.F.);
#2739=ORIENTED_EDGE('',*,*,#3682,.F.);
#2740=ORIENTED_EDGE('',*,*,#3683,.T.);
#2741=ORIENTED_EDGE('',*,*,#3680,.T.);
#2742=ORIENTED_EDGE('',*,*,#2982,.F.);
#2743=ORIENTED_EDGE('',*,*,#3684,.F.);
#2744=ORIENTED_EDGE('',*,*,#3685,.T.);
#2745=ORIENTED_EDGE('',*,*,#3682,.T.);
#2746=ORIENTED_EDGE('',*,*,#2981,.F.);
#2747=ORIENTED_EDGE('',*,*,#3686,.F.);
#2748=ORIENTED_EDGE('',*,*,#3687,.T.);
#2749=ORIENTED_EDGE('',*,*,#3684,.T.);
#2750=ORIENTED_EDGE('',*,*,#2980,.F.);
#2751=ORIENTED_EDGE('',*,*,#3601,.F.);
#2752=ORIENTED_EDGE('',*,*,#3688,.T.);
#2753=ORIENTED_EDGE('',*,*,#3686,.T.);
#2754=ORIENTED_EDGE('',*,*,#3600,.F.);
#2755=ORIENTED_EDGE('',*,*,#3603,.F.);
#2756=ORIENTED_EDGE('',*,*,#3605,.F.);
#2757=ORIENTED_EDGE('',*,*,#3607,.F.);
#2758=ORIENTED_EDGE('',*,*,#3609,.F.);
#2759=ORIENTED_EDGE('',*,*,#3611,.F.);
#2760=ORIENTED_EDGE('',*,*,#3613,.F.);
#2761=ORIENTED_EDGE('',*,*,#3615,.F.);
#2762=ORIENTED_EDGE('',*,*,#3617,.F.);
#2763=ORIENTED_EDGE('',*,*,#3619,.F.);
#2764=ORIENTED_EDGE('',*,*,#3621,.F.);
#2765=ORIENTED_EDGE('',*,*,#3623,.F.);
#2766=ORIENTED_EDGE('',*,*,#3625,.F.);
#2767=ORIENTED_EDGE('',*,*,#3627,.F.);
#2768=ORIENTED_EDGE('',*,*,#3629,.F.);
#2769=ORIENTED_EDGE('',*,*,#3631,.F.);
#2770=ORIENTED_EDGE('',*,*,#3633,.F.);
#2771=ORIENTED_EDGE('',*,*,#3635,.F.);
#2772=ORIENTED_EDGE('',*,*,#3637,.F.);
#2773=ORIENTED_EDGE('',*,*,#3639,.F.);
#2774=ORIENTED_EDGE('',*,*,#3641,.F.);
#2775=ORIENTED_EDGE('',*,*,#3643,.F.);
#2776=ORIENTED_EDGE('',*,*,#3645,.F.);
#2777=ORIENTED_EDGE('',*,*,#3647,.F.);
#2778=ORIENTED_EDGE('',*,*,#3649,.F.);
#2779=ORIENTED_EDGE('',*,*,#3651,.F.);
#2780=ORIENTED_EDGE('',*,*,#3653,.F.);
#2781=ORIENTED_EDGE('',*,*,#3655,.F.);
#2782=ORIENTED_EDGE('',*,*,#3657,.F.);
#2783=ORIENTED_EDGE('',*,*,#3659,.F.);
#2784=ORIENTED_EDGE('',*,*,#3661,.F.);
#2785=ORIENTED_EDGE('',*,*,#3663,.F.);
#2786=ORIENTED_EDGE('',*,*,#3665,.F.);
#2787=ORIENTED_EDGE('',*,*,#3667,.F.);
#2788=ORIENTED_EDGE('',*,*,#3669,.F.);
#2789=ORIENTED_EDGE('',*,*,#3671,.F.);
#2790=ORIENTED_EDGE('',*,*,#3673,.F.);
#2791=ORIENTED_EDGE('',*,*,#3675,.F.);
#2792=ORIENTED_EDGE('',*,*,#3677,.F.);
#2793=ORIENTED_EDGE('',*,*,#3679,.F.);
#2794=ORIENTED_EDGE('',*,*,#3681,.F.);
#2795=ORIENTED_EDGE('',*,*,#3683,.F.);
#2796=ORIENTED_EDGE('',*,*,#3685,.F.);
#2797=ORIENTED_EDGE('',*,*,#3687,.F.);
#2798=ORIENTED_EDGE('',*,*,#3688,.F.);
#2799=ORIENTED_EDGE('',*,*,#3024,.F.);
#2800=ORIENTED_EDGE('',*,*,#3689,.F.);
#2801=ORIENTED_EDGE('',*,*,#3690,.T.);
#2802=ORIENTED_EDGE('',*,*,#3691,.T.);
#2803=ORIENTED_EDGE('',*,*,#3023,.F.);
#2804=ORIENTED_EDGE('',*,*,#3692,.F.);
#2805=ORIENTED_EDGE('',*,*,#3693,.T.);
#2806=ORIENTED_EDGE('',*,*,#3689,.T.);
#2807=ORIENTED_EDGE('',*,*,#3045,.F.);
#2808=ORIENTED_EDGE('',*,*,#3694,.F.);
#2809=ORIENTED_EDGE('',*,*,#3695,.T.);
#2810=ORIENTED_EDGE('',*,*,#3692,.T.);
#2811=ORIENTED_EDGE('',*,*,#3044,.F.);
#2812=ORIENTED_EDGE('',*,*,#3696,.F.);
#2813=ORIENTED_EDGE('',*,*,#3697,.T.);
#2814=ORIENTED_EDGE('',*,*,#3694,.T.);
#2815=ORIENTED_EDGE('',*,*,#3043,.F.);
#2816=ORIENTED_EDGE('',*,*,#3698,.F.);
#2817=ORIENTED_EDGE('',*,*,#3699,.T.);
#2818=ORIENTED_EDGE('',*,*,#3696,.T.);
#2819=ORIENTED_EDGE('',*,*,#3042,.F.);
#2820=ORIENTED_EDGE('',*,*,#3700,.F.);
#2821=ORIENTED_EDGE('',*,*,#3701,.T.);
#2822=ORIENTED_EDGE('',*,*,#3698,.T.);
#2823=ORIENTED_EDGE('',*,*,#3041,.F.);
#2824=ORIENTED_EDGE('',*,*,#3702,.F.);
#2825=ORIENTED_EDGE('',*,*,#3703,.T.);
#2826=ORIENTED_EDGE('',*,*,#3700,.T.);
#2827=ORIENTED_EDGE('',*,*,#3040,.F.);
#2828=ORIENTED_EDGE('',*,*,#3704,.F.);
#2829=ORIENTED_EDGE('',*,*,#3705,.T.);
#2830=ORIENTED_EDGE('',*,*,#3702,.T.);
#2831=ORIENTED_EDGE('',*,*,#3039,.F.);
#2832=ORIENTED_EDGE('',*,*,#3706,.F.);
#2833=ORIENTED_EDGE('',*,*,#3707,.T.);
#2834=ORIENTED_EDGE('',*,*,#3704,.T.);
#2835=ORIENTED_EDGE('',*,*,#3038,.F.);
#2836=ORIENTED_EDGE('',*,*,#3708,.F.);
#2837=ORIENTED_EDGE('',*,*,#3709,.T.);
#2838=ORIENTED_EDGE('',*,*,#3706,.T.);
#2839=ORIENTED_EDGE('',*,*,#3037,.F.);
#2840=ORIENTED_EDGE('',*,*,#3710,.F.);
#2841=ORIENTED_EDGE('',*,*,#3711,.T.);
#2842=ORIENTED_EDGE('',*,*,#3708,.T.);
#2843=ORIENTED_EDGE('',*,*,#3036,.F.);
#2844=ORIENTED_EDGE('',*,*,#3712,.F.);
#2845=ORIENTED_EDGE('',*,*,#3713,.T.);
#2846=ORIENTED_EDGE('',*,*,#3710,.T.);
#2847=ORIENTED_EDGE('',*,*,#3035,.F.);
#2848=ORIENTED_EDGE('',*,*,#3714,.F.);
#2849=ORIENTED_EDGE('',*,*,#3715,.T.);
#2850=ORIENTED_EDGE('',*,*,#3712,.T.);
#2851=ORIENTED_EDGE('',*,*,#3034,.F.);
#2852=ORIENTED_EDGE('',*,*,#3716,.F.);
#2853=ORIENTED_EDGE('',*,*,#3717,.T.);
#2854=ORIENTED_EDGE('',*,*,#3714,.T.);
#2855=ORIENTED_EDGE('',*,*,#3033,.F.);
#2856=ORIENTED_EDGE('',*,*,#3718,.F.);
#2857=ORIENTED_EDGE('',*,*,#3719,.T.);
#2858=ORIENTED_EDGE('',*,*,#3716,.T.);
#2859=ORIENTED_EDGE('',*,*,#3032,.F.);
#2860=ORIENTED_EDGE('',*,*,#3720,.F.);
#2861=ORIENTED_EDGE('',*,*,#3721,.T.);
#2862=ORIENTED_EDGE('',*,*,#3718,.T.);
#2863=ORIENTED_EDGE('',*,*,#3031,.F.);
#2864=ORIENTED_EDGE('',*,*,#3722,.F.);
#2865=ORIENTED_EDGE('',*,*,#3723,.T.);
#2866=ORIENTED_EDGE('',*,*,#3720,.T.);
#2867=ORIENTED_EDGE('',*,*,#3030,.F.);
#2868=ORIENTED_EDGE('',*,*,#3724,.F.);
#2869=ORIENTED_EDGE('',*,*,#3725,.T.);
#2870=ORIENTED_EDGE('',*,*,#3722,.T.);
#2871=ORIENTED_EDGE('',*,*,#3029,.F.);
#2872=ORIENTED_EDGE('',*,*,#3726,.F.);
#2873=ORIENTED_EDGE('',*,*,#3727,.T.);
#2874=ORIENTED_EDGE('',*,*,#3724,.T.);
#2875=ORIENTED_EDGE('',*,*,#3028,.F.);
#2876=ORIENTED_EDGE('',*,*,#3728,.F.);
#2877=ORIENTED_EDGE('',*,*,#3729,.T.);
#2878=ORIENTED_EDGE('',*,*,#3726,.T.);
#2879=ORIENTED_EDGE('',*,*,#3027,.F.);
#2880=ORIENTED_EDGE('',*,*,#3730,.F.);
#2881=ORIENTED_EDGE('',*,*,#3731,.T.);
#2882=ORIENTED_EDGE('',*,*,#3728,.T.);
#2883=ORIENTED_EDGE('',*,*,#3026,.F.);
#2884=ORIENTED_EDGE('',*,*,#3732,.F.);
#2885=ORIENTED_EDGE('',*,*,#3733,.T.);
#2886=ORIENTED_EDGE('',*,*,#3730,.T.);
#2887=ORIENTED_EDGE('',*,*,#3025,.F.);
#2888=ORIENTED_EDGE('',*,*,#3691,.F.);
#2889=ORIENTED_EDGE('',*,*,#3734,.T.);
#2890=ORIENTED_EDGE('',*,*,#3732,.T.);
#2891=ORIENTED_EDGE('',*,*,#3690,.F.);
#2892=ORIENTED_EDGE('',*,*,#3693,.F.);
#2893=ORIENTED_EDGE('',*,*,#3695,.F.);
#2894=ORIENTED_EDGE('',*,*,#3697,.F.);
#2895=ORIENTED_EDGE('',*,*,#3699,.F.);
#2896=ORIENTED_EDGE('',*,*,#3701,.F.);
#2897=ORIENTED_EDGE('',*,*,#3703,.F.);
#2898=ORIENTED_EDGE('',*,*,#3705,.F.);
#2899=ORIENTED_EDGE('',*,*,#3707,.F.);
#2900=ORIENTED_EDGE('',*,*,#3709,.F.);
#2901=ORIENTED_EDGE('',*,*,#3711,.F.);
#2902=ORIENTED_EDGE('',*,*,#3713,.F.);
#2903=ORIENTED_EDGE('',*,*,#3715,.F.);
#2904=ORIENTED_EDGE('',*,*,#3717,.F.);
#2905=ORIENTED_EDGE('',*,*,#3719,.F.);
#2906=ORIENTED_EDGE('',*,*,#3721,.F.);
#2907=ORIENTED_EDGE('',*,*,#3723,.F.);
#2908=ORIENTED_EDGE('',*,*,#3725,.F.);
#2909=ORIENTED_EDGE('',*,*,#3727,.F.);
#2910=ORIENTED_EDGE('',*,*,#3729,.F.);
#2911=ORIENTED_EDGE('',*,*,#3731,.F.);
#2912=ORIENTED_EDGE('',*,*,#3733,.F.);
#2913=ORIENTED_EDGE('',*,*,#3734,.F.);
#2914=EDGE_CURVE('',#3735,#3736,#4273,.T.);
#2915=EDGE_CURVE('',#3736,#3737,#4274,.T.);
#2916=EDGE_CURVE('',#3737,#3738,#4275,.T.);
#2917=EDGE_CURVE('',#3738,#3735,#4276,.T.);
#2918=EDGE_CURVE('',#3739,#3740,#1064,.F.);
#2919=EDGE_CURVE('',#3740,#3741,#1065,.F.);
#2920=EDGE_CURVE('',#3741,#3742,#1066,.F.);
#2921=EDGE_CURVE('',#3742,#3743,#1067,.F.);
#2922=EDGE_CURVE('',#3743,#3744,#194,.T.);
#2923=EDGE_CURVE('',#3744,#3745,#1068,.F.);
#2924=EDGE_CURVE('',#3745,#3746,#1069,.F.);
#2925=EDGE_CURVE('',#3746,#3747,#1070,.F.);
#2926=EDGE_CURVE('',#3747,#3748,#1071,.F.);
#2927=EDGE_CURVE('',#3748,#3749,#195,.T.);
#2928=EDGE_CURVE('',#3749,#3750,#4277,.T.);
#2929=EDGE_CURVE('',#3750,#3751,#1072,.F.);
#2930=EDGE_CURVE('',#3751,#3752,#4278,.T.);
#2931=EDGE_CURVE('',#3752,#3753,#4279,.T.);
#2932=EDGE_CURVE('',#3753,#3754,#4280,.T.);
#2933=EDGE_CURVE('',#3754,#3755,#4281,.T.);
#2934=EDGE_CURVE('',#3755,#3756,#1073,.F.);
#2935=EDGE_CURVE('',#3756,#3757,#196,.T.);
#2936=EDGE_CURVE('',#3757,#3758,#1074,.F.);
#2937=EDGE_CURVE('',#3758,#3759,#1075,.F.);
#2938=EDGE_CURVE('',#3759,#3760,#1076,.F.);
#2939=EDGE_CURVE('',#3760,#3761,#1077,.F.);
#2940=EDGE_CURVE('',#3761,#3762,#1078,.F.);
#2941=EDGE_CURVE('',#3762,#3763,#197,.T.);
#2942=EDGE_CURVE('',#3763,#3764,#1079,.T.);
#2943=EDGE_CURVE('',#3764,#3765,#1080,.T.);
#2944=EDGE_CURVE('',#3765,#3766,#1081,.T.);
#2945=EDGE_CURVE('',#3766,#3767,#1082,.T.);
#2946=EDGE_CURVE('',#3767,#3768,#1083,.T.);
#2947=EDGE_CURVE('',#3768,#3769,#1084,.T.);
#2948=EDGE_CURVE('',#3769,#3770,#198,.T.);
#2949=EDGE_CURVE('',#3770,#3771,#1085,.F.);
#2950=EDGE_CURVE('',#3771,#3772,#1086,.F.);
#2951=EDGE_CURVE('',#3772,#3773,#1087,.F.);
#2952=EDGE_CURVE('',#3773,#3774,#1088,.F.);
#2953=EDGE_CURVE('',#3774,#3775,#1089,.F.);
#2954=EDGE_CURVE('',#3775,#3776,#199,.T.);
#2955=EDGE_CURVE('',#3776,#3777,#1090,.T.);
#2956=EDGE_CURVE('',#3777,#3778,#1091,.T.);
#2957=EDGE_CURVE('',#3778,#3779,#1092,.T.);
#2958=EDGE_CURVE('',#3779,#3780,#4282,.T.);
#2959=EDGE_CURVE('',#3780,#3781,#1093,.T.);
#2960=EDGE_CURVE('',#3781,#3782,#1094,.T.);
#2961=EDGE_CURVE('',#3782,#3783,#200,.T.);
#2962=EDGE_CURVE('',#3783,#3739,#1095,.F.);
#2963=EDGE_CURVE('',#3784,#3785,#1096,.F.);
#2964=EDGE_CURVE('',#3785,#3786,#1097,.F.);
#2965=EDGE_CURVE('',#3786,#3787,#1098,.F.);
#2966=EDGE_CURVE('',#3787,#3788,#1099,.F.);
#2967=EDGE_CURVE('',#3788,#3789,#201,.T.);
#2968=EDGE_CURVE('',#3789,#3790,#202,.T.);
#2969=EDGE_CURVE('',#3790,#3791,#1100,.F.);
#2970=EDGE_CURVE('',#3791,#3792,#1101,.F.);
#2971=EDGE_CURVE('',#3792,#3793,#1102,.F.);
#2972=EDGE_CURVE('',#3793,#3794,#1103,.F.);
#2973=EDGE_CURVE('',#3794,#3795,#203,.T.);
#2974=EDGE_CURVE('',#3795,#3796,#1104,.F.);
#2975=EDGE_CURVE('',#3796,#3797,#1105,.F.);
#2976=EDGE_CURVE('',#3797,#3798,#1106,.F.);
#2977=EDGE_CURVE('',#3798,#3784,#204,.T.);
#2978=EDGE_CURVE('',#3799,#3800,#1107,.F.);
#2979=EDGE_CURVE('',#3800,#3801,#1108,.F.);
#2980=EDGE_CURVE('',#3801,#3802,#1109,.F.);
#2981=EDGE_CURVE('',#3802,#3803,#1110,.F.);
#2982=EDGE_CURVE('',#3803,#3804,#205,.T.);
#2983=EDGE_CURVE('',#3804,#3805,#1111,.F.);
#2984=EDGE_CURVE('',#3805,#3806,#1112,.F.);
#2985=EDGE_CURVE('',#3806,#3807,#1113,.F.);
#2986=EDGE_CURVE('',#3807,#3808,#1114,.F.);
#2987=EDGE_CURVE('',#3808,#3809,#206,.T.);
#2988=EDGE_CURVE('',#3809,#3810,#4283,.T.);
#2989=EDGE_CURVE('',#3810,#3811,#1115,.F.);
#2990=EDGE_CURVE('',#3811,#3812,#4284,.T.);
#2991=EDGE_CURVE('',#3812,#3813,#4285,.T.);
#2992=EDGE_CURVE('',#3813,#3814,#4286,.T.);
#2993=EDGE_CURVE('',#3814,#3815,#4287,.T.);
#2994=EDGE_CURVE('',#3815,#3816,#1116,.F.);
#2995=EDGE_CURVE('',#3816,#3817,#207,.T.);
#2996=EDGE_CURVE('',#3817,#3818,#1117,.F.);
#2997=EDGE_CURVE('',#3818,#3819,#1118,.F.);
#2998=EDGE_CURVE('',#3819,#3820,#1119,.F.);
#2999=EDGE_CURVE('',#3820,#3821,#1120,.F.);
#3000=EDGE_CURVE('',#3821,#3822,#1121,.F.);
#3001=EDGE_CURVE('',#3822,#3823,#208,.T.);
#3002=EDGE_CURVE('',#3823,#3824,#1122,.T.);
#3003=EDGE_CURVE('',#3824,#3825,#1123,.T.);
#3004=EDGE_CURVE('',#3825,#3826,#1124,.T.);
#3005=EDGE_CURVE('',#3826,#3827,#1125,.T.);
#3006=EDGE_CURVE('',#3827,#3828,#1126,.T.);
#3007=EDGE_CURVE('',#3828,#3829,#1127,.T.);
#3008=EDGE_CURVE('',#3829,#3830,#209,.T.);
#3009=EDGE_CURVE('',#3830,#3831,#1128,.F.);
#3010=EDGE_CURVE('',#3831,#3832,#1129,.F.);
#3011=EDGE_CURVE('',#3832,#3833,#1130,.F.);
#3012=EDGE_CURVE('',#3833,#3834,#1131,.F.);
#3013=EDGE_CURVE('',#3834,#3835,#1132,.F.);
#3014=EDGE_CURVE('',#3835,#3836,#210,.T.);
#3015=EDGE_CURVE('',#3836,#3837,#1133,.T.);
#3016=EDGE_CURVE('',#3837,#3838,#1134,.T.);
#3017=EDGE_CURVE('',#3838,#3839,#1135,.T.);
#3018=EDGE_CURVE('',#3839,#3840,#4288,.T.);
#3019=EDGE_CURVE('',#3840,#3841,#1136,.T.);
#3020=EDGE_CURVE('',#3841,#3842,#1137,.T.);
#3021=EDGE_CURVE('',#3842,#3843,#211,.T.);
#3022=EDGE_CURVE('',#3843,#3799,#1138,.F.);
#3023=EDGE_CURVE('',#3844,#3845,#212,.T.);
#3024=EDGE_CURVE('',#3845,#3846,#1139,.F.);
#3025=EDGE_CURVE('',#3846,#3847,#1140,.F.);
#3026=EDGE_CURVE('',#3847,#3848,#1141,.F.);
#3027=EDGE_CURVE('',#3848,#3849,#1142,.F.);
#3028=EDGE_CURVE('',#3849,#3850,#213,.T.);
#3029=EDGE_CURVE('',#3850,#3851,#214,.T.);
#3030=EDGE_CURVE('',#3851,#3852,#215,.T.);
#3031=EDGE_CURVE('',#3852,#3853,#1143,.F.);
#3032=EDGE_CURVE('',#3853,#3854,#1144,.F.);
#3033=EDGE_CURVE('',#3854,#3855,#1145,.F.);
#3034=EDGE_CURVE('',#3855,#3856,#1146,.F.);
#3035=EDGE_CURVE('',#3856,#3857,#1147,.F.);
#3036=EDGE_CURVE('',#3857,#3858,#216,.T.);
#3037=EDGE_CURVE('',#3858,#3859,#1148,.F.);
#3038=EDGE_CURVE('',#3859,#3860,#1149,.F.);
#3039=EDGE_CURVE('',#3860,#3861,#1150,.F.);
#3040=EDGE_CURVE('',#3861,#3862,#217,.T.);
#3041=EDGE_CURVE('',#3862,#3863,#218,.T.);
#3042=EDGE_CURVE('',#3863,#3864,#1151,.F.);
#3043=EDGE_CURVE('',#3864,#3865,#1152,.F.);
#3044=EDGE_CURVE('',#3865,#3866,#1153,.F.);
#3045=EDGE_CURVE('',#3866,#3844,#1154,.F.);
#3046=EDGE_CURVE('',#3867,#3868,#219,.T.);
#3047=EDGE_CURVE('',#3868,#3869,#220,.T.);
#3048=EDGE_CURVE('',#3869,#3870,#221,.T.);
#3049=EDGE_CURVE('',#3870,#3871,#222,.T.);
#3050=EDGE_CURVE('',#3871,#3872,#223,.T.);
#3051=EDGE_CURVE('',#3872,#3873,#224,.T.);
#3052=EDGE_CURVE('',#3873,#3874,#225,.T.);
#3053=EDGE_CURVE('',#3874,#3867,#226,.T.);
#3054=EDGE_CURVE('',#3875,#3876,#4289,.T.);
#3055=EDGE_CURVE('',#3876,#3877,#4290,.T.);
#3056=EDGE_CURVE('',#3878,#3877,#1155,.T.);
#3057=EDGE_CURVE('',#3878,#3879,#4291,.T.);
#3058=EDGE_CURVE('',#3879,#3880,#4292,.T.);
#3059=EDGE_CURVE('',#3880,#3881,#4293,.T.);
#3060=EDGE_CURVE('',#3882,#3881,#1156,.T.);
#3061=EDGE_CURVE('',#3882,#3875,#4294,.T.);
#3062=EDGE_CURVE('',#3883,#3884,#4295,.T.);
#3063=EDGE_CURVE('',#3884,#3885,#4296,.T.);
#3064=EDGE_CURVE('',#3885,#3886,#4297,.T.);
#3065=EDGE_CURVE('',#3886,#3887,#227,.T.);
#3066=EDGE_CURVE('',#3887,#3888,#228,.T.);
#3067=EDGE_CURVE('',#3888,#3889,#229,.T.);
#3068=EDGE_CURVE('',#3889,#3890,#230,.T.);
#3069=EDGE_CURVE('',#3890,#3883,#231,.T.);
#3070=EDGE_CURVE('',#3891,#3892,#232,.T.);
#3071=EDGE_CURVE('',#3892,#3893,#233,.T.);
#3072=EDGE_CURVE('',#3893,#3894,#234,.T.);
#3073=EDGE_CURVE('',#3894,#3895,#235,.T.);
#3074=EDGE_CURVE('',#3895,#3896,#236,.T.);
#3075=EDGE_CURVE('',#3896,#3897,#237,.T.);
#3076=EDGE_CURVE('',#3897,#3898,#238,.T.);
#3077=EDGE_CURVE('',#3898,#3899,#239,.T.);
#3078=EDGE_CURVE('',#3899,#3900,#240,.T.);
#3079=EDGE_CURVE('',#3900,#3901,#241,.T.);
#3080=EDGE_CURVE('',#3901,#3902,#242,.T.);
#3081=EDGE_CURVE('',#3902,#3891,#243,.T.);
#3082=EDGE_CURVE('',#3903,#3904,#244,.T.);
#3083=EDGE_CURVE('',#3904,#3905,#245,.T.);
#3084=EDGE_CURVE('',#3905,#3906,#246,.T.);
#3085=EDGE_CURVE('',#3906,#3907,#247,.T.);
#3086=EDGE_CURVE('',#3907,#3908,#1157,.F.);
#3087=EDGE_CURVE('',#3908,#3909,#248,.T.);
#3088=EDGE_CURVE('',#3909,#3910,#249,.T.);
#3089=EDGE_CURVE('',#3910,#3911,#250,.T.);
#3090=EDGE_CURVE('',#3911,#3912,#251,.T.);
#3091=EDGE_CURVE('',#3912,#3913,#252,.T.);
#3092=EDGE_CURVE('',#3913,#3914,#253,.T.);
#3093=EDGE_CURVE('',#3914,#3915,#1158,.F.);
#3094=EDGE_CURVE('',#3915,#3916,#1159,.F.);
#3095=EDGE_CURVE('',#3916,#3917,#254,.T.);
#3096=EDGE_CURVE('',#3917,#3903,#255,.T.);
#3097=EDGE_CURVE('',#3918,#3919,#256,.T.);
#3098=EDGE_CURVE('',#3919,#3920,#257,.T.);
#3099=EDGE_CURVE('',#3920,#3921,#258,.T.);
#3100=EDGE_CURVE('',#3921,#3922,#259,.T.);
#3101=EDGE_CURVE('',#3922,#3923,#1160,.F.);
#3102=EDGE_CURVE('',#3923,#3924,#260,.T.);
#3103=EDGE_CURVE('',#3924,#3925,#261,.T.);
#3104=EDGE_CURVE('',#3925,#3926,#262,.T.);
#3105=EDGE_CURVE('',#3926,#3927,#263,.T.);
#3106=EDGE_CURVE('',#3927,#3928,#264,.T.);
#3107=EDGE_CURVE('',#3928,#3929,#265,.T.);
#3108=EDGE_CURVE('',#3929,#3930,#1161,.F.);
#3109=EDGE_CURVE('',#3930,#3931,#1162,.F.);
#3110=EDGE_CURVE('',#3931,#3932,#266,.T.);
#3111=EDGE_CURVE('',#3932,#3918,#267,.T.);
#3112=EDGE_CURVE('',#3933,#3934,#268,.T.);
#3113=EDGE_CURVE('',#3934,#3935,#269,.T.);
#3114=EDGE_CURVE('',#3935,#3936,#270,.T.);
#3115=EDGE_CURVE('',#3936,#3937,#271,.T.);
#3116=EDGE_CURVE('',#3937,#3938,#272,.T.);
#3117=EDGE_CURVE('',#3938,#3939,#4298,.T.);
#3118=EDGE_CURVE('',#3939,#3940,#4299,.T.);
#3119=EDGE_CURVE('',#3940,#3941,#4300,.T.);
#3120=EDGE_CURVE('',#3941,#3942,#273,.T.);
#3121=EDGE_CURVE('',#3942,#3943,#274,.T.);
#3122=EDGE_CURVE('',#3943,#3933,#275,.T.);
#3123=EDGE_CURVE('',#3944,#3945,#4301,.T.);
#3124=EDGE_CURVE('',#3945,#3946,#4302,.T.);
#3125=EDGE_CURVE('',#3946,#3947,#4303,.T.);
#3126=EDGE_CURVE('',#3947,#3948,#4304,.T.);
#3127=EDGE_CURVE('',#3948,#3949,#276,.T.);
#3128=EDGE_CURVE('',#3949,#3950,#1163,.T.);
#3129=EDGE_CURVE('',#3950,#3951,#1164,.T.);
#3130=EDGE_CURVE('',#3951,#3952,#4305,.T.);
#3131=EDGE_CURVE('',#3952,#3953,#4306,.T.);
#3132=EDGE_CURVE('',#3953,#3954,#4307,.T.);
#3133=EDGE_CURVE('',#3954,#3955,#4308,.T.);
#3134=EDGE_CURVE('',#3955,#3956,#4309,.T.);
#3135=EDGE_CURVE('',#3956,#3957,#4310,.T.);
#3136=EDGE_CURVE('',#3957,#3958,#4311,.T.);
#3137=EDGE_CURVE('',#3958,#3959,#4312,.T.);
#3138=EDGE_CURVE('',#3959,#3960,#4313,.T.);
#3139=EDGE_CURVE('',#3960,#3961,#1165,.F.);
#3140=EDGE_CURVE('',#3961,#3962,#277,.T.);
#3141=EDGE_CURVE('',#3962,#3963,#4314,.T.);
#3142=EDGE_CURVE('',#3963,#3964,#4315,.T.);
#3143=EDGE_CURVE('',#3964,#3965,#4316,.T.);
#3144=EDGE_CURVE('',#3965,#3966,#4317,.T.);
#3145=EDGE_CURVE('',#3966,#3967,#4318,.T.);
#3146=EDGE_CURVE('',#3967,#3968,#4319,.T.);
#3147=EDGE_CURVE('',#3968,#3944,#4320,.T.);
#3148=EDGE_CURVE('',#3969,#3970,#278,.T.);
#3149=EDGE_CURVE('',#3969,#3881,#4321,.T.);
#3150=EDGE_CURVE('',#3881,#3971,#4322,.T.);
#3151=EDGE_CURVE('',#3971,#3972,#4323,.T.);
#3152=EDGE_CURVE('',#3972,#3970,#4324,.T.);
#3153=EDGE_CURVE('',#3973,#3974,#279,.T.);
#3154=EDGE_CURVE('',#3973,#3877,#4325,.T.);
#3155=EDGE_CURVE('',#3877,#3975,#4326,.T.);
#3156=EDGE_CURVE('',#3975,#3976,#4327,.T.);
#3157=EDGE_CURVE('',#3976,#3974,#4328,.T.);
#3158=EDGE_CURVE('',#3977,#3976,#1166,.T.);
#3159=EDGE_CURVE('',#3976,#3978,#4329,.T.);
#3160=EDGE_CURVE('',#3978,#3979,#4330,.T.);
#3161=EDGE_CURVE('',#3979,#3980,#4331,.T.);
#3162=EDGE_CURVE('',#3980,#3972,#1167,.T.);
#3163=EDGE_CURVE('',#3972,#3981,#4332,.T.);
#3164=EDGE_CURVE('',#3981,#3982,#4333,.T.);
#3165=EDGE_CURVE('',#3982,#3977,#4334,.T.);
#3166=EDGE_CURVE('',#3983,#3878,#4335,.T.);
#3167=EDGE_CURVE('',#3878,#3984,#4336,.T.);
#3168=EDGE_CURVE('',#3984,#3985,#280,.T.);
#3169=EDGE_CURVE('',#3985,#3977,#4337,.T.);
#3170=EDGE_CURVE('',#3977,#3983,#4338,.T.);
#3171=EDGE_CURVE('',#3986,#3987,#281,.T.);
#3172=EDGE_CURVE('',#3986,#3973,#4339,.T.);
#3173=EDGE_CURVE('',#3974,#3987,#4340,.T.);
#3174=EDGE_CURVE('',#3988,#3989,#282,.T.);
#3175=EDGE_CURVE('',#3988,#3986,#4341,.T.);
#3176=EDGE_CURVE('',#3987,#3989,#4342,.T.);
#3177=EDGE_CURVE('',#3984,#3988,#4343,.T.);
#3178=EDGE_CURVE('',#3989,#3985,#4344,.T.);
#3179=EDGE_CURVE('',#3990,#3991,#4345,.T.);
#3180=EDGE_CURVE('',#3991,#3992,#4346,.T.);
#3181=EDGE_CURVE('',#3992,#3993,#4347,.T.);
#3182=EDGE_CURVE('',#3993,#3990,#4348,.T.);
#3183=EDGE_CURVE('',#3994,#3995,#4349,.T.);
#3184=EDGE_CURVE('',#3995,#3996,#4350,.T.);
#3185=EDGE_CURVE('',#3996,#3997,#4351,.T.);
#3186=EDGE_CURVE('',#3997,#3994,#4352,.T.);
#3187=EDGE_CURVE('',#3998,#3882,#4353,.T.);
#3188=EDGE_CURVE('',#3882,#3999,#4354,.T.);
#3189=EDGE_CURVE('',#3999,#4000,#283,.T.);
#3190=EDGE_CURVE('',#4000,#3980,#4355,.T.);
#3191=EDGE_CURVE('',#3980,#3998,#4356,.T.);
#3192=EDGE_CURVE('',#4001,#4002,#284,.T.);
#3193=EDGE_CURVE('',#4001,#3969,#4357,.T.);
#3194=EDGE_CURVE('',#3970,#4002,#4358,.T.);
#3195=EDGE_CURVE('',#4003,#4004,#285,.T.);
#3196=EDGE_CURVE('',#4003,#4001,#4359,.T.);
#3197=EDGE_CURVE('',#4002,#4004,#4360,.T.);
#3198=EDGE_CURVE('',#3999,#4003,#4361,.T.);
#3199=EDGE_CURVE('',#4004,#4000,#4362,.T.);
#3200=EDGE_CURVE('',#4005,#4006,#4363,.T.);
#3201=EDGE_CURVE('',#4006,#4007,#4364,.T.);
#3202=EDGE_CURVE('',#4007,#4008,#4365,.T.);
#3203=EDGE_CURVE('',#4008,#4005,#4366,.T.);
#3204=EDGE_CURVE('',#4009,#3979,#4367,.T.);
#3205=EDGE_CURVE('',#3998,#4009,#4368,.F.);
#3206=EDGE_CURVE('',#4010,#3978,#4369,.F.);
#3207=EDGE_CURVE('',#4009,#4010,#4370,.F.);
#3208=EDGE_CURVE('',#3875,#4009,#4371,.T.);
#3209=EDGE_CURVE('',#4010,#3975,#4372,.F.);
#3210=EDGE_CURVE('',#3876,#4010,#4373,.F.);
#3211=EDGE_CURVE('',#4011,#3971,#4374,.F.);
#3212=EDGE_CURVE('',#3981,#4011,#4375,.T.);
#3213=EDGE_CURVE('',#4011,#3880,#4376,.T.);
#3214=EDGE_CURVE('',#4012,#4011,#4377,.F.);
#3215=EDGE_CURVE('',#3982,#4012,#4378,.F.);
#3216=EDGE_CURVE('',#4012,#3879,#4379,.F.);
#3217=EDGE_CURVE('',#3983,#4012,#4380,.F.);
#3218=EDGE_CURVE('',#3990,#3984,#4381,.F.);
#3219=EDGE_CURVE('',#3988,#3993,#4382,.F.);
#3220=EDGE_CURVE('',#3986,#3992,#4383,.T.);
#3221=EDGE_CURVE('',#3991,#3973,#4384,.T.);
#3222=EDGE_CURVE('',#3985,#3997,#4385,.F.);
#3223=EDGE_CURVE('',#3994,#3989,#4386,.F.);
#3224=EDGE_CURVE('',#3995,#3987,#4387,.T.);
#3225=EDGE_CURVE('',#3974,#3996,#4388,.T.);
#3226=EDGE_CURVE('',#3969,#3738,#4389,.F.);
#3227=EDGE_CURVE('',#3735,#4001,#4390,.F.);
#3228=EDGE_CURVE('',#3736,#4003,#4391,.T.);
#3229=EDGE_CURVE('',#3999,#3737,#4392,.T.);
#3230=EDGE_CURVE('',#4005,#3970,#4393,.F.);
#3231=EDGE_CURVE('',#4002,#4008,#4394,.F.);
#3232=EDGE_CURVE('',#4004,#4007,#4395,.T.);
#3233=EDGE_CURVE('',#4006,#4000,#4396,.T.);
#3234=EDGE_CURVE('',#4013,#4014,#286,.T.);
#3235=EDGE_CURVE('',#4015,#4013,#287,.T.);
#3236=EDGE_CURVE('',#4015,#4016,#288,.T.);
#3237=EDGE_CURVE('',#4016,#4014,#289,.T.);
#3238=EDGE_CURVE('',#4017,#4013,#290,.T.);
#3239=EDGE_CURVE('',#4018,#4017,#291,.T.);
#3240=EDGE_CURVE('',#4018,#4015,#292,.T.);
#3241=EDGE_CURVE('',#4019,#4017,#293,.T.);
#3242=EDGE_CURVE('',#4020,#4019,#294,.T.);
#3243=EDGE_CURVE('',#4020,#4018,#295,.T.);
#3244=EDGE_CURVE('',#4021,#4019,#4397,.T.);
#3245=EDGE_CURVE('',#4022,#4021,#296,.T.);
#3246=EDGE_CURVE('',#4022,#4020,#4398,.T.);
#3247=EDGE_CURVE('',#4023,#4021,#4399,.T.);
#3248=EDGE_CURVE('',#4024,#4023,#297,.T.);
#3249=EDGE_CURVE('',#4024,#4022,#4400,.T.);
#3250=EDGE_CURVE('',#4025,#4023,#4401,.T.);
#3251=EDGE_CURVE('',#4026,#4025,#298,.T.);
#3252=EDGE_CURVE('',#4026,#4024,#4402,.T.);
#3253=EDGE_CURVE('',#4027,#3884,#299,.T.);
#3254=EDGE_CURVE('',#4027,#4028,#4403,.T.);
#3255=EDGE_CURVE('',#4028,#3885,#300,.T.);
#3256=EDGE_CURVE('',#4029,#3883,#301,.T.);
#3257=EDGE_CURVE('',#4029,#4027,#4404,.T.);
#3258=EDGE_CURVE('',#4030,#3890,#302,.T.);
#3259=EDGE_CURVE('',#4030,#4029,#303,.T.);
#3260=EDGE_CURVE('',#4031,#3889,#304,.T.);
#3261=EDGE_CURVE('',#4031,#4030,#305,.T.);
#3262=EDGE_CURVE('',#4032,#3888,#306,.T.);
#3263=EDGE_CURVE('',#4032,#4031,#307,.T.);
#3264=EDGE_CURVE('',#4033,#3887,#308,.T.);
#3265=EDGE_CURVE('',#4033,#4032,#309,.T.);
#3266=EDGE_CURVE('',#4034,#3886,#310,.T.);
#3267=EDGE_CURVE('',#4034,#4033,#311,.T.);
#3268=EDGE_CURVE('',#4028,#4034,#4405,.T.);
#3269=EDGE_CURVE('',#4014,#4025,#4406,.T.);
#3270=EDGE_CURVE('',#4016,#4026,#4407,.T.);
#3271=EDGE_CURVE('',#4035,#3892,#312,.T.);
#3272=EDGE_CURVE('',#4035,#4036,#313,.T.);
#3273=EDGE_CURVE('',#4036,#3893,#314,.T.);
#3274=EDGE_CURVE('',#4037,#3891,#315,.T.);
#3275=EDGE_CURVE('',#4037,#4035,#316,.T.);
#3276=EDGE_CURVE('',#4038,#3902,#317,.T.);
#3277=EDGE_CURVE('',#4038,#4037,#318,.T.);
#3278=EDGE_CURVE('',#4039,#3901,#319,.T.);
#3279=EDGE_CURVE('',#4039,#4038,#320,.T.);
#3280=EDGE_CURVE('',#4040,#3900,#321,.T.);
#3281=EDGE_CURVE('',#4040,#4039,#322,.T.);
#3282=EDGE_CURVE('',#4041,#3899,#323,.T.);
#3283=EDGE_CURVE('',#4041,#4040,#324,.T.);
#3284=EDGE_CURVE('',#4042,#3898,#325,.T.);
#3285=EDGE_CURVE('',#4042,#4041,#326,.T.);
#3286=EDGE_CURVE('',#4043,#3897,#327,.T.);
#3287=EDGE_CURVE('',#4043,#4042,#328,.T.);
#3288=EDGE_CURVE('',#4044,#3896,#329,.T.);
#3289=EDGE_CURVE('',#4044,#4043,#330,.T.);
#3290=EDGE_CURVE('',#4045,#3895,#331,.T.);
#3291=EDGE_CURVE('',#4045,#4044,#332,.T.);
#3292=EDGE_CURVE('',#4046,#3894,#333,.T.);
#3293=EDGE_CURVE('',#4046,#4045,#334,.T.);
#3294=EDGE_CURVE('',#4036,#4046,#335,.T.);
#3295=EDGE_CURVE('',#4047,#3904,#336,.T.);
#3296=EDGE_CURVE('',#4047,#4048,#337,.T.);
#3297=EDGE_CURVE('',#4048,#3905,#338,.T.);
#3298=EDGE_CURVE('',#4049,#3903,#339,.T.);
#3299=EDGE_CURVE('',#4049,#4047,#340,.T.);
#3300=EDGE_CURVE('',#4050,#3917,#341,.T.);
#3301=EDGE_CURVE('',#4050,#4049,#342,.T.);
#3302=EDGE_CURVE('',#4051,#3916,#343,.T.);
#3303=EDGE_CURVE('',#4051,#4050,#344,.T.);
#3304=EDGE_CURVE('',#4052,#3915,#345,.T.);
#3305=EDGE_CURVE('',#4052,#4051,#1168,.F.);
#3306=EDGE_CURVE('',#4053,#3914,#346,.T.);
#3307=EDGE_CURVE('',#4053,#4052,#1169,.F.);
#3308=EDGE_CURVE('',#4054,#3913,#347,.T.);
#3309=EDGE_CURVE('',#4054,#4053,#348,.T.);
#3310=EDGE_CURVE('',#4055,#3912,#349,.T.);
#3311=EDGE_CURVE('',#4055,#4054,#350,.T.);
#3312=EDGE_CURVE('',#4056,#3911,#351,.T.);
#3313=EDGE_CURVE('',#4056,#4055,#352,.T.);
#3314=EDGE_CURVE('',#4057,#3910,#353,.T.);
#3315=EDGE_CURVE('',#4057,#4056,#354,.T.);
#3316=EDGE_CURVE('',#4058,#3909,#355,.T.);
#3317=EDGE_CURVE('',#4058,#4057,#356,.T.);
#3318=EDGE_CURVE('',#4059,#3908,#357,.T.);
#3319=EDGE_CURVE('',#4059,#4058,#358,.T.);
#3320=EDGE_CURVE('',#4060,#3907,#359,.T.);
#3321=EDGE_CURVE('',#4060,#4059,#1170,.F.);
#3322=EDGE_CURVE('',#4061,#3906,#360,.T.);
#3323=EDGE_CURVE('',#4061,#4060,#361,.T.);
#3324=EDGE_CURVE('',#4048,#4061,#362,.T.);
#3325=EDGE_CURVE('',#4062,#3919,#363,.T.);
#3326=EDGE_CURVE('',#4062,#4063,#364,.T.);
#3327=EDGE_CURVE('',#4063,#3920,#365,.T.);
#3328=EDGE_CURVE('',#4064,#3918,#366,.T.);
#3329=EDGE_CURVE('',#4064,#4062,#367,.T.);
#3330=EDGE_CURVE('',#4065,#3932,#368,.T.);
#3331=EDGE_CURVE('',#4065,#4064,#369,.T.);
#3332=EDGE_CURVE('',#4066,#3931,#370,.T.);
#3333=EDGE_CURVE('',#4066,#4065,#371,.T.);
#3334=EDGE_CURVE('',#4067,#3930,#372,.T.);
#3335=EDGE_CURVE('',#4067,#4066,#1171,.F.);
#3336=EDGE_CURVE('',#4068,#3929,#373,.T.);
#3337=EDGE_CURVE('',#4068,#4067,#1172,.F.);
#3338=EDGE_CURVE('',#4069,#3928,#374,.T.);
#3339=EDGE_CURVE('',#4069,#4068,#375,.T.);
#3340=EDGE_CURVE('',#4070,#3927,#376,.T.);
#3341=EDGE_CURVE('',#4070,#4069,#377,.T.);
#3342=EDGE_CURVE('',#4071,#3926,#378,.T.);
#3343=EDGE_CURVE('',#4071,#4070,#379,.T.);
#3344=EDGE_CURVE('',#4072,#3925,#380,.T.);
#3345=EDGE_CURVE('',#4072,#4071,#381,.T.);
#3346=EDGE_CURVE('',#4073,#3924,#382,.T.);
#3347=EDGE_CURVE('',#4073,#4072,#383,.T.);
#3348=EDGE_CURVE('',#4074,#3923,#384,.T.);
#3349=EDGE_CURVE('',#4074,#4073,#385,.T.);
#3350=EDGE_CURVE('',#4075,#3922,#386,.T.);
#3351=EDGE_CURVE('',#4075,#4074,#1173,.F.);
#3352=EDGE_CURVE('',#4076,#3921,#387,.T.);
#3353=EDGE_CURVE('',#4076,#4075,#388,.T.);
#3354=EDGE_CURVE('',#4063,#4076,#389,.T.);
#3355=EDGE_CURVE('',#4077,#4078,#390,.T.);
#3356=EDGE_CURVE('',#4079,#4077,#391,.T.);
#3357=EDGE_CURVE('',#4079,#4080,#392,.T.);
#3358=EDGE_CURVE('',#4080,#4078,#393,.T.);
#3359=EDGE_CURVE('',#4081,#4077,#394,.T.);
#3360=EDGE_CURVE('',#4082,#4081,#395,.T.);
#3361=EDGE_CURVE('',#4082,#4079,#396,.T.);
#3362=EDGE_CURVE('',#4083,#4081,#397,.T.);
#3363=EDGE_CURVE('',#4084,#4083,#398,.T.);
#3364=EDGE_CURVE('',#4084,#4082,#399,.T.);
#3365=EDGE_CURVE('',#4085,#4083,#1174,.F.);
#3366=EDGE_CURVE('',#4086,#4085,#400,.T.);
#3367=EDGE_CURVE('',#4086,#4084,#1175,.F.);
#3368=EDGE_CURVE('',#4087,#3868,#401,.T.);
#3369=EDGE_CURVE('',#4087,#4088,#402,.T.);
#3370=EDGE_CURVE('',#4088,#3869,#403,.T.);
#3371=EDGE_CURVE('',#4089,#3867,#404,.T.);
#3372=EDGE_CURVE('',#4089,#4087,#405,.T.);
#3373=EDGE_CURVE('',#4090,#3874,#406,.T.);
#3374=EDGE_CURVE('',#4090,#4089,#407,.T.);
#3375=EDGE_CURVE('',#4091,#3873,#408,.T.);
#3376=EDGE_CURVE('',#4091,#4090,#409,.T.);
#3377=EDGE_CURVE('',#4092,#3872,#410,.T.);
#3378=EDGE_CURVE('',#4092,#4091,#411,.T.);
#3379=EDGE_CURVE('',#4093,#3871,#412,.T.);
#3380=EDGE_CURVE('',#4093,#4092,#413,.T.);
#3381=EDGE_CURVE('',#4094,#3870,#414,.T.);
#3382=EDGE_CURVE('',#4094,#4093,#415,.T.);
#3383=EDGE_CURVE('',#4088,#4094,#416,.T.);
#3384=EDGE_CURVE('',#4078,#4085,#1176,.F.);
#3385=EDGE_CURVE('',#4080,#4086,#1177,.F.);
#3386=EDGE_CURVE('',#4095,#4096,#417,.T.);
#3387=EDGE_CURVE('',#4097,#4095,#418,.T.);
#3388=EDGE_CURVE('',#4097,#4098,#419,.T.);
#3389=EDGE_CURVE('',#4098,#4096,#420,.T.);
#3390=EDGE_CURVE('',#4099,#4095,#421,.T.);
#3391=EDGE_CURVE('',#4100,#4099,#422,.T.);
#3392=EDGE_CURVE('',#4100,#4097,#423,.T.);
#3393=EDGE_CURVE('',#4101,#4099,#424,.T.);
#3394=EDGE_CURVE('',#4102,#4101,#425,.T.);
#3395=EDGE_CURVE('',#4102,#4100,#426,.T.);
#3396=EDGE_CURVE('',#4103,#4101,#4408,.T.);
#3397=EDGE_CURVE('',#4104,#4103,#427,.T.);
#3398=EDGE_CURVE('',#4104,#4102,#4409,.T.);
#3399=EDGE_CURVE('',#4105,#4103,#4410,.T.);
#3400=EDGE_CURVE('',#4106,#4105,#428,.T.);
#3401=EDGE_CURVE('',#4106,#4104,#4411,.T.);
#3402=EDGE_CURVE('',#4107,#4105,#4412,.T.);
#3403=EDGE_CURVE('',#4108,#4107,#429,.T.);
#3404=EDGE_CURVE('',#4108,#4106,#4413,.T.);
#3405=EDGE_CURVE('',#4109,#3934,#430,.T.);
#3406=EDGE_CURVE('',#4109,#4110,#431,.T.);
#3407=EDGE_CURVE('',#4110,#3935,#432,.T.);
#3408=EDGE_CURVE('',#4111,#3933,#433,.T.);
#3409=EDGE_CURVE('',#4111,#4109,#434,.T.);
#3410=EDGE_CURVE('',#4112,#3943,#435,.T.);
#3411=EDGE_CURVE('',#4112,#4111,#436,.T.);
#3412=EDGE_CURVE('',#4113,#3942,#437,.T.);
#3413=EDGE_CURVE('',#4113,#4112,#438,.T.);
#3414=EDGE_CURVE('',#4114,#3941,#439,.T.);
#3415=EDGE_CURVE('',#4114,#4113,#440,.T.);
#3416=EDGE_CURVE('',#4115,#3940,#441,.T.);
#3417=EDGE_CURVE('',#4115,#4114,#4414,.T.);
#3418=EDGE_CURVE('',#4116,#3939,#442,.T.);
#3419=EDGE_CURVE('',#4116,#4115,#4415,.T.);
#3420=EDGE_CURVE('',#4117,#3938,#443,.T.);
#3421=EDGE_CURVE('',#4117,#4116,#4416,.T.);
#3422=EDGE_CURVE('',#4118,#3937,#444,.T.);
#3423=EDGE_CURVE('',#4118,#4117,#445,.T.);
#3424=EDGE_CURVE('',#4119,#3936,#446,.T.);
#3425=EDGE_CURVE('',#4119,#4118,#447,.T.);
#3426=EDGE_CURVE('',#4110,#4119,#448,.T.);
#3427=EDGE_CURVE('',#4096,#4107,#4417,.T.);
#3428=EDGE_CURVE('',#4098,#4108,#4418,.T.);
#3429=EDGE_CURVE('',#4120,#3945,#449,.T.);
#3430=EDGE_CURVE('',#4120,#4121,#4419,.T.);
#3431=EDGE_CURVE('',#4121,#3946,#450,.T.);
#3432=EDGE_CURVE('',#4122,#3944,#451,.T.);
#3433=EDGE_CURVE('',#4122,#4120,#4420,.T.);
#3434=EDGE_CURVE('',#4123,#3968,#452,.T.);
#3435=EDGE_CURVE('',#4123,#4122,#4421,.T.);
#3436=EDGE_CURVE('',#4124,#3967,#453,.T.);
#3437=EDGE_CURVE('',#4124,#4123,#4422,.T.);
#3438=EDGE_CURVE('',#4125,#3966,#454,.T.);
#3439=EDGE_CURVE('',#4125,#4124,#4423,.T.);
#3440=EDGE_CURVE('',#4126,#3965,#455,.T.);
#3441=EDGE_CURVE('',#4126,#4125,#4424,.T.);
#3442=EDGE_CURVE('',#4127,#3964,#456,.T.);
#3443=EDGE_CURVE('',#4127,#4126,#4425,.T.);
#3444=EDGE_CURVE('',#4128,#3963,#457,.T.);
#3445=EDGE_CURVE('',#4128,#4127,#4426,.T.);
#3446=EDGE_CURVE('',#4129,#3962,#458,.T.);
#3447=EDGE_CURVE('',#4129,#4128,#4427,.T.);
#3448=EDGE_CURVE('',#4130,#3961,#459,.T.);
#3449=EDGE_CURVE('',#4130,#4129,#460,.T.);
#3450=EDGE_CURVE('',#4131,#3960,#461,.T.);
#3451=EDGE_CURVE('',#4131,#4130,#1178,.F.);
#3452=EDGE_CURVE('',#4132,#3959,#462,.T.);
#3453=EDGE_CURVE('',#4132,#4131,#4428,.T.);
#3454=EDGE_CURVE('',#4133,#3958,#463,.T.);
#3455=EDGE_CURVE('',#4133,#4132,#4429,.T.);
#3456=EDGE_CURVE('',#4134,#3957,#464,.T.);
#3457=EDGE_CURVE('',#4134,#4133,#4430,.T.);
#3458=EDGE_CURVE('',#4135,#3956,#465,.T.);
#3459=EDGE_CURVE('',#4135,#4134,#4431,.T.);
#3460=EDGE_CURVE('',#4136,#3955,#466,.T.);
#3461=EDGE_CURVE('',#4136,#4135,#4432,.T.);
#3462=EDGE_CURVE('',#4137,#3954,#467,.T.);
#3463=EDGE_CURVE('',#4137,#4136,#4433,.T.);
#3464=EDGE_CURVE('',#4138,#3953,#468,.T.);
#3465=EDGE_CURVE('',#4138,#4137,#4434,.T.);
#3466=EDGE_CURVE('',#4139,#3952,#469,.T.);
#3467=EDGE_CURVE('',#4139,#4138,#4435,.T.);
#3468=EDGE_CURVE('',#4140,#3951,#470,.T.);
#3469=EDGE_CURVE('',#4140,#4139,#4436,.T.);
#3470=EDGE_CURVE('',#4141,#3950,#471,.T.);
#3471=EDGE_CURVE('',#4141,#4140,#1179,.T.);
#3472=EDGE_CURVE('',#4142,#3949,#472,.T.);
#3473=EDGE_CURVE('',#4142,#4141,#1180,.T.);
#3474=EDGE_CURVE('',#4143,#3948,#473,.T.);
#3475=EDGE_CURVE('',#4143,#4142,#474,.T.);
#3476=EDGE_CURVE('',#4144,#3947,#475,.T.);
#3477=EDGE_CURVE('',#4144,#4143,#4437,.T.);
#3478=EDGE_CURVE('',#4121,#4144,#4438,.T.);
#3479=EDGE_CURVE('',#4145,#3740,#476,.T.);
#3480=EDGE_CURVE('',#4145,#4146,#1181,.F.);
#3481=EDGE_CURVE('',#4146,#3741,#477,.T.);
#3482=EDGE_CURVE('',#4147,#3739,#478,.T.);
#3483=EDGE_CURVE('',#4147,#4145,#1182,.F.);
#3484=EDGE_CURVE('',#4148,#3783,#479,.T.);
#3485=EDGE_CURVE('',#4148,#4147,#1183,.F.);
#3486=EDGE_CURVE('',#4149,#3782,#480,.T.);
#3487=EDGE_CURVE('',#4149,#4148,#481,.T.);
#3488=EDGE_CURVE('',#4150,#3781,#482,.T.);
#3489=EDGE_CURVE('',#4150,#4149,#1184,.T.);
#3490=EDGE_CURVE('',#4151,#3780,#483,.T.);
#3491=EDGE_CURVE('',#4151,#4150,#1185,.T.);
#3492=EDGE_CURVE('',#4152,#3779,#484,.T.);
#3493=EDGE_CURVE('',#4152,#4151,#4439,.T.);
#3494=EDGE_CURVE('',#4153,#3778,#485,.T.);
#3495=EDGE_CURVE('',#4153,#4152,#1186,.T.);
#3496=EDGE_CURVE('',#4154,#3777,#486,.T.);
#3497=EDGE_CURVE('',#4154,#4153,#1187,.T.);
#3498=EDGE_CURVE('',#4155,#3776,#487,.T.);
#3499=EDGE_CURVE('',#4155,#4154,#1188,.T.);
#3500=EDGE_CURVE('',#4156,#3775,#488,.T.);
#3501=EDGE_CURVE('',#4156,#4155,#489,.T.);
#3502=EDGE_CURVE('',#4157,#3774,#490,.T.);
#3503=EDGE_CURVE('',#4157,#4156,#1189,.F.);
#3504=EDGE_CURVE('',#4158,#3773,#491,.T.);
#3505=EDGE_CURVE('',#4158,#4157,#1190,.F.);
#3506=EDGE_CURVE('',#4159,#3772,#492,.T.);
#3507=EDGE_CURVE('',#4159,#4158,#1191,.F.);
#3508=EDGE_CURVE('',#4160,#3771,#493,.T.);
#3509=EDGE_CURVE('',#4160,#4159,#1192,.F.);
#3510=EDGE_CURVE('',#4161,#3770,#494,.T.);
#3511=EDGE_CURVE('',#4161,#4160,#1193,.F.);
#3512=EDGE_CURVE('',#4162,#3769,#495,.T.);
#3513=EDGE_CURVE('',#4162,#4161,#496,.T.);
#3514=EDGE_CURVE('',#4163,#3768,#497,.T.);
#3515=EDGE_CURVE('',#4163,#4162,#1194,.T.);
#3516=EDGE_CURVE('',#4164,#3767,#498,.T.);
#3517=EDGE_CURVE('',#4164,#4163,#1195,.T.);
#3518=EDGE_CURVE('',#4165,#3766,#499,.T.);
#3519=EDGE_CURVE('',#4165,#4164,#1196,.T.);
#3520=EDGE_CURVE('',#4166,#3765,#500,.T.);
#3521=EDGE_CURVE('',#4166,#4165,#1197,.T.);
#3522=EDGE_CURVE('',#4167,#3764,#501,.T.);
#3523=EDGE_CURVE('',#4167,#4166,#1198,.T.);
#3524=EDGE_CURVE('',#4168,#3763,#502,.T.);
#3525=EDGE_CURVE('',#4168,#4167,#1199,.T.);
#3526=EDGE_CURVE('',#4169,#3762,#503,.T.);
#3527=EDGE_CURVE('',#4169,#4168,#504,.T.);
#3528=EDGE_CURVE('',#4170,#3761,#505,.T.);
#3529=EDGE_CURVE('',#4170,#4169,#1200,.F.);
#3530=EDGE_CURVE('',#4171,#3760,#506,.T.);
#3531=EDGE_CURVE('',#4171,#4170,#1201,.F.);
#3532=EDGE_CURVE('',#4172,#3759,#507,.T.);
#3533=EDGE_CURVE('',#4172,#4171,#1202,.F.);
#3534=EDGE_CURVE('',#4173,#3758,#508,.T.);
#3535=EDGE_CURVE('',#4173,#4172,#1203,.F.);
#3536=EDGE_CURVE('',#4174,#3757,#509,.T.);
#3537=EDGE_CURVE('',#4174,#4173,#1204,.F.);
#3538=EDGE_CURVE('',#4175,#3756,#510,.T.);
#3539=EDGE_CURVE('',#4175,#4174,#511,.T.);
#3540=EDGE_CURVE('',#4176,#3755,#512,.T.);
#3541=EDGE_CURVE('',#4176,#4175,#1205,.F.);
#3542=EDGE_CURVE('',#4177,#3754,#513,.T.);
#3543=EDGE_CURVE('',#4177,#4176,#4440,.T.);
#3544=EDGE_CURVE('',#4178,#3753,#514,.T.);
#3545=EDGE_CURVE('',#4178,#4177,#4441,.T.);
#3546=EDGE_CURVE('',#4179,#3752,#515,.T.);
#3547=EDGE_CURVE('',#4179,#4178,#4442,.T.);
#3548=EDGE_CURVE('',#4180,#3751,#516,.T.);
#3549=EDGE_CURVE('',#4180,#4179,#4443,.T.);
#3550=EDGE_CURVE('',#4181,#3750,#517,.T.);
#3551=EDGE_CURVE('',#4181,#4180,#1206,.F.);
#3552=EDGE_CURVE('',#4182,#3749,#518,.T.);
#3553=EDGE_CURVE('',#4182,#4181,#4444,.T.);
#3554=EDGE_CURVE('',#4183,#3748,#519,.T.);
#3555=EDGE_CURVE('',#4183,#4182,#520,.T.);
#3556=EDGE_CURVE('',#4184,#3747,#521,.T.);
#3557=EDGE_CURVE('',#4184,#4183,#1207,.F.);
#3558=EDGE_CURVE('',#4185,#3746,#522,.T.);
#3559=EDGE_CURVE('',#4185,#4184,#1208,.F.);
#3560=EDGE_CURVE('',#4186,#3745,#523,.T.);
#3561=EDGE_CURVE('',#4186,#4185,#1209,.F.);
#3562=EDGE_CURVE('',#4187,#3744,#524,.T.);
#3563=EDGE_CURVE('',#4187,#4186,#1210,.F.);
#3564=EDGE_CURVE('',#4188,#3743,#525,.T.);
#3565=EDGE_CURVE('',#4188,#4187,#526,.T.);
#3566=EDGE_CURVE('',#4189,#3742,#527,.T.);
#3567=EDGE_CURVE('',#4189,#4188,#1211,.F.);
#3568=EDGE_CURVE('',#4146,#4189,#1212,.F.);
#3569=EDGE_CURVE('',#4190,#3785,#528,.T.);
#3570=EDGE_CURVE('',#4190,#4191,#1213,.F.);
#3571=EDGE_CURVE('',#4191,#3786,#529,.T.);
#3572=EDGE_CURVE('',#4192,#3784,#530,.T.);
#3573=EDGE_CURVE('',#4192,#4190,#1214,.F.);
#3574=EDGE_CURVE('',#4193,#3798,#531,.T.);
#3575=EDGE_CURVE('',#4193,#4192,#532,.T.);
#3576=EDGE_CURVE('',#4194,#3797,#533,.T.);
#3577=EDGE_CURVE('',#4194,#4193,#1215,.F.);
#3578=EDGE_CURVE('',#4195,#3796,#534,.T.);
#3579=EDGE_CURVE('',#4195,#4194,#1216,.F.);
#3580=EDGE_CURVE('',#4196,#3795,#535,.T.);
#3581=EDGE_CURVE('',#4196,#4195,#1217,.F.);
#3582=EDGE_CURVE('',#4197,#3794,#536,.T.);
#3583=EDGE_CURVE('',#4197,#4196,#537,.T.);
#3584=EDGE_CURVE('',#4198,#3793,#538,.T.);
#3585=EDGE_CURVE('',#4198,#4197,#1218,.F.);
#3586=EDGE_CURVE('',#4199,#3792,#539,.T.);
#3587=EDGE_CURVE('',#4199,#4198,#1219,.F.);
#3588=EDGE_CURVE('',#4200,#3791,#540,.T.);
#3589=EDGE_CURVE('',#4200,#4199,#1220,.F.);
#3590=EDGE_CURVE('',#4201,#3790,#541,.T.);
#3591=EDGE_CURVE('',#4201,#4200,#1221,.F.);
#3592=EDGE_CURVE('',#4202,#3789,#542,.T.);
#3593=EDGE_CURVE('',#4202,#4201,#543,.T.);
#3594=EDGE_CURVE('',#4203,#3788,#544,.T.);
#3595=EDGE_CURVE('',#4203,#4202,#545,.T.);
#3596=EDGE_CURVE('',#4204,#3787,#546,.T.);
#3597=EDGE_CURVE('',#4204,#4203,#1222,.F.);
#3598=EDGE_CURVE('',#4191,#4204,#1223,.F.);
#3599=EDGE_CURVE('',#4205,#3800,#547,.T.);
#3600=EDGE_CURVE('',#4205,#4206,#1224,.F.);
#3601=EDGE_CURVE('',#4206,#3801,#548,.T.);
#3602=EDGE_CURVE('',#4207,#3799,#549,.T.);
#3603=EDGE_CURVE('',#4207,#4205,#1225,.F.);
#3604=EDGE_CURVE('',#4208,#3843,#550,.T.);
#3605=EDGE_CURVE('',#4208,#4207,#1226,.F.);
#3606=EDGE_CURVE('',#4209,#3842,#551,.T.);
#3607=EDGE_CURVE('',#4209,#4208,#552,.T.);
#3608=EDGE_CURVE('',#4210,#3841,#553,.T.);
#3609=EDGE_CURVE('',#4210,#4209,#1227,.T.);
#3610=EDGE_CURVE('',#4211,#3840,#554,.T.);
#3611=EDGE_CURVE('',#4211,#4210,#1228,.T.);
#3612=EDGE_CURVE('',#4212,#3839,#555,.T.);
#3613=EDGE_CURVE('',#4212,#4211,#4445,.T.);
#3614=EDGE_CURVE('',#4213,#3838,#556,.T.);
#3615=EDGE_CURVE('',#4213,#4212,#1229,.T.);
#3616=EDGE_CURVE('',#4214,#3837,#557,.T.);
#3617=EDGE_CURVE('',#4214,#4213,#1230,.T.);
#3618=EDGE_CURVE('',#4215,#3836,#558,.T.);
#3619=EDGE_CURVE('',#4215,#4214,#1231,.T.);
#3620=EDGE_CURVE('',#4216,#3835,#559,.T.);
#3621=EDGE_CURVE('',#4216,#4215,#560,.T.);
#3622=EDGE_CURVE('',#4217,#3834,#561,.T.);
#3623=EDGE_CURVE('',#4217,#4216,#1232,.F.);
#3624=EDGE_CURVE('',#4218,#3833,#562,.T.);
#3625=EDGE_CURVE('',#4218,#4217,#1233,.F.);
#3626=EDGE_CURVE('',#4219,#3832,#563,.T.);
#3627=EDGE_CURVE('',#4219,#4218,#1234,.F.);
#3628=EDGE_CURVE('',#4220,#3831,#564,.T.);
#3629=EDGE_CURVE('',#4220,#4219,#1235,.F.);
#3630=EDGE_CURVE('',#4221,#3830,#565,.T.);
#3631=EDGE_CURVE('',#4221,#4220,#1236,.F.);
#3632=EDGE_CURVE('',#4222,#3829,#566,.T.);
#3633=EDGE_CURVE('',#4222,#4221,#567,.T.);
#3634=EDGE_CURVE('',#4223,#3828,#568,.T.);
#3635=EDGE_CURVE('',#4223,#4222,#1237,.T.);
#3636=EDGE_CURVE('',#4224,#3827,#569,.T.);
#3637=EDGE_CURVE('',#4224,#4223,#1238,.T.);
#3638=EDGE_CURVE('',#4225,#3826,#570,.T.);
#3639=EDGE_CURVE('',#4225,#4224,#1239,.T.);
#3640=EDGE_CURVE('',#4226,#3825,#571,.T.);
#3641=EDGE_CURVE('',#4226,#4225,#1240,.T.);
#3642=EDGE_CURVE('',#4227,#3824,#572,.T.);
#3643=EDGE_CURVE('',#4227,#4226,#1241,.T.);
#3644=EDGE_CURVE('',#4228,#3823,#573,.T.);
#3645=EDGE_CURVE('',#4228,#4227,#1242,.T.);
#3646=EDGE_CURVE('',#4229,#3822,#574,.T.);
#3647=EDGE_CURVE('',#4229,#4228,#575,.T.);
#3648=EDGE_CURVE('',#4230,#3821,#576,.T.);
#3649=EDGE_CURVE('',#4230,#4229,#1243,.F.);
#3650=EDGE_CURVE('',#4231,#3820,#577,.T.);
#3651=EDGE_CURVE('',#4231,#4230,#1244,.F.);
#3652=EDGE_CURVE('',#4232,#3819,#578,.T.);
#3653=EDGE_CURVE('',#4232,#4231,#1245,.F.);
#3654=EDGE_CURVE('',#4233,#3818,#579,.T.);
#3655=EDGE_CURVE('',#4233,#4232,#1246,.F.);
#3656=EDGE_CURVE('',#4234,#3817,#580,.T.);
#3657=EDGE_CURVE('',#4234,#4233,#1247,.F.);
#3658=EDGE_CURVE('',#4235,#3816,#581,.T.);
#3659=EDGE_CURVE('',#4235,#4234,#582,.T.);
#3660=EDGE_CURVE('',#4236,#3815,#583,.T.);
#3661=EDGE_CURVE('',#4236,#4235,#1248,.F.);
#3662=EDGE_CURVE('',#4237,#3814,#584,.T.);
#3663=EDGE_CURVE('',#4237,#4236,#4446,.T.);
#3664=EDGE_CURVE('',#4238,#3813,#585,.T.);
#3665=EDGE_CURVE('',#4238,#4237,#4447,.T.);
#3666=EDGE_CURVE('',#4239,#3812,#586,.T.);
#3667=EDGE_CURVE('',#4239,#4238,#4448,.T.);
#3668=EDGE_CURVE('',#4240,#3811,#587,.T.);
#3669=EDGE_CURVE('',#4240,#4239,#4449,.T.);
#3670=EDGE_CURVE('',#4241,#3810,#588,.T.);
#3671=EDGE_CURVE('',#4241,#4240,#1249,.F.);
#3672=EDGE_CURVE('',#4242,#3809,#589,.T.);
#3673=EDGE_CURVE('',#4242,#4241,#4450,.T.);
#3674=EDGE_CURVE('',#4243,#3808,#590,.T.);
#3675=EDGE_CURVE('',#4243,#4242,#591,.T.);
#3676=EDGE_CURVE('',#4244,#3807,#592,.T.);
#3677=EDGE_CURVE('',#4244,#4243,#1250,.F.);
#3678=EDGE_CURVE('',#4245,#3806,#593,.T.);
#3679=EDGE_CURVE('',#4245,#4244,#1251,.F.);
#3680=EDGE_CURVE('',#4246,#3805,#594,.T.);
#3681=EDGE_CURVE('',#4246,#4245,#1252,.F.);
#3682=EDGE_CURVE('',#4247,#3804,#595,.T.);
#3683=EDGE_CURVE('',#4247,#4246,#1253,.F.);
#3684=EDGE_CURVE('',#4248,#3803,#596,.T.);
#3685=EDGE_CURVE('',#4248,#4247,#597,.T.);
#3686=EDGE_CURVE('',#4249,#3802,#598,.T.);
#3687=EDGE_CURVE('',#4249,#4248,#1254,.F.);
#3688=EDGE_CURVE('',#4206,#4249,#1255,.F.);
#3689=EDGE_CURVE('',#4250,#3845,#599,.T.);
#3690=EDGE_CURVE('',#4250,#4251,#1256,.F.);
#3691=EDGE_CURVE('',#4251,#3846,#600,.T.);
#3692=EDGE_CURVE('',#4252,#3844,#601,.T.);
#3693=EDGE_CURVE('',#4252,#4250,#602,.T.);
#3694=EDGE_CURVE('',#4253,#3866,#603,.T.);
#3695=EDGE_CURVE('',#4253,#4252,#1257,.F.);
#3696=EDGE_CURVE('',#4254,#3865,#604,.T.);
#3697=EDGE_CURVE('',#4254,#4253,#1258,.F.);
#3698=EDGE_CURVE('',#4255,#3864,#605,.T.);
#3699=EDGE_CURVE('',#4255,#4254,#1259,.F.);
#3700=EDGE_CURVE('',#4256,#3863,#606,.T.);
#3701=EDGE_CURVE('',#4256,#4255,#1260,.F.);
#3702=EDGE_CURVE('',#4257,#3862,#607,.T.);
#3703=EDGE_CURVE('',#4257,#4256,#608,.T.);
#3704=EDGE_CURVE('',#4258,#3861,#609,.T.);
#3705=EDGE_CURVE('',#4258,#4257,#610,.T.);
#3706=EDGE_CURVE('',#4259,#3860,#611,.T.);
#3707=EDGE_CURVE('',#4259,#4258,#1261,.F.);
#3708=EDGE_CURVE('',#4260,#3859,#612,.T.);
#3709=EDGE_CURVE('',#4260,#4259,#1262,.F.);
#3710=EDGE_CURVE('',#4261,#3858,#613,.T.);
#3711=EDGE_CURVE('',#4261,#4260,#1263,.F.);
#3712=EDGE_CURVE('',#4262,#3857,#614,.T.);
#3713=EDGE_CURVE('',#4262,#4261,#615,.T.);
#3714=EDGE_CURVE('',#4263,#3856,#616,.T.);
#3715=EDGE_CURVE('',#4263,#4262,#1264,.F.);
#3716=EDGE_CURVE('',#4264,#3855,#617,.T.);
#3717=EDGE_CURVE('',#4264,#4263,#1265,.F.);
#3718=EDGE_CURVE('',#4265,#3854,#618,.T.);
#3719=EDGE_CURVE('',#4265,#4264,#1266,.F.);
#3720=EDGE_CURVE('',#4266,#3853,#619,.T.);
#3721=EDGE_CURVE('',#4266,#4265,#1267,.F.);
#3722=EDGE_CURVE('',#4267,#3852,#620,.T.);
#3723=EDGE_CURVE('',#4267,#4266,#1268,.F.);
#3724=EDGE_CURVE('',#4268,#3851,#621,.T.);
#3725=EDGE_CURVE('',#4268,#4267,#622,.T.);
#3726=EDGE_CURVE('',#4269,#3850,#623,.T.);
#3727=EDGE_CURVE('',#4269,#4268,#624,.T.);
#3728=EDGE_CURVE('',#4270,#3849,#625,.T.);
#3729=EDGE_CURVE('',#4270,#4269,#626,.T.);
#3730=EDGE_CURVE('',#4271,#3848,#627,.T.);
#3731=EDGE_CURVE('',#4271,#4270,#1269,.F.);
#3732=EDGE_CURVE('',#4272,#3847,#628,.T.);
#3733=EDGE_CURVE('',#4272,#4271,#1270,.F.);
#3734=EDGE_CURVE('',#4251,#4272,#1271,.F.);
#3735=VERTEX_POINT('',#7253);
#3736=VERTEX_POINT('',#7254);
#3737=VERTEX_POINT('',#7259);
#3738=VERTEX_POINT('',#7279);
#3739=VERTEX_POINT('',#7285);
#3740=VERTEX_POINT('',#7286);
#3741=VERTEX_POINT('',#7288);
#3742=VERTEX_POINT('',#7290);
#3743=VERTEX_POINT('',#7292);
#3744=VERTEX_POINT('',#7294);
#3745=VERTEX_POINT('',#7296);
#3746=VERTEX_POINT('',#7298);
#3747=VERTEX_POINT('',#7300);
#3748=VERTEX_POINT('',#7302);
#3749=VERTEX_POINT('',#7304);
#3750=VERTEX_POINT('',#7308);
#3751=VERTEX_POINT('',#7310);
#3752=VERTEX_POINT('',#7314);
#3753=VERTEX_POINT('',#7318);
#3754=VERTEX_POINT('',#7322);
#3755=VERTEX_POINT('',#7326);
#3756=VERTEX_POINT('',#7328);
#3757=VERTEX_POINT('',#7330);
#3758=VERTEX_POINT('',#7332);
#3759=VERTEX_POINT('',#7334);
#3760=VERTEX_POINT('',#7336);
#3761=VERTEX_POINT('',#7338);
#3762=VERTEX_POINT('',#7340);
#3763=VERTEX_POINT('',#7342);
#3764=VERTEX_POINT('',#7344);
#3765=VERTEX_POINT('',#7346);
#3766=VERTEX_POINT('',#7348);
#3767=VERTEX_POINT('',#7350);
#3768=VERTEX_POINT('',#7352);
#3769=VERTEX_POINT('',#7354);
#3770=VERTEX_POINT('',#7356);
#3771=VERTEX_POINT('',#7358);
#3772=VERTEX_POINT('',#7360);
#3773=VERTEX_POINT('',#7362);
#3774=VERTEX_POINT('',#7364);
#3775=VERTEX_POINT('',#7366);
#3776=VERTEX_POINT('',#7368);
#3777=VERTEX_POINT('',#7370);
#3778=VERTEX_POINT('',#7372);
#3779=VERTEX_POINT('',#7374);
#3780=VERTEX_POINT('',#7378);
#3781=VERTEX_POINT('',#7380);
#3782=VERTEX_POINT('',#7382);
#3783=VERTEX_POINT('',#7384);
#3784=VERTEX_POINT('',#7387);
#3785=VERTEX_POINT('',#7388);
#3786=VERTEX_POINT('',#7390);
#3787=VERTEX_POINT('',#7392);
#3788=VERTEX_POINT('',#7394);
#3789=VERTEX_POINT('',#7396);
#3790=VERTEX_POINT('',#7398);
#3791=VERTEX_POINT('',#7400);
#3792=VERTEX_POINT('',#7402);
#3793=VERTEX_POINT('',#7404);
#3794=VERTEX_POINT('',#7406);
#3795=VERTEX_POINT('',#7408);
#3796=VERTEX_POINT('',#7410);
#3797=VERTEX_POINT('',#7412);
#3798=VERTEX_POINT('',#7414);
#3799=VERTEX_POINT('',#7417);
#3800=VERTEX_POINT('',#7418);
#3801=VERTEX_POINT('',#7420);
#3802=VERTEX_POINT('',#7422);
#3803=VERTEX_POINT('',#7424);
#3804=VERTEX_POINT('',#7426);
#3805=VERTEX_POINT('',#7428);
#3806=VERTEX_POINT('',#7430);
#3807=VERTEX_POINT('',#7432);
#3808=VERTEX_POINT('',#7434);
#3809=VERTEX_POINT('',#7436);
#3810=VERTEX_POINT('',#7440);
#3811=VERTEX_POINT('',#7442);
#3812=VERTEX_POINT('',#7446);
#3813=VERTEX_POINT('',#7450);
#3814=VERTEX_POINT('',#7454);
#3815=VERTEX_POINT('',#7458);
#3816=VERTEX_POINT('',#7460);
#3817=VERTEX_POINT('',#7462);
#3818=VERTEX_POINT('',#7464);
#3819=VERTEX_POINT('',#7466);
#3820=VERTEX_POINT('',#7468);
#3821=VERTEX_POINT('',#7470);
#3822=VERTEX_POINT('',#7472);
#3823=VERTEX_POINT('',#7474);
#3824=VERTEX_POINT('',#7476);
#3825=VERTEX_POINT('',#7478);
#3826=VERTEX_POINT('',#7480);
#3827=VERTEX_POINT('',#7482);
#3828=VERTEX_POINT('',#7484);
#3829=VERTEX_POINT('',#7486);
#3830=VERTEX_POINT('',#7488);
#3831=VERTEX_POINT('',#7490);
#3832=VERTEX_POINT('',#7492);
#3833=VERTEX_POINT('',#7494);
#3834=VERTEX_POINT('',#7496);
#3835=VERTEX_POINT('',#7498);
#3836=VERTEX_POINT('',#7500);
#3837=VERTEX_POINT('',#7502);
#3838=VERTEX_POINT('',#7504);
#3839=VERTEX_POINT('',#7506);
#3840=VERTEX_POINT('',#7510);
#3841=VERTEX_POINT('',#7512);
#3842=VERTEX_POINT('',#7514);
#3843=VERTEX_POINT('',#7516);
#3844=VERTEX_POINT('',#7519);
#3845=VERTEX_POINT('',#7520);
#3846=VERTEX_POINT('',#7522);
#3847=VERTEX_POINT('',#7524);
#3848=VERTEX_POINT('',#7526);
#3849=VERTEX_POINT('',#7528);
#3850=VERTEX_POINT('',#7530);
#3851=VERTEX_POINT('',#7532);
#3852=VERTEX_POINT('',#7534);
#3853=VERTEX_POINT('',#7536);
#3854=VERTEX_POINT('',#7538);
#3855=VERTEX_POINT('',#7540);
#3856=VERTEX_POINT('',#7542);
#3857=VERTEX_POINT('',#7544);
#3858=VERTEX_POINT('',#7546);
#3859=VERTEX_POINT('',#7548);
#3860=VERTEX_POINT('',#7550);
#3861=VERTEX_POINT('',#7552);
#3862=VERTEX_POINT('',#7554);
#3863=VERTEX_POINT('',#7556);
#3864=VERTEX_POINT('',#7558);
#3865=VERTEX_POINT('',#7560);
#3866=VERTEX_POINT('',#7562);
#3867=VERTEX_POINT('',#7566);
#3868=VERTEX_POINT('',#7567);
#3869=VERTEX_POINT('',#7569);
#3870=VERTEX_POINT('',#7571);
#3871=VERTEX_POINT('',#7573);
#3872=VERTEX_POINT('',#7575);
#3873=VERTEX_POINT('',#7577);
#3874=VERTEX_POINT('',#7579);
#3875=VERTEX_POINT('',#7585);
#3876=VERTEX_POINT('',#7586);
#3877=VERTEX_POINT('',#7591);
#3878=VERTEX_POINT('',#7593);
#3879=VERTEX_POINT('',#7598);
#3880=VERTEX_POINT('',#7603);
#3881=VERTEX_POINT('',#7610);
#3882=VERTEX_POINT('',#7612);
#3883=VERTEX_POINT('',#7622);
#3884=VERTEX_POINT('',#7623);
#3885=VERTEX_POINT('',#7627);
#3886=VERTEX_POINT('',#7631);
#3887=VERTEX_POINT('',#7633);
#3888=VERTEX_POINT('',#7635);
#3889=VERTEX_POINT('',#7637);
#3890=VERTEX_POINT('',#7639);
#3891=VERTEX_POINT('',#7642);
#3892=VERTEX_POINT('',#7643);
#3893=VERTEX_POINT('',#7645);
#3894=VERTEX_POINT('',#7647);
#3895=VERTEX_POINT('',#7649);
#3896=VERTEX_POINT('',#7651);
#3897=VERTEX_POINT('',#7653);
#3898=VERTEX_POINT('',#7655);
#3899=VERTEX_POINT('',#7657);
#3900=VERTEX_POINT('',#7659);
#3901=VERTEX_POINT('',#7661);
#3902=VERTEX_POINT('',#7663);
#3903=VERTEX_POINT('',#7666);
#3904=VERTEX_POINT('',#7667);
#3905=VERTEX_POINT('',#7669);
#3906=VERTEX_POINT('',#7671);
#3907=VERTEX_POINT('',#7673);
#3908=VERTEX_POINT('',#7675);
#3909=VERTEX_POINT('',#7677);
#3910=VERTEX_POINT('',#7679);
#3911=VERTEX_POINT('',#7681);
#3912=VERTEX_POINT('',#7683);
#3913=VERTEX_POINT('',#7685);
#3914=VERTEX_POINT('',#7687);
#3915=VERTEX_POINT('',#7689);
#3916=VERTEX_POINT('',#7691);
#3917=VERTEX_POINT('',#7693);
#3918=VERTEX_POINT('',#7696);
#3919=VERTEX_POINT('',#7697);
#3920=VERTEX_POINT('',#7699);
#3921=VERTEX_POINT('',#7701);
#3922=VERTEX_POINT('',#7703);
#3923=VERTEX_POINT('',#7705);
#3924=VERTEX_POINT('',#7707);
#3925=VERTEX_POINT('',#7709);
#3926=VERTEX_POINT('',#7711);
#3927=VERTEX_POINT('',#7713);
#3928=VERTEX_POINT('',#7715);
#3929=VERTEX_POINT('',#7717);
#3930=VERTEX_POINT('',#7719);
#3931=VERTEX_POINT('',#7721);
#3932=VERTEX_POINT('',#7723);
#3933=VERTEX_POINT('',#7726);
#3934=VERTEX_POINT('',#7727);
#3935=VERTEX_POINT('',#7729);
#3936=VERTEX_POINT('',#7731);
#3937=VERTEX_POINT('',#7733);
#3938=VERTEX_POINT('',#7735);
#3939=VERTEX_POINT('',#7739);
#3940=VERTEX_POINT('',#7743);
#3941=VERTEX_POINT('',#7747);
#3942=VERTEX_POINT('',#7749);
#3943=VERTEX_POINT('',#7751);
#3944=VERTEX_POINT('',#7756);
#3945=VERTEX_POINT('',#7757);
#3946=VERTEX_POINT('',#7761);
#3947=VERTEX_POINT('',#7765);
#3948=VERTEX_POINT('',#7769);
#3949=VERTEX_POINT('',#7771);
#3950=VERTEX_POINT('',#7773);
#3951=VERTEX_POINT('',#7775);
#3952=VERTEX_POINT('',#7779);
#3953=VERTEX_POINT('',#7783);
#3954=VERTEX_POINT('',#7787);
#3955=VERTEX_POINT('',#7791);
#3956=VERTEX_POINT('',#7795);
#3957=VERTEX_POINT('',#7799);
#3958=VERTEX_POINT('',#7803);
#3959=VERTEX_POINT('',#7807);
#3960=VERTEX_POINT('',#7811);
#3961=VERTEX_POINT('',#7813);
#3962=VERTEX_POINT('',#7815);
#3963=VERTEX_POINT('',#7819);
#3964=VERTEX_POINT('',#7823);
#3965=VERTEX_POINT('',#7827);
#3966=VERTEX_POINT('',#7831);
#3967=VERTEX_POINT('',#7835);
#3968=VERTEX_POINT('',#7839);
#3969=VERTEX_POINT('',#7845);
#3970=VERTEX_POINT('',#7846);
#3971=VERTEX_POINT('',#7863);
#3972=VERTEX_POINT('',#7873);
#3973=VERTEX_POINT('',#7883);
#3974=VERTEX_POINT('',#7884);
#3975=VERTEX_POINT('',#7898);
#3976=VERTEX_POINT('',#7904);
#3977=VERTEX_POINT('',#7914);
#3978=VERTEX_POINT('',#7919);
#3979=VERTEX_POINT('',#7924);
#3980=VERTEX_POINT('',#7931);
#3981=VERTEX_POINT('',#7939);
#3982=VERTEX_POINT('',#7944);
#3983=VERTEX_POINT('',#7955);
#3984=VERTEX_POINT('',#7963);
#3985=VERTEX_POINT('',#7965);
#3986=VERTEX_POINT('',#7981);
#3987=VERTEX_POINT('',#7982);
#3988=VERTEX_POINT('',#7993);
#3989=VERTEX_POINT('',#7994);
#3990=VERTEX_POINT('',#8038);
#3991=VERTEX_POINT('',#8039);
#3992=VERTEX_POINT('',#8044);
#3993=VERTEX_POINT('',#8054);
#3994=VERTEX_POINT('',#8069);
#3995=VERTEX_POINT('',#8070);
#3996=VERTEX_POINT('',#8075);
#3997=VERTEX_POINT('',#8095);
#3998=VERTEX_POINT('',#8110);
#3999=VERTEX_POINT('',#8118);
#4000=VERTEX_POINT('',#8120);
#4001=VERTEX_POINT('',#8139);
#4002=VERTEX_POINT('',#8140);
#4003=VERTEX_POINT('',#8151);
#4004=VERTEX_POINT('',#8152);
#4005=VERTEX_POINT('',#8192);
#4006=VERTEX_POINT('',#8193);
#4007=VERTEX_POINT('',#8198);
#4008=VERTEX_POINT('',#8208);
#4009=VERTEX_POINT('',#8235);
#4010=VERTEX_POINT('',#8253);
#4011=VERTEX_POINT('',#8356);
#4012=VERTEX_POINT('',#8395);
#4013=VERTEX_POINT('',#9003);
#4014=VERTEX_POINT('',#9004);
#4015=VERTEX_POINT('',#9006);
#4016=VERTEX_POINT('',#9008);
#4017=VERTEX_POINT('',#9012);
#4018=VERTEX_POINT('',#9014);
#4019=VERTEX_POINT('',#9018);
#4020=VERTEX_POINT('',#9020);
#4021=VERTEX_POINT('',#9033);
#4022=VERTEX_POINT('',#9035);
#4023=VERTEX_POINT('',#9050);
#4024=VERTEX_POINT('',#9052);
#4025=VERTEX_POINT('',#9067);
#4026=VERTEX_POINT('',#9069);
#4027=VERTEX_POINT('',#9082);
#4028=VERTEX_POINT('',#9086);
#4029=VERTEX_POINT('',#9097);
#4030=VERTEX_POINT('',#9103);
#4031=VERTEX_POINT('',#9107);
#4032=VERTEX_POINT('',#9111);
#4033=VERTEX_POINT('',#9115);
#4034=VERTEX_POINT('',#9119);
#4035=VERTEX_POINT('',#9149);
#4036=VERTEX_POINT('',#9151);
#4037=VERTEX_POINT('',#9155);
#4038=VERTEX_POINT('',#9159);
#4039=VERTEX_POINT('',#9163);
#4040=VERTEX_POINT('',#9167);
#4041=VERTEX_POINT('',#9171);
#4042=VERTEX_POINT('',#9175);
#4043=VERTEX_POINT('',#9179);
#4044=VERTEX_POINT('',#9183);
#4045=VERTEX_POINT('',#9187);
#4046=VERTEX_POINT('',#9191);
#4047=VERTEX_POINT('',#9198);
#4048=VERTEX_POINT('',#9200);
#4049=VERTEX_POINT('',#9204);
#4050=VERTEX_POINT('',#9208);
#4051=VERTEX_POINT('',#9212);
#4052=VERTEX_POINT('',#9216);
#4053=VERTEX_POINT('',#9220);
#4054=VERTEX_POINT('',#9224);
#4055=VERTEX_POINT('',#9228);
#4056=VERTEX_POINT('',#9232);
#4057=VERTEX_POINT('',#9236);
#4058=VERTEX_POINT('',#9240);
#4059=VERTEX_POINT('',#9244);
#4060=VERTEX_POINT('',#9248);
#4061=VERTEX_POINT('',#9252);
#4062=VERTEX_POINT('',#9259);
#4063=VERTEX_POINT('',#9261);
#4064=VERTEX_POINT('',#9265);
#4065=VERTEX_POINT('',#9269);
#4066=VERTEX_POINT('',#9273);
#4067=VERTEX_POINT('',#9277);
#4068=VERTEX_POINT('',#9281);
#4069=VERTEX_POINT('',#9285);
#4070=VERTEX_POINT('',#9289);
#4071=VERTEX_POINT('',#9293);
#4072=VERTEX_POINT('',#9297);
#4073=VERTEX_POINT('',#9301);
#4074=VERTEX_POINT('',#9305);
#4075=VERTEX_POINT('',#9309);
#4076=VERTEX_POINT('',#9313);
#4077=VERTEX_POINT('',#9320);
#4078=VERTEX_POINT('',#9321);
#4079=VERTEX_POINT('',#9323);
#4080=VERTEX_POINT('',#9325);
#4081=VERTEX_POINT('',#9329);
#4082=VERTEX_POINT('',#9331);
#4083=VERTEX_POINT('',#9335);
#4084=VERTEX_POINT('',#9337);
#4085=VERTEX_POINT('',#9341);
#4086=VERTEX_POINT('',#9343);
#4087=VERTEX_POINT('',#9347);
#4088=VERTEX_POINT('',#9349);
#4089=VERTEX_POINT('',#9353);
#4090=VERTEX_POINT('',#9357);
#4091=VERTEX_POINT('',#9361);
#4092=VERTEX_POINT('',#9365);
#4093=VERTEX_POINT('',#9369);
#4094=VERTEX_POINT('',#9373);
#4095=VERTEX_POINT('',#9383);
#4096=VERTEX_POINT('',#9384);
#4097=VERTEX_POINT('',#9386);
#4098=VERTEX_POINT('',#9388);
#4099=VERTEX_POINT('',#9392);
#4100=VERTEX_POINT('',#9394);
#4101=VERTEX_POINT('',#9398);
#4102=VERTEX_POINT('',#9400);
#4103=VERTEX_POINT('',#9413);
#4104=VERTEX_POINT('',#9415);
#4105=VERTEX_POINT('',#9430);
#4106=VERTEX_POINT('',#9432);
#4107=VERTEX_POINT('',#9447);
#4108=VERTEX_POINT('',#9449);
#4109=VERTEX_POINT('',#9455);
#4110=VERTEX_POINT('',#9457);
#4111=VERTEX_POINT('',#9461);
#4112=VERTEX_POINT('',#9465);
#4113=VERTEX_POINT('',#9469);
#4114=VERTEX_POINT('',#9473);
#4115=VERTEX_POINT('',#9484);
#4116=VERTEX_POINT('',#9497);
#4117=VERTEX_POINT('',#9510);
#4118=VERTEX_POINT('',#9516);
#4119=VERTEX_POINT('',#9520);
#4120=VERTEX_POINT('',#9548);
#4121=VERTEX_POINT('',#9552);
#4122=VERTEX_POINT('',#9563);
#4123=VERTEX_POINT('',#9576);
#4124=VERTEX_POINT('',#9589);
#4125=VERTEX_POINT('',#9602);
#4126=VERTEX_POINT('',#9615);
#4127=VERTEX_POINT('',#9628);
#4128=VERTEX_POINT('',#9641);
#4129=VERTEX_POINT('',#9654);
#4130=VERTEX_POINT('',#9660);
#4131=VERTEX_POINT('',#9664);
#4132=VERTEX_POINT('',#9675);
#4133=VERTEX_POINT('',#9688);
#4134=VERTEX_POINT('',#9701);
#4135=VERTEX_POINT('',#9714);
#4136=VERTEX_POINT('',#9727);
#4137=VERTEX_POINT('',#9740);
#4138=VERTEX_POINT('',#9753);
#4139=VERTEX_POINT('',#9766);
#4140=VERTEX_POINT('',#9779);
#4141=VERTEX_POINT('',#9785);
#4142=VERTEX_POINT('',#9789);
#4143=VERTEX_POINT('',#9793);
#4144=VERTEX_POINT('',#9804);
#4145=VERTEX_POINT('',#9825);
#4146=VERTEX_POINT('',#9827);
#4147=VERTEX_POINT('',#9831);
#4148=VERTEX_POINT('',#9835);
#4149=VERTEX_POINT('',#9839);
#4150=VERTEX_POINT('',#9843);
#4151=VERTEX_POINT('',#9847);
#4152=VERTEX_POINT('',#9858);
#4153=VERTEX_POINT('',#9864);
#4154=VERTEX_POINT('',#9868);
#4155=VERTEX_POINT('',#9872);
#4156=VERTEX_POINT('',#9876);
#4157=VERTEX_POINT('',#9880);
#4158=VERTEX_POINT('',#9884);
#4159=VERTEX_POINT('',#9888);
#4160=VERTEX_POINT('',#9892);
#4161=VERTEX_POINT('',#9896);
#4162=VERTEX_POINT('',#9900);
#4163=VERTEX_POINT('',#9904);
#4164=VERTEX_POINT('',#9908);
#4165=VERTEX_POINT('',#9912);
#4166=VERTEX_POINT('',#9916);
#4167=VERTEX_POINT('',#9920);
#4168=VERTEX_POINT('',#9924);
#4169=VERTEX_POINT('',#9928);
#4170=VERTEX_POINT('',#9932);
#4171=VERTEX_POINT('',#9936);
#4172=VERTEX_POINT('',#9940);
#4173=VERTEX_POINT('',#9944);
#4174=VERTEX_POINT('',#9948);
#4175=VERTEX_POINT('',#9952);
#4176=VERTEX_POINT('',#9956);
#4177=VERTEX_POINT('',#9967);
#4178=VERTEX_POINT('',#9980);
#4179=VERTEX_POINT('',#9993);
#4180=VERTEX_POINT('',#10006);
#4181=VERTEX_POINT('',#10012);
#4182=VERTEX_POINT('',#10023);
#4183=VERTEX_POINT('',#10029);
#4184=VERTEX_POINT('',#10033);
#4185=VERTEX_POINT('',#10037);
#4186=VERTEX_POINT('',#10041);
#4187=VERTEX_POINT('',#10045);
#4188=VERTEX_POINT('',#10049);
#4189=VERTEX_POINT('',#10053);
#4190=VERTEX_POINT('',#10060);
#4191=VERTEX_POINT('',#10062);
#4192=VERTEX_POINT('',#10066);
#4193=VERTEX_POINT('',#10070);
#4194=VERTEX_POINT('',#10074);
#4195=VERTEX_POINT('',#10078);
#4196=VERTEX_POINT('',#10082);
#4197=VERTEX_POINT('',#10086);
#4198=VERTEX_POINT('',#10090);
#4199=VERTEX_POINT('',#10094);
#4200=VERTEX_POINT('',#10098);
#4201=VERTEX_POINT('',#10102);
#4202=VERTEX_POINT('',#10106);
#4203=VERTEX_POINT('',#10110);
#4204=VERTEX_POINT('',#10114);
#4205=VERTEX_POINT('',#10121);
#4206=VERTEX_POINT('',#10123);
#4207=VERTEX_POINT('',#10127);
#4208=VERTEX_POINT('',#10131);
#4209=VERTEX_POINT('',#10135);
#4210=VERTEX_POINT('',#10139);
#4211=VERTEX_POINT('',#10143);
#4212=VERTEX_POINT('',#10154);
#4213=VERTEX_POINT('',#10160);
#4214=VERTEX_POINT('',#10164);
#4215=VERTEX_POINT('',#10168);
#4216=VERTEX_POINT('',#10172);
#4217=VERTEX_POINT('',#10176);
#4218=VERTEX_POINT('',#10180);
#4219=VERTEX_POINT('',#10184);
#4220=VERTEX_POINT('',#10188);
#4221=VERTEX_POINT('',#10192);
#4222=VERTEX_POINT('',#10196);
#4223=VERTEX_POINT('',#10200);
#4224=VERTEX_POINT('',#10204);
#4225=VERTEX_POINT('',#10208);
#4226=VERTEX_POINT('',#10212);
#4227=VERTEX_POINT('',#10216);
#4228=VERTEX_POINT('',#10220);
#4229=VERTEX_POINT('',#10224);
#4230=VERTEX_POINT('',#10228);
#4231=VERTEX_POINT('',#10232);
#4232=VERTEX_POINT('',#10236);
#4233=VERTEX_POINT('',#10240);
#4234=VERTEX_POINT('',#10244);
#4235=VERTEX_POINT('',#10248);
#4236=VERTEX_POINT('',#10252);
#4237=VERTEX_POINT('',#10263);
#4238=VERTEX_POINT('',#10276);
#4239=VERTEX_POINT('',#10289);
#4240=VERTEX_POINT('',#10302);
#4241=VERTEX_POINT('',#10308);
#4242=VERTEX_POINT('',#10319);
#4243=VERTEX_POINT('',#10325);
#4244=VERTEX_POINT('',#10329);
#4245=VERTEX_POINT('',#10333);
#4246=VERTEX_POINT('',#10337);
#4247=VERTEX_POINT('',#10341);
#4248=VERTEX_POINT('',#10345);
#4249=VERTEX_POINT('',#10349);
#4250=VERTEX_POINT('',#10356);
#4251=VERTEX_POINT('',#10358);
#4252=VERTEX_POINT('',#10362);
#4253=VERTEX_POINT('',#10366);
#4254=VERTEX_POINT('',#10370);
#4255=VERTEX_POINT('',#10374);
#4256=VERTEX_POINT('',#10378);
#4257=VERTEX_POINT('',#10382);
#4258=VERTEX_POINT('',#10386);
#4259=VERTEX_POINT('',#10390);
#4260=VERTEX_POINT('',#10394);
#4261=VERTEX_POINT('',#10398);
#4262=VERTEX_POINT('',#10402);
#4263=VERTEX_POINT('',#10406);
#4264=VERTEX_POINT('',#10410);
#4265=VERTEX_POINT('',#10414);
#4266=VERTEX_POINT('',#10418);
#4267=VERTEX_POINT('',#10422);
#4268=VERTEX_POINT('',#10426);
#4269=VERTEX_POINT('',#10430);
#4270=VERTEX_POINT('',#10434);
#4271=VERTEX_POINT('',#10438);
#4272=VERTEX_POINT('',#10442);
#4273=B_SPLINE_CURVE_WITH_KNOTS('',3,(#7244,#7245,#7246,#7247,#7248,#7249,
#7250,#7251,#7252),.UNSPECIFIED.,.F.,.F.,(4,1,1,1,1,1,4),(0.,0.125,0.25,
0.5,0.75,0.875,1.),.UNSPECIFIED.);
#4274=B_SPLINE_CURVE_WITH_KNOTS('',3,(#7255,#7256,#7257,#7258),
 .UNSPECIFIED.,.F.,.F.,(4,4),(0.,1.),.UNSPECIFIED.);
#4275=B_SPLINE_CURVE_WITH_KNOTS('',3,(#7260,#7261,#7262,#7263,#7264,#7265,
#7266,#7267,#7268,#7269,#7270,#7271,#7272,#7273,#7274,#7275,#7276,#7277,
#7278),.UNSPECIFIED.,.F.,.F.,(4,1,1,1,1,1,1,1,1,1,1,1,1,1,1,1,4),(0.,0.0625,
0.125,0.1875,0.25,0.3125,0.375,0.4375,0.5,0.5625,0.625,0.6875,0.75,0.8125,
0.875,0.9375,1.),.UNSPECIFIED.);
#4276=B_SPLINE_CURVE_WITH_KNOTS('',3,(#7280,#7281,#7282,#7283),
 .UNSPECIFIED.,.F.,.F.,(4,4),(0.,1.),.UNSPECIFIED.);
#4277=B_SPLINE_CURVE_WITH_KNOTS('',2,(#7305,#7306,#7307),.UNSPECIFIED.,
 .F.,.F.,(3,3),(0.,1.),.PIECEWISE_BEZIER_KNOTS.);
#4278=B_SPLINE_CURVE_WITH_KNOTS('',2,(#7311,#7312,#7313),.UNSPECIFIED.,
 .F.,.F.,(3,3),(0.,1.),.PIECEWISE_BEZIER_KNOTS.);
#4279=B_SPLINE_CURVE_WITH_KNOTS('',2,(#7315,#7316,#7317),.UNSPECIFIED.,
 .F.,.F.,(3,3),(0.,1.),.PIECEWISE_BEZIER_KNOTS.);
#4280=B_SPLINE_CURVE_WITH_KNOTS('',2,(#7319,#7320,#7321),.UNSPECIFIED.,
 .F.,.F.,(3,3),(0.,1.),.PIECEWISE_BEZIER_KNOTS.);
#4281=B_SPLINE_CURVE_WITH_KNOTS('',2,(#7323,#7324,#7325),.UNSPECIFIED.,
 .F.,.F.,(3,3),(0.,1.),.PIECEWISE_BEZIER_KNOTS.);
#4282=B_SPLINE_CURVE_WITH_KNOTS('',2,(#7375,#7376,#7377),.UNSPECIFIED.,
 .F.,.F.,(3,3),(0.,1.),.PIECEWISE_BEZIER_KNOTS.);
#4283=B_SPLINE_CURVE_WITH_KNOTS('',2,(#7437,#7438,#7439),.UNSPECIFIED.,
 .F.,.F.,(3,3),(0.,1.),.PIECEWISE_BEZIER_KNOTS.);
#4284=B_SPLINE_CURVE_WITH_KNOTS('',2,(#7443,#7444,#7445),.UNSPECIFIED.,
 .F.,.F.,(3,3),(0.,1.),.PIECEWISE_BEZIER_KNOTS.);
#4285=B_SPLINE_CURVE_WITH_KNOTS('',2,(#7447,#7448,#7449),.UNSPECIFIED.,
 .F.,.F.,(3,3),(0.,1.),.PIECEWISE_BEZIER_KNOTS.);
#4286=B_SPLINE_CURVE_WITH_KNOTS('',2,(#7451,#7452,#7453),.UNSPECIFIED.,
 .F.,.F.,(3,3),(0.,1.),.PIECEWISE_BEZIER_KNOTS.);
#4287=B_SPLINE_CURVE_WITH_KNOTS('',2,(#7455,#7456,#7457),.UNSPECIFIED.,
 .F.,.F.,(3,3),(0.,1.),.PIECEWISE_BEZIER_KNOTS.);
#4288=B_SPLINE_CURVE_WITH_KNOTS('',2,(#7507,#7508,#7509),.UNSPECIFIED.,
 .F.,.F.,(3,3),(0.,1.),.PIECEWISE_BEZIER_KNOTS.);
#4289=B_SPLINE_CURVE_WITH_KNOTS('',3,(#7581,#7582,#7583,#7584),
 .UNSPECIFIED.,.F.,.F.,(4,4),(0.,1.),.UNSPECIFIED.);
#4290=B_SPLINE_CURVE_WITH_KNOTS('',3,(#7587,#7588,#7589,#7590),
 .UNSPECIFIED.,.F.,.F.,(4,4),(0.,1.),.UNSPECIFIED.);
#4291=B_SPLINE_CURVE_WITH_KNOTS('',3,(#7594,#7595,#7596,#7597),
 .UNSPECIFIED.,.F.,.F.,(4,4),(0.,1.),.UNSPECIFIED.);
#4292=B_SPLINE_CURVE_WITH_KNOTS('',3,(#7599,#7600,#7601,#7602),
 .UNSPECIFIED.,.F.,.F.,(4,4),(0.,1.),.UNSPECIFIED.);
#4293=B_SPLINE_CURVE_WITH_KNOTS('',3,(#7604,#7605,#7606,#7607,#7608,#7609),
 .UNSPECIFIED.,.F.,.F.,(4,1,1,4),(0.,0.25,0.5,1.),.UNSPECIFIED.);
#4294=B_SPLINE_CURVE_WITH_KNOTS('',3,(#7613,#7614,#7615,#7616,#7617,#7618),
 .UNSPECIFIED.,.F.,.F.,(4,1,1,4),(0.,0.5,0.75,1.),.UNSPECIFIED.);
#4295=B_SPLINE_CURVE_WITH_KNOTS('',2,(#7619,#7620,#7621),.UNSPECIFIED.,
 .F.,.F.,(3,3),(0.,1.),.PIECEWISE_BEZIER_KNOTS.);
#4296=B_SPLINE_CURVE_WITH_KNOTS('',2,(#7624,#7625,#7626),.UNSPECIFIED.,
 .F.,.F.,(3,3),(0.,1.),.PIECEWISE_BEZIER_KNOTS.);
#4297=B_SPLINE_CURVE_WITH_KNOTS('',2,(#7628,#7629,#7630),.UNSPECIFIED.,
 .F.,.F.,(3,3),(0.,1.),.PIECEWISE_BEZIER_KNOTS.);
#4298=B_SPLINE_CURVE_WITH_KNOTS('',2,(#7736,#7737,#7738),.UNSPECIFIED.,
 .F.,.F.,(3,3),(0.,1.),.PIECEWISE_BEZIER_KNOTS.);
#4299=B_SPLINE_CURVE_WITH_KNOTS('',2,(#7740,#7741,#7742),.UNSPECIFIED.,
 .F.,.F.,(3,3),(0.,1.),.PIECEWISE_BEZIER_KNOTS.);
#4300=B_SPLINE_CURVE_WITH_KNOTS('',2,(#7744,#7745,#7746),.UNSPECIFIED.,
 .F.,.F.,(3,3),(0.,1.),.PIECEWISE_BEZIER_KNOTS.);
#4301=B_SPLINE_CURVE_WITH_KNOTS('',2,(#7753,#7754,#7755),.UNSPECIFIED.,
 .F.,.F.,(3,3),(0.,1.),.PIECEWISE_BEZIER_KNOTS.);
#4302=B_SPLINE_CURVE_WITH_KNOTS('',2,(#7758,#7759,#7760),.UNSPECIFIED.,
 .F.,.F.,(3,3),(0.,1.),.PIECEWISE_BEZIER_KNOTS.);
#4303=B_SPLINE_CURVE_WITH_KNOTS('',2,(#7762,#7763,#7764),.UNSPECIFIED.,
 .F.,.F.,(3,3),(0.,1.),.PIECEWISE_BEZIER_KNOTS.);
#4304=B_SPLINE_CURVE_WITH_KNOTS('',2,(#7766,#7767,#7768),.UNSPECIFIED.,
 .F.,.F.,(3,3),(0.,1.),.PIECEWISE_BEZIER_KNOTS.);
#4305=B_SPLINE_CURVE_WITH_KNOTS('',2,(#7776,#7777,#7778),.UNSPECIFIED.,
 .F.,.F.,(3,3),(0.,1.),.PIECEWISE_BEZIER_KNOTS.);
#4306=B_SPLINE_CURVE_WITH_KNOTS('',2,(#7780,#7781,#7782),.UNSPECIFIED.,
 .F.,.F.,(3,3),(0.,1.),.PIECEWISE_BEZIER_KNOTS.);
#4307=B_SPLINE_CURVE_WITH_KNOTS('',2,(#7784,#7785,#7786),.UNSPECIFIED.,
 .F.,.F.,(3,3),(0.,1.),.PIECEWISE_BEZIER_KNOTS.);
#4308=B_SPLINE_CURVE_WITH_KNOTS('',2,(#7788,#7789,#7790),.UNSPECIFIED.,
 .F.,.F.,(3,3),(0.,1.),.PIECEWISE_BEZIER_KNOTS.);
#4309=B_SPLINE_CURVE_WITH_KNOTS('',2,(#7792,#7793,#7794),.UNSPECIFIED.,
 .F.,.F.,(3,3),(0.,1.),.PIECEWISE_BEZIER_KNOTS.);
#4310=B_SPLINE_CURVE_WITH_KNOTS('',2,(#7796,#7797,#7798),.UNSPECIFIED.,
 .F.,.F.,(3,3),(0.,1.),.PIECEWISE_BEZIER_KNOTS.);
#4311=B_SPLINE_CURVE_WITH_KNOTS('',2,(#7800,#7801,#7802),.UNSPECIFIED.,
 .F.,.F.,(3,3),(0.,1.),.PIECEWISE_BEZIER_KNOTS.);
#4312=B_SPLINE_CURVE_WITH_KNOTS('',2,(#7804,#7805,#7806),.UNSPECIFIED.,
 .F.,.F.,(3,3),(0.,1.),.PIECEWISE_BEZIER_KNOTS.);
#4313=B_SPLINE_CURVE_WITH_KNOTS('',2,(#7808,#7809,#7810),.UNSPECIFIED.,
 .F.,.F.,(3,3),(0.,1.),.PIECEWISE_BEZIER_KNOTS.);
#4314=B_SPLINE_CURVE_WITH_KNOTS('',2,(#7816,#7817,#7818),.UNSPECIFIED.,
 .F.,.F.,(3,3),(0.,1.),.PIECEWISE_BEZIER_KNOTS.);
#4315=B_SPLINE_CURVE_WITH_KNOTS('',2,(#7820,#7821,#7822),.UNSPECIFIED.,
 .F.,.F.,(3,3),(0.,1.),.PIECEWISE_BEZIER_KNOTS.);
#4316=B_SPLINE_CURVE_WITH_KNOTS('',2,(#7824,#7825,#7826),.UNSPECIFIED.,
 .F.,.F.,(3,3),(0.,1.),.PIECEWISE_BEZIER_KNOTS.);
#4317=B_SPLINE_CURVE_WITH_KNOTS('',2,(#7828,#7829,#7830),.UNSPECIFIED.,
 .F.,.F.,(3,3),(0.,1.),.PIECEWISE_BEZIER_KNOTS.);
#4318=B_SPLINE_CURVE_WITH_KNOTS('',2,(#7832,#7833,#7834),.UNSPECIFIED.,
 .F.,.F.,(3,3),(0.,1.),.PIECEWISE_BEZIER_KNOTS.);
#4319=B_SPLINE_CURVE_WITH_KNOTS('',2,(#7836,#7837,#7838),.UNSPECIFIED.,
 .F.,.F.,(3,3),(0.,1.),.PIECEWISE_BEZIER_KNOTS.);
#4320=B_SPLINE_CURVE_WITH_KNOTS('',2,(#7840,#7841,#7842),.UNSPECIFIED.,
 .F.,.F.,(3,3),(0.,1.),.PIECEWISE_BEZIER_KNOTS.);
#4321=B_SPLINE_CURVE_WITH_KNOTS('',3,(#7847,#7848,#7849,#7850,#7851,#7852,
#7853),.UNSPECIFIED.,.F.,.F.,(4,1,1,1,4),(0.,0.25,0.5,0.75,1.),
 .UNSPECIFIED.);
#4322=B_SPLINE_CURVE_WITH_KNOTS('',3,(#7854,#7855,#7856,#7857,#7858,#7859,
#7860,#7861,#7862),.UNSPECIFIED.,.F.,.F.,(4,1,1,1,1,1,4),(1.0048027819955E-9,
0.250000000753602,0.500000000502401,0.6250000003768,0.7500000002512,0.875000000125599,
0.999999999999999),.UNSPECIFIED.);
#4323=B_SPLINE_CURVE_WITH_KNOTS('',3,(#7864,#7865,#7866,#7867,#7868,#7869,
#7870,#7871,#7872),.UNSPECIFIED.,.F.,.F.,(4,1,1,1,1,1,4),(1.45464721569279E-15,
0.124999999873982,0.249999999747963,0.374999999621944,0.499999999495924,
0.749999999243886,0.999999998991847),.UNSPECIFIED.);
#4324=B_SPLINE_CURVE_WITH_KNOTS('',3,(#7874,#7875,#7876,#7877,#7878,#7879,
#7880),.UNSPECIFIED.,.F.,.F.,(4,1,1,1,4),(0.,0.249999653605675,0.499999307211351,
0.749998960817026,0.999998614422702),.UNSPECIFIED.);
#4325=B_SPLINE_CURVE_WITH_KNOTS('',3,(#7885,#7886,#7887,#7888,#7889,#7890,
#7891),.UNSPECIFIED.,.F.,.F.,(4,1,1,1,4),(8.3390251492467E-7,0.250000625426886,
0.500000416951257,0.750000208475629,1.),.UNSPECIFIED.);
#4326=B_SPLINE_CURVE_WITH_KNOTS('',3,(#7892,#7893,#7894,#7895,#7896,#7897),
 .UNSPECIFIED.,.F.,.F.,(4,1,1,4),(0.,0.5,0.75,1.),.UNSPECIFIED.);
#4327=B_SPLINE_CURVE_WITH_KNOTS('',3,(#7899,#7900,#7901,#7902,#7903),
 .UNSPECIFIED.,.F.,.F.,(4,1,4),(0.,0.5,1.),.UNSPECIFIED.);
#4328=B_SPLINE_CURVE_WITH_KNOTS('',3,(#7905,#7906,#7907,#7908,#7909,#7910,
#7911),.UNSPECIFIED.,.F.,.F.,(4,1,1,1,4),(0.,0.25,0.5,0.75,1.),
 .UNSPECIFIED.);
#4329=B_SPLINE_CURVE_WITH_KNOTS('',3,(#7915,#7916,#7917,#7918),
 .UNSPECIFIED.,.F.,.F.,(4,4),(0.,1.),.UNSPECIFIED.);
#4330=B_SPLINE_CURVE_WITH_KNOTS('',3,(#7920,#7921,#7922,#7923),
 .UNSPECIFIED.,.F.,.F.,(4,4),(0.,1.),.UNSPECIFIED.);
#4331=B_SPLINE_CURVE_WITH_KNOTS('',3,(#7925,#7926,#7927,#7928,#7929,#7930),
 .UNSPECIFIED.,.F.,.F.,(4,1,1,4),(0.,0.25,0.5,1.),.UNSPECIFIED.);
#4332=B_SPLINE_CURVE_WITH_KNOTS('',3,(#7933,#7934,#7935,#7936,#7937,#7938),
 .UNSPECIFIED.,.F.,.F.,(4,1,1,4),(0.,0.5,0.75,1.),.UNSPECIFIED.);
#4333=B_SPLINE_CURVE_WITH_KNOTS('',3,(#7940,#7941,#7942,#7943),
 .UNSPECIFIED.,.F.,.F.,(4,4),(0.,1.),.UNSPECIFIED.);
#4334=B_SPLINE_CURVE_WITH_KNOTS('',3,(#7945,#7946,#7947,#7948),
 .UNSPECIFIED.,.F.,.F.,(4,4),(0.,1.),.UNSPECIFIED.);
#4335=B_SPLINE_CURVE_WITH_KNOTS('',3,(#7950,#7951,#7952,#7953,#7954),
 .UNSPECIFIED.,.F.,.F.,(4,1,4),(0.,0.5,1.),.UNSPECIFIED.);
#4336=B_SPLINE_CURVE_WITH_KNOTS('',3,(#7956,#7957,#7958,#7959,#7960,#7961,
#7962),.UNSPECIFIED.,.F.,.F.,(4,1,1,1,4),(0.,0.249999611474233,0.499999222948466,
0.749998834422699,0.999998445896932),.UNSPECIFIED.);
#4337=B_SPLINE_CURVE_WITH_KNOTS('',3,(#7966,#7967,#7968,#7969,#7970,#7971,
#7972),.UNSPECIFIED.,.F.,.F.,(4,1,1,1,4),(0.,0.25,0.5,0.75,1.),
 .UNSPECIFIED.);
#4338=B_SPLINE_CURVE_WITH_KNOTS('',3,(#7973,#7974,#7975,#7976,#7977,#7978),
 .UNSPECIFIED.,.F.,.F.,(4,1,1,4),(0.,0.5,0.75,1.),.UNSPECIFIED.);
#4339=B_SPLINE_CURVE_WITH_KNOTS('',3,(#7983,#7984,#7985,#7986),
 .UNSPECIFIED.,.F.,.F.,(4,4),(0.,0.999994151013204),.UNSPECIFIED.);
#4340=B_SPLINE_CURVE_WITH_KNOTS('',3,(#7987,#7988,#7989,#7990),
 .UNSPECIFIED.,.F.,.F.,(4,4),(0.,0.999998598191087),.UNSPECIFIED.);
#4341=B_SPLINE_CURVE_WITH_KNOTS('',3,(#7995,#7996,#7997,#7998,#7999,#8000,
#8001),.UNSPECIFIED.,.F.,.F.,(4,1,1,1,4),(0.,0.25,0.5,0.75,1.),
 .UNSPECIFIED.);
#4342=B_SPLINE_CURVE_WITH_KNOTS('',3,(#8002,#8003,#8004,#8005,#8006,#8007,
#8008),.UNSPECIFIED.,.F.,.F.,(4,1,1,1,4),(0.,0.25,0.5,0.75,1.),
 .UNSPECIFIED.);
#4343=B_SPLINE_CURVE_WITH_KNOTS('',3,(#8010,#8011,#8012,#8013),
 .UNSPECIFIED.,.F.,.F.,(4,4),(7.07968738775145E-6,0.999999197027877),
 .UNSPECIFIED.);
#4344=B_SPLINE_CURVE_WITH_KNOTS('',3,(#8014,#8015,#8016,#8017),
 .UNSPECIFIED.,.F.,.F.,(4,4),(1.56949798291719E-6,0.999994537986507),
 .UNSPECIFIED.);
#4345=B_SPLINE_CURVE_WITH_KNOTS('',3,(#8019,#8020,#8021,#8022,#8023,#8024,
#8025,#8026,#8027,#8028,#8029,#8030,#8031,#8032,#8033,#8034,#8035,#8036,
#8037),.UNSPECIFIED.,.F.,.F.,(4,1,1,1,1,1,1,1,1,1,1,1,1,1,1,1,4),(0.,0.0625,
0.125,0.1875,0.25,0.3125,0.375,0.4375,0.5,0.5625,0.625,0.6875,0.75,0.8125,
0.875,0.9375,1.),.UNSPECIFIED.);
#4346=B_SPLINE_CURVE_WITH_KNOTS('',3,(#8040,#8041,#8042,#8043),
 .UNSPECIFIED.,.F.,.F.,(4,4),(0.,1.),.UNSPECIFIED.);
#4347=B_SPLINE_CURVE_WITH_KNOTS('',3,(#8045,#8046,#8047,#8048,#8049,#8050,
#8051,#8052,#8053),.UNSPECIFIED.,.F.,.F.,(4,1,1,1,1,1,4),(0.,0.125,0.25,
0.5,0.75,0.875,1.),.UNSPECIFIED.);
#4348=B_SPLINE_CURVE_WITH_KNOTS('',3,(#8055,#8056,#8057,#8058),
 .UNSPECIFIED.,.F.,.F.,(4,4),(0.,1.),.UNSPECIFIED.);
#4349=B_SPLINE_CURVE_WITH_KNOTS('',3,(#8060,#8061,#8062,#8063,#8064,#8065,
#8066,#8067,#8068),.UNSPECIFIED.,.F.,.F.,(4,1,1,1,1,1,4),(0.,0.125,0.25,
0.5,0.75,0.875,1.),.UNSPECIFIED.);
#4350=B_SPLINE_CURVE_WITH_KNOTS('',3,(#8071,#8072,#8073,#8074),
 .UNSPECIFIED.,.F.,.F.,(4,4),(0.,1.),.UNSPECIFIED.);
#4351=B_SPLINE_CURVE_WITH_KNOTS('',3,(#8076,#8077,#8078,#8079,#8080,#8081,
#8082,#8083,#8084,#8085,#8086,#8087,#8088,#8089,#8090,#8091,#8092,#8093,
#8094),.UNSPECIFIED.,.F.,.F.,(4,1,1,1,1,1,1,1,1,1,1,1,1,1,1,1,4),(0.,0.0625,
0.125,0.1875,0.25,0.3125,0.375,0.4375,0.5,0.5625,0.625,0.6875,0.75,0.8125,
0.875,0.9375,1.),.UNSPECIFIED.);
#4352=B_SPLINE_CURVE_WITH_KNOTS('',3,(#8096,#8097,#8098,#8099),
 .UNSPECIFIED.,.F.,.F.,(4,4),(0.,1.),.UNSPECIFIED.);
#4353=B_SPLINE_CURVE_WITH_KNOTS('',3,(#8101,#8102,#8103,#8104,#8105,#8106,
#8107,#8108,#8109),.UNSPECIFIED.,.F.,.F.,(4,1,1,1,1,1,4),(0.,0.124999999965337,
0.249999999930674,0.374999999896012,0.499999999861349,0.749999999792023,
0.999999999722698),.UNSPECIFIED.);
#4354=B_SPLINE_CURVE_WITH_KNOTS('',3,(#8111,#8112,#8113,#8114,#8115,#8116,
#8117),.UNSPECIFIED.,.F.,.F.,(4,1,1,1,4),(0.,0.25,0.5,0.75,1.),
 .UNSPECIFIED.);
#4355=B_SPLINE_CURVE_WITH_KNOTS('',3,(#8121,#8122,#8123,#8124,#8125,#8126,
#8127),.UNSPECIFIED.,.F.,.F.,(4,1,1,1,4),(1.62958265987822E-6,0.250001222186995,
0.50000081479133,0.750000407395665,1.),.UNSPECIFIED.);
#4356=B_SPLINE_CURVE_WITH_KNOTS('',3,(#8128,#8129,#8130,#8131,#8132,#8133,
#8134,#8135,#8136),.UNSPECIFIED.,.F.,.F.,(4,1,1,1,1,1,4),(2.77312740392397E-10,
0.250000000207985,0.500000000138656,0.625000000103992,0.750000000069328,
0.875000000034664,1.),.UNSPECIFIED.);
#4357=B_SPLINE_CURVE_WITH_KNOTS('',3,(#8141,#8142,#8143,#8144),
 .UNSPECIFIED.,.F.,.F.,(4,4),(7.58977772652372E-7,0.999996025106927),
 .UNSPECIFIED.);
#4358=B_SPLINE_CURVE_WITH_KNOTS('',3,(#8145,#8146,#8147,#8148),
 .UNSPECIFIED.,.F.,.F.,(4,4),(5.7065268664785E-6,0.999999548044233),
 .UNSPECIFIED.);
#4359=B_SPLINE_CURVE_WITH_KNOTS('',3,(#8153,#8154,#8155,#8156,#8157),
 .UNSPECIFIED.,.F.,.F.,(4,1,4),(0.,0.5,1.),.UNSPECIFIED.);
#4360=B_SPLINE_CURVE_WITH_KNOTS('',3,(#8158,#8159,#8160,#8161,#8162),
 .UNSPECIFIED.,.F.,.F.,(4,1,4),(0.,0.5,1.),.UNSPECIFIED.);
#4361=B_SPLINE_CURVE_WITH_KNOTS('',3,(#8164,#8165,#8166,#8167),
 .UNSPECIFIED.,.F.,.F.,(4,4),(0.,0.999999297193821),.UNSPECIFIED.);
#4362=B_SPLINE_CURVE_WITH_KNOTS('',3,(#8168,#8169,#8170,#8171),
 .UNSPECIFIED.,.F.,.F.,(4,4),(0.,0.999995067939709),.UNSPECIFIED.);
#4363=B_SPLINE_CURVE_WITH_KNOTS('',3,(#8173,#8174,#8175,#8176,#8177,#8178,
#8179,#8180,#8181,#8182,#8183,#8184,#8185,#8186,#8187,#8188,#8189,#8190,
#8191),.UNSPECIFIED.,.F.,.F.,(4,1,1,1,1,1,1,1,1,1,1,1,1,1,1,1,4),(0.,0.0625,
0.125,0.1875,0.25,0.3125,0.375,0.4375,0.5,0.5625,0.625,0.6875,0.75,0.8125,
0.875,0.9375,1.),.UNSPECIFIED.);
#4364=B_SPLINE_CURVE_WITH_KNOTS('',3,(#8194,#8195,#8196,#8197),
 .UNSPECIFIED.,.F.,.F.,(4,4),(0.,1.),.UNSPECIFIED.);
#4365=B_SPLINE_CURVE_WITH_KNOTS('',3,(#8199,#8200,#8201,#8202,#8203,#8204,
#8205,#8206,#8207),.UNSPECIFIED.,.F.,.F.,(4,1,1,1,1,1,4),(0.,0.125,0.25,
0.5,0.75,0.875,1.),.UNSPECIFIED.);
#4366=B_SPLINE_CURVE_WITH_KNOTS('',3,(#8209,#8210,#8211,#8212),
 .UNSPECIFIED.,.F.,.F.,(4,4),(0.,1.),.UNSPECIFIED.);
#4367=B_SPLINE_CURVE_WITH_KNOTS('',3,(#8231,#8232,#8233,#8234),
 .UNSPECIFIED.,.F.,.F.,(4,4),(0.,1.),.UNSPECIFIED.);
#4368=B_SPLINE_CURVE_WITH_KNOTS('',3,(#8236,#8237,#8238,#8239,#8240),
 .UNSPECIFIED.,.F.,.F.,(4,1,4),(0.,0.5,1.),.UNSPECIFIED.);
#4369=B_SPLINE_CURVE_WITH_KNOTS('',3,(#8249,#8250,#8251,#8252),
 .UNSPECIFIED.,.F.,.F.,(4,4),(0.,1.),.UNSPECIFIED.);
#4370=B_SPLINE_CURVE_WITH_KNOTS('',3,(#8254,#8255,#8256,#8257),
 .UNSPECIFIED.,.F.,.F.,(4,4),(0.,1.),.UNSPECIFIED.);
#4371=B_SPLINE_CURVE_WITH_KNOTS('',3,(#8276,#8277,#8278,#8279),
 .UNSPECIFIED.,.F.,.F.,(4,4),(0.,1.),.UNSPECIFIED.);
#4372=B_SPLINE_CURVE_WITH_KNOTS('',3,(#8298,#8299,#8300,#8301,#8302),
 .UNSPECIFIED.,.F.,.F.,(4,1,4),(0.,0.5,1.),.UNSPECIFIED.);
#4373=B_SPLINE_CURVE_WITH_KNOTS('',3,(#8311,#8312,#8313,#8314),
 .UNSPECIFIED.,.F.,.F.,(4,4),(0.,1.),.UNSPECIFIED.);
#4374=B_SPLINE_CURVE_WITH_KNOTS('',3,(#8351,#8352,#8353,#8354,#8355),
 .UNSPECIFIED.,.F.,.F.,(4,1,4),(0.,0.5,1.),.UNSPECIFIED.);
#4375=B_SPLINE_CURVE_WITH_KNOTS('',3,(#8357,#8358,#8359,#8360),
 .UNSPECIFIED.,.F.,.F.,(4,4),(0.,1.),.UNSPECIFIED.);
#4376=B_SPLINE_CURVE_WITH_KNOTS('',3,(#8379,#8380,#8381,#8382),
 .UNSPECIFIED.,.F.,.F.,(4,4),(0.,1.),.UNSPECIFIED.);
#4377=B_SPLINE_CURVE_WITH_KNOTS('',3,(#8391,#8392,#8393,#8394),
 .UNSPECIFIED.,.F.,.F.,(4,4),(0.,1.),.UNSPECIFIED.);
#4378=B_SPLINE_CURVE_WITH_KNOTS('',3,(#8396,#8397,#8398,#8399),
 .UNSPECIFIED.,.F.,.F.,(4,4),(0.,1.),.UNSPECIFIED.);
#4379=B_SPLINE_CURVE_WITH_KNOTS('',3,(#8408,#8409,#8410,#8411),
 .UNSPECIFIED.,.F.,.F.,(4,4),(0.,1.),.UNSPECIFIED.);
#4380=B_SPLINE_CURVE_WITH_KNOTS('',3,(#8430,#8431,#8432,#8433,#8434),
 .UNSPECIFIED.,.F.,.F.,(4,1,4),(0.,0.5,1.),.UNSPECIFIED.);
#4381=B_SPLINE_CURVE_WITH_KNOTS('',3,(#8461,#8462,#8463,#8464),
 .UNSPECIFIED.,.F.,.F.,(4,4),(0.,1.),.UNSPECIFIED.);
#4382=B_SPLINE_CURVE_WITH_KNOTS('',3,(#8465,#8466,#8467,#8468),
 .UNSPECIFIED.,.F.,.F.,(4,4),(0.,1.),.UNSPECIFIED.);
#4383=B_SPLINE_CURVE_WITH_KNOTS('',3,(#8511,#8512,#8513,#8514),
 .UNSPECIFIED.,.F.,.F.,(4,4),(0.,1.),.UNSPECIFIED.);
#4384=B_SPLINE_CURVE_WITH_KNOTS('',3,(#8591,#8592,#8593,#8594),
 .UNSPECIFIED.,.F.,.F.,(4,4),(0.,1.),.UNSPECIFIED.);
#4385=B_SPLINE_CURVE_WITH_KNOTS('',3,(#8611,#8612,#8613,#8614),
 .UNSPECIFIED.,.F.,.F.,(4,4),(0.,1.),.UNSPECIFIED.);
#4386=B_SPLINE_CURVE_WITH_KNOTS('',3,(#8615,#8616,#8617,#8618),
 .UNSPECIFIED.,.F.,.F.,(4,4),(0.,1.),.UNSPECIFIED.);
#4387=B_SPLINE_CURVE_WITH_KNOTS('',3,(#8661,#8662,#8663,#8664),
 .UNSPECIFIED.,.F.,.F.,(4,4),(0.,1.),.UNSPECIFIED.);
#4388=B_SPLINE_CURVE_WITH_KNOTS('',3,(#8741,#8742,#8743,#8744),
 .UNSPECIFIED.,.F.,.F.,(4,4),(0.,1.),.UNSPECIFIED.);
#4389=B_SPLINE_CURVE_WITH_KNOTS('',3,(#8761,#8762,#8763,#8764),
 .UNSPECIFIED.,.F.,.F.,(4,4),(0.,1.),.UNSPECIFIED.);
#4390=B_SPLINE_CURVE_WITH_KNOTS('',3,(#8765,#8766,#8767,#8768),
 .UNSPECIFIED.,.F.,.F.,(4,4),(0.,1.),.UNSPECIFIED.);
#4391=B_SPLINE_CURVE_WITH_KNOTS('',3,(#8785,#8786,#8787,#8788),
 .UNSPECIFIED.,.F.,.F.,(4,4),(0.,1.),.UNSPECIFIED.);
#4392=B_SPLINE_CURVE_WITH_KNOTS('',3,(#8865,#8866,#8867,#8868),
 .UNSPECIFIED.,.F.,.F.,(4,4),(0.,1.),.UNSPECIFIED.);
#4393=B_SPLINE_CURVE_WITH_KNOTS('',3,(#8885,#8886,#8887,#8888),
 .UNSPECIFIED.,.F.,.F.,(4,4),(0.,1.),.UNSPECIFIED.);
#4394=B_SPLINE_CURVE_WITH_KNOTS('',3,(#8889,#8890,#8891,#8892),
 .UNSPECIFIED.,.F.,.F.,(4,4),(0.,1.),.UNSPECIFIED.);
#4395=B_SPLINE_CURVE_WITH_KNOTS('',3,(#8909,#8910,#8911,#8912),
 .UNSPECIFIED.,.F.,.F.,(4,4),(0.,1.),.UNSPECIFIED.);
#4396=B_SPLINE_CURVE_WITH_KNOTS('',3,(#8989,#8990,#8991,#8992),
 .UNSPECIFIED.,.F.,.F.,(4,4),(0.,1.),.UNSPECIFIED.);
#4397=B_SPLINE_CURVE_WITH_KNOTS('',2,(#9030,#9031,#9032),.UNSPECIFIED.,
 .F.,.F.,(3,3),(0.,1.),.PIECEWISE_BEZIER_KNOTS.);
#4398=B_SPLINE_CURVE_WITH_KNOTS('',2,(#9036,#9037,#9038),.UNSPECIFIED.,
 .F.,.F.,(3,3),(0.,1.),.PIECEWISE_BEZIER_KNOTS.);
#4399=B_SPLINE_CURVE_WITH_KNOTS('',2,(#9047,#9048,#9049),.UNSPECIFIED.,
 .F.,.F.,(3,3),(0.,1.),.PIECEWISE_BEZIER_KNOTS.);
#4400=B_SPLINE_CURVE_WITH_KNOTS('',2,(#9053,#9054,#9055),.UNSPECIFIED.,
 .F.,.F.,(3,3),(0.,1.),.PIECEWISE_BEZIER_KNOTS.);
#4401=B_SPLINE_CURVE_WITH_KNOTS('',2,(#9064,#9065,#9066),.UNSPECIFIED.,
 .F.,.F.,(3,3),(0.,1.),.PIECEWISE_BEZIER_KNOTS.);
#4402=B_SPLINE_CURVE_WITH_KNOTS('',2,(#9070,#9071,#9072),.UNSPECIFIED.,
 .F.,.F.,(3,3),(0.,1.),.PIECEWISE_BEZIER_KNOTS.);
#4403=B_SPLINE_CURVE_WITH_KNOTS('',2,(#9083,#9084,#9085),.UNSPECIFIED.,
 .F.,.F.,(3,3),(0.,1.),.PIECEWISE_BEZIER_KNOTS.);
#4404=B_SPLINE_CURVE_WITH_KNOTS('',2,(#9098,#9099,#9100),.UNSPECIFIED.,
 .F.,.F.,(3,3),(0.,1.),.PIECEWISE_BEZIER_KNOTS.);
#4405=B_SPLINE_CURVE_WITH_KNOTS('',2,(#9129,#9130,#9131),.UNSPECIFIED.,
 .F.,.F.,(3,3),(0.,1.),.PIECEWISE_BEZIER_KNOTS.);
#4406=B_SPLINE_CURVE_WITH_KNOTS('',2,(#9140,#9141,#9142),.UNSPECIFIED.,
 .F.,.F.,(3,3),(0.,1.),.PIECEWISE_BEZIER_KNOTS.);
#4407=B_SPLINE_CURVE_WITH_KNOTS('',2,(#9143,#9144,#9145),.UNSPECIFIED.,
 .F.,.F.,(3,3),(0.,1.),.PIECEWISE_BEZIER_KNOTS.);
#4408=B_SPLINE_CURVE_WITH_KNOTS('',2,(#9410,#9411,#9412),.UNSPECIFIED.,
 .F.,.F.,(3,3),(0.,1.),.PIECEWISE_BEZIER_KNOTS.);
#4409=B_SPLINE_CURVE_WITH_KNOTS('',2,(#9416,#9417,#9418),.UNSPECIFIED.,
 .F.,.F.,(3,3),(0.,1.),.PIECEWISE_BEZIER_KNOTS.);
#4410=B_SPLINE_CURVE_WITH_KNOTS('',2,(#9427,#9428,#9429),.UNSPECIFIED.,
 .F.,.F.,(3,3),(0.,1.),.PIECEWISE_BEZIER_KNOTS.);
#4411=B_SPLINE_CURVE_WITH_KNOTS('',2,(#9433,#9434,#9435),.UNSPECIFIED.,
 .F.,.F.,(3,3),(0.,1.),.PIECEWISE_BEZIER_KNOTS.);
#4412=B_SPLINE_CURVE_WITH_KNOTS('',2,(#9444,#9445,#9446),.UNSPECIFIED.,
 .F.,.F.,(3,3),(0.,1.),.PIECEWISE_BEZIER_KNOTS.);
#4413=B_SPLINE_CURVE_WITH_KNOTS('',2,(#9450,#9451,#9452),.UNSPECIFIED.,
 .F.,.F.,(3,3),(0.,1.),.PIECEWISE_BEZIER_KNOTS.);
#4414=B_SPLINE_CURVE_WITH_KNOTS('',2,(#9485,#9486,#9487),.UNSPECIFIED.,
 .F.,.F.,(3,3),(0.,1.),.PIECEWISE_BEZIER_KNOTS.);
#4415=B_SPLINE_CURVE_WITH_KNOTS('',2,(#9498,#9499,#9500),.UNSPECIFIED.,
 .F.,.F.,(3,3),(0.,1.),.PIECEWISE_BEZIER_KNOTS.);
#4416=B_SPLINE_CURVE_WITH_KNOTS('',2,(#9511,#9512,#9513),.UNSPECIFIED.,
 .F.,.F.,(3,3),(0.,1.),.PIECEWISE_BEZIER_KNOTS.);
#4417=B_SPLINE_CURVE_WITH_KNOTS('',2,(#9532,#9533,#9534),.UNSPECIFIED.,
 .F.,.F.,(3,3),(0.,1.),.PIECEWISE_BEZIER_KNOTS.);
#4418=B_SPLINE_CURVE_WITH_KNOTS('',2,(#9535,#9536,#9537),.UNSPECIFIED.,
 .F.,.F.,(3,3),(0.,1.),.PIECEWISE_BEZIER_KNOTS.);
#4419=B_SPLINE_CURVE_WITH_KNOTS('',2,(#9549,#9550,#9551),.UNSPECIFIED.,
 .F.,.F.,(3,3),(0.,1.),.PIECEWISE_BEZIER_KNOTS.);
#4420=B_SPLINE_CURVE_WITH_KNOTS('',2,(#9564,#9565,#9566),.UNSPECIFIED.,
 .F.,.F.,(3,3),(0.,1.),.PIECEWISE_BEZIER_KNOTS.);
#4421=B_SPLINE_CURVE_WITH_KNOTS('',2,(#9577,#9578,#9579),.UNSPECIFIED.,
 .F.,.F.,(3,3),(0.,1.),.PIECEWISE_BEZIER_KNOTS.);
#4422=B_SPLINE_CURVE_WITH_KNOTS('',2,(#9590,#9591,#9592),.UNSPECIFIED.,
 .F.,.F.,(3,3),(0.,1.),.PIECEWISE_BEZIER_KNOTS.);
#4423=B_SPLINE_CURVE_WITH_KNOTS('',2,(#9603,#9604,#9605),.UNSPECIFIED.,
 .F.,.F.,(3,3),(0.,1.),.PIECEWISE_BEZIER_KNOTS.);
#4424=B_SPLINE_CURVE_WITH_KNOTS('',2,(#9616,#9617,#9618),.UNSPECIFIED.,
 .F.,.F.,(3,3),(0.,1.),.PIECEWISE_BEZIER_KNOTS.);
#4425=B_SPLINE_CURVE_WITH_KNOTS('',2,(#9629,#9630,#9631),.UNSPECIFIED.,
 .F.,.F.,(3,3),(0.,1.),.PIECEWISE_BEZIER_KNOTS.);
#4426=B_SPLINE_CURVE_WITH_KNOTS('',2,(#9642,#9643,#9644),.UNSPECIFIED.,
 .F.,.F.,(3,3),(0.,1.),.PIECEWISE_BEZIER_KNOTS.);
#4427=B_SPLINE_CURVE_WITH_KNOTS('',2,(#9655,#9656,#9657),.UNSPECIFIED.,
 .F.,.F.,(3,3),(0.,1.),.PIECEWISE_BEZIER_KNOTS.);
#4428=B_SPLINE_CURVE_WITH_KNOTS('',2,(#9676,#9677,#9678),.UNSPECIFIED.,
 .F.,.F.,(3,3),(0.,1.),.PIECEWISE_BEZIER_KNOTS.);
#4429=B_SPLINE_CURVE_WITH_KNOTS('',2,(#9689,#9690,#9691),.UNSPECIFIED.,
 .F.,.F.,(3,3),(0.,1.),.PIECEWISE_BEZIER_KNOTS.);
#4430=B_SPLINE_CURVE_WITH_KNOTS('',2,(#9702,#9703,#9704),.UNSPECIFIED.,
 .F.,.F.,(3,3),(0.,1.),.PIECEWISE_BEZIER_KNOTS.);
#4431=B_SPLINE_CURVE_WITH_KNOTS('',2,(#9715,#9716,#9717),.UNSPECIFIED.,
 .F.,.F.,(3,3),(0.,1.),.PIECEWISE_BEZIER_KNOTS.);
#4432=B_SPLINE_CURVE_WITH_KNOTS('',2,(#9728,#9729,#9730),.UNSPECIFIED.,
 .F.,.F.,(3,3),(0.,1.),.PIECEWISE_BEZIER_KNOTS.);
#4433=B_SPLINE_CURVE_WITH_KNOTS('',2,(#9741,#9742,#9743),.UNSPECIFIED.,
 .F.,.F.,(3,3),(0.,1.),.PIECEWISE_BEZIER_KNOTS.);
#4434=B_SPLINE_CURVE_WITH_KNOTS('',2,(#9754,#9755,#9756),.UNSPECIFIED.,
 .F.,.F.,(3,3),(0.,1.),.PIECEWISE_BEZIER_KNOTS.);
#4435=B_SPLINE_CURVE_WITH_KNOTS('',2,(#9767,#9768,#9769),.UNSPECIFIED.,
 .F.,.F.,(3,3),(0.,1.),.PIECEWISE_BEZIER_KNOTS.);
#4436=B_SPLINE_CURVE_WITH_KNOTS('',2,(#9780,#9781,#9782),.UNSPECIFIED.,
 .F.,.F.,(3,3),(0.,1.),.PIECEWISE_BEZIER_KNOTS.);
#4437=B_SPLINE_CURVE_WITH_KNOTS('',2,(#9805,#9806,#9807),.UNSPECIFIED.,
 .F.,.F.,(3,3),(0.,1.),.PIECEWISE_BEZIER_KNOTS.);
#4438=B_SPLINE_CURVE_WITH_KNOTS('',2,(#9816,#9817,#9818),.UNSPECIFIED.,
 .F.,.F.,(3,3),(0.,1.),.PIECEWISE_BEZIER_KNOTS.);
#4439=B_SPLINE_CURVE_WITH_KNOTS('',2,(#9859,#9860,#9861),.UNSPECIFIED.,
 .F.,.F.,(3,3),(0.,1.),.PIECEWISE_BEZIER_KNOTS.);
#4440=B_SPLINE_CURVE_WITH_KNOTS('',2,(#9968,#9969,#9970),.UNSPECIFIED.,
 .F.,.F.,(3,3),(0.,1.),.PIECEWISE_BEZIER_KNOTS.);
#4441=B_SPLINE_CURVE_WITH_KNOTS('',2,(#9981,#9982,#9983),.UNSPECIFIED.,
 .F.,.F.,(3,3),(0.,1.),.PIECEWISE_BEZIER_KNOTS.);
#4442=B_SPLINE_CURVE_WITH_KNOTS('',2,(#9994,#9995,#9996),.UNSPECIFIED.,
 .F.,.F.,(3,3),(0.,1.),.PIECEWISE_BEZIER_KNOTS.);
#4443=B_SPLINE_CURVE_WITH_KNOTS('',2,(#10007,#10008,#10009),
 .UNSPECIFIED.,.F.,.F.,(3,3),(0.,1.),.PIECEWISE_BEZIER_KNOTS.);
#4444=B_SPLINE_CURVE_WITH_KNOTS('',2,(#10024,#10025,#10026),
 .UNSPECIFIED.,.F.,.F.,(3,3),(0.,1.),.PIECEWISE_BEZIER_KNOTS.);
#4445=B_SPLINE_CURVE_WITH_KNOTS('',2,(#10155,#10156,#10157),
 .UNSPECIFIED.,.F.,.F.,(3,3),(0.,1.),.PIECEWISE_BEZIER_KNOTS.);
#4446=B_SPLINE_CURVE_WITH_KNOTS('',2,(#10264,#10265,#10266),
 .UNSPECIFIED.,.F.,.F.,(3,3),(0.,1.),.PIECEWISE_BEZIER_KNOTS.);
#4447=B_SPLINE_CURVE_WITH_KNOTS('',2,(#10277,#10278,#10279),
 .UNSPECIFIED.,.F.,.F.,(3,3),(0.,1.),.PIECEWISE_BEZIER_KNOTS.);
#4448=B_SPLINE_CURVE_WITH_KNOTS('',2,(#10290,#10291,#10292),
 .UNSPECIFIED.,.F.,.F.,(3,3),(0.,1.),.PIECEWISE_BEZIER_KNOTS.);
#4449=B_SPLINE_CURVE_WITH_KNOTS('',2,(#10303,#10304,#10305),
 .UNSPECIFIED.,.F.,.F.,(3,3),(0.,1.),.PIECEWISE_BEZIER_KNOTS.);
#4450=B_SPLINE_CURVE_WITH_KNOTS('',2,(#10320,#10321,#10322),
 .UNSPECIFIED.,.F.,.F.,(3,3),(0.,1.),.PIECEWISE_BEZIER_KNOTS.);
#4451=EDGE_LOOP('',(#1272,#1273,#1274,#1275));
#4452=EDGE_LOOP('',(#1276,#1277,#1278,#1279,#1280,#1281,#1282,#1283,#1284,
#1285,#1286,#1287,#1288,#1289,#1290,#1291,#1292,#1293,#1294,#1295,#1296,
#1297,#1298,#1299,#1300,#1301,#1302,#1303,#1304,#1305,#1306,#1307,#1308,
#1309,#1310,#1311,#1312,#1313,#1314,#1315,#1316,#1317,#1318,#1319,#1320));
#4453=EDGE_LOOP('',(#1321,#1322,#1323,#1324,#1325,#1326,#1327,#1328,#1329,
#1330,#1331,#1332,#1333,#1334,#1335));
#4454=EDGE_LOOP('',(#1336,#1337,#1338,#1339,#1340,#1341,#1342,#1343,#1344,
#1345,#1346,#1347,#1348,#1349,#1350,#1351,#1352,#1353,#1354,#1355,#1356,
#1357,#1358,#1359,#1360,#1361,#1362,#1363,#1364,#1365,#1366,#1367,#1368,
#1369,#1370,#1371,#1372,#1373,#1374,#1375,#1376,#1377,#1378,#1379,#1380));
#4455=EDGE_LOOP('',(#1381,#1382,#1383,#1384,#1385,#1386,#1387,#1388,#1389,
#1390,#1391,#1392,#1393,#1394,#1395,#1396,#1397,#1398,#1399,#1400,#1401,
#1402,#1403));
#4456=EDGE_LOOP('',(#1404,#1405,#1406,#1407,#1408,#1409,#1410,#1411));
#4457=EDGE_LOOP('',(#1412,#1413,#1414,#1415,#1416,#1417,#1418,#1419));
#4458=EDGE_LOOP('',(#1420,#1421,#1422,#1423,#1424,#1425,#1426,#1427));
#4459=EDGE_LOOP('',(#1428,#1429,#1430,#1431,#1432,#1433,#1434,#1435,#1436,
#1437,#1438,#1439));
#4460=EDGE_LOOP('',(#1440,#1441,#1442,#1443,#1444,#1445,#1446,#1447,#1448,
#1449,#1450,#1451,#1452,#1453,#1454));
#4461=EDGE_LOOP('',(#1455,#1456,#1457,#1458,#1459,#1460,#1461,#1462,#1463,
#1464,#1465,#1466,#1467,#1468,#1469));
#4462=EDGE_LOOP('',(#1470,#1471,#1472,#1473,#1474,#1475,#1476,#1477,#1478,
#1479,#1480));
#4463=EDGE_LOOP('',(#1481,#1482,#1483,#1484,#1485,#1486,#1487,#1488,#1489,
#1490,#1491,#1492,#1493,#1494,#1495,#1496,#1497,#1498,#1499,#1500,#1501,
#1502,#1503,#1504,#1505));
#4464=EDGE_LOOP('',(#1506,#1507,#1508,#1509,#1510));
#4465=EDGE_LOOP('',(#1511,#1512,#1513,#1514,#1515));
#4466=EDGE_LOOP('',(#1516,#1517,#1518,#1519,#1520,#1521,#1522,#1523));
#4467=EDGE_LOOP('',(#1524,#1525,#1526,#1527,#1528));
#4468=EDGE_LOOP('',(#1529,#1530,#1531,#1532));
#4469=EDGE_LOOP('',(#1533,#1534,#1535,#1536));
#4470=EDGE_LOOP('',(#1537,#1538,#1539,#1540));
#4471=EDGE_LOOP('',(#1541,#1542,#1543,#1544));
#4472=EDGE_LOOP('',(#1545,#1546,#1547,#1548));
#4473=EDGE_LOOP('',(#1549,#1550,#1551,#1552,#1553));
#4474=EDGE_LOOP('',(#1554,#1555,#1556,#1557));
#4475=EDGE_LOOP('',(#1558,#1559,#1560,#1561));
#4476=EDGE_LOOP('',(#1562,#1563,#1564,#1565));
#4477=EDGE_LOOP('',(#1566,#1567,#1568,#1569));
#4478=EDGE_LOOP('',(#1570,#1571,#1572,#1573));
#4479=EDGE_LOOP('',(#1574,#1575,#1576,#1577));
#4480=EDGE_LOOP('',(#1578,#1579,#1580,#1581));
#4481=EDGE_LOOP('',(#1582,#1583,#1584,#1585));
#4482=EDGE_LOOP('',(#1586,#1587,#1588,#1589));
#4483=EDGE_LOOP('',(#1590,#1591,#1592,#1593));
#4484=EDGE_LOOP('',(#1594,#1595,#1596,#1597));
#4485=EDGE_LOOP('',(#1598,#1599,#1600,#1601));
#4486=EDGE_LOOP('',(#1602,#1603,#1604,#1605));
#4487=EDGE_LOOP('',(#1606,#1607,#1608,#1609));
#4488=EDGE_LOOP('',(#1610,#1611,#1612,#1613));
#4489=EDGE_LOOP('',(#1614,#1615,#1616,#1617));
#4490=EDGE_LOOP('',(#1618,#1619,#1620,#1621));
#4491=EDGE_LOOP('',(#1622,#1623,#1624,#1625));
#4492=EDGE_LOOP('',(#1626,#1627,#1628,#1629,#1630,#1631));
#4493=EDGE_LOOP('',(#1632,#1633,#1634,#1635));
#4494=EDGE_LOOP('',(#1636,#1637,#1638,#1639));
#4495=EDGE_LOOP('',(#1640,#1641,#1642,#1643));
#4496=EDGE_LOOP('',(#1644,#1645,#1646,#1647,#1648,#1649));
#4497=EDGE_LOOP('',(#1650,#1651,#1652,#1653));
#4498=EDGE_LOOP('',(#1654,#1655,#1656,#1657));
#4499=EDGE_LOOP('',(#1658,#1659,#1660,#1661));
#4500=EDGE_LOOP('',(#1662,#1663,#1664,#1665,#1666,#1667));
#4501=EDGE_LOOP('',(#1668,#1669,#1670,#1671));
#4502=EDGE_LOOP('',(#1672,#1673,#1674,#1675));
#4503=EDGE_LOOP('',(#1676,#1677,#1678,#1679));
#4504=EDGE_LOOP('',(#1680,#1681,#1682,#1683,#1684,#1685));
#4505=EDGE_LOOP('',(#1686,#1687,#1688,#1689));
#4506=EDGE_LOOP('',(#1690,#1691,#1692,#1693));
#4507=EDGE_LOOP('',(#1694,#1695,#1696,#1697));
#4508=EDGE_LOOP('',(#1698,#1699,#1700,#1701));
#4509=EDGE_LOOP('',(#1702,#1703,#1704,#1705));
#4510=EDGE_LOOP('',(#1706,#1707,#1708,#1709));
#4511=EDGE_LOOP('',(#1710,#1711,#1712,#1713));
#4512=EDGE_LOOP('',(#1714,#1715,#1716,#1717));
#4513=EDGE_LOOP('',(#1718,#1719,#1720,#1721));
#4514=EDGE_LOOP('',(#1722,#1723,#1724,#1725));
#4515=EDGE_LOOP('',(#1726,#1727,#1728,#1729));
#4516=EDGE_LOOP('',(#1730,#1731,#1732,#1733));
#4517=EDGE_LOOP('',(#1734,#1735,#1736,#1737));
#4518=EDGE_LOOP('',(#1738,#1739,#1740,#1741));
#4519=EDGE_LOOP('',(#1742,#1743,#1744,#1745));
#4520=EDGE_LOOP('',(#1746,#1747,#1748,#1749));
#4521=EDGE_LOOP('',(#1750,#1751,#1752,#1753,#1754,#1755,#1756,#1757));
#4522=EDGE_LOOP('',(#1758,#1759,#1760,#1761,#1762,#1763,#1764));
#4523=EDGE_LOOP('',(#1765,#1766,#1767,#1768));
#4524=EDGE_LOOP('',(#1769,#1770,#1771,#1772));
#4525=EDGE_LOOP('',(#1773,#1774,#1775,#1776));
#4526=EDGE_LOOP('',(#1777,#1778,#1779,#1780));
#4527=EDGE_LOOP('',(#1781,#1782,#1783,#1784));
#4528=EDGE_LOOP('',(#1785,#1786,#1787,#1788));
#4529=EDGE_LOOP('',(#1789,#1790,#1791,#1792));
#4530=EDGE_LOOP('',(#1793,#1794,#1795,#1796));
#4531=EDGE_LOOP('',(#1797,#1798,#1799,#1800));
#4532=EDGE_LOOP('',(#1801,#1802,#1803,#1804));
#4533=EDGE_LOOP('',(#1805,#1806,#1807,#1808));
#4534=EDGE_LOOP('',(#1809,#1810,#1811,#1812));
#4535=EDGE_LOOP('',(#1813,#1814,#1815,#1816,#1817,#1818,#1819,#1820,#1821,
#1822,#1823,#1824));
#4536=EDGE_LOOP('',(#1825,#1826,#1827,#1828));
#4537=EDGE_LOOP('',(#1829,#1830,#1831,#1832));
#4538=EDGE_LOOP('',(#1833,#1834,#1835,#1836));
#4539=EDGE_LOOP('',(#1837,#1838,#1839,#1840));
#4540=EDGE_LOOP('',(#1841,#1842,#1843,#1844));
#4541=EDGE_LOOP('',(#1845,#1846,#1847,#1848));
#4542=EDGE_LOOP('',(#1849,#1850,#1851,#1852));
#4543=EDGE_LOOP('',(#1853,#1854,#1855,#1856));
#4544=EDGE_LOOP('',(#1857,#1858,#1859,#1860));
#4545=EDGE_LOOP('',(#1861,#1862,#1863,#1864));
#4546=EDGE_LOOP('',(#1865,#1866,#1867,#1868));
#4547=EDGE_LOOP('',(#1869,#1870,#1871,#1872));
#4548=EDGE_LOOP('',(#1873,#1874,#1875,#1876));
#4549=EDGE_LOOP('',(#1877,#1878,#1879,#1880));
#4550=EDGE_LOOP('',(#1881,#1882,#1883,#1884));
#4551=EDGE_LOOP('',(#1885,#1886,#1887,#1888,#1889,#1890,#1891,#1892,#1893,
#1894,#1895,#1896,#1897,#1898,#1899));
#4552=EDGE_LOOP('',(#1900,#1901,#1902,#1903));
#4553=EDGE_LOOP('',(#1904,#1905,#1906,#1907));
#4554=EDGE_LOOP('',(#1908,#1909,#1910,#1911));
#4555=EDGE_LOOP('',(#1912,#1913,#1914,#1915));
#4556=EDGE_LOOP('',(#1916,#1917,#1918,#1919));
#4557=EDGE_LOOP('',(#1920,#1921,#1922,#1923));
#4558=EDGE_LOOP('',(#1924,#1925,#1926,#1927));
#4559=EDGE_LOOP('',(#1928,#1929,#1930,#1931));
#4560=EDGE_LOOP('',(#1932,#1933,#1934,#1935));
#4561=EDGE_LOOP('',(#1936,#1937,#1938,#1939));
#4562=EDGE_LOOP('',(#1940,#1941,#1942,#1943));
#4563=EDGE_LOOP('',(#1944,#1945,#1946,#1947));
#4564=EDGE_LOOP('',(#1948,#1949,#1950,#1951));
#4565=EDGE_LOOP('',(#1952,#1953,#1954,#1955));
#4566=EDGE_LOOP('',(#1956,#1957,#1958,#1959));
#4567=EDGE_LOOP('',(#1960,#1961,#1962,#1963,#1964,#1965,#1966,#1967,#1968,
#1969,#1970,#1971,#1972,#1973,#1974));
#4568=EDGE_LOOP('',(#1975,#1976,#1977,#1978));
#4569=EDGE_LOOP('',(#1979,#1980,#1981,#1982));
#4570=EDGE_LOOP('',(#1983,#1984,#1985,#1986));
#4571=EDGE_LOOP('',(#1987,#1988,#1989,#1990));
#4572=EDGE_LOOP('',(#1991,#1992,#1993,#1994));
#4573=EDGE_LOOP('',(#1995,#1996,#1997,#1998));
#4574=EDGE_LOOP('',(#1999,#2000,#2001,#2002));
#4575=EDGE_LOOP('',(#2003,#2004,#2005,#2006));
#4576=EDGE_LOOP('',(#2007,#2008,#2009,#2010));
#4577=EDGE_LOOP('',(#2011,#2012,#2013,#2014));
#4578=EDGE_LOOP('',(#2015,#2016,#2017,#2018));
#4579=EDGE_LOOP('',(#2019,#2020,#2021,#2022));
#4580=EDGE_LOOP('',(#2023,#2024,#2025,#2026));
#4581=EDGE_LOOP('',(#2027,#2028,#2029,#2030,#2031,#2032,#2033,#2034));
#4582=EDGE_LOOP('',(#2035,#2036,#2037,#2038,#2039));
#4583=EDGE_LOOP('',(#2040,#2041,#2042,#2043));
#4584=EDGE_LOOP('',(#2044,#2045,#2046,#2047));
#4585=EDGE_LOOP('',(#2048,#2049,#2050,#2051));
#4586=EDGE_LOOP('',(#2052,#2053,#2054,#2055));
#4587=EDGE_LOOP('',(#2056,#2057,#2058,#2059));
#4588=EDGE_LOOP('',(#2060,#2061,#2062,#2063));
#4589=EDGE_LOOP('',(#2064,#2065,#2066,#2067));
#4590=EDGE_LOOP('',(#2068,#2069,#2070,#2071));
#4591=EDGE_LOOP('',(#2072,#2073,#2074,#2075));
#4592=EDGE_LOOP('',(#2076,#2077,#2078,#2079));
#4593=EDGE_LOOP('',(#2080,#2081,#2082,#2083));
#4594=EDGE_LOOP('',(#2084,#2085,#2086,#2087));
#4595=EDGE_LOOP('',(#2088,#2089,#2090,#2091));
#4596=EDGE_LOOP('',(#2092,#2093,#2094,#2095));
#4597=EDGE_LOOP('',(#2096,#2097,#2098,#2099));
#4598=EDGE_LOOP('',(#2100,#2101,#2102,#2103));
#4599=EDGE_LOOP('',(#2104,#2105,#2106,#2107));
#4600=EDGE_LOOP('',(#2108,#2109,#2110,#2111));
#4601=EDGE_LOOP('',(#2112,#2113,#2114,#2115,#2116,#2117,#2118,#2119,#2120,
#2121,#2122));
#4602=EDGE_LOOP('',(#2123,#2124,#2125,#2126,#2127,#2128,#2129));
#4603=EDGE_LOOP('',(#2130,#2131,#2132,#2133));
#4604=EDGE_LOOP('',(#2134,#2135,#2136,#2137));
#4605=EDGE_LOOP('',(#2138,#2139,#2140,#2141));
#4606=EDGE_LOOP('',(#2142,#2143,#2144,#2145));
#4607=EDGE_LOOP('',(#2146,#2147,#2148,#2149));
#4608=EDGE_LOOP('',(#2150,#2151,#2152,#2153));
#4609=EDGE_LOOP('',(#2154,#2155,#2156,#2157));
#4610=EDGE_LOOP('',(#2158,#2159,#2160,#2161));
#4611=EDGE_LOOP('',(#2162,#2163,#2164,#2165));
#4612=EDGE_LOOP('',(#2166,#2167,#2168,#2169));
#4613=EDGE_LOOP('',(#2170,#2171,#2172,#2173));
#4614=EDGE_LOOP('',(#2174,#2175,#2176,#2177));
#4615=EDGE_LOOP('',(#2178,#2179,#2180,#2181));
#4616=EDGE_LOOP('',(#2182,#2183,#2184,#2185));
#4617=EDGE_LOOP('',(#2186,#2187,#2188,#2189));
#4618=EDGE_LOOP('',(#2190,#2191,#2192,#2193));
#4619=EDGE_LOOP('',(#2194,#2195,#2196,#2197));
#4620=EDGE_LOOP('',(#2198,#2199,#2200,#2201));
#4621=EDGE_LOOP('',(#2202,#2203,#2204,#2205));
#4622=EDGE_LOOP('',(#2206,#2207,#2208,#2209));
#4623=EDGE_LOOP('',(#2210,#2211,#2212,#2213));
#4624=EDGE_LOOP('',(#2214,#2215,#2216,#2217));
#4625=EDGE_LOOP('',(#2218,#2219,#2220,#2221));
#4626=EDGE_LOOP('',(#2222,#2223,#2224,#2225));
#4627=EDGE_LOOP('',(#2226,#2227,#2228,#2229));
#4628=EDGE_LOOP('',(#2230,#2231,#2232,#2233,#2234,#2235,#2236,#2237,#2238,
#2239,#2240,#2241,#2242,#2243,#2244,#2245,#2246,#2247,#2248,#2249,#2250,
#2251,#2252,#2253,#2254));
#4629=EDGE_LOOP('',(#2255,#2256,#2257,#2258,#2259,#2260,#2261));
#4630=EDGE_LOOP('',(#2262,#2263,#2264,#2265,#2266));
#4631=EDGE_LOOP('',(#2267,#2268,#2269,#2270,#2271,#2272,#2273));
#4632=EDGE_LOOP('',(#2274,#2275,#2276,#2277));
#4633=EDGE_LOOP('',(#2278,#2279,#2280,#2281));
#4634=EDGE_LOOP('',(#2282,#2283,#2284,#2285));
#4635=EDGE_LOOP('',(#2286,#2287,#2288,#2289));
#4636=EDGE_LOOP('',(#2290,#2291,#2292,#2293));
#4637=EDGE_LOOP('',(#2294,#2295,#2296,#2297));
#4638=EDGE_LOOP('',(#2298,#2299,#2300,#2301));
#4639=EDGE_LOOP('',(#2302,#2303,#2304,#2305));
#4640=EDGE_LOOP('',(#2306,#2307,#2308,#2309));
#4641=EDGE_LOOP('',(#2310,#2311,#2312,#2313));
#4642=EDGE_LOOP('',(#2314,#2315,#2316,#2317));
#4643=EDGE_LOOP('',(#2318,#2319,#2320,#2321));
#4644=EDGE_LOOP('',(#2322,#2323,#2324,#2325));
#4645=EDGE_LOOP('',(#2326,#2327,#2328,#2329));
#4646=EDGE_LOOP('',(#2330,#2331,#2332,#2333));
#4647=EDGE_LOOP('',(#2334,#2335,#2336,#2337));
#4648=EDGE_LOOP('',(#2338,#2339,#2340,#2341));
#4649=EDGE_LOOP('',(#2342,#2343,#2344,#2345));
#4650=EDGE_LOOP('',(#2346,#2347,#2348,#2349));
#4651=EDGE_LOOP('',(#2350,#2351,#2352,#2353));
#4652=EDGE_LOOP('',(#2354,#2355,#2356,#2357));
#4653=EDGE_LOOP('',(#2358,#2359,#2360,#2361));
#4654=EDGE_LOOP('',(#2362,#2363,#2364,#2365));
#4655=EDGE_LOOP('',(#2366,#2367,#2368,#2369));
#4656=EDGE_LOOP('',(#2370,#2371,#2372,#2373));
#4657=EDGE_LOOP('',(#2374,#2375,#2376,#2377));
#4658=EDGE_LOOP('',(#2378,#2379,#2380,#2381));
#4659=EDGE_LOOP('',(#2382,#2383,#2384,#2385));
#4660=EDGE_LOOP('',(#2386,#2387,#2388,#2389));
#4661=EDGE_LOOP('',(#2390,#2391,#2392,#2393));
#4662=EDGE_LOOP('',(#2394,#2395,#2396,#2397));
#4663=EDGE_LOOP('',(#2398,#2399,#2400,#2401));
#4664=EDGE_LOOP('',(#2402,#2403,#2404,#2405));
#4665=EDGE_LOOP('',(#2406,#2407,#2408,#2409));
#4666=EDGE_LOOP('',(#2410,#2411,#2412,#2413));
#4667=EDGE_LOOP('',(#2414,#2415,#2416,#2417));
#4668=EDGE_LOOP('',(#2418,#2419,#2420,#2421));
#4669=EDGE_LOOP('',(#2422,#2423,#2424,#2425));
#4670=EDGE_LOOP('',(#2426,#2427,#2428,#2429));
#4671=EDGE_LOOP('',(#2430,#2431,#2432,#2433));
#4672=EDGE_LOOP('',(#2434,#2435,#2436,#2437));
#4673=EDGE_LOOP('',(#2438,#2439,#2440,#2441));
#4674=EDGE_LOOP('',(#2442,#2443,#2444,#2445));
#4675=EDGE_LOOP('',(#2446,#2447,#2448,#2449));
#4676=EDGE_LOOP('',(#2450,#2451,#2452,#2453));
#4677=EDGE_LOOP('',(#2454,#2455,#2456,#2457,#2458,#2459,#2460,#2461,#2462,
#2463,#2464,#2465,#2466,#2467,#2468,#2469,#2470,#2471,#2472,#2473,#2474,
#2475,#2476,#2477,#2478,#2479,#2480,#2481,#2482,#2483,#2484,#2485,#2486,
#2487,#2488,#2489,#2490,#2491,#2492,#2493,#2494,#2495,#2496,#2497,#2498));
#4678=EDGE_LOOP('',(#2499,#2500,#2501,#2502));
#4679=EDGE_LOOP('',(#2503,#2504,#2505,#2506));
#4680=EDGE_LOOP('',(#2507,#2508,#2509,#2510));
#4681=EDGE_LOOP('',(#2511,#2512,#2513,#2514));
#4682=EDGE_LOOP('',(#2515,#2516,#2517,#2518));
#4683=EDGE_LOOP('',(#2519,#2520,#2521,#2522));
#4684=EDGE_LOOP('',(#2523,#2524,#2525,#2526));
#4685=EDGE_LOOP('',(#2527,#2528,#2529,#2530));
#4686=EDGE_LOOP('',(#2531,#2532,#2533,#2534));
#4687=EDGE_LOOP('',(#2535,#2536,#2537,#2538));
#4688=EDGE_LOOP('',(#2539,#2540,#2541,#2542));
#4689=EDGE_LOOP('',(#2543,#2544,#2545,#2546));
#4690=EDGE_LOOP('',(#2547,#2548,#2549,#2550));
#4691=EDGE_LOOP('',(#2551,#2552,#2553,#2554));
#4692=EDGE_LOOP('',(#2555,#2556,#2557,#2558));
#4693=EDGE_LOOP('',(#2559,#2560,#2561,#2562,#2563,#2564,#2565,#2566,#2567,
#2568,#2569,#2570,#2571,#2572,#2573));
#4694=EDGE_LOOP('',(#2574,#2575,#2576,#2577));
#4695=EDGE_LOOP('',(#2578,#2579,#2580,#2581));
#4696=EDGE_LOOP('',(#2582,#2583,#2584,#2585));
#4697=EDGE_LOOP('',(#2586,#2587,#2588,#2589));
#4698=EDGE_LOOP('',(#2590,#2591,#2592,#2593));
#4699=EDGE_LOOP('',(#2594,#2595,#2596,#2597));
#4700=EDGE_LOOP('',(#2598,#2599,#2600,#2601));
#4701=EDGE_LOOP('',(#2602,#2603,#2604,#2605));
#4702=EDGE_LOOP('',(#2606,#2607,#2608,#2609));
#4703=EDGE_LOOP('',(#2610,#2611,#2612,#2613));
#4704=EDGE_LOOP('',(#2614,#2615,#2616,#2617));
#4705=EDGE_LOOP('',(#2618,#2619,#2620,#2621));
#4706=EDGE_LOOP('',(#2622,#2623,#2624,#2625));
#4707=EDGE_LOOP('',(#2626,#2627,#2628,#2629));
#4708=EDGE_LOOP('',(#2630,#2631,#2632,#2633));
#4709=EDGE_LOOP('',(#2634,#2635,#2636,#2637));
#4710=EDGE_LOOP('',(#2638,#2639,#2640,#2641));
#4711=EDGE_LOOP('',(#2642,#2643,#2644,#2645));
#4712=EDGE_LOOP('',(#2646,#2647,#2648,#2649));
#4713=EDGE_LOOP('',(#2650,#2651,#2652,#2653));
#4714=EDGE_LOOP('',(#2654,#2655,#2656,#2657));
#4715=EDGE_LOOP('',(#2658,#2659,#2660,#2661));
#4716=EDGE_LOOP('',(#2662,#2663,#2664,#2665));
#4717=EDGE_LOOP('',(#2666,#2667,#2668,#2669));
#4718=EDGE_LOOP('',(#2670,#2671,#2672,#2673));
#4719=EDGE_LOOP('',(#2674,#2675,#2676,#2677));
#4720=EDGE_LOOP('',(#2678,#2679,#2680,#2681));
#4721=EDGE_LOOP('',(#2682,#2683,#2684,#2685));
#4722=EDGE_LOOP('',(#2686,#2687,#2688,#2689));
#4723=EDGE_LOOP('',(#2690,#2691,#2692,#2693));
#4724=EDGE_LOOP('',(#2694,#2695,#2696,#2697));
#4725=EDGE_LOOP('',(#2698,#2699,#2700,#2701));
#4726=EDGE_LOOP('',(#2702,#2703,#2704,#2705));
#4727=EDGE_LOOP('',(#2706,#2707,#2708,#2709));
#4728=EDGE_LOOP('',(#2710,#2711,#2712,#2713));
#4729=EDGE_LOOP('',(#2714,#2715,#2716,#2717));
#4730=EDGE_LOOP('',(#2718,#2719,#2720,#2721));
#4731=EDGE_LOOP('',(#2722,#2723,#2724,#2725));
#4732=EDGE_LOOP('',(#2726,#2727,#2728,#2729));
#4733=EDGE_LOOP('',(#2730,#2731,#2732,#2733));
#4734=EDGE_LOOP('',(#2734,#2735,#2736,#2737));
#4735=EDGE_LOOP('',(#2738,#2739,#2740,#2741));
#4736=EDGE_LOOP('',(#2742,#2743,#2744,#2745));
#4737=EDGE_LOOP('',(#2746,#2747,#2748,#2749));
#4738=EDGE_LOOP('',(#2750,#2751,#2752,#2753));
#4739=EDGE_LOOP('',(#2754,#2755,#2756,#2757,#2758,#2759,#2760,#2761,#2762,
#2763,#2764,#2765,#2766,#2767,#2768,#2769,#2770,#2771,#2772,#2773,#2774,
#2775,#2776,#2777,#2778,#2779,#2780,#2781,#2782,#2783,#2784,#2785,#2786,
#2787,#2788,#2789,#2790,#2791,#2792,#2793,#2794,#2795,#2796,#2797,#2798));
#4740=EDGE_LOOP('',(#2799,#2800,#2801,#2802));
#4741=EDGE_LOOP('',(#2803,#2804,#2805,#2806));
#4742=EDGE_LOOP('',(#2807,#2808,#2809,#2810));
#4743=EDGE_LOOP('',(#2811,#2812,#2813,#2814));
#4744=EDGE_LOOP('',(#2815,#2816,#2817,#2818));
#4745=EDGE_LOOP('',(#2819,#2820,#2821,#2822));
#4746=EDGE_LOOP('',(#2823,#2824,#2825,#2826));
#4747=EDGE_LOOP('',(#2827,#2828,#2829,#2830));
#4748=EDGE_LOOP('',(#2831,#2832,#2833,#2834));
#4749=EDGE_LOOP('',(#2835,#2836,#2837,#2838));
#4750=EDGE_LOOP('',(#2839,#2840,#2841,#2842));
#4751=EDGE_LOOP('',(#2843,#2844,#2845,#2846));
#4752=EDGE_LOOP('',(#2847,#2848,#2849,#2850));
#4753=EDGE_LOOP('',(#2851,#2852,#2853,#2854));
#4754=EDGE_LOOP('',(#2855,#2856,#2857,#2858));
#4755=EDGE_LOOP('',(#2859,#2860,#2861,#2862));
#4756=EDGE_LOOP('',(#2863,#2864,#2865,#2866));
#4757=EDGE_LOOP('',(#2867,#2868,#2869,#2870));
#4758=EDGE_LOOP('',(#2871,#2872,#2873,#2874));
#4759=EDGE_LOOP('',(#2875,#2876,#2877,#2878));
#4760=EDGE_LOOP('',(#2879,#2880,#2881,#2882));
#4761=EDGE_LOOP('',(#2883,#2884,#2885,#2886));
#4762=EDGE_LOOP('',(#2887,#2888,#2889,#2890));
#4763=EDGE_LOOP('',(#2891,#2892,#2893,#2894,#2895,#2896,#2897,#2898,#2899,
#2900,#2901,#2902,#2903,#2904,#2905,#2906,#2907,#2908,#2909,#2910,#2911,
#2912,#2913));
#4764=FACE_BOUND('',#4451,.T.);
#4765=FACE_BOUND('',#4452,.T.);
#4766=FACE_BOUND('',#4453,.T.);
#4767=FACE_BOUND('',#4454,.T.);
#4768=FACE_BOUND('',#4455,.T.);
#4769=FACE_BOUND('',#4456,.T.);
#4770=FACE_BOUND('',#4457,.T.);
#4771=FACE_BOUND('',#4458,.T.);
#4772=FACE_BOUND('',#4459,.T.);
#4773=FACE_BOUND('',#4460,.T.);
#4774=FACE_BOUND('',#4461,.T.);
#4775=FACE_BOUND('',#4462,.T.);
#4776=FACE_BOUND('',#4463,.T.);
#4777=FACE_BOUND('',#4464,.T.);
#4778=FACE_BOUND('',#4465,.T.);
#4779=FACE_BOUND('',#4466,.T.);
#4780=FACE_BOUND('',#4467,.T.);
#4781=FACE_BOUND('',#4468,.T.);
#4782=FACE_BOUND('',#4469,.T.);
#4783=FACE_BOUND('',#4470,.T.);
#4784=FACE_BOUND('',#4471,.T.);
#4785=FACE_BOUND('',#4472,.T.);
#4786=FACE_BOUND('',#4473,.T.);
#4787=FACE_BOUND('',#4474,.T.);
#4788=FACE_BOUND('',#4475,.T.);
#4789=FACE_BOUND('',#4476,.T.);
#4790=FACE_BOUND('',#4477,.T.);
#4791=FACE_BOUND('',#4478,.T.);
#4792=FACE_BOUND('',#4479,.T.);
#4793=FACE_BOUND('',#4480,.T.);
#4794=FACE_BOUND('',#4481,.T.);
#4795=FACE_BOUND('',#4482,.T.);
#4796=FACE_BOUND('',#4483,.T.);
#4797=FACE_BOUND('',#4484,.T.);
#4798=FACE_BOUND('',#4485,.T.);
#4799=FACE_BOUND('',#4486,.T.);
#4800=FACE_BOUND('',#4487,.T.);
#4801=FACE_BOUND('',#4488,.T.);
#4802=FACE_BOUND('',#4489,.T.);
#4803=FACE_BOUND('',#4490,.T.);
#4804=FACE_BOUND('',#4491,.T.);
#4805=FACE_BOUND('',#4492,.T.);
#4806=FACE_BOUND('',#4493,.T.);
#4807=FACE_BOUND('',#4494,.T.);
#4808=FACE_BOUND('',#4495,.T.);
#4809=FACE_BOUND('',#4496,.T.);
#4810=FACE_BOUND('',#4497,.T.);
#4811=FACE_BOUND('',#4498,.T.);
#4812=FACE_BOUND('',#4499,.T.);
#4813=FACE_BOUND('',#4500,.T.);
#4814=FACE_BOUND('',#4501,.T.);
#4815=FACE_BOUND('',#4502,.T.);
#4816=FACE_BOUND('',#4503,.T.);
#4817=FACE_BOUND('',#4504,.T.);
#4818=FACE_BOUND('',#4505,.T.);
#4819=FACE_BOUND('',#4506,.T.);
#4820=FACE_BOUND('',#4507,.T.);
#4821=FACE_BOUND('',#4508,.T.);
#4822=FACE_BOUND('',#4509,.T.);
#4823=FACE_BOUND('',#4510,.T.);
#4824=FACE_BOUND('',#4511,.T.);
#4825=FACE_BOUND('',#4512,.T.);
#4826=FACE_BOUND('',#4513,.T.);
#4827=FACE_BOUND('',#4514,.T.);
#4828=FACE_BOUND('',#4515,.T.);
#4829=FACE_BOUND('',#4516,.T.);
#4830=FACE_BOUND('',#4517,.T.);
#4831=FACE_BOUND('',#4518,.T.);
#4832=FACE_BOUND('',#4519,.T.);
#4833=FACE_BOUND('',#4520,.T.);
#4834=FACE_BOUND('',#4521,.T.);
#4835=FACE_BOUND('',#4522,.T.);
#4836=FACE_BOUND('',#4523,.T.);
#4837=FACE_BOUND('',#4524,.T.);
#4838=FACE_BOUND('',#4525,.T.);
#4839=FACE_BOUND('',#4526,.T.);
#4840=FACE_BOUND('',#4527,.T.);
#4841=FACE_BOUND('',#4528,.T.);
#4842=FACE_BOUND('',#4529,.T.);
#4843=FACE_BOUND('',#4530,.T.);
#4844=FACE_BOUND('',#4531,.T.);
#4845=FACE_BOUND('',#4532,.T.);
#4846=FACE_BOUND('',#4533,.T.);
#4847=FACE_BOUND('',#4534,.T.);
#4848=FACE_BOUND('',#4535,.T.);
#4849=FACE_BOUND('',#4536,.T.);
#4850=FACE_BOUND('',#4537,.T.);
#4851=FACE_BOUND('',#4538,.T.);
#4852=FACE_BOUND('',#4539,.T.);
#4853=FACE_BOUND('',#4540,.T.);
#4854=FACE_BOUND('',#4541,.T.);
#4855=FACE_BOUND('',#4542,.T.);
#4856=FACE_BOUND('',#4543,.T.);
#4857=FACE_BOUND('',#4544,.T.);
#4858=FACE_BOUND('',#4545,.T.);
#4859=FACE_BOUND('',#4546,.T.);
#4860=FACE_BOUND('',#4547,.T.);
#4861=FACE_BOUND('',#4548,.T.);
#4862=FACE_BOUND('',#4549,.T.);
#4863=FACE_BOUND('',#4550,.T.);
#4864=FACE_BOUND('',#4551,.T.);
#4865=FACE_BOUND('',#4552,.T.);
#4866=FACE_BOUND('',#4553,.T.);
#4867=FACE_BOUND('',#4554,.T.);
#4868=FACE_BOUND('',#4555,.T.);
#4869=FACE_BOUND('',#4556,.T.);
#4870=FACE_BOUND('',#4557,.T.);
#4871=FACE_BOUND('',#4558,.T.);
#4872=FACE_BOUND('',#4559,.T.);
#4873=FACE_BOUND('',#4560,.T.);
#4874=FACE_BOUND('',#4561,.T.);
#4875=FACE_BOUND('',#4562,.T.);
#4876=FACE_BOUND('',#4563,.T.);
#4877=FACE_BOUND('',#4564,.T.);
#4878=FACE_BOUND('',#4565,.T.);
#4879=FACE_BOUND('',#4566,.T.);
#4880=FACE_BOUND('',#4567,.T.);
#4881=FACE_BOUND('',#4568,.T.);
#4882=FACE_BOUND('',#4569,.T.);
#4883=FACE_BOUND('',#4570,.T.);
#4884=FACE_BOUND('',#4571,.T.);
#4885=FACE_BOUND('',#4572,.T.);
#4886=FACE_BOUND('',#4573,.T.);
#4887=FACE_BOUND('',#4574,.T.);
#4888=FACE_BOUND('',#4575,.T.);
#4889=FACE_BOUND('',#4576,.T.);
#4890=FACE_BOUND('',#4577,.T.);
#4891=FACE_BOUND('',#4578,.T.);
#4892=FACE_BOUND('',#4579,.T.);
#4893=FACE_BOUND('',#4580,.T.);
#4894=FACE_BOUND('',#4581,.T.);
#4895=FACE_BOUND('',#4582,.T.);
#4896=FACE_BOUND('',#4583,.T.);
#4897=FACE_BOUND('',#4584,.T.);
#4898=FACE_BOUND('',#4585,.T.);
#4899=FACE_BOUND('',#4586,.T.);
#4900=FACE_BOUND('',#4587,.T.);
#4901=FACE_BOUND('',#4588,.T.);
#4902=FACE_BOUND('',#4589,.T.);
#4903=FACE_BOUND('',#4590,.T.);
#4904=FACE_BOUND('',#4591,.T.);
#4905=FACE_BOUND('',#4592,.T.);
#4906=FACE_BOUND('',#4593,.T.);
#4907=FACE_BOUND('',#4594,.T.);
#4908=FACE_BOUND('',#4595,.T.);
#4909=FACE_BOUND('',#4596,.T.);
#4910=FACE_BOUND('',#4597,.T.);
#4911=FACE_BOUND('',#4598,.T.);
#4912=FACE_BOUND('',#4599,.T.);
#4913=FACE_BOUND('',#4600,.T.);
#4914=FACE_BOUND('',#4601,.T.);
#4915=FACE_BOUND('',#4602,.T.);
#4916=FACE_BOUND('',#4603,.T.);
#4917=FACE_BOUND('',#4604,.T.);
#4918=FACE_BOUND('',#4605,.T.);
#4919=FACE_BOUND('',#4606,.T.);
#4920=FACE_BOUND('',#4607,.T.);
#4921=FACE_BOUND('',#4608,.T.);
#4922=FACE_BOUND('',#4609,.T.);
#4923=FACE_BOUND('',#4610,.T.);
#4924=FACE_BOUND('',#4611,.T.);
#4925=FACE_BOUND('',#4612,.T.);
#4926=FACE_BOUND('',#4613,.T.);
#4927=FACE_BOUND('',#4614,.T.);
#4928=FACE_BOUND('',#4615,.T.);
#4929=FACE_BOUND('',#4616,.T.);
#4930=FACE_BOUND('',#4617,.T.);
#4931=FACE_BOUND('',#4618,.T.);
#4932=FACE_BOUND('',#4619,.T.);
#4933=FACE_BOUND('',#4620,.T.);
#4934=FACE_BOUND('',#4621,.T.);
#4935=FACE_BOUND('',#4622,.T.);
#4936=FACE_BOUND('',#4623,.T.);
#4937=FACE_BOUND('',#4624,.T.);
#4938=FACE_BOUND('',#4625,.T.);
#4939=FACE_BOUND('',#4626,.T.);
#4940=FACE_BOUND('',#4627,.T.);
#4941=FACE_BOUND('',#4628,.T.);
#4942=FACE_BOUND('',#4629,.T.);
#4943=FACE_BOUND('',#4630,.T.);
#4944=FACE_BOUND('',#4631,.T.);
#4945=FACE_BOUND('',#4632,.T.);
#4946=FACE_BOUND('',#4633,.T.);
#4947=FACE_BOUND('',#4634,.T.);
#4948=FACE_BOUND('',#4635,.T.);
#4949=FACE_BOUND('',#4636,.T.);
#4950=FACE_BOUND('',#4637,.T.);
#4951=FACE_BOUND('',#4638,.T.);
#4952=FACE_BOUND('',#4639,.T.);
#4953=FACE_BOUND('',#4640,.T.);
#4954=FACE_BOUND('',#4641,.T.);
#4955=FACE_BOUND('',#4642,.T.);
#4956=FACE_BOUND('',#4643,.T.);
#4957=FACE_BOUND('',#4644,.T.);
#4958=FACE_BOUND('',#4645,.T.);
#4959=FACE_BOUND('',#4646,.T.);
#4960=FACE_BOUND('',#4647,.T.);
#4961=FACE_BOUND('',#4648,.T.);
#4962=FACE_BOUND('',#4649,.T.);
#4963=FACE_BOUND('',#4650,.T.);
#4964=FACE_BOUND('',#4651,.T.);
#4965=FACE_BOUND('',#4652,.T.);
#4966=FACE_BOUND('',#4653,.T.);
#4967=FACE_BOUND('',#4654,.T.);
#4968=FACE_BOUND('',#4655,.T.);
#4969=FACE_BOUND('',#4656,.T.);
#4970=FACE_BOUND('',#4657,.T.);
#4971=FACE_BOUND('',#4658,.T.);
#4972=FACE_BOUND('',#4659,.T.);
#4973=FACE_BOUND('',#4660,.T.);
#4974=FACE_BOUND('',#4661,.T.);
#4975=FACE_BOUND('',#4662,.T.);
#4976=FACE_BOUND('',#4663,.T.);
#4977=FACE_BOUND('',#4664,.T.);
#4978=FACE_BOUND('',#4665,.T.);
#4979=FACE_BOUND('',#4666,.T.);
#4980=FACE_BOUND('',#4667,.T.);
#4981=FACE_BOUND('',#4668,.T.);
#4982=FACE_BOUND('',#4669,.T.);
#4983=FACE_BOUND('',#4670,.T.);
#4984=FACE_BOUND('',#4671,.T.);
#4985=FACE_BOUND('',#4672,.T.);
#4986=FACE_BOUND('',#4673,.T.);
#4987=FACE_BOUND('',#4674,.T.);
#4988=FACE_BOUND('',#4675,.T.);
#4989=FACE_BOUND('',#4676,.T.);
#4990=FACE_BOUND('',#4677,.T.);
#4991=FACE_BOUND('',#4678,.T.);
#4992=FACE_BOUND('',#4679,.T.);
#4993=FACE_BOUND('',#4680,.T.);
#4994=FACE_BOUND('',#4681,.T.);
#4995=FACE_BOUND('',#4682,.T.);
#4996=FACE_BOUND('',#4683,.T.);
#4997=FACE_BOUND('',#4684,.T.);
#4998=FACE_BOUND('',#4685,.T.);
#4999=FACE_BOUND('',#4686,.T.);
#5000=FACE_BOUND('',#4687,.T.);
#5001=FACE_BOUND('',#4688,.T.);
#5002=FACE_BOUND('',#4689,.T.);
#5003=FACE_BOUND('',#4690,.T.);
#5004=FACE_BOUND('',#4691,.T.);
#5005=FACE_BOUND('',#4692,.T.);
#5006=FACE_BOUND('',#4693,.T.);
#5007=FACE_BOUND('',#4694,.T.);
#5008=FACE_BOUND('',#4695,.T.);
#5009=FACE_BOUND('',#4696,.T.);
#5010=FACE_BOUND('',#4697,.T.);
#5011=FACE_BOUND('',#4698,.T.);
#5012=FACE_BOUND('',#4699,.T.);
#5013=FACE_BOUND('',#4700,.T.);
#5014=FACE_BOUND('',#4701,.T.);
#5015=FACE_BOUND('',#4702,.T.);
#5016=FACE_BOUND('',#4703,.T.);
#5017=FACE_BOUND('',#4704,.T.);
#5018=FACE_BOUND('',#4705,.T.);
#5019=FACE_BOUND('',#4706,.T.);
#5020=FACE_BOUND('',#4707,.T.);
#5021=FACE_BOUND('',#4708,.T.);
#5022=FACE_BOUND('',#4709,.T.);
#5023=FACE_BOUND('',#4710,.T.);
#5024=FACE_BOUND('',#4711,.T.);
#5025=FACE_BOUND('',#4712,.T.);
#5026=FACE_BOUND('',#4713,.T.);
#5027=FACE_BOUND('',#4714,.T.);
#5028=FACE_BOUND('',#4715,.T.);
#5029=FACE_BOUND('',#4716,.T.);
#5030=FACE_BOUND('',#4717,.T.);
#5031=FACE_BOUND('',#4718,.T.);
#5032=FACE_BOUND('',#4719,.T.);
#5033=FACE_BOUND('',#4720,.T.);
#5034=FACE_BOUND('',#4721,.T.);
#5035=FACE_BOUND('',#4722,.T.);
#5036=FACE_BOUND('',#4723,.T.);
#5037=FACE_BOUND('',#4724,.T.);
#5038=FACE_BOUND('',#4725,.T.);
#5039=FACE_BOUND('',#4726,.T.);
#5040=FACE_BOUND('',#4727,.T.);
#5041=FACE_BOUND('',#4728,.T.);
#5042=FACE_BOUND('',#4729,.T.);
#5043=FACE_BOUND('',#4730,.T.);
#5044=FACE_BOUND('',#4731,.T.);
#5045=FACE_BOUND('',#4732,.T.);
#5046=FACE_BOUND('',#4733,.T.);
#5047=FACE_BOUND('',#4734,.T.);
#5048=FACE_BOUND('',#4735,.T.);
#5049=FACE_BOUND('',#4736,.T.);
#5050=FACE_BOUND('',#4737,.T.);
#5051=FACE_BOUND('',#4738,.T.);
#5052=FACE_BOUND('',#4739,.T.);
#5053=FACE_BOUND('',#4740,.T.);
#5054=FACE_BOUND('',#4741,.T.);
#5055=FACE_BOUND('',#4742,.T.);
#5056=FACE_BOUND('',#4743,.T.);
#5057=FACE_BOUND('',#4744,.T.);
#5058=FACE_BOUND('',#4745,.T.);
#5059=FACE_BOUND('',#4746,.T.);
#5060=FACE_BOUND('',#4747,.T.);
#5061=FACE_BOUND('',#4748,.T.);
#5062=FACE_BOUND('',#4749,.T.);
#5063=FACE_BOUND('',#4750,.T.);
#5064=FACE_BOUND('',#4751,.T.);
#5065=FACE_BOUND('',#4752,.T.);
#5066=FACE_BOUND('',#4753,.T.);
#5067=FACE_BOUND('',#4754,.T.);
#5068=FACE_BOUND('',#4755,.T.);
#5069=FACE_BOUND('',#4756,.T.);
#5070=FACE_BOUND('',#4757,.T.);
#5071=FACE_BOUND('',#4758,.T.);
#5072=FACE_BOUND('',#4759,.T.);
#5073=FACE_BOUND('',#4760,.T.);
#5074=FACE_BOUND('',#4761,.T.);
#5075=FACE_BOUND('',#4762,.T.);
#5076=FACE_BOUND('',#4763,.T.);
#5077=PLANE('',#5506);
#5078=PLANE('',#5598);
#5079=PLANE('',#5612);
#5080=PLANE('',#5616);
#5081=PLANE('',#5618);
#5082=PLANE('',#5619);
#5083=PLANE('',#5620);
#5084=PLANE('',#5622);
#5085=PLANE('',#5624);
#5086=PLANE('',#5625);
#5087=PLANE('',#5626);
#5088=PLANE('',#5627);
#5089=PLANE('',#5628);
#5090=PLANE('',#5629);
#5091=PLANE('',#5630);
#5092=PLANE('',#5631);
#5093=PLANE('',#5632);
#5094=PLANE('',#5633);
#5095=PLANE('',#5634);
#5096=PLANE('',#5635);
#5097=PLANE('',#5636);
#5098=PLANE('',#5637);
#5099=PLANE('',#5638);
#5100=PLANE('',#5639);
#5101=PLANE('',#5640);
#5102=PLANE('',#5641);
#5103=PLANE('',#5642);
#5104=PLANE('',#5643);
#5105=PLANE('',#5644);
#5106=PLANE('',#5645);
#5107=PLANE('',#5646);
#5108=PLANE('',#5647);
#5109=PLANE('',#5648);
#5110=PLANE('',#5649);
#5111=PLANE('',#5650);
#5112=PLANE('',#5651);
#5113=PLANE('',#5656);
#5114=PLANE('',#5657);
#5115=PLANE('',#5658);
#5116=PLANE('',#5659);
#5117=PLANE('',#5660);
#5118=PLANE('',#5661);
#5119=PLANE('',#5664);
#5120=PLANE('',#5665);
#5121=PLANE('',#5666);
#5122=PLANE('',#5667);
#5123=PLANE('',#5668);
#5124=PLANE('',#5669);
#5125=PLANE('',#5670);
#5126=PLANE('',#5675);
#5127=PLANE('',#5676);
#5128=PLANE('',#5677);
#5129=PLANE('',#5678);
#5130=PLANE('',#5679);
#5131=PLANE('',#5680);
#5132=PLANE('',#5683);
#5133=PLANE('',#5684);
#5134=PLANE('',#5685);
#5135=PLANE('',#5686);
#5136=PLANE('',#5687);
#5137=PLANE('',#5688);
#5138=PLANE('',#5692);
#5139=PLANE('',#5693);
#5140=PLANE('',#5694);
#5141=PLANE('',#5695);
#5142=PLANE('',#5696);
#5143=PLANE('',#5697);
#5144=PLANE('',#5698);
#5145=PLANE('',#5699);
#5146=PLANE('',#5703);
#5147=PLANE('',#5704);
#5148=PLANE('',#5705);
#5149=PLANE('',#5706);
#5150=PLANE('',#5707);
#5151=PLANE('',#5708);
#5152=PLANE('',#5709);
#5153=PLANE('',#5710);
#5154=PLANE('',#5711);
#5155=PLANE('',#5712);
#5156=PLANE('',#5713);
#5157=PLANE('',#5714);
#5158=PLANE('',#5715);
#5159=PLANE('',#5716);
#5160=PLANE('',#5723);
#5161=PLANE('',#5724);
#5162=PLANE('',#5725);
#5163=PLANE('',#5726);
#5164=PLANE('',#5727);
#5165=PLANE('',#5734);
#5166=PLANE('',#5745);
#5167=PLANE('',#5756);
#5168=PLANE('',#5769);
#5169=PLANE('',#5780);
#5170=PLANE('',#5785);
#5171=PLANE('',#5794);
#5172=PLANE('',#5799);
#5173=PLANE('',#5804);
#5174=PLANE('',#5811);
#5175=PLANE('',#5820);
#5176=PLANE('',#5821);
#5177=PLANE('',#5826);
#5178=PLANE('',#5833);
#5179=PLANE('',#5844);
#5180=PLANE('',#5855);
#5181=PLANE('',#5868);
#5182=PLANE('',#5879);
#5183=PLANE('',#5884);
#5184=PLANE('',#5893);
#5185=PLANE('',#5898);
#5186=PLANE('',#5901);
#5187=PLANE('',#5910);
#5188=PLANE('',#5911);
#5189=PLANE('',#5918);
#5190=PLANE('',#5929);
#5191=PLANE('',#5930);
#5192=PLANE('',#5931);
#5193=PLANE('',#5938);
#5194=ADVANCED_FACE('',(#4764,#4765,#4766,#4767,#4768),#5077,.T.);
#5195=ADVANCED_FACE('',(#4769,#4770,#4771,#4772,#4773,#4774,#4775,#4776),
#5078,.T.);
#5196=ADVANCED_FACE('',(#4777),#86,.T.);
#5197=ADVANCED_FACE('',(#4778),#87,.T.);
#5198=ADVANCED_FACE('',(#4779),#5079,.F.);
#5199=ADVANCED_FACE('',(#4780),#88,.T.);
#5200=ADVANCED_FACE('',(#4781),#5080,.T.);
#5201=ADVANCED_FACE('',(#4782),#89,.F.);
#5202=ADVANCED_FACE('',(#4783),#5081,.F.);
#5203=ADVANCED_FACE('',(#4784),#5082,.T.);
#5204=ADVANCED_FACE('',(#4785),#5083,.F.);
#5205=ADVANCED_FACE('',(#4786),#90,.T.);
#5206=ADVANCED_FACE('',(#4787),#5084,.T.);
#5207=ADVANCED_FACE('',(#4788),#91,.F.);
#5208=ADVANCED_FACE('',(#4789),#5085,.F.);
#5209=ADVANCED_FACE('',(#4790),#5086,.F.);
#5210=ADVANCED_FACE('',(#4791),#14,.T.);
#5211=ADVANCED_FACE('',(#4792),#15,.T.);
#5212=ADVANCED_FACE('',(#4793),#16,.T.);
#5213=ADVANCED_FACE('',(#4794),#17,.T.);
#5214=ADVANCED_FACE('',(#4795),#18,.T.);
#5215=ADVANCED_FACE('',(#4796),#19,.T.);
#5216=ADVANCED_FACE('',(#4797),#20,.T.);
#5217=ADVANCED_FACE('',(#4798),#21,.T.);
#5218=ADVANCED_FACE('',(#4799),#22,.T.);
#5219=ADVANCED_FACE('',(#4800),#23,.T.);
#5220=ADVANCED_FACE('',(#4801),#24,.T.);
#5221=ADVANCED_FACE('',(#4802),#25,.T.);
#5222=ADVANCED_FACE('',(#4803),#26,.T.);
#5223=ADVANCED_FACE('',(#4804),#27,.T.);
#5224=ADVANCED_FACE('',(#4805),#28,.T.);
#5225=ADVANCED_FACE('',(#4806),#29,.T.);
#5226=ADVANCED_FACE('',(#4807),#30,.T.);
#5227=ADVANCED_FACE('',(#4808),#31,.T.);
#5228=ADVANCED_FACE('',(#4809),#32,.T.);
#5229=ADVANCED_FACE('',(#4810),#33,.T.);
#5230=ADVANCED_FACE('',(#4811),#34,.T.);
#5231=ADVANCED_FACE('',(#4812),#12,.T.);
#5232=ADVANCED_FACE('',(#4813),#35,.T.);
#5233=ADVANCED_FACE('',(#4814),#36,.T.);
#5234=ADVANCED_FACE('',(#4815),#37,.T.);
#5235=ADVANCED_FACE('',(#4816),#13,.T.);
#5236=ADVANCED_FACE('',(#4817),#38,.T.);
#5237=ADVANCED_FACE('',(#4818),#39,.T.);
#5238=ADVANCED_FACE('',(#4819),#5087,.T.);
#5239=ADVANCED_FACE('',(#4820),#5088,.T.);
#5240=ADVANCED_FACE('',(#4821),#5089,.T.);
#5241=ADVANCED_FACE('',(#4822),#40,.T.);
#5242=ADVANCED_FACE('',(#4823),#41,.T.);
#5243=ADVANCED_FACE('',(#4824),#42,.T.);
#5244=ADVANCED_FACE('',(#4825),#43,.T.);
#5245=ADVANCED_FACE('',(#4826),#44,.T.);
#5246=ADVANCED_FACE('',(#4827),#5090,.T.);
#5247=ADVANCED_FACE('',(#4828),#5091,.T.);
#5248=ADVANCED_FACE('',(#4829),#5092,.T.);
#5249=ADVANCED_FACE('',(#4830),#5093,.T.);
#5250=ADVANCED_FACE('',(#4831),#5094,.T.);
#5251=ADVANCED_FACE('',(#4832),#45,.T.);
#5252=ADVANCED_FACE('',(#4833),#46,.T.);
#5253=ADVANCED_FACE('',(#4834,#4835),#5095,.T.);
#5254=ADVANCED_FACE('',(#4836),#5096,.T.);
#5255=ADVANCED_FACE('',(#4837),#5097,.T.);
#5256=ADVANCED_FACE('',(#4838),#5098,.T.);
#5257=ADVANCED_FACE('',(#4839),#5099,.T.);
#5258=ADVANCED_FACE('',(#4840),#5100,.T.);
#5259=ADVANCED_FACE('',(#4841),#5101,.T.);
#5260=ADVANCED_FACE('',(#4842),#5102,.T.);
#5261=ADVANCED_FACE('',(#4843),#5103,.T.);
#5262=ADVANCED_FACE('',(#4844),#5104,.T.);
#5263=ADVANCED_FACE('',(#4845),#5105,.T.);
#5264=ADVANCED_FACE('',(#4846),#5106,.T.);
#5265=ADVANCED_FACE('',(#4847),#5107,.T.);
#5266=ADVANCED_FACE('',(#4848),#5108,.T.);
#5267=ADVANCED_FACE('',(#4849),#5109,.T.);
#5268=ADVANCED_FACE('',(#4850),#5110,.T.);
#5269=ADVANCED_FACE('',(#4851),#5111,.T.);
#5270=ADVANCED_FACE('',(#4852),#5112,.T.);
#5271=ADVANCED_FACE('',(#4853),#92,.F.);
#5272=ADVANCED_FACE('',(#4854),#93,.F.);
#5273=ADVANCED_FACE('',(#4855),#5113,.T.);
#5274=ADVANCED_FACE('',(#4856),#5114,.T.);
#5275=ADVANCED_FACE('',(#4857),#5115,.T.);
#5276=ADVANCED_FACE('',(#4858),#5116,.T.);
#5277=ADVANCED_FACE('',(#4859),#5117,.T.);
#5278=ADVANCED_FACE('',(#4860),#5118,.T.);
#5279=ADVANCED_FACE('',(#4861),#94,.F.);
#5280=ADVANCED_FACE('',(#4862),#5119,.T.);
#5281=ADVANCED_FACE('',(#4863),#5120,.T.);
#5282=ADVANCED_FACE('',(#4864),#5121,.T.);
#5283=ADVANCED_FACE('',(#4865),#5122,.T.);
#5284=ADVANCED_FACE('',(#4866),#5123,.T.);
#5285=ADVANCED_FACE('',(#4867),#5124,.T.);
#5286=ADVANCED_FACE('',(#4868),#5125,.T.);
#5287=ADVANCED_FACE('',(#4869),#95,.F.);
#5288=ADVANCED_FACE('',(#4870),#96,.F.);
#5289=ADVANCED_FACE('',(#4871),#5126,.T.);
#5290=ADVANCED_FACE('',(#4872),#5127,.T.);
#5291=ADVANCED_FACE('',(#4873),#5128,.T.);
#5292=ADVANCED_FACE('',(#4874),#5129,.T.);
#5293=ADVANCED_FACE('',(#4875),#5130,.T.);
#5294=ADVANCED_FACE('',(#4876),#5131,.T.);
#5295=ADVANCED_FACE('',(#4877),#97,.F.);
#5296=ADVANCED_FACE('',(#4878),#5132,.T.);
#5297=ADVANCED_FACE('',(#4879),#5133,.T.);
#5298=ADVANCED_FACE('',(#4880),#5134,.T.);
#5299=ADVANCED_FACE('',(#4881),#5135,.T.);
#5300=ADVANCED_FACE('',(#4882),#5136,.T.);
#5301=ADVANCED_FACE('',(#4883),#5137,.T.);
#5302=ADVANCED_FACE('',(#4884),#98,.F.);
#5303=ADVANCED_FACE('',(#4885),#5138,.T.);
#5304=ADVANCED_FACE('',(#4886),#5139,.T.);
#5305=ADVANCED_FACE('',(#4887),#5140,.T.);
#5306=ADVANCED_FACE('',(#4888),#5141,.T.);
#5307=ADVANCED_FACE('',(#4889),#5142,.T.);
#5308=ADVANCED_FACE('',(#4890),#5143,.T.);
#5309=ADVANCED_FACE('',(#4891),#5144,.T.);
#5310=ADVANCED_FACE('',(#4892),#5145,.T.);
#5311=ADVANCED_FACE('',(#4893),#99,.F.);
#5312=ADVANCED_FACE('',(#4894,#4895),#5146,.T.);
#5313=ADVANCED_FACE('',(#4896),#5147,.T.);
#5314=ADVANCED_FACE('',(#4897),#5148,.T.);
#5315=ADVANCED_FACE('',(#4898),#5149,.T.);
#5316=ADVANCED_FACE('',(#4899),#47,.T.);
#5317=ADVANCED_FACE('',(#4900),#48,.T.);
#5318=ADVANCED_FACE('',(#4901),#49,.T.);
#5319=ADVANCED_FACE('',(#4902),#5150,.T.);
#5320=ADVANCED_FACE('',(#4903),#5151,.T.);
#5321=ADVANCED_FACE('',(#4904),#5152,.T.);
#5322=ADVANCED_FACE('',(#4905),#5153,.T.);
#5323=ADVANCED_FACE('',(#4906),#5154,.T.);
#5324=ADVANCED_FACE('',(#4907),#50,.T.);
#5325=ADVANCED_FACE('',(#4908),#51,.T.);
#5326=ADVANCED_FACE('',(#4909),#52,.T.);
#5327=ADVANCED_FACE('',(#4910),#5155,.T.);
#5328=ADVANCED_FACE('',(#4911),#5156,.T.);
#5329=ADVANCED_FACE('',(#4912),#5157,.T.);
#5330=ADVANCED_FACE('',(#4913),#53,.T.);
#5331=ADVANCED_FACE('',(#4914,#4915),#5158,.T.);
#5332=ADVANCED_FACE('',(#4916),#54,.T.);
#5333=ADVANCED_FACE('',(#4917),#55,.T.);
#5334=ADVANCED_FACE('',(#4918),#56,.T.);
#5335=ADVANCED_FACE('',(#4919),#57,.T.);
#5336=ADVANCED_FACE('',(#4920),#58,.T.);
#5337=ADVANCED_FACE('',(#4921),#59,.T.);
#5338=ADVANCED_FACE('',(#4922),#60,.T.);
#5339=ADVANCED_FACE('',(#4923),#61,.T.);
#5340=ADVANCED_FACE('',(#4924),#62,.T.);
#5341=ADVANCED_FACE('',(#4925),#5159,.T.);
#5342=ADVANCED_FACE('',(#4926),#100,.F.);
#5343=ADVANCED_FACE('',(#4927),#63,.T.);
#5344=ADVANCED_FACE('',(#4928),#64,.T.);
#5345=ADVANCED_FACE('',(#4929),#65,.T.);
#5346=ADVANCED_FACE('',(#4930),#66,.T.);
#5347=ADVANCED_FACE('',(#4931),#67,.T.);
#5348=ADVANCED_FACE('',(#4932),#68,.T.);
#5349=ADVANCED_FACE('',(#4933),#69,.T.);
#5350=ADVANCED_FACE('',(#4934),#70,.T.);
#5351=ADVANCED_FACE('',(#4935),#71,.T.);
#5352=ADVANCED_FACE('',(#4936),#101,.T.);
#5353=ADVANCED_FACE('',(#4937),#102,.T.);
#5354=ADVANCED_FACE('',(#4938),#5160,.T.);
#5355=ADVANCED_FACE('',(#4939),#72,.T.);
#5356=ADVANCED_FACE('',(#4940),#73,.T.);
#5357=ADVANCED_FACE('',(#4941),#5161,.T.);
#5358=ADVANCED_FACE('',(#4942),#5162,.T.);
#5359=ADVANCED_FACE('',(#4943),#5163,.T.);
#5360=ADVANCED_FACE('',(#4944),#5164,.T.);
#5361=ADVANCED_FACE('',(#4945),#103,.F.);
#5362=ADVANCED_FACE('',(#4946),#104,.F.);
#5363=ADVANCED_FACE('',(#4947),#105,.F.);
#5364=ADVANCED_FACE('',(#4948),#5165,.T.);
#5365=ADVANCED_FACE('',(#4949),#106,.T.);
#5366=ADVANCED_FACE('',(#4950),#107,.T.);
#5367=ADVANCED_FACE('',(#4951),#74,.T.);
#5368=ADVANCED_FACE('',(#4952),#108,.T.);
#5369=ADVANCED_FACE('',(#4953),#109,.T.);
#5370=ADVANCED_FACE('',(#4954),#110,.T.);
#5371=ADVANCED_FACE('',(#4955),#5166,.T.);
#5372=ADVANCED_FACE('',(#4956),#111,.F.);
#5373=ADVANCED_FACE('',(#4957),#112,.F.);
#5374=ADVANCED_FACE('',(#4958),#113,.F.);
#5375=ADVANCED_FACE('',(#4959),#114,.F.);
#5376=ADVANCED_FACE('',(#4960),#115,.F.);
#5377=ADVANCED_FACE('',(#4961),#5167,.T.);
#5378=ADVANCED_FACE('',(#4962),#116,.T.);
#5379=ADVANCED_FACE('',(#4963),#117,.T.);
#5380=ADVANCED_FACE('',(#4964),#118,.T.);
#5381=ADVANCED_FACE('',(#4965),#119,.T.);
#5382=ADVANCED_FACE('',(#4966),#120,.T.);
#5383=ADVANCED_FACE('',(#4967),#121,.T.);
#5384=ADVANCED_FACE('',(#4968),#5168,.T.);
#5385=ADVANCED_FACE('',(#4969),#122,.F.);
#5386=ADVANCED_FACE('',(#4970),#123,.F.);
#5387=ADVANCED_FACE('',(#4971),#124,.F.);
#5388=ADVANCED_FACE('',(#4972),#125,.F.);
#5389=ADVANCED_FACE('',(#4973),#126,.F.);
#5390=ADVANCED_FACE('',(#4974),#5169,.T.);
#5391=ADVANCED_FACE('',(#4975),#127,.F.);
#5392=ADVANCED_FACE('',(#4976),#75,.T.);
#5393=ADVANCED_FACE('',(#4977),#76,.T.);
#5394=ADVANCED_FACE('',(#4978),#77,.T.);
#5395=ADVANCED_FACE('',(#4979),#78,.T.);
#5396=ADVANCED_FACE('',(#4980),#128,.F.);
#5397=ADVANCED_FACE('',(#4981),#79,.T.);
#5398=ADVANCED_FACE('',(#4982),#5170,.T.);
#5399=ADVANCED_FACE('',(#4983),#129,.F.);
#5400=ADVANCED_FACE('',(#4984),#130,.F.);
#5401=ADVANCED_FACE('',(#4985),#131,.F.);
#5402=ADVANCED_FACE('',(#4986),#132,.F.);
#5403=ADVANCED_FACE('',(#4987),#5171,.T.);
#5404=ADVANCED_FACE('',(#4988),#133,.F.);
#5405=ADVANCED_FACE('',(#4989),#134,.F.);
#5406=ADVANCED_FACE('',(#4990),#5172,.T.);
#5407=ADVANCED_FACE('',(#4991),#135,.F.);
#5408=ADVANCED_FACE('',(#4992),#136,.F.);
#5409=ADVANCED_FACE('',(#4993),#5173,.T.);
#5410=ADVANCED_FACE('',(#4994),#137,.F.);
#5411=ADVANCED_FACE('',(#4995),#138,.F.);
#5412=ADVANCED_FACE('',(#4996),#139,.F.);
#5413=ADVANCED_FACE('',(#4997),#5174,.T.);
#5414=ADVANCED_FACE('',(#4998),#140,.F.);
#5415=ADVANCED_FACE('',(#4999),#141,.F.);
#5416=ADVANCED_FACE('',(#5000),#142,.F.);
#5417=ADVANCED_FACE('',(#5001),#143,.F.);
#5418=ADVANCED_FACE('',(#5002),#5175,.T.);
#5419=ADVANCED_FACE('',(#5003),#5176,.T.);
#5420=ADVANCED_FACE('',(#5004),#144,.F.);
#5421=ADVANCED_FACE('',(#5005),#145,.F.);
#5422=ADVANCED_FACE('',(#5006),#5177,.T.);
#5423=ADVANCED_FACE('',(#5007),#146,.F.);
#5424=ADVANCED_FACE('',(#5008),#147,.F.);
#5425=ADVANCED_FACE('',(#5009),#148,.F.);
#5426=ADVANCED_FACE('',(#5010),#5178,.T.);
#5427=ADVANCED_FACE('',(#5011),#149,.T.);
#5428=ADVANCED_FACE('',(#5012),#150,.T.);
#5429=ADVANCED_FACE('',(#5013),#80,.T.);
#5430=ADVANCED_FACE('',(#5014),#151,.T.);
#5431=ADVANCED_FACE('',(#5015),#152,.T.);
#5432=ADVANCED_FACE('',(#5016),#153,.T.);
#5433=ADVANCED_FACE('',(#5017),#5179,.T.);
#5434=ADVANCED_FACE('',(#5018),#154,.F.);
#5435=ADVANCED_FACE('',(#5019),#155,.F.);
#5436=ADVANCED_FACE('',(#5020),#156,.F.);
#5437=ADVANCED_FACE('',(#5021),#157,.F.);
#5438=ADVANCED_FACE('',(#5022),#158,.F.);
#5439=ADVANCED_FACE('',(#5023),#5180,.T.);
#5440=ADVANCED_FACE('',(#5024),#159,.T.);
#5441=ADVANCED_FACE('',(#5025),#160,.T.);
#5442=ADVANCED_FACE('',(#5026),#161,.T.);
#5443=ADVANCED_FACE('',(#5027),#162,.T.);
#5444=ADVANCED_FACE('',(#5028),#163,.T.);
#5445=ADVANCED_FACE('',(#5029),#164,.T.);
#5446=ADVANCED_FACE('',(#5030),#5181,.T.);
#5447=ADVANCED_FACE('',(#5031),#165,.F.);
#5448=ADVANCED_FACE('',(#5032),#166,.F.);
#5449=ADVANCED_FACE('',(#5033),#167,.F.);
#5450=ADVANCED_FACE('',(#5034),#168,.F.);
#5451=ADVANCED_FACE('',(#5035),#169,.F.);
#5452=ADVANCED_FACE('',(#5036),#5182,.T.);
#5453=ADVANCED_FACE('',(#5037),#170,.F.);
#5454=ADVANCED_FACE('',(#5038),#81,.T.);
#5455=ADVANCED_FACE('',(#5039),#82,.T.);
#5456=ADVANCED_FACE('',(#5040),#83,.T.);
#5457=ADVANCED_FACE('',(#5041),#84,.T.);
#5458=ADVANCED_FACE('',(#5042),#171,.F.);
#5459=ADVANCED_FACE('',(#5043),#85,.T.);
#5460=ADVANCED_FACE('',(#5044),#5183,.T.);
#5461=ADVANCED_FACE('',(#5045),#172,.F.);
#5462=ADVANCED_FACE('',(#5046),#173,.F.);
#5463=ADVANCED_FACE('',(#5047),#174,.F.);
#5464=ADVANCED_FACE('',(#5048),#175,.F.);
#5465=ADVANCED_FACE('',(#5049),#5184,.T.);
#5466=ADVANCED_FACE('',(#5050),#176,.F.);
#5467=ADVANCED_FACE('',(#5051),#177,.F.);
#5468=ADVANCED_FACE('',(#5052),#5185,.T.);
#5469=ADVANCED_FACE('',(#5053),#178,.F.);
#5470=ADVANCED_FACE('',(#5054),#5186,.T.);
#5471=ADVANCED_FACE('',(#5055),#179,.F.);
#5472=ADVANCED_FACE('',(#5056),#180,.F.);
#5473=ADVANCED_FACE('',(#5057),#181,.F.);
#5474=ADVANCED_FACE('',(#5058),#182,.F.);
#5475=ADVANCED_FACE('',(#5059),#5187,.T.);
#5476=ADVANCED_FACE('',(#5060),#5188,.T.);
#5477=ADVANCED_FACE('',(#5061),#183,.F.);
#5478=ADVANCED_FACE('',(#5062),#184,.F.);
#5479=ADVANCED_FACE('',(#5063),#185,.F.);
#5480=ADVANCED_FACE('',(#5064),#5189,.T.);
#5481=ADVANCED_FACE('',(#5065),#186,.F.);
#5482=ADVANCED_FACE('',(#5066),#187,.F.);
#5483=ADVANCED_FACE('',(#5067),#188,.F.);
#5484=ADVANCED_FACE('',(#5068),#189,.F.);
#5485=ADVANCED_FACE('',(#5069),#190,.F.);
#5486=ADVANCED_FACE('',(#5070),#5190,.T.);
#5487=ADVANCED_FACE('',(#5071),#5191,.T.);
#5488=ADVANCED_FACE('',(#5072),#5192,.T.);
#5489=ADVANCED_FACE('',(#5073),#191,.F.);
#5490=ADVANCED_FACE('',(#5074),#192,.F.);
#5491=ADVANCED_FACE('',(#5075),#193,.F.);
#5492=ADVANCED_FACE('',(#5076),#5193,.T.);
#5493=CLOSED_SHELL('',(#5194,#5195,#5196,#5197,#5198,#5199,#5200,#5201,
#5202,#5203,#5204,#5205,#5206,#5207,#5208,#5209,#5210,#5211,#5212,#5213,
#5214,#5215,#5216,#5217,#5218,#5219,#5220,#5221,#5222,#5223,#5224,#5225,
#5226,#5227,#5228,#5229,#5230,#5231,#5232,#5233,#5234,#5235,#5236,#5237,
#5238,#5239,#5240,#5241,#5242,#5243,#5244,#5245,#5246,#5247,#5248,#5249,
#5250,#5251,#5252,#5253,#5254,#5255,#5256,#5257,#5258,#5259,#5260,#5261,
#5262,#5263,#5264,#5265,#5266,#5267,#5268,#5269,#5270,#5271,#5272,#5273,
#5274,#5275,#5276,#5277,#5278,#5279,#5280,#5281,#5282,#5283,#5284,#5285,
#5286,#5287,#5288,#5289,#5290,#5291,#5292,#5293,#5294,#5295,#5296,#5297,
#5298,#5299,#5300,#5301,#5302,#5303,#5304,#5305,#5306,#5307,#5308,#5309,
#5310,#5311,#5312,#5313,#5314,#5315,#5316,#5317,#5318,#5319,#5320,#5321,
#5322,#5323,#5324,#5325,#5326,#5327,#5328,#5329,#5330,#5331,#5332,#5333,
#5334,#5335,#5336,#5337,#5338,#5339,#5340,#5341,#5342,#5343,#5344,#5345,
#5346,#5347,#5348,#5349,#5350,#5351,#5352,#5353,#5354,#5355,#5356,#5357,
#5358,#5359,#5360,#5361,#5362,#5363,#5364,#5365,#5366,#5367,#5368,#5369,
#5370,#5371,#5372,#5373,#5374,#5375,#5376,#5377,#5378,#5379,#5380,#5381,
#5382,#5383,#5384,#5385,#5386,#5387,#5388,#5389,#5390,#5391,#5392,#5393,
#5394,#5395,#5396,#5397,#5398,#5399,#5400,#5401,#5402,#5403,#5404,#5405,
#5406,#5407,#5408,#5409,#5410,#5411,#5412,#5413,#5414,#5415,#5416,#5417,
#5418,#5419,#5420,#5421,#5422,#5423,#5424,#5425,#5426,#5427,#5428,#5429,
#5430,#5431,#5432,#5433,#5434,#5435,#5436,#5437,#5438,#5439,#5440,#5441,
#5442,#5443,#5444,#5445,#5446,#5447,#5448,#5449,#5450,#5451,#5452,#5453,
#5454,#5455,#5456,#5457,#5458,#5459,#5460,#5461,#5462,#5463,#5464,#5465,
#5466,#5467,#5468,#5469,#5470,#5471,#5472,#5473,#5474,#5475,#5476,#5477,
#5478,#5479,#5480,#5481,#5482,#5483,#5484,#5485,#5486,#5487,#5488,#5489,
#5490,#5491,#5492));
#5494=STYLED_ITEM('',(#5495),#5502);
#5495=PRESENTATION_STYLE_ASSIGNMENT((#5496));
#5496=SURFACE_STYLE_USAGE(.BOTH.,#5497);
#5497=SURFACE_SIDE_STYLE('',(#5498));
#5498=SURFACE_STYLE_FILL_AREA(#5499);
#5499=FILL_AREA_STYLE('',(#5500));
#5500=FILL_AREA_STYLE_COLOUR('',#5501);
#5501=COLOUR_RGB('',0.615686274509804,0.811764705882353,0.929411764705882);
#5502=MANIFOLD_SOLID_BREP('Part 1',#5493);
#5503=SHAPE_DEFINITION_REPRESENTATION(#10453,#5504);
#5504=SHAPE_REPRESENTATION('Part 1',(#5505),#10448);
#5505=AXIS2_PLACEMENT_3D('',#7242,#5939,#5940);
#5506=AXIS2_PLACEMENT_3D('',#7243,#5941,#5942);
#5507=AXIS2_PLACEMENT_3D('',#7284,#5943,#5944);
#5508=AXIS2_PLACEMENT_3D('',#7287,#5945,#5946);
#5509=AXIS2_PLACEMENT_3D('',#7289,#5947,#5948);
#5510=AXIS2_PLACEMENT_3D('',#7291,#5949,#5950);
#5511=AXIS2_PLACEMENT_3D('',#7295,#5952,#5953);
#5512=AXIS2_PLACEMENT_3D('',#7297,#5954,#5955);
#5513=AXIS2_PLACEMENT_3D('',#7299,#5956,#5957);
#5514=AXIS2_PLACEMENT_3D('',#7301,#5958,#5959);
#5515=AXIS2_PLACEMENT_3D('',#7309,#5961,#5962);
#5516=AXIS2_PLACEMENT_3D('',#7327,#5963,#5964);
#5517=AXIS2_PLACEMENT_3D('',#7331,#5966,#5967);
#5518=AXIS2_PLACEMENT_3D('',#7333,#5968,#5969);
#5519=AXIS2_PLACEMENT_3D('',#7335,#5970,#5971);
#5520=AXIS2_PLACEMENT_3D('',#7337,#5972,#5973);
#5521=AXIS2_PLACEMENT_3D('',#7339,#5974,#5975);
#5522=AXIS2_PLACEMENT_3D('',#7343,#5977,#5978);
#5523=AXIS2_PLACEMENT_3D('',#7345,#5979,#5980);
#5524=AXIS2_PLACEMENT_3D('',#7347,#5981,#5982);
#5525=AXIS2_PLACEMENT_3D('',#7349,#5983,#5984);
#5526=AXIS2_PLACEMENT_3D('',#7351,#5985,#5986);
#5527=AXIS2_PLACEMENT_3D('',#7353,#5987,#5988);
#5528=AXIS2_PLACEMENT_3D('',#7357,#5990,#5991);
#5529=AXIS2_PLACEMENT_3D('',#7359,#5992,#5993);
#5530=AXIS2_PLACEMENT_3D('',#7361,#5994,#5995);
#5531=AXIS2_PLACEMENT_3D('',#7363,#5996,#5997);
#5532=AXIS2_PLACEMENT_3D('',#7365,#5998,#5999);
#5533=AXIS2_PLACEMENT_3D('',#7369,#6001,#6002);
#5534=AXIS2_PLACEMENT_3D('',#7371,#6003,#6004);
#5535=AXIS2_PLACEMENT_3D('',#7373,#6005,#6006);
#5536=AXIS2_PLACEMENT_3D('',#7379,#6007,#6008);
#5537=AXIS2_PLACEMENT_3D('',#7381,#6009,#6010);
#5538=AXIS2_PLACEMENT_3D('',#7385,#6012,#6013);
#5539=AXIS2_PLACEMENT_3D('',#7386,#6014,#6015);
#5540=AXIS2_PLACEMENT_3D('',#7389,#6016,#6017);
#5541=AXIS2_PLACEMENT_3D('',#7391,#6018,#6019);
#5542=AXIS2_PLACEMENT_3D('',#7393,#6020,#6021);
#5543=AXIS2_PLACEMENT_3D('',#7399,#6024,#6025);
#5544=AXIS2_PLACEMENT_3D('',#7401,#6026,#6027);
#5545=AXIS2_PLACEMENT_3D('',#7403,#6028,#6029);
#5546=AXIS2_PLACEMENT_3D('',#7405,#6030,#6031);
#5547=AXIS2_PLACEMENT_3D('',#7409,#6033,#6034);
#5548=AXIS2_PLACEMENT_3D('',#7411,#6035,#6036);
#5549=AXIS2_PLACEMENT_3D('',#7413,#6037,#6038);
#5550=AXIS2_PLACEMENT_3D('',#7416,#6040,#6041);
#5551=AXIS2_PLACEMENT_3D('',#7419,#6042,#6043);
#5552=AXIS2_PLACEMENT_3D('',#7421,#6044,#6045);
#5553=AXIS2_PLACEMENT_3D('',#7423,#6046,#6047);
#5554=AXIS2_PLACEMENT_3D('',#7427,#6049,#6050);
#5555=AXIS2_PLACEMENT_3D('',#7429,#6051,#6052);
#5556=AXIS2_PLACEMENT_3D('',#7431,#6053,#6054);
#5557=AXIS2_PLACEMENT_3D('',#7433,#6055,#6056);
#5558=AXIS2_PLACEMENT_3D('',#7441,#6058,#6059);
#5559=AXIS2_PLACEMENT_3D('',#7459,#6060,#6061);
#5560=AXIS2_PLACEMENT_3D('',#7463,#6063,#6064);
#5561=AXIS2_PLACEMENT_3D('',#7465,#6065,#6066);
#5562=AXIS2_PLACEMENT_3D('',#7467,#6067,#6068);
#5563=AXIS2_PLACEMENT_3D('',#7469,#6069,#6070);
#5564=AXIS2_PLACEMENT_3D('',#7471,#6071,#6072);
#5565=AXIS2_PLACEMENT_3D('',#7475,#6074,#6075);
#5566=AXIS2_PLACEMENT_3D('',#7477,#6076,#6077);
#5567=AXIS2_PLACEMENT_3D('',#7479,#6078,#6079);
#5568=AXIS2_PLACEMENT_3D('',#7481,#6080,#6081);
#5569=AXIS2_PLACEMENT_3D('',#7483,#6082,#6083);
#5570=AXIS2_PLACEMENT_3D('',#7485,#6084,#6085);
#5571=AXIS2_PLACEMENT_3D('',#7489,#6087,#6088);
#5572=AXIS2_PLACEMENT_3D('',#7491,#6089,#6090);
#5573=AXIS2_PLACEMENT_3D('',#7493,#6091,#6092);
#5574=AXIS2_PLACEMENT_3D('',#7495,#6093,#6094);
#5575=AXIS2_PLACEMENT_3D('',#7497,#6095,#6096);
#5576=AXIS2_PLACEMENT_3D('',#7501,#6098,#6099);
#5577=AXIS2_PLACEMENT_3D('',#7503,#6100,#6101);
#5578=AXIS2_PLACEMENT_3D('',#7505,#6102,#6103);
#5579=AXIS2_PLACEMENT_3D('',#7511,#6104,#6105);
#5580=AXIS2_PLACEMENT_3D('',#7513,#6106,#6107);
#5581=AXIS2_PLACEMENT_3D('',#7517,#6109,#6110);
#5582=AXIS2_PLACEMENT_3D('',#7521,#6112,#6113);
#5583=AXIS2_PLACEMENT_3D('',#7523,#6114,#6115);
#5584=AXIS2_PLACEMENT_3D('',#7525,#6116,#6117);
#5585=AXIS2_PLACEMENT_3D('',#7527,#6118,#6119);
#5586=AXIS2_PLACEMENT_3D('',#7535,#6123,#6124);
#5587=AXIS2_PLACEMENT_3D('',#7537,#6125,#6126);
#5588=AXIS2_PLACEMENT_3D('',#7539,#6127,#6128);
#5589=AXIS2_PLACEMENT_3D('',#7541,#6129,#6130);
#5590=AXIS2_PLACEMENT_3D('',#7543,#6131,#6132);
#5591=AXIS2_PLACEMENT_3D('',#7547,#6134,#6135);
#5592=AXIS2_PLACEMENT_3D('',#7549,#6136,#6137);
#5593=AXIS2_PLACEMENT_3D('',#7551,#6138,#6139);
#5594=AXIS2_PLACEMENT_3D('',#7557,#6142,#6143);
#5595=AXIS2_PLACEMENT_3D('',#7559,#6144,#6145);
#5596=AXIS2_PLACEMENT_3D('',#7561,#6146,#6147);
#5597=AXIS2_PLACEMENT_3D('',#7563,#6148,#6149);
#5598=AXIS2_PLACEMENT_3D('',#7564,#6150,#6151);
#5599=AXIS2_PLACEMENT_3D('',#7592,#6160,#6161);
#5600=AXIS2_PLACEMENT_3D('',#7611,#6162,#6163);
#5601=AXIS2_PLACEMENT_3D('',#7674,#6185,#6186);
#5602=AXIS2_PLACEMENT_3D('',#7688,#6193,#6194);
#5603=AXIS2_PLACEMENT_3D('',#7690,#6195,#6196);
#5604=AXIS2_PLACEMENT_3D('',#7704,#6203,#6204);
#5605=AXIS2_PLACEMENT_3D('',#7718,#6211,#6212);
#5606=AXIS2_PLACEMENT_3D('',#7720,#6213,#6214);
#5607=AXIS2_PLACEMENT_3D('',#7772,#6226,#6227);
#5608=AXIS2_PLACEMENT_3D('',#7774,#6228,#6229);
#5609=AXIS2_PLACEMENT_3D('',#7812,#6230,#6231);
#5610=AXIS2_PLACEMENT_3D('',#7843,#6233,#6234);
#5611=AXIS2_PLACEMENT_3D('',#7881,#6236,#6237);
#5612=AXIS2_PLACEMENT_3D('',#7912,#6239,#6240);
#5613=AXIS2_PLACEMENT_3D('',#7913,#6241,#6242);
#5614=AXIS2_PLACEMENT_3D('',#7932,#6243,#6244);
#5615=AXIS2_PLACEMENT_3D('',#7949,#6245,#6246);
#5616=AXIS2_PLACEMENT_3D('',#7979,#6248,#6249);
#5617=AXIS2_PLACEMENT_3D('',#7991,#6251,#6252);
#5618=AXIS2_PLACEMENT_3D('',#8009,#6254,#6255);
#5619=AXIS2_PLACEMENT_3D('',#8018,#6256,#6257);
#5620=AXIS2_PLACEMENT_3D('',#8059,#6258,#6259);
#5621=AXIS2_PLACEMENT_3D('',#8100,#6260,#6261);
#5622=AXIS2_PLACEMENT_3D('',#8137,#6263,#6264);
#5623=AXIS2_PLACEMENT_3D('',#8149,#6266,#6267);
#5624=AXIS2_PLACEMENT_3D('',#8163,#6269,#6270);
#5625=AXIS2_PLACEMENT_3D('',#8172,#6271,#6272);
#5626=AXIS2_PLACEMENT_3D('',#9001,#6273,#6274);
#5627=AXIS2_PLACEMENT_3D('',#9010,#6279,#6280);
#5628=AXIS2_PLACEMENT_3D('',#9016,#6284,#6285);
#5629=AXIS2_PLACEMENT_3D('',#9101,#6295,#6296);
#5630=AXIS2_PLACEMENT_3D('',#9105,#6299,#6300);
#5631=AXIS2_PLACEMENT_3D('',#9109,#6303,#6304);
#5632=AXIS2_PLACEMENT_3D('',#9113,#6307,#6308);
#5633=AXIS2_PLACEMENT_3D('',#9117,#6311,#6312);
#5634=AXIS2_PLACEMENT_3D('',#9146,#6315,#6316);
#5635=AXIS2_PLACEMENT_3D('',#9147,#6317,#6318);
#5636=AXIS2_PLACEMENT_3D('',#9153,#6322,#6323);
#5637=AXIS2_PLACEMENT_3D('',#9157,#6326,#6327);
#5638=AXIS2_PLACEMENT_3D('',#9161,#6330,#6331);
#5639=AXIS2_PLACEMENT_3D('',#9165,#6334,#6335);
#5640=AXIS2_PLACEMENT_3D('',#9169,#6338,#6339);
#5641=AXIS2_PLACEMENT_3D('',#9173,#6342,#6343);
#5642=AXIS2_PLACEMENT_3D('',#9177,#6346,#6347);
#5643=AXIS2_PLACEMENT_3D('',#9181,#6350,#6351);
#5644=AXIS2_PLACEMENT_3D('',#9185,#6354,#6355);
#5645=AXIS2_PLACEMENT_3D('',#9189,#6358,#6359);
#5646=AXIS2_PLACEMENT_3D('',#9193,#6362,#6363);
#5647=AXIS2_PLACEMENT_3D('',#9195,#6365,#6366);
#5648=AXIS2_PLACEMENT_3D('',#9196,#6367,#6368);
#5649=AXIS2_PLACEMENT_3D('',#9202,#6372,#6373);
#5650=AXIS2_PLACEMENT_3D('',#9206,#6376,#6377);
#5651=AXIS2_PLACEMENT_3D('',#9210,#6380,#6381);
#5652=AXIS2_PLACEMENT_3D('',#9214,#6384,#6385);
#5653=AXIS2_PLACEMENT_3D('',#9217,#6387,#6388);
#5654=AXIS2_PLACEMENT_3D('',#9218,#6389,#6390);
#5655=AXIS2_PLACEMENT_3D('',#9221,#6392,#6393);
#5656=AXIS2_PLACEMENT_3D('',#9222,#6394,#6395);
#5657=AXIS2_PLACEMENT_3D('',#9226,#6398,#6399);
#5658=AXIS2_PLACEMENT_3D('',#9230,#6402,#6403);
#5659=AXIS2_PLACEMENT_3D('',#9234,#6406,#6407);
#5660=AXIS2_PLACEMENT_3D('',#9238,#6410,#6411);
#5661=AXIS2_PLACEMENT_3D('',#9242,#6414,#6415);
#5662=AXIS2_PLACEMENT_3D('',#9246,#6418,#6419);
#5663=AXIS2_PLACEMENT_3D('',#9249,#6421,#6422);
#5664=AXIS2_PLACEMENT_3D('',#9250,#6423,#6424);
#5665=AXIS2_PLACEMENT_3D('',#9254,#6427,#6428);
#5666=AXIS2_PLACEMENT_3D('',#9256,#6430,#6431);
#5667=AXIS2_PLACEMENT_3D('',#9257,#6432,#6433);
#5668=AXIS2_PLACEMENT_3D('',#9263,#6437,#6438);
#5669=AXIS2_PLACEMENT_3D('',#9267,#6441,#6442);
#5670=AXIS2_PLACEMENT_3D('',#9271,#6445,#6446);
#5671=AXIS2_PLACEMENT_3D('',#9275,#6449,#6450);
#5672=AXIS2_PLACEMENT_3D('',#9278,#6452,#6453);
#5673=AXIS2_PLACEMENT_3D('',#9279,#6454,#6455);
#5674=AXIS2_PLACEMENT_3D('',#9282,#6457,#6458);
#5675=AXIS2_PLACEMENT_3D('',#9283,#6459,#6460);
#5676=AXIS2_PLACEMENT_3D('',#9287,#6463,#6464);
#5677=AXIS2_PLACEMENT_3D('',#9291,#6467,#6468);
#5678=AXIS2_PLACEMENT_3D('',#9295,#6471,#6472);
#5679=AXIS2_PLACEMENT_3D('',#9299,#6475,#6476);
#5680=AXIS2_PLACEMENT_3D('',#9303,#6479,#6480);
#5681=AXIS2_PLACEMENT_3D('',#9307,#6483,#6484);
#5682=AXIS2_PLACEMENT_3D('',#9310,#6486,#6487);
#5683=AXIS2_PLACEMENT_3D('',#9311,#6488,#6489);
#5684=AXIS2_PLACEMENT_3D('',#9315,#6492,#6493);
#5685=AXIS2_PLACEMENT_3D('',#9317,#6495,#6496);
#5686=AXIS2_PLACEMENT_3D('',#9318,#6497,#6498);
#5687=AXIS2_PLACEMENT_3D('',#9327,#6503,#6504);
#5688=AXIS2_PLACEMENT_3D('',#9333,#6508,#6509);
#5689=AXIS2_PLACEMENT_3D('',#9339,#6513,#6514);
#5690=AXIS2_PLACEMENT_3D('',#9340,#6515,#6516);
#5691=AXIS2_PLACEMENT_3D('',#9344,#6518,#6519);
#5692=AXIS2_PLACEMENT_3D('',#9345,#6520,#6521);
#5693=AXIS2_PLACEMENT_3D('',#9351,#6525,#6526);
#5694=AXIS2_PLACEMENT_3D('',#9355,#6529,#6530);
#5695=AXIS2_PLACEMENT_3D('',#9359,#6533,#6534);
#5696=AXIS2_PLACEMENT_3D('',#9363,#6537,#6538);
#5697=AXIS2_PLACEMENT_3D('',#9367,#6541,#6542);
#5698=AXIS2_PLACEMENT_3D('',#9371,#6545,#6546);
#5699=AXIS2_PLACEMENT_3D('',#9375,#6549,#6550);
#5700=AXIS2_PLACEMENT_3D('',#9377,#6552,#6553);
#5701=AXIS2_PLACEMENT_3D('',#9378,#6554,#6555);
#5702=AXIS2_PLACEMENT_3D('',#9379,#6556,#6557);
#5703=AXIS2_PLACEMENT_3D('',#9380,#6558,#6559);
#5704=AXIS2_PLACEMENT_3D('',#9381,#6560,#6561);
#5705=AXIS2_PLACEMENT_3D('',#9390,#6566,#6567);
#5706=AXIS2_PLACEMENT_3D('',#9396,#6571,#6572);
#5707=AXIS2_PLACEMENT_3D('',#9453,#6579,#6580);
#5708=AXIS2_PLACEMENT_3D('',#9459,#6584,#6585);
#5709=AXIS2_PLACEMENT_3D('',#9463,#6588,#6589);
#5710=AXIS2_PLACEMENT_3D('',#9467,#6592,#6593);
#5711=AXIS2_PLACEMENT_3D('',#9471,#6596,#6597);
#5712=AXIS2_PLACEMENT_3D('',#9514,#6603,#6604);
#5713=AXIS2_PLACEMENT_3D('',#9518,#6607,#6608);
#5714=AXIS2_PLACEMENT_3D('',#9522,#6611,#6612);
#5715=AXIS2_PLACEMENT_3D('',#9538,#6614,#6615);
#5716=AXIS2_PLACEMENT_3D('',#9658,#6626,#6627);
#5717=AXIS2_PLACEMENT_3D('',#9662,#6630,#6631);
#5718=AXIS2_PLACEMENT_3D('',#9665,#6633,#6634);
#5719=AXIS2_PLACEMENT_3D('',#9783,#6644,#6645);
#5720=AXIS2_PLACEMENT_3D('',#9786,#6647,#6648);
#5721=AXIS2_PLACEMENT_3D('',#9787,#6649,#6650);
#5722=AXIS2_PLACEMENT_3D('',#9790,#6652,#6653);
#5723=AXIS2_PLACEMENT_3D('',#9791,#6654,#6655);
#5724=AXIS2_PLACEMENT_3D('',#9819,#6659,#6660);
#5725=AXIS2_PLACEMENT_3D('',#9820,#6661,#6662);
#5726=AXIS2_PLACEMENT_3D('',#9821,#6663,#6664);
#5727=AXIS2_PLACEMENT_3D('',#9822,#6665,#6666);
#5728=AXIS2_PLACEMENT_3D('',#9823,#6667,#6668);
#5729=AXIS2_PLACEMENT_3D('',#9826,#6670,#6671);
#5730=AXIS2_PLACEMENT_3D('',#9829,#6673,#6674);
#5731=AXIS2_PLACEMENT_3D('',#9832,#6676,#6677);
#5732=AXIS2_PLACEMENT_3D('',#9833,#6678,#6679);
#5733=AXIS2_PLACEMENT_3D('',#9836,#6681,#6682);
#5734=AXIS2_PLACEMENT_3D('',#9837,#6683,#6684);
#5735=AXIS2_PLACEMENT_3D('',#9841,#6687,#6688);
#5736=AXIS2_PLACEMENT_3D('',#9844,#6690,#6691);
#5737=AXIS2_PLACEMENT_3D('',#9845,#6692,#6693);
#5738=AXIS2_PLACEMENT_3D('',#9848,#6695,#6696);
#5739=AXIS2_PLACEMENT_3D('',#9862,#6698,#6699);
#5740=AXIS2_PLACEMENT_3D('',#9865,#6701,#6702);
#5741=AXIS2_PLACEMENT_3D('',#9866,#6703,#6704);
#5742=AXIS2_PLACEMENT_3D('',#9869,#6706,#6707);
#5743=AXIS2_PLACEMENT_3D('',#9870,#6708,#6709);
#5744=AXIS2_PLACEMENT_3D('',#9873,#6711,#6712);
#5745=AXIS2_PLACEMENT_3D('',#9874,#6713,#6714);
#5746=AXIS2_PLACEMENT_3D('',#9878,#6717,#6718);
#5747=AXIS2_PLACEMENT_3D('',#9881,#6720,#6721);
#5748=AXIS2_PLACEMENT_3D('',#9882,#6722,#6723);
#5749=AXIS2_PLACEMENT_3D('',#9885,#6725,#6726);
#5750=AXIS2_PLACEMENT_3D('',#9886,#6727,#6728);
#5751=AXIS2_PLACEMENT_3D('',#9889,#6730,#6731);
#5752=AXIS2_PLACEMENT_3D('',#9890,#6732,#6733);
#5753=AXIS2_PLACEMENT_3D('',#9893,#6735,#6736);
#5754=AXIS2_PLACEMENT_3D('',#9894,#6737,#6738);
#5755=AXIS2_PLACEMENT_3D('',#9897,#6740,#6741);
#5756=AXIS2_PLACEMENT_3D('',#9898,#6742,#6743);
#5757=AXIS2_PLACEMENT_3D('',#9902,#6746,#6747);
#5758=AXIS2_PLACEMENT_3D('',#9905,#6749,#6750);
#5759=AXIS2_PLACEMENT_3D('',#9906,#6751,#6752);
#5760=AXIS2_PLACEMENT_3D('',#9909,#6754,#6755);
#5761=AXIS2_PLACEMENT_3D('',#9910,#6756,#6757);
#5762=AXIS2_PLACEMENT_3D('',#9913,#6759,#6760);
#5763=AXIS2_PLACEMENT_3D('',#9914,#6761,#6762);
#5764=AXIS2_PLACEMENT_3D('',#9917,#6764,#6765);
#5765=AXIS2_PLACEMENT_3D('',#9918,#6766,#6767);
#5766=AXIS2_PLACEMENT_3D('',#9921,#6769,#6770);
#5767=AXIS2_PLACEMENT_3D('',#9922,#6771,#6772);
#5768=AXIS2_PLACEMENT_3D('',#9925,#6774,#6775);
#5769=AXIS2_PLACEMENT_3D('',#9926,#6776,#6777);
#5770=AXIS2_PLACEMENT_3D('',#9930,#6780,#6781);
#5771=AXIS2_PLACEMENT_3D('',#9933,#6783,#6784);
#5772=AXIS2_PLACEMENT_3D('',#9934,#6785,#6786);
#5773=AXIS2_PLACEMENT_3D('',#9937,#6788,#6789);
#5774=AXIS2_PLACEMENT_3D('',#9938,#6790,#6791);
#5775=AXIS2_PLACEMENT_3D('',#9941,#6793,#6794);
#5776=AXIS2_PLACEMENT_3D('',#9942,#6795,#6796);
#5777=AXIS2_PLACEMENT_3D('',#9945,#6798,#6799);
#5778=AXIS2_PLACEMENT_3D('',#9946,#6800,#6801);
#5779=AXIS2_PLACEMENT_3D('',#9949,#6803,#6804);
#5780=AXIS2_PLACEMENT_3D('',#9950,#6805,#6806);
#5781=AXIS2_PLACEMENT_3D('',#9954,#6809,#6810);
#5782=AXIS2_PLACEMENT_3D('',#9957,#6812,#6813);
#5783=AXIS2_PLACEMENT_3D('',#10010,#6818,#6819);
#5784=AXIS2_PLACEMENT_3D('',#10013,#6821,#6822);
#5785=AXIS2_PLACEMENT_3D('',#10027,#6824,#6825);
#5786=AXIS2_PLACEMENT_3D('',#10031,#6828,#6829);
#5787=AXIS2_PLACEMENT_3D('',#10034,#6831,#6832);
#5788=AXIS2_PLACEMENT_3D('',#10035,#6833,#6834);
#5789=AXIS2_PLACEMENT_3D('',#10038,#6836,#6837);
#5790=AXIS2_PLACEMENT_3D('',#10039,#6838,#6839);
#5791=AXIS2_PLACEMENT_3D('',#10042,#6841,#6842);
#5792=AXIS2_PLACEMENT_3D('',#10043,#6843,#6844);
#5793=AXIS2_PLACEMENT_3D('',#10046,#6846,#6847);
#5794=AXIS2_PLACEMENT_3D('',#10047,#6848,#6849);
#5795=AXIS2_PLACEMENT_3D('',#10051,#6852,#6853);
#5796=AXIS2_PLACEMENT_3D('',#10054,#6855,#6856);
#5797=AXIS2_PLACEMENT_3D('',#10055,#6857,#6858);
#5798=AXIS2_PLACEMENT_3D('',#10056,#6859,#6860);
#5799=AXIS2_PLACEMENT_3D('',#10057,#6861,#6862);
#5800=AXIS2_PLACEMENT_3D('',#10058,#6863,#6864);
#5801=AXIS2_PLACEMENT_3D('',#10061,#6866,#6867);
#5802=AXIS2_PLACEMENT_3D('',#10064,#6869,#6870);
#5803=AXIS2_PLACEMENT_3D('',#10067,#6872,#6873);
#5804=AXIS2_PLACEMENT_3D('',#10068,#6874,#6875);
#5805=AXIS2_PLACEMENT_3D('',#10072,#6878,#6879);
#5806=AXIS2_PLACEMENT_3D('',#10075,#6881,#6882);
#5807=AXIS2_PLACEMENT_3D('',#10076,#6883,#6884);
#5808=AXIS2_PLACEMENT_3D('',#10079,#6886,#6887);
#5809=AXIS2_PLACEMENT_3D('',#10080,#6888,#6889);
#5810=AXIS2_PLACEMENT_3D('',#10083,#6891,#6892);
#5811=AXIS2_PLACEMENT_3D('',#10084,#6893,#6894);
#5812=AXIS2_PLACEMENT_3D('',#10088,#6897,#6898);
#5813=AXIS2_PLACEMENT_3D('',#10091,#6900,#6901);
#5814=AXIS2_PLACEMENT_3D('',#10092,#6902,#6903);
#5815=AXIS2_PLACEMENT_3D('',#10095,#6905,#6906);
#5816=AXIS2_PLACEMENT_3D('',#10096,#6907,#6908);
#5817=AXIS2_PLACEMENT_3D('',#10099,#6910,#6911);
#5818=AXIS2_PLACEMENT_3D('',#10100,#6912,#6913);
#5819=AXIS2_PLACEMENT_3D('',#10103,#6915,#6916);
#5820=AXIS2_PLACEMENT_3D('',#10104,#6917,#6918);
#5821=AXIS2_PLACEMENT_3D('',#10108,#6921,#6922);
#5822=AXIS2_PLACEMENT_3D('',#10112,#6925,#6926);
#5823=AXIS2_PLACEMENT_3D('',#10115,#6928,#6929);
#5824=AXIS2_PLACEMENT_3D('',#10116,#6930,#6931);
#5825=AXIS2_PLACEMENT_3D('',#10117,#6932,#6933);
#5826=AXIS2_PLACEMENT_3D('',#10118,#6934,#6935);
#5827=AXIS2_PLACEMENT_3D('',#10119,#6936,#6937);
#5828=AXIS2_PLACEMENT_3D('',#10122,#6939,#6940);
#5829=AXIS2_PLACEMENT_3D('',#10125,#6942,#6943);
#5830=AXIS2_PLACEMENT_3D('',#10128,#6945,#6946);
#5831=AXIS2_PLACEMENT_3D('',#10129,#6947,#6948);
#5832=AXIS2_PLACEMENT_3D('',#10132,#6950,#6951);
#5833=AXIS2_PLACEMENT_3D('',#10133,#6952,#6953);
#5834=AXIS2_PLACEMENT_3D('',#10137,#6956,#6957);
#5835=AXIS2_PLACEMENT_3D('',#10140,#6959,#6960);
#5836=AXIS2_PLACEMENT_3D('',#10141,#6961,#6962);
#5837=AXIS2_PLACEMENT_3D('',#10144,#6964,#6965);
#5838=AXIS2_PLACEMENT_3D('',#10158,#6967,#6968);
#5839=AXIS2_PLACEMENT_3D('',#10161,#6970,#6971);
#5840=AXIS2_PLACEMENT_3D('',#10162,#6972,#6973);
#5841=AXIS2_PLACEMENT_3D('',#10165,#6975,#6976);
#5842=AXIS2_PLACEMENT_3D('',#10166,#6977,#6978);
#5843=AXIS2_PLACEMENT_3D('',#10169,#6980,#6981);
#5844=AXIS2_PLACEMENT_3D('',#10170,#6982,#6983);
#5845=AXIS2_PLACEMENT_3D('',#10174,#6986,#6987);
#5846=AXIS2_PLACEMENT_3D('',#10177,#6989,#6990);
#5847=AXIS2_PLACEMENT_3D('',#10178,#6991,#6992);
#5848=AXIS2_PLACEMENT_3D('',#10181,#6994,#6995);
#5849=AXIS2_PLACEMENT_3D('',#10182,#6996,#6997);
#5850=AXIS2_PLACEMENT_3D('',#10185,#6999,#7000);
#5851=AXIS2_PLACEMENT_3D('',#10186,#7001,#7002);
#5852=AXIS2_PLACEMENT_3D('',#10189,#7004,#7005);
#5853=AXIS2_PLACEMENT_3D('',#10190,#7006,#7007);
#5854=AXIS2_PLACEMENT_3D('',#10193,#7009,#7010);
#5855=AXIS2_PLACEMENT_3D('',#10194,#7011,#7012);
#5856=AXIS2_PLACEMENT_3D('',#10198,#7015,#7016);
#5857=AXIS2_PLACEMENT_3D('',#10201,#7018,#7019);
#5858=AXIS2_PLACEMENT_3D('',#10202,#7020,#7021);
#5859=AXIS2_PLACEMENT_3D('',#10205,#7023,#7024);
#5860=AXIS2_PLACEMENT_3D('',#10206,#7025,#7026);
#5861=AXIS2_PLACEMENT_3D('',#10209,#7028,#7029);
#5862=AXIS2_PLACEMENT_3D('',#10210,#7030,#7031);
#5863=AXIS2_PLACEMENT_3D('',#10213,#7033,#7034);
#5864=AXIS2_PLACEMENT_3D('',#10214,#7035,#7036);
#5865=AXIS2_PLACEMENT_3D('',#10217,#7038,#7039);
#5866=AXIS2_PLACEMENT_3D('',#10218,#7040,#7041);
#5867=AXIS2_PLACEMENT_3D('',#10221,#7043,#7044);
#5868=AXIS2_PLACEMENT_3D('',#10222,#7045,#7046);
#5869=AXIS2_PLACEMENT_3D('',#10226,#7049,#7050);
#5870=AXIS2_PLACEMENT_3D('',#10229,#7052,#7053);
#5871=AXIS2_PLACEMENT_3D('',#10230,#7054,#7055);
#5872=AXIS2_PLACEMENT_3D('',#10233,#7057,#7058);
#5873=AXIS2_PLACEMENT_3D('',#10234,#7059,#7060);
#5874=AXIS2_PLACEMENT_3D('',#10237,#7062,#7063);
#5875=AXIS2_PLACEMENT_3D('',#10238,#7064,#7065);
#5876=AXIS2_PLACEMENT_3D('',#10241,#7067,#7068);
#5877=AXIS2_PLACEMENT_3D('',#10242,#7069,#7070);
#5878=AXIS2_PLACEMENT_3D('',#10245,#7072,#7073);
#5879=AXIS2_PLACEMENT_3D('',#10246,#7074,#7075);
#5880=AXIS2_PLACEMENT_3D('',#10250,#7078,#7079);
#5881=AXIS2_PLACEMENT_3D('',#10253,#7081,#7082);
#5882=AXIS2_PLACEMENT_3D('',#10306,#7087,#7088);
#5883=AXIS2_PLACEMENT_3D('',#10309,#7090,#7091);
#5884=AXIS2_PLACEMENT_3D('',#10323,#7093,#7094);
#5885=AXIS2_PLACEMENT_3D('',#10327,#7097,#7098);
#5886=AXIS2_PLACEMENT_3D('',#10330,#7100,#7101);
#5887=AXIS2_PLACEMENT_3D('',#10331,#7102,#7103);
#5888=AXIS2_PLACEMENT_3D('',#10334,#7105,#7106);
#5889=AXIS2_PLACEMENT_3D('',#10335,#7107,#7108);
#5890=AXIS2_PLACEMENT_3D('',#10338,#7110,#7111);
#5891=AXIS2_PLACEMENT_3D('',#10339,#7112,#7113);
#5892=AXIS2_PLACEMENT_3D('',#10342,#7115,#7116);
#5893=AXIS2_PLACEMENT_3D('',#10343,#7117,#7118);
#5894=AXIS2_PLACEMENT_3D('',#10347,#7121,#7122);
#5895=AXIS2_PLACEMENT_3D('',#10350,#7124,#7125);
#5896=AXIS2_PLACEMENT_3D('',#10351,#7126,#7127);
#5897=AXIS2_PLACEMENT_3D('',#10352,#7128,#7129);
#5898=AXIS2_PLACEMENT_3D('',#10353,#7130,#7131);
#5899=AXIS2_PLACEMENT_3D('',#10354,#7132,#7133);
#5900=AXIS2_PLACEMENT_3D('',#10357,#7135,#7136);
#5901=AXIS2_PLACEMENT_3D('',#10360,#7138,#7139);
#5902=AXIS2_PLACEMENT_3D('',#10364,#7142,#7143);
#5903=AXIS2_PLACEMENT_3D('',#10367,#7145,#7146);
#5904=AXIS2_PLACEMENT_3D('',#10368,#7147,#7148);
#5905=AXIS2_PLACEMENT_3D('',#10371,#7150,#7151);
#5906=AXIS2_PLACEMENT_3D('',#10372,#7152,#7153);
#5907=AXIS2_PLACEMENT_3D('',#10375,#7155,#7156);
#5908=AXIS2_PLACEMENT_3D('',#10376,#7157,#7158);
#5909=AXIS2_PLACEMENT_3D('',#10379,#7160,#7161);
#5910=AXIS2_PLACEMENT_3D('',#10380,#7162,#7163);
#5911=AXIS2_PLACEMENT_3D('',#10384,#7166,#7167);
#5912=AXIS2_PLACEMENT_3D('',#10388,#7170,#7171);
#5913=AXIS2_PLACEMENT_3D('',#10391,#7173,#7174);
#5914=AXIS2_PLACEMENT_3D('',#10392,#7175,#7176);
#5915=AXIS2_PLACEMENT_3D('',#10395,#7178,#7179);
#5916=AXIS2_PLACEMENT_3D('',#10396,#7180,#7181);
#5917=AXIS2_PLACEMENT_3D('',#10399,#7183,#7184);
#5918=AXIS2_PLACEMENT_3D('',#10400,#7185,#7186);
#5919=AXIS2_PLACEMENT_3D('',#10404,#7189,#7190);
#5920=AXIS2_PLACEMENT_3D('',#10407,#7192,#7193);
#5921=AXIS2_PLACEMENT_3D('',#10408,#7194,#7195);
#5922=AXIS2_PLACEMENT_3D('',#10411,#7197,#7198);
#5923=AXIS2_PLACEMENT_3D('',#10412,#7199,#7200);
#5924=AXIS2_PLACEMENT_3D('',#10415,#7202,#7203);
#5925=AXIS2_PLACEMENT_3D('',#10416,#7204,#7205);
#5926=AXIS2_PLACEMENT_3D('',#10419,#7207,#7208);
#5927=AXIS2_PLACEMENT_3D('',#10420,#7209,#7210);
#5928=AXIS2_PLACEMENT_3D('',#10423,#7212,#7213);
#5929=AXIS2_PLACEMENT_3D('',#10424,#7214,#7215);
#5930=AXIS2_PLACEMENT_3D('',#10428,#7218,#7219);
#5931=AXIS2_PLACEMENT_3D('',#10432,#7222,#7223);
#5932=AXIS2_PLACEMENT_3D('',#10436,#7226,#7227);
#5933=AXIS2_PLACEMENT_3D('',#10439,#7229,#7230);
#5934=AXIS2_PLACEMENT_3D('',#10440,#7231,#7232);
#5935=AXIS2_PLACEMENT_3D('',#10443,#7234,#7235);
#5936=AXIS2_PLACEMENT_3D('',#10444,#7236,#7237);
#5937=AXIS2_PLACEMENT_3D('',#10445,#7238,#7239);
#5938=AXIS2_PLACEMENT_3D('',#10446,#7240,#7241);
#5939=DIRECTION('',(0.,0.,1.));
#5940=DIRECTION('',(1.,0.,0.));
#5941=DIRECTION('',(0.,1.,0.));
#5942=DIRECTION('',(1.,0.,0.));
#5943=DIRECTION('',(0.,1.,0.));
#5944=DIRECTION('',(0.,0.,1.));
#5945=DIRECTION('',(0.,1.,0.));
#5946=DIRECTION('',(0.,0.,1.));
#5947=DIRECTION('',(0.,1.,0.));
#5948=DIRECTION('',(0.,0.,1.));
#5949=DIRECTION('',(0.,1.,0.));
#5950=DIRECTION('',(0.,0.,1.));
#5951=DIRECTION('',(0.208030653067009,0.,-0.978122306966012));
#5952=DIRECTION('',(0.,1.,0.));
#5953=DIRECTION('',(0.,0.,1.));
#5954=DIRECTION('',(0.,1.,0.));
#5955=DIRECTION('',(0.,0.,1.));
#5956=DIRECTION('',(0.,1.,0.));
#5957=DIRECTION('',(0.,0.,1.));
#5958=DIRECTION('',(0.,1.,0.));
#5959=DIRECTION('',(0.,0.,1.));
#5960=DIRECTION('',(-0.209529088730829,0.,0.977802414077419));
#5961=DIRECTION('',(0.,1.,0.));
#5962=DIRECTION('',(0.,0.,1.));
#5963=DIRECTION('',(0.,1.,0.));
#5964=DIRECTION('',(0.,0.,1.));
#5965=DIRECTION('',(-0.209329979847466,0.,0.977845059064604));
#5966=DIRECTION('',(0.,1.,0.));
#5967=DIRECTION('',(0.,0.,1.));
#5968=DIRECTION('',(0.,1.,0.));
#5969=DIRECTION('',(0.,0.,1.));
#5970=DIRECTION('',(0.,1.,0.));
#5971=DIRECTION('',(0.,0.,1.));
#5972=DIRECTION('',(0.,1.,0.));
#5973=DIRECTION('',(0.,0.,1.));
#5974=DIRECTION('',(0.,1.,0.));
#5975=DIRECTION('',(0.,0.,1.));
#5976=DIRECTION('',(0.208049632074946,0.,-0.978118270248276));
#5977=DIRECTION('',(0.,1.,0.));
#5978=DIRECTION('',(0.,0.,1.));
#5979=DIRECTION('',(0.,1.,0.));
#5980=DIRECTION('',(0.,0.,1.));
#5981=DIRECTION('',(0.,1.,0.));
#5982=DIRECTION('',(0.,0.,1.));
#5983=DIRECTION('',(0.,1.,0.));
#5984=DIRECTION('',(0.,0.,1.));
#5985=DIRECTION('',(0.,1.,0.));
#5986=DIRECTION('',(0.,0.,1.));
#5987=DIRECTION('',(0.,1.,0.));
#5988=DIRECTION('',(0.,0.,1.));
#5989=DIRECTION('',(-0.204643418216139,0.,0.978836590744755));
#5990=DIRECTION('',(0.,1.,0.));
#5991=DIRECTION('',(0.,0.,1.));
#5992=DIRECTION('',(0.,1.,0.));
#5993=DIRECTION('',(0.,0.,1.));
#5994=DIRECTION('',(0.,1.,0.));
#5995=DIRECTION('',(0.,0.,1.));
#5996=DIRECTION('',(0.,1.,0.));
#5997=DIRECTION('',(0.,0.,1.));
#5998=DIRECTION('',(0.,1.,0.));
#5999=DIRECTION('',(0.,0.,1.));
#6000=DIRECTION('',(0.208049632074946,0.,-0.978118270248276));
#6001=DIRECTION('',(0.,1.,0.));
#6002=DIRECTION('',(0.,0.,1.));
#6003=DIRECTION('',(0.,1.,0.));
#6004=DIRECTION('',(0.,0.,1.));
#6005=DIRECTION('',(0.,1.,0.));
#6006=DIRECTION('',(0.,0.,1.));
#6007=DIRECTION('',(0.,1.,0.));
#6008=DIRECTION('',(0.,0.,1.));
#6009=DIRECTION('',(0.,1.,0.));
#6010=DIRECTION('',(0.,0.,1.));
#6011=DIRECTION('',(-0.199919211303884,0.,0.979812384567389));
#6012=DIRECTION('',(0.,1.,0.));
#6013=DIRECTION('',(0.,0.,1.));
#6014=DIRECTION('',(0.,1.,0.));
#6015=DIRECTION('',(0.,0.,1.));
#6016=DIRECTION('',(0.,1.,0.));
#6017=DIRECTION('',(0.,0.,1.));
#6018=DIRECTION('',(0.,1.,0.));
#6019=DIRECTION('',(0.,0.,1.));
#6020=DIRECTION('',(0.,1.,0.));
#6021=DIRECTION('',(0.,0.,1.));
#6022=DIRECTION('',(0.582651811562656,0.,-0.812721887537647));
#6023=DIRECTION('',(-1.,0.,0.));
#6024=DIRECTION('',(0.,1.,0.));
#6025=DIRECTION('',(0.,0.,1.));
#6026=DIRECTION('',(0.,1.,0.));
#6027=DIRECTION('',(0.,0.,1.));
#6028=DIRECTION('',(0.,1.,0.));
#6029=DIRECTION('',(0.,0.,1.));
#6030=DIRECTION('',(0.,1.,0.));
#6031=DIRECTION('',(0.,0.,1.));
#6032=DIRECTION('',(1.,0.,0.));
#6033=DIRECTION('',(0.,1.,0.));
#6034=DIRECTION('',(0.,0.,1.));
#6035=DIRECTION('',(0.,1.,0.));
#6036=DIRECTION('',(0.,0.,1.));
#6037=DIRECTION('',(0.,1.,0.));
#6038=DIRECTION('',(0.,0.,1.));
#6039=DIRECTION('',(-0.583283882116378,0.,0.812268374900345));
#6040=DIRECTION('',(0.,1.,0.));
#6041=DIRECTION('',(0.,0.,1.));
#6042=DIRECTION('',(0.,1.,0.));
#6043=DIRECTION('',(0.,0.,1.));
#6044=DIRECTION('',(0.,1.,0.));
#6045=DIRECTION('',(0.,0.,1.));
#6046=DIRECTION('',(0.,1.,0.));
#6047=DIRECTION('',(0.,0.,1.));
#6048=DIRECTION('',(0.208030653067009,0.,-0.978122306966012));
#6049=DIRECTION('',(0.,1.,0.));
#6050=DIRECTION('',(0.,0.,1.));
#6051=DIRECTION('',(0.,1.,0.));
#6052=DIRECTION('',(0.,0.,1.));
#6053=DIRECTION('',(0.,1.,0.));
#6054=DIRECTION('',(0.,0.,1.));
#6055=DIRECTION('',(0.,1.,0.));
#6056=DIRECTION('',(0.,0.,1.));
#6057=DIRECTION('',(-0.209529088730829,0.,0.977802414077419));
#6058=DIRECTION('',(0.,1.,0.));
#6059=DIRECTION('',(0.,0.,1.));
#6060=DIRECTION('',(0.,1.,0.));
#6061=DIRECTION('',(0.,0.,1.));
#6062=DIRECTION('',(-0.209329979847466,0.,0.977845059064604));
#6063=DIRECTION('',(0.,1.,0.));
#6064=DIRECTION('',(0.,0.,1.));
#6065=DIRECTION('',(0.,1.,0.));
#6066=DIRECTION('',(0.,0.,1.));
#6067=DIRECTION('',(0.,1.,0.));
#6068=DIRECTION('',(0.,0.,1.));
#6069=DIRECTION('',(0.,1.,0.));
#6070=DIRECTION('',(0.,0.,1.));
#6071=DIRECTION('',(0.,1.,0.));
#6072=DIRECTION('',(0.,0.,1.));
#6073=DIRECTION('',(0.208049632074947,0.,-0.978118270248276));
#6074=DIRECTION('',(0.,1.,0.));
#6075=DIRECTION('',(0.,0.,1.));
#6076=DIRECTION('',(0.,1.,0.));
#6077=DIRECTION('',(0.,0.,1.));
#6078=DIRECTION('',(0.,1.,0.));
#6079=DIRECTION('',(0.,0.,1.));
#6080=DIRECTION('',(0.,1.,0.));
#6081=DIRECTION('',(0.,0.,1.));
#6082=DIRECTION('',(0.,1.,0.));
#6083=DIRECTION('',(0.,0.,1.));
#6084=DIRECTION('',(0.,1.,0.));
#6085=DIRECTION('',(0.,0.,1.));
#6086=DIRECTION('',(-0.204643418216139,0.,0.978836590744755));
#6087=DIRECTION('',(0.,1.,0.));
#6088=DIRECTION('',(0.,0.,1.));
#6089=DIRECTION('',(0.,1.,0.));
#6090=DIRECTION('',(0.,0.,1.));
#6091=DIRECTION('',(0.,1.,0.));
#6092=DIRECTION('',(0.,0.,1.));
#6093=DIRECTION('',(0.,1.,0.));
#6094=DIRECTION('',(0.,0.,1.));
#6095=DIRECTION('',(0.,1.,0.));
#6096=DIRECTION('',(0.,0.,1.));
#6097=DIRECTION('',(0.208049632074947,0.,-0.978118270248276));
#6098=DIRECTION('',(0.,1.,0.));
#6099=DIRECTION('',(0.,0.,1.));
#6100=DIRECTION('',(0.,1.,0.));
#6101=DIRECTION('',(0.,0.,1.));
#6102=DIRECTION('',(0.,1.,0.));
#6103=DIRECTION('',(0.,0.,1.));
#6104=DIRECTION('',(0.,1.,0.));
#6105=DIRECTION('',(0.,0.,1.));
#6106=DIRECTION('',(0.,1.,0.));
#6107=DIRECTION('',(0.,0.,1.));
#6108=DIRECTION('',(-0.199919211303884,0.,0.979812384567389));
#6109=DIRECTION('',(0.,1.,0.));
#6110=DIRECTION('',(0.,0.,1.));
#6111=DIRECTION('',(-1.,0.,0.));
#6112=DIRECTION('',(0.,1.,0.));
#6113=DIRECTION('',(0.,0.,1.));
#6114=DIRECTION('',(0.,1.,0.));
#6115=DIRECTION('',(0.,0.,1.));
#6116=DIRECTION('',(0.,1.,0.));
#6117=DIRECTION('',(0.,0.,1.));
#6118=DIRECTION('',(0.,1.,0.));
#6119=DIRECTION('',(0.,0.,1.));
#6120=DIRECTION('',(1.,0.,0.));
#6121=DIRECTION('',(0.221044093330168,0.,-0.97526381497718));
#6122=DIRECTION('',(-0.761296151027798,0.,0.648404326350666));
#6123=DIRECTION('',(0.,1.,0.));
#6124=DIRECTION('',(0.,0.,1.));
#6125=DIRECTION('',(0.,1.,0.));
#6126=DIRECTION('',(0.,0.,1.));
#6127=DIRECTION('',(0.,1.,0.));
#6128=DIRECTION('',(0.,0.,1.));
#6129=DIRECTION('',(0.,1.,0.));
#6130=DIRECTION('',(0.,0.,1.));
#6131=DIRECTION('',(0.,1.,0.));
#6132=DIRECTION('',(0.,0.,1.));
#6133=DIRECTION('',(0.748422320956712,0.,-0.663222458526374));
#6134=DIRECTION('',(0.,1.,0.));
#6135=DIRECTION('',(0.,0.,1.));
#6136=DIRECTION('',(0.,1.,0.));
#6137=DIRECTION('',(0.,0.,1.));
#6138=DIRECTION('',(0.,1.,0.));
#6139=DIRECTION('',(0.,0.,1.));
#6140=DIRECTION('',(-0.218319058171339,0.,0.975877445604303));
#6141=DIRECTION('',(1.,0.,0.));
#6142=DIRECTION('',(0.,1.,0.));
#6143=DIRECTION('',(0.,0.,1.));
#6144=DIRECTION('',(0.,1.,0.));
#6145=DIRECTION('',(0.,0.,1.));
#6146=DIRECTION('',(0.,1.,0.));
#6147=DIRECTION('',(0.,0.,1.));
#6148=DIRECTION('',(0.,1.,0.));
#6149=DIRECTION('',(0.,0.,1.));
#6150=DIRECTION('',(0.,1.,0.));
#6151=DIRECTION('',(1.,0.,0.));
#6152=DIRECTION('',(-1.,0.,0.));
#6153=DIRECTION('',(-0.3646409665029,0.,-0.931148197414263));
#6154=DIRECTION('',(-1.,0.,0.));
#6155=DIRECTION('',(-0.360741980673224,0.,0.93266565465871));
#6156=DIRECTION('',(-1.,0.,0.));
#6157=DIRECTION('',(0.366279776202125,0.,-0.930504769222233));
#6158=DIRECTION('',(1.,0.,0.));
#6159=DIRECTION('',(0.364697763408864,0.,0.931125953544724));
#6160=DIRECTION('',(0.,1.,0.));
#6161=DIRECTION('',(1.,0.,0.));
#6162=DIRECTION('',(0.,1.,0.));
#6163=DIRECTION('',(1.,0.,0.));
#6164=DIRECTION('',(-1.,0.,0.));
#6165=DIRECTION('',(0.,0.,1.));
#6166=DIRECTION('',(-1.,0.,0.));
#6167=DIRECTION('',(0.,0.,-1.));
#6168=DIRECTION('',(1.,0.,0.));
#6169=DIRECTION('',(0.,0.,1.));
#6170=DIRECTION('',(-1.,0.,0.));
#6171=DIRECTION('',(0.,0.,-1.));
#6172=DIRECTION('',(1.,0.,0.));
#6173=DIRECTION('',(0.,0.,1.));
#6174=DIRECTION('',(-1.,0.,0.));
#6175=DIRECTION('',(0.,0.,1.));
#6176=DIRECTION('',(1.,0.,0.));
#6177=DIRECTION('',(0.,0.,1.));
#6178=DIRECTION('',(-1.,0.,0.));
#6179=DIRECTION('',(0.,0.,1.));
#6180=DIRECTION('',(1.,0.,0.));
#6181=DIRECTION('',(0.,0.,1.));
#6182=DIRECTION('',(-1.,0.,0.));
#6183=DIRECTION('',(-0.545740986752486,0.,-0.83795392199));
#6184=DIRECTION('',(-1.,0.,0.));
#6185=DIRECTION('',(0.,1.,0.));
#6186=DIRECTION('',(0.,0.,1.));
#6187=DIRECTION('',(0.,0.,1.));
#6188=DIRECTION('',(-1.,0.,0.));
#6189=DIRECTION('',(0.,0.,-1.));
#6190=DIRECTION('',(1.,0.,0.));
#6191=DIRECTION('',(0.546321300020589,0.,0.837575690396882));
#6192=DIRECTION('',(1.,0.,0.));
#6193=DIRECTION('',(0.,1.,0.));
#6194=DIRECTION('',(0.,0.,1.));
#6195=DIRECTION('',(0.,1.,0.));
#6196=DIRECTION('',(0.,0.,1.));
#6197=DIRECTION('',(0.,0.,-1.));
#6198=DIRECTION('',(1.,0.,0.));
#6199=DIRECTION('',(0.,0.,1.));
#6200=DIRECTION('',(-1.,0.,0.));
#6201=DIRECTION('',(-0.545740986752486,0.,-0.83795392199));
#6202=DIRECTION('',(-1.,0.,0.));
#6203=DIRECTION('',(0.,1.,0.));
#6204=DIRECTION('',(0.,0.,1.));
#6205=DIRECTION('',(0.,0.,1.));
#6206=DIRECTION('',(-1.,0.,0.));
#6207=DIRECTION('',(0.,0.,-1.));
#6208=DIRECTION('',(1.,0.,0.));
#6209=DIRECTION('',(0.546321300020589,0.,0.837575690396882));
#6210=DIRECTION('',(1.,0.,0.));
#6211=DIRECTION('',(0.,1.,0.));
#6212=DIRECTION('',(0.,0.,1.));
#6213=DIRECTION('',(0.,1.,0.));
#6214=DIRECTION('',(0.,0.,1.));
#6215=DIRECTION('',(0.,0.,-1.));
#6216=DIRECTION('',(1.,0.,0.));
#6217=DIRECTION('',(-1.,0.,0.));
#6218=DIRECTION('',(0.,0.,1.));
#6219=DIRECTION('',(-1.,0.,0.));
#6220=DIRECTION('',(0.,0.,-1.));
#6221=DIRECTION('',(1.,0.,0.));
#6222=DIRECTION('',(0.517312852015986,0.,0.855796361957146));
#6223=DIRECTION('',(-1.,0.,0.));
#6224=DIRECTION('',(-0.503078927228833,0.,-0.86424047173127));
#6225=DIRECTION('',(0.,0.,-1.));
#6226=DIRECTION('',(0.,1.,0.));
#6227=DIRECTION('',(0.,0.,1.));
#6228=DIRECTION('',(0.,1.,0.));
#6229=DIRECTION('',(0.,0.,1.));
#6230=DIRECTION('',(0.,1.,0.));
#6231=DIRECTION('',(0.,0.,1.));
#6232=DIRECTION('',(-0.338142350146593,0.,0.941094974504348));
#6233=DIRECTION('',(0.,-1.,0.));
#6234=DIRECTION('',(-1.,0.,0.));
#6235=DIRECTION('',(0.,-1.,0.));
#6236=DIRECTION('',(0.,-1.,0.));
#6237=DIRECTION('',(-1.,0.,0.));
#6238=DIRECTION('',(0.,-1.,0.));
#6239=DIRECTION('',(0.,1.,0.));
#6240=DIRECTION('',(1.,0.,0.));
#6241=DIRECTION('',(0.,1.,0.));
#6242=DIRECTION('',(1.,0.,0.));
#6243=DIRECTION('',(0.,1.,0.));
#6244=DIRECTION('',(1.,0.,0.));
#6245=DIRECTION('',(0.,-1.,0.));
#6246=DIRECTION('',(-1.,0.,0.));
#6247=DIRECTION('',(0.,-1.,0.));
#6248=DIRECTION('',(-0.292371704722737,0.,-0.956304755963035));
#6249=DIRECTION('',(-0.956304755963035,0.,0.292371704722737));
#6250=DIRECTION('',(0.,-1.,0.));
#6251=DIRECTION('',(0.,-1.,0.));
#6252=DIRECTION('',(-1.,0.,0.));
#6253=DIRECTION('',(0.,-1.,0.));
#6254=DIRECTION('',(-0.292371704722737,0.,-0.956304755963035));
#6255=DIRECTION('',(-0.956304755963035,0.,0.292371704722737));
#6256=DIRECTION('',(0.,1.,0.));
#6257=DIRECTION('',(1.,0.,0.));
#6258=DIRECTION('',(0.,1.,0.));
#6259=DIRECTION('',(1.,0.,0.));
#6260=DIRECTION('',(0.,-1.,0.));
#6261=DIRECTION('',(-1.,0.,0.));
#6262=DIRECTION('',(0.,-1.,0.));
#6263=DIRECTION('',(0.397129806311814,0.,0.917762451257808));
#6264=DIRECTION('',(0.917762451257808,0.,-0.397129806311814));
#6265=DIRECTION('',(0.,-1.,0.));
#6266=DIRECTION('',(0.,-1.,0.));
#6267=DIRECTION('',(-1.,0.,0.));
#6268=DIRECTION('',(0.,-1.,0.));
#6269=DIRECTION('',(0.397129806311814,0.,0.917762451257808));
#6270=DIRECTION('',(0.917762451257808,0.,-0.397129806311814));
#6271=DIRECTION('',(0.,1.,0.));
#6272=DIRECTION('',(1.,0.,0.));
#6273=DIRECTION('',(0.,0.,1.));
#6274=DIRECTION('',(0.,-1.,0.));
#6275=DIRECTION('',(1.,0.,0.));
#6276=DIRECTION('',(0.,1.,0.));
#6277=DIRECTION('',(1.,0.,0.));
#6278=DIRECTION('',(0.,1.,0.));
#6279=DIRECTION('',(-1.,0.,0.));
#6280=DIRECTION('',(0.,1.,0.));
#6281=DIRECTION('',(0.,0.,1.));
#6282=DIRECTION('',(0.,1.,0.));
#6283=DIRECTION('',(0.,0.,1.));
#6284=DIRECTION('',(0.,0.,-1.));
#6285=DIRECTION('',(0.,1.,0.));
#6286=DIRECTION('',(-1.,0.,0.));
#6287=DIRECTION('',(0.,1.,0.));
#6288=DIRECTION('',(-1.,0.,0.));
#6289=DIRECTION('',(0.,1.,0.));
#6290=DIRECTION('',(0.,1.,0.));
#6291=DIRECTION('',(0.,1.,0.));
#6292=DIRECTION('',(0.,1.,0.));
#6293=DIRECTION('',(0.,1.,0.));
#6294=DIRECTION('',(0.,1.,0.));
#6295=DIRECTION('',(0.,0.,1.));
#6296=DIRECTION('',(0.,-1.,0.));
#6297=DIRECTION('',(0.,1.,0.));
#6298=DIRECTION('',(1.,0.,0.));
#6299=DIRECTION('',(1.,0.,0.));
#6300=DIRECTION('',(0.,-1.,0.));
#6301=DIRECTION('',(0.,1.,0.));
#6302=DIRECTION('',(0.,0.,-1.));
#6303=DIRECTION('',(0.,0.,-1.));
#6304=DIRECTION('',(0.,1.,0.));
#6305=DIRECTION('',(0.,1.,0.));
#6306=DIRECTION('',(-1.,0.,0.));
#6307=DIRECTION('',(-1.,0.,0.));
#6308=DIRECTION('',(0.,1.,0.));
#6309=DIRECTION('',(0.,1.,0.));
#6310=DIRECTION('',(0.,0.,1.));
#6311=DIRECTION('',(0.,0.,-1.));
#6312=DIRECTION('',(0.,1.,0.));
#6313=DIRECTION('',(0.,1.,0.));
#6314=DIRECTION('',(-1.,0.,0.));
#6315=DIRECTION('',(0.,1.,0.));
#6316=DIRECTION('',(1.,0.,0.));
#6317=DIRECTION('',(0.,0.,-1.));
#6318=DIRECTION('',(0.,1.,0.));
#6319=DIRECTION('',(0.,1.,0.));
#6320=DIRECTION('',(-1.,0.,0.));
#6321=DIRECTION('',(0.,1.,0.));
#6322=DIRECTION('',(-1.,0.,0.));
#6323=DIRECTION('',(0.,1.,0.));
#6324=DIRECTION('',(0.,1.,0.));
#6325=DIRECTION('',(0.,0.,1.));
#6326=DIRECTION('',(0.,0.,1.));
#6327=DIRECTION('',(0.,-1.,0.));
#6328=DIRECTION('',(0.,1.,0.));
#6329=DIRECTION('',(1.,0.,0.));
#6330=DIRECTION('',(-1.,0.,0.));
#6331=DIRECTION('',(0.,1.,0.));
#6332=DIRECTION('',(0.,1.,0.));
#6333=DIRECTION('',(0.,0.,1.));
#6334=DIRECTION('',(0.,0.,-1.));
#6335=DIRECTION('',(0.,1.,0.));
#6336=DIRECTION('',(0.,1.,0.));
#6337=DIRECTION('',(-1.,0.,0.));
#6338=DIRECTION('',(-1.,0.,0.));
#6339=DIRECTION('',(0.,1.,0.));
#6340=DIRECTION('',(0.,1.,0.));
#6341=DIRECTION('',(0.,0.,1.));
#6342=DIRECTION('',(0.,0.,1.));
#6343=DIRECTION('',(0.,-1.,0.));
#6344=DIRECTION('',(0.,1.,0.));
#6345=DIRECTION('',(1.,0.,0.));
#6346=DIRECTION('',(-1.,0.,0.));
#6347=DIRECTION('',(0.,1.,0.));
#6348=DIRECTION('',(0.,1.,0.));
#6349=DIRECTION('',(0.,0.,1.));
#6350=DIRECTION('',(0.,0.,-1.));
#6351=DIRECTION('',(0.,1.,0.));
#6352=DIRECTION('',(0.,1.,0.));
#6353=DIRECTION('',(-1.,0.,0.));
#6354=DIRECTION('',(-1.,0.,0.));
#6355=DIRECTION('',(0.,1.,0.));
#6356=DIRECTION('',(0.,1.,0.));
#6357=DIRECTION('',(0.,0.,1.));
#6358=DIRECTION('',(0.,0.,1.));
#6359=DIRECTION('',(0.,-1.,0.));
#6360=DIRECTION('',(0.,1.,0.));
#6361=DIRECTION('',(1.,0.,0.));
#6362=DIRECTION('',(1.,0.,0.));
#6363=DIRECTION('',(0.,-1.,0.));
#6364=DIRECTION('',(0.,0.,-1.));
#6365=DIRECTION('',(0.,1.,0.));
#6366=DIRECTION('',(1.,0.,0.));
#6367=DIRECTION('',(0.,0.,-1.));
#6368=DIRECTION('',(0.,1.,0.));
#6369=DIRECTION('',(0.,1.,0.));
#6370=DIRECTION('',(-1.,0.,0.));
#6371=DIRECTION('',(0.,1.,0.));
#6372=DIRECTION('',(-1.,0.,0.));
#6373=DIRECTION('',(0.,1.,0.));
#6374=DIRECTION('',(0.,1.,0.));
#6375=DIRECTION('',(0.,0.,1.));
#6376=DIRECTION('',(0.,0.,1.));
#6377=DIRECTION('',(0.,-1.,0.));
#6378=DIRECTION('',(0.,1.,0.));
#6379=DIRECTION('',(1.,0.,0.));
#6380=DIRECTION('',(1.,0.,0.));
#6381=DIRECTION('',(0.,-1.,0.));
#6382=DIRECTION('',(0.,1.,0.));
#6383=DIRECTION('',(0.,0.,-1.));
#6384=DIRECTION('',(0.,1.,0.));
#6385=DIRECTION('',(-0.999795158446898,0.,0.0202395935271137));
#6386=DIRECTION('',(0.,1.,0.));
#6387=DIRECTION('',(0.,1.,0.));
#6388=DIRECTION('',(0.,0.,1.));
#6389=DIRECTION('',(0.,1.,0.));
#6390=DIRECTION('',(-0.998604161237667,0.,0.0528178867318155));
#6391=DIRECTION('',(0.,1.,0.));
#6392=DIRECTION('',(0.,1.,0.));
#6393=DIRECTION('',(0.,0.,1.));
#6394=DIRECTION('',(0.,0.,1.));
#6395=DIRECTION('',(0.,-1.,0.));
#6396=DIRECTION('',(0.,1.,0.));
#6397=DIRECTION('',(1.,0.,0.));
#6398=DIRECTION('',(-0.837575690396882,0.,0.546321300020589));
#6399=DIRECTION('',(0.546321300020589,0.,0.837575690396882));
#6400=DIRECTION('',(0.,1.,0.));
#6401=DIRECTION('',(0.546321300020589,0.,0.837575690396882));
#6402=DIRECTION('',(0.,0.,1.));
#6403=DIRECTION('',(0.,-1.,0.));
#6404=DIRECTION('',(0.,1.,0.));
#6405=DIRECTION('',(1.,0.,0.));
#6406=DIRECTION('',(1.,0.,0.));
#6407=DIRECTION('',(0.,-1.,0.));
#6408=DIRECTION('',(0.,1.,0.));
#6409=DIRECTION('',(0.,0.,-1.));
#6410=DIRECTION('',(0.,0.,-1.));
#6411=DIRECTION('',(0.,1.,0.));
#6412=DIRECTION('',(0.,1.,0.));
#6413=DIRECTION('',(-1.,0.,0.));
#6414=DIRECTION('',(-1.,0.,0.));
#6415=DIRECTION('',(0.,1.,0.));
#6416=DIRECTION('',(0.,1.,0.));
#6417=DIRECTION('',(0.,0.,1.));
#6418=DIRECTION('',(0.,1.,0.));
#6419=DIRECTION('',(0.999228789650785,0.,-0.0392660913897287));
#6420=DIRECTION('',(0.,1.,0.));
#6421=DIRECTION('',(0.,1.,0.));
#6422=DIRECTION('',(0.,0.,1.));
#6423=DIRECTION('',(0.,0.,-1.));
#6424=DIRECTION('',(0.,1.,0.));
#6425=DIRECTION('',(0.,1.,0.));
#6426=DIRECTION('',(-1.,0.,0.));
#6427=DIRECTION('',(0.83795392199,0.,-0.545740986752486));
#6428=DIRECTION('',(-0.545740986752486,0.,-0.83795392199));
#6429=DIRECTION('',(-0.545740986752486,0.,-0.83795392199));
#6430=DIRECTION('',(0.,1.,0.));
#6431=DIRECTION('',(1.,0.,0.));
#6432=DIRECTION('',(0.,0.,-1.));
#6433=DIRECTION('',(0.,1.,0.));
#6434=DIRECTION('',(0.,1.,0.));
#6435=DIRECTION('',(-1.,0.,0.));
#6436=DIRECTION('',(0.,1.,0.));
#6437=DIRECTION('',(-1.,0.,0.));
#6438=DIRECTION('',(0.,1.,0.));
#6439=DIRECTION('',(0.,1.,0.));
#6440=DIRECTION('',(0.,0.,1.));
#6441=DIRECTION('',(0.,0.,1.));
#6442=DIRECTION('',(0.,-1.,0.));
#6443=DIRECTION('',(0.,1.,0.));
#6444=DIRECTION('',(1.,0.,0.));
#6445=DIRECTION('',(1.,0.,0.));
#6446=DIRECTION('',(0.,-1.,0.));
#6447=DIRECTION('',(0.,1.,0.));
#6448=DIRECTION('',(0.,0.,-1.));
#6449=DIRECTION('',(0.,1.,0.));
#6450=DIRECTION('',(-0.999795158446899,0.,0.0202395935270331));
#6451=DIRECTION('',(0.,1.,0.));
#6452=DIRECTION('',(0.,1.,0.));
#6453=DIRECTION('',(0.,0.,1.));
#6454=DIRECTION('',(0.,1.,0.));
#6455=DIRECTION('',(-0.998604161237669,0.,0.0528178867317803));
#6456=DIRECTION('',(0.,1.,0.));
#6457=DIRECTION('',(0.,1.,0.));
#6458=DIRECTION('',(0.,0.,1.));
#6459=DIRECTION('',(0.,0.,1.));
#6460=DIRECTION('',(0.,-1.,0.));
#6461=DIRECTION('',(0.,1.,0.));
#6462=DIRECTION('',(1.,0.,0.));
#6463=DIRECTION('',(-0.837575690396882,0.,0.546321300020589));
#6464=DIRECTION('',(0.546321300020589,0.,0.837575690396882));
#6465=DIRECTION('',(0.,1.,0.));
#6466=DIRECTION('',(0.546321300020589,0.,0.837575690396882));
#6467=DIRECTION('',(0.,0.,1.));
#6468=DIRECTION('',(0.,-1.,0.));
#6469=DIRECTION('',(0.,1.,0.));
#6470=DIRECTION('',(1.,0.,0.));
#6471=DIRECTION('',(1.,0.,0.));
#6472=DIRECTION('',(0.,-1.,0.));
#6473=DIRECTION('',(0.,1.,0.));
#6474=DIRECTION('',(0.,0.,-1.));
#6475=DIRECTION('',(0.,0.,-1.));
#6476=DIRECTION('',(0.,1.,0.));
#6477=DIRECTION('',(0.,1.,0.));
#6478=DIRECTION('',(-1.,0.,0.));
#6479=DIRECTION('',(-1.,0.,0.));
#6480=DIRECTION('',(0.,1.,0.));
#6481=DIRECTION('',(0.,1.,0.));
#6482=DIRECTION('',(0.,0.,1.));
#6483=DIRECTION('',(0.,1.,0.));
#6484=DIRECTION('',(0.999228789650786,0.,-0.0392660913897117));
#6485=DIRECTION('',(0.,1.,0.));
#6486=DIRECTION('',(0.,1.,0.));
#6487=DIRECTION('',(0.,0.,1.));
#6488=DIRECTION('',(0.,0.,-1.));
#6489=DIRECTION('',(0.,1.,0.));
#6490=DIRECTION('',(0.,1.,0.));
#6491=DIRECTION('',(-1.,0.,0.));
#6492=DIRECTION('',(0.83795392199,0.,-0.545740986752486));
#6493=DIRECTION('',(-0.545740986752486,0.,-0.83795392199));
#6494=DIRECTION('',(-0.545740986752486,0.,-0.83795392199));
#6495=DIRECTION('',(0.,1.,0.));
#6496=DIRECTION('',(1.,0.,0.));
#6497=DIRECTION('',(0.9361116516206,0.,-0.351702965156895));
#6498=DIRECTION('',(-0.351702965156895,0.,-0.9361116516206));
#6499=DIRECTION('',(-0.351702965156895,0.,-0.9361116516206));
#6500=DIRECTION('',(0.,1.,0.));
#6501=DIRECTION('',(-0.351702965156895,0.,-0.9361116516206));
#6502=DIRECTION('',(0.,1.,0.));
#6503=DIRECTION('',(0.,0.,1.));
#6504=DIRECTION('',(0.,-1.,0.));
#6505=DIRECTION('',(1.,0.,0.));
#6506=DIRECTION('',(0.,1.,0.));
#6507=DIRECTION('',(1.,0.,0.));
#6508=DIRECTION('',(-0.935020175891433,0.,-0.354594515857131));
#6509=DIRECTION('',(-0.354594515857131,0.,0.935020175891433));
#6510=DIRECTION('',(-0.354594515857131,0.,0.935020175891433));
#6511=DIRECTION('',(0.,1.,0.));
#6512=DIRECTION('',(-0.354594515857131,0.,0.935020175891433));
#6513=DIRECTION('',(0.,1.,0.));
#6514=DIRECTION('',(0.958684081919022,0.,0.284472900423013));
#6515=DIRECTION('',(0.,1.,0.));
#6516=DIRECTION('',(0.,0.,1.));
#6517=DIRECTION('',(0.,1.,0.));
#6518=DIRECTION('',(0.,1.,0.));
#6519=DIRECTION('',(0.,0.,1.));
#6520=DIRECTION('',(0.931148197414263,0.,-0.3646409665029));
#6521=DIRECTION('',(-0.3646409665029,0.,-0.931148197414263));
#6522=DIRECTION('',(0.,1.,0.));
#6523=DIRECTION('',(-0.3646409665029,0.,-0.931148197414263));
#6524=DIRECTION('',(0.,1.,0.));
#6525=DIRECTION('',(0.,0.,-1.));
#6526=DIRECTION('',(0.,1.,0.));
#6527=DIRECTION('',(0.,1.,0.));
#6528=DIRECTION('',(-1.,0.,0.));
#6529=DIRECTION('',(-0.931125953544724,0.,0.364697763408864));
#6530=DIRECTION('',(0.364697763408864,0.,0.931125953544724));
#6531=DIRECTION('',(0.,1.,0.));
#6532=DIRECTION('',(0.364697763408864,0.,0.931125953544724));
#6533=DIRECTION('',(0.,0.,1.));
#6534=DIRECTION('',(0.,-1.,0.));
#6535=DIRECTION('',(0.,1.,0.));
#6536=DIRECTION('',(1.,0.,0.));
#6537=DIRECTION('',(0.930504769222233,0.,0.366279776202125));
#6538=DIRECTION('',(0.366279776202125,0.,-0.930504769222233));
#6539=DIRECTION('',(0.,1.,0.));
#6540=DIRECTION('',(0.366279776202125,0.,-0.930504769222233));
#6541=DIRECTION('',(0.,0.,-1.));
#6542=DIRECTION('',(0.,1.,0.));
#6543=DIRECTION('',(0.,1.,0.));
#6544=DIRECTION('',(-1.,0.,0.));
#6545=DIRECTION('',(-0.93266565465871,0.,-0.360741980673224));
#6546=DIRECTION('',(-0.360741980673224,0.,0.93266565465871));
#6547=DIRECTION('',(0.,1.,0.));
#6548=DIRECTION('',(-0.360741980673224,0.,0.93266565465871));
#6549=DIRECTION('',(0.,0.,-1.));
#6550=DIRECTION('',(0.,1.,0.));
#6551=DIRECTION('',(-1.,0.,0.));
#6552=DIRECTION('',(0.,1.,0.));
#6553=DIRECTION('',(-0.951181553763807,0.,0.308631903372722));
#6554=DIRECTION('',(0.,1.,0.));
#6555=DIRECTION('',(0.,0.,1.));
#6556=DIRECTION('',(0.,1.,0.));
#6557=DIRECTION('',(0.,0.,1.));
#6558=DIRECTION('',(0.,1.,0.));
#6559=DIRECTION('',(1.,0.,0.));
#6560=DIRECTION('',(0.,0.,1.));
#6561=DIRECTION('',(0.,-1.,0.));
#6562=DIRECTION('',(1.,0.,0.));
#6563=DIRECTION('',(0.,1.,0.));
#6564=DIRECTION('',(1.,0.,0.));
#6565=DIRECTION('',(0.,1.,0.));
#6566=DIRECTION('',(-1.,0.,0.));
#6567=DIRECTION('',(0.,1.,0.));
#6568=DIRECTION('',(0.,0.,1.));
#6569=DIRECTION('',(0.,1.,0.));
#6570=DIRECTION('',(0.,0.,1.));
#6571=DIRECTION('',(0.,0.,-1.));
#6572=DIRECTION('',(0.,1.,0.));
#6573=DIRECTION('',(-1.,0.,0.));
#6574=DIRECTION('',(0.,1.,0.));
#6575=DIRECTION('',(-1.,0.,0.));
#6576=DIRECTION('',(0.,1.,0.));
#6577=DIRECTION('',(0.,1.,0.));
#6578=DIRECTION('',(0.,1.,0.));
#6579=DIRECTION('',(-1.,0.,0.));
#6580=DIRECTION('',(0.,1.,0.));
#6581=DIRECTION('',(0.,1.,0.));
#6582=DIRECTION('',(0.,0.,1.));
#6583=DIRECTION('',(0.,1.,0.));
#6584=DIRECTION('',(0.,0.,-1.));
#6585=DIRECTION('',(0.,1.,0.));
#6586=DIRECTION('',(0.,1.,0.));
#6587=DIRECTION('',(-1.,0.,0.));
#6588=DIRECTION('',(0.864240471731269,0.,-0.503078927228832));
#6589=DIRECTION('',(-0.503078927228833,0.,-0.86424047173127));
#6590=DIRECTION('',(0.,1.,0.));
#6591=DIRECTION('',(-0.503078927228833,0.,-0.86424047173127));
#6592=DIRECTION('',(0.,0.,-1.));
#6593=DIRECTION('',(0.,1.,0.));
#6594=DIRECTION('',(0.,1.,0.));
#6595=DIRECTION('',(-1.,0.,0.));
#6596=DIRECTION('',(-0.855796361957146,0.,0.517312852015986));
#6597=DIRECTION('',(0.517312852015986,0.,0.855796361957146));
#6598=DIRECTION('',(0.,1.,0.));
#6599=DIRECTION('',(0.517312852015986,0.,0.855796361957146));
#6600=DIRECTION('',(0.,1.,0.));
#6601=DIRECTION('',(0.,1.,0.));
#6602=DIRECTION('',(0.,1.,0.));
#6603=DIRECTION('',(0.,0.,1.));
#6604=DIRECTION('',(0.,-1.,0.));
#6605=DIRECTION('',(0.,1.,0.));
#6606=DIRECTION('',(1.,0.,0.));
#6607=DIRECTION('',(1.,0.,0.));
#6608=DIRECTION('',(0.,-1.,0.));
#6609=DIRECTION('',(0.,1.,0.));
#6610=DIRECTION('',(0.,0.,-1.));
#6611=DIRECTION('',(0.,0.,-1.));
#6612=DIRECTION('',(0.,1.,0.));
#6613=DIRECTION('',(-1.,0.,0.));
#6614=DIRECTION('',(0.,1.,0.));
#6615=DIRECTION('',(1.,0.,0.));
#6616=DIRECTION('',(0.,1.,0.));
#6617=DIRECTION('',(0.,1.,0.));
#6618=DIRECTION('',(0.,1.,0.));
#6619=DIRECTION('',(0.,1.,0.));
#6620=DIRECTION('',(0.,1.,0.));
#6621=DIRECTION('',(0.,1.,0.));
#6622=DIRECTION('',(0.,1.,0.));
#6623=DIRECTION('',(0.,1.,0.));
#6624=DIRECTION('',(0.,1.,0.));
#6625=DIRECTION('',(0.,1.,0.));
#6626=DIRECTION('',(-0.941094974504348,0.,-0.338142350146593));
#6627=DIRECTION('',(-0.338142350146593,0.,0.941094974504348));
#6628=DIRECTION('',(0.,1.,0.));
#6629=DIRECTION('',(-0.338142350146593,0.,0.941094974504348));
#6630=DIRECTION('',(0.,1.,0.));
#6631=DIRECTION('',(0.19869827182693,0.,-0.980060710758773));
#6632=DIRECTION('',(0.,1.,0.));
#6633=DIRECTION('',(0.,1.,0.));
#6634=DIRECTION('',(0.,0.,1.));
#6635=DIRECTION('',(0.,1.,0.));
#6636=DIRECTION('',(0.,1.,0.));
#6637=DIRECTION('',(0.,1.,0.));
#6638=DIRECTION('',(0.,1.,0.));
#6639=DIRECTION('',(0.,1.,0.));
#6640=DIRECTION('',(0.,1.,0.));
#6641=DIRECTION('',(0.,1.,0.));
#6642=DIRECTION('',(0.,1.,0.));
#6643=DIRECTION('',(0.,1.,0.));
#6644=DIRECTION('',(0.,1.,0.));
#6645=DIRECTION('',(-0.103930416659325,0.,0.994584570809853));
#6646=DIRECTION('',(0.,1.,0.));
#6647=DIRECTION('',(0.,1.,0.));
#6648=DIRECTION('',(0.,0.,1.));
#6649=DIRECTION('',(0.,1.,0.));
#6650=DIRECTION('',(-0.293310951628139,0.,0.956017094855001));
#6651=DIRECTION('',(0.,1.,0.));
#6652=DIRECTION('',(0.,1.,0.));
#6653=DIRECTION('',(0.,0.,1.));
#6654=DIRECTION('',(1.,0.,0.));
#6655=DIRECTION('',(0.,-1.,0.));
#6656=DIRECTION('',(0.,1.,0.));
#6657=DIRECTION('',(0.,0.,-1.));
#6658=DIRECTION('',(0.,1.,0.));
#6659=DIRECTION('',(0.,1.,0.));
#6660=DIRECTION('',(1.,0.,0.));
#6661=DIRECTION('',(0.,1.,0.));
#6662=DIRECTION('',(1.,0.,0.));
#6663=DIRECTION('',(0.,1.,0.));
#6664=DIRECTION('',(1.,0.,0.));
#6665=DIRECTION('',(0.,1.,0.));
#6666=DIRECTION('',(1.,0.,0.));
#6667=DIRECTION('',(0.,1.,0.));
#6668=DIRECTION('',(-0.357505760088385,0.,0.933910933389061));
#6669=DIRECTION('',(0.,1.,0.));
#6670=DIRECTION('',(0.,1.,0.));
#6671=DIRECTION('',(0.,0.,1.));
#6672=DIRECTION('',(0.,1.,0.));
#6673=DIRECTION('',(0.,1.,0.));
#6674=DIRECTION('',(0.347427777167969,0.,0.937706745017931));
#6675=DIRECTION('',(0.,1.,0.));
#6676=DIRECTION('',(0.,1.,0.));
#6677=DIRECTION('',(0.,0.,1.));
#6678=DIRECTION('',(0.,1.,0.));
#6679=DIRECTION('',(0.848048824228401,0.,0.529918099072702));
#6680=DIRECTION('',(0.,1.,0.));
#6681=DIRECTION('',(0.,1.,0.));
#6682=DIRECTION('',(0.,0.,1.));
#6683=DIRECTION('',(-0.979812384567389,0.,-0.199919211303884));
#6684=DIRECTION('',(-0.199919211303884,0.,0.979812384567389));
#6685=DIRECTION('',(0.,1.,0.));
#6686=DIRECTION('',(-0.199919211303884,0.,0.979812384567389));
#6687=DIRECTION('',(0.,1.,0.));
#6688=DIRECTION('',(-0.898937299063392,0.,-0.438077313213791));
#6689=DIRECTION('',(0.,1.,0.));
#6690=DIRECTION('',(0.,1.,0.));
#6691=DIRECTION('',(0.,0.,1.));
#6692=DIRECTION('',(0.,1.,0.));
#6693=DIRECTION('',(-0.674826204153343,0.,-0.737976689461117));
#6694=DIRECTION('',(0.,1.,0.));
#6695=DIRECTION('',(0.,1.,0.));
#6696=DIRECTION('',(0.,0.,1.));
#6697=DIRECTION('',(0.,1.,0.));
#6698=DIRECTION('',(0.,1.,0.));
#6699=DIRECTION('',(0.396518911870319,0.,-0.918026553281101));
#6700=DIRECTION('',(0.,1.,0.));
#6701=DIRECTION('',(0.,1.,0.));
#6702=DIRECTION('',(0.,0.,1.));
#6703=DIRECTION('',(0.,1.,0.));
#6704=DIRECTION('',(0.963533468912979,0.,-0.26758784405223));
#6705=DIRECTION('',(0.,1.,0.));
#6706=DIRECTION('',(0.,1.,0.));
#6707=DIRECTION('',(0.,0.,1.));
#6708=DIRECTION('',(0.,1.,0.));
#6709=DIRECTION('',(0.993002056319636,0.,0.118097062389267));
#6710=DIRECTION('',(0.,1.,0.));
#6711=DIRECTION('',(0.,1.,0.));
#6712=DIRECTION('',(0.,0.,1.));
#6713=DIRECTION('',(0.978118270248276,0.,0.208049632074946));
#6714=DIRECTION('',(0.208049632074946,0.,-0.978118270248276));
#6715=DIRECTION('',(0.,1.,0.));
#6716=DIRECTION('',(0.208049632074946,0.,-0.978118270248276));
#6717=DIRECTION('',(0.,1.,0.));
#6718=DIRECTION('',(-0.993979560120149,0.,-0.109565660968005));
#6719=DIRECTION('',(0.,1.,0.));
#6720=DIRECTION('',(0.,1.,0.));
#6721=DIRECTION('',(0.,0.,1.));
#6722=DIRECTION('',(0.,1.,0.));
#6723=DIRECTION('',(-0.921435697121181,0.,0.388530894615605));
#6724=DIRECTION('',(0.,1.,0.));
#6725=DIRECTION('',(0.,1.,0.));
#6726=DIRECTION('',(0.,0.,1.));
#6727=DIRECTION('',(0.,1.,0.));
#6728=DIRECTION('',(-0.358594322945893,0.,0.933493498397807));
#6729=DIRECTION('',(0.,1.,0.));
#6730=DIRECTION('',(0.,1.,0.));
#6731=DIRECTION('',(0.,0.,1.));
#6732=DIRECTION('',(0.,1.,0.));
#6733=DIRECTION('',(0.341100542944224,0.,0.940026818555277));
#6734=DIRECTION('',(0.,1.,0.));
#6735=DIRECTION('',(0.,1.,0.));
#6736=DIRECTION('',(0.,0.,1.));
#6737=DIRECTION('',(0.,1.,0.));
#6738=DIRECTION('',(0.841509199335366,0.,0.540242785638042));
#6739=DIRECTION('',(0.,1.,0.));
#6740=DIRECTION('',(0.,1.,0.));
#6741=DIRECTION('',(0.,0.,1.));
#6742=DIRECTION('',(-0.978836590744755,0.,-0.204643418216139));
#6743=DIRECTION('',(-0.204643418216139,0.,0.978836590744755));
#6744=DIRECTION('',(0.,1.,0.));
#6745=DIRECTION('',(-0.204643418216139,0.,0.978836590744755));
#6746=DIRECTION('',(0.,1.,0.));
#6747=DIRECTION('',(-0.919296794806752,0.,-0.39356499216525));
#6748=DIRECTION('',(0.,1.,0.));
#6749=DIRECTION('',(0.,1.,0.));
#6750=DIRECTION('',(0.,0.,1.));
#6751=DIRECTION('',(0.,1.,0.));
#6752=DIRECTION('',(-0.717645501289425,0.,-0.696408597361527));
#6753=DIRECTION('',(0.,1.,0.));
#6754=DIRECTION('',(0.,1.,0.));
#6755=DIRECTION('',(0.,0.,1.));
#6756=DIRECTION('',(0.,1.,0.));
#6757=DIRECTION('',(-0.32559798185238,0.,-0.945508304677255));
#6758=DIRECTION('',(0.,1.,0.));
#6759=DIRECTION('',(0.,1.,0.));
#6760=DIRECTION('',(0.,0.,1.));
#6761=DIRECTION('',(0.,1.,0.));
#6762=DIRECTION('',(0.390975398549502,0.,-0.920401128709139));
#6763=DIRECTION('',(0.,1.,0.));
#6764=DIRECTION('',(0.,1.,0.));
#6765=DIRECTION('',(0.,0.,1.));
#6766=DIRECTION('',(0.,1.,0.));
#6767=DIRECTION('',(0.960971250910576,0.,-0.276648251256651));
#6768=DIRECTION('',(0.,1.,0.));
#6769=DIRECTION('',(0.,1.,0.));
#6770=DIRECTION('',(0.,0.,1.));
#6771=DIRECTION('',(0.,1.,0.));
#6772=DIRECTION('',(0.993244948325622,0.,0.116036514191147));
#6773=DIRECTION('',(0.,1.,0.));
#6774=DIRECTION('',(0.,1.,0.));
#6775=DIRECTION('',(0.,0.,1.));
#6776=DIRECTION('',(0.978118270248276,0.,0.208049632074946));
#6777=DIRECTION('',(0.208049632074946,0.,-0.978118270248276));
#6778=DIRECTION('',(0.,1.,0.));
#6779=DIRECTION('',(0.208049632074946,0.,-0.978118270248276));
#6780=DIRECTION('',(0.,1.,0.));
#6781=DIRECTION('',(-0.991858328438768,0.,-0.127346206487094));
#6782=DIRECTION('',(0.,1.,0.));
#6783=DIRECTION('',(0.,1.,0.));
#6784=DIRECTION('',(0.,0.,1.));
#6785=DIRECTION('',(0.,1.,0.));
#6786=DIRECTION('',(-0.921435697121609,0.,0.388530894614591));
#6787=DIRECTION('',(0.,1.,0.));
#6788=DIRECTION('',(0.,1.,0.));
#6789=DIRECTION('',(0.,0.,1.));
#6790=DIRECTION('',(0.,1.,0.));
#6791=DIRECTION('',(-0.357505760090197,0.,0.933910933388367));
#6792=DIRECTION('',(0.,1.,0.));
#6793=DIRECTION('',(0.,1.,0.));
#6794=DIRECTION('',(0.,0.,1.));
#6795=DIRECTION('',(0.,1.,0.));
#6796=DIRECTION('',(0.34780762614469,0.,0.937565920453381));
#6797=DIRECTION('',(0.,1.,0.));
#6798=DIRECTION('',(0.,1.,0.));
#6799=DIRECTION('',(0.,0.,1.));
#6800=DIRECTION('',(0.,1.,0.));
#6801=DIRECTION('',(0.843338993514643,0.,0.537381933095734));
#6802=DIRECTION('',(0.,1.,0.));
#6803=DIRECTION('',(0.,1.,0.));
#6804=DIRECTION('',(0.,0.,1.));
#6805=DIRECTION('',(-0.977845059064605,0.,-0.209329979847466));
#6806=DIRECTION('',(-0.209329979847466,0.,0.977845059064605));
#6807=DIRECTION('',(0.,1.,0.));
#6808=DIRECTION('',(-0.209329979847466,0.,0.977845059064604));
#6809=DIRECTION('',(0.,1.,0.));
#6810=DIRECTION('',(0.993992324274424,0.,0.109449802574185));
#6811=DIRECTION('',(0.,1.,0.));
#6812=DIRECTION('',(0.,1.,0.));
#6813=DIRECTION('',(0.,0.,1.));
#6814=DIRECTION('',(0.,1.,0.));
#6815=DIRECTION('',(0.,1.,0.));
#6816=DIRECTION('',(0.,1.,0.));
#6817=DIRECTION('',(0.,1.,0.));
#6818=DIRECTION('',(0.,1.,0.));
#6819=DIRECTION('',(0.350364267919896,0.,-0.936613516753285));
#6820=DIRECTION('',(0.,1.,0.));
#6821=DIRECTION('',(0.,1.,0.));
#6822=DIRECTION('',(0.,0.,1.));
#6823=DIRECTION('',(0.,1.,0.));
#6824=DIRECTION('',(-0.977802414077419,0.,-0.209529088730829));
#6825=DIRECTION('',(-0.209529088730829,0.,0.977802414077419));
#6826=DIRECTION('',(0.,1.,0.));
#6827=DIRECTION('',(-0.209529088730829,0.,0.977802414077419));
#6828=DIRECTION('',(0.,1.,0.));
#6829=DIRECTION('',(0.976994065539736,0.,-0.213266490335773));
#6830=DIRECTION('',(0.,1.,0.));
#6831=DIRECTION('',(0.,1.,0.));
#6832=DIRECTION('',(0.,0.,1.));
#6833=DIRECTION('',(0.,1.,0.));
#6834=DIRECTION('',(0.43068904567896,0.,-0.902500385557893));
#6835=DIRECTION('',(0.,1.,0.));
#6836=DIRECTION('',(0.,1.,0.));
#6837=DIRECTION('',(0.,0.,1.));
#6838=DIRECTION('',(0.,1.,0.));
#6839=DIRECTION('',(-0.35806604388792,0.,-0.933696261219061));
#6840=DIRECTION('',(0.,1.,0.));
#6841=DIRECTION('',(0.,1.,0.));
#6842=DIRECTION('',(0.,0.,1.));
#6843=DIRECTION('',(0.,1.,0.));
#6844=DIRECTION('',(-0.84606684209852,0.,-0.533076822513826));
#6845=DIRECTION('',(0.,1.,0.));
#6846=DIRECTION('',(0.,1.,0.));
#6847=DIRECTION('',(0.,0.,1.));
#6848=DIRECTION('',(0.978122306966012,0.,0.208030653067009));
#6849=DIRECTION('',(0.208030653067009,0.,-0.978122306966012));
#6850=DIRECTION('',(0.,1.,0.));
#6851=DIRECTION('',(0.208030653067009,0.,-0.978122306966012));
#6852=DIRECTION('',(0.,1.,0.));
#6853=DIRECTION('',(-0.991858328438733,0.,-0.127346206487363));
#6854=DIRECTION('',(0.,1.,0.));
#6855=DIRECTION('',(0.,1.,0.));
#6856=DIRECTION('',(0.,0.,1.));
#6857=DIRECTION('',(0.,1.,0.));
#6858=DIRECTION('',(-0.92143569712102,0.,0.388530894615989));
#6859=DIRECTION('',(0.,1.,0.));
#6860=DIRECTION('',(0.,0.,1.));
#6861=DIRECTION('',(0.,1.,0.));
#6862=DIRECTION('',(1.,0.,0.));
#6863=DIRECTION('',(0.,1.,0.));
#6864=DIRECTION('',(-0.371933560493486,0.,0.928259353078997));
#6865=DIRECTION('',(0.,1.,0.));
#6866=DIRECTION('',(0.,1.,0.));
#6867=DIRECTION('',(0.,0.,1.));
#6868=DIRECTION('',(0.,1.,0.));
#6869=DIRECTION('',(0.,1.,0.));
#6870=DIRECTION('',(0.46629918371911,0.,0.884627080335489));
#6871=DIRECTION('',(0.,1.,0.));
#6872=DIRECTION('',(0.,1.,0.));
#6873=DIRECTION('',(0.,0.,1.));
#6874=DIRECTION('',(-0.812268374900345,0.,-0.583283882116378));
#6875=DIRECTION('',(-0.583283882116378,0.,0.812268374900345));
#6876=DIRECTION('',(0.,1.,0.));
#6877=DIRECTION('',(-0.583283882116378,0.,0.812268374900345));
#6878=DIRECTION('',(0.,1.,0.));
#6879=DIRECTION('',(0.96075598507429,0.,0.277394911892648));
#6880=DIRECTION('',(0.,1.,0.));
#6881=DIRECTION('',(0.,1.,0.));
#6882=DIRECTION('',(0.,0.,1.));
#6883=DIRECTION('',(0.,1.,0.));
#6884=DIRECTION('',(0.930881799813057,0.,-0.365320509658031));
#6885=DIRECTION('',(0.,1.,0.));
#6886=DIRECTION('',(0.,1.,0.));
#6887=DIRECTION('',(0.,0.,1.));
#6888=DIRECTION('',(0.,1.,0.));
#6889=DIRECTION('',(0.380289991441657,0.,-0.924867299891884));
#6890=DIRECTION('',(0.,1.,0.));
#6891=DIRECTION('',(0.,1.,0.));
#6892=DIRECTION('',(0.,0.,1.));
#6893=DIRECTION('',(0.,0.,1.));
#6894=DIRECTION('',(0.,-1.,0.));
#6895=DIRECTION('',(0.,1.,0.));
#6896=DIRECTION('',(1.,0.,0.));
#6897=DIRECTION('',(0.,1.,0.));
#6898=DIRECTION('',(-0.389894145678219,0.,-0.920859682669326));
#6899=DIRECTION('',(0.,1.,0.));
#6900=DIRECTION('',(0.,1.,0.));
#6901=DIRECTION('',(0.,0.,1.));
#6902=DIRECTION('',(0.,1.,0.));
#6903=DIRECTION('',(-0.909168072132177,0.,-0.416429365697786));
#6904=DIRECTION('',(0.,1.,0.));
#6905=DIRECTION('',(0.,1.,0.));
#6906=DIRECTION('',(0.,0.,1.));
#6907=DIRECTION('',(0.,1.,0.));
#6908=DIRECTION('',(-0.924867299877641,0.,0.380289991476296));
#6909=DIRECTION('',(0.,1.,0.));
#6910=DIRECTION('',(0.,1.,0.));
#6911=DIRECTION('',(0.,0.,1.));
#6912=DIRECTION('',(0.,1.,0.));
#6913=DIRECTION('',(-0.357505760065989,0.,0.933910933397634));
#6914=DIRECTION('',(0.,1.,0.));
#6915=DIRECTION('',(0.,1.,0.));
#6916=DIRECTION('',(0.,0.,1.));
#6917=DIRECTION('',(0.,0.,-1.));
#6918=DIRECTION('',(0.,1.,0.));
#6919=DIRECTION('',(0.,1.,0.));
#6920=DIRECTION('',(-1.,0.,0.));
#6921=DIRECTION('',(0.812721887537647,0.,0.582651811562656));
#6922=DIRECTION('',(0.582651811562656,0.,-0.812721887537647));
#6923=DIRECTION('',(0.,1.,0.));
#6924=DIRECTION('',(0.582651811562656,0.,-0.812721887537647));
#6925=DIRECTION('',(0.,1.,0.));
#6926=DIRECTION('',(-0.942504197126948,0.,-0.334194312336531));
#6927=DIRECTION('',(0.,1.,0.));
#6928=DIRECTION('',(0.,1.,0.));
#6929=DIRECTION('',(0.,0.,1.));
#6930=DIRECTION('',(0.,1.,0.));
#6931=DIRECTION('',(-0.918118077955911,0.,0.396306945347345));
#6932=DIRECTION('',(0.,1.,0.));
#6933=DIRECTION('',(0.,0.,1.));
#6934=DIRECTION('',(0.,1.,0.));
#6935=DIRECTION('',(1.,0.,0.));
#6936=DIRECTION('',(0.,1.,0.));
#6937=DIRECTION('',(-0.357505760065259,0.,0.933910933397913));
#6938=DIRECTION('',(0.,1.,0.));
#6939=DIRECTION('',(0.,1.,0.));
#6940=DIRECTION('',(0.,0.,1.));
#6941=DIRECTION('',(0.,1.,0.));
#6942=DIRECTION('',(0.,1.,0.));
#6943=DIRECTION('',(0.34742777716675,0.,0.937706745018383));
#6944=DIRECTION('',(0.,1.,0.));
#6945=DIRECTION('',(0.,1.,0.));
#6946=DIRECTION('',(0.,0.,1.));
#6947=DIRECTION('',(0.,1.,0.));
#6948=DIRECTION('',(0.848048824228439,0.,0.529918099072641));
#6949=DIRECTION('',(0.,1.,0.));
#6950=DIRECTION('',(0.,1.,0.));
#6951=DIRECTION('',(0.,0.,1.));
#6952=DIRECTION('',(-0.979812384567389,0.,-0.199919211303884));
#6953=DIRECTION('',(-0.199919211303884,0.,0.979812384567389));
#6954=DIRECTION('',(0.,1.,0.));
#6955=DIRECTION('',(-0.199919211303884,0.,0.979812384567389));
#6956=DIRECTION('',(0.,1.,0.));
#6957=DIRECTION('',(-0.898937299063404,0.,-0.438077313213765));
#6958=DIRECTION('',(0.,1.,0.));
#6959=DIRECTION('',(0.,1.,0.));
#6960=DIRECTION('',(0.,0.,1.));
#6961=DIRECTION('',(0.,1.,0.));
#6962=DIRECTION('',(-0.674826204153314,0.,-0.737976689461144));
#6963=DIRECTION('',(0.,1.,0.));
#6964=DIRECTION('',(0.,1.,0.));
#6965=DIRECTION('',(0.,0.,1.));
#6966=DIRECTION('',(0.,1.,0.));
#6967=DIRECTION('',(0.,1.,0.));
#6968=DIRECTION('',(0.396518911871661,0.,-0.918026553280521));
#6969=DIRECTION('',(0.,1.,0.));
#6970=DIRECTION('',(0.,1.,0.));
#6971=DIRECTION('',(0.,0.,1.));
#6972=DIRECTION('',(0.,1.,0.));
#6973=DIRECTION('',(0.963533468912986,0.,-0.267587844052207));
#6974=DIRECTION('',(0.,1.,0.));
#6975=DIRECTION('',(0.,1.,0.));
#6976=DIRECTION('',(0.,0.,1.));
#6977=DIRECTION('',(0.,1.,0.));
#6978=DIRECTION('',(0.993002056319618,0.,0.118097062389416));
#6979=DIRECTION('',(0.,1.,0.));
#6980=DIRECTION('',(0.,1.,0.));
#6981=DIRECTION('',(0.,0.,1.));
#6982=DIRECTION('',(0.978118270248276,0.,0.208049632074947));
#6983=DIRECTION('',(0.208049632074947,0.,-0.978118270248276));
#6984=DIRECTION('',(0.,1.,0.));
#6985=DIRECTION('',(0.208049632074947,0.,-0.978118270248276));
#6986=DIRECTION('',(0.,1.,0.));
#6987=DIRECTION('',(-0.993979560120158,0.,-0.109565660967923));
#6988=DIRECTION('',(0.,1.,0.));
#6989=DIRECTION('',(0.,1.,0.));
#6990=DIRECTION('',(0.,0.,1.));
#6991=DIRECTION('',(0.,1.,0.));
#6992=DIRECTION('',(-0.921435697123281,0.,0.388530894610626));
#6993=DIRECTION('',(0.,1.,0.));
#6994=DIRECTION('',(0.,1.,0.));
#6995=DIRECTION('',(0.,0.,1.));
#6996=DIRECTION('',(0.,1.,0.));
#6997=DIRECTION('',(-0.358594322940717,0.,0.933493498399795));
#6998=DIRECTION('',(0.,1.,0.));
#6999=DIRECTION('',(0.,1.,0.));
#7000=DIRECTION('',(0.,0.,1.));
#7001=DIRECTION('',(0.,1.,0.));
#7002=DIRECTION('',(0.341100542941482,0.,0.940026818556272));
#7003=DIRECTION('',(0.,1.,0.));
#7004=DIRECTION('',(0.,1.,0.));
#7005=DIRECTION('',(0.,0.,1.));
#7006=DIRECTION('',(0.,1.,0.));
#7007=DIRECTION('',(0.841509199335319,0.,0.540242785638115));
#7008=DIRECTION('',(0.,1.,0.));
#7009=DIRECTION('',(0.,1.,0.));
#7010=DIRECTION('',(0.,0.,1.));
#7011=DIRECTION('',(-0.978836590744755,0.,-0.204643418216139));
#7012=DIRECTION('',(-0.204643418216139,0.,0.978836590744755));
#7013=DIRECTION('',(0.,1.,0.));
#7014=DIRECTION('',(-0.204643418216139,0.,0.978836590744755));
#7015=DIRECTION('',(0.,1.,0.));
#7016=DIRECTION('',(-0.919296794806746,0.,-0.393564992165264));
#7017=DIRECTION('',(0.,1.,0.));
#7018=DIRECTION('',(0.,1.,0.));
#7019=DIRECTION('',(0.,0.,1.));
#7020=DIRECTION('',(0.,1.,0.));
#7021=DIRECTION('',(-0.717645501289469,0.,-0.696408597361482));
#7022=DIRECTION('',(0.,1.,0.));
#7023=DIRECTION('',(0.,1.,0.));
#7024=DIRECTION('',(0.,0.,1.));
#7025=DIRECTION('',(0.,1.,0.));
#7026=DIRECTION('',(-0.325597981852434,0.,-0.945508304677236));
#7027=DIRECTION('',(0.,1.,0.));
#7028=DIRECTION('',(0.,1.,0.));
#7029=DIRECTION('',(0.,0.,1.));
#7030=DIRECTION('',(0.,1.,0.));
#7031=DIRECTION('',(0.390975398548064,0.,-0.92040112870975));
#7032=DIRECTION('',(0.,1.,0.));
#7033=DIRECTION('',(0.,1.,0.));
#7034=DIRECTION('',(0.,0.,1.));
#7035=DIRECTION('',(0.,1.,0.));
#7036=DIRECTION('',(0.960971250910551,0.,-0.276648251256737));
#7037=DIRECTION('',(0.,1.,0.));
#7038=DIRECTION('',(0.,1.,0.));
#7039=DIRECTION('',(0.,0.,1.));
#7040=DIRECTION('',(0.,1.,0.));
#7041=DIRECTION('',(0.993244948325683,0.,0.116036514190626));
#7042=DIRECTION('',(0.,1.,0.));
#7043=DIRECTION('',(0.,1.,0.));
#7044=DIRECTION('',(0.,0.,1.));
#7045=DIRECTION('',(0.978118270248276,0.,0.208049632074947));
#7046=DIRECTION('',(0.208049632074947,0.,-0.978118270248276));
#7047=DIRECTION('',(0.,1.,0.));
#7048=DIRECTION('',(0.208049632074947,0.,-0.978118270248276));
#7049=DIRECTION('',(0.,1.,0.));
#7050=DIRECTION('',(-0.991858328438718,0.,-0.12734620648748));
#7051=DIRECTION('',(0.,1.,0.));
#7052=DIRECTION('',(0.,1.,0.));
#7053=DIRECTION('',(0.,0.,1.));
#7054=DIRECTION('',(0.,1.,0.));
#7055=DIRECTION('',(-0.92143569712113,0.,0.388530894615728));
#7056=DIRECTION('',(0.,1.,0.));
#7057=DIRECTION('',(0.,1.,0.));
#7058=DIRECTION('',(0.,0.,1.));
#7059=DIRECTION('',(0.,1.,0.));
#7060=DIRECTION('',(-0.357505760089033,0.,0.933910933388812));
#7061=DIRECTION('',(0.,1.,0.));
#7062=DIRECTION('',(0.,1.,0.));
#7063=DIRECTION('',(0.,0.,1.));
#7064=DIRECTION('',(0.,1.,0.));
#7065=DIRECTION('',(0.34780762614493,0.,0.937565920453292));
#7066=DIRECTION('',(0.,1.,0.));
#7067=DIRECTION('',(0.,1.,0.));
#7068=DIRECTION('',(0.,0.,1.));
#7069=DIRECTION('',(0.,1.,0.));
#7070=DIRECTION('',(0.843338993514585,0.,0.537381933095826));
#7071=DIRECTION('',(0.,1.,0.));
#7072=DIRECTION('',(0.,1.,0.));
#7073=DIRECTION('',(0.,0.,1.));
#7074=DIRECTION('',(-0.977845059064605,0.,-0.209329979847466));
#7075=DIRECTION('',(-0.209329979847466,0.,0.977845059064605));
#7076=DIRECTION('',(0.,1.,0.));
#7077=DIRECTION('',(-0.209329979847466,0.,0.977845059064604));
#7078=DIRECTION('',(0.,1.,0.));
#7079=DIRECTION('',(0.993992324274433,0.,0.109449802574107));
#7080=DIRECTION('',(0.,1.,0.));
#7081=DIRECTION('',(0.,1.,0.));
#7082=DIRECTION('',(0.,0.,1.));
#7083=DIRECTION('',(0.,1.,0.));
#7084=DIRECTION('',(0.,1.,0.));
#7085=DIRECTION('',(0.,1.,0.));
#7086=DIRECTION('',(0.,1.,0.));
#7087=DIRECTION('',(0.,1.,0.));
#7088=DIRECTION('',(0.350364267919819,0.,-0.936613516753313));
#7089=DIRECTION('',(0.,1.,0.));
#7090=DIRECTION('',(0.,1.,0.));
#7091=DIRECTION('',(0.,0.,1.));
#7092=DIRECTION('',(0.,1.,0.));
#7093=DIRECTION('',(-0.977802414077419,0.,-0.209529088730829));
#7094=DIRECTION('',(-0.209529088730829,0.,0.977802414077419));
#7095=DIRECTION('',(0.,1.,0.));
#7096=DIRECTION('',(-0.209529088730829,0.,0.977802414077419));
#7097=DIRECTION('',(0.,1.,0.));
#7098=DIRECTION('',(0.97699406553977,0.,-0.213266490335617));
#7099=DIRECTION('',(0.,1.,0.));
#7100=DIRECTION('',(0.,1.,0.));
#7101=DIRECTION('',(0.,0.,1.));
#7102=DIRECTION('',(0.,1.,0.));
#7103=DIRECTION('',(0.430689045622287,0.,-0.902500385584939));
#7104=DIRECTION('',(0.,1.,0.));
#7105=DIRECTION('',(0.,1.,0.));
#7106=DIRECTION('',(0.,0.,1.));
#7107=DIRECTION('',(0.,1.,0.));
#7108=DIRECTION('',(-0.35806604388788,0.,-0.933696261219077));
#7109=DIRECTION('',(0.,1.,0.));
#7110=DIRECTION('',(0.,1.,0.));
#7111=DIRECTION('',(0.,0.,1.));
#7112=DIRECTION('',(0.,1.,0.));
#7113=DIRECTION('',(-0.846066842097785,0.,-0.533076822514993));
#7114=DIRECTION('',(0.,1.,0.));
#7115=DIRECTION('',(0.,1.,0.));
#7116=DIRECTION('',(0.,0.,1.));
#7117=DIRECTION('',(0.978122306966012,0.,0.208030653067009));
#7118=DIRECTION('',(0.208030653067009,0.,-0.978122306966012));
#7119=DIRECTION('',(0.,1.,0.));
#7120=DIRECTION('',(0.208030653067009,0.,-0.978122306966012));
#7121=DIRECTION('',(0.,1.,0.));
#7122=DIRECTION('',(-0.991858328438784,0.,-0.127346206486968));
#7123=DIRECTION('',(0.,1.,0.));
#7124=DIRECTION('',(0.,1.,0.));
#7125=DIRECTION('',(0.,0.,1.));
#7126=DIRECTION('',(0.,1.,0.));
#7127=DIRECTION('',(-0.92143569712117,0.,0.388530894615631));
#7128=DIRECTION('',(0.,1.,0.));
#7129=DIRECTION('',(0.,0.,1.));
#7130=DIRECTION('',(0.,1.,0.));
#7131=DIRECTION('',(1.,0.,0.));
#7132=DIRECTION('',(0.,1.,0.));
#7133=DIRECTION('',(-0.358121874431815,0.,0.933674848677763));
#7134=DIRECTION('',(0.,1.,0.));
#7135=DIRECTION('',(0.,1.,0.));
#7136=DIRECTION('',(0.,0.,1.));
#7137=DIRECTION('',(0.,1.,0.));
#7138=DIRECTION('',(0.,0.,-1.));
#7139=DIRECTION('',(0.,1.,0.));
#7140=DIRECTION('',(0.,1.,0.));
#7141=DIRECTION('',(-1.,0.,0.));
#7142=DIRECTION('',(0.,1.,0.));
#7143=DIRECTION('',(0.387928807748162,0.,0.921689340352317));
#7144=DIRECTION('',(0.,1.,0.));
#7145=DIRECTION('',(0.,1.,0.));
#7146=DIRECTION('',(0.,0.,1.));
#7147=DIRECTION('',(0.,1.,0.));
#7148=DIRECTION('',(0.911999921156781,0.,0.410190375082138));
#7149=DIRECTION('',(0.,1.,0.));
#7150=DIRECTION('',(0.,1.,0.));
#7151=DIRECTION('',(0.,0.,1.));
#7152=DIRECTION('',(0.,1.,0.));
#7153=DIRECTION('',(0.927508023878627,0.,-0.373803244556229));
#7154=DIRECTION('',(0.,1.,0.));
#7155=DIRECTION('',(0.,1.,0.));
#7156=DIRECTION('',(0.,0.,1.));
#7157=DIRECTION('',(0.,1.,0.));
#7158=DIRECTION('',(0.345873434245758,0.,-0.938281177197457));
#7159=DIRECTION('',(0.,1.,0.));
#7160=DIRECTION('',(0.,1.,0.));
#7161=DIRECTION('',(0.,0.,1.));
#7162=DIRECTION('',(0.,0.,1.));
#7163=DIRECTION('',(0.,-1.,0.));
#7164=DIRECTION('',(0.,1.,0.));
#7165=DIRECTION('',(1.,0.,0.));
#7166=DIRECTION('',(-0.975877445604303,0.,-0.218319058171339));
#7167=DIRECTION('',(-0.218319058171339,0.,0.975877445604303));
#7168=DIRECTION('',(0.,1.,0.));
#7169=DIRECTION('',(-0.218319058171339,0.,0.975877445604303));
#7170=DIRECTION('',(0.,1.,0.));
#7171=DIRECTION('',(0.965405263684871,0.,-0.260754054330024));
#7172=DIRECTION('',(0.,1.,0.));
#7173=DIRECTION('',(0.,1.,0.));
#7174=DIRECTION('',(0.,0.,1.));
#7175=DIRECTION('',(0.,1.,0.));
#7176=DIRECTION('',(0.352240797041648,0.,-0.93590940848966));
#7177=DIRECTION('',(0.,1.,0.));
#7178=DIRECTION('',(0.,1.,0.));
#7179=DIRECTION('',(0.,0.,1.));
#7180=DIRECTION('',(0.,1.,0.));
#7181=DIRECTION('',(-0.379473110511056,0.,-0.925202766099985));
#7182=DIRECTION('',(0.,1.,0.));
#7183=DIRECTION('',(0.,1.,0.));
#7184=DIRECTION('',(0.,0.,1.));
#7185=DIRECTION('',(0.663222458526374,0.,0.748422320956712));
#7186=DIRECTION('',(0.748422320956712,0.,-0.663222458526374));
#7187=DIRECTION('',(0.,1.,0.));
#7188=DIRECTION('',(0.748422320956712,0.,-0.663222458526374));
#7189=DIRECTION('',(0.,1.,0.));
#7190=DIRECTION('',(-0.784554641772729,0.,-0.620059685895531));
#7191=DIRECTION('',(0.,1.,0.));
#7192=DIRECTION('',(0.,1.,0.));
#7193=DIRECTION('',(0.,0.,1.));
#7194=DIRECTION('',(0.,1.,0.));
#7195=DIRECTION('',(-0.962940794619717,0.,-0.269712858531341));
#7196=DIRECTION('',(0.,1.,0.));
#7197=DIRECTION('',(0.,1.,0.));
#7198=DIRECTION('',(0.,0.,1.));
#7199=DIRECTION('',(0.,1.,0.));
#7200=DIRECTION('',(-0.929071223087278,0.,0.369900881900962));
#7201=DIRECTION('',(0.,1.,0.));
#7202=DIRECTION('',(0.,1.,0.));
#7203=DIRECTION('',(0.,0.,1.));
#7204=DIRECTION('',(0.,1.,0.));
#7205=DIRECTION('',(-0.373106253877928,0.,0.927788619954556));
#7206=DIRECTION('',(0.,1.,0.));
#7207=DIRECTION('',(0.,1.,0.));
#7208=DIRECTION('',(0.,0.,1.));
#7209=DIRECTION('',(0.,1.,0.));
#7210=DIRECTION('',(0.344820525054746,0.,0.938668634556929));
#7211=DIRECTION('',(0.,1.,0.));
#7212=DIRECTION('',(0.,1.,0.));
#7213=DIRECTION('',(0.,0.,1.));
#7214=DIRECTION('',(-0.648404326350666,0.,-0.761296151027798));
#7215=DIRECTION('',(-0.761296151027798,0.,0.648404326350666));
#7216=DIRECTION('',(0.,1.,0.));
#7217=DIRECTION('',(-0.761296151027798,0.,0.648404326350666));
#7218=DIRECTION('',(0.97526381497718,0.,0.221044093330168));
#7219=DIRECTION('',(0.221044093330168,0.,-0.97526381497718));
#7220=DIRECTION('',(0.,1.,0.));
#7221=DIRECTION('',(0.221044093330168,0.,-0.97526381497718));
#7222=DIRECTION('',(0.,0.,1.));
#7223=DIRECTION('',(0.,-1.,0.));
#7224=DIRECTION('',(0.,1.,0.));
#7225=DIRECTION('',(1.,0.,0.));
#7226=DIRECTION('',(0.,1.,0.));
#7227=DIRECTION('',(-0.393997182603908,0.,-0.919111647244328));
#7228=DIRECTION('',(0.,1.,0.));
#7229=DIRECTION('',(0.,1.,0.));
#7230=DIRECTION('',(0.,0.,1.));
#7231=DIRECTION('',(0.,1.,0.));
#7232=DIRECTION('',(-0.918762661157047,0.,-0.394810299338329));
#7233=DIRECTION('',(0.,1.,0.));
#7234=DIRECTION('',(0.,1.,0.));
#7235=DIRECTION('',(0.,0.,1.));
#7236=DIRECTION('',(0.,1.,0.));
#7237=DIRECTION('',(-0.927982669772063,0.,0.372623354880922));
#7238=DIRECTION('',(0.,1.,0.));
#7239=DIRECTION('',(0.,0.,1.));
#7240=DIRECTION('',(0.,1.,0.));
#7241=DIRECTION('',(1.,0.,0.));
#7242=CARTESIAN_POINT('',(0.,0.,0.));
#7243=CARTESIAN_POINT('',(-0.0417431452261655,0.0025,0.));
#7244=CARTESIAN_POINT('',(-0.0961790474937498,0.0025,-0.0101246114190031));
#7245=CARTESIAN_POINT('',(-0.0954333231196205,0.0025,-0.00975947776707151));
#7246=CARTESIAN_POINT('',(-0.0940345784405023,0.0025,-0.00891089083115123));
#7247=CARTESIAN_POINT('',(-0.0915709263268241,0.0025,-0.00670664270749277));
#7248=CARTESIAN_POINT('',(-0.0893253130732914,0.0025,-0.003190669275953));
#7249=CARTESIAN_POINT('',(-0.0884857169371678,0.0025,0.000896361931560611));
#7250=CARTESIAN_POINT('',(-0.0887162714058771,0.0025,0.00419321736399037));
#7251=CARTESIAN_POINT('',(-0.089128198594997,0.0025,0.00577687174788096));
#7252=CARTESIAN_POINT('',(-0.0894086658313958,0.0025,0.00655865978628384));
#7253=CARTESIAN_POINT('',(-0.0961790474639732,0.0025,-0.0101246113502138));
#7254=CARTESIAN_POINT('',(-0.0894086658313959,0.0025,0.00655865978628384));
#7255=CARTESIAN_POINT('',(-0.089408666051167,0.0025,0.00655865970744478));
#7256=CARTESIAN_POINT('',(-0.0944228696390994,0.0025,0.00872838205439249));
#7257=CARTESIAN_POINT('',(-0.0994370732270317,0.0025,0.0108981044013402));
#7258=CARTESIAN_POINT('',(-0.104451276814964,0.0025,0.0130678267482879));
#7259=CARTESIAN_POINT('',(-0.104451276814872,0.0025,0.0130678267481914));
#7260=CARTESIAN_POINT('',(-0.104451276814872,0.0025,0.0130678267481914));
#7261=CARTESIAN_POINT('',(-0.103066880041712,0.0025,0.0139508925493467));
#7262=CARTESIAN_POINT('',(-0.100058992401614,0.0025,0.0152555056755323));
#7263=CARTESIAN_POINT('',(-0.0951274730287062,0.0025,0.0157288124717439));
#7264=CARTESIAN_POINT('',(-0.0903016698384046,0.0025,0.0146467288706827));
#7265=CARTESIAN_POINT('',(-0.0860466096080673,0.0025,0.0121226288901067));
#7266=CARTESIAN_POINT('',(-0.0827844586944922,0.0025,0.00840345889566699));
#7267=CARTESIAN_POINT('',(-0.0808359450251818,0.0025,0.00385622761852569));
#7268=CARTESIAN_POINT('',(-0.0803932983914772,0.0025,-0.00107106315756519));
#7269=CARTESIAN_POINT('',(-0.0815000870276697,0.0025,-0.0058927939913029));
#7270=CARTESIAN_POINT('',(-0.0840472522918701,0.0025,-0.01013378649158));
#7271=CARTESIAN_POINT('',(-0.0877837621716597,0.0025,-0.0133761045388496));
#7272=CARTESIAN_POINT('',(-0.092341399245177,0.0025,-0.0153001522532466));
#7273=CARTESIAN_POINT('',(-0.0972709481497279,0.0025,-0.0157165570614452));
#7274=CARTESIAN_POINT('',(-0.102086819082969,0.0025,-0.0145833749928285));
#7275=CARTESIAN_POINT('',(-0.106313590520556,0.0025,-0.0120156671834307));
#7276=CARTESIAN_POINT('',(-0.10953775816747,0.0025,-0.00825384634179625));
#7277=CARTESIAN_POINT('',(-0.110799395496644,0.0025,-0.0052284807743093));
#7278=CARTESIAN_POINT('',(-0.111184247769981,0.0025,-0.0036316323847058));
#7279=CARTESIAN_POINT('',(-0.111184247769981,0.0025,-0.0036316323847058));
#7280=CARTESIAN_POINT('',(-0.11118424777026,0.0025,-0.00363163238475429));
#7281=CARTESIAN_POINT('',(-0.106182514334831,0.0025,-0.00579595870657414));
#7282=CARTESIAN_POINT('',(-0.101180780899402,0.0025,-0.00796028502839398));
#7283=CARTESIAN_POINT('',(-0.0961790474639731,0.0025,-0.0101246113502138));
#7284=CARTESIAN_POINT('',(-0.0839711806771574,0.0025,-0.00233430797290293));
#7285=CARTESIAN_POINT('',(-0.0838718777549034,0.0025,-0.00222169977835622));
#7286=CARTESIAN_POINT('',(-0.0839696318125017,0.0025,-0.00218434554910578));
#7287=CARTESIAN_POINT('',(-0.0839737439381591,0.0025,-0.00228704351984776));
#7288=CARTESIAN_POINT('',(-0.0840433910158611,0.0025,-0.0022117727892182));
#7289=CARTESIAN_POINT('',(-0.083980768364259,0.0025,-0.00227847417733877));
#7290=CARTESIAN_POINT('',(-0.0840721801254047,0.0025,-0.0022809888459753));
#7291=CARTESIAN_POINT('',(-0.0839823676269423,0.0025,-0.0022855859040961));
#7292=CARTESIAN_POINT('',(-0.0840695014566295,0.0025,-0.00230753203175287));
#7293=CARTESIAN_POINT('',(-0.0839564839402012,0.0025,-0.0028385596470208));
#7294=CARTESIAN_POINT('',(-0.083843646148156,0.0025,-0.00336963101097531));
#7295=CARTESIAN_POINT('',(-0.0836922348850518,0.0025,-0.00333364327054836));
#7296=CARTESIAN_POINT('',(-0.0837861599759381,0.0025,-0.00345787214609858));
#7297=CARTESIAN_POINT('',(-0.0836865468607996,0.0025,-0.00334697233012504));
#7298=CARTESIAN_POINT('',(-0.0836911605802226,0.0025,-0.00349567620205517));
#7299=CARTESIAN_POINT('',(-0.0836860050752807,0.0025,-0.0033992214932778));
#7300=CARTESIAN_POINT('',(-0.0836095954752853,0.0025,-0.00345773717878648));
#7301=CARTESIAN_POINT('',(-0.0836921336814908,0.0025,-0.00339449569945364));
#7302=CARTESIAN_POINT('',(-0.083591057958444,0.0025,-0.00336963127631307));
#7303=CARTESIAN_POINT('',(-0.0836106674881623,0.0025,-0.0032776069002625));
#7304=CARTESIAN_POINT('',(-0.0836303814901788,0.0025,-0.00318560822418566));
#7305=CARTESIAN_POINT('',(-0.0836303814901788,0.0025,-0.00318560822418566));
#7306=CARTESIAN_POINT('',(-0.0833991526748607,0.0025,-0.00349569304756965));
#7307=CARTESIAN_POINT('',(-0.0831309601057617,0.0025,-0.00349569304756965));
#7308=CARTESIAN_POINT('',(-0.0831309601057617,0.0025,-0.00349569304756965));
#7309=CARTESIAN_POINT('',(-0.0831191844746157,0.0025,-0.00325092779004294));
#7310=CARTESIAN_POINT('',(-0.0829564090462409,0.0025,-0.0034326493119545));
#7311=CARTESIAN_POINT('',(-0.0829564090462409,0.0025,-0.0034326493119545));
#7312=CARTESIAN_POINT('',(-0.08288946358106,0.0025,-0.00336960557633934));
#7313=CARTESIAN_POINT('',(-0.0828812494135531,0.0025,-0.00324351810510903));
#7314=CARTESIAN_POINT('',(-0.0828812494135531,0.0025,-0.00324351810510903));
#7315=CARTESIAN_POINT('',(-0.0828812494135531,0.0025,-0.00324351810510903));
#7316=CARTESIAN_POINT('',(-0.0826606990159939,0.0025,-0.00349569304756965));
#7317=CARTESIAN_POINT('',(-0.0824187917829169,0.0025,-0.00349569304756965));
#7318=CARTESIAN_POINT('',(-0.0824187917829169,0.0025,-0.00349569304756965));
#7319=CARTESIAN_POINT('',(-0.0824187917829169,0.0025,-0.00349569304756965));
#7320=CARTESIAN_POINT('',(-0.0822898293530592,0.0025,-0.00349569304756965));
#7321=CARTESIAN_POINT('',(-0.0822202142834385,0.0025,-0.00341827451881748));
#7322=CARTESIAN_POINT('',(-0.0822202142834385,0.0025,-0.00341827451881748));
#7323=CARTESIAN_POINT('',(-0.0822202142834385,0.0025,-0.00341827451881748));
#7324=CARTESIAN_POINT('',(-0.0821505992138179,0.0025,-0.00334085599006533));
#7325=CARTESIAN_POINT('',(-0.0821505992138179,0.0025,-0.00318560822418566));
#7326=CARTESIAN_POINT('',(-0.0821505992138179,0.0025,-0.00318560822418566));
#7327=CARTESIAN_POINT('',(-0.083026425292839,0.0025,-0.0031869043812022));
#7328=CARTESIAN_POINT('',(-0.082171558694625,0.0025,-0.00299627464093365));
#7329=CARTESIAN_POINT('',(-0.0822452674943344,0.0025,-0.00265189269042739));
#7330=CARTESIAN_POINT('',(-0.0823188841472371,0.0025,-0.00230748941545192));
#7331=CARTESIAN_POINT('',(-0.0824632575007856,0.0025,-0.00234074611406818));
#7332=CARTESIAN_POINT('',(-0.0823754997931142,0.0025,-0.00222124570053766));
#7333=CARTESIAN_POINT('',(-0.0824752512687413,0.0025,-0.00233627498673079));
#7334=CARTESIAN_POINT('',(-0.0824713645104599,0.0025,-0.00218429111691616));
#7335=CARTESIAN_POINT('',(-0.0824754797849149,0.0025,-0.00228704351982872));
#7336=CARTESIAN_POINT('',(-0.0825451270273807,0.0025,-0.0022117729443263));
#7337=CARTESIAN_POINT('',(-0.0824825042110031,0.0025,-0.00227847417734053));
#7338=CARTESIAN_POINT('',(-0.0825739159721534,0.0025,-0.00228098884597862));
#7339=CARTESIAN_POINT('',(-0.0824841034736905,0.0025,-0.00228558590409608));
#7340=CARTESIAN_POINT('',(-0.0825712373033781,0.0025,-0.00230753203175287));
#7341=CARTESIAN_POINT('',(-0.082496210311669,0.0025,-0.00265990150374658));
#7342=CARTESIAN_POINT('',(-0.0824213549329083,0.0025,-0.00301182432549745));
#7343=CARTESIAN_POINT('',(-0.0828926186566128,0.0025,-0.00312426176048363));
#7344=CARTESIAN_POINT('',(-0.082408453529912,0.0025,-0.0031252895277777));
#7345=CARTESIAN_POINT('',(-0.0825672665612307,0.0025,-0.00313835934109079));
#7346=CARTESIAN_POINT('',(-0.0824328731872769,0.0025,-0.00322261907715985));
#7347=CARTESIAN_POINT('',(-0.0825037801770883,0.0025,-0.00315632171048802));
#7348=CARTESIAN_POINT('',(-0.0825132494110533,0.0025,-0.00325386586206205));
#7349=CARTESIAN_POINT('',(-0.0824934471777348,0.0025,-0.00294994567816997));
#7350=CARTESIAN_POINT('',(-0.0826788209224557,0.0025,-0.00319321850016433));
#7351=CARTESIAN_POINT('',(-0.0823412829109929,0.0025,-0.00271224333096552));
#7352=CARTESIAN_POINT('',(-0.0828378013630388,0.0025,-0.00302782157303664));
#7353=CARTESIAN_POINT('',(-0.0822528294923462,0.0025,-0.00264155884329041));
#7354=CARTESIAN_POINT('',(-0.082936662896939,0.0025,-0.00279666010136282));
#7355=CARTESIAN_POINT('',(-0.0829878282369546,0.0025,-0.00255209055521903));
#7356=CARTESIAN_POINT('',(-0.0830390505386965,0.0025,-0.00230708749724913));
#7357=CARTESIAN_POINT('',(-0.0831950610730276,0.0025,-0.00234615489391723));
#7358=CARTESIAN_POINT('',(-0.0830956881550222,0.0025,-0.00221967995709987));
#7359=CARTESIAN_POINT('',(-0.0831921986281202,0.0025,-0.00233303415213469));
#7360=CARTESIAN_POINT('',(-0.0831917503967691,0.0025,-0.00218436829358541));
#7361=CARTESIAN_POINT('',(-0.0831956463018308,0.0025,-0.00228647015107212));
#7362=CARTESIAN_POINT('',(-0.0832650938654579,0.0025,-0.00221177844116114));
#7363=CARTESIAN_POINT('',(-0.0832024759929796,0.0025,-0.00227847417734058));
#7364=CARTESIAN_POINT('',(-0.0832938938806725,0.0025,-0.00228075528336886));
#7365=CARTESIAN_POINT('',(-0.0831896416189026,0.0025,-0.00228560396305578));
#7366=CARTESIAN_POINT('',(-0.0832916110160376,0.0025,-0.00230752746388882));
#7367=CARTESIAN_POINT('',(-0.0832165928020207,0.0025,-0.00265990150374658));
#7368=CARTESIAN_POINT('',(-0.0831417470559071,0.0025,-0.00301231406173097));
#7369=CARTESIAN_POINT('',(-0.0837836868465007,0.0025,-0.00315883340527512));
#7370=CARTESIAN_POINT('',(-0.0831262117935691,0.0025,-0.00313552278491976));
#7371=CARTESIAN_POINT('',(-0.0832770697802659,0.0025,-0.00314787204802845));
#7372=CARTESIAN_POINT('',(-0.0831479352035924,0.0025,-0.00322527315258619));
#7373=CARTESIAN_POINT('',(-0.0832117064714441,0.0025,-0.00316710245471288));
#7374=CARTESIAN_POINT('',(-0.0832204945315865,0.0025,-0.00325378581449261));
#7375=CARTESIAN_POINT('',(-0.0832204945315865,0.0025,-0.00325378581449261));
#7376=CARTESIAN_POINT('',(-0.0833046897485318,0.0025,-0.00325378581449261));
#7377=CARTESIAN_POINT('',(-0.0833993580290483,0.0025,-0.00318684034931169));
#7378=CARTESIAN_POINT('',(-0.0833993580290483,0.0025,-0.00318684034931169));
#7379=CARTESIAN_POINT('',(-0.0828315636004039,0.0025,-0.00239220858856154));
#7380=CARTESIAN_POINT('',(-0.0835751949833045,0.0025,-0.00302530837160742));
#7381=CARTESIAN_POINT('',(-0.0829454195122293,0.0025,-0.00250797918493094));
#7382=CARTESIAN_POINT('',(-0.0837385511546778,0.0025,-0.00269402627339891));
#7383=CARTESIAN_POINT('',(-0.0837778257969269,0.0025,-0.00250075200830116));
#7384=CARTESIAN_POINT('',(-0.083817164603775,0.0025,-0.00230749354303162));
#7385=CARTESIAN_POINT('',(-0.0839634004422876,0.0025,-0.00234056924917501));
#7386=CARTESIAN_POINT('',(-0.0872688138292578,0.0025,-0.0023371788614564));
#7387=CARTESIAN_POINT('',(-0.0871421709003189,0.0025,-0.00225509393800514));
#7388=CARTESIAN_POINT('',(-0.0872680300628869,0.0025,-0.00218674798917729));
#7389=CARTESIAN_POINT('',(-0.0872717464909455,0.0025,-0.00228658022066527));
#7390=CARTESIAN_POINT('',(-0.0873417098388887,0.0025,-0.00221576518018508));
#7391=CARTESIAN_POINT('',(-0.0872805319309038,0.0025,-0.00228237257497276));
#7392=CARTESIAN_POINT('',(-0.0873710142419467,0.0025,-0.00228127714400791));
#7393=CARTESIAN_POINT('',(-0.0871862876660878,0.0025,-0.00226460089786998));
#7394=CARTESIAN_POINT('',(-0.0873335142202819,0.0025,-0.00237839260299352));
#7395=CARTESIAN_POINT('',(-0.0868776472598285,0.0025,-0.00301475354004296));
#7396=CARTESIAN_POINT('',(-0.08642155560901,0.0025,-0.00365094081344931));
#7397=CARTESIAN_POINT('',(-0.0867501223092845,0.0025,-0.00365094081344931));
#7398=CARTESIAN_POINT('',(-0.0870786932724998,0.0025,-0.00365104718928537));
#7399=CARTESIAN_POINT('',(-0.0870828063395164,0.0025,-0.00375368312817717));
#7400=CARTESIAN_POINT('',(-0.0871525923438348,0.0025,-0.00367845609066663));
#7401=CARTESIAN_POINT('',(-0.0870862146673821,0.0025,-0.00374643640844313));
#7402=CARTESIAN_POINT('',(-0.0871814155163929,0.0025,-0.00375074104801791));
#7403=CARTESIAN_POINT('',(-0.0870393699404405,0.0025,-0.00374665832555318));
#7404=CARTESIAN_POINT('',(-0.0871314737208138,0.0025,-0.00385524858189743));
#7405=CARTESIAN_POINT('',(-0.087019219222518,0.0025,-0.00374878968356139));
#7406=CARTESIAN_POINT('',(-0.087023658657888,0.0025,-0.0039032748062198));
#7407=CARTESIAN_POINT('',(-0.0865938477724664,0.0025,-0.00390311575590993));
#7408=CARTESIAN_POINT('',(-0.086164036108101,0.0025,-0.00390299755913325));
#7409=CARTESIAN_POINT('',(-0.0861597349174396,0.0025,-0.00380796431992654));
#7410=CARTESIAN_POINT('',(-0.0860917108283618,0.0025,-0.00387420539728105));
#7411=CARTESIAN_POINT('',(-0.0861630885244346,0.0025,-0.00380587838452236));
#7412=CARTESIAN_POINT('',(-0.086064024856802,0.0025,-0.00380326413835245));
#7413=CARTESIAN_POINT('',(-0.0862748415124457,0.0025,-0.00382536148884219));
#7414=CARTESIAN_POINT('',(-0.0860907166495045,0.0025,-0.00371922907034985));
#7415=CARTESIAN_POINT('',(-0.0866162313789226,0.0025,-0.0029870307247073));
#7416=CARTESIAN_POINT('',(-0.0860633291411591,0.0025,-0.00233430797291492));
#7417=CARTESIAN_POINT('',(-0.0859640262188933,0.0025,-0.00222169977836198));
#7418=CARTESIAN_POINT('',(-0.0860617802764992,0.0025,-0.00218434554910669));
#7419=CARTESIAN_POINT('',(-0.0860658924021671,0.0025,-0.00228704351982721));
#7420=CARTESIAN_POINT('',(-0.0861355394798585,0.0025,-0.00221177278921822));
#7421=CARTESIAN_POINT('',(-0.086072916828252,0.0025,-0.00227847417734059));
#7422=CARTESIAN_POINT('',(-0.0861643285894022,0.0025,-0.00228098884597864));
#7423=CARTESIAN_POINT('',(-0.0860745160909396,0.0025,-0.00228558590409613));
#7424=CARTESIAN_POINT('',(-0.0861616499206269,0.0025,-0.00230753203175287));
#7425=CARTESIAN_POINT('',(-0.0860486324041986,0.0025,-0.0028385596470208));
#7426=CARTESIAN_POINT('',(-0.0859357946121538,0.0025,-0.00336963101097541));
#7427=CARTESIAN_POINT('',(-0.0857843833490308,0.0025,-0.00333364327053653));
#7428=CARTESIAN_POINT('',(-0.0858783084399278,0.0025,-0.0034578721461055));
#7429=CARTESIAN_POINT('',(-0.085778695324797,0.0025,-0.00334697233012498));
#7430=CARTESIAN_POINT('',(-0.0857833090442197,0.0025,-0.00349567620205139));
#7431=CARTESIAN_POINT('',(-0.0857781535392472,0.0025,-0.0033992214933286));
#7432=CARTESIAN_POINT('',(-0.0857017439392831,0.0025,-0.0034577371787861));
#7433=CARTESIAN_POINT('',(-0.0857842821454882,0.0025,-0.00339449569945366));
#7434=CARTESIAN_POINT('',(-0.0856832064224414,0.0025,-0.00336963127631307));
#7435=CARTESIAN_POINT('',(-0.0857028159521597,0.0025,-0.0032776069002625));
#7436=CARTESIAN_POINT('',(-0.0857225299541762,0.0025,-0.00318560822418566));
#7437=CARTESIAN_POINT('',(-0.0857225299541762,0.0025,-0.00318560822418566));
#7438=CARTESIAN_POINT('',(-0.0854913011388581,0.0025,-0.00349569304756965));
#7439=CARTESIAN_POINT('',(-0.0852231085697591,0.0025,-0.00349569304756965));
#7440=CARTESIAN_POINT('',(-0.0852231085697591,0.0025,-0.00349569304756965));
#7441=CARTESIAN_POINT('',(-0.0852113329386132,0.0025,-0.00325092779004288));
#7442=CARTESIAN_POINT('',(-0.0850485575102383,0.0025,-0.0034326493119545));
#7443=CARTESIAN_POINT('',(-0.0850485575102383,0.0025,-0.0034326493119545));
#7444=CARTESIAN_POINT('',(-0.0849816120450574,0.0025,-0.00336960557633934));
#7445=CARTESIAN_POINT('',(-0.0849733978775505,0.0025,-0.00324351810510903));
#7446=CARTESIAN_POINT('',(-0.0849733978775505,0.0025,-0.00324351810510903));
#7447=CARTESIAN_POINT('',(-0.0849733978775505,0.0025,-0.00324351810510903));
#7448=CARTESIAN_POINT('',(-0.0847528474799913,0.0025,-0.00349569304756965));
#7449=CARTESIAN_POINT('',(-0.0845109402469143,0.0025,-0.00349569304756965));
#7450=CARTESIAN_POINT('',(-0.0845109402469143,0.0025,-0.00349569304756965));
#7451=CARTESIAN_POINT('',(-0.0845109402469143,0.0025,-0.00349569304756965));
#7452=CARTESIAN_POINT('',(-0.0843819778170565,0.0025,-0.00349569304756965));
#7453=CARTESIAN_POINT('',(-0.0843123627474359,0.0025,-0.00341827451881748));
#7454=CARTESIAN_POINT('',(-0.0843123627474359,0.0025,-0.00341827451881748));
#7455=CARTESIAN_POINT('',(-0.0843123627474359,0.0025,-0.00341827451881748));
#7456=CARTESIAN_POINT('',(-0.0842427476778153,0.0025,-0.00334085599006533));
#7457=CARTESIAN_POINT('',(-0.0842427476778153,0.0025,-0.00318560822418566));
#7458=CARTESIAN_POINT('',(-0.0842427476778153,0.0025,-0.00318560822418566));
#7459=CARTESIAN_POINT('',(-0.0851185737568363,0.0025,-0.00318690438120212));
#7460=CARTESIAN_POINT('',(-0.0842637071586224,0.0025,-0.00299627464093364));
#7461=CARTESIAN_POINT('',(-0.0843374159583318,0.0025,-0.00265189269042739));
#7462=CARTESIAN_POINT('',(-0.0844110326112345,0.0025,-0.00230748941545192));
#7463=CARTESIAN_POINT('',(-0.084555405964783,0.0025,-0.0023407461140682));
#7464=CARTESIAN_POINT('',(-0.0844676482571121,0.0025,-0.00222124570053732));
#7465=CARTESIAN_POINT('',(-0.0845673997327385,0.0025,-0.00233627498673019));
#7466=CARTESIAN_POINT('',(-0.0845635129744573,0.0025,-0.00218429111691566));
#7467=CARTESIAN_POINT('',(-0.0845676282489052,0.0025,-0.00228704351984742));
#7468=CARTESIAN_POINT('',(-0.0846372754913784,0.0025,-0.00221177294432594));
#7469=CARTESIAN_POINT('',(-0.0845746526750006,0.0025,-0.00227847417734059));
#7470=CARTESIAN_POINT('',(-0.0846660644361508,0.0025,-0.00228098884597874));
#7471=CARTESIAN_POINT('',(-0.0845762519376885,0.0025,-0.00228558590409612));
#7472=CARTESIAN_POINT('',(-0.0846633857673755,0.0025,-0.00230753203175287));
#7473=CARTESIAN_POINT('',(-0.0845883587756664,0.0025,-0.00265990150374658));
#7474=CARTESIAN_POINT('',(-0.0845135033969219,0.0025,-0.00301182432542132));
#7475=CARTESIAN_POINT('',(-0.0849847671210317,0.0025,-0.00312426176053262));
#7476=CARTESIAN_POINT('',(-0.0845006019939093,0.0025,-0.00312528952777783));
#7477=CARTESIAN_POINT('',(-0.0846594150252281,0.0025,-0.00313835934109077));
#7478=CARTESIAN_POINT('',(-0.0845250235594851,0.0025,-0.00322262166802316));
#7479=CARTESIAN_POINT('',(-0.0845959286410842,0.0025,-0.0031563217104912));
#7480=CARTESIAN_POINT('',(-0.0846053978750507,0.0025,-0.00325386586206187));
#7481=CARTESIAN_POINT('',(-0.0845855956417322,0.0025,-0.0029499456781701));
#7482=CARTESIAN_POINT('',(-0.0847709693864531,0.0025,-0.00319321850016435));
#7483=CARTESIAN_POINT('',(-0.0844334313749863,0.0025,-0.00271224333096165));
#7484=CARTESIAN_POINT('',(-0.0849299498270362,0.0025,-0.00302782157303665));
#7485=CARTESIAN_POINT('',(-0.0843449779563438,0.0025,-0.00264155884329048));
#7486=CARTESIAN_POINT('',(-0.0850288113609364,0.0025,-0.00279666010136283));
#7487=CARTESIAN_POINT('',(-0.085079976700952,0.0025,-0.00255209055521903));
#7488=CARTESIAN_POINT('',(-0.085131199002694,0.0025,-0.00230708749724874));
#7489=CARTESIAN_POINT('',(-0.0852872095370251,0.0025,-0.00234615489391731));
#7490=CARTESIAN_POINT('',(-0.0851878366190196,0.0025,-0.0022196799570998));
#7491=CARTESIAN_POINT('',(-0.0852843470921173,0.0025,-0.00233303415213528));
#7492=CARTESIAN_POINT('',(-0.0852838988607665,0.0025,-0.00218436829358556));
#7493=CARTESIAN_POINT('',(-0.0852877947658287,0.0025,-0.00228647015107222));
#7494=CARTESIAN_POINT('',(-0.0853572423294554,0.0025,-0.00221177844116104));
#7495=CARTESIAN_POINT('',(-0.0852946244569833,0.0025,-0.00227847417733739));
#7496=CARTESIAN_POINT('',(-0.0853860423446695,0.0025,-0.00228075528336054));
#7497=CARTESIAN_POINT('',(-0.0852817900828998,0.0025,-0.00228560396305576));
#7498=CARTESIAN_POINT('',(-0.085383759480035,0.0025,-0.00230752746388883));
#7499=CARTESIAN_POINT('',(-0.0853087412660181,0.0025,-0.00265990150374658));
#7500=CARTESIAN_POINT('',(-0.0852338955199044,0.0025,-0.00301231406173096));
#7501=CARTESIAN_POINT('',(-0.0858758353105155,0.0025,-0.00315883340527729));
#7502=CARTESIAN_POINT('',(-0.0852183602575665,0.0025,-0.00313552278491976));
#7503=CARTESIAN_POINT('',(-0.0853692182442632,0.0025,-0.00314787204802847));
#7504=CARTESIAN_POINT('',(-0.0852400808246333,0.0025,-0.00322526902846926));
#7505=CARTESIAN_POINT('',(-0.0853038549354403,0.0025,-0.00316710245471619));
#7506=CARTESIAN_POINT('',(-0.0853126429955839,0.0025,-0.00325378581449261));
#7507=CARTESIAN_POINT('',(-0.0853126429955839,0.0025,-0.00325378581449261));
#7508=CARTESIAN_POINT('',(-0.0853968382125292,0.0025,-0.00325378581449261));
#7509=CARTESIAN_POINT('',(-0.0854915064930457,0.0025,-0.00318684034931169));
#7510=CARTESIAN_POINT('',(-0.0854915064930457,0.0025,-0.00318684034931169));
#7511=CARTESIAN_POINT('',(-0.0849237120644013,0.0025,-0.00239220858856145));
#7512=CARTESIAN_POINT('',(-0.0856673434473019,0.0025,-0.00302530837160743));
#7513=CARTESIAN_POINT('',(-0.0850375679762268,0.0025,-0.00250797918493101));
#7514=CARTESIAN_POINT('',(-0.0858306996186752,0.0025,-0.00269402627339891));
#7515=CARTESIAN_POINT('',(-0.0858699742609243,0.0025,-0.00250075200830116));
#7516=CARTESIAN_POINT('',(-0.0859093130677724,0.0025,-0.00230749354303162));
#7517=CARTESIAN_POINT('',(-0.086055548906285,0.0025,-0.00234056924917497));
#7518=CARTESIAN_POINT('',(-0.0880670587148219,0.0025,-0.00219990812336238));
#7519=CARTESIAN_POINT('',(-0.0878068673067854,0.0025,-0.00219971327605522));
#7520=CARTESIAN_POINT('',(-0.0883272531046588,0.0025,-0.00220008504514457));
#7521=CARTESIAN_POINT('',(-0.0883333726784232,0.0025,-0.00230189810571123));
#7522=CARTESIAN_POINT('',(-0.0884024950557388,0.0025,-0.00222732375390167));
#7523=CARTESIAN_POINT('',(-0.0883353773207839,0.0025,-0.00229383968597619));
#7524=CARTESIAN_POINT('',(-0.0884299127074905,0.0025,-0.00229724258137161));
#7525=CARTESIAN_POINT('',(-0.0882820623270001,0.0025,-0.00229587139446769));
#7526=CARTESIAN_POINT('',(-0.0883825997612446,0.0025,-0.00240451236919925));
#7527=CARTESIAN_POINT('',(-0.0882735640749437,0.0025,-0.00230379729731395));
#7528=CARTESIAN_POINT('',(-0.0882746723323981,0.0025,-0.00245215452852002));
#7529=CARTESIAN_POINT('',(-0.0881958157904919,0.0025,-0.00245208306582301));
#7530=CARTESIAN_POINT('',(-0.0881169597824261,0.0025,-0.00245208306582301));
#7531=CARTESIAN_POINT('',(-0.088001345374767,0.0025,-0.00296218286799905));
#7532=CARTESIAN_POINT('',(-0.0878857309671079,0.0025,-0.0034722826701751));
#7533=CARTESIAN_POINT('',(-0.0879397391184656,0.0025,-0.00342628333213667));
#7534=CARTESIAN_POINT('',(-0.0879937870596353,0.0025,-0.00338032985731194));
#7535=CARTESIAN_POINT('',(-0.0880931488735997,0.0025,-0.00349485797044198));
#7536=CARTESIAN_POINT('',(-0.0880933530365417,0.0025,-0.00334340653543808));
#7537=CARTESIAN_POINT('',(-0.088097355456897,0.0025,-0.00344245788035499));
#7538=CARTESIAN_POINT('',(-0.0881671303596451,0.0025,-0.00337220734175707));
#7539=CARTESIAN_POINT('',(-0.0880956081231246,0.0025,-0.00344221832654002));
#7540=CARTESIAN_POINT('',(-0.0881957823262685,0.0025,-0.00344599505095842));
#7541=CARTESIAN_POINT('',(-0.0880760950166181,0.0025,-0.00344276685773491));
#7542=CARTESIAN_POINT('',(-0.0881787109315255,0.0025,-0.00350489986767411));
#7543=CARTESIAN_POINT('',(-0.0880139940458421,0.0025,-0.00341620739661557));
#7544=CARTESIAN_POINT('',(-0.0881408137291613,0.0025,-0.00355363853905349));
#7545=CARTESIAN_POINT('',(-0.0879567835160423,0.0025,-0.0037166541535042));
#7546=CARTESIAN_POINT('',(-0.0877725368138781,0.0025,-0.00387944302460564));
#7547=CARTESIAN_POINT('',(-0.08764896827319,0.0025,-0.00374943023773003));
#7548=CARTESIAN_POINT('',(-0.08766519969493,0.0025,-0.00392709016420929));
#7549=CARTESIAN_POINT('',(-0.0876575697405865,0.0025,-0.00381592593108865));
#7550=CARTESIAN_POINT('',(-0.0875835299833201,0.0025,-0.00389812084783973));
#7551=CARTESIAN_POINT('',(-0.0876320761025118,0.0025,-0.00384754199442333));
#7552=CARTESIAN_POINT('',(-0.0875650784836165,0.0025,-0.00382716838726371));
#7553=CARTESIAN_POINT('',(-0.087718778012531,0.0025,-0.00313960888614724));
#7554=CARTESIAN_POINT('',(-0.087872588299097,0.0025,-0.00245208306582301));
#7555=CARTESIAN_POINT('',(-0.0878161158974873,0.0025,-0.00245208306582301));
#7556=CARTESIAN_POINT('',(-0.0877596240236216,0.0025,-0.00245182974140671));
#7557=CARTESIAN_POINT('',(-0.0877512158813229,0.0025,-0.00234244397002766));
#7558=CARTESIAN_POINT('',(-0.0876794011873899,0.0025,-0.00242473810140546));
#7559=CARTESIAN_POINT('',(-0.0877460458768152,0.0025,-0.0023583399704678));
#7560=CARTESIAN_POINT('',(-0.0876520744532131,0.0025,-0.00235515931874418));
#7561=CARTESIAN_POINT('',(-0.087795356635034,0.0025,-0.00235506872781851));
#7562=CARTESIAN_POINT('',(-0.0877021140851224,0.0025,-0.00224607154837959));
#7563=CARTESIAN_POINT('',(-0.0878129047772354,0.0025,-0.00235344372447077));
#7564=CARTESIAN_POINT('',(-0.0417431452261655,0.002,0.));
#7565=CARTESIAN_POINT('',(-0.039234615793637,0.002,0.00220037136085114));
#7566=CARTESIAN_POINT('',(-0.0389958618172444,0.002,0.00220037136085114));
#7567=CARTESIAN_POINT('',(-0.0394733697700295,0.002,0.00220037136085114));
#7568=CARTESIAN_POINT('',(-0.0397203716110611,0.002,0.00156962676503584));
#7569=CARTESIAN_POINT('',(-0.0399673734520927,0.002,0.000938882169220556));
#7570=CARTESIAN_POINT('',(-0.0407622071444105,0.002,0.000938882169220556));
#7571=CARTESIAN_POINT('',(-0.0415570408367283,0.002,0.000938882169220556));
#7572=CARTESIAN_POINT('',(-0.0418010039907876,0.002,0.00156962676503584));
#7573=CARTESIAN_POINT('',(-0.042044967144847,0.002,0.00220037136085114));
#7574=CARTESIAN_POINT('',(-0.0422785119435728,0.002,0.00220037136085114));
#7575=CARTESIAN_POINT('',(-0.0425120567422987,0.002,0.00220037136085114));
#7576=CARTESIAN_POINT('',(-0.0417280755034532,0.002,0.000208729099598176));
#7577=CARTESIAN_POINT('',(-0.0409440942646078,0.002,-0.00178291316165478));
#7578=CARTESIAN_POINT('',(-0.0407500523965214,0.002,-0.00178291316165478));
#7579=CARTESIAN_POINT('',(-0.0405560105284351,0.002,-0.00178291316165478));
#7580=CARTESIAN_POINT('',(-0.0397759361728397,0.002,0.000208729099598176));
#7581=CARTESIAN_POINT('',(-0.0612911359077329,0.002,0.0035));
#7582=CARTESIAN_POINT('',(-0.0443566944119461,0.002,0.0035));
#7583=CARTESIAN_POINT('',(-0.0274222529161593,0.002,0.0035));
#7584=CARTESIAN_POINT('',(-0.0104878114203724,0.002,0.0035));
#7585=CARTESIAN_POINT('',(-0.0612911359077329,0.002,0.00350000000000005));
#7586=CARTESIAN_POINT('',(-0.0104878114203724,0.002,0.0035));
#7587=CARTESIAN_POINT('',(-0.0104878114203724,0.002,0.0035));
#7588=CARTESIAN_POINT('',(-0.00658953017321891,0.002,0.0035));
#7589=CARTESIAN_POINT('',(-0.00272059252399646,0.002,0.00441763869151743));
#7590=CARTESIAN_POINT('',(0.000765757061598198,0.002,0.00617687069968242));
#7591=CARTESIAN_POINT('',(0.0007659090310573,0.002,0.00617679906270684));
#7592=CARTESIAN_POINT('',(0.0138843037935354,0.002,-1.7347234759768E-18));
#7593=CARTESIAN_POINT('',(0.000765923444888766,0.002,-0.006176792281909));
#7594=CARTESIAN_POINT('',(0.000765757061531751,0.002,-0.00617687069965314));
#7595=CARTESIAN_POINT('',(-0.00271970805443725,0.002,-0.00441808499994242));
#7596=CARTESIAN_POINT('',(-0.00658853430779692,0.002,-0.0035));
#7597=CARTESIAN_POINT('',(-0.0104878114203724,0.002,-0.0035));
#7598=CARTESIAN_POINT('',(-0.0104878114203724,0.002,-0.0035));
#7599=CARTESIAN_POINT('',(-0.0104878114203724,0.002,-0.0035));
#7600=CARTESIAN_POINT('',(-0.0274222529161593,0.002,-0.0035));
#7601=CARTESIAN_POINT('',(-0.0443566944119461,0.002,-0.0035));
#7602=CARTESIAN_POINT('',(-0.0612911359077329,0.002,-0.0035));
#7603=CARTESIAN_POINT('',(-0.0612911359077329,0.002,-0.0035));
#7604=CARTESIAN_POINT('',(-0.0612911359077329,0.002,-0.0035));
#7605=CARTESIAN_POINT('',(-0.063117744666292,0.002,-0.0035));
#7606=CARTESIAN_POINT('',(-0.0667462314199009,0.002,-0.00370147484058412));
#7607=CARTESIAN_POINT('',(-0.0739642514100595,0.002,-0.00492280292629935));
#7608=CARTESIAN_POINT('',(-0.0791315465086845,0.002,-0.00671735792824069));
#7609=CARTESIAN_POINT('',(-0.0824358179760741,0.002,-0.00829824858806202));
#7610=CARTESIAN_POINT('',(-0.0824359932497658,0.002,-0.00829814227534367));
#7611=CARTESIAN_POINT('',(-0.0961156962064646,0.002,-8.67361737988404E-19));
#7612=CARTESIAN_POINT('',(-0.0824358252894605,0.002,0.0082982440439127));
#7613=CARTESIAN_POINT('',(-0.0824358178744881,0.002,0.00829824853944004));
#7614=CARTESIAN_POINT('',(-0.0791319961457937,0.002,0.00671757306122863));
#7615=CARTESIAN_POINT('',(-0.0739638076265927,0.002,0.00492275401037142));
#7616=CARTESIAN_POINT('',(-0.0667468210151985,0.002,0.00370148461879052));
#7617=CARTESIAN_POINT('',(-0.0631179950965793,0.002,0.00350000000000005));
#7618=CARTESIAN_POINT('',(-0.0612911359077329,0.002,0.00350000000000005));
#7619=CARTESIAN_POINT('',(-0.0442831771489927,0.002,-0.00176641743237676));
#7620=CARTESIAN_POINT('',(-0.0427968251214141,0.002,-0.00176641743237676));
#7621=CARTESIAN_POINT('',(-0.0427968251214141,0.002,-0.000610848186636697));
#7622=CARTESIAN_POINT('',(-0.0442831771489927,0.002,-0.00176641743237676));
#7623=CARTESIAN_POINT('',(-0.0427968251214141,0.002,-0.000610848186636697));
#7624=CARTESIAN_POINT('',(-0.0427968251214141,0.002,-0.000610848186636697));
#7625=CARTESIAN_POINT('',(-0.0427968251214141,0.002,-8.31996984961914E-6));
#7626=CARTESIAN_POINT('',(-0.0432079160589482,0.002,0.000315951339905386));
#7627=CARTESIAN_POINT('',(-0.0432079160589482,0.002,0.000315951339905386));
#7628=CARTESIAN_POINT('',(-0.0432079160589482,0.002,0.000315951339905386));
#7629=CARTESIAN_POINT('',(-0.0436190069964824,0.002,0.000640222649660391));
#7630=CARTESIAN_POINT('',(-0.0443838879172164,0.002,0.000640222649660391));
#7631=CARTESIAN_POINT('',(-0.0443838879172164,0.002,0.000640222649660391));
#7632=CARTESIAN_POINT('',(-0.0446174327159422,0.002,0.000640222649660391));
#7633=CARTESIAN_POINT('',(-0.0448509775146681,0.002,0.000640222649660391));
#7634=CARTESIAN_POINT('',(-0.0448509775146681,0.002,0.00142029700525576));
#7635=CARTESIAN_POINT('',(-0.0448509775146681,0.002,0.00220037136085114));
#7636=CARTESIAN_POINT('',(-0.0450814836264216,0.002,0.00220037136085114));
#7637=CARTESIAN_POINT('',(-0.0453119897381752,0.002,0.00220037136085114));
#7638=CARTESIAN_POINT('',(-0.0453119897381752,0.002,0.000216976964237191));
#7639=CARTESIAN_POINT('',(-0.0453119897381752,0.002,-0.00176641743237676));
#7640=CARTESIAN_POINT('',(-0.0447975834435839,0.002,-0.00176641743237676));
#7641=CARTESIAN_POINT('',(-0.0278612445545725,0.002,0.00199417474487573));
#7642=CARTESIAN_POINT('',(-0.0278612445545725,0.002,0.00178797812890033));
#7643=CARTESIAN_POINT('',(-0.0278612445545725,0.002,0.00220037136085114));
#7644=CARTESIAN_POINT('',(-0.0289668925143396,0.002,0.00220037136085114));
#7645=CARTESIAN_POINT('',(-0.0300725404741067,0.002,0.00220037136085114));
#7646=CARTESIAN_POINT('',(-0.0300725404741067,0.002,0.000216976964237191));
#7647=CARTESIAN_POINT('',(-0.0300725404741067,0.002,-0.00176641743237676));
#7648=CARTESIAN_POINT('',(-0.0289668925143396,0.002,-0.00176641743237676));
#7649=CARTESIAN_POINT('',(-0.0278612445545725,0.002,-0.00176641743237676));
#7650=CARTESIAN_POINT('',(-0.0278612445545725,0.002,-0.00156152311081804));
#7651=CARTESIAN_POINT('',(-0.0278612445545725,0.002,-0.00135662878925932));
#7652=CARTESIAN_POINT('',(-0.028736386402586,0.002,-0.00135662878925932));
#7653=CARTESIAN_POINT('',(-0.0296115282505995,0.002,-0.00135662878925932));
#7654=CARTESIAN_POINT('',(-0.0296115282505995,0.002,-0.000717636328805011));
#7655=CARTESIAN_POINT('',(-0.0296115282505995,0.002,-7.86438683507045E-5));
#7656=CARTESIAN_POINT('',(-0.0287893463755313,0.002,-7.86438683507045E-5));
#7657=CARTESIAN_POINT('',(-0.027967164500463,0.002,-7.86438683507045E-5));
#7658=CARTESIAN_POINT('',(-0.027967164500463,0.002,0.000124948158791327));
#7659=CARTESIAN_POINT('',(-0.027967164500463,0.002,0.000328540185933358));
#7660=CARTESIAN_POINT('',(-0.0287893463755313,0.002,0.000328540185933358));
#7661=CARTESIAN_POINT('',(-0.0296115282505995,0.002,0.000328540185933358));
#7662=CARTESIAN_POINT('',(-0.0296115282505995,0.002,0.00105825915741684));
#7663=CARTESIAN_POINT('',(-0.0296115282505995,0.002,0.00178797812890033));
#7664=CARTESIAN_POINT('',(-0.028736386402586,0.002,0.00178797812890033));
#7665=CARTESIAN_POINT('',(-0.0311629949990124,0.002,0.000216976964237191));
#7666=CARTESIAN_POINT('',(-0.0311629949990124,0.002,-0.00176641743237676));
#7667=CARTESIAN_POINT('',(-0.0311629949990124,0.002,0.00220037136085114));
#7668=CARTESIAN_POINT('',(-0.0314260584711831,0.002,0.00220037136085114));
#7669=CARTESIAN_POINT('',(-0.0316891219433538,0.002,0.00220037136085114));
#7670=CARTESIAN_POINT('',(-0.0327730649961761,0.002,0.000536039096325449));
#7671=CARTESIAN_POINT('',(-0.0338570080489984,0.002,-0.00112829316820024));
#7672=CARTESIAN_POINT('',(-0.0338678605024708,0.002,-0.00112829316820024));
#7673=CARTESIAN_POINT('',(-0.0338787129559432,0.002,-0.00112829316820024));
#7674=CARTESIAN_POINT('',(-0.0485188961918816,0.002,9.79861662417495E-6));
#7675=CARTESIAN_POINT('',(-0.0338351427527179,0.002,-5.43350730991511E-5));
#7676=CARTESIAN_POINT('',(-0.0338353031420536,0.002,0.00107301849413929));
#7677=CARTESIAN_POINT('',(-0.0338353031420536,0.002,0.00220037136085114));
#7678=CARTESIAN_POINT('',(-0.0340484453282514,0.002,0.00220037136085114));
#7679=CARTESIAN_POINT('',(-0.0342615875144491,0.002,0.00220037136085114));
#7680=CARTESIAN_POINT('',(-0.0342615875144491,0.002,0.000216976964237191));
#7681=CARTESIAN_POINT('',(-0.0342615875144491,0.002,-0.00176641743237676));
#7682=CARTESIAN_POINT('',(-0.0340011286311118,0.002,-0.00176641743237676));
#7683=CARTESIAN_POINT('',(-0.0337406697477744,0.002,-0.00176641743237676));
#7684=CARTESIAN_POINT('',(-0.0326593312837855,0.002,-0.0001085966399345));
#7685=CARTESIAN_POINT('',(-0.0315779928197966,0.002,0.00154922415250775));
#7686=CARTESIAN_POINT('',(-0.0315671403663241,0.002,0.00154922415250775));
#7687=CARTESIAN_POINT('',(-0.0315564957839401,0.002,0.00154922415250775));
#7688=CARTESIAN_POINT('',(0.0107568494408625,0.002,-0.000843354293972375));
#7689=CARTESIAN_POINT('',(-0.0315803337930255,0.002,0.00107864549236497));
#7690=CARTESIAN_POINT('',(-0.0227103656540501,0.002,0.000557847380823839));
#7691=CARTESIAN_POINT('',(-0.0315948527548875,0.002,0.000509991246203463));
#7692=CARTESIAN_POINT('',(-0.0315944885490746,0.002,-0.00062821211219252));
#7693=CARTESIAN_POINT('',(-0.0315944885490746,0.002,-0.00176641743237676));
#7694=CARTESIAN_POINT('',(-0.0313787417740434,0.002,-0.00176641743237676));
#7695=CARTESIAN_POINT('',(-0.0353520420393548,0.002,0.000216976964237191));
#7696=CARTESIAN_POINT('',(-0.0353520420393548,0.002,-0.00176641743237676));
#7697=CARTESIAN_POINT('',(-0.0353520420393548,0.002,0.00220037136085114));
#7698=CARTESIAN_POINT('',(-0.0356151055115255,0.002,0.00220037136085114));
#7699=CARTESIAN_POINT('',(-0.0358781689836963,0.002,0.00220037136085114));
#7700=CARTESIAN_POINT('',(-0.0369621120365186,0.002,0.000536039096325449));
#7701=CARTESIAN_POINT('',(-0.0380460550893408,0.002,-0.00112829316820024));
#7702=CARTESIAN_POINT('',(-0.0380569075428132,0.002,-0.00112829316820024));
#7703=CARTESIAN_POINT('',(-0.0380677599962856,0.002,-0.00112829316820024));
#7704=CARTESIAN_POINT('',(-0.0527079432322322,0.002,9.79861662424625E-6));
#7705=CARTESIAN_POINT('',(-0.0380241897930603,0.002,-5.43350730991523E-5));
#7706=CARTESIAN_POINT('',(-0.038024350182396,0.002,0.00107301849413929));
#7707=CARTESIAN_POINT('',(-0.038024350182396,0.002,0.00220037136085114));
#7708=CARTESIAN_POINT('',(-0.0382374923685938,0.002,0.00220037136085114));
#7709=CARTESIAN_POINT('',(-0.0384506345547915,0.002,0.00220037136085114));
#7710=CARTESIAN_POINT('',(-0.0384506345547915,0.002,0.000216976964237191));
#7711=CARTESIAN_POINT('',(-0.0384506345547915,0.002,-0.00176641743237676));
#7712=CARTESIAN_POINT('',(-0.0381901756714541,0.002,-0.00176641743237676));
#7713=CARTESIAN_POINT('',(-0.0379297167881168,0.002,-0.00176641743237676));
#7714=CARTESIAN_POINT('',(-0.0368483783241279,0.002,-0.0001085966399345));
#7715=CARTESIAN_POINT('',(-0.035767039860139,0.002,0.00154922415250775));
#7716=CARTESIAN_POINT('',(-0.0357561874066666,0.002,0.00154922415250775));
#7717=CARTESIAN_POINT('',(-0.0357455428242826,0.002,0.00154922415250775));
#7718=CARTESIAN_POINT('',(0.00656780240100273,0.002,-0.000843354293996406));
#7719=CARTESIAN_POINT('',(-0.035769380833368,0.002,0.00107864549236497));
#7720=CARTESIAN_POINT('',(-0.0268994126944285,0.002,0.000557847380825283));
#7721=CARTESIAN_POINT('',(-0.0357838997952299,0.002,0.000509991246203462));
#7722=CARTESIAN_POINT('',(-0.035783535589417,0.002,-0.00062821211219252));
#7723=CARTESIAN_POINT('',(-0.035783535589417,0.002,-0.00176641743237676));
#7724=CARTESIAN_POINT('',(-0.0355677888143859,0.002,-0.00176641743237676));
#7725=CARTESIAN_POINT('',(-0.0261074880734344,0.002,0.0005507984330479));
#7726=CARTESIAN_POINT('',(-0.0256933584489279,0.002,0.0005507984330479));
#7727=CARTESIAN_POINT('',(-0.0265216176979407,0.002,0.0005507984330479));
#7728=CARTESIAN_POINT('',(-0.0265216176979407,0.002,0.00137558489694952));
#7729=CARTESIAN_POINT('',(-0.0265216176979407,0.002,0.00220037136085114));
#7730=CARTESIAN_POINT('',(-0.0267521238096943,0.002,0.00220037136085114));
#7731=CARTESIAN_POINT('',(-0.0269826299214478,0.002,0.00220037136085114));
#7732=CARTESIAN_POINT('',(-0.0269826299214478,0.002,0.000216976964237191));
#7733=CARTESIAN_POINT('',(-0.0269826299214478,0.002,-0.00176641743237676));
#7734=CARTESIAN_POINT('',(-0.0264387049534116,0.002,-0.00176641743237676));
#7735=CARTESIAN_POINT('',(-0.0258947799853755,0.002,-0.00176641743237676));
#7736=CARTESIAN_POINT('',(-0.0258947799853755,0.002,-0.00176641743237676));
#7737=CARTESIAN_POINT('',(-0.0251646269157531,0.002,-0.00176641743237676));
#7738=CARTESIAN_POINT('',(-0.0248160461102199,0.002,-0.00148685823092799));
#7739=CARTESIAN_POINT('',(-0.0248160461102199,0.002,-0.00148685823092799));
#7740=CARTESIAN_POINT('',(-0.0248160461102199,0.002,-0.00148685823092799));
#7741=CARTESIAN_POINT('',(-0.0244674653046868,0.002,-0.00120729902947924));
#7742=CARTESIAN_POINT('',(-0.0244674653046868,0.002,-0.000645576037748344));
#7743=CARTESIAN_POINT('',(-0.0244674653046868,0.002,-0.000645576037748344));
#7744=CARTESIAN_POINT('',(-0.0244674653046868,0.002,-0.000645576037748344));
#7745=CARTESIAN_POINT('',(-0.0244674653046868,0.002,0.000141009789930464));
#7746=CARTESIAN_POINT('',(-0.0252653376839769,0.002,0.00041796440254585));
#7747=CARTESIAN_POINT('',(-0.0252653376839769,0.002,0.000417964402545852));
#7748=CARTESIAN_POINT('',(-0.0247266218936075,0.002,0.0013091678816985));
#7749=CARTESIAN_POINT('',(-0.024187906103238,0.002,0.00220037136085114));
#7750=CARTESIAN_POINT('',(-0.0244605197344644,0.002,0.00220037136085114));
#7751=CARTESIAN_POINT('',(-0.0247331333656909,0.002,0.00220037136085114));
#7752=CARTESIAN_POINT('',(-0.0252132459073094,0.002,0.00137558489694952));
#7753=CARTESIAN_POINT('',(-0.0463581662529136,0.002,0.000483079123380188));
#7754=CARTESIAN_POINT('',(-0.0461237532579099,0.002,0.000738328829050794));
#7755=CARTESIAN_POINT('',(-0.0461237532579099,0.002,0.00114464468705706));
#7756=CARTESIAN_POINT('',(-0.0463581662529136,0.002,0.000483079123380188));
#7757=CARTESIAN_POINT('',(-0.0461237532579099,0.002,0.00114464468705706));
#7758=CARTESIAN_POINT('',(-0.0461237532579099,0.002,0.00114464468705706));
#7759=CARTESIAN_POINT('',(-0.0461237532579099,0.002,0.00166816704256514));
#7760=CARTESIAN_POINT('',(-0.0465035891294436,0.002,0.00196161738445856));
#7761=CARTESIAN_POINT('',(-0.0465035891294436,0.002,0.00196161738445856));
#7762=CARTESIAN_POINT('',(-0.0465035891294436,0.002,0.00196161738445856));
#7763=CARTESIAN_POINT('',(-0.0468834250009772,0.002,0.00225506772635198));
#7764=CARTESIAN_POINT('',(-0.0475345722093206,0.002,0.00225506772635198));
#7765=CARTESIAN_POINT('',(-0.0475345722093206,0.002,0.00225506772635198));
#7766=CARTESIAN_POINT('',(-0.0475345722093206,0.002,0.00225506772635198));
#7767=CARTESIAN_POINT('',(-0.048239547586887,0.002,0.00225506772635198));
#7768=CARTESIAN_POINT('',(-0.0486198175565596,0.002,0.00207274650801584));
#7769=CARTESIAN_POINT('',(-0.0486198175565596,0.002,0.00207274650801584));
#7770=CARTESIAN_POINT('',(-0.0486198175565596,0.002,0.0018504882609013));
#7771=CARTESIAN_POINT('',(-0.0486198175565596,0.002,0.00162847649597215));
#7772=CARTESIAN_POINT('',(-0.0475070966455428,0.002,-0.00107409061216639));
#7773=CARTESIAN_POINT('',(-0.0480875901071015,0.002,0.00179047080628163));
#7774=CARTESIAN_POINT('',(-0.047512100624324,0.002,-0.00093436529211175));
#7775=CARTESIAN_POINT('',(-0.0475180764800426,0.002,0.0018504882609013));
#7776=CARTESIAN_POINT('',(-0.0475180764800426,0.002,0.0018504882609013));
#7777=CARTESIAN_POINT('',(-0.0470570642565355,0.002,0.0018504882609013));
#7778=CARTESIAN_POINT('',(-0.0468235194578096,0.002,0.00167554671092637));
#7779=CARTESIAN_POINT('',(-0.0468235194578096,0.002,0.00167554671092637));
#7780=CARTESIAN_POINT('',(-0.0468235194578096,0.002,0.00167554671092637));
#7781=CARTESIAN_POINT('',(-0.0465899746590838,0.002,0.00150060516095145));
#7782=CARTESIAN_POINT('',(-0.0465899746590838,0.002,0.00118805450094662));
#7783=CARTESIAN_POINT('',(-0.0465899746590838,0.002,0.00118805450094662));
#7784=CARTESIAN_POINT('',(-0.0465899746590838,0.002,0.00118805450094662));
#7785=CARTESIAN_POINT('',(-0.0465899746590838,0.002,0.000982291983110115));
#7786=CARTESIAN_POINT('',(-0.0466728874036129,0.002,0.000850760247024751));
#7787=CARTESIAN_POINT('',(-0.0466728874036129,0.002,0.000850760247024751));
#7788=CARTESIAN_POINT('',(-0.0466728874036129,0.002,0.000850760247024751));
#7789=CARTESIAN_POINT('',(-0.0467558001481419,0.002,0.000719228510939388));
#7790=CARTESIAN_POINT('',(-0.0469498420162283,0.002,0.000607665289243222));
#7791=CARTESIAN_POINT('',(-0.0469498420162283,0.002,0.000607665289243222));
#7792=CARTESIAN_POINT('',(-0.0469498420162283,0.002,0.000607665289243222));
#7793=CARTESIAN_POINT('',(-0.0471438838843146,0.002,0.000496102067547055));
#7794=CARTESIAN_POINT('',(-0.0475397813869874,0.002,0.000355454270544885));
#7795=CARTESIAN_POINT('',(-0.0475397813869874,0.002,0.000355454270544885));
#7796=CARTESIAN_POINT('',(-0.0475397813869874,0.002,0.000355454270544885));
#7797=CARTESIAN_POINT('',(-0.0480928224159403,0.002,0.000157505519208496));
#7798=CARTESIAN_POINT('',(-0.0483302740979162,0.002,-0.000113805817601247));
#7799=CARTESIAN_POINT('',(-0.0483302740979162,0.002,-0.000113805817601247));
#7800=CARTESIAN_POINT('',(-0.0483302740979162,0.002,-0.000113805817601247));
#7801=CARTESIAN_POINT('',(-0.0485677257798921,0.002,-0.000385117154410991));
#7802=CARTESIAN_POINT('',(-0.0485677257798921,0.002,-0.000821819882139953));
#7803=CARTESIAN_POINT('',(-0.0485677257798921,0.002,-0.000821819882139953));
#7804=CARTESIAN_POINT('',(-0.0485677257798921,0.002,-0.000821819882139953));
#7805=CARTESIAN_POINT('',(-0.0485677257798921,0.002,-0.00128022751681369));
#7806=CARTESIAN_POINT('',(-0.0482234859557479,0.002,-0.00155153885362344));
#7807=CARTESIAN_POINT('',(-0.0482234859557479,0.002,-0.00155153885362344));
#7808=CARTESIAN_POINT('',(-0.0482234859557479,0.002,-0.00155153885362344));
#7809=CARTESIAN_POINT('',(-0.0478792461316037,0.002,-0.00182285019043318));
#7810=CARTESIAN_POINT('',(-0.0473114457659283,0.002,-0.00182285019043318));
#7811=CARTESIAN_POINT('',(-0.0473114457659283,0.002,-0.00182285019043318));
#7812=CARTESIAN_POINT('',(-0.0472778429554218,0.002,0.00086522116609416));
#7813=CARTESIAN_POINT('',(-0.046223326495744,0.002,-0.00160655071351371));
#7814=CARTESIAN_POINT('',(-0.0462956561209126,0.002,-0.00140524778081562));
#7815=CARTESIAN_POINT('',(-0.0463677164119693,0.002,-0.00120469444064586));
#7816=CARTESIAN_POINT('',(-0.0463677164119693,0.002,-0.00120469444064586));
#7817=CARTESIAN_POINT('',(-0.0468591155051991,0.002,-0.00141045695848237));
#7818=CARTESIAN_POINT('',(-0.0473227323175396,0.002,-0.00141045695848237));
#7819=CARTESIAN_POINT('',(-0.0473227323175396,0.002,-0.00141045695848237));
#7820=CARTESIAN_POINT('',(-0.0473227323175396,0.002,-0.00141045695848237));
#7821=CARTESIAN_POINT('',(-0.0476891111467674,0.002,-0.00141045695848237));
#7822=CARTESIAN_POINT('',(-0.0478953077627428,0.002,-0.00125331343220217));
#7823=CARTESIAN_POINT('',(-0.0478953077627428,0.002,-0.00125331343220217));
#7824=CARTESIAN_POINT('',(-0.0478953077627428,0.002,-0.00125331343220217));
#7825=CARTESIAN_POINT('',(-0.0481015043787182,0.002,-0.00109616990592196));
#7826=CARTESIAN_POINT('',(-0.0481015043787182,0.002,-0.000816610704473206));
#7827=CARTESIAN_POINT('',(-0.0481015043787182,0.002,-0.000816610704473206));
#7828=CARTESIAN_POINT('',(-0.0481015043787182,0.002,-0.000816610704473206));
#7829=CARTESIAN_POINT('',(-0.0481015043787182,0.002,-0.000610848186636697));
#7830=CARTESIAN_POINT('',(-0.0480255372044115,0.002,-0.000478882352412438));
#7831=CARTESIAN_POINT('',(-0.0480255372044115,0.002,-0.000478882352412438));
#7832=CARTESIAN_POINT('',(-0.0480255372044115,0.002,-0.000478882352412438));
#7833=CARTESIAN_POINT('',(-0.0479495700301048,0.002,-0.000346916518188179));
#7834=CARTESIAN_POINT('',(-0.0477689852043242,0.002,-0.000237089689047594));
#7835=CARTESIAN_POINT('',(-0.0477689852043242,0.002,-0.000237089689047594));
#7836=CARTESIAN_POINT('',(-0.0477689852043242,0.002,-0.000237089689047594));
#7837=CARTESIAN_POINT('',(-0.0475884003785437,0.002,-0.000127262859907011));
#7838=CARTESIAN_POINT('',(-0.047216812371649,0.002,5.57117059503962E-6));
#7839=CARTESIAN_POINT('',(-0.047216812371649,0.002,5.57117059503962E-6));
#7840=CARTESIAN_POINT('',(-0.047216812371649,0.002,5.57117059503962E-6));
#7841=CARTESIAN_POINT('',(-0.0465925792479172,0.002,0.000227829417709581));
#7842=CARTESIAN_POINT('',(-0.0463581662529136,0.002,0.000483079123380188));
#7843=CARTESIAN_POINT('',(-0.0961156962064646,0.0025,1.12757025938492E-17));
#7844=CARTESIAN_POINT('',(-0.111870594245866,0.0025,-0.00278983651278137));
#7845=CARTESIAN_POINT('',(-0.11187051413825,0.002,-0.00278982234851597));
#7846=CARTESIAN_POINT('',(-0.11187050478921,-0.002,-0.00278987522204059));
#7847=CARTESIAN_POINT('',(-0.111870594238661,0.002,-0.00278983655347328));
#7848=CARTESIAN_POINT('',(-0.111307728006538,0.002,-0.00596848158262988));
#7849=CARTESIAN_POINT('',(-0.108200110975462,0.002,-0.0119659109103903));
#7850=CARTESIAN_POINT('',(-0.0992441986112713,0.002,-0.0167174799662163));
#7851=CARTESIAN_POINT('',(-0.0891761164822085,0.002,-0.0155260535061312));
#7852=CARTESIAN_POINT('',(-0.0841100392832504,0.002,-0.0110582459937697));
#7853=CARTESIAN_POINT('',(-0.0824358179272518,0.002,-0.00829824862642241));
#7854=CARTESIAN_POINT('',(-0.0824358179272518,0.002,-0.00829824862642236));
#7855=CARTESIAN_POINT('',(-0.0827574291280847,0.00199999999527141,-0.00882843303986805));
#7856=CARTESIAN_POINT('',(-0.0834505905285532,0.00191540523248221,-0.00983614006436846));
#7857=CARTESIAN_POINT('',(-0.0844657585371017,0.00157785613091589,-0.0109934843459286));
#7858=CARTESIAN_POINT('',(-0.0852767318378266,0.00120530723748939,-0.0117800892844261));
#7859=CARTESIAN_POINT('',(-0.0859487680220811,0.000844349162020016,-0.0123641257695314));
#7860=CARTESIAN_POINT('',(-0.0865739857789612,0.000465930037030391,-0.0128518303466555));
#7861=CARTESIAN_POINT('',(-0.0870356495211714,0.000161726108130186,-0.013176978413639));
#7862=CARTESIAN_POINT('',(-0.0872713634496467,0.,-0.0133333333449171));
#7863=CARTESIAN_POINT('',(-0.0872712933303061,0.,-0.0133334390538007));
#7864=CARTESIAN_POINT('',(-0.0872713634496467,0.,-0.0133333333449171));
#7865=CARTESIAN_POINT('',(-0.0870356656823756,-0.000161715019671841,-0.0131769891337691));
#7866=CARTESIAN_POINT('',(-0.0865740271734236,-0.000465901566529532,-0.0128518626296728));
#7867=CARTESIAN_POINT('',(-0.0859487390712867,-0.000844365659753547,-0.0123641006452556));
#7868=CARTESIAN_POINT('',(-0.085276806143898,-0.00120526977472865,-0.0117801574139342));
#7869=CARTESIAN_POINT('',(-0.084465711991376,-0.00157787784098982,-0.01099344058309));
#7870=CARTESIAN_POINT('',(-0.0834506374359125,-0.0019153973538639,-0.00983619279716889));
#7871=CARTESIAN_POINT('',(-0.0827574399186212,-0.00199999999964794,-0.00882845083538626));
#7872=CARTESIAN_POINT('',(-0.082435817878402,-0.002,-0.00829824854589225));
#7873=CARTESIAN_POINT('',(-0.0824359932009174,-0.002,-0.00829814219481415));
#7874=CARTESIAN_POINT('',(-0.0824358178783888,-0.002,-0.0082982485458705));
#7875=CARTESIAN_POINT('',(-0.0841100369024444,-0.002,-0.0110582421055991));
#7876=CARTESIAN_POINT('',(-0.0891761045674411,-0.002,-0.0155260450432592));
#7877=CARTESIAN_POINT('',(-0.0992441699931537,-0.002,-0.0167174823970163));
#7878=CARTESIAN_POINT('',(-0.108200078812507,-0.002,-0.011965939320943));
#7879=CARTESIAN_POINT('',(-0.111307708763231,-0.002,-0.00596852814899114));
#7880=CARTESIAN_POINT('',(-0.111870584879836,-0.002,-0.00278988940455841));
#7881=CARTESIAN_POINT('',(0.0138843037935328,0.0025,2.84321177712599E-15));
#7882=CARTESIAN_POINT('',(0.0282526339047496,0.0025,0.00194963838061681));
#7883=CARTESIAN_POINT('',(0.0282525628731428,0.002,0.00194966009715836));
#7884=CARTESIAN_POINT('',(0.0282526339047496,-0.002,0.00194963838061681));
#7885=CARTESIAN_POINT('',(0.0282526297270816,0.002,0.00194966916871365));
#7886=CARTESIAN_POINT('',(0.0278356170730386,0.002,0.00502289504101205));
#7887=CARTESIAN_POINT('',(0.0249624387051542,0.002,0.0108818327195237));
#7888=CARTESIAN_POINT('',(0.0162449609507023,0.002,0.0153498912500209));
#7889=CARTESIAN_POINT('',(0.00658778396316925,0.002,0.0137076677382007));
#7890=CARTESIAN_POINT('',(0.00208692128559289,0.002,0.00898278257430916));
#7891=CARTESIAN_POINT('',(0.000765757029897512,0.002,0.00617687063248541));
#7892=CARTESIAN_POINT('',(0.000765757061548231,0.002,0.00617687069970576));
#7893=CARTESIAN_POINT('',(0.00123638622428305,0.002,0.00717640120065481));
#7894=CARTESIAN_POINT('',(0.00208276596766056,0.00174086969178131,0.00853641947192283));
#7895=CARTESIAN_POINT('',(0.00343256964225414,0.000864476676990917,0.0100867694022508));
#7896=CARTESIAN_POINT('',(0.00411594546320151,0.000309632386437936,0.0107254191356767));
#7897=CARTESIAN_POINT('',(0.00446041927276441,0.,0.0110200000244735));
#7898=CARTESIAN_POINT('',(0.00446033434378189,0.,0.0110200993378074));
#7899=CARTESIAN_POINT('',(0.00446041927276441,0.,0.0110200000244735));
#7900=CARTESIAN_POINT('',(0.00377395521929,-0.000617032404580107,0.0104329620976826));
#7901=CARTESIAN_POINT('',(0.00237498707130185,-0.00164501348341491,0.00900320820703139));
#7902=CARTESIAN_POINT('',(0.00123624728393816,-0.00199999998570224,0.00717610609230282));
#7903=CARTESIAN_POINT('',(0.000765757119683023,-0.002,0.00617687082317345));
#7904=CARTESIAN_POINT('',(0.000765909089205121,-0.002,0.0061767991861668));
#7905=CARTESIAN_POINT('',(0.000765757088032365,-0.002,0.00617687075595323));
#7906=CARTESIAN_POINT('',(0.00208692246701471,-0.002,0.00898278501491257));
#7907=CARTESIAN_POINT('',(0.00658779056222557,-0.002,0.0137076732482747));
#7908=CARTESIAN_POINT('',(0.0162449777192397,-0.002,0.0153498904631385));
#7909=CARTESIAN_POINT('',(0.024962457460026,-0.002,0.0108818161424302));
#7910=CARTESIAN_POINT('',(0.0278356274775564,-0.002,0.00502286773178383));
#7911=CARTESIAN_POINT('',(0.028252633900027,-0.002,0.00194963841543414));
#7912=CARTESIAN_POINT('',(-0.0417431452261655,-0.002,0.));
#7913=CARTESIAN_POINT('',(0.0138843037935354,-0.002,-1.7347234759768E-18));
#7914=CARTESIAN_POINT('',(0.000765923444891258,-0.002,-0.00617679228191429));
#7915=CARTESIAN_POINT('',(0.000765757216234106,-0.002,0.00617687077771259));
#7916=CARTESIAN_POINT('',(-0.00271970794070023,-0.002,0.00441808502707562));
#7917=CARTESIAN_POINT('',(-0.00658853424929278,-0.002,0.0035));
#7918=CARTESIAN_POINT('',(-0.0104878114203724,-0.002,0.0035));
#7919=CARTESIAN_POINT('',(-0.0104878114203724,-0.002,0.0035));
#7920=CARTESIAN_POINT('',(-0.0104878114203724,-0.002,0.0035));
#7921=CARTESIAN_POINT('',(-0.0274222529161593,-0.002,0.0035));
#7922=CARTESIAN_POINT('',(-0.0443566944119461,-0.002,0.0035));
#7923=CARTESIAN_POINT('',(-0.0612911359077329,-0.002,0.0035));
#7924=CARTESIAN_POINT('',(-0.0612911359077329,-0.002,0.00350000000000005));
#7925=CARTESIAN_POINT('',(-0.0612911359077329,-0.002,0.00350000000000005));
#7926=CARTESIAN_POINT('',(-0.0631177446567899,-0.002,0.00350000000000005));
#7927=CARTESIAN_POINT('',(-0.066746231391816,-0.002,0.0037014748385304));
#7928=CARTESIAN_POINT('',(-0.0739642513456109,-0.002,0.00492280291167204));
#7929=CARTESIAN_POINT('',(-0.0791315464208503,-0.002,0.0067173578955059));
#7930=CARTESIAN_POINT('',(-0.0824358178744881,-0.002,0.00829824853944005));
#7931=CARTESIAN_POINT('',(-0.0824358252894605,-0.002,0.00829824404391271));
#7932=CARTESIAN_POINT('',(-0.0961156962064646,-0.002,-8.67361737988404E-19));
#7933=CARTESIAN_POINT('',(-0.0824358178745457,-0.002,-0.00829824853948692));
#7934=CARTESIAN_POINT('',(-0.0791319961458174,-0.002,-0.00671757306124355));
#7935=CARTESIAN_POINT('',(-0.0739638076266655,-0.002,-0.00492275401038381));
#7936=CARTESIAN_POINT('',(-0.066746821015199,-0.002,-0.00370148461879156));
#7937=CARTESIAN_POINT('',(-0.0631179950965782,-0.002,-0.0035));
#7938=CARTESIAN_POINT('',(-0.0612911359077329,-0.002,-0.0035));
#7939=CARTESIAN_POINT('',(-0.0612911359077329,-0.002,-0.0035));
#7940=CARTESIAN_POINT('',(-0.0612911359077329,-0.002,-0.0035));
#7941=CARTESIAN_POINT('',(-0.0443566944119461,-0.002,-0.0035));
#7942=CARTESIAN_POINT('',(-0.0274222529161593,-0.002,-0.0035));
#7943=CARTESIAN_POINT('',(-0.0104878114203724,-0.002,-0.0035));
#7944=CARTESIAN_POINT('',(-0.0104878114203724,-0.002,-0.0035));
#7945=CARTESIAN_POINT('',(-0.0104878114203724,-0.002,-0.0035));
#7946=CARTESIAN_POINT('',(-0.00658953017322324,-0.002,-0.0035));
#7947=CARTESIAN_POINT('',(-0.00272059252403793,-0.002,-0.00441763869150544));
#7948=CARTESIAN_POINT('',(0.000765757061535602,-0.002,-0.00617687069965507));
#7949=CARTESIAN_POINT('',(0.0138843037935328,0.0025,2.84321177712599E-15));
#7950=CARTESIAN_POINT('',(0.00446041927276728,0.,-0.0110200000244703));
#7951=CARTESIAN_POINT('',(0.00377395520475837,0.000617032417869094,-0.0104329620852503));
#7952=CARTESIAN_POINT('',(0.002374987027703,0.00164501351286492,-0.00900320815930008));
#7953=CARTESIAN_POINT('',(0.00123624722754318,0.002,-0.00717610599693577));
#7954=CARTESIAN_POINT('',(0.000765757061525044,0.002,-0.00617687069965083));
#7955=CARTESIAN_POINT('',(0.00446041927276728,0.,-0.0110200000244703));
#7956=CARTESIAN_POINT('',(0.000765757032194888,0.002,-0.00617687063735893));
#7957=CARTESIAN_POINT('',(0.00174693392691918,0.002,-0.00826071142507576));
#7958=CARTESIAN_POINT('',(0.00472027087169066,0.002,-0.0119497665382998));
#7959=CARTESIAN_POINT('',(0.0112229356105366,0.002,-0.014822374010658));
#7960=CARTESIAN_POINT('',(0.0183187633733352,0.002,-0.0143913858939145));
#7961=CARTESIAN_POINT('',(0.0223897473403056,0.002,-0.0119671437945735));
#7962=CARTESIAN_POINT('',(0.0240345761364131,0.002,-0.0103548042649493));
#7963=CARTESIAN_POINT('',(0.0240345208647313,0.002,-0.0103547478795216));
#7964=CARTESIAN_POINT('',(0.0240346068422882,0.0025,-0.0103547741654987));
#7965=CARTESIAN_POINT('',(0.0240345515466615,-0.002,-0.0103547177870544));
#7966=CARTESIAN_POINT('',(0.024034606811218,-0.002,-0.0103547741959554));
#7967=CARTESIAN_POINT('',(0.0223897802352481,-0.002,-0.0119671211039307));
#7968=CARTESIAN_POINT('',(0.0183187958709458,-0.002,-0.0143913777319251));
#7969=CARTESIAN_POINT('',(0.0112229572520781,-0.002,-0.0148223796970376));
#7970=CARTESIAN_POINT('',(0.00472027864315081,-0.002,-0.0119497747280343));
#7971=CARTESIAN_POINT('',(0.00174693545177602,-0.002,-0.0082607146635905));
#7972=CARTESIAN_POINT('',(0.000765757032198434,-0.002,-0.00617687063736646));
#7973=CARTESIAN_POINT('',(0.000765757061525403,-0.002,-0.00617687069965159));
#7974=CARTESIAN_POINT('',(0.00123638622427628,-0.002,-0.00717640120064432));
#7975=CARTESIAN_POINT('',(0.002082765967585,-0.00174086969181938,-0.00853641947181639));
#7976=CARTESIAN_POINT('',(0.00343256964227292,-0.000864476677009898,-0.0100867694022739));
#7977=CARTESIAN_POINT('',(0.00411594546326851,-0.000309632386417725,-0.0107254191357284));
#7978=CARTESIAN_POINT('',(0.00446041927276728,0.,-0.0110200000244703));
#7979=CARTESIAN_POINT('',(0.0221805046098918,0.0025,0.00380607460783881));
#7980=CARTESIAN_POINT('',(0.0161083753150338,0.0025,0.00566251083506081));
#7981=CARTESIAN_POINT('',(0.0161083753150338,0.002,0.00566251083506081));
#7982=CARTESIAN_POINT('',(0.0161083923389723,-0.002,0.00566250563032049));
#7983=CARTESIAN_POINT('',(0.0161083753150299,0.002,0.00566251083506202));
#7984=CARTESIAN_POINT('',(0.0201564378344009,0.002,0.00442489392242747));
#7985=CARTESIAN_POINT('',(0.0242045003537719,0.002,0.00318727700979291));
#7986=CARTESIAN_POINT('',(0.0282525628731429,0.002,0.00194966009715836));
#7987=CARTESIAN_POINT('',(0.0282526339047657,-0.002,0.00194963838061191));
#7988=CARTESIAN_POINT('',(0.0242045533828346,-0.002,0.00318726079718144));
#7989=CARTESIAN_POINT('',(0.0201564728609035,-0.002,0.00442488321375097));
#7990=CARTESIAN_POINT('',(0.0161083923389723,-0.002,0.0056625056303205));
#7991=CARTESIAN_POINT('',(0.0198843037935354,0.0025,-0.00250708916281183));
#7992=CARTESIAN_POINT('',(0.0118903482525724,0.0025,-0.0066419017110547));
#7993=CARTESIAN_POINT('',(0.0118903609169631,0.002,-0.00664189516478252));
#7994=CARTESIAN_POINT('',(0.0118903673129576,-0.002,-0.00664190753839927));
#7995=CARTESIAN_POINT('',(0.0118903482560715,0.002,-0.00664190171781957));
#7996=CARTESIAN_POINT('',(0.011333803999487,0.002,-0.00556591822822241));
#7997=CARTESIAN_POINT('',(0.0106614278864851,0.002,-0.00318670798157145));
#7998=CARTESIAN_POINT('',(0.0111361017488283,0.002,0.000491847423746135));
#7999=CARTESIAN_POINT('',(0.0130181061442482,0.002,0.00368796140813461));
#8000=CARTESIAN_POINT('',(0.0150087501503301,0.002,0.00515427224699326));
#8001=CARTESIAN_POINT('',(0.0161083753203437,0.002,0.00566251083751499));
#8002=CARTESIAN_POINT('',(0.0161083753203437,-0.002,0.00566251083751501));
#8003=CARTESIAN_POINT('',(0.0150087501503302,-0.002,0.00515427224699327));
#8004=CARTESIAN_POINT('',(0.0130181061442482,-0.002,0.00368796140813461));
#8005=CARTESIAN_POINT('',(0.0111361017488283,-0.002,0.000491847423746129));
#8006=CARTESIAN_POINT('',(0.0106614278864851,-0.002,-0.00318670798157147));
#8007=CARTESIAN_POINT('',(0.011333803999487,-0.002,-0.00556591822822245));
#8008=CARTESIAN_POINT('',(0.0118903482560715,-0.002,-0.00664190171781961));
#8009=CARTESIAN_POINT('',(0.0179624775474303,0.0025,-0.00849833793827671));
#8010=CARTESIAN_POINT('',(0.0240345208647313,0.002,-0.0103547478795217));
#8011=CARTESIAN_POINT('',(0.0199864665778479,0.002,-0.00911713348381115));
#8012=CARTESIAN_POINT('',(0.0159384122909646,0.002,-0.00787951908810064));
#8013=CARTESIAN_POINT('',(0.0118903580040812,0.002,-0.00664190469239013));
#8014=CARTESIAN_POINT('',(0.0118903673129576,-0.002,-0.00664190753839927));
#8015=CARTESIAN_POINT('',(0.015938425045367,-0.002,-0.0078795229875128));
#8016=CARTESIAN_POINT('',(0.0199864827777764,-0.002,-0.00911713843662632));
#8017=CARTESIAN_POINT('',(0.0240345405101858,-0.002,-0.0103547538857398));
#8018=CARTESIAN_POINT('',(-0.0417431452261655,0.0025,0.));
#8019=CARTESIAN_POINT('',(0.0230550652974434,0.0025,-0.0105781441396136));
#8020=CARTESIAN_POINT('',(0.021891120954687,0.0025,-0.0115872300274962));
#8021=CARTESIAN_POINT('',(0.0192686547957273,0.0025,-0.0131936262423016));
#8022=CARTESIAN_POINT('',(0.0147354867448104,0.0025,-0.014227638986784));
#8023=CARTESIAN_POINT('',(0.0101195387761302,0.0025,-0.0137454226441399));
#8024=CARTESIAN_POINT('',(0.00590104951428374,0.0025,-0.011806432404908));
#8025=CARTESIAN_POINT('',(0.00253020371612673,0.0025,-0.00861419375338875));
#8026=CARTESIAN_POINT('',(0.000363995108901355,0.0025,-0.00450802966982263));
#8027=CARTESIAN_POINT('',(-0.000367536201082731,0.0025,7.65143394259711E-5));
#8028=CARTESIAN_POINT('',(0.000413182965921279,0.0025,0.00465293140129291));
#8029=CARTESIAN_POINT('',(0.0026233247171769,0.0025,0.0087356251104698));
#8030=CARTESIAN_POINT('',(0.00602836418156015,0.0025,0.0118913960443495));
#8031=CARTESIAN_POINT('',(0.0102670068371104,0.0025,0.0137853201094223));
#8032=CARTESIAN_POINT('',(0.0148894425117943,0.0025,0.014216680937028));
#8033=CARTESIAN_POINT('',(0.0194053644437106,0.0025,0.0131387817114131));
#8034=CARTESIAN_POINT('',(0.0233349195730401,0.0025,0.0106694511742698));
#8035=CARTESIAN_POINT('',(0.0262636403455798,0.0025,0.00705782294975365));
#8036=CARTESIAN_POINT('',(0.0273355076577144,0.0025,0.00417608799480055));
#8037=CARTESIAN_POINT('',(0.027628650721303,0.0025,0.00266325506274132));
#8038=CARTESIAN_POINT('',(0.023055065297414,0.0025,-0.0105781441397108));
#8039=CARTESIAN_POINT('',(0.027628650721303,0.0025,0.00266325506274132));
#8040=CARTESIAN_POINT('',(0.0276286507213311,0.0025,0.00266325506274571));
#8041=CARTESIAN_POINT('',(0.0237773543201692,0.0025,0.00384071453597221));
#8042=CARTESIAN_POINT('',(0.0199260579190073,0.0025,0.00501817400919872));
#8043=CARTESIAN_POINT('',(0.0160747615178453,0.0025,0.00619563348242523));
#8044=CARTESIAN_POINT('',(0.0160747613867848,0.0025,0.00619563378182847));
#8045=CARTESIAN_POINT('',(0.0160747613867849,0.0025,0.00619563378182847));
#8046=CARTESIAN_POINT('',(0.0154649359404748,0.0025,0.00592868791752065));
#8047=CARTESIAN_POINT('',(0.0143279481686381,0.0025,0.00528612825685344));
#8048=CARTESIAN_POINT('',(0.0123462702233193,0.0025,0.00353157180866585));
#8049=CARTESIAN_POINT('',(0.0106329770154688,0.0025,0.000653737002970099));
#8050=CARTESIAN_POINT('',(0.0102273039453137,0.0025,-0.00267127051274996));
#8051=CARTESIAN_POINT('',(0.0107206996028105,0.0025,-0.00527076995577846));
#8052=CARTESIAN_POINT('',(0.0112269812907186,0.0025,-0.00647499281528211));
#8053=CARTESIAN_POINT('',(0.0115461065032443,0.0025,-0.00705950236332251));
#8054=CARTESIAN_POINT('',(0.0115461065032444,0.0025,-0.00705950236332251));
#8055=CARTESIAN_POINT('',(0.0115461065486055,0.0025,-0.00705950233855797));
#8056=CARTESIAN_POINT('',(0.0153824261315417,0.0025,-0.00823238293894225));
#8057=CARTESIAN_POINT('',(0.0192187457144778,0.0025,-0.00940526353932654));
#8058=CARTESIAN_POINT('',(0.023055065297414,0.0025,-0.0105781441397108));
#8059=CARTESIAN_POINT('',(-0.0417431452261655,-0.0025,0.));
#8060=CARTESIAN_POINT('',(0.0115461064779246,-0.0025,-0.00705950231694679));
#8061=CARTESIAN_POINT('',(0.0112271054795747,-0.0025,-0.00647522027178563));
#8062=CARTESIAN_POINT('',(0.0107209777745483,-0.0025,-0.00527128556995488));
#8063=CARTESIAN_POINT('',(0.0102271551365675,-0.0025,-0.00267096739588004));
#8064=CARTESIAN_POINT('',(0.0106329255064706,-0.0025,0.000653586191603229));
#8065=CARTESIAN_POINT('',(0.0123465732940088,-0.0025,0.00353172035010592));
#8066=CARTESIAN_POINT('',(0.0143274123900108,-0.0025,0.00528589044318035));
#8067=CARTESIAN_POINT('',(0.0154646981858233,-0.0025,0.0059285838133053));
#8068=CARTESIAN_POINT('',(0.0160747610379751,-0.0025,0.00619563362913997));
#8069=CARTESIAN_POINT('',(0.0115461064779246,-0.0025,-0.00705950231694679));
#8070=CARTESIAN_POINT('',(0.0160747610379751,-0.0025,0.00619563362913997));
#8071=CARTESIAN_POINT('',(0.0160747610379786,-0.0025,0.00619563362913522));
#8072=CARTESIAN_POINT('',(0.0199260575990857,-0.0025,0.00501817410700856));
#8073=CARTESIAN_POINT('',(0.0237773541601928,-0.0025,0.00384071458488189));
#8074=CARTESIAN_POINT('',(0.0276286507212999,-0.0025,0.00266325506275523));
#8075=CARTESIAN_POINT('',(0.0276286507213003,-0.0025,0.00266325506275533));
#8076=CARTESIAN_POINT('',(0.0276286507213003,-0.0025,0.00266325506275533));
#8077=CARTESIAN_POINT('',(0.0273356049258618,-0.0025,0.00417558601990413));
#8078=CARTESIAN_POINT('',(0.0262635952032675,-0.0025,0.00705805591713627));
#8079=CARTESIAN_POINT('',(0.0233349316688648,-0.0025,0.0106693887508583));
#8080=CARTESIAN_POINT('',(0.0194053612026454,-0.0025,0.0131387984377466));
#8081=CARTESIAN_POINT('',(0.0148894433801241,-0.0025,0.0142166764551505));
#8082=CARTESIAN_POINT('',(0.0102670066047317,-0.0025,0.0137853213106079));
#8083=CARTESIAN_POINT('',(0.00602836424261442,-0.0025,0.0118913957214507));
#8084=CARTESIAN_POINT('',(0.00262332470521796,-0.0025,0.00873562520079999));
#8085=CARTESIAN_POINT('',(0.00041318295260799,-0.0025,0.00465293136274894));
#8086=CARTESIAN_POINT('',(-0.000367536135924294,-0.0025,7.65144031163231E-5));
#8087=CARTESIAN_POINT('',(0.000363994861579978,-0.0025,-0.00450802988621427));
#8088=CARTESIAN_POINT('',(0.00253020464031201,-0.0025,-0.00861419295168713));
#8089=CARTESIAN_POINT('',(0.00590104606498101,-0.0025,-0.0118064353954773));
#8090=CARTESIAN_POINT('',(0.0101195516493251,-0.0025,-0.0137454114836784));
#8091=CARTESIAN_POINT('',(0.0147354387015402,-0.0025,-0.014227680638117));
#8092=CARTESIAN_POINT('',(0.0192688340958364,-0.0025,-0.0131934707974176));
#8093=CARTESIAN_POINT('',(0.0218907346167565,-0.0025,-0.0115875649646115));
#8094=CARTESIAN_POINT('',(0.0230550652974739,-0.0025,-0.010578144139587));
#8095=CARTESIAN_POINT('',(0.0230550652974484,-0.0025,-0.0105781441397213));
#8096=CARTESIAN_POINT('',(0.0230550652974484,-0.0025,-0.0105781441397213));
#8097=CARTESIAN_POINT('',(0.0192187456909394,-0.0025,-0.00940526353213013));
#8098=CARTESIAN_POINT('',(0.0153824260844305,-0.0025,-0.00823238292453893));
#8099=CARTESIAN_POINT('',(0.0115461064779215,-0.0025,-0.00705950231694774));
#8100=CARTESIAN_POINT('',(-0.0961156962064646,0.0025,1.12757025938492E-17));
#8101=CARTESIAN_POINT('',(-0.0872713634496468,0.,0.0133333333449171));
#8102=CARTESIAN_POINT('',(-0.087035665682192,0.000161715019790914,0.0131769891336473));
#8103=CARTESIAN_POINT('',(-0.0865740271729063,0.000465901566848878,0.0128518626293024));
#8104=CARTESIAN_POINT('',(-0.0859487390703313,0.00084436566029172,0.0123641006444794));
#8105=CARTESIAN_POINT('',(-0.0852768061426707,0.00120526977530798,0.0117801574128231));
#8106=CARTESIAN_POINT('',(-0.084465711989354,0.00157787784180791,0.0109934405809983));
#8107=CARTESIAN_POINT('',(-0.0834506374335961,0.00191539735449005,0.00983619279425863));
#8108=CARTESIAN_POINT('',(-0.0827574399159198,0.00199999999990316,0.00882845083134271));
#8109=CARTESIAN_POINT('',(-0.0824358178755583,0.002,0.00829824854120438));
#8110=CARTESIAN_POINT('',(-0.0872713634496468,0.,0.0133333333449171));
#8111=CARTESIAN_POINT('',(-0.0824358178755583,0.002,0.00829824854120442));
#8112=CARTESIAN_POINT('',(-0.0835775870634593,0.002,0.0101804847136818));
#8113=CARTESIAN_POINT('',(-0.0866485174975537,0.002,0.0134658537642463));
#8114=CARTESIAN_POINT('',(-0.092845633852342,0.002,0.01613282983278));
#8115=CARTESIAN_POINT('',(-0.0995921242467472,0.002,0.0160894729058245));
#8116=CARTESIAN_POINT('',(-0.103699972602931,0.002,0.0142592146147476));
#8117=CARTESIAN_POINT('',(-0.105484554549001,0.002,0.0129701385249919));
#8118=CARTESIAN_POINT('',(-0.105484554577626,0.002,0.012970138504315));
#8119=CARTESIAN_POINT('',(-0.105484554577626,0.0025,0.012970138504315));
#8120=CARTESIAN_POINT('',(-0.10548447726167,-0.002,0.0129701050485217));
#8121=CARTESIAN_POINT('',(-0.105484519651482,-0.002,0.0129701637328174));
#8122=CARTESIAN_POINT('',(-0.103699937145156,-0.002,0.0142592329203199));
#8123=CARTESIAN_POINT('',(-0.0995920914562596,-0.002,0.0160894784331989));
#8124=CARTESIAN_POINT('',(-0.0928456124515533,-0.002,0.0161328239400727));
#8125=CARTESIAN_POINT('',(-0.0866485093163365,-0.002,0.013465846151377));
#8126=CARTESIAN_POINT('',(-0.083577585202852,-0.002,0.0101804816464224));
#8127=CARTESIAN_POINT('',(-0.0824358178755583,-0.002,0.00829824854120442));
#8128=CARTESIAN_POINT('',(-0.0824358178755583,-0.002,0.00829824854120439));
#8129=CARTESIAN_POINT('',(-0.0827574290778415,-0.00199999999990316,0.00882843296448893));
#8130=CARTESIAN_POINT('',(-0.0834505904831149,-0.0019154052440273,0.00983614000747975));
#8131=CARTESIAN_POINT('',(-0.0844657585010286,-0.00157785614558041,0.0109934843084652));
#8132=CARTESIAN_POINT('',(-0.0852767318117525,-0.00120530725061009,0.0117800892607382));
#8133=CARTESIAN_POINT('',(-0.0859487680039026,-0.000844349172441393,0.0123641257548501));
#8134=CARTESIAN_POINT('',(-0.0865739857695389,-0.000465930042948238,0.0128518303399039));
#8135=CARTESIAN_POINT('',(-0.0870356495179658,-0.000161726110257235,0.0131769784115127));
#8136=CARTESIAN_POINT('',(-0.0872713634496468,0.,0.0133333333449171));
#8137=CARTESIAN_POINT('',(-0.104032494651342,0.0025,-0.00618150171935011));
#8138=CARTESIAN_POINT('',(-0.0961943950568169,0.0025,-0.00957316692591885));
#8139=CARTESIAN_POINT('',(-0.0961944069546879,0.002,-0.00957316177752866));
#8140=CARTESIAN_POINT('',(-0.09619439961496,-0.002,-0.00957315802069246));
#8141=CARTESIAN_POINT('',(-0.0961944069546879,0.002,-0.00957316177752861));
#8142=CARTESIAN_POINT('',(-0.101419781948009,0.002,-0.00731206234361727));
#8143=CARTESIAN_POINT('',(-0.10664515694133,0.002,-0.00505096290970592));
#8144=CARTESIAN_POINT('',(-0.111870531934651,0.002,-0.00278986347579457));
#8145=CARTESIAN_POINT('',(-0.11187050478921,-0.002,-0.00278987522204059));
#8146=CARTESIAN_POINT('',(-0.106645137240067,-0.002,-0.00505097143474267));
#8147=CARTESIAN_POINT('',(-0.101419769690924,-0.002,-0.00731206764744475));
#8148=CARTESIAN_POINT('',(-0.0961944021417809,-0.002,-0.00957316386014683));
#8149=CARTESIAN_POINT('',(-0.102115696206465,0.0025,0.002));
#8150=CARTESIAN_POINT('',(-0.0898083553885766,0.0025,0.00618680809117751));
#8151=CARTESIAN_POINT('',(-0.0898083664059329,0.002,0.00618681285855556));
#8152=CARTESIAN_POINT('',(-0.0898083553885766,-0.002,0.00618680809117751));
#8153=CARTESIAN_POINT('',(-0.0898083553894807,0.002,0.00618680809383501));
#8154=CARTESIAN_POINT('',(-0.0888134395563381,0.002,0.00326220109770131));
#8155=CARTESIAN_POINT('',(-0.0890056554003135,0.002,-0.00331226988331615));
#8156=CARTESIAN_POINT('',(-0.0934442506161722,0.002,-0.0081660815937838));
#8157=CARTESIAN_POINT('',(-0.0961943950597784,0.002,-0.00957316692743403));
#8158=CARTESIAN_POINT('',(-0.0961943950597784,-0.002,-0.00957316692743403));
#8159=CARTESIAN_POINT('',(-0.0934442506161722,-0.002,-0.0081660815937838));
#8160=CARTESIAN_POINT('',(-0.0890056554003136,-0.002,-0.00331226988331615));
#8161=CARTESIAN_POINT('',(-0.0888134395563381,-0.002,0.00326220109770131));
#8162=CARTESIAN_POINT('',(-0.0898083553894807,-0.002,0.00618680809383501));
#8163=CARTESIAN_POINT('',(-0.0976464549831014,0.0025,0.00957847329774624));
#8164=CARTESIAN_POINT('',(-0.105484554577621,0.002,0.0129701385043127));
#8165=CARTESIAN_POINT('',(-0.100259158520392,0.002,0.010709029955727));
#8166=CARTESIAN_POINT('',(-0.0950337624631622,0.002,0.00844792140714127));
#8167=CARTESIAN_POINT('',(-0.0898083664059329,0.002,0.00618681285855556));
#8168=CARTESIAN_POINT('',(-0.0898083553885593,-0.002,0.00618680809117003));
#8169=CARTESIAN_POINT('',(-0.0950337293462628,-0.002,0.00844790707695394));
#8170=CARTESIAN_POINT('',(-0.100259103303966,-0.002,0.0107090060627379));
#8171=CARTESIAN_POINT('',(-0.10548447726167,-0.002,0.0129701050485218));
#8172=CARTESIAN_POINT('',(-0.0417431452261655,-0.0025,0.));
#8173=CARTESIAN_POINT('',(-0.111184247769974,-0.0025,-0.00363163238473524));
#8174=CARTESIAN_POINT('',(-0.110799515078649,-0.0025,-0.00522798459863275));
#8175=CARTESIAN_POINT('',(-0.109537702669251,-0.0025,-0.00825407661776749));
#8176=CARTESIAN_POINT('',(-0.106313605391228,-0.0025,-0.0120156054811889));
#8177=CARTESIAN_POINT('',(-0.102086815098383,-0.0025,-0.0145833915259237));
#8178=CARTESIAN_POINT('',(-0.0972709492172728,-0.0025,-0.0157165526313589));
#8179=CARTESIAN_POINT('',(-0.092341398959459,-0.0025,-0.0153001534405059));
#8180=CARTESIAN_POINT('',(-0.0877837622468794,-0.0025,-0.0133761042198725));
#8181=CARTESIAN_POINT('',(-0.0840472522766281,-0.0025,-0.0101337865801782));
#8182=CARTESIAN_POINT('',(-0.0815000870133655,-0.0025,-0.00589279395582418));
#8183=CARTESIAN_POINT('',(-0.0803932984639108,-0.0025,-0.00107106321081913));
#8184=CARTESIAN_POINT('',(-0.0808359447497481,-0.0025,0.00385622779611586));
#8185=CARTESIAN_POINT('',(-0.0827844597238031,-0.0025,0.0084034582385981));
#8186=CARTESIAN_POINT('',(-0.0860466057662707,-0.0025,0.0121226313408131));
#8187=CARTESIAN_POINT('',(-0.0903016841762887,-0.0025,0.0146467197249328));
#8188=CARTESIAN_POINT('',(-0.0951274195189629,-0.0025,0.0157288466040358));
#8189=CARTESIAN_POINT('',(-0.100059192102685,-0.0025,0.0152553782921139));
#8190=CARTESIAN_POINT('',(-0.103066449745688,-0.0025,0.013951167022467));
#8191=CARTESIAN_POINT('',(-0.104451276814865,-0.0025,0.0130678267481956));
#8192=CARTESIAN_POINT('',(-0.111184247769974,-0.0025,-0.00363163238473524));
#8193=CARTESIAN_POINT('',(-0.104451276814865,-0.0025,0.0130678267481956));
#8194=CARTESIAN_POINT('',(-0.10445127681496,-0.0025,0.0130678267482861));
#8195=CARTESIAN_POINT('',(-0.0994370731334256,-0.0025,0.0108981043608354));
#8196=CARTESIAN_POINT('',(-0.0944228694518914,-0.0025,0.00872838197338471));
#8197=CARTESIAN_POINT('',(-0.0894086657703571,-0.0025,0.00655865958593401));
#8198=CARTESIAN_POINT('',(-0.0894086657607569,-0.0025,0.00655865958938122));
#8199=CARTESIAN_POINT('',(-0.089408665760757,-0.0025,0.00655865958938122));
#8200=CARTESIAN_POINT('',(-0.0891282853512337,-0.0025,0.00577711353832228));
#8201=CARTESIAN_POINT('',(-0.0887164650664766,-0.0025,0.00419376568160452));
#8202=CARTESIAN_POINT('',(-0.0884856166258004,-0.0025,0.000896039164883081));
#8203=CARTESIAN_POINT('',(-0.0893252476133258,-0.0025,-0.00319050794719406));
#8204=CARTESIAN_POINT('',(-0.0915712231220643,-0.0025,-0.00670680418330478));
#8205=CARTESIAN_POINT('',(-0.0940340572567813,-0.0025,-0.00891063239295527));
#8206=CARTESIAN_POINT('',(-0.0954330921571101,-0.0025,-0.00975936467270807));
#8207=CARTESIAN_POINT('',(-0.0961790474052064,-0.0025,-0.0101246113756491));
#8208=CARTESIAN_POINT('',(-0.096179047405211,-0.0025,-0.0101246113756411));
#8209=CARTESIAN_POINT('',(-0.096179047405211,-0.0025,-0.0101246113756411));
#8210=CARTESIAN_POINT('',(-0.10118078086021,-0.0025,-0.00796028504535307));
#8211=CARTESIAN_POINT('',(-0.106182514315208,-0.0025,-0.00579595871506505));
#8212=CARTESIAN_POINT('',(-0.111184247770207,-0.0025,-0.00363163238477702));
#8213=CARTESIAN_POINT('',(-0.0612911359077329,-0.002,0.00350000000000005));
#8214=CARTESIAN_POINT('',(-0.0663137309770595,-0.002,0.00350000000000005));
#8215=CARTESIAN_POINT('',(-0.0713348980975683,-0.002,0.00427815980655411));
#8216=CARTESIAN_POINT('',(-0.0805071460421735,-0.002,0.00719086739695609));
#8217=CARTESIAN_POINT('',(-0.084694166673584,-0.002,0.00920573383667404));
#8218=CARTESIAN_POINT('',(-0.0885201769029193,-0.002,0.0117621915404578));
#8219=CARTESIAN_POINT('',(-0.0612911359077329,-0.002,0.0055));
#8220=CARTESIAN_POINT('',(-0.0661087270966692,-0.002,0.00549999999999569));
#8221=CARTESIAN_POINT('',(-0.070924948620445,-0.002,0.00624639818179822));
#8222=CARTESIAN_POINT('',(-0.0797228190978989,-0.002,0.00904021974809943));
#8223=CARTESIAN_POINT('',(-0.0837389409280685,-0.002,0.0109728467412673));
#8224=CARTESIAN_POINT('',(-0.087408787474552,-0.002,0.0134249592326759));
#8225=CARTESIAN_POINT('',(-0.0612911359077329,0.,0.0055));
#8226=CARTESIAN_POINT('',(-0.0661087270966705,0.,0.0055));
#8227=CARTESIAN_POINT('',(-0.0709249486204433,0.,0.00624639818180362));
#8228=CARTESIAN_POINT('',(-0.0797228190979005,0.,0.00904021974809449));
#8229=CARTESIAN_POINT('',(-0.0837389409280388,0.,0.0109728467413107));
#8230=CARTESIAN_POINT('',(-0.0874087874745445,0.,0.0134249592326869));
#8231=CARTESIAN_POINT('',(-0.0612911359077329,-1.99004822791104E-19,0.0055));
#8232=CARTESIAN_POINT('',(-0.0612911359077329,-0.00133333333333332,0.0055));
#8233=CARTESIAN_POINT('',(-0.0612911359077329,-0.00199999999999998,0.00483333333333335));
#8234=CARTESIAN_POINT('',(-0.0612911359077329,-0.002,0.00350000000000005));
#8235=CARTESIAN_POINT('',(-0.0612911359077329,0.,0.0055));
#8236=CARTESIAN_POINT('',(-0.0612911359077329,0.,0.0055));
#8237=CARTESIAN_POINT('',(-0.0658793286149073,0.,0.0055));
#8238=CARTESIAN_POINT('',(-0.0750543530373521,0.,0.00685296269001181));
#8239=CARTESIAN_POINT('',(-0.0834475388119037,0.,0.0107979565377213));
#8240=CARTESIAN_POINT('',(-0.087271293347769,0.,0.0133334390653799));
#8241=CARTESIAN_POINT('',(-0.0612911359077329,-1.99004822791104E-19,0.0055));
#8242=CARTESIAN_POINT('',(-0.0104878114203724,-1.99004822791104E-19,0.0055));
#8243=CARTESIAN_POINT('',(-0.0612911359077329,-0.00133333333333333,0.0055));
#8244=CARTESIAN_POINT('',(-0.0104878114203724,-0.00133333333333333,0.0055));
#8245=CARTESIAN_POINT('',(-0.0612911359077329,-0.002,0.00483333333333334));
#8246=CARTESIAN_POINT('',(-0.0104878114203725,-0.002,0.00483333333333334));
#8247=CARTESIAN_POINT('',(-0.0612911359077329,-0.002,0.0035));
#8248=CARTESIAN_POINT('',(-0.0104878114203725,-0.002,0.0035));
#8249=CARTESIAN_POINT('',(-0.0104878114203724,-0.002,0.0035));
#8250=CARTESIAN_POINT('',(-0.0104878114203725,-0.002,0.00483333333333334));
#8251=CARTESIAN_POINT('',(-0.0104878114203724,-0.00133333333333333,0.0055));
#8252=CARTESIAN_POINT('',(-0.0104878114203724,-1.99004822791104E-19,0.0055));
#8253=CARTESIAN_POINT('',(-0.0104878114203724,0.,0.0055));
#8254=CARTESIAN_POINT('',(-0.0104878114203724,-1.99004822791104E-19,0.0055));
#8255=CARTESIAN_POINT('',(-0.0274222529161593,-1.99004822791104E-19,0.0055));
#8256=CARTESIAN_POINT('',(-0.0443566944119461,-1.99004822791104E-19,0.0055));
#8257=CARTESIAN_POINT('',(-0.0612911359077329,-1.99004822791104E-19,0.0055));
#8258=CARTESIAN_POINT('',(-0.0612911359077329,0.,0.0055));
#8259=CARTESIAN_POINT('',(-0.0661087270966705,0.,0.0055));
#8260=CARTESIAN_POINT('',(-0.0709249486204433,0.,0.00624639818180362));
#8261=CARTESIAN_POINT('',(-0.0797228190979005,0.,0.00904021974809449));
#8262=CARTESIAN_POINT('',(-0.0837389409280388,0.,0.0109728467413107));
#8263=CARTESIAN_POINT('',(-0.0874087874745445,0.,0.0134249592326869));
#8264=CARTESIAN_POINT('',(-0.0612911359077329,0.002,0.0055));
#8265=CARTESIAN_POINT('',(-0.0661087270966692,0.002,0.00549999999999569));
#8266=CARTESIAN_POINT('',(-0.070924948620445,0.002,0.00624639818179822));
#8267=CARTESIAN_POINT('',(-0.0797228190978989,0.002,0.00904021974809943));
#8268=CARTESIAN_POINT('',(-0.0837389409280685,0.002,0.0109728467412673));
#8269=CARTESIAN_POINT('',(-0.087408787474552,0.002,0.0134249592326759));
#8270=CARTESIAN_POINT('',(-0.0612911359077329,0.002,0.00350000000000005));
#8271=CARTESIAN_POINT('',(-0.0663137309770595,0.002,0.00350000000000005));
#8272=CARTESIAN_POINT('',(-0.0713348980975683,0.002,0.00427815980655411));
#8273=CARTESIAN_POINT('',(-0.0805071460421735,0.002,0.00719086739695609));
#8274=CARTESIAN_POINT('',(-0.084694166673584,0.002,0.00920573383667404));
#8275=CARTESIAN_POINT('',(-0.0885201769029193,0.002,0.0117621915404578));
#8276=CARTESIAN_POINT('',(-0.0612911359077329,0.002,0.00350000000000005));
#8277=CARTESIAN_POINT('',(-0.061291135907733,0.00199999999999998,0.00483333333333335));
#8278=CARTESIAN_POINT('',(-0.0612911359077329,0.00133333333333332,0.0055));
#8279=CARTESIAN_POINT('',(-0.0612911359077329,7.00755360327563E-20,0.0055));
#8280=CARTESIAN_POINT('',(0.0058407039341263,-0.002,0.00956923272935204));
#8281=CARTESIAN_POINT('',(0.00369266872983929,-0.002,0.00771745739733882));
#8282=CARTESIAN_POINT('',(0.00122834510055346,-0.002,0.00623402224774435));
#8283=CARTESIAN_POINT('',(-0.00429830873382416,-0.002,0.00408134808646942));
#8284=CARTESIAN_POINT('',(-0.00739212532378644,-0.002,0.00349999999998924));
#8285=CARTESIAN_POINT('',(-0.0104878114203724,-0.002,0.0035));
#8286=CARTESIAN_POINT('',(0.00453442270576662,-0.002,0.0110836941110036));
#8287=CARTESIAN_POINT('',(0.00255823031782319,-0.002,0.00938006080555052));
#8288=CARTESIAN_POINT('',(0.000291052578879244,-0.002,0.00801530046792549));
#8289=CARTESIAN_POINT('',(-0.00479346894874785,-0.002,0.00603484023955111));
#8290=CARTESIAN_POINT('',(-0.00763978021151344,-0.00200000000000201,0.00549999999999326));
#8291=CARTESIAN_POINT('',(-0.0104878114203724,-0.002,0.0055));
#8292=CARTESIAN_POINT('',(0.00453442270576659,0.,0.0110836941110035));
#8293=CARTESIAN_POINT('',(0.00255823031782306,0.,0.00938006080555048));
#8294=CARTESIAN_POINT('',(0.000291052578879005,0.,0.00801530046792611));
#8295=CARTESIAN_POINT('',(-0.0047934689487476,0.,0.00603484023955044));
#8296=CARTESIAN_POINT('',(-0.00763978021151364,0.,0.0055));
#8297=CARTESIAN_POINT('',(-0.0104878114203724,0.,0.0055));
#8298=CARTESIAN_POINT('',(0.00446033434378603,0.,0.011020099337811));
#8299=CARTESIAN_POINT('',(0.00239856569495659,0.,0.00925798109488727));
#8300=CARTESIAN_POINT('',(-0.00235228049071138,0.,0.00646928518389076));
#8301=CARTESIAN_POINT('',(-0.00777538741656301,0.,0.0055));
#8302=CARTESIAN_POINT('',(-0.0104878114203724,0.,0.0055));
#8303=CARTESIAN_POINT('',(-0.0104878114203724,-2.00776257073798E-19,0.0055));
#8304=CARTESIAN_POINT('',(-0.0612911359077329,-2.00776257073798E-19,0.0055));
#8305=CARTESIAN_POINT('',(-0.0104878114203724,0.00133333333333333,0.00550000000000001));
#8306=CARTESIAN_POINT('',(-0.0612911359077329,0.00133333333333333,0.00550000000000001));
#8307=CARTESIAN_POINT('',(-0.0104878114203725,0.002,0.00483333333333334));
#8308=CARTESIAN_POINT('',(-0.061291135907733,0.002,0.00483333333333334));
#8309=CARTESIAN_POINT('',(-0.0104878114203724,0.002,0.0035));
#8310=CARTESIAN_POINT('',(-0.0612911359077329,0.002,0.0035));
#8311=CARTESIAN_POINT('',(-0.0104878114203724,1.35977022436944E-20,0.0055));
#8312=CARTESIAN_POINT('',(-0.0104878114203724,0.00133333333333333,0.0055));
#8313=CARTESIAN_POINT('',(-0.0104878114203725,0.002,0.00483333333333334));
#8314=CARTESIAN_POINT('',(-0.0104878114203724,0.002,0.0035));
#8315=CARTESIAN_POINT('',(0.00453442270576659,0.,0.0110836941110035));
#8316=CARTESIAN_POINT('',(0.00255823031782306,0.,0.00938006080555048));
#8317=CARTESIAN_POINT('',(0.000291052578879005,0.,0.00801530046792611));
#8318=CARTESIAN_POINT('',(-0.0047934689487476,0.,0.00603484023955044));
#8319=CARTESIAN_POINT('',(-0.00763978021151364,0.,0.0055));
#8320=CARTESIAN_POINT('',(-0.0104878114203724,0.,0.0055));
#8321=CARTESIAN_POINT('',(0.00453442270576662,0.002,0.0110836941110036));
#8322=CARTESIAN_POINT('',(0.00255823031782319,0.002,0.00938006080555052));
#8323=CARTESIAN_POINT('',(0.000291052578879244,0.002,0.00801530046792549));
#8324=CARTESIAN_POINT('',(-0.00479346894874785,0.002,0.00603484023955111));
#8325=CARTESIAN_POINT('',(-0.00763978021151344,0.00200000000000201,0.00549999999999326));
#8326=CARTESIAN_POINT('',(-0.0104878114203724,0.002,0.0055));
#8327=CARTESIAN_POINT('',(0.0058407039341263,0.002,0.00956923272935204));
#8328=CARTESIAN_POINT('',(0.00369266872983929,0.002,0.00771745739733882));
#8329=CARTESIAN_POINT('',(0.00122834510055346,0.002,0.00623402224774435));
#8330=CARTESIAN_POINT('',(-0.00429830873382416,0.002,0.00408134808646942));
#8331=CARTESIAN_POINT('',(-0.00739212532378644,0.002,0.00349999999998924));
#8332=CARTESIAN_POINT('',(-0.0104878114203724,0.002,0.0035));
#8333=CARTESIAN_POINT('',(-0.0885201768846436,-0.002,-0.0117621915282574));
#8334=CARTESIAN_POINT('',(-0.0846941666602375,-0.002,-0.00920573383029354));
#8335=CARTESIAN_POINT('',(-0.080507146035176,-0.002,-0.0071908673947382));
#8336=CARTESIAN_POINT('',(-0.071334898097586,-0.002,-0.00427815980655493));
#8337=CARTESIAN_POINT('',(-0.0663137309770462,-0.002,-0.0035));
#8338=CARTESIAN_POINT('',(-0.0612911359077329,-0.002,-0.0035));
#8339=CARTESIAN_POINT('',(-0.0874087874570217,-0.002,-0.0134249592209746));
#8340=CARTESIAN_POINT('',(-0.0837389409152645,-0.002,-0.0109728467351516));
#8341=CARTESIAN_POINT('',(-0.0797228190911844,-0.002,-0.00904021974597342));
#8342=CARTESIAN_POINT('',(-0.0709249486204648,-0.002,-0.00624639818179754));
#8343=CARTESIAN_POINT('',(-0.0661087270966544,-0.002,-0.0055));
#8344=CARTESIAN_POINT('',(-0.0612911359077329,-0.002,-0.0055));
#8345=CARTESIAN_POINT('',(-0.0874087874570201,0.,-0.0134249592209777));
#8346=CARTESIAN_POINT('',(-0.0837389409152586,0.,-0.0109728467351631));
#8347=CARTESIAN_POINT('',(-0.0797228190911878,0.,-0.00904021974596274));
#8348=CARTESIAN_POINT('',(-0.0709249486204611,0.,-0.0062463981818092));
#8349=CARTESIAN_POINT('',(-0.0661087270966572,0.,-0.0055));
#8350=CARTESIAN_POINT('',(-0.0612911359077329,0.,-0.0055));
#8351=CARTESIAN_POINT('',(-0.0872712933303084,0.,-0.0133334390538022));
#8352=CARTESIAN_POINT('',(-0.0834475387962248,0.,-0.0107979565297896));
#8353=CARTESIAN_POINT('',(-0.075054353026888,0.,-0.00685296268793261));
#8354=CARTESIAN_POINT('',(-0.0658793286114023,0.,-0.0055));
#8355=CARTESIAN_POINT('',(-0.0612911359077329,0.,-0.0055));
#8356=CARTESIAN_POINT('',(-0.0612911359077329,0.,-0.0055));
#8357=CARTESIAN_POINT('',(-0.0612911359077329,-0.002,-0.0035));
#8358=CARTESIAN_POINT('',(-0.0612911359077329,-0.00199999999999174,-0.00483333333332231));
#8359=CARTESIAN_POINT('',(-0.0612911359077329,-0.00133333333332507,-0.00549999999998898));
#8360=CARTESIAN_POINT('',(-0.0612911359077329,-5.61172274086063E-20,-0.0055));
#8361=CARTESIAN_POINT('',(-0.0874087874570201,0.,-0.0134249592209777));
#8362=CARTESIAN_POINT('',(-0.0837389409152586,0.,-0.0109728467351631));
#8363=CARTESIAN_POINT('',(-0.0797228190911878,0.,-0.00904021974596274));
#8364=CARTESIAN_POINT('',(-0.0709249486204611,0.,-0.0062463981818092));
#8365=CARTESIAN_POINT('',(-0.0661087270966572,0.,-0.0055));
#8366=CARTESIAN_POINT('',(-0.0612911359077329,0.,-0.0055));
#8367=CARTESIAN_POINT('',(-0.0874087874570217,0.002,-0.0134249592209746));
#8368=CARTESIAN_POINT('',(-0.0837389409152645,0.002,-0.0109728467351516));
#8369=CARTESIAN_POINT('',(-0.0797228190911844,0.002,-0.00904021974597342));
#8370=CARTESIAN_POINT('',(-0.0709249486204648,0.002,-0.00624639818179754));
#8371=CARTESIAN_POINT('',(-0.0661087270966544,0.002,-0.0055));
#8372=CARTESIAN_POINT('',(-0.0612911359077329,0.002,-0.0055));
#8373=CARTESIAN_POINT('',(-0.0885201768846436,0.002,-0.0117621915282574));
#8374=CARTESIAN_POINT('',(-0.0846941666602375,0.002,-0.00920573383029354));
#8375=CARTESIAN_POINT('',(-0.080507146035176,0.002,-0.0071908673947382));
#8376=CARTESIAN_POINT('',(-0.071334898097586,0.002,-0.00427815980655493));
#8377=CARTESIAN_POINT('',(-0.0663137309770462,0.002,-0.0035));
#8378=CARTESIAN_POINT('',(-0.0612911359077329,0.002,-0.0035));
#8379=CARTESIAN_POINT('',(-0.0612911359077329,1.99004822791104E-19,-0.0055));
#8380=CARTESIAN_POINT('',(-0.0612911359077329,0.00133333333333333,-0.0055));
#8381=CARTESIAN_POINT('',(-0.061291135907733,0.002,-0.00483333333333334));
#8382=CARTESIAN_POINT('',(-0.0612911359077329,0.002,-0.0035));
#8383=CARTESIAN_POINT('',(-0.0104878114203724,-1.32372592325665E-29,-0.0055));
#8384=CARTESIAN_POINT('',(-0.0612911359077329,-1.32372592325665E-29,-0.0055));
#8385=CARTESIAN_POINT('',(-0.0104878114203724,-0.00133333333332507,-0.00549999999998898));
#8386=CARTESIAN_POINT('',(-0.0612911359077329,-0.00133333333332507,-0.00549999999998898));
#8387=CARTESIAN_POINT('',(-0.0104878114203724,-0.00199999999999174,-0.00483333333332231));
#8388=CARTESIAN_POINT('',(-0.0612911359077329,-0.00199999999999174,-0.00483333333332231));
#8389=CARTESIAN_POINT('',(-0.0104878114203724,-0.002,-0.0035));
#8390=CARTESIAN_POINT('',(-0.0612911359077329,-0.002,-0.0035));
#8391=CARTESIAN_POINT('',(-0.0612911359077329,-9.48676901057189E-20,-0.0055));
#8392=CARTESIAN_POINT('',(-0.0443566944119461,-9.48676901075436E-20,-0.0055));
#8393=CARTESIAN_POINT('',(-0.0274222529161593,-1.32372592325665E-29,-0.0055));
#8394=CARTESIAN_POINT('',(-0.0104878114203724,-1.50620147055163E-29,-0.0055));
#8395=CARTESIAN_POINT('',(-0.0104878114203724,0.,-0.0055));
#8396=CARTESIAN_POINT('',(-0.0104878114203724,-1.39214597015878E-21,-0.0055));
#8397=CARTESIAN_POINT('',(-0.0104878114203724,-0.00133333333332507,-0.00549999999998898));
#8398=CARTESIAN_POINT('',(-0.0104878114203724,-0.00199999999999174,-0.00483333333332231));
#8399=CARTESIAN_POINT('',(-0.0104878114203724,-0.002,-0.0035));
#8400=CARTESIAN_POINT('',(-0.0612911359077329,-8.5003442311642E-20,-0.0055));
#8401=CARTESIAN_POINT('',(-0.0104878114203724,-8.5003442311642E-20,-0.0055));
#8402=CARTESIAN_POINT('',(-0.0612911359077329,0.00133333333333333,-0.0055));
#8403=CARTESIAN_POINT('',(-0.0104878114203724,0.00133333333333333,-0.0055));
#8404=CARTESIAN_POINT('',(-0.061291135907733,0.002,-0.00483333333333334));
#8405=CARTESIAN_POINT('',(-0.0104878114203725,0.002,-0.00483333333333334));
#8406=CARTESIAN_POINT('',(-0.0612911359077329,0.002,-0.0035));
#8407=CARTESIAN_POINT('',(-0.0104878114203724,0.002,-0.0035));
#8408=CARTESIAN_POINT('',(-0.0104878114203724,0.002,-0.0035));
#8409=CARTESIAN_POINT('',(-0.0104878114203725,0.002,-0.00483333333333334));
#8410=CARTESIAN_POINT('',(-0.0104878114203724,0.00133333333333333,-0.0055));
#8411=CARTESIAN_POINT('',(-0.0104878114203724,1.99004822791104E-19,-0.0055));
#8412=CARTESIAN_POINT('',(-0.0104878114203724,-0.002,-0.0035));
#8413=CARTESIAN_POINT('',(-0.00739212532378637,-0.002,-0.00349999999998926));
#8414=CARTESIAN_POINT('',(-0.00429830873382431,-0.002,-0.0040813480864649));
#8415=CARTESIAN_POINT('',(0.00122834510055544,-0.002,-0.00623402224774923));
#8416=CARTESIAN_POINT('',(0.00369266872983286,-0.002,-0.00771745739734976));
#8417=CARTESIAN_POINT('',(0.00584070393412847,-0.002,-0.00956923272935822));
#8418=CARTESIAN_POINT('',(-0.0104878114203724,-0.002,-0.0055));
#8419=CARTESIAN_POINT('',(-0.00763978021151392,-0.002,-0.00549999999999194));
#8420=CARTESIAN_POINT('',(-0.00479346894874727,-0.002,-0.0060348402395461));
#8421=CARTESIAN_POINT('',(0.000291052578880397,-0.002,-0.00801530046793076));
#8422=CARTESIAN_POINT('',(0.00255823031781645,-0.002,-0.00938006080556145));
#8423=CARTESIAN_POINT('',(0.00453442270576842,-0.002,-0.0110836941110094));
#8424=CARTESIAN_POINT('',(-0.0104878114203724,0.,-0.0055));
#8425=CARTESIAN_POINT('',(-0.00763978021151269,0.,-0.0055));
#8426=CARTESIAN_POINT('',(-0.00479346894874892,0.,-0.00603484023954995));
#8427=CARTESIAN_POINT('',(0.000291052578881907,0.,-0.00801530046792725));
#8428=CARTESIAN_POINT('',(0.00255823031782598,0.,-0.00938006080555204));
#8429=CARTESIAN_POINT('',(0.00453442270577078,0.,-0.0110836941110072));
#8430=CARTESIAN_POINT('',(-0.0104878114203724,0.,-0.0055));
#8431=CARTESIAN_POINT('',(-0.00777538741028882,0.,-0.0055));
#8432=CARTESIAN_POINT('',(-0.00235228047191131,0.,-0.00646928518843152));
#8433=CARTESIAN_POINT('',(0.00239856572169131,0.,-0.00925798111186653));
#8434=CARTESIAN_POINT('',(0.00446033437239642,0.,-0.0110200993622632));
#8435=CARTESIAN_POINT('',(-0.0104878114203724,0.,-0.0055));
#8436=CARTESIAN_POINT('',(-0.00763978021151269,0.,-0.0055));
#8437=CARTESIAN_POINT('',(-0.00479346894874892,0.,-0.00603484023954995));
#8438=CARTESIAN_POINT('',(0.000291052578881907,0.,-0.00801530046792725));
#8439=CARTESIAN_POINT('',(0.00255823031782598,0.,-0.00938006080555204));
#8440=CARTESIAN_POINT('',(0.00453442270577078,0.,-0.0110836941110072));
#8441=CARTESIAN_POINT('',(-0.0104878114203724,0.002,-0.0055));
#8442=CARTESIAN_POINT('',(-0.00763978021151392,0.00200000000000201,-0.00549999999999328));
#8443=CARTESIAN_POINT('',(-0.00479346894874727,0.002,-0.0060348402395461));
#8444=CARTESIAN_POINT('',(0.000291052578880397,0.002,-0.00801530046793076));
#8445=CARTESIAN_POINT('',(0.00255823031781645,0.002,-0.00938006080556145));
#8446=CARTESIAN_POINT('',(0.00453442270576842,0.002,-0.0110836941110094));
#8447=CARTESIAN_POINT('',(-0.0104878114203724,0.002,-0.0035));
#8448=CARTESIAN_POINT('',(-0.00739212532378637,0.002,-0.00349999999998926));
#8449=CARTESIAN_POINT('',(-0.00429830873382431,0.002,-0.0040813480864649));
#8450=CARTESIAN_POINT('',(0.00122834510055544,0.002,-0.00623402224774923));
#8451=CARTESIAN_POINT('',(0.00369266872983286,0.002,-0.00771745739734976));
#8452=CARTESIAN_POINT('',(0.00584070393412847,0.002,-0.00956923272935822));
#8453=CARTESIAN_POINT('',(0.024108574235938,0.002,-0.0103773882671649));
#8454=CARTESIAN_POINT('',(0.0116182389590806,0.002,-0.0065587095513243));
#8455=CARTESIAN_POINT('',(0.0241085742359399,0.00233333333333292,-0.0103773882671649));
#8456=CARTESIAN_POINT('',(0.0116182389590824,0.00233333333333292,-0.00655870955132425));
#8457=CARTESIAN_POINT('',(0.024059845618486,0.00249999999999958,-0.0105367723931587));
#8458=CARTESIAN_POINT('',(0.0115695103416286,0.00249999999999958,-0.00671809367731811));
#8459=CARTESIAN_POINT('',(0.0239623883835766,0.0025,-0.0108555406451465));
#8460=CARTESIAN_POINT('',(0.0114720531067192,0.0025,-0.00703686192930587));
#8461=CARTESIAN_POINT('',(0.0240344348871744,0.002,-0.0103547215935445));
#8462=CARTESIAN_POINT('',(0.0240344348871763,0.00234512699117771,-0.0103547215935445));
#8463=CARTESIAN_POINT('',(0.0237045302253866,0.0024999999999996,-0.0104404741066808));
#8464=CARTESIAN_POINT('',(0.0230550652973528,0.0025,-0.0105781441396921));
#8465=CARTESIAN_POINT('',(0.0115461064779259,0.0025,-0.00705950231694908));
#8466=CARTESIAN_POINT('',(0.0117771671532842,0.00249999999999953,-0.00677607013273813));
#8467=CARTESIAN_POINT('',(0.0118903863733447,0.00232806351736396,-0.00664191336574387));
#8468=CARTESIAN_POINT('',(0.0118903863733428,0.002,-0.00664191336574391));
#8469=CARTESIAN_POINT('',(0.0123691920969743,0.002,-0.00745916914885922));
#8470=CARTESIAN_POINT('',(0.0122323555286575,0.002,-0.00725151052905247));
#8471=CARTESIAN_POINT('',(0.012104131163618,0.002,-0.00703817734919446));
#8472=CARTESIAN_POINT('',(0.0113890979912364,0.002,-0.00572852300178392));
#8473=CARTESIAN_POINT('',(0.0110228887825122,0.002,-0.00451245237298197));
#8474=CARTESIAN_POINT('',(0.0108111066410166,0.002,-0.00203459468261598));
#8475=CARTESIAN_POINT('',(0.0109656370322268,0.002,-0.00077401651487693));
#8476=CARTESIAN_POINT('',(0.0117696599797175,0.002,0.00157931676136625));
#8477=CARTESIAN_POINT('',(0.01241876027038,0.002,0.00267092372884501));
#8478=CARTESIAN_POINT('',(0.0141024271313678,0.002,0.00450119592455248));
#8479=CARTESIAN_POINT('',(0.0151361722766033,0.002,0.00523896820208073));
#8480=CARTESIAN_POINT('',(0.016503081490595,0.002,0.00583732106453136));
#8481=CARTESIAN_POINT('',(0.0167350352363546,0.002,0.00592759837755154));
#8482=CARTESIAN_POINT('',(0.0169703286273013,0.002,0.00600811774780232));
#8483=CARTESIAN_POINT('',(0.0123691920969743,0.0025,-0.00745916914885922));
#8484=CARTESIAN_POINT('',(0.0122323555286566,0.00250000000000023,-0.00725151052905303));
#8485=CARTESIAN_POINT('',(0.0121041311636182,0.00249999999999977,-0.00703817734919436));
#8486=CARTESIAN_POINT('',(0.0113890979912355,0.00250000000000114,-0.00572852300178441));
#8487=CARTESIAN_POINT('',(0.0110228887825127,0.00250000000000228,-0.00451245237298192));
#8488=CARTESIAN_POINT('',(0.0108111066410161,0.00249999999999772,-0.00203459468261602));
#8489=CARTESIAN_POINT('',(0.0109656370322266,0.00250000000000114,-0.000774016514877228));
#8490=CARTESIAN_POINT('',(0.0117696599797177,0.00249999999999886,0.00157931676136654));
#8491=CARTESIAN_POINT('',(0.0124187602703797,0.00249999999999915,0.00267092372884587));
#8492=CARTESIAN_POINT('',(0.0141024271313681,0.00250000000000085,0.00450119592455163));
#8493=CARTESIAN_POINT('',(0.0151361722766033,0.00249999999999943,0.00523896820208061));
#8494=CARTESIAN_POINT('',(0.016503081490595,0.00250000000000011,0.00583732106453139));
#8495=CARTESIAN_POINT('',(0.0167350352363543,0.00250000000000011,0.00592759837755245));
#8496=CARTESIAN_POINT('',(0.0169703286273013,0.0025,0.00600811774780232));
#8497=CARTESIAN_POINT('',(0.0119516858916098,0.0025,-0.00773428470363963));
#8498=CARTESIAN_POINT('',(0.0118072472917193,0.0025,-0.00751508949384395));
#8499=CARTESIAN_POINT('',(0.0116718993508449,0.0025,-0.00728990447066015));
#8500=CARTESIAN_POINT('',(0.0109171421133305,0.0025,-0.00590749154839352));
#8501=CARTESIAN_POINT('',(0.0105305879485662,0.0025,-0.00462386144021369));
#8502=CARTESIAN_POINT('',(0.0103070401325437,0.0025,-0.00200834498927171));
#8503=CARTESIAN_POINT('',(0.0104701555454867,0.0025,-0.000677734701102743));
#8504=CARTESIAN_POINT('',(0.0113188464345061,0.0025,0.00180633931270945));
#8505=CARTESIAN_POINT('',(0.012004007852427,0.0025,0.00295859111171507));
#8506=CARTESIAN_POINT('',(0.0137812117612473,0.0025,0.00489054509607248));
#8507=CARTESIAN_POINT('',(0.0148723871923292,0.0025,0.00566930472235261));
#8508=CARTESIAN_POINT('',(0.0163152358070983,0.0025,0.00630089941049486));
#8509=CARTESIAN_POINT('',(0.0165600758720666,0.0025,0.00639619212979449));
#8510=CARTESIAN_POINT('',(0.0168084411180661,0.0025,0.006481184798392));
#8511=CARTESIAN_POINT('',(0.0161084093629108,0.002,0.00566250042558006));
#8512=CARTESIAN_POINT('',(0.0161084093629126,0.00232786550885957,0.00566250042557959));
#8513=CARTESIAN_POINT('',(0.0160962961635307,0.00250000004316946,0.00582492270140542));
#8514=CARTESIAN_POINT('',(0.0160747610303033,0.00249999999999999,0.00619563376111995));
#8515=CARTESIAN_POINT('',(0.0239962258165851,0.0025,-0.00967373077256159));
#8516=CARTESIAN_POINT('',(0.0227236737369588,0.0025,-0.0110067368737483));
#8517=CARTESIAN_POINT('',(0.0200824578699346,0.0025,-0.0128488152652536));
#8518=CARTESIAN_POINT('',(0.0154719758765127,0.0025,-0.0141320410262389));
#8519=CARTESIAN_POINT('',(0.0109362967745703,0.0025,-0.0139560663152712));
#8520=CARTESIAN_POINT('',(0.0064682379709745,0.0025,-0.0121844540879973));
#8521=CARTESIAN_POINT('',(0.00284228815189988,0.0025,-0.00902958963682037));
#8522=CARTESIAN_POINT('',(0.000470041923972756,0.0025,-0.00484944387455161));
#8523=CARTESIAN_POINT('',(-0.000379125795555236,0.0025,-0.000118699317986006));
#8524=CARTESIAN_POINT('',(0.000391193080516305,0.0025,0.00462552594821692));
#8525=CARTESIAN_POINT('',(0.00269353863353216,0.0025,0.00884456250907038));
#8526=CARTESIAN_POINT('',(0.00626649471853752,0.0025,0.012059374274942));
#8527=CARTESIAN_POINT('',(0.010704399503332,0.0025,0.0139049559937575));
#8528=CARTESIAN_POINT('',(0.0155033073350097,0.0025,0.0141717244679264));
#8529=CARTESIAN_POINT('',(0.0201185683983558,0.0025,0.0128295155894811));
#8530=CARTESIAN_POINT('',(0.0238082805275337,0.0025,0.0101857727089243));
#8531=CARTESIAN_POINT('',(0.0266618218670143,0.0025,0.00634383122196756));
#8532=CARTESIAN_POINT('',(0.0276174026152147,0.0025,0.00326874756613986));
#8533=CARTESIAN_POINT('',(0.0278044962220461,0.0025,0.0014353654337284));
#8534=CARTESIAN_POINT('',(0.0242399642843965,0.00250197900618369,-0.00990690704200449));
#8535=CARTESIAN_POINT('',(0.0229367385217506,0.00250197900618369,-0.0112720440146772));
#8536=CARTESIAN_POINT('',(0.0202318586052642,0.00250197900618369,-0.0131585239916372));
#8537=CARTESIAN_POINT('',(0.0155102452354114,0.00250197900618369,-0.0144726807160531));
#8538=CARTESIAN_POINT('',(0.0108652378107968,0.00250197900618369,-0.0142924642994464));
#8539=CARTESIAN_POINT('',(0.00628948060853734,0.00250197900618369,-0.0124781490095161));
#8540=CARTESIAN_POINT('',(0.00257613064368616,0.00250197900618369,-0.0092472394882723));
#8541=CARTESIAN_POINT('',(0.000146703627797906,0.00250197900618369,-0.0049663352040689));
#8542=CARTESIAN_POINT('',(-0.000722932490147417,0.00250197900618369,-0.000121560453844497));
#8543=CARTESIAN_POINT('',(6.59542043630154E-5,0.00250197900618369,0.00473701994631693));
#8544=CARTESIAN_POINT('',(0.0024237956528624,0.00250197900618369,0.00905775245659182));
#8545=CARTESIAN_POINT('',(0.006082874517667,0.00250197900618369,0.0123500542682712));
#8546=CARTESIAN_POINT('',(0.010627750865806,0.00250197900618369,0.0142401220173652));
#8547=CARTESIAN_POINT('',(0.0155423319035613,0.00250197900618369,0.0145133206982931));
#8548=CARTESIAN_POINT('',(0.0202688395389257,0.00250197900618369,0.0131387591252284));
#8549=CARTESIAN_POINT('',(0.0240474887449027,0.00250197900618369,0.0104312912842915));
#8550=CARTESIAN_POINT('',(0.0269698120429148,0.00250197900618369,0.00649674337473486));
#8551=CARTESIAN_POINT('',(0.0279484261761819,0.00250197900618369,0.00334753769008183));
#8552=CARTESIAN_POINT('',(0.0281400295006345,0.00250197900618369,0.00146996358804448));
#8553=CARTESIAN_POINT('',(0.0243618606155917,0.00233533933968757,-0.0100235210997775));
#8554=CARTESIAN_POINT('',(0.0230432946013313,0.00233533933968757,-0.0114047270802987));
#8555=CARTESIAN_POINT('',(0.0203065755823505,0.00233533933968756,-0.0133134127862713));
#8556=CARTESIAN_POINT('',(0.0155293841694041,0.00233533933968757,-0.0146430384311099));
#8557=CARTESIAN_POINT('',(0.0108297004290274,0.00233533933968757,-0.0144607006901179));
#8558=CARTESIAN_POINT('',(0.00620008205421446,0.00233533933968757,-0.0126250291214051));
#8559=CARTESIAN_POINT('',(0.0024430222998838,0.00233533933968757,-0.00935608861092165));
#8560=CARTESIAN_POINT('',(-1.50014669805982E-5,0.00233533933968756,-0.00502479386406058));
#8561=CARTESIAN_POINT('',(-0.000894874059680679,0.00233533933968756,-0.000122991339856585));
#8562=CARTESIAN_POINT('',(-9.67013916990781E-5,0.00233533933968757,0.00479277934055908));
#8563=CARTESIAN_POINT('',(0.00228889417422205,0.00233533933968757,0.00916437113145222));
#8564=CARTESIAN_POINT('',(0.00599104400350807,0.00233533933968757,0.0124954265808849));
#8565=CARTESIAN_POINT('',(0.010589418025736,0.00233533933968757,0.0144077422907915));
#8566=CARTESIAN_POINT('',(0.0155618485263399,0.00233533933968757,0.0146841567899683));
#8567=CARTESIAN_POINT('',(0.0203439918153983,0.00233533933968757,0.0132934152728275));
#8568=CARTESIAN_POINT('',(0.0241671194472323,0.00233533933968757,0.0105540778671656));
#8569=CARTESIAN_POINT('',(0.02712384137125,0.00233533933968757,0.00657321645091711));
#8570=CARTESIAN_POINT('',(0.0281139747577554,0.00233533933968757,0.00338694151143664));
#8571=CARTESIAN_POINT('',(0.0283078334423802,0.00233533933968757,0.00148726651160481));
#8572=CARTESIAN_POINT('',(0.0243618562800254,0.002,-0.0100235169520893));
#8573=CARTESIAN_POINT('',(0.0230432908113817,0.002,-0.0114047223610736));
#8574=CARTESIAN_POINT('',(0.0203065729248431,0.002,-0.0133134072772405));
#8575=CARTESIAN_POINT('',(0.0155293834886772,0.002,-0.014643032371886));
#8576=CARTESIAN_POINT('',(0.0108297016930086,0.002,-0.0144606947063445));
#8577=CARTESIAN_POINT('',(0.00620008523391114,0.002,-0.0126250238972243));
#8578=CARTESIAN_POINT('',(0.00244302703423508,0.002,-0.00935608473941391));
#8579=CARTESIAN_POINT('',(-1.4995715510025E-5,0.002,-0.00502479178482329));
#8580=CARTESIAN_POINT('',(-0.00089486794412273,0.002,-0.000122991288963336));
#8581=CARTESIAN_POINT('',(-9.66956064214065E-5,0.002,0.00479277735732834));
#8582=CARTESIAN_POINT('',(0.00228889897235092,0.002,0.00916436733927626));
#8583=CARTESIAN_POINT('',(0.00599104726970385,0.002,0.012495421410333));
#8584=CARTESIAN_POINT('',(0.0105894193891451,0.002,0.0144077363289319));
#8585=CARTESIAN_POINT('',(0.0155618478321794,0.002,0.0146841507137296));
#8586=CARTESIAN_POINT('',(0.0203439891424083,0.002,0.0132934097720714));
#8587=CARTESIAN_POINT('',(0.0241671151922491,0.002,0.0105540734999351));
#8588=CARTESIAN_POINT('',(0.0271238358927884,0.002,0.00657321373094934));
#8589=CARTESIAN_POINT('',(0.028113968869581,0.002,0.00338694010993522));
#8590=CARTESIAN_POINT('',(0.028307827473988,0.002,0.00148726589618045));
#8591=CARTESIAN_POINT('',(0.0276286507213003,0.0025,0.00266325506275508));
#8592=CARTESIAN_POINT('',(0.0280476773807442,0.00249999999999979,0.00219750665831716));
#8593=CARTESIAN_POINT('',(0.0282526088988804,0.00234378079116598,0.00194964602567846));
#8594=CARTESIAN_POINT('',(0.0282526088988785,0.002,0.00194964602567895));
#8595=CARTESIAN_POINT('',(0.0158546309391524,0.002,0.00574008827601523));
#8596=CARTESIAN_POINT('',(0.0283265531014216,0.002,0.00192703901424553));
#8597=CARTESIAN_POINT('',(0.0158546309391542,0.00233533337490567,0.00574008827601475));
#8598=CARTESIAN_POINT('',(0.0283265531014235,0.00233533337490567,0.00192703901424506));
#8599=CARTESIAN_POINT('',(0.0159039619263728,0.00250193979565777,0.00590144266473113));
#8600=CARTESIAN_POINT('',(0.028375884088642,0.00250193979565777,0.00208839340296144));
#8601=CARTESIAN_POINT('',(0.016002576225954,0.00249998232473245,0.00622399550474292));
#8602=CARTESIAN_POINT('',(0.0284744983882233,0.00249998232473245,0.00241094624297322));
#8603=CARTESIAN_POINT('',(0.0116182388412034,-0.00199999999999999,-0.00655870951528579));
#8604=CARTESIAN_POINT('',(0.0241085939992653,-0.00199999999999999,-0.0103773943094203));
#8605=CARTESIAN_POINT('',(0.0116182388412036,-0.00233333333333268,-0.00655870951528536));
#8606=CARTESIAN_POINT('',(0.0241085939992654,-0.00233333333333268,-0.0103773943094198));
#8607=CARTESIAN_POINT('',(0.0115695102237497,-0.00249999999999935,-0.0067180936412793));
#8608=CARTESIAN_POINT('',(0.0240598653818116,-0.00249999999999935,-0.0105367784354138));
#8609=CARTESIAN_POINT('',(0.011472052988842,-0.0025,-0.00703686189326749));
#8610=CARTESIAN_POINT('',(0.0239624081469039,-0.0025,-0.010855546687402));
#8611=CARTESIAN_POINT('',(0.0230550652973528,-0.0025,-0.0105781441396921));
#8612=CARTESIAN_POINT('',(0.0237045302253895,-0.00249999999999937,-0.0104404741066657));
#8613=CARTESIAN_POINT('',(0.0240344348871746,-0.00234512699116209,-0.0103547215935439));
#8614=CARTESIAN_POINT('',(0.0240344348871744,-0.002,-0.0103547215935444));
#8615=CARTESIAN_POINT('',(0.0118903863733428,-0.002,-0.00664191336574404));
#8616=CARTESIAN_POINT('',(0.0118903863733429,-0.00232806351780079,-0.00664191336574362));
#8617=CARTESIAN_POINT('',(0.0117771671531539,-0.00249999999999859,-0.00677607013315574));
#8618=CARTESIAN_POINT('',(0.0115461064779246,-0.0025,-0.00705950231694679));
#8619=CARTESIAN_POINT('',(0.0119516858916098,-0.0025,-0.00773428470363963));
#8620=CARTESIAN_POINT('',(0.0118072472917193,-0.0025,-0.00751508949384395));
#8621=CARTESIAN_POINT('',(0.0116718993508449,-0.0025,-0.00728990447066015));
#8622=CARTESIAN_POINT('',(0.0109171421133305,-0.0025,-0.00590749154839352));
#8623=CARTESIAN_POINT('',(0.0105305879485662,-0.0025,-0.00462386144021369));
#8624=CARTESIAN_POINT('',(0.0103070401325437,-0.0025,-0.00200834498927171));
#8625=CARTESIAN_POINT('',(0.0104701555454867,-0.0025,-0.000677734701102743));
#8626=CARTESIAN_POINT('',(0.0113188464345061,-0.0025,0.00180633931270945));
#8627=CARTESIAN_POINT('',(0.012004007852427,-0.0025,0.00295859111171507));
#8628=CARTESIAN_POINT('',(0.0137812117612473,-0.0025,0.00489054509607248));
#8629=CARTESIAN_POINT('',(0.0148723871923292,-0.0025,0.00566930472235261));
#8630=CARTESIAN_POINT('',(0.0163152358070983,-0.0025,0.00630089941049486));
#8631=CARTESIAN_POINT('',(0.0165600758720666,-0.0025,0.00639619212979449));
#8632=CARTESIAN_POINT('',(0.0168084411180661,-0.0025,0.006481184798392));
#8633=CARTESIAN_POINT('',(0.0123691920969743,-0.0025,-0.00745916914885922));
#8634=CARTESIAN_POINT('',(0.0122323555286566,-0.00250000000000023,-0.00725151052905303));
#8635=CARTESIAN_POINT('',(0.0121041311636182,-0.00249999999999972,-0.00703817734919436));
#8636=CARTESIAN_POINT('',(0.0113890979912355,-0.00250000000000143,-0.00572852300178441));
#8637=CARTESIAN_POINT('',(0.0110228887825127,-0.00250000000000228,-0.00451245237298192));
#8638=CARTESIAN_POINT('',(0.0108111066410161,-0.00249999999999772,-0.00203459468261602));
#8639=CARTESIAN_POINT('',(0.0109656370322266,-0.00250000000000114,-0.000774016514877228));
#8640=CARTESIAN_POINT('',(0.0117696599797177,-0.00249999999999886,0.00157931676136654));
#8641=CARTESIAN_POINT('',(0.0124187602703797,-0.00249999999999915,0.00267092372884587));
#8642=CARTESIAN_POINT('',(0.0141024271313681,-0.00250000000000085,0.00450119592455163));
#8643=CARTESIAN_POINT('',(0.0151361722766033,-0.00249999999999943,0.00523896820208061));
#8644=CARTESIAN_POINT('',(0.016503081490595,-0.00250000000000011,0.00583732106453139));
#8645=CARTESIAN_POINT('',(0.0167350352363543,-0.00250000000000011,0.00592759837755245));
#8646=CARTESIAN_POINT('',(0.0169703286273013,-0.0025,0.00600811774780232));
#8647=CARTESIAN_POINT('',(0.0123691920969743,-0.002,-0.00745916914885922));
#8648=CARTESIAN_POINT('',(0.0122323555286575,-0.002,-0.00725151052905247));
#8649=CARTESIAN_POINT('',(0.012104131163618,-0.002,-0.00703817734919446));
#8650=CARTESIAN_POINT('',(0.0113890979912364,-0.002,-0.00572852300178392));
#8651=CARTESIAN_POINT('',(0.0110228887825122,-0.002,-0.00451245237298197));
#8652=CARTESIAN_POINT('',(0.0108111066410166,-0.002,-0.00203459468261598));
#8653=CARTESIAN_POINT('',(0.0109656370322268,-0.002,-0.00077401651487693));
#8654=CARTESIAN_POINT('',(0.0117696599797175,-0.002,0.00157931676136625));
#8655=CARTESIAN_POINT('',(0.01241876027038,-0.002,0.00267092372884501));
#8656=CARTESIAN_POINT('',(0.0141024271313678,-0.002,0.00450119592455248));
#8657=CARTESIAN_POINT('',(0.0151361722766033,-0.002,0.00523896820208073));
#8658=CARTESIAN_POINT('',(0.016503081490595,-0.002,0.00583732106453136));
#8659=CARTESIAN_POINT('',(0.0167350352363546,-0.002,0.00592759837755154));
#8660=CARTESIAN_POINT('',(0.0169703286273013,-0.002,0.00600811774780232));
#8661=CARTESIAN_POINT('',(0.016074761037975,-0.0025,0.00619563362913997));
#8662=CARTESIAN_POINT('',(0.0160962923646114,-0.00250000000000172,0.00582498815018687));
#8663=CARTESIAN_POINT('',(0.0161084093629107,-0.00232792550591565,0.0056625004255793));
#8664=CARTESIAN_POINT('',(0.0161084093629109,-0.002,0.00566250042558026));
#8665=CARTESIAN_POINT('',(0.0243618862954415,-0.002,-0.0100234855769696));
#8666=CARTESIAN_POINT('',(0.0230433237087019,-0.002,-0.011404696256353));
#8667=CARTESIAN_POINT('',(0.0203066084637304,-0.002,-0.0133133907335686));
#8668=CARTESIAN_POINT('',(0.0155294176822909,-0.002,-0.0146430289849917));
#8669=CARTESIAN_POINT('',(0.0108297308790216,-0.002,-0.0144607014221406));
#8670=CARTESIAN_POINT('',(0.00620010645598908,-0.002,-0.0126250374443109));
#8671=CARTESIAN_POINT('',(0.00244303953155641,-0.002,-0.00935610087259504));
#8672=CARTESIAN_POINT('',(-1.49909084391352E-5,-0.002,-0.00502480666567516));
#8673=CARTESIAN_POINT('',(-0.000894868392210871,-0.002,-0.000123002150314888));
#8674=CARTESIAN_POINT('',(-9.6698089277187E-5,-0.002,0.00479277177507785));
#8675=CARTESIAN_POINT('',(0.0022888977349996,-0.002,0.00916436664208576));
#8676=CARTESIAN_POINT('',(0.00599104990507275,-0.002,0.0124954237119777));
#8677=CARTESIAN_POINT('',(0.0105894272908563,-0.002,0.0144077386883236));
#8678=CARTESIAN_POINT('',(0.0155618608094452,-0.002,0.0146841497730898));
#8679=CARTESIAN_POINT('',(0.020344005362879,-0.002,0.0132934024891073));
#8680=CARTESIAN_POINT('',(0.02416713142491,-0.002,0.0105540583152552));
#8681=CARTESIAN_POINT('',(0.0271238483942617,-0.002,0.0065731897661736));
#8682=CARTESIAN_POINT('',(0.028113976043193,-0.002,0.00338691103099789));
#8683=CARTESIAN_POINT('',(0.0283078307027749,-0.002,0.00148723458303337));
#8684=CARTESIAN_POINT('',(0.0243618862954415,-0.00233333333333333,-0.0100234855769696));
#8685=CARTESIAN_POINT('',(0.0230433237087019,-0.00233333333333333,-0.011404696256353));
#8686=CARTESIAN_POINT('',(0.0203066084637304,-0.00233333333333333,-0.0133133907335686));
#8687=CARTESIAN_POINT('',(0.0155294176822909,-0.00233333333333333,-0.0146430289849916));
#8688=CARTESIAN_POINT('',(0.0108297308790216,-0.00233333333333333,-0.0144607014221406));
#8689=CARTESIAN_POINT('',(0.00620010645598907,-0.00233333333333333,-0.0126250374443109));
#8690=CARTESIAN_POINT('',(0.00244303953155641,-0.00233333333333333,-0.00935610087259503));
#8691=CARTESIAN_POINT('',(-1.49909084391373E-5,-0.00233333333333333,-0.00502480666567515));
#8692=CARTESIAN_POINT('',(-0.000894868392210872,-0.00233333333333333,-0.000123002150314883));
#8693=CARTESIAN_POINT('',(-9.66980892771863E-5,-0.00233333333333333,0.00479277177507785));
#8694=CARTESIAN_POINT('',(0.00228889773499959,-0.00233333333333333,0.00916436664208577));
#8695=CARTESIAN_POINT('',(0.00599104990507275,-0.00233333333333333,0.0124954237119777));
#8696=CARTESIAN_POINT('',(0.0105894272908563,-0.00233333333333333,0.0144077386883236));
#8697=CARTESIAN_POINT('',(0.0155618608094452,-0.00233333333333333,0.0146841497730897));
#8698=CARTESIAN_POINT('',(0.020344005362879,-0.00233333333333333,0.0132934024891073));
#8699=CARTESIAN_POINT('',(0.0241671314249099,-0.00233333333333333,0.0105540583152551));
#8700=CARTESIAN_POINT('',(0.0271238483942617,-0.00233333333333333,0.00657318976617359));
#8701=CARTESIAN_POINT('',(0.028113976043193,-0.00233333333333333,0.0033869110309979));
#8702=CARTESIAN_POINT('',(0.0283078307027749,-0.00233333333333333,0.00148723458303336));
#8703=CARTESIAN_POINT('',(0.0242414543134974,-0.0025,-0.00990827310281113));
#8704=CARTESIAN_POINT('',(0.0229380476183011,-0.0025,-0.0112736077973752));
#8705=CARTESIAN_POINT('',(0.0202327888699557,-0.0025,-0.013160363257524));
#8706=CARTESIAN_POINT('',(0.0155105083268055,-0.0025,-0.0144747183103144));
#8707=CARTESIAN_POINT('',(0.0108648409116562,-0.0025,-0.0142944864661019));
#8708=CARTESIAN_POINT('',(0.00628843056219595,-0.0025,-0.0124799220736011));
#8709=CARTESIAN_POINT('',(0.00257454831502136,-0.0025,-0.00924855948479559));
#8710=CARTESIAN_POINT('',(0.000144771098665144,-0.0025,-0.00496705026811405));
#8711=CARTESIAN_POINT('',(-0.000724992850415618,-0.0025,-0.000121588332844426));
#8712=CARTESIAN_POINT('',(6.40030817735564E-5,-0.0025,0.00473768244436416));
#8713=CARTESIAN_POINT('',(0.00242217826504154,-0.0025,0.00905902909468784));
#8714=CARTESIAN_POINT('',(0.00608177696256723,-0.0025,0.0123517981522343));
#8715=CARTESIAN_POINT('',(0.0106272994364883,-0.0025,0.0142421324963998));
#8716=CARTESIAN_POINT('',(0.015542578547311,-0.0025,0.0145153664418024));
#8717=CARTESIAN_POINT('',(0.0202697559222831,-0.0025,0.0131406047581891));
#8718=CARTESIAN_POINT('',(0.0240489380066815,-0.0025,0.0104327472983495));
#8719=CARTESIAN_POINT('',(0.0269716697234019,-0.0025,0.00649763585836607));
#8720=CARTESIAN_POINT('',(0.0279504165945419,-0.0025,0.0033479810163027));
#8721=CARTESIAN_POINT('',(0.0281420430394791,-0.0025,0.0014701399296119));
#8722=CARTESIAN_POINT('',(0.0240005903496091,-0.0025,-0.00967784815449414));
#8723=CARTESIAN_POINT('',(0.0227274954374996,-0.0025,-0.0110114308794197));
#8724=CARTESIAN_POINT('',(0.020085149682406,-0.0025,-0.0128543083054347));
#8725=CARTESIAN_POINT('',(0.0154726896158346,-0.0025,-0.0141380969609599));
#8726=CARTESIAN_POINT('',(0.0109350609769255,-0.0025,-0.0139620565540243));
#8727=CARTESIAN_POINT('',(0.0064650787746097,-0.0025,-0.0121896913321816));
#8728=CARTESIAN_POINT('',(0.00283756588195128,-0.0025,-0.00903347670919669));
#8729=CARTESIAN_POINT('',(0.000464295112873702,-0.0025,-0.00485153747299181));
#8730=CARTESIAN_POINT('',(-0.000385241766825108,-0.0025,-0.000118760697903511));
#8731=CARTESIAN_POINT('',(0.000385405423875046,-0.0025,0.00462750378293676));
#8732=CARTESIAN_POINT('',(0.00268873932512543,-0.0025,0.008848353999892));
#8733=CARTESIAN_POINT('',(0.00626323107755621,-0.0025,0.0120645470327474));
#8734=CARTESIAN_POINT('',(0.0107030437277522,-0.0025,0.0139109201125523));
#8735=CARTESIAN_POINT('',(0.0155040140230427,-0.0025,0.0141777997792276));
#8736=CARTESIAN_POINT('',(0.0201212570410912,-0.0025,0.0128350092963526));
#8737=CARTESIAN_POINT('',(0.0238125511702247,-0.0025,0.0101901252645383));
#8738=CARTESIAN_POINT('',(0.0266673123816821,-0.0025,0.00634652804275098));
#8739=CARTESIAN_POINT('',(0.0276232976972396,-0.0025,0.00327012098691233));
#8740=CARTESIAN_POINT('',(0.0278104677128873,-0.0025,0.00143595062276894));
#8741=CARTESIAN_POINT('',(0.0282526088988785,-0.002,0.00194964602567873));
#8742=CARTESIAN_POINT('',(0.0282526088988782,-0.00234378079120242,0.00194964602567772));
#8743=CARTESIAN_POINT('',(0.0280476773807523,-0.00250000000000052,0.00219750665835067));
#8744=CARTESIAN_POINT('',(0.0276286507212999,-0.0025,0.00266325506275521));
#8745=CARTESIAN_POINT('',(0.0283265782570805,-0.002,0.00192703132338855));
#8746=CARTESIAN_POINT('',(0.0158546308332977,-0.002,0.00574008830837847));
#8747=CARTESIAN_POINT('',(0.0283265782570803,-0.00233333333333498,0.00192703132338757));
#8748=CARTESIAN_POINT('',(0.0158546308332975,-0.00233333333333498,0.00574008830837749));
#8749=CARTESIAN_POINT('',(0.0283753068745344,-0.00250000000000165,0.00208641544938247));
#8750=CARTESIAN_POINT('',(0.0159033594507515,-0.00250000000000165,0.0058994724343724));
#8751=CARTESIAN_POINT('',(0.0284727641094429,-0.0025,0.00240518370137331));
#8752=CARTESIAN_POINT('',(0.0160008166856601,-0.0025,0.00621824068636323));
#8753=CARTESIAN_POINT('',(-0.0958851422645743,0.002,-0.00970698532447709));
#8754=CARTESIAN_POINT('',(-0.111965872230894,0.002,-0.00274860827590238));
#8755=CARTESIAN_POINT('',(-0.0958851422645741,0.00233533335846945,-0.00970698532447705));
#8756=CARTESIAN_POINT('',(-0.111965872230894,0.00233533335846945,-0.00274860827590234));
#8757=CARTESIAN_POINT('',(-0.0959521487602762,0.00250193978021178,-0.00986183657152082));
#8758=CARTESIAN_POINT('',(-0.112032878726596,0.00250193978021178,-0.0029034595229461));
#8759=CARTESIAN_POINT('',(-0.0960860969957757,0.00249998232502028,-0.0101713894154528));
#8760=CARTESIAN_POINT('',(-0.112166826962095,0.00249998232502028,-0.00321301236687803));
#8761=CARTESIAN_POINT('',(-0.111184247769936,0.0025,-0.0036316323848945));
#8762=CARTESIAN_POINT('',(-0.111646644805705,0.00250000000000005,-0.00308193075085409));
#8763=CARTESIAN_POINT('',(-0.111870415332554,0.00234580279280344,-0.00278991393130028));
#8764=CARTESIAN_POINT('',(-0.111870415332554,0.002,-0.00278991393130031));
#8765=CARTESIAN_POINT('',(-0.0961944188525587,0.002,-0.00957315662913806));
#8766=CARTESIAN_POINT('',(-0.0961944188525585,0.00232950704946588,-0.00957315662913802));
#8767=CARTESIAN_POINT('',(-0.0961877755248813,0.00250000002527301,-0.00975346324957037));
#8768=CARTESIAN_POINT('',(-0.0961790474937498,0.0025,-0.0101246114190032));
#8769=CARTESIAN_POINT('',(-0.0899179954363061,0.00199999999999893,0.00649694177163497));
#8770=CARTESIAN_POINT('',(-0.0874751341325627,0.00200000000000041,-0.000130178669583895));
#8771=CARTESIAN_POINT('',(-0.0901310703284189,0.00200000000000043,-0.00667481766767146));
#8772=CARTESIAN_POINT('',(-0.0965013276984477,0.00199999999999898,-0.00972541068073324));
#8773=CARTESIAN_POINT('',(-0.089917995436306,0.00233333333333226,0.00649694177163506));
#8774=CARTESIAN_POINT('',(-0.0874751341325627,0.00233333333333375,-0.00013017866958387));
#8775=CARTESIAN_POINT('',(-0.0901310703284188,0.00233333333333377,-0.00667481766767152));
#8776=CARTESIAN_POINT('',(-0.0965013276984477,0.00233333333333231,-0.00972541068073332));
#8777=CARTESIAN_POINT('',(-0.0897616147983533,0.00249999999999892,0.00655458614561287));
#8778=CARTESIAN_POINT('',(-0.0872874370310926,0.00250000000000042,-0.000157491216903672));
#8779=CARTESIAN_POINT('',(-0.0899774212217549,0.00250000000000044,-0.00678602975857339));
#8780=CARTESIAN_POINT('',(-0.0964293426355915,0.00249999999999896,-0.00987573010231078));
#8781=CARTESIAN_POINT('',(-0.089448853522448,0.00249999999999889,0.00666987489356838));
#8782=CARTESIAN_POINT('',(-0.0869120428281524,0.00250000000000043,-0.000212116311543284));
#8783=CARTESIAN_POINT('',(-0.0896701230084272,0.00250000000000045,-0.00700845394037707));
#8784=CARTESIAN_POINT('',(-0.0962853725098792,0.00249999999999893,-0.0101763689454656));
#8785=CARTESIAN_POINT('',(-0.0894086656940805,0.0025,0.00655865963988871));
#8786=CARTESIAN_POINT('',(-0.0896763991273586,0.00250000002688114,0.00630754743902728));
#8787=CARTESIAN_POINT('',(-0.0898082089763103,0.00232988047125211,0.00618674473635425));
#8788=CARTESIAN_POINT('',(-0.0898082089763092,0.001999999999999,0.00618674473635648));
#8789=CARTESIAN_POINT('',(-0.105572908970905,0.00250000000000004,0.0122729443604372));
#8790=CARTESIAN_POINT('',(-0.104015277737498,0.00250000000000003,0.0134755677831166));
#8791=CARTESIAN_POINT('',(-0.100946080951487,0.00250000000000003,0.0150158399429903));
#8792=CARTESIAN_POINT('',(-0.0958889133223577,0.00250000000000002,0.0157259706894639));
#8793=CARTESIAN_POINT('',(-0.0911083338899204,0.00250000000000001,0.0149559156022501));
#8794=CARTESIAN_POINT('',(-0.0865755538693905,0.0025,0.0125592558262793));
#8795=CARTESIAN_POINT('',(-0.0830510690665176,0.0025,0.00883546623486883));
#8796=CARTESIAN_POINT('',(-0.0809072979456464,0.0025,0.00417785540508499));
#8797=CARTESIAN_POINT('',(-0.0803708210716235,0.0025,-0.000921276123460402));
#8798=CARTESIAN_POINT('',(-0.081498330753506,0.0025,-0.00592304657253228));
#8799=CARTESIAN_POINT('',(-0.084170669135829,0.00250000000000001,-0.0102988428747281));
#8800=CARTESIAN_POINT('',(-0.0881054073125627,0.00250000000000001,-0.0135862104024502));
#8801=CARTESIAN_POINT('',(-0.0928867201268887,0.00250000000000002,-0.0154377343779803));
#8802=CARTESIAN_POINT('',(-0.0980092405447114,0.00250000000000003,-0.0156577039571691));
#8803=CARTESIAN_POINT('',(-0.102931810045639,0.00250000000000004,-0.0142229976092316));
#8804=CARTESIAN_POINT('',(-0.106899977010152,0.00250000000000004,-0.011448006530159));
#8805=CARTESIAN_POINT('',(-0.110036334223936,0.00250000000000005,-0.00741780882610762));
#8806=CARTESIAN_POINT('',(-0.11116759383107,0.00250000000000005,-0.0041754857485889));
#8807=CARTESIAN_POINT('',(-0.111448698360797,0.00250000000000005,-0.00222779521890239));
#8808=CARTESIAN_POINT('',(-0.105778797360287,0.00250197900468561,0.0125401326553553));
#8809=CARTESIAN_POINT('',(-0.104187255694994,0.0025019790046856,0.0137689378086729));
#8810=CARTESIAN_POINT('',(-0.101051240918372,0.0025019790046856,0.015342742486387));
#8811=CARTESIAN_POINT('',(-0.095883976151384,0.00250197900468559,0.0160683331464073));
#8812=CARTESIAN_POINT('',(-0.0909993210476078,0.00250197900468558,0.0152815135663464));
#8813=CARTESIAN_POINT('',(-0.0863678600755547,0.00250197900468557,0.0128326772774276));
#8814=CARTESIAN_POINT('',(-0.0827666454256194,0.00250197900468557,0.00902781887452176));
#8815=CARTESIAN_POINT('',(-0.0805762033036783,0.00250197900468557,0.00426880946437371));
#8816=CARTESIAN_POINT('',(-0.0800280470501342,0.00250197900468557,-0.00094133277776414));
#8817=CARTESIAN_POINT('',(-0.0811801031949878,0.00250197900468557,-0.00605199434043724));
#8818=CARTESIAN_POINT('',(-0.083910619755261,0.00250197900468558,-0.0105230539780571));
#8819=CARTESIAN_POINT('',(-0.0879310192027054,0.00250197900468558,-0.0138819891880004));
#8820=CARTESIAN_POINT('',(-0.0928164236533004,0.00250197900468559,-0.0157738217941152));
#8821=CARTESIAN_POINT('',(-0.098050463972996,0.0025019790046856,-0.0159985802263732));
#8822=CARTESIAN_POINT('',(-0.103080200342319,0.00250197900468561,-0.0145326395861402));
#8823=CARTESIAN_POINT('',(-0.107134756342139,0.00250197900468562,-0.0116972355269736));
#8824=CARTESIAN_POINT('',(-0.110339393666048,0.00250197900468562,-0.00757929834917753));
#8825=CARTESIAN_POINT('',(-0.111495281377634,0.00250197900468562,-0.00426638823252899));
#8826=CARTESIAN_POINT('',(-0.111782505698303,0.00250197900468562,-0.00227629547921402));
#8827=CARTESIAN_POINT('',(-0.105881764444301,0.00233533933814816,0.012673756507061));
#8828=CARTESIAN_POINT('',(-0.104273263793127,0.00233533933814816,0.0139156554364111));
#8829=CARTESIAN_POINT('',(-0.101103832592812,0.00233533933814816,0.0155062301009714));
#8830=CARTESIAN_POINT('',(-0.0958815070170148,0.00233533933814815,0.0162395524364971));
#8831=CARTESIAN_POINT('',(-0.0909448025071169,0.00233533933814814,0.015444348746246));
#8832=CARTESIAN_POINT('',(-0.0862639900885995,0.00233533933814813,0.0129694184002099));
#8833=CARTESIAN_POINT('',(-0.0826244019848107,0.00233533933814813,0.00912401657885626));
#8834=CARTESIAN_POINT('',(-0.0804106191737579,0.00233533933814812,0.00431429660569534));
#8835=CARTESIAN_POINT('',(-0.0798566219320164,0.00233533933814813,-0.000951363334683607));
#8836=CARTESIAN_POINT('',(-0.0810209540372705,0.00233533933814813,-0.00611648255995894));
#8837=CARTESIAN_POINT('',(-0.0837805661543882,0.00233533933814813,-0.0106351844560451));
#8838=CARTESIAN_POINT('',(-0.0878438057604475,0.00233533933814814,-0.0140299114635258));
#8839=CARTESIAN_POINT('',(-0.092781267601404,0.00233533933814815,-0.0159419028661828));
#8840=CARTESIAN_POINT('',(-0.0980710802700894,0.00233533933814816,-0.0161690562573687));
#8841=CARTESIAN_POINT('',(-0.103154411987721,0.00233533933814817,-0.0146874949985637));
#8842=CARTESIAN_POINT('',(-0.107252172109363,0.00233533933814817,-0.0118218777330303));
#8843=CARTESIAN_POINT('',(-0.11049095707927,0.00233533933814818,-0.00766006106406116));
#8844=CARTESIAN_POINT('',(-0.111659161581073,0.00233533933814818,-0.00431184958044251));
#8845=CARTESIAN_POINT('',(-0.111949446477572,0.00233533933814818,-0.00230055100131149));
#8846=CARTESIAN_POINT('',(-0.105881760782009,0.00200000000000004,0.0126737517543815));
#8847=CARTESIAN_POINT('',(-0.104273260734025,0.00200000000000003,0.0139156502180175));
#8848=CARTESIAN_POINT('',(-0.101103830722252,0.00200000000000003,0.0155062242861096));
#8849=CARTESIAN_POINT('',(-0.0958815071048359,0.00200000000000002,0.0162395463466381));
#8850=CARTESIAN_POINT('',(-0.0909448044462104,0.00200000000000001,0.0154443429545897));
#8851=CARTESIAN_POINT('',(-0.0862639937830054,0.002,0.0129694135366565));
#8852=CARTESIAN_POINT('',(-0.0826244070440683,0.002,0.00912401315733495));
#8853=CARTESIAN_POINT('',(-0.0804106250631877,0.002,0.00431429498782696));
#8854=CARTESIAN_POINT('',(-0.0798566280291961,0.002,-0.000951362977920785));
#8855=CARTESIAN_POINT('',(-0.0810209596978239,0.002,-0.00611648026626784));
#8856=CARTESIAN_POINT('',(-0.0837805707800824,0.00200000000000001,-0.0106351804678333));
#8857=CARTESIAN_POINT('',(-0.0878438088624202,0.00200000000000001,-0.0140299062022857));
#8858=CARTESIAN_POINT('',(-0.0927812688518204,0.00200000000000002,-0.0159418968879428));
#8859=CARTESIAN_POINT('',(-0.0980710795368171,0.00200000000000003,-0.0161690501939457));
#8860=CARTESIAN_POINT('',(-0.103154409348192,0.00200000000000004,-0.0146874894907286));
#8861=CARTESIAN_POINT('',(-0.107252167933166,0.00200000000000005,-0.0118218732998064));
#8862=CARTESIAN_POINT('',(-0.110490951688524,0.00200000000000005,-0.00766005819152535));
#8863=CARTESIAN_POINT('',(-0.111659155752248,0.00200000000000005,-0.00431184796349153));
#8864=CARTESIAN_POINT('',(-0.11194944053989,0.00200000000000005,-0.00230055013860082));
#8865=CARTESIAN_POINT('',(-0.105484514158287,0.00200000000000004,0.0129701210142512));
#8866=CARTESIAN_POINT('',(-0.105484514158288,0.00234467351103528,0.0129701210142492));
#8867=CARTESIAN_POINT('',(-0.105135598201443,0.00250000000974433,0.0130130971877615));
#8868=CARTESIAN_POINT('',(-0.104451276843865,0.0025,0.0130678267937609));
#8869=CARTESIAN_POINT('',(-0.105579818521313,0.001999999999999,0.0130113606652929));
#8870=CARTESIAN_POINT('',(-0.0895119666852391,0.001999999999999,0.00605855618003363));
#8871=CARTESIAN_POINT('',(-0.105579818521314,0.00233533336009819,0.0130113606652906));
#8872=CARTESIAN_POINT('',(-0.0895119666852402,0.00233533336009819,0.00605855618003136));
#8873=CARTESIAN_POINT('',(-0.105512812024927,0.00250193978174276,0.0131662119139175));
#8874=CARTESIAN_POINT('',(-0.0894449601888532,0.00250193978174276,0.00621340742865828));
#8875=CARTESIAN_POINT('',(-0.105378863788161,0.00249998232499175,0.0134757647607741));
#8876=CARTESIAN_POINT('',(-0.0893110119520877,0.00249998232499175,0.00652296027551483));
#8877=CARTESIAN_POINT('',(-0.111965844922933,-0.002,-0.00274862009247206));
#8878=CARTESIAN_POINT('',(-0.0958851423683257,-0.002,-0.00970698527958374));
#8879=CARTESIAN_POINT('',(-0.111965844922933,-0.00233333333333486,-0.00274862009247214));
#8880=CARTESIAN_POINT('',(-0.0958851423683257,-0.00233333333333486,-0.00970698527958382));
#8881=CARTESIAN_POINT('',(-0.112032033223985,-0.00250000000000154,-0.00290158050101656));
#8882=CARTESIAN_POINT('',(-0.0959513306693784,-0.00250000000000154,-0.00985994568812824));
#8883=CARTESIAN_POINT('',(-0.11216440982609,-0.0025,-0.0032075013181053));
#8884=CARTESIAN_POINT('',(-0.0960837072714835,-0.0025,-0.010165866505217));
#8885=CARTESIAN_POINT('',(-0.111870415332553,-0.002,-0.0027899139312991));
#8886=CARTESIAN_POINT('',(-0.111870415332553,-0.00234580279280193,-0.00278991393129919));
#8887=CARTESIAN_POINT('',(-0.111646644805704,-0.00250000000000019,-0.00308193075085191));
#8888=CARTESIAN_POINT('',(-0.111184247769936,-0.0025,-0.00363163238489449));
#8889=CARTESIAN_POINT('',(-0.0961790474052064,-0.0025,-0.0101246113756491));
#8890=CARTESIAN_POINT('',(-0.0961877797865085,-0.00250000000000155,-0.00975347315189854));
#8891=CARTESIAN_POINT('',(-0.0961944188525592,-0.00232951782958159,-0.00957315662913931));
#8892=CARTESIAN_POINT('',(-0.0961944188525592,-0.002,-0.00957315662913923));
#8893=CARTESIAN_POINT('',(-0.0894490788334191,-0.00249999997114184,0.0066697916154667));
#8894=CARTESIAN_POINT('',(-0.0869123134296549,-0.00249999997114338,-0.000212077054636076));
#8895=CARTESIAN_POINT('',(-0.0896703445137956,-0.0024999999711434,-0.00700829362307988));
#8896=CARTESIAN_POINT('',(-0.0962854761679367,-0.00249999997114189,-0.0101761522538678));
#8897=CARTESIAN_POINT('',(-0.0897616898551513,-0.00249991991118602,0.00655455825912398));
#8898=CARTESIAN_POINT('',(-0.0872875272846309,-0.00249991991118752,-0.000157478200195506));
#8899=CARTESIAN_POINT('',(-0.0899774950942626,-0.00249991991118754,-0.00678597629853901));
#8900=CARTESIAN_POINT('',(-0.0964293771301239,-0.00249991991118606,-0.00987565784392963));
#8901=CARTESIAN_POINT('',(-0.0899179953660175,-0.00233325325413838,0.00649694158095258));
#8902=CARTESIAN_POINT('',(-0.087475134212119,-0.00233325325413986,-0.000130178772975233));
#8903=CARTESIAN_POINT('',(-0.090131070384496,-0.00233325325413988,-0.00667481763626856));
#8904=CARTESIAN_POINT('',(-0.0965013276112175,-0.00233325325413842,-0.00972541063896051));
#8905=CARTESIAN_POINT('',(-0.0899179953660175,-0.00199999999999893,0.00649694158095249));
#8906=CARTESIAN_POINT('',(-0.087475134212119,-0.00200000000000042,-0.000130178772975266));
#8907=CARTESIAN_POINT('',(-0.0901310703844961,-0.00200000000000043,-0.00667481763626853));
#8908=CARTESIAN_POINT('',(-0.0965013276112175,-0.00199999999999897,-0.00972541063896044));
#8909=CARTESIAN_POINT('',(-0.0898082089763091,-0.001999999999999,0.00618674473635653));
#8910=CARTESIAN_POINT('',(-0.0898082089763097,-0.00232988044435401,0.00618674473635521));
#8911=CARTESIAN_POINT('',(-0.0896763991485133,-0.00250000000000299,0.00630754741917549));
#8912=CARTESIAN_POINT('',(-0.0894086657575222,-0.0025,0.00655865958038539));
#8913=CARTESIAN_POINT('',(-0.105881726222158,-0.00200000000000004,0.0126737783852331));
#8914=CARTESIAN_POINT('',(-0.104273224668669,-0.00200000000000003,0.0139156710019445));
#8915=CARTESIAN_POINT('',(-0.101103794523332,-0.00200000000000003,0.0155062352157153));
#8916=CARTESIAN_POINT('',(-0.0958814755813653,-0.00200000000000002,0.0162395453229665));
#8917=CARTESIAN_POINT('',(-0.0909447802659122,-0.00200000000000001,0.0154443341434136));
#8918=CARTESIAN_POINT('',(-0.0862639786671822,-0.002,0.012969401203246));
#8919=CARTESIAN_POINT('',(-0.0826244001724386,-0.002,0.0091240017863845));
#8920=CARTESIAN_POINT('',(-0.0804106238520879,-0.002,0.00431428801983904));
#8921=CARTESIAN_POINT('',(-0.0798566287533529,-0.002,-0.000951363748090071));
#8922=CARTESIAN_POINT('',(-0.0810209582915798,-0.002,-0.00611647499062425));
#8923=CARTESIAN_POINT('',(-0.0837805636885731,-0.00200000000000001,-0.0106351712046032));
#8924=CARTESIAN_POINT('',(-0.0878437938087218,-0.00200000000000001,-0.0140298965397713));
#8925=CARTESIAN_POINT('',(-0.0927812453972949,-0.00200000000000002,-0.0159418912895396));
#8926=CARTESIAN_POINT('',(-0.0980710493424342,-0.00200000000000003,-0.0161690531626307));
#8927=CARTESIAN_POINT('',(-0.103154376083669,-0.00200000000000004,-0.014687504679844));
#8928=CARTESIAN_POINT('',(-0.10725213672417,-0.00200000000000005,-0.0118219019176208));
#8929=CARTESIAN_POINT('',(-0.110490928212475,-0.00200000000000005,-0.00766010080027933));
#8930=CARTESIAN_POINT('',(-0.111659141459301,-0.00200000000000005,-0.0043118983311565));
#8931=CARTESIAN_POINT('',(-0.111949432735981,-0.00200000000000005,-0.00230060384906266));
#8932=CARTESIAN_POINT('',(-0.105881729884437,-0.00233533933820711,0.0126737831379228));
#8933=CARTESIAN_POINT('',(-0.104273227727757,-0.00233533933820711,0.0139156762203462));
#8934=CARTESIAN_POINT('',(-0.101103796393878,-0.0023353393382071,0.0155062410305815));
#8935=CARTESIAN_POINT('',(-0.0958814754935322,-0.0023353393382071,0.0162395514128254));
#8936=CARTESIAN_POINT('',(-0.0909447783268094,-0.00233533933820709,0.0154443399350669));
#8937=CARTESIAN_POINT('',(-0.0862639749727703,-0.00233533933820708,0.0129694060667949));
#8938=CARTESIAN_POINT('',(-0.0826243951131781,-0.00233533933820708,0.00912400520790174));
#8939=CARTESIAN_POINT('',(-0.0804106179626572,-0.00233533933820707,0.00431428963770488));
#8940=CARTESIAN_POINT('',(-0.079856622656173,-0.00233533933820708,-0.000951364104853211));
#8941=CARTESIAN_POINT('',(-0.0810209526310256,-0.00233533933820707,-0.0061164772843135));
#8942=CARTESIAN_POINT('',(-0.0837805590628759,-0.00233533933820708,-0.0106351751928118));
#8943=CARTESIAN_POINT('',(-0.0878437907067433,-0.00233533933820709,-0.014029901801008));
#8944=CARTESIAN_POINT('',(-0.0927812441468697,-0.0023353393382071,-0.0159418972677779));
#8945=CARTESIAN_POINT('',(-0.098071050075695,-0.0023353393382071,-0.0161690592260551));
#8946=CARTESIAN_POINT('',(-0.103154378723187,-0.00233533933820712,-0.0146875101876851));
#8947=CARTESIAN_POINT('',(-0.107252140900356,-0.00233533933820712,-0.0118219063508557));
#8948=CARTESIAN_POINT('',(-0.110490933603214,-0.00233533933820712,-0.00766010367283125));
#8949=CARTESIAN_POINT('',(-0.111659147288121,-0.00233533933820713,-0.00431189994812643));
#8950=CARTESIAN_POINT('',(-0.111949438673661,-0.00233533933820713,-0.00230060471179351));
#8951=CARTESIAN_POINT('',(-0.105778763164762,-0.00250197900474297,0.0125401590053911));
#8952=CARTESIAN_POINT('',(-0.104187220009844,-0.00250197900474297,0.0137689583734233));
#8953=CARTESIAN_POINT('',(-0.101051205101078,-0.00250197900474297,0.0153427533007041));
#8954=CARTESIAN_POINT('',(-0.0958839449602655,-0.00250197900474295,0.0160683321334674));
#8955=CARTESIAN_POINT('',(-0.0909992971222613,-0.00250197900474295,0.0152815048480086));
#8956=CARTESIAN_POINT('',(-0.086367845119134,-0.00250197900474294,0.0128326650739994));
#8957=CARTESIAN_POINT('',(-0.0827666386264876,-0.00250197900474293,0.00902780762342089));
#8958=CARTESIAN_POINT('',(-0.0805762021054056,-0.00250197900474293,0.00426880256983303));
#8959=CARTESIAN_POINT('',(-0.080028047766717,-0.00250197900474293,-0.000941333539809983));
#8960=CARTESIAN_POINT('',(-0.0811801018036261,-0.00250197900474294,-0.00605198912039179));
#8961=CARTESIAN_POINT('',(-0.0839106127385636,-0.00250197900474294,-0.0105230448124493));
#8962=CARTESIAN_POINT('',(-0.0879310043077488,-0.00250197900474295,-0.0138819796273052));
#8963=CARTESIAN_POINT('',(-0.0928164004460678,-0.00250197900474295,-0.0157738162546763));
#8964=CARTESIAN_POINT('',(-0.0980504340969445,-0.00250197900474297,-0.015998583163699));
#8965=CARTESIAN_POINT('',(-0.103080167428477,-0.00250197900474297,-0.0145326546150622));
#8966=CARTESIAN_POINT('',(-0.107134725462138,-0.00250197900474298,-0.0116972638430269));
#8967=CARTESIAN_POINT('',(-0.110339370437454,-0.00250197900474299,-0.00757934050867968));
#8968=CARTESIAN_POINT('',(-0.111495267235318,-0.00250197900474299,-0.0042664380691526));
#8969=CARTESIAN_POINT('',(-0.111782497976612,-0.00250197900474299,-0.00227634862339899));
#8970=CARTESIAN_POINT('',(-0.105572875503902,-0.00250000000000004,0.0122729701489489));
#8971=CARTESIAN_POINT('',(-0.104015242812619,-0.00250000000000003,0.0134755879095989));
#8972=CARTESIAN_POINT('',(-0.100946045897303,-0.00250000000000003,0.0150158505267769));
#8973=CARTESIAN_POINT('',(-0.0958888827958195,-0.00250000000000002,0.0157259696979874));
#8974=CARTESIAN_POINT('',(-0.091108310474381,-0.00250000000000001,0.0149559070695578));
#8975=CARTESIAN_POINT('',(-0.0865755392317135,-0.0025,0.0125592438827703));
#8976=CARTESIAN_POINT('',(-0.0830510624123514,-0.0025,0.00883545522342446));
#8977=CARTESIAN_POINT('',(-0.0809072967730202,-0.0025,0.00417784865741229));
#8978=CARTESIAN_POINT('',(-0.0803708217730575,-0.0025,-0.000921276869262634));
#8979=CARTESIAN_POINT('',(-0.0814983293919002,-0.0025,-0.00592304146366372));
#8980=CARTESIAN_POINT('',(-0.0841706622687243,-0.00250000000000001,-0.0102988339043309));
#8981=CARTESIAN_POINT('',(-0.0881053927350284,-0.00250000000000001,-0.0135862010453587));
#8982=CARTESIAN_POINT('',(-0.0928866974141492,-0.00250000000000002,-0.0154377289564515));
#8983=CARTESIAN_POINT('',(-0.0980092113052044,-0.00250000000000003,-0.0156577068317918));
#8984=CARTESIAN_POINT('',(-0.102931777833029,-0.00250000000000004,-0.0142230123178299));
#8985=CARTESIAN_POINT('',(-0.106899946788019,-0.00250000000000004,-0.0114480342428052));
#8986=CARTESIAN_POINT('',(-0.11003631149016,-0.00250000000000005,-0.00741785008727556));
#8987=CARTESIAN_POINT('',(-0.111167579989966,-0.00250000000000005,-0.00417553452332906));
#8988=CARTESIAN_POINT('',(-0.111448690803513,-0.00250000000000005,-0.00222784723074556));
#8989=CARTESIAN_POINT('',(-0.104451276843865,-0.0025,0.0130678267937609));
#8990=CARTESIAN_POINT('',(-0.105135598201443,-0.00250000000974335,0.0130130971877613));
#8991=CARTESIAN_POINT('',(-0.105484514158288,-0.00234467351103301,0.0129701210142501));
#8992=CARTESIAN_POINT('',(-0.105484514158287,-0.00200000000000004,0.0129701210142511));
#8993=CARTESIAN_POINT('',(-0.0895119669596945,-0.001999999999999,0.00605855629879477));
#8994=CARTESIAN_POINT('',(-0.105579777859273,-0.001999999999999,0.0130113430702081));
#8995=CARTESIAN_POINT('',(-0.0895119669596951,-0.00233533334348001,0.00605855629879342));
#8996=CARTESIAN_POINT('',(-0.105579777859273,-0.00233533334348001,0.0130113430702068));
#8997=CARTESIAN_POINT('',(-0.0894449604703048,-0.0025019397661257,0.00621340753125099));
#8998=CARTESIAN_POINT('',(-0.105512771369883,-0.0025019397661257,0.0131661943026643));
#8999=CARTESIAN_POINT('',(-0.0893110122464561,-0.00249998232528277,0.00652296034825722));
#9000=CARTESIAN_POINT('',(-0.105378823146035,-0.00249998232528277,0.0134757471196706));
#9001=CARTESIAN_POINT('',(-0.0446430445061371,0.0015,0.000244325146987613));
#9002=CARTESIAN_POINT('',(-0.0446430445061371,0.002,0.000244325146987613));
#9003=CARTESIAN_POINT('',(-0.0448509775146681,0.002,0.000244325146987613));
#9004=CARTESIAN_POINT('',(-0.0444351114976061,0.002,0.000244325146987613));
#9005=CARTESIAN_POINT('',(-0.0448509775146681,0.0015,0.000244325146987613));
#9006=CARTESIAN_POINT('',(-0.0448509775146681,0.0015,0.000244325146987613));
#9007=CARTESIAN_POINT('',(-0.0446430445061371,0.0015,0.000244325146987613));
#9008=CARTESIAN_POINT('',(-0.0444351114976061,0.0015,0.000244325146987613));
#9009=CARTESIAN_POINT('',(-0.0444351114976061,0.0015,0.000244325146987613));
#9010=CARTESIAN_POINT('',(-0.0448509775146681,0.0015,-0.0005613609988026));
#9011=CARTESIAN_POINT('',(-0.0448509775146681,0.002,-0.0005613609988026));
#9012=CARTESIAN_POINT('',(-0.0448509775146681,0.002,-0.00136704714459281));
#9013=CARTESIAN_POINT('',(-0.0448509775146681,0.0015,-0.00136704714459281));
#9014=CARTESIAN_POINT('',(-0.0448509775146681,0.0015,-0.00136704714459281));
#9015=CARTESIAN_POINT('',(-0.0448509775146681,0.0015,-0.0005613609988026));
#9016=CARTESIAN_POINT('',(-0.0445931232201641,0.0015,-0.00136704714459281));
#9017=CARTESIAN_POINT('',(-0.0445931232201641,0.002,-0.00136704714459281));
#9018=CARTESIAN_POINT('',(-0.0443352689256601,0.002,-0.00136704714459281));
#9019=CARTESIAN_POINT('',(-0.0443352689256601,0.0015,-0.00136704714459281));
#9020=CARTESIAN_POINT('',(-0.0443352689256601,0.0015,-0.00136704714459281));
#9021=CARTESIAN_POINT('',(-0.0445931232201641,0.0015,-0.00136704714459281));
#9022=CARTESIAN_POINT('',(-0.0435321873687032,0.0015,-0.00117474166906207));
#9023=CARTESIAN_POINT('',(-0.0435321873687032,0.002,-0.00117474166906207));
#9024=CARTESIAN_POINT('',(-0.0437040902317059,0.0015,-0.0013029453194159));
#9025=CARTESIAN_POINT('',(-0.0437040902317059,0.002,-0.0013029453194159));
#9026=CARTESIAN_POINT('',(-0.0439717840840249,0.0015,-0.00136704714459281));
#9027=CARTESIAN_POINT('',(-0.0439717840840249,0.002,-0.00136704714459281));
#9028=CARTESIAN_POINT('',(-0.0443352689256601,0.0015,-0.00136704714459281));
#9029=CARTESIAN_POINT('',(-0.0443352689256601,0.002,-0.00136704714459281));
#9030=CARTESIAN_POINT('',(-0.0435321873687032,0.002,-0.00117474166906207));
#9031=CARTESIAN_POINT('',(-0.0437900416632073,0.002,-0.00136704714459281));
#9032=CARTESIAN_POINT('',(-0.0443352689256601,0.002,-0.00136704714459281));
#9033=CARTESIAN_POINT('',(-0.0435321873687032,0.002,-0.00117474166906207));
#9034=CARTESIAN_POINT('',(-0.0435321873687032,0.0015,-0.00117474166906207));
#9035=CARTESIAN_POINT('',(-0.0435321873687032,0.0015,-0.00117474166906207));
#9036=CARTESIAN_POINT('',(-0.0435321873687032,0.0015,-0.00117474166906207));
#9037=CARTESIAN_POINT('',(-0.0437900416632073,0.0015,-0.00136704714459281));
#9038=CARTESIAN_POINT('',(-0.0443352689256601,0.0015,-0.00136704714459281));
#9039=CARTESIAN_POINT('',(-0.0432743330741993,0.0015,-0.000589143279691917));
#9040=CARTESIAN_POINT('',(-0.0432743330741993,0.002,-0.000589143279691917));
#9041=CARTESIAN_POINT('',(-0.0432743330741993,0.0015,-0.000851338555584853));
#9042=CARTESIAN_POINT('',(-0.0432743330741993,0.002,-0.000851338555584853));
#9043=CARTESIAN_POINT('',(-0.0433602845057006,0.0015,-0.00104653801870824));
#9044=CARTESIAN_POINT('',(-0.0433602845057006,0.002,-0.00104653801870824));
#9045=CARTESIAN_POINT('',(-0.0435321873687032,0.0015,-0.00117474166906207));
#9046=CARTESIAN_POINT('',(-0.0435321873687032,0.002,-0.00117474166906207));
#9047=CARTESIAN_POINT('',(-0.0432743330741993,0.002,-0.000589143279691917));
#9048=CARTESIAN_POINT('',(-0.0432743330741993,0.002,-0.000982436193531321));
#9049=CARTESIAN_POINT('',(-0.0435321873687032,0.002,-0.00117474166906207));
#9050=CARTESIAN_POINT('',(-0.0432743330741993,0.002,-0.000589143279691917));
#9051=CARTESIAN_POINT('',(-0.0432743330741993,0.0015,-0.000589143279691917));
#9052=CARTESIAN_POINT('',(-0.0432743330741993,0.0015,-0.000589143279691917));
#9053=CARTESIAN_POINT('',(-0.0432743330741993,0.0015,-0.000589143279691917));
#9054=CARTESIAN_POINT('',(-0.0432743330741993,0.0015,-0.000982436193531321));
#9055=CARTESIAN_POINT('',(-0.0435321873687032,0.0015,-0.00117474166906207));
#9056=CARTESIAN_POINT('',(-0.0435482489998424,0.0015,4.63763956512252E-5));
#9057=CARTESIAN_POINT('',(-0.0435482489998424,0.002,4.63763956512252E-5));
#9058=CARTESIAN_POINT('',(-0.043365638382747,0.0015,-8.5589438573034E-5));
#9059=CARTESIAN_POINT('',(-0.043365638382747,0.002,-8.5589438573034E-5));
#9060=CARTESIAN_POINT('',(-0.0432743330741993,0.0015,-0.000297429330354081));
#9061=CARTESIAN_POINT('',(-0.0432743330741993,0.002,-0.000297429330354081));
#9062=CARTESIAN_POINT('',(-0.0432743330741993,0.0015,-0.000589143279691917));
#9063=CARTESIAN_POINT('',(-0.0432743330741993,0.002,-0.000589143279691917));
#9064=CARTESIAN_POINT('',(-0.0435482489998424,0.002,4.63763956512252E-5));
#9065=CARTESIAN_POINT('',(-0.0432743330741993,0.002,-0.000151572355685164));
#9066=CARTESIAN_POINT('',(-0.0432743330741993,0.002,-0.000589143279691917));
#9067=CARTESIAN_POINT('',(-0.0435482489998424,0.002,4.63763956512252E-5));
#9068=CARTESIAN_POINT('',(-0.0435482489998424,0.0015,4.63763956512252E-5));
#9069=CARTESIAN_POINT('',(-0.0435482489998424,0.0015,4.63763956512252E-5));
#9070=CARTESIAN_POINT('',(-0.0435482489998424,0.0015,4.63763956512252E-5));
#9071=CARTESIAN_POINT('',(-0.0432743330741993,0.0015,-0.000151572355685164));
#9072=CARTESIAN_POINT('',(-0.0432743330741993,0.0015,-0.000589143279691917));
#9073=CARTESIAN_POINT('',(-0.0427968251214141,0.0015,-0.000610848186636697));
#9074=CARTESIAN_POINT('',(-0.0427968251214141,0.002,-0.000610848186636697));
#9075=CARTESIAN_POINT('',(-0.0427968251214141,0.0015,-0.000209162708778645));
#9076=CARTESIAN_POINT('',(-0.0427968251214141,0.002,-0.000209162708778645));
#9077=CARTESIAN_POINT('',(-0.0429338554339255,0.0015,9.97704667353826E-5));
#9078=CARTESIAN_POINT('',(-0.0429338554339255,0.002,9.97704667353826E-5));
#9079=CARTESIAN_POINT('',(-0.0432079160589482,0.0015,0.000315951339905386));
#9080=CARTESIAN_POINT('',(-0.0432079160589482,0.002,0.000315951339905386));
#9081=CARTESIAN_POINT('',(-0.0427968251214141,0.0015,-0.000610848186636697));
#9082=CARTESIAN_POINT('',(-0.0427968251214141,0.0015,-0.000610848186636697));
#9083=CARTESIAN_POINT('',(-0.0427968251214141,0.0015,-0.000610848186636697));
#9084=CARTESIAN_POINT('',(-0.0427968251214141,0.0015,-8.31996984961914E-6));
#9085=CARTESIAN_POINT('',(-0.0432079160589482,0.0015,0.000315951339905386));
#9086=CARTESIAN_POINT('',(-0.0432079160589482,0.0015,0.000315951339905386));
#9087=CARTESIAN_POINT('',(-0.0432079160589482,0.0015,0.000315951339905386));
#9088=CARTESIAN_POINT('',(-0.0442831771489927,0.0015,-0.00176641743237676));
#9089=CARTESIAN_POINT('',(-0.0442831771489927,0.002,-0.00176641743237676));
#9090=CARTESIAN_POINT('',(-0.0432922757972736,0.0015,-0.00176641743237676));
#9091=CARTESIAN_POINT('',(-0.0432922757972736,0.002,-0.00176641743237676));
#9092=CARTESIAN_POINT('',(-0.0427968251214141,0.0015,-0.00138122768379674));
#9093=CARTESIAN_POINT('',(-0.0427968251214141,0.002,-0.00138122768379674));
#9094=CARTESIAN_POINT('',(-0.0427968251214141,0.0015,-0.000610848186636697));
#9095=CARTESIAN_POINT('',(-0.0427968251214141,0.002,-0.000610848186636697));
#9096=CARTESIAN_POINT('',(-0.0442831771489927,0.0015,-0.00176641743237676));
#9097=CARTESIAN_POINT('',(-0.0442831771489927,0.0015,-0.00176641743237676));
#9098=CARTESIAN_POINT('',(-0.0442831771489927,0.0015,-0.00176641743237676));
#9099=CARTESIAN_POINT('',(-0.0427968251214141,0.0015,-0.00176641743237676));
#9100=CARTESIAN_POINT('',(-0.0427968251214141,0.0015,-0.000610848186636697));
#9101=CARTESIAN_POINT('',(-0.0447975834435839,0.0015,-0.00176641743237676));
#9102=CARTESIAN_POINT('',(-0.0453119897381752,0.0015,-0.00176641743237676));
#9103=CARTESIAN_POINT('',(-0.0453119897381752,0.0015,-0.00176641743237676));
#9104=CARTESIAN_POINT('',(-0.0447975834435839,0.0015,-0.00176641743237676));
#9105=CARTESIAN_POINT('',(-0.0453119897381752,0.0015,0.000216976964237191));
#9106=CARTESIAN_POINT('',(-0.0453119897381752,0.0015,0.00220037136085114));
#9107=CARTESIAN_POINT('',(-0.0453119897381752,0.0015,0.00220037136085114));
#9108=CARTESIAN_POINT('',(-0.0453119897381752,0.0015,0.000216976964237191));
#9109=CARTESIAN_POINT('',(-0.0450814836264216,0.0015,0.00220037136085114));
#9110=CARTESIAN_POINT('',(-0.0448509775146681,0.0015,0.00220037136085114));
#9111=CARTESIAN_POINT('',(-0.0448509775146681,0.0015,0.00220037136085114));
#9112=CARTESIAN_POINT('',(-0.0450814836264216,0.0015,0.00220037136085114));
#9113=CARTESIAN_POINT('',(-0.0448509775146681,0.0015,0.00142029700525576));
#9114=CARTESIAN_POINT('',(-0.0448509775146681,0.0015,0.000640222649660391));
#9115=CARTESIAN_POINT('',(-0.0448509775146681,0.0015,0.000640222649660391));
#9116=CARTESIAN_POINT('',(-0.0448509775146681,0.0015,0.00142029700525576));
#9117=CARTESIAN_POINT('',(-0.0446174327159422,0.0015,0.000640222649660391));
#9118=CARTESIAN_POINT('',(-0.0443838879172164,0.0015,0.000640222649660391));
#9119=CARTESIAN_POINT('',(-0.0443838879172164,0.0015,0.000640222649660391));
#9120=CARTESIAN_POINT('',(-0.0446174327159422,0.0015,0.000640222649660391));
#9121=CARTESIAN_POINT('',(-0.0432079160589482,0.0015,0.000315951339905386));
#9122=CARTESIAN_POINT('',(-0.0432079160589482,0.002,0.000315951339905386));
#9123=CARTESIAN_POINT('',(-0.043481976683971,0.0015,0.000532132213075389));
#9124=CARTESIAN_POINT('',(-0.043481976683971,0.002,0.000532132213075389));
#9125=CARTESIAN_POINT('',(-0.0438739673033937,0.0015,0.000640222649660391));
#9126=CARTESIAN_POINT('',(-0.0438739673033937,0.002,0.000640222649660391));
#9127=CARTESIAN_POINT('',(-0.0443838879172164,0.0015,0.000640222649660391));
#9128=CARTESIAN_POINT('',(-0.0443838879172164,0.002,0.000640222649660391));
#9129=CARTESIAN_POINT('',(-0.0432079160589482,0.0015,0.000315951339905386));
#9130=CARTESIAN_POINT('',(-0.0436190069964824,0.0015,0.000640222649660391));
#9131=CARTESIAN_POINT('',(-0.0443838879172164,0.0015,0.000640222649660391));
#9132=CARTESIAN_POINT('',(-0.0444351114976061,0.0015,0.000244325146987613));
#9133=CARTESIAN_POINT('',(-0.0444351114976061,0.002,0.000244325146987613));
#9134=CARTESIAN_POINT('',(-0.0440264804495257,0.0015,0.000244325146987613));
#9135=CARTESIAN_POINT('',(-0.0440264804495257,0.002,0.000244325146987613));
#9136=CARTESIAN_POINT('',(-0.0437308596169378,0.0015,0.000178342229875484));
#9137=CARTESIAN_POINT('',(-0.0437308596169378,0.002,0.000178342229875484));
#9138=CARTESIAN_POINT('',(-0.0435482489998424,0.0015,4.63763956512252E-5));
#9139=CARTESIAN_POINT('',(-0.0435482489998424,0.002,4.63763956512252E-5));
#9140=CARTESIAN_POINT('',(-0.0444351114976061,0.002,0.000244325146987613));
#9141=CARTESIAN_POINT('',(-0.0438221649254856,0.002,0.000244325146987613));
#9142=CARTESIAN_POINT('',(-0.0435482489998424,0.002,4.63763956512252E-5));
#9143=CARTESIAN_POINT('',(-0.0444351114976061,0.0015,0.000244325146987613));
#9144=CARTESIAN_POINT('',(-0.0438221649254856,0.0015,0.000244325146987613));
#9145=CARTESIAN_POINT('',(-0.0435482489998424,0.0015,4.63763956512252E-5));
#9146=CARTESIAN_POINT('',(-0.0363673975862316,0.0015,0.000216108767959401));
#9147=CARTESIAN_POINT('',(-0.0289668925143396,0.0015,0.00220037136085114));
#9148=CARTESIAN_POINT('',(-0.0278612445545725,0.0015,0.00220037136085114));
#9149=CARTESIAN_POINT('',(-0.0278612445545725,0.0015,0.00220037136085114));
#9150=CARTESIAN_POINT('',(-0.0289668925143396,0.0015,0.00220037136085114));
#9151=CARTESIAN_POINT('',(-0.0300725404741067,0.0015,0.00220037136085114));
#9152=CARTESIAN_POINT('',(-0.0300725404741067,0.0015,0.00220037136085114));
#9153=CARTESIAN_POINT('',(-0.0278612445545725,0.0015,0.00199417474487573));
#9154=CARTESIAN_POINT('',(-0.0278612445545725,0.0015,0.00178797812890033));
#9155=CARTESIAN_POINT('',(-0.0278612445545725,0.0015,0.00178797812890033));
#9156=CARTESIAN_POINT('',(-0.0278612445545725,0.0015,0.00199417474487573));
#9157=CARTESIAN_POINT('',(-0.028736386402586,0.0015,0.00178797812890033));
#9158=CARTESIAN_POINT('',(-0.0296115282505995,0.0015,0.00178797812890033));
#9159=CARTESIAN_POINT('',(-0.0296115282505995,0.0015,0.00178797812890033));
#9160=CARTESIAN_POINT('',(-0.028736386402586,0.0015,0.00178797812890033));
#9161=CARTESIAN_POINT('',(-0.0296115282505995,0.0015,0.00105825915741684));
#9162=CARTESIAN_POINT('',(-0.0296115282505995,0.0015,0.000328540185933358));
#9163=CARTESIAN_POINT('',(-0.0296115282505995,0.0015,0.000328540185933358));
#9164=CARTESIAN_POINT('',(-0.0296115282505995,0.0015,0.00105825915741684));
#9165=CARTESIAN_POINT('',(-0.0287893463755313,0.0015,0.000328540185933358));
#9166=CARTESIAN_POINT('',(-0.027967164500463,0.0015,0.000328540185933358));
#9167=CARTESIAN_POINT('',(-0.027967164500463,0.0015,0.000328540185933358));
#9168=CARTESIAN_POINT('',(-0.0287893463755313,0.0015,0.000328540185933358));
#9169=CARTESIAN_POINT('',(-0.027967164500463,0.0015,0.000124948158791327));
#9170=CARTESIAN_POINT('',(-0.027967164500463,0.0015,-7.86438683507045E-5));
#9171=CARTESIAN_POINT('',(-0.027967164500463,0.0015,-7.86438683507045E-5));
#9172=CARTESIAN_POINT('',(-0.027967164500463,0.0015,0.000124948158791327));
#9173=CARTESIAN_POINT('',(-0.0287893463755313,0.0015,-7.86438683507045E-5));
#9174=CARTESIAN_POINT('',(-0.0296115282505995,0.0015,-7.86438683507045E-5));
#9175=CARTESIAN_POINT('',(-0.0296115282505995,0.0015,-7.86438683507045E-5));
#9176=CARTESIAN_POINT('',(-0.0287893463755313,0.0015,-7.86438683507045E-5));
#9177=CARTESIAN_POINT('',(-0.0296115282505995,0.0015,-0.000717636328805011));
#9178=CARTESIAN_POINT('',(-0.0296115282505995,0.0015,-0.00135662878925932));
#9179=CARTESIAN_POINT('',(-0.0296115282505995,0.0015,-0.00135662878925932));
#9180=CARTESIAN_POINT('',(-0.0296115282505995,0.0015,-0.000717636328805011));
#9181=CARTESIAN_POINT('',(-0.028736386402586,0.0015,-0.00135662878925932));
#9182=CARTESIAN_POINT('',(-0.0278612445545725,0.0015,-0.00135662878925932));
#9183=CARTESIAN_POINT('',(-0.0278612445545725,0.0015,-0.00135662878925932));
#9184=CARTESIAN_POINT('',(-0.028736386402586,0.0015,-0.00135662878925932));
#9185=CARTESIAN_POINT('',(-0.0278612445545725,0.0015,-0.00156152311081804));
#9186=CARTESIAN_POINT('',(-0.0278612445545725,0.0015,-0.00176641743237676));
#9187=CARTESIAN_POINT('',(-0.0278612445545725,0.0015,-0.00176641743237676));
#9188=CARTESIAN_POINT('',(-0.0278612445545725,0.0015,-0.00156152311081804));
#9189=CARTESIAN_POINT('',(-0.0289668925143396,0.0015,-0.00176641743237676));
#9190=CARTESIAN_POINT('',(-0.0300725404741067,0.0015,-0.00176641743237676));
#9191=CARTESIAN_POINT('',(-0.0300725404741067,0.0015,-0.00176641743237676));
#9192=CARTESIAN_POINT('',(-0.0289668925143396,0.0015,-0.00176641743237676));
#9193=CARTESIAN_POINT('',(-0.0300725404741067,0.0015,0.000216976964237191));
#9194=CARTESIAN_POINT('',(-0.0300725404741067,0.0015,0.000216976964237191));
#9195=CARTESIAN_POINT('',(-0.0363673975862316,0.0015,0.000216108767959401));
#9196=CARTESIAN_POINT('',(-0.0314260584711831,0.0015,0.00220037136085114));
#9197=CARTESIAN_POINT('',(-0.0311629949990124,0.0015,0.00220037136085114));
#9198=CARTESIAN_POINT('',(-0.0311629949990124,0.0015,0.00220037136085114));
#9199=CARTESIAN_POINT('',(-0.0314260584711831,0.0015,0.00220037136085114));
#9200=CARTESIAN_POINT('',(-0.0316891219433538,0.0015,0.00220037136085114));
#9201=CARTESIAN_POINT('',(-0.0316891219433538,0.0015,0.00220037136085114));
#9202=CARTESIAN_POINT('',(-0.0311629949990124,0.0015,0.000216976964237191));
#9203=CARTESIAN_POINT('',(-0.0311629949990124,0.0015,-0.00176641743237676));
#9204=CARTESIAN_POINT('',(-0.0311629949990124,0.0015,-0.00176641743237676));
#9205=CARTESIAN_POINT('',(-0.0311629949990124,0.0015,0.000216976964237191));
#9206=CARTESIAN_POINT('',(-0.0313787417740434,0.0015,-0.00176641743237676));
#9207=CARTESIAN_POINT('',(-0.0315944885490746,0.0015,-0.00176641743237676));
#9208=CARTESIAN_POINT('',(-0.0315944885490746,0.0015,-0.00176641743237676));
#9209=CARTESIAN_POINT('',(-0.0313787417740434,0.0015,-0.00176641743237676));
#9210=CARTESIAN_POINT('',(-0.0315944885490746,0.0015,-0.00062821211219252));
#9211=CARTESIAN_POINT('',(-0.0315944885490746,0.0015,0.000509993207991714));
#9212=CARTESIAN_POINT('',(-0.0315948527548875,0.0015,0.000509991246203463));
#9213=CARTESIAN_POINT('',(-0.0315944885490746,0.0015,-0.00062821211219252));
#9214=CARTESIAN_POINT('',(-0.0227103656540501,0.0015,0.000557847380823839));
#9215=CARTESIAN_POINT('',(-0.0315805974086299,0.0015,0.00107866176994494));
#9216=CARTESIAN_POINT('',(-0.0315803337930255,0.0015,0.00107864549236497));
#9217=CARTESIAN_POINT('',(-0.0227103656540501,0.0015,0.000557847380823839));
#9218=CARTESIAN_POINT('',(0.0107568494408625,0.0015,-0.000843354293972375));
#9219=CARTESIAN_POINT('',(-0.0315564957839401,0.0015,0.00154922415250775));
#9220=CARTESIAN_POINT('',(-0.0315564957839401,0.0015,0.00154922415250775));
#9221=CARTESIAN_POINT('',(0.0107568494408625,0.0015,-0.000843354293972375));
#9222=CARTESIAN_POINT('',(-0.0315671403663241,0.0015,0.00154922415250775));
#9223=CARTESIAN_POINT('',(-0.0315779928197966,0.0015,0.00154922415250775));
#9224=CARTESIAN_POINT('',(-0.0315779928197966,0.0015,0.00154922415250775));
#9225=CARTESIAN_POINT('',(-0.0315671403663241,0.0015,0.00154922415250775));
#9226=CARTESIAN_POINT('',(-0.0326593312837855,0.0015,-0.0001085966399345));
#9227=CARTESIAN_POINT('',(-0.0337406697477744,0.0015,-0.00176641743237676));
#9228=CARTESIAN_POINT('',(-0.0337406697477744,0.0015,-0.00176641743237676));
#9229=CARTESIAN_POINT('',(-0.0326593312837855,0.0015,-0.0001085966399345));
#9230=CARTESIAN_POINT('',(-0.0340011286311118,0.0015,-0.00176641743237676));
#9231=CARTESIAN_POINT('',(-0.0342615875144491,0.0015,-0.00176641743237676));
#9232=CARTESIAN_POINT('',(-0.0342615875144491,0.0015,-0.00176641743237676));
#9233=CARTESIAN_POINT('',(-0.0340011286311118,0.0015,-0.00176641743237676));
#9234=CARTESIAN_POINT('',(-0.0342615875144491,0.0015,0.000216976964237191));
#9235=CARTESIAN_POINT('',(-0.0342615875144491,0.0015,0.00220037136085114));
#9236=CARTESIAN_POINT('',(-0.0342615875144491,0.0015,0.00220037136085114));
#9237=CARTESIAN_POINT('',(-0.0342615875144491,0.0015,0.000216976964237191));
#9238=CARTESIAN_POINT('',(-0.0340484453282514,0.0015,0.00220037136085114));
#9239=CARTESIAN_POINT('',(-0.0338353031420536,0.0015,0.00220037136085114));
#9240=CARTESIAN_POINT('',(-0.0338353031420536,0.0015,0.00220037136085114));
#9241=CARTESIAN_POINT('',(-0.0340484453282514,0.0015,0.00220037136085114));
#9242=CARTESIAN_POINT('',(-0.0338353031420536,0.0015,0.00107301849413929));
#9243=CARTESIAN_POINT('',(-0.0338353031420536,0.0015,-5.43343725725514E-5));
#9244=CARTESIAN_POINT('',(-0.0338351427527179,0.0015,-5.43350730991521E-5));
#9245=CARTESIAN_POINT('',(-0.0338353031420536,0.0015,0.00107301849413929));
#9246=CARTESIAN_POINT('',(-0.0485188961918816,0.0015,9.79861662417495E-6));
#9247=CARTESIAN_POINT('',(-0.0338790128032707,0.0015,-0.00112829316820024));
#9248=CARTESIAN_POINT('',(-0.0338787129559432,0.0015,-0.00112829316820024));
#9249=CARTESIAN_POINT('',(-0.0485188961918816,0.0015,9.79861662417495E-6));
#9250=CARTESIAN_POINT('',(-0.0338678605024708,0.0015,-0.00112829316820024));
#9251=CARTESIAN_POINT('',(-0.0338570080489984,0.0015,-0.00112829316820024));
#9252=CARTESIAN_POINT('',(-0.0338570080489984,0.0015,-0.00112829316820024));
#9253=CARTESIAN_POINT('',(-0.0338678605024708,0.0015,-0.00112829316820024));
#9254=CARTESIAN_POINT('',(-0.0327730649961761,0.0015,0.000536039096325449));
#9255=CARTESIAN_POINT('',(-0.0327730649961761,0.0015,0.000536039096325449));
#9256=CARTESIAN_POINT('',(-0.0363673975862316,0.0015,0.000216108767959401));
#9257=CARTESIAN_POINT('',(-0.0356151055115255,0.0015,0.00220037136085114));
#9258=CARTESIAN_POINT('',(-0.0353520420393548,0.0015,0.00220037136085114));
#9259=CARTESIAN_POINT('',(-0.0353520420393548,0.0015,0.00220037136085114));
#9260=CARTESIAN_POINT('',(-0.0356151055115255,0.0015,0.00220037136085114));
#9261=CARTESIAN_POINT('',(-0.0358781689836963,0.0015,0.00220037136085114));
#9262=CARTESIAN_POINT('',(-0.0358781689836963,0.0015,0.00220037136085114));
#9263=CARTESIAN_POINT('',(-0.0353520420393548,0.0015,0.000216976964237191));
#9264=CARTESIAN_POINT('',(-0.0353520420393548,0.0015,-0.00176641743237676));
#9265=CARTESIAN_POINT('',(-0.0353520420393548,0.0015,-0.00176641743237676));
#9266=CARTESIAN_POINT('',(-0.0353520420393548,0.0015,0.000216976964237191));
#9267=CARTESIAN_POINT('',(-0.0355677888143859,0.0015,-0.00176641743237676));
#9268=CARTESIAN_POINT('',(-0.035783535589417,0.0015,-0.00176641743237676));
#9269=CARTESIAN_POINT('',(-0.035783535589417,0.0015,-0.00176641743237676));
#9270=CARTESIAN_POINT('',(-0.0355677888143859,0.0015,-0.00176641743237676));
#9271=CARTESIAN_POINT('',(-0.035783535589417,0.0015,-0.00062821211219252));
#9272=CARTESIAN_POINT('',(-0.035783535589417,0.0015,0.000509993207991714));
#9273=CARTESIAN_POINT('',(-0.0357838997952299,0.0015,0.000509991246203462));
#9274=CARTESIAN_POINT('',(-0.035783535589417,0.0015,-0.00062821211219252));
#9275=CARTESIAN_POINT('',(-0.0268994126944285,0.0015,0.000557847380825283));
#9276=CARTESIAN_POINT('',(-0.0357696444489723,0.0015,0.00107866176994494));
#9277=CARTESIAN_POINT('',(-0.035769380833368,0.0015,0.00107864549236497));
#9278=CARTESIAN_POINT('',(-0.0268994126944285,0.0015,0.000557847380825283));
#9279=CARTESIAN_POINT('',(0.00656780240100273,0.0015,-0.000843354293996406));
#9280=CARTESIAN_POINT('',(-0.0357455428242826,0.0015,0.00154922415250775));
#9281=CARTESIAN_POINT('',(-0.0357455428242826,0.0015,0.00154922415250775));
#9282=CARTESIAN_POINT('',(0.00656780240100273,0.0015,-0.000843354293996406));
#9283=CARTESIAN_POINT('',(-0.0357561874066666,0.0015,0.00154922415250775));
#9284=CARTESIAN_POINT('',(-0.035767039860139,0.0015,0.00154922415250775));
#9285=CARTESIAN_POINT('',(-0.035767039860139,0.0015,0.00154922415250775));
#9286=CARTESIAN_POINT('',(-0.0357561874066666,0.0015,0.00154922415250775));
#9287=CARTESIAN_POINT('',(-0.0368483783241279,0.0015,-0.0001085966399345));
#9288=CARTESIAN_POINT('',(-0.0379297167881168,0.0015,-0.00176641743237676));
#9289=CARTESIAN_POINT('',(-0.0379297167881168,0.0015,-0.00176641743237676));
#9290=CARTESIAN_POINT('',(-0.0368483783241279,0.0015,-0.0001085966399345));
#9291=CARTESIAN_POINT('',(-0.0381901756714541,0.0015,-0.00176641743237676));
#9292=CARTESIAN_POINT('',(-0.0384506345547915,0.0015,-0.00176641743237676));
#9293=CARTESIAN_POINT('',(-0.0384506345547915,0.0015,-0.00176641743237676));
#9294=CARTESIAN_POINT('',(-0.0381901756714541,0.0015,-0.00176641743237676));
#9295=CARTESIAN_POINT('',(-0.0384506345547915,0.0015,0.000216976964237191));
#9296=CARTESIAN_POINT('',(-0.0384506345547915,0.0015,0.00220037136085114));
#9297=CARTESIAN_POINT('',(-0.0384506345547915,0.0015,0.00220037136085114));
#9298=CARTESIAN_POINT('',(-0.0384506345547915,0.0015,0.000216976964237191));
#9299=CARTESIAN_POINT('',(-0.0382374923685938,0.0015,0.00220037136085114));
#9300=CARTESIAN_POINT('',(-0.038024350182396,0.0015,0.00220037136085114));
#9301=CARTESIAN_POINT('',(-0.038024350182396,0.0015,0.00220037136085114));
#9302=CARTESIAN_POINT('',(-0.0382374923685938,0.0015,0.00220037136085114));
#9303=CARTESIAN_POINT('',(-0.038024350182396,0.0015,0.00107301849413929));
#9304=CARTESIAN_POINT('',(-0.038024350182396,0.0015,-5.43343725725514E-5));
#9305=CARTESIAN_POINT('',(-0.0380241897930603,0.0015,-5.43350730991532E-5));
#9306=CARTESIAN_POINT('',(-0.038024350182396,0.0015,0.00107301849413929));
#9307=CARTESIAN_POINT('',(-0.0527079432322322,0.0015,9.79861662424625E-6));
#9308=CARTESIAN_POINT('',(-0.0380680598436131,0.0015,-0.00112829316820024));
#9309=CARTESIAN_POINT('',(-0.0380677599962856,0.0015,-0.00112829316820024));
#9310=CARTESIAN_POINT('',(-0.0527079432322322,0.0015,9.79861662424625E-6));
#9311=CARTESIAN_POINT('',(-0.0380569075428132,0.0015,-0.00112829316820024));
#9312=CARTESIAN_POINT('',(-0.0380460550893408,0.0015,-0.00112829316820024));
#9313=CARTESIAN_POINT('',(-0.0380460550893408,0.0015,-0.00112829316820024));
#9314=CARTESIAN_POINT('',(-0.0380569075428132,0.0015,-0.00112829316820024));
#9315=CARTESIAN_POINT('',(-0.0369621120365186,0.0015,0.000536039096325449));
#9316=CARTESIAN_POINT('',(-0.0369621120365186,0.0015,0.000536039096325449));
#9317=CARTESIAN_POINT('',(-0.0363673975862316,0.0015,0.000216108767959401));
#9318=CARTESIAN_POINT('',(-0.0403415660478207,0.0015,-9.0798616239781E-5));
#9319=CARTESIAN_POINT('',(-0.0403415660478207,0.002,-9.0798616239781E-5));
#9320=CARTESIAN_POINT('',(-0.0401106258379283,0.002,0.000523884348436373));
#9321=CARTESIAN_POINT('',(-0.040572700666366,0.002,-0.000705409516007272));
#9322=CARTESIAN_POINT('',(-0.0401106258379283,0.0015,0.000523884348436373));
#9323=CARTESIAN_POINT('',(-0.0401106258379283,0.0015,0.000523884348436373));
#9324=CARTESIAN_POINT('',(-0.0403415660478207,0.0015,-9.0798616239781E-5));
#9325=CARTESIAN_POINT('',(-0.040572700666366,0.00150000025,-0.000705409516007266));
#9326=CARTESIAN_POINT('',(-0.0405725062577131,0.0015,-0.000705481580915935));
#9327=CARTESIAN_POINT('',(-0.0407522228872159,0.0015,0.000523884348436373));
#9328=CARTESIAN_POINT('',(-0.0407522228872159,0.002,0.000523884348436373));
#9329=CARTESIAN_POINT('',(-0.0413938199365036,0.002,0.000523884348436373));
#9330=CARTESIAN_POINT('',(-0.0413938199365036,0.0015,0.000523884348436373));
#9331=CARTESIAN_POINT('',(-0.0413938199365036,0.0015,0.000523884348436373));
#9332=CARTESIAN_POINT('',(-0.0407522228872159,0.0015,0.000523884348436373));
#9333=CARTESIAN_POINT('',(-0.0411607092359167,0.0015,-9.0798616239781E-5));
#9334=CARTESIAN_POINT('',(-0.0411607092359167,0.002,-9.0798616239781E-5));
#9335=CARTESIAN_POINT('',(-0.0409277389431907,0.002,-0.000705532675613048));
#9336=CARTESIAN_POINT('',(-0.0409275985353298,0.0015,-0.000705481580915935));
#9337=CARTESIAN_POINT('',(-0.0409277389431907,0.0015,-0.000705532675613048));
#9338=CARTESIAN_POINT('',(-0.0411607092359167,0.0015,-9.0798616239781E-5));
#9339=CARTESIAN_POINT('',(-0.0458115612045394,0.0015,-0.00248276521479027));
#9340=CARTESIAN_POINT('',(-0.0458115612045394,0.002,-0.00248276521479027));
#9341=CARTESIAN_POINT('',(-0.0407562110514133,0.002,-0.00127771037416265));
#9342=CARTESIAN_POINT('',(-0.0407562110507241,0.0015,-0.0012777103741733));
#9343=CARTESIAN_POINT('',(-0.0407562110514133,0.0015,-0.00127771037416265));
#9344=CARTESIAN_POINT('',(-0.0458115612045394,0.0015,-0.00248276521479027));
#9345=CARTESIAN_POINT('',(-0.0397203716110611,0.0015,0.00156962676503584));
#9346=CARTESIAN_POINT('',(-0.0394733697700295,0.0015,0.00220037136085114));
#9347=CARTESIAN_POINT('',(-0.0394733697700295,0.0015,0.00220037136085114));
#9348=CARTESIAN_POINT('',(-0.0397203716110611,0.0015,0.00156962676503584));
#9349=CARTESIAN_POINT('',(-0.0399673734520927,0.0015,0.000938882169220556));
#9350=CARTESIAN_POINT('',(-0.0399673734520927,0.0015,0.000938882169220556));
#9351=CARTESIAN_POINT('',(-0.039234615793637,0.0015,0.00220037136085114));
#9352=CARTESIAN_POINT('',(-0.0389958618172444,0.0015,0.00220037136085114));
#9353=CARTESIAN_POINT('',(-0.0389958618172444,0.0015,0.00220037136085114));
#9354=CARTESIAN_POINT('',(-0.039234615793637,0.0015,0.00220037136085114));
#9355=CARTESIAN_POINT('',(-0.0397759361728397,0.0015,0.000208729099598176));
#9356=CARTESIAN_POINT('',(-0.0405560105284351,0.0015,-0.00178291316165478));
#9357=CARTESIAN_POINT('',(-0.0405560105284351,0.0015,-0.00178291316165478));
#9358=CARTESIAN_POINT('',(-0.0397759361728397,0.0015,0.000208729099598176));
#9359=CARTESIAN_POINT('',(-0.0407500523965214,0.0015,-0.00178291316165478));
#9360=CARTESIAN_POINT('',(-0.0409440942646078,0.0015,-0.00178291316165478));
#9361=CARTESIAN_POINT('',(-0.0409440942646078,0.0015,-0.00178291316165478));
#9362=CARTESIAN_POINT('',(-0.0407500523965214,0.0015,-0.00178291316165478));
#9363=CARTESIAN_POINT('',(-0.0417280755034532,0.0015,0.000208729099598176));
#9364=CARTESIAN_POINT('',(-0.0425120567422987,0.0015,0.00220037136085114));
#9365=CARTESIAN_POINT('',(-0.0425120567422987,0.0015,0.00220037136085114));
#9366=CARTESIAN_POINT('',(-0.0417280755034532,0.0015,0.000208729099598176));
#9367=CARTESIAN_POINT('',(-0.0422785119435728,0.0015,0.00220037136085114));
#9368=CARTESIAN_POINT('',(-0.042044967144847,0.0015,0.00220037136085114));
#9369=CARTESIAN_POINT('',(-0.042044967144847,0.0015,0.00220037136085114));
#9370=CARTESIAN_POINT('',(-0.0422785119435728,0.0015,0.00220037136085114));
#9371=CARTESIAN_POINT('',(-0.0418010039907876,0.0015,0.00156962676503584));
#9372=CARTESIAN_POINT('',(-0.0415570408367283,0.0015,0.000938882169220557));
#9373=CARTESIAN_POINT('',(-0.0415570408367283,0.0015,0.000938882169220557));
#9374=CARTESIAN_POINT('',(-0.0418010039907876,0.0015,0.00156962676503584));
#9375=CARTESIAN_POINT('',(-0.0407622071444105,0.0015,0.000938882169220556));
#9376=CARTESIAN_POINT('',(-0.0407622071444105,0.0015,0.000938882169220556));
#9377=CARTESIAN_POINT('',(-0.0343138891795315,0.0015,-0.00302547434623457));
#9378=CARTESIAN_POINT('',(-0.0343138891795315,0.002,-0.00302547434623457));
#9379=CARTESIAN_POINT('',(-0.0343138891795315,0.0015,-0.00302547434623457));
#9380=CARTESIAN_POINT('',(-0.0363673975862316,0.0015,0.000216108767959401));
#9381=CARTESIAN_POINT('',(-0.0262051601546858,0.0015,0.000154900930375123));
#9382=CARTESIAN_POINT('',(-0.0262051601546858,0.002,0.000154900930375123));
#9383=CARTESIAN_POINT('',(-0.0265216176979407,0.002,0.000154900930375123));
#9384=CARTESIAN_POINT('',(-0.025888702611431,0.002,0.000154900930375123));
#9385=CARTESIAN_POINT('',(-0.0265216176979407,0.0015,0.000154900930375123));
#9386=CARTESIAN_POINT('',(-0.0265216176979407,0.0015,0.000154900930375123));
#9387=CARTESIAN_POINT('',(-0.0262051601546858,0.0015,0.000154900930375123));
#9388=CARTESIAN_POINT('',(-0.025888702611431,0.0015,0.000154900930375123));
#9389=CARTESIAN_POINT('',(-0.025888702611431,0.0015,0.000154900930375123));
#9390=CARTESIAN_POINT('',(-0.0265216176979407,0.0015,-0.000603468518275472));
#9391=CARTESIAN_POINT('',(-0.0265216176979407,0.002,-0.000603468518275472));
#9392=CARTESIAN_POINT('',(-0.0265216176979407,0.002,-0.00136183796692607));
#9393=CARTESIAN_POINT('',(-0.0265216176979407,0.0015,-0.00136183796692607));
#9394=CARTESIAN_POINT('',(-0.0265216176979407,0.0015,-0.00136183796692607));
#9395=CARTESIAN_POINT('',(-0.0265216176979407,0.0015,-0.000603468518275472));
#9396=CARTESIAN_POINT('',(-0.0262216558839638,0.0015,-0.00136183796692607));
#9397=CARTESIAN_POINT('',(-0.0262216558839638,0.002,-0.00136183796692607));
#9398=CARTESIAN_POINT('',(-0.025921694069987,0.002,-0.00136183796692607));
#9399=CARTESIAN_POINT('',(-0.025921694069987,0.0015,-0.00136183796692607));
#9400=CARTESIAN_POINT('',(-0.025921694069987,0.0015,-0.00136183796692607));
#9401=CARTESIAN_POINT('',(-0.0262216558839638,0.0015,-0.00136183796692607));
#9402=CARTESIAN_POINT('',(-0.0251767816636422,0.0015,-0.00118819871136783));
#9403=CARTESIAN_POINT('',(-0.0251767816636422,0.002,-0.00118819871136783));
#9404=CARTESIAN_POINT('',(-0.025331320601089,0.0015,-0.00130395821507332));
#9405=CARTESIAN_POINT('',(-0.025331320601089,0.002,-0.00130395821507332));
#9406=CARTESIAN_POINT('',(-0.0255796247365373,0.0015,-0.00136183796692607));
#9407=CARTESIAN_POINT('',(-0.0255796247365373,0.002,-0.00136183796692607));
#9408=CARTESIAN_POINT('',(-0.025921694069987,0.0015,-0.00136183796692607));
#9409=CARTESIAN_POINT('',(-0.025921694069987,0.002,-0.00136183796692607));
#9410=CARTESIAN_POINT('',(-0.0251767816636422,0.002,-0.00118819871136783));
#9411=CARTESIAN_POINT('',(-0.0254085900698125,0.002,-0.00136183796692607));
#9412=CARTESIAN_POINT('',(-0.025921694069987,0.002,-0.00136183796692607));
#9413=CARTESIAN_POINT('',(-0.0251767816636422,0.002,-0.00118819871136783));
#9414=CARTESIAN_POINT('',(-0.0251767816636422,0.0015,-0.00118819871136783));
#9415=CARTESIAN_POINT('',(-0.0251767816636422,0.0015,-0.00118819871136783));
#9416=CARTESIAN_POINT('',(-0.0251767816636422,0.0015,-0.00118819871136783));
#9417=CARTESIAN_POINT('',(-0.0254085900698125,0.0015,-0.00136183796692607));
#9418=CARTESIAN_POINT('',(-0.025921694069987,0.0015,-0.00136183796692607));
#9419=CARTESIAN_POINT('',(-0.024944973257472,0.0015,-0.000621266541970191));
#9420=CARTESIAN_POINT('',(-0.024944973257472,0.002,-0.000621266541970191));
#9421=CARTESIAN_POINT('',(-0.024944973257472,0.0015,-0.000883461817863126));
#9422=CARTESIAN_POINT('',(-0.024944973257472,0.002,-0.000883461817863126));
#9423=CARTESIAN_POINT('',(-0.0250222427261954,0.0015,-0.00107243920766234));
#9424=CARTESIAN_POINT('',(-0.0250222427261954,0.002,-0.00107243920766234));
#9425=CARTESIAN_POINT('',(-0.0251767816636422,0.0015,-0.00118819871136783));
#9426=CARTESIAN_POINT('',(-0.0251767816636422,0.002,-0.00118819871136783));
#9427=CARTESIAN_POINT('',(-0.024944973257472,0.002,-0.000621266541970191));
#9428=CARTESIAN_POINT('',(-0.024944973257472,0.002,-0.00101455945580959));
#9429=CARTESIAN_POINT('',(-0.0251767816636422,0.002,-0.00118819871136783));
#9430=CARTESIAN_POINT('',(-0.024944973257472,0.002,-0.000621266541970191));
#9431=CARTESIAN_POINT('',(-0.024944973257472,0.0015,-0.000621266541970191));
#9432=CARTESIAN_POINT('',(-0.024944973257472,0.0015,-0.000621266541970191));
#9433=CARTESIAN_POINT('',(-0.024944973257472,0.0015,-0.000621266541970191));
#9434=CARTESIAN_POINT('',(-0.024944973257472,0.0015,-0.00101455945580959));
#9435=CARTESIAN_POINT('',(-0.0251767816636422,0.0015,-0.00118819871136783));
#9436=CARTESIAN_POINT('',(-0.0251728747803922,0.0015,-3.9140937711206E-5));
#9437=CARTESIAN_POINT('',(-0.0251728747803922,0.002,-3.9140937711206E-5));
#9438=CARTESIAN_POINT('',(-0.0250209404317787,0.0015,-0.000168502183102092));
#9439=CARTESIAN_POINT('',(-0.0250209404317787,0.002,-0.000168502183102092));
#9440=CARTESIAN_POINT('',(-0.024944973257472,0.0015,-0.00036254405118842));
#9441=CARTESIAN_POINT('',(-0.024944973257472,0.002,-0.00036254405118842));
#9442=CARTESIAN_POINT('',(-0.024944973257472,0.0015,-0.000621266541970191));
#9443=CARTESIAN_POINT('',(-0.024944973257472,0.002,-0.000621266541970191));
#9444=CARTESIAN_POINT('',(-0.0251728747803922,0.002,-3.9140937711206E-5));
#9445=CARTESIAN_POINT('',(-0.024944973257472,0.002,-0.000233182805797535));
#9446=CARTESIAN_POINT('',(-0.024944973257472,0.002,-0.000621266541970191));
#9447=CARTESIAN_POINT('',(-0.0251728747803922,0.002,-3.9140937711206E-5));
#9448=CARTESIAN_POINT('',(-0.0251728747803922,0.0015,-3.9140937711206E-5));
#9449=CARTESIAN_POINT('',(-0.0251728747803922,0.0015,-3.9140937711206E-5));
#9450=CARTESIAN_POINT('',(-0.0251728747803922,0.0015,-3.9140937711206E-5));
#9451=CARTESIAN_POINT('',(-0.024944973257472,0.0015,-0.000233182805797535));
#9452=CARTESIAN_POINT('',(-0.024944973257472,0.0015,-0.000621266541970191));
#9453=CARTESIAN_POINT('',(-0.0265216176979407,0.0015,0.00137558489694952));
#9454=CARTESIAN_POINT('',(-0.0265216176979407,0.0015,0.0005507984330479));
#9455=CARTESIAN_POINT('',(-0.0265216176979407,0.0015,0.0005507984330479));
#9456=CARTESIAN_POINT('',(-0.0265216176979407,0.0015,0.00137558489694952));
#9457=CARTESIAN_POINT('',(-0.0265216176979407,0.0015,0.00220037136085114));
#9458=CARTESIAN_POINT('',(-0.0265216176979407,0.0015,0.00220037136085114));
#9459=CARTESIAN_POINT('',(-0.0261074880734344,0.0015,0.0005507984330479));
#9460=CARTESIAN_POINT('',(-0.0256933584489279,0.0015,0.0005507984330479));
#9461=CARTESIAN_POINT('',(-0.0256933584489279,0.0015,0.0005507984330479));
#9462=CARTESIAN_POINT('',(-0.0261074880734344,0.0015,0.0005507984330479));
#9463=CARTESIAN_POINT('',(-0.0252132459073094,0.0015,0.00137558489694952));
#9464=CARTESIAN_POINT('',(-0.0247331333656909,0.0015,0.00220037136085114));
#9465=CARTESIAN_POINT('',(-0.0247331333656909,0.0015,0.00220037136085114));
#9466=CARTESIAN_POINT('',(-0.0252132459073094,0.0015,0.00137558489694952));
#9467=CARTESIAN_POINT('',(-0.0244605197344644,0.0015,0.00220037136085114));
#9468=CARTESIAN_POINT('',(-0.024187906103238,0.0015,0.00220037136085114));
#9469=CARTESIAN_POINT('',(-0.024187906103238,0.0015,0.00220037136085114));
#9470=CARTESIAN_POINT('',(-0.0244605197344644,0.0015,0.00220037136085114));
#9471=CARTESIAN_POINT('',(-0.0247266218936075,0.0015,0.0013091678816985));
#9472=CARTESIAN_POINT('',(-0.0252653376839769,0.0015,0.000417964402545852));
#9473=CARTESIAN_POINT('',(-0.0252653376839769,0.0015,0.000417964402545852));
#9474=CARTESIAN_POINT('',(-0.0247266218936075,0.0015,0.0013091678816985));
#9475=CARTESIAN_POINT('',(-0.0244674653046868,0.0015,-0.000645576037748344));
#9476=CARTESIAN_POINT('',(-0.0244674653046868,0.002,-0.000645576037748344));
#9477=CARTESIAN_POINT('',(-0.0244674653046868,0.0015,-0.000121185485962472));
#9478=CARTESIAN_POINT('',(-0.0244674653046868,0.002,-0.000121185485962472));
#9479=CARTESIAN_POINT('',(-0.0247334227644502,0.0015,0.000233327994135592));
#9480=CARTESIAN_POINT('',(-0.0247334227644502,0.002,0.000233327994135592));
#9481=CARTESIAN_POINT('',(-0.0252653376839769,0.0015,0.00041796440254585));
#9482=CARTESIAN_POINT('',(-0.0252653376839769,0.002,0.00041796440254585));
#9483=CARTESIAN_POINT('',(-0.0244674653046868,0.0015,-0.000645576037748344));
#9484=CARTESIAN_POINT('',(-0.0244674653046868,0.0015,-0.000645576037748344));
#9485=CARTESIAN_POINT('',(-0.0244674653046868,0.0015,-0.000645576037748344));
#9486=CARTESIAN_POINT('',(-0.0244674653046868,0.0015,0.000141009789930464));
#9487=CARTESIAN_POINT('',(-0.0252653376839769,0.0015,0.00041796440254585));
#9488=CARTESIAN_POINT('',(-0.0248160461102199,0.0015,-0.00148685823092799));
#9489=CARTESIAN_POINT('',(-0.0248160461102199,0.002,-0.00148685823092799));
#9490=CARTESIAN_POINT('',(-0.0245836589065312,0.0015,-0.00130048542996216));
#9491=CARTESIAN_POINT('',(-0.0245836589065312,0.002,-0.00130048542996216));
#9492=CARTESIAN_POINT('',(-0.0244674653046868,0.0015,-0.00102005803223561));
#9493=CARTESIAN_POINT('',(-0.0244674653046868,0.002,-0.00102005803223561));
#9494=CARTESIAN_POINT('',(-0.0244674653046868,0.0015,-0.000645576037748344));
#9495=CARTESIAN_POINT('',(-0.0244674653046868,0.002,-0.000645576037748344));
#9496=CARTESIAN_POINT('',(-0.0248160461102199,0.0015,-0.00148685823092799));
#9497=CARTESIAN_POINT('',(-0.0248160461102199,0.0015,-0.00148685823092799));
#9498=CARTESIAN_POINT('',(-0.0248160461102199,0.0015,-0.00148685823092799));
#9499=CARTESIAN_POINT('',(-0.0244674653046868,0.0015,-0.00120729902947924));
#9500=CARTESIAN_POINT('',(-0.0244674653046868,0.0015,-0.000645576037748344));
#9501=CARTESIAN_POINT('',(-0.0258947799853755,0.0015,-0.00176641743237676));
#9502=CARTESIAN_POINT('',(-0.0258947799853755,0.002,-0.00176641743237676));
#9503=CARTESIAN_POINT('',(-0.0254080112722939,0.0015,-0.00176641743237676));
#9504=CARTESIAN_POINT('',(-0.0254080112722939,0.002,-0.00176641743237676));
#9505=CARTESIAN_POINT('',(-0.0250484333139087,0.0015,-0.00167323103189383));
#9506=CARTESIAN_POINT('',(-0.0250484333139087,0.002,-0.00167323103189383));
#9507=CARTESIAN_POINT('',(-0.0248160461102199,0.0015,-0.00148685823092799));
#9508=CARTESIAN_POINT('',(-0.0248160461102199,0.002,-0.00148685823092799));
#9509=CARTESIAN_POINT('',(-0.0258947799853755,0.0015,-0.00176641743237676));
#9510=CARTESIAN_POINT('',(-0.0258947799853755,0.0015,-0.00176641743237676));
#9511=CARTESIAN_POINT('',(-0.0258947799853755,0.0015,-0.00176641743237676));
#9512=CARTESIAN_POINT('',(-0.0251646269157531,0.0015,-0.00176641743237676));
#9513=CARTESIAN_POINT('',(-0.0248160461102199,0.0015,-0.00148685823092799));
#9514=CARTESIAN_POINT('',(-0.0264387049534116,0.0015,-0.00176641743237676));
#9515=CARTESIAN_POINT('',(-0.0269826299214478,0.0015,-0.00176641743237676));
#9516=CARTESIAN_POINT('',(-0.0269826299214478,0.0015,-0.00176641743237676));
#9517=CARTESIAN_POINT('',(-0.0264387049534116,0.0015,-0.00176641743237676));
#9518=CARTESIAN_POINT('',(-0.0269826299214478,0.0015,0.000216976964237191));
#9519=CARTESIAN_POINT('',(-0.0269826299214478,0.0015,0.00220037136085114));
#9520=CARTESIAN_POINT('',(-0.0269826299214478,0.0015,0.00220037136085114));
#9521=CARTESIAN_POINT('',(-0.0269826299214478,0.0015,0.000216976964237191));
#9522=CARTESIAN_POINT('',(-0.0267521238096943,0.0015,0.00220037136085114));
#9523=CARTESIAN_POINT('',(-0.0267521238096943,0.0015,0.00220037136085114));
#9524=CARTESIAN_POINT('',(-0.025888702611431,0.0015,0.000154900930375123));
#9525=CARTESIAN_POINT('',(-0.025888702611431,0.002,0.000154900930375123));
#9526=CARTESIAN_POINT('',(-0.0255634184060185,0.0015,0.000154900930375123));
#9527=CARTESIAN_POINT('',(-0.0255634184060185,0.002,0.000154900930375123));
#9528=CARTESIAN_POINT('',(-0.0253248091290056,0.0015,9.02203076796797E-5));
#9529=CARTESIAN_POINT('',(-0.0253248091290056,0.002,9.02203076796797E-5));
#9530=CARTESIAN_POINT('',(-0.0251728747803922,0.0015,-3.9140937711206E-5));
#9531=CARTESIAN_POINT('',(-0.0251728747803922,0.002,-3.9140937711206E-5));
#9532=CARTESIAN_POINT('',(-0.025888702611431,0.002,0.000154900930375123));
#9533=CARTESIAN_POINT('',(-0.0254007763033123,0.002,0.000154900930375123));
#9534=CARTESIAN_POINT('',(-0.0251728747803922,0.002,-3.9140937711206E-5));
#9535=CARTESIAN_POINT('',(-0.025888702611431,0.0015,0.000154900930375123));
#9536=CARTESIAN_POINT('',(-0.0254007763033123,0.0015,0.000154900930375123));
#9537=CARTESIAN_POINT('',(-0.0251728747803922,0.0015,-3.9140937711206E-5));
#9538=CARTESIAN_POINT('',(-0.0363673975862316,0.0015,0.000216108767959401));
#9539=CARTESIAN_POINT('',(-0.0461237532579099,0.0015,0.00114464468705706));
#9540=CARTESIAN_POINT('',(-0.0461237532579099,0.002,0.00114464468705706));
#9541=CARTESIAN_POINT('',(-0.0461237532579099,0.0015,0.00149365959072912));
#9542=CARTESIAN_POINT('',(-0.0461237532579099,0.002,0.00149365959072912));
#9543=CARTESIAN_POINT('',(-0.0462503652150878,0.0015,0.00176598382319629));
#9544=CARTESIAN_POINT('',(-0.0462503652150878,0.002,0.00176598382319629));
#9545=CARTESIAN_POINT('',(-0.0465035891294436,0.0015,0.00196161738445856));
#9546=CARTESIAN_POINT('',(-0.0465035891294436,0.002,0.00196161738445856));
#9547=CARTESIAN_POINT('',(-0.0461237532579099,0.0015,0.00114464468705706));
#9548=CARTESIAN_POINT('',(-0.0461237532579099,0.0015,0.00114464468705706));
#9549=CARTESIAN_POINT('',(-0.0461237532579099,0.0015,0.00114464468705706));
#9550=CARTESIAN_POINT('',(-0.0461237532579099,0.0015,0.00166816704256514));
#9551=CARTESIAN_POINT('',(-0.0465035891294436,0.0015,0.00196161738445856));
#9552=CARTESIAN_POINT('',(-0.0465035891294436,0.0015,0.00196161738445856));
#9553=CARTESIAN_POINT('',(-0.0465035891294436,0.0015,0.00196161738445856));
#9554=CARTESIAN_POINT('',(-0.0463581662529136,0.0015,0.000483079123380188));
#9555=CARTESIAN_POINT('',(-0.0463581662529136,0.002,0.000483079123380188));
#9556=CARTESIAN_POINT('',(-0.0462018909229111,0.0015,0.000653245593827259));
#9557=CARTESIAN_POINT('',(-0.0462018909229111,0.002,0.000653245593827259));
#9558=CARTESIAN_POINT('',(-0.0461237532579099,0.0015,0.000873767448386217));
#9559=CARTESIAN_POINT('',(-0.0461237532579099,0.002,0.000873767448386217));
#9560=CARTESIAN_POINT('',(-0.0461237532579099,0.0015,0.00114464468705706));
#9561=CARTESIAN_POINT('',(-0.0461237532579099,0.002,0.00114464468705706));
#9562=CARTESIAN_POINT('',(-0.0463581662529136,0.0015,0.000483079123380188));
#9563=CARTESIAN_POINT('',(-0.0463581662529136,0.0015,0.000483079123380188));
#9564=CARTESIAN_POINT('',(-0.0463581662529136,0.0015,0.000483079123380188));
#9565=CARTESIAN_POINT('',(-0.0461237532579099,0.0015,0.000738328829050794));
#9566=CARTESIAN_POINT('',(-0.0461237532579099,0.0015,0.00114464468705706));
#9567=CARTESIAN_POINT('',(-0.047216812371649,0.0015,5.57117059503962E-6));
#9568=CARTESIAN_POINT('',(-0.047216812371649,0.002,5.57117059503962E-6));
#9569=CARTESIAN_POINT('',(-0.0468006569558278,0.0015,0.000153743335338068));
#9570=CARTESIAN_POINT('',(-0.0468006569558278,0.002,0.000153743335338068));
#9571=CARTESIAN_POINT('',(-0.046514441582916,0.0015,0.000312912652933117));
#9572=CARTESIAN_POINT('',(-0.046514441582916,0.002,0.000312912652933117));
#9573=CARTESIAN_POINT('',(-0.0463581662529136,0.0015,0.000483079123380188));
#9574=CARTESIAN_POINT('',(-0.0463581662529136,0.002,0.000483079123380188));
#9575=CARTESIAN_POINT('',(-0.047216812371649,0.0015,5.57117059503962E-6));
#9576=CARTESIAN_POINT('',(-0.047216812371649,0.0015,5.57117059503962E-6));
#9577=CARTESIAN_POINT('',(-0.047216812371649,0.0015,5.57117059503962E-6));
#9578=CARTESIAN_POINT('',(-0.0465925792479172,0.0015,0.000227829417709581));
#9579=CARTESIAN_POINT('',(-0.0463581662529136,0.0015,0.000483079123380188));
#9580=CARTESIAN_POINT('',(-0.0477689852043242,0.0015,-0.000237089689047594));
#9581=CARTESIAN_POINT('',(-0.0477689852043242,0.002,-0.000237089689047594));
#9582=CARTESIAN_POINT('',(-0.0476485953204705,0.0015,-0.000163871802953872));
#9583=CARTESIAN_POINT('',(-0.0476485953204705,0.002,-0.000163871802953872));
#9584=CARTESIAN_POINT('',(-0.0474645377095788,0.0015,-8.29848497396605E-5));
#9585=CARTESIAN_POINT('',(-0.0474645377095788,0.002,-8.29848497396605E-5));
#9586=CARTESIAN_POINT('',(-0.047216812371649,0.0015,5.57117059503962E-6));
#9587=CARTESIAN_POINT('',(-0.047216812371649,0.002,5.57117059503962E-6));
#9588=CARTESIAN_POINT('',(-0.0477689852043242,0.0015,-0.000237089689047594));
#9589=CARTESIAN_POINT('',(-0.0477689852043242,0.0015,-0.000237089689047594));
#9590=CARTESIAN_POINT('',(-0.0477689852043242,0.0015,-0.000237089689047594));
#9591=CARTESIAN_POINT('',(-0.0475884003785437,0.0015,-0.000127262859907011));
#9592=CARTESIAN_POINT('',(-0.047216812371649,0.0015,5.57117059503962E-6));
#9593=CARTESIAN_POINT('',(-0.0480255372044115,0.0015,-0.000478882352412438));
#9594=CARTESIAN_POINT('',(-0.0480255372044115,0.002,-0.000478882352412438));
#9595=CARTESIAN_POINT('',(-0.0479748924215404,0.0015,-0.000390905129596265));
#9596=CARTESIAN_POINT('',(-0.0479748924215404,0.002,-0.000390905129596265));
#9597=CARTESIAN_POINT('',(-0.0478893750881779,0.0015,-0.000310307575141317));
#9598=CARTESIAN_POINT('',(-0.0478893750881779,0.002,-0.000310307575141317));
#9599=CARTESIAN_POINT('',(-0.0477689852043242,0.0015,-0.000237089689047594));
#9600=CARTESIAN_POINT('',(-0.0477689852043242,0.002,-0.000237089689047594));
#9601=CARTESIAN_POINT('',(-0.0480255372044115,0.0015,-0.000478882352412438));
#9602=CARTESIAN_POINT('',(-0.0480255372044115,0.0015,-0.000478882352412438));
#9603=CARTESIAN_POINT('',(-0.0480255372044115,0.0015,-0.000478882352412438));
#9604=CARTESIAN_POINT('',(-0.0479495700301048,0.0015,-0.000346916518188179));
#9605=CARTESIAN_POINT('',(-0.0477689852043242,0.0015,-0.000237089689047594));
#9606=CARTESIAN_POINT('',(-0.0481015043787182,0.0015,-0.000816610704473206));
#9607=CARTESIAN_POINT('',(-0.0481015043787182,0.002,-0.000816610704473206));
#9608=CARTESIAN_POINT('',(-0.0481015043787182,0.0015,-0.0006794356925822));
#9609=CARTESIAN_POINT('',(-0.0481015043787182,0.002,-0.0006794356925822));
#9610=CARTESIAN_POINT('',(-0.0480761819872826,0.0015,-0.000566859575228611));
#9611=CARTESIAN_POINT('',(-0.0480761819872826,0.002,-0.000566859575228611));
#9612=CARTESIAN_POINT('',(-0.0480255372044115,0.0015,-0.000478882352412438));
#9613=CARTESIAN_POINT('',(-0.0480255372044115,0.002,-0.000478882352412438));
#9614=CARTESIAN_POINT('',(-0.0481015043787182,0.0015,-0.000816610704473206));
#9615=CARTESIAN_POINT('',(-0.0481015043787182,0.0015,-0.000816610704473206));
#9616=CARTESIAN_POINT('',(-0.0481015043787182,0.0015,-0.000816610704473206));
#9617=CARTESIAN_POINT('',(-0.0481015043787182,0.0015,-0.000610848186636697));
#9618=CARTESIAN_POINT('',(-0.0480255372044115,0.0015,-0.000478882352412438));
#9619=CARTESIAN_POINT('',(-0.0478953077627428,0.0015,-0.00125331343220217));
#9620=CARTESIAN_POINT('',(-0.0478953077627428,0.002,-0.00125331343220217));
#9621=CARTESIAN_POINT('',(-0.0480327721733931,0.0015,-0.0011485510813487));
#9622=CARTESIAN_POINT('',(-0.0480327721733931,0.002,-0.0011485510813487));
#9623=CARTESIAN_POINT('',(-0.0481015043787182,0.0015,-0.00100298350543904));
#9624=CARTESIAN_POINT('',(-0.0481015043787182,0.002,-0.00100298350543904));
#9625=CARTESIAN_POINT('',(-0.0481015043787182,0.0015,-0.000816610704473206));
#9626=CARTESIAN_POINT('',(-0.0481015043787182,0.002,-0.000816610704473206));
#9627=CARTESIAN_POINT('',(-0.0478953077627428,0.0015,-0.00125331343220217));
#9628=CARTESIAN_POINT('',(-0.0478953077627428,0.0015,-0.00125331343220217));
#9629=CARTESIAN_POINT('',(-0.0478953077627428,0.0015,-0.00125331343220217));
#9630=CARTESIAN_POINT('',(-0.0481015043787182,0.0015,-0.00109616990592196));
#9631=CARTESIAN_POINT('',(-0.0481015043787182,0.0015,-0.000816610704473206));
#9632=CARTESIAN_POINT('',(-0.0473227323175396,0.0015,-0.00141045695848237));
#9633=CARTESIAN_POINT('',(-0.0473227323175396,0.002,-0.00141045695848237));
#9634=CARTESIAN_POINT('',(-0.0475669848703581,0.0015,-0.00141045695848237));
#9635=CARTESIAN_POINT('',(-0.0475669848703581,0.002,-0.00141045695848237));
#9636=CARTESIAN_POINT('',(-0.0477578433520925,0.0015,-0.00135807578305564));
#9637=CARTESIAN_POINT('',(-0.0477578433520925,0.002,-0.00135807578305564));
#9638=CARTESIAN_POINT('',(-0.0478953077627428,0.0015,-0.00125331343220217));
#9639=CARTESIAN_POINT('',(-0.0478953077627428,0.002,-0.00125331343220217));
#9640=CARTESIAN_POINT('',(-0.0473227323175396,0.0015,-0.00141045695848237));
#9641=CARTESIAN_POINT('',(-0.0473227323175396,0.0015,-0.00141045695848237));
#9642=CARTESIAN_POINT('',(-0.0473227323175396,0.0015,-0.00141045695848237));
#9643=CARTESIAN_POINT('',(-0.0476891111467674,0.0015,-0.00141045695848237));
#9644=CARTESIAN_POINT('',(-0.0478953077627428,0.0015,-0.00125331343220217));
#9645=CARTESIAN_POINT('',(-0.0463677164119693,0.0015,-0.00120469444064586));
#9646=CARTESIAN_POINT('',(-0.0463677164119693,0.002,-0.00120469444064586));
#9647=CARTESIAN_POINT('',(-0.0466953158074558,0.0015,-0.00134186945253687));
#9648=CARTESIAN_POINT('',(-0.0466953158074558,0.002,-0.00134186945253687));
#9649=CARTESIAN_POINT('',(-0.0470136544426459,0.0015,-0.00141045695848237));
#9650=CARTESIAN_POINT('',(-0.0470136544426459,0.002,-0.00141045695848237));
#9651=CARTESIAN_POINT('',(-0.0473227323175396,0.0015,-0.00141045695848237));
#9652=CARTESIAN_POINT('',(-0.0473227323175396,0.002,-0.00141045695848237));
#9653=CARTESIAN_POINT('',(-0.0463677164119693,0.0015,-0.00120469444064586));
#9654=CARTESIAN_POINT('',(-0.0463677164119693,0.0015,-0.00120469444064586));
#9655=CARTESIAN_POINT('',(-0.0463677164119693,0.0015,-0.00120469444064586));
#9656=CARTESIAN_POINT('',(-0.0468591155051991,0.0015,-0.00141045695848237));
#9657=CARTESIAN_POINT('',(-0.0473227323175396,0.0015,-0.00141045695848237));
#9658=CARTESIAN_POINT('',(-0.0462956561209126,0.0015,-0.00140524778081562));
#9659=CARTESIAN_POINT('',(-0.046223326495744,0.0015,-0.00160655071351371));
#9660=CARTESIAN_POINT('',(-0.046223326495744,0.0015,-0.00160655071351371));
#9661=CARTESIAN_POINT('',(-0.0462956561209126,0.0015,-0.00140524778081562));
#9662=CARTESIAN_POINT('',(-0.0472778429554218,0.0015,0.00086522116609416));
#9663=CARTESIAN_POINT('',(-0.0473114457659283,0.0015,-0.00182285019043318));
#9664=CARTESIAN_POINT('',(-0.0473114457659283,0.0015,-0.00182285019043318));
#9665=CARTESIAN_POINT('',(-0.0472778429554218,0.0015,0.00086522116609416));
#9666=CARTESIAN_POINT('',(-0.0482234859557479,0.0015,-0.00155153885362344));
#9667=CARTESIAN_POINT('',(-0.0482234859557479,0.002,-0.00155153885362344));
#9668=CARTESIAN_POINT('',(-0.0479939927396518,0.0015,-0.00173241307816327));
#9669=CARTESIAN_POINT('',(-0.0479939927396518,0.002,-0.00173241307816327));
#9670=CARTESIAN_POINT('',(-0.0476899793430452,0.0015,-0.00182285019043318));
#9671=CARTESIAN_POINT('',(-0.0476899793430452,0.002,-0.00182285019043318));
#9672=CARTESIAN_POINT('',(-0.0473114457659283,0.0015,-0.00182285019043318));
#9673=CARTESIAN_POINT('',(-0.0473114457659283,0.002,-0.00182285019043318));
#9674=CARTESIAN_POINT('',(-0.0482234859557479,0.0015,-0.00155153885362344));
#9675=CARTESIAN_POINT('',(-0.0482234859557479,0.0015,-0.00155153885362344));
#9676=CARTESIAN_POINT('',(-0.0482234859557479,0.0015,-0.00155153885362344));
#9677=CARTESIAN_POINT('',(-0.0478792461316037,0.0015,-0.00182285019043318));
#9678=CARTESIAN_POINT('',(-0.0473114457659283,0.0015,-0.00182285019043318));
#9679=CARTESIAN_POINT('',(-0.0485677257798921,0.0015,-0.000821819882139953));
#9680=CARTESIAN_POINT('',(-0.0485677257798921,0.002,-0.000821819882139953));
#9681=CARTESIAN_POINT('',(-0.0485677257798921,0.0015,-0.00112742497192245));
#9682=CARTESIAN_POINT('',(-0.0485677257798921,0.002,-0.00112742497192245));
#9683=CARTESIAN_POINT('',(-0.048452979171844,0.0015,-0.00137066462908361));
#9684=CARTESIAN_POINT('',(-0.048452979171844,0.002,-0.00137066462908361));
#9685=CARTESIAN_POINT('',(-0.0482234859557479,0.0015,-0.00155153885362344));
#9686=CARTESIAN_POINT('',(-0.0482234859557479,0.002,-0.00155153885362344));
#9687=CARTESIAN_POINT('',(-0.0485677257798921,0.0015,-0.000821819882139953));
#9688=CARTESIAN_POINT('',(-0.0485677257798921,0.0015,-0.000821819882139953));
#9689=CARTESIAN_POINT('',(-0.0485677257798921,0.0015,-0.000821819882139953));
#9690=CARTESIAN_POINT('',(-0.0485677257798921,0.0015,-0.00128022751681369));
#9691=CARTESIAN_POINT('',(-0.0482234859557479,0.0015,-0.00155153885362344));
#9692=CARTESIAN_POINT('',(-0.0483302740979162,0.0015,-0.000113805817601247));
#9693=CARTESIAN_POINT('',(-0.0483302740979162,0.002,-0.000113805817601247));
#9694=CARTESIAN_POINT('',(-0.0484885752192335,0.0015,-0.000294680042141076));
#9695=CARTESIAN_POINT('',(-0.0484885752192335,0.002,-0.000294680042141076));
#9696=CARTESIAN_POINT('',(-0.0485677257798921,0.0015,-0.000530684730320645));
#9697=CARTESIAN_POINT('',(-0.0485677257798921,0.002,-0.000530684730320645));
#9698=CARTESIAN_POINT('',(-0.0485677257798921,0.0015,-0.000821819882139953));
#9699=CARTESIAN_POINT('',(-0.0485677257798921,0.002,-0.000821819882139953));
#9700=CARTESIAN_POINT('',(-0.0483302740979162,0.0015,-0.000113805817601247));
#9701=CARTESIAN_POINT('',(-0.0483302740979162,0.0015,-0.000113805817601247));
#9702=CARTESIAN_POINT('',(-0.0483302740979162,0.0015,-0.000113805817601247));
#9703=CARTESIAN_POINT('',(-0.0485677257798921,0.0015,-0.000385117154410991));
#9704=CARTESIAN_POINT('',(-0.0485677257798921,0.0015,-0.000821819882139953));
#9705=CARTESIAN_POINT('',(-0.0475397813869874,0.0015,0.000355454270544885));
#9706=CARTESIAN_POINT('',(-0.0475397813869874,0.002,0.000355454270544885));
#9707=CARTESIAN_POINT('',(-0.0479084754062893,0.0015,0.000223488436320625));
#9708=CARTESIAN_POINT('',(-0.0479084754062893,0.002,0.000223488436320625));
#9709=CARTESIAN_POINT('',(-0.0481719729765989,0.0015,6.70684069385812E-5));
#9710=CARTESIAN_POINT('',(-0.0481719729765989,0.002,6.70684069385812E-5));
#9711=CARTESIAN_POINT('',(-0.0483302740979162,0.0015,-0.000113805817601247));
#9712=CARTESIAN_POINT('',(-0.0483302740979162,0.002,-0.000113805817601247));
#9713=CARTESIAN_POINT('',(-0.0475397813869874,0.0015,0.000355454270544885));
#9714=CARTESIAN_POINT('',(-0.0475397813869874,0.0015,0.000355454270544885));
#9715=CARTESIAN_POINT('',(-0.0475397813869874,0.0015,0.000355454270544885));
#9716=CARTESIAN_POINT('',(-0.0480928224159403,0.0015,0.000157505519208496));
#9717=CARTESIAN_POINT('',(-0.0483302740979162,0.0015,-0.000113805817601247));
#9718=CARTESIAN_POINT('',(-0.0469498420162283,0.0015,0.000607665289243222));
#9719=CARTESIAN_POINT('',(-0.0469498420162283,0.002,0.000607665289243222));
#9720=CARTESIAN_POINT('',(-0.0470792032616192,0.0015,0.000533289808112444));
#9721=CARTESIAN_POINT('',(-0.0470792032616192,0.002,0.000533289808112444));
#9722=CARTESIAN_POINT('',(-0.0472758497185389,0.0015,0.000449219468546332));
#9723=CARTESIAN_POINT('',(-0.0472758497185389,0.002,0.000449219468546332));
#9724=CARTESIAN_POINT('',(-0.0475397813869874,0.0015,0.000355454270544885));
#9725=CARTESIAN_POINT('',(-0.0475397813869874,0.002,0.000355454270544885));
#9726=CARTESIAN_POINT('',(-0.0469498420162283,0.0015,0.000607665289243222));
#9727=CARTESIAN_POINT('',(-0.0469498420162283,0.0015,0.000607665289243222));
#9728=CARTESIAN_POINT('',(-0.0469498420162283,0.0015,0.000607665289243222));
#9729=CARTESIAN_POINT('',(-0.0471438838843146,0.0015,0.000496102067547055));
#9730=CARTESIAN_POINT('',(-0.0475397813869874,0.0015,0.000355454270544885));
#9731=CARTESIAN_POINT('',(-0.0466728874036129,0.0015,0.000850760247024751));
#9732=CARTESIAN_POINT('',(-0.0466728874036129,0.002,0.000850760247024751));
#9733=CARTESIAN_POINT('',(-0.0467281625666322,0.0015,0.000763072422967842));
#9734=CARTESIAN_POINT('',(-0.0467281625666322,0.002,0.000763072422967842));
#9735=CARTESIAN_POINT('',(-0.0468204807708374,0.0015,0.000682040770373999));
#9736=CARTESIAN_POINT('',(-0.0468204807708374,0.002,0.000682040770373999));
#9737=CARTESIAN_POINT('',(-0.0469498420162283,0.0015,0.000607665289243222));
#9738=CARTESIAN_POINT('',(-0.0469498420162283,0.002,0.000607665289243222));
#9739=CARTESIAN_POINT('',(-0.0466728874036129,0.0015,0.000850760247024751));
#9740=CARTESIAN_POINT('',(-0.0466728874036129,0.0015,0.000850760247024751));
#9741=CARTESIAN_POINT('',(-0.0466728874036129,0.0015,0.000850760247024751));
#9742=CARTESIAN_POINT('',(-0.0467558001481419,0.0015,0.000719228510939388));
#9743=CARTESIAN_POINT('',(-0.0469498420162283,0.0015,0.000607665289243222));
#9744=CARTESIAN_POINT('',(-0.0465899746590838,0.0015,0.00118805450094662));
#9745=CARTESIAN_POINT('',(-0.0465899746590838,0.002,0.00118805450094662));
#9746=CARTESIAN_POINT('',(-0.0465899746590838,0.0015,0.00105087948905562));
#9747=CARTESIAN_POINT('',(-0.0465899746590838,0.002,0.00105087948905562));
#9748=CARTESIAN_POINT('',(-0.0466176122405935,0.0015,0.00093844807108166));
#9749=CARTESIAN_POINT('',(-0.0466176122405935,0.002,0.00093844807108166));
#9750=CARTESIAN_POINT('',(-0.0466728874036129,0.0015,0.000850760247024751));
#9751=CARTESIAN_POINT('',(-0.0466728874036129,0.002,0.000850760247024751));
#9752=CARTESIAN_POINT('',(-0.0465899746590838,0.0015,0.00118805450094662));
#9753=CARTESIAN_POINT('',(-0.0465899746590838,0.0015,0.00118805450094662));
#9754=CARTESIAN_POINT('',(-0.0465899746590838,0.0015,0.00118805450094662));
#9755=CARTESIAN_POINT('',(-0.0465899746590838,0.0015,0.000982291983110115));
#9756=CARTESIAN_POINT('',(-0.0466728874036129,0.0015,0.000850760247024751));
#9757=CARTESIAN_POINT('',(-0.0468235194578096,0.0015,0.00167554671092637));
#9758=CARTESIAN_POINT('',(-0.0468235194578096,0.002,0.00167554671092637));
#9759=CARTESIAN_POINT('',(-0.0466678229253257,0.0015,0.00155891901094309));
#9760=CARTESIAN_POINT('',(-0.0466678229253257,0.002,0.00155891901094309));
#9761=CARTESIAN_POINT('',(-0.0465899746590838,0.0015,0.00139642160761651));
#9762=CARTESIAN_POINT('',(-0.0465899746590838,0.002,0.00139642160761651));
#9763=CARTESIAN_POINT('',(-0.0465899746590838,0.0015,0.00118805450094662));
#9764=CARTESIAN_POINT('',(-0.0465899746590838,0.002,0.00118805450094662));
#9765=CARTESIAN_POINT('',(-0.0468235194578096,0.0015,0.00167554671092637));
#9766=CARTESIAN_POINT('',(-0.0468235194578096,0.0015,0.00167554671092637));
#9767=CARTESIAN_POINT('',(-0.0468235194578096,0.0015,0.00167554671092637));
#9768=CARTESIAN_POINT('',(-0.0465899746590838,0.0015,0.00150060516095145));
#9769=CARTESIAN_POINT('',(-0.0465899746590838,0.0015,0.00118805450094662));
#9770=CARTESIAN_POINT('',(-0.0475180764800426,0.0015,0.0018504882609013));
#9771=CARTESIAN_POINT('',(-0.0475180764800426,0.002,0.0018504882609013));
#9772=CARTESIAN_POINT('',(-0.0472107349977045,0.0015,0.0018504882609013));
#9773=CARTESIAN_POINT('',(-0.0472107349977045,0.002,0.0018504882609013));
#9774=CARTESIAN_POINT('',(-0.0469792159902935,0.0015,0.00179217441090965));
#9775=CARTESIAN_POINT('',(-0.0469792159902935,0.002,0.00179217441090965));
#9776=CARTESIAN_POINT('',(-0.0468235194578096,0.0015,0.00167554671092637));
#9777=CARTESIAN_POINT('',(-0.0468235194578096,0.002,0.00167554671092637));
#9778=CARTESIAN_POINT('',(-0.0475180764800426,0.0015,0.0018504882609013));
#9779=CARTESIAN_POINT('',(-0.0475180764800426,0.0015,0.0018504882609013));
#9780=CARTESIAN_POINT('',(-0.0475180764800426,0.0015,0.0018504882609013));
#9781=CARTESIAN_POINT('',(-0.0470570642565355,0.0015,0.0018504882609013));
#9782=CARTESIAN_POINT('',(-0.0468235194578096,0.0015,0.00167554671092637));
#9783=CARTESIAN_POINT('',(-0.047512100624324,0.0015,-0.00093436529211175));
#9784=CARTESIAN_POINT('',(-0.0480876132382736,0.0015,0.0017905827177337));
#9785=CARTESIAN_POINT('',(-0.0480875901071015,0.0015,0.00179047080628163));
#9786=CARTESIAN_POINT('',(-0.047512100624324,0.0015,-0.00093436529211175));
#9787=CARTESIAN_POINT('',(-0.0475070966455428,0.0015,-0.00107409061216639));
#9788=CARTESIAN_POINT('',(-0.0486198175565596,0.0015,0.00162847649597215));
#9789=CARTESIAN_POINT('',(-0.0486198175565596,0.0015,0.00162847649597215));
#9790=CARTESIAN_POINT('',(-0.0475070966455428,0.0015,-0.00107409061216639));
#9791=CARTESIAN_POINT('',(-0.0486198175565596,0.0015,0.0018504882609013));
#9792=CARTESIAN_POINT('',(-0.0486198175565596,0.0015,0.00207274650801584));
#9793=CARTESIAN_POINT('',(-0.0486198175565596,0.0015,0.00207274650801584));
#9794=CARTESIAN_POINT('',(-0.0486198175565596,0.0015,0.0018504882609013));
#9795=CARTESIAN_POINT('',(-0.0475345722093206,0.0015,0.00225506772635198));
#9796=CARTESIAN_POINT('',(-0.0475345722093206,0.002,0.00225506772635198));
#9797=CARTESIAN_POINT('',(-0.0480045557943649,0.0015,0.00225506772635198));
#9798=CARTESIAN_POINT('',(-0.0480045557943649,0.002,0.00225506772635198));
#9799=CARTESIAN_POINT('',(-0.0483663042434445,0.0015,0.0021942939869066));
#9800=CARTESIAN_POINT('',(-0.0483663042434445,0.002,0.0021942939869066));
#9801=CARTESIAN_POINT('',(-0.0486198175565596,0.0015,0.00207274650801584));
#9802=CARTESIAN_POINT('',(-0.0486198175565596,0.002,0.00207274650801584));
#9803=CARTESIAN_POINT('',(-0.0475345722093206,0.0015,0.00225506772635198));
#9804=CARTESIAN_POINT('',(-0.0475345722093206,0.0015,0.00225506772635198));
#9805=CARTESIAN_POINT('',(-0.0475345722093206,0.0015,0.00225506772635198));
#9806=CARTESIAN_POINT('',(-0.048239547586887,0.0015,0.00225506772635198));
#9807=CARTESIAN_POINT('',(-0.0486198175565596,0.0015,0.00207274650801584));
#9808=CARTESIAN_POINT('',(-0.0465035891294436,0.0015,0.00196161738445856));
#9809=CARTESIAN_POINT('',(-0.0465035891294436,0.002,0.00196161738445856));
#9810=CARTESIAN_POINT('',(-0.0467568130437993,0.0015,0.00215725094572084));
#9811=CARTESIAN_POINT('',(-0.0467568130437993,0.002,0.00215725094572084));
#9812=CARTESIAN_POINT('',(-0.047100474070425,0.0015,0.00225506772635198));
#9813=CARTESIAN_POINT('',(-0.047100474070425,0.002,0.00225506772635198));
#9814=CARTESIAN_POINT('',(-0.0475345722093206,0.0015,0.00225506772635198));
#9815=CARTESIAN_POINT('',(-0.0475345722093206,0.002,0.00225506772635198));
#9816=CARTESIAN_POINT('',(-0.0465035891294436,0.0015,0.00196161738445856));
#9817=CARTESIAN_POINT('',(-0.0468834250009772,0.0015,0.00225506772635198));
#9818=CARTESIAN_POINT('',(-0.0475345722093206,0.0015,0.00225506772635198));
#9819=CARTESIAN_POINT('',(-0.0363673975862316,0.0015,0.000216108767959401));
#9820=CARTESIAN_POINT('',(-0.0417431452261655,0.002,0.));
#9821=CARTESIAN_POINT('',(-0.0417431452261655,0.002,0.));
#9822=CARTESIAN_POINT('',(-0.0417431452261655,0.002,0.));
#9823=CARTESIAN_POINT('',(-0.0839737439381591,0.002,-0.00228704351984776));
#9824=CARTESIAN_POINT('',(-0.0839696266082121,0.002,-0.00218430120509935));
#9825=CARTESIAN_POINT('',(-0.0839696318125017,0.002,-0.00218434554910578));
#9826=CARTESIAN_POINT('',(-0.0839737439381591,0.002,-0.00228704351984776));
#9827=CARTESIAN_POINT('',(-0.0840433911197429,0.002,-0.00221177288800981));
#9828=CARTESIAN_POINT('',(-0.0840433487615862,0.002,-0.00221181866624734));
#9829=CARTESIAN_POINT('',(-0.0839711806771574,0.002,-0.00233430797290293));
#9830=CARTESIAN_POINT('',(-0.0838718777549034,0.002,-0.00222169977835618));
#9831=CARTESIAN_POINT('',(-0.0838718777549034,0.002,-0.00222169977835622));
#9832=CARTESIAN_POINT('',(-0.0839711806771574,0.002,-0.00233430797290293));
#9833=CARTESIAN_POINT('',(-0.0839634004422876,0.002,-0.00234056924917501));
#9834=CARTESIAN_POINT('',(-0.0838172538009599,0.002,-0.00230751371770226));
#9835=CARTESIAN_POINT('',(-0.083817164603775,0.00200000025,-0.00230749354303162));
#9836=CARTESIAN_POINT('',(-0.0839634004422876,0.002,-0.00234056924917501));
#9837=CARTESIAN_POINT('',(-0.0837778257969269,0.002,-0.00250075200830116));
#9838=CARTESIAN_POINT('',(-0.083738397792894,0.002,-0.00269399029890006));
#9839=CARTESIAN_POINT('',(-0.0837385511546778,0.002,-0.00269402627339891));
#9840=CARTESIAN_POINT('',(-0.0837778257969269,0.002,-0.00250075200830116));
#9841=CARTESIAN_POINT('',(-0.0829454195122293,0.002,-0.00250797918493094));
#9842=CARTESIAN_POINT('',(-0.0835753465678828,0.002,-0.00302543195780188));
#9843=CARTESIAN_POINT('',(-0.0835751949833045,0.002,-0.00302530837160742));
#9844=CARTESIAN_POINT('',(-0.0829454195122293,0.002,-0.00250797918493094));
#9845=CARTESIAN_POINT('',(-0.0828315636004039,0.002,-0.00239220858856154));
#9846=CARTESIAN_POINT('',(-0.0833993580290483,0.002,-0.00318684034931169));
#9847=CARTESIAN_POINT('',(-0.0833993580290483,0.002,-0.00318684034931169));
#9848=CARTESIAN_POINT('',(-0.0828315636004039,0.002,-0.00239220858856154));
#9849=CARTESIAN_POINT('',(-0.0832204945315865,0.002,-0.00325378581449261));
#9850=CARTESIAN_POINT('',(-0.0832204945315865,0.0025,-0.00325378581449261));
#9851=CARTESIAN_POINT('',(-0.0832766246762167,0.002,-0.00325378581449261));
#9852=CARTESIAN_POINT('',(-0.0832766246762167,0.0025,-0.00325378581449261));
#9853=CARTESIAN_POINT('',(-0.0833362458420373,0.002,-0.0032314706594323));
#9854=CARTESIAN_POINT('',(-0.0833362458420373,0.0025,-0.0032314706594323));
#9855=CARTESIAN_POINT('',(-0.0833993580290483,0.002,-0.00318684034931169));
#9856=CARTESIAN_POINT('',(-0.0833993580290483,0.0025,-0.00318684034931169));
#9857=CARTESIAN_POINT('',(-0.0832204945315865,0.002,-0.00325378581449261));
#9858=CARTESIAN_POINT('',(-0.0832204945315865,0.002,-0.00325378581449261));
#9859=CARTESIAN_POINT('',(-0.0832204945315865,0.002,-0.00325378581449261));
#9860=CARTESIAN_POINT('',(-0.0833046897485318,0.002,-0.00325378581449261));
#9861=CARTESIAN_POINT('',(-0.0833993580290483,0.002,-0.00318684034931169));
#9862=CARTESIAN_POINT('',(-0.0832117064714441,0.002,-0.00316710245471288));
#9863=CARTESIAN_POINT('',(-0.0831482098575261,0.002,-0.00322503622821859));
#9864=CARTESIAN_POINT('',(-0.0831479352035924,0.002,-0.00322527315258619));
#9865=CARTESIAN_POINT('',(-0.0832117064714441,0.002,-0.00316710245471288));
#9866=CARTESIAN_POINT('',(-0.0832770697802659,0.002,-0.00314787204802845));
#9867=CARTESIAN_POINT('',(-0.0831260316052576,0.002,-0.00313550180239381));
#9868=CARTESIAN_POINT('',(-0.0831262117935691,0.002,-0.00313552278491976));
#9869=CARTESIAN_POINT('',(-0.0832770697802659,0.002,-0.00314787204802845));
#9870=CARTESIAN_POINT('',(-0.0837836868465007,0.002,-0.00315883340527512));
#9871=CARTESIAN_POINT('',(-0.0831416385235206,0.002,-0.0030122892897909));
#9872=CARTESIAN_POINT('',(-0.0831417470559071,0.00200000025,-0.00301231406173097));
#9873=CARTESIAN_POINT('',(-0.0837836868465007,0.002,-0.00315883340527512));
#9874=CARTESIAN_POINT('',(-0.0832165928020207,0.002,-0.00265990150374658));
#9875=CARTESIAN_POINT('',(-0.0832915470805208,0.002,-0.00230751371770226));
#9876=CARTESIAN_POINT('',(-0.0832916110160376,0.002,-0.00230752746388882));
#9877=CARTESIAN_POINT('',(-0.0832165928020207,0.002,-0.00265990150374658));
#9878=CARTESIAN_POINT('',(-0.0831896416189026,0.002,-0.00228560396305578));
#9879=CARTESIAN_POINT('',(-0.0832938938806725,0.002,-0.00228075528336888));
#9880=CARTESIAN_POINT('',(-0.0832938938806725,0.002,-0.00228075528336886));
#9881=CARTESIAN_POINT('',(-0.0831896416189026,0.002,-0.00228560396305578));
#9882=CARTESIAN_POINT('',(-0.0832024759929796,0.002,-0.00227847417734058));
#9883=CARTESIAN_POINT('',(-0.0832650563903112,0.002,-0.00221181866624734));
#9884=CARTESIAN_POINT('',(-0.0832650938654579,0.002,-0.00221177844116114));
#9885=CARTESIAN_POINT('',(-0.0832024759929796,0.002,-0.00227847417734058));
#9886=CARTESIAN_POINT('',(-0.0831956463018308,0.002,-0.00228647015107212));
#9887=CARTESIAN_POINT('',(-0.0831917449453124,0.002,-0.00218430120509935));
#9888=CARTESIAN_POINT('',(-0.0831917503967691,0.002,-0.00218436829358541));
#9889=CARTESIAN_POINT('',(-0.0831956463018308,0.002,-0.00228647015107212));
#9890=CARTESIAN_POINT('',(-0.0831921986281202,0.002,-0.00233303415213469));
#9891=CARTESIAN_POINT('',(-0.0830956391854822,0.002,-0.00221962212537885));
#9892=CARTESIAN_POINT('',(-0.0830956881550222,0.002,-0.00221967995709987));
#9893=CARTESIAN_POINT('',(-0.0831921986281202,0.002,-0.00233303415213469));
#9894=CARTESIAN_POINT('',(-0.0831950610730276,0.002,-0.00234615489391723));
#9895=CARTESIAN_POINT('',(-0.0830390505386485,0.002,-0.00230708749723811));
#9896=CARTESIAN_POINT('',(-0.0830390505386485,0.002,-0.00230708749723811));
#9897=CARTESIAN_POINT('',(-0.0831950610730276,0.002,-0.00234615489391723));
#9898=CARTESIAN_POINT('',(-0.0829878282369546,0.002,-0.00255209055521903));
#9899=CARTESIAN_POINT('',(-0.0829366950442244,0.002,-0.0027966673927358));
#9900=CARTESIAN_POINT('',(-0.082936662896939,0.002,-0.00279666010136282));
#9901=CARTESIAN_POINT('',(-0.0829878282369546,0.002,-0.00255209055521903));
#9902=CARTESIAN_POINT('',(-0.0822528294923462,0.002,-0.00264155884329041));
#9903=CARTESIAN_POINT('',(-0.0828379196799544,0.002,-0.00302789620805394));
#9904=CARTESIAN_POINT('',(-0.0828378013630388,0.002,-0.00302782157303664));
#9905=CARTESIAN_POINT('',(-0.0822528294923462,0.002,-0.00264155884329041));
#9906=CARTESIAN_POINT('',(-0.0823412829109929,0.002,-0.00271224333096552));
#9907=CARTESIAN_POINT('',(-0.0826789755386967,0.002,-0.00319341168331718));
#9908=CARTESIAN_POINT('',(-0.0826788209224557,0.002,-0.00319321850016433));
#9909=CARTESIAN_POINT('',(-0.0823412829109929,0.002,-0.00271224333096552));
#9910=CARTESIAN_POINT('',(-0.0824934471777348,0.002,-0.00294994567816997));
#9911=CARTESIAN_POINT('',(-0.0825132547092458,0.002,-0.00325378581449261));
#9912=CARTESIAN_POINT('',(-0.0825132494110533,0.002,-0.00325386586206205));
#9913=CARTESIAN_POINT('',(-0.0824934471777348,0.002,-0.00294994567816997));
#9914=CARTESIAN_POINT('',(-0.0825037801770883,0.002,-0.00315632171048802));
#9915=CARTESIAN_POINT('',(-0.0824331665760539,0.002,-0.00322236662377886));
#9916=CARTESIAN_POINT('',(-0.0824328731872769,0.002,-0.00322261907715985));
#9917=CARTESIAN_POINT('',(-0.0825037801770883,0.002,-0.00315632171048802));
#9918=CARTESIAN_POINT('',(-0.0825672665612307,0.002,-0.00313835934109079));
#9919=CARTESIAN_POINT('',(-0.0824081133651579,0.002,-0.00312523409301023));
#9920=CARTESIAN_POINT('',(-0.082408453529912,0.002,-0.0031252895277777));
#9921=CARTESIAN_POINT('',(-0.0825672665612307,0.002,-0.00313835934109079));
#9922=CARTESIAN_POINT('',(-0.0828926186566128,0.002,-0.00312426176048363));
#9923=CARTESIAN_POINT('',(-0.0824213549329004,0.002,-0.00301182432549558));
#9924=CARTESIAN_POINT('',(-0.0824213549329004,0.002,-0.00301182432549558));
#9925=CARTESIAN_POINT('',(-0.0828926186566128,0.002,-0.00312426176048363));
#9926=CARTESIAN_POINT('',(-0.082496210311669,0.002,-0.00265990150374658));
#9927=CARTESIAN_POINT('',(-0.0825711645901691,0.002,-0.00230751371770226));
#9928=CARTESIAN_POINT('',(-0.0825712373033781,0.002,-0.00230753203175287));
#9929=CARTESIAN_POINT('',(-0.082496210311669,0.002,-0.00265990150374658));
#9930=CARTESIAN_POINT('',(-0.0824841034736905,0.002,-0.00228558590409608));
#9931=CARTESIAN_POINT('',(-0.0825739159721534,0.002,-0.00228098884597861));
#9932=CARTESIAN_POINT('',(-0.0825739159721534,0.002,-0.00228098884597862));
#9933=CARTESIAN_POINT('',(-0.0824841034736905,0.002,-0.00228558590409608));
#9934=CARTESIAN_POINT('',(-0.0824825042110031,0.002,-0.00227847417734053));
#9935=CARTESIAN_POINT('',(-0.0825450846083349,0.002,-0.00221181866624734));
#9936=CARTESIAN_POINT('',(-0.0825451270273807,0.002,-0.0022117729443263));
#9937=CARTESIAN_POINT('',(-0.0824825042110031,0.002,-0.00227847417734053));
#9938=CARTESIAN_POINT('',(-0.0824754797849149,0.002,-0.00228704351982872));
#9939=CARTESIAN_POINT('',(-0.0824713624549608,0.002,-0.00218430120509935));
#9940=CARTESIAN_POINT('',(-0.0824713645104599,0.002,-0.00218429111691616));
#9941=CARTESIAN_POINT('',(-0.0824754797849149,0.002,-0.00228704351982872));
#9942=CARTESIAN_POINT('',(-0.0824752512687413,0.002,-0.00233627498673079));
#9943=CARTESIAN_POINT('',(-0.0823755015621809,0.002,-0.00222124440061906));
#9944=CARTESIAN_POINT('',(-0.0823754997931142,0.002,-0.00222124570053766));
#9945=CARTESIAN_POINT('',(-0.0824752512687413,0.002,-0.00233627498673079));
#9946=CARTESIAN_POINT('',(-0.0824632575007856,0.002,-0.00234074611406818));
#9947=CARTESIAN_POINT('',(-0.0823189896477085,0.002,-0.00230751371770226));
#9948=CARTESIAN_POINT('',(-0.0823188841472371,0.00200000025,-0.00230748941545192));
#9949=CARTESIAN_POINT('',(-0.0824632575007856,0.002,-0.00234074611406818));
#9950=CARTESIAN_POINT('',(-0.0822452674943344,0.002,-0.00265189269042739));
#9951=CARTESIAN_POINT('',(-0.0821715453409604,0.002,-0.00299627166315253));
#9952=CARTESIAN_POINT('',(-0.082171558694625,0.002,-0.00299627464093365));
#9953=CARTESIAN_POINT('',(-0.0822452674943344,0.002,-0.00265189269042739));
#9954=CARTESIAN_POINT('',(-0.083026425292839,0.002,-0.0031869043812022));
#9955=CARTESIAN_POINT('',(-0.0821505992138179,0.002,-0.00318560822418566));
#9956=CARTESIAN_POINT('',(-0.0821505992138179,0.002,-0.00318560822418566));
#9957=CARTESIAN_POINT('',(-0.083026425292839,0.002,-0.0031869043812022));
#9958=CARTESIAN_POINT('',(-0.0822202142834385,0.002,-0.00341827451881748));
#9959=CARTESIAN_POINT('',(-0.0822202142834385,0.0025,-0.00341827451881748));
#9960=CARTESIAN_POINT('',(-0.0821738042370248,0.002,-0.00336666216631605));
#9961=CARTESIAN_POINT('',(-0.0821738042370248,0.0025,-0.00336666216631605));
#9962=CARTESIAN_POINT('',(-0.0821505992138179,0.002,-0.0032891067347721));
#9963=CARTESIAN_POINT('',(-0.0821505992138179,0.0025,-0.0032891067347721));
#9964=CARTESIAN_POINT('',(-0.0821505992138179,0.002,-0.00318560822418566));
#9965=CARTESIAN_POINT('',(-0.0821505992138179,0.0025,-0.00318560822418566));
#9966=CARTESIAN_POINT('',(-0.0822202142834385,0.002,-0.00341827451881748));
#9967=CARTESIAN_POINT('',(-0.0822202142834385,0.002,-0.00341827451881748));
#9968=CARTESIAN_POINT('',(-0.0822202142834385,0.002,-0.00341827451881748));
#9969=CARTESIAN_POINT('',(-0.0821505992138179,0.002,-0.00334085599006533));
#9970=CARTESIAN_POINT('',(-0.0821505992138179,0.002,-0.00318560822418566));
#9971=CARTESIAN_POINT('',(-0.0824187917829169,0.002,-0.00349569304756965));
#9972=CARTESIAN_POINT('',(-0.0824187917829169,0.0025,-0.00349569304756965));
#9973=CARTESIAN_POINT('',(-0.0823328168296784,0.002,-0.00349569304756965));
#9974=CARTESIAN_POINT('',(-0.0823328168296784,0.0025,-0.00349569304756965));
#9975=CARTESIAN_POINT('',(-0.0822666243298523,0.002,-0.00346988687131893));
#9976=CARTESIAN_POINT('',(-0.0822666243298523,0.0025,-0.00346988687131893));
#9977=CARTESIAN_POINT('',(-0.0822202142834385,0.002,-0.00341827451881748));
#9978=CARTESIAN_POINT('',(-0.0822202142834385,0.0025,-0.00341827451881748));
#9979=CARTESIAN_POINT('',(-0.0824187917829169,0.002,-0.00349569304756965));
#9980=CARTESIAN_POINT('',(-0.0824187917829169,0.002,-0.00349569304756965));
#9981=CARTESIAN_POINT('',(-0.0824187917829169,0.002,-0.00349569304756965));
#9982=CARTESIAN_POINT('',(-0.0822898293530592,0.002,-0.00349569304756965));
#9983=CARTESIAN_POINT('',(-0.0822202142834385,0.002,-0.00341827451881748));
#9984=CARTESIAN_POINT('',(-0.0828812494135531,0.002,-0.00324351810510903));
#9985=CARTESIAN_POINT('',(-0.0828812494135531,0.0025,-0.00324351810510903));
#9986=CARTESIAN_POINT('',(-0.0827342158151803,0.002,-0.00341163473341611));
#9987=CARTESIAN_POINT('',(-0.0827342158151803,0.0025,-0.00341163473341611));
#9988=CARTESIAN_POINT('',(-0.0825800632716349,0.002,-0.00349569304756965));
#9989=CARTESIAN_POINT('',(-0.0825800632716349,0.0025,-0.00349569304756965));
#9990=CARTESIAN_POINT('',(-0.0824187917829169,0.002,-0.00349569304756965));
#9991=CARTESIAN_POINT('',(-0.0824187917829169,0.0025,-0.00349569304756965));
#9992=CARTESIAN_POINT('',(-0.0828812494135531,0.002,-0.00324351810510903));
#9993=CARTESIAN_POINT('',(-0.0828812494135531,0.002,-0.00324351810510903));
#9994=CARTESIAN_POINT('',(-0.0828812494135531,0.002,-0.00324351810510903));
#9995=CARTESIAN_POINT('',(-0.0826606990159939,0.002,-0.00349569304756965));
#9996=CARTESIAN_POINT('',(-0.0824187917829169,0.002,-0.00349569304756965));
#9997=CARTESIAN_POINT('',(-0.0829564090462409,0.002,-0.0034326493119545));
#9998=CARTESIAN_POINT('',(-0.0829564090462409,0.0025,-0.0034326493119545));
#9999=CARTESIAN_POINT('',(-0.0829117787361203,0.002,-0.00339062015487773));
#10000=CARTESIAN_POINT('',(-0.0829117787361203,0.0025,-0.00339062015487773));
#10001=CARTESIAN_POINT('',(-0.0828867255252244,0.002,-0.00332757641926257));
#10002=CARTESIAN_POINT('',(-0.0828867255252244,0.0025,-0.00332757641926257));
#10003=CARTESIAN_POINT('',(-0.0828812494135531,0.002,-0.00324351810510903));
#10004=CARTESIAN_POINT('',(-0.0828812494135531,0.0025,-0.00324351810510903));
#10005=CARTESIAN_POINT('',(-0.0829564090462409,0.002,-0.0034326493119545));
#10006=CARTESIAN_POINT('',(-0.0829564090462409,0.002,-0.0034326493119545));
#10007=CARTESIAN_POINT('',(-0.0829564090462409,0.002,-0.0034326493119545));
#10008=CARTESIAN_POINT('',(-0.08288946358106,0.002,-0.00336960557633934));
#10009=CARTESIAN_POINT('',(-0.0828812494135531,0.002,-0.00324351810510903));
#10010=CARTESIAN_POINT('',(-0.0831191844746157,0.002,-0.00325092779004294));
#10011=CARTESIAN_POINT('',(-0.0831309601057617,0.002,-0.00349569304756965));
#10012=CARTESIAN_POINT('',(-0.0831309601057617,0.002,-0.00349569304756965));
#10013=CARTESIAN_POINT('',(-0.0831191844746157,0.002,-0.00325092779004294));
#10014=CARTESIAN_POINT('',(-0.0836303814901788,0.002,-0.00318560822418566));
#10015=CARTESIAN_POINT('',(-0.0836303814901788,0.0025,-0.00318560822418566));
#10016=CARTESIAN_POINT('',(-0.0834762289466334,0.002,-0.00339233143977499));
#10017=CARTESIAN_POINT('',(-0.0834762289466334,0.0025,-0.00339233143977499));
#10018=CARTESIAN_POINT('',(-0.0833097551518277,0.002,-0.00349569304756965));
#10019=CARTESIAN_POINT('',(-0.0833097551518277,0.0025,-0.00349569304756965));
#10020=CARTESIAN_POINT('',(-0.0831309601057617,0.002,-0.00349569304756965));
#10021=CARTESIAN_POINT('',(-0.0831309601057617,0.0025,-0.00349569304756965));
#10022=CARTESIAN_POINT('',(-0.0836303814901788,0.002,-0.00318560822418566));
#10023=CARTESIAN_POINT('',(-0.0836303814901788,0.002,-0.00318560822418566));
#10024=CARTESIAN_POINT('',(-0.0836303814901788,0.002,-0.00318560822418566));
#10025=CARTESIAN_POINT('',(-0.0833991526748607,0.002,-0.00349569304756965));
#10026=CARTESIAN_POINT('',(-0.0831309601057617,0.002,-0.00349569304756965));
#10027=CARTESIAN_POINT('',(-0.0836106674881623,0.002,-0.0032776069002625));
#10028=CARTESIAN_POINT('',(-0.0835909534861459,0.002,-0.00336960557633933));
#10029=CARTESIAN_POINT('',(-0.083591057958444,0.002,-0.00336963127631307));
#10030=CARTESIAN_POINT('',(-0.0836106674881623,0.002,-0.0032776069002625));
#10031=CARTESIAN_POINT('',(-0.0836921336814908,0.002,-0.00339449569945364));
#10032=CARTESIAN_POINT('',(-0.083609640717224,0.002,-0.00345770252285042));
#10033=CARTESIAN_POINT('',(-0.0836095954752853,0.002,-0.00345773717878648));
#10034=CARTESIAN_POINT('',(-0.0836921336814908,0.002,-0.00339449569945364));
#10035=CARTESIAN_POINT('',(-0.0836860050752807,0.002,-0.0033992214932778));
#10036=CARTESIAN_POINT('',(-0.0836911663297296,0.002,-0.00349569304756965));
#10037=CARTESIAN_POINT('',(-0.0836911605802226,0.002,-0.00349567620205517));
#10038=CARTESIAN_POINT('',(-0.0836860050752807,0.002,-0.0033992214932778));
#10039=CARTESIAN_POINT('',(-0.0836865468607996,0.002,-0.00334697233012504));
#10040=CARTESIAN_POINT('',(-0.0837861599759383,0.002,-0.00345787214609866));
#10041=CARTESIAN_POINT('',(-0.0837861599759381,0.002,-0.00345787214609858));
#10042=CARTESIAN_POINT('',(-0.0836865468607996,0.002,-0.00334697233012504));
#10043=CARTESIAN_POINT('',(-0.0836922348850518,0.002,-0.00333364327054836));
#10044=CARTESIAN_POINT('',(-0.0838435391369818,0.002,-0.00336960557633934));
#10045=CARTESIAN_POINT('',(-0.083843646148156,0.00200000025,-0.00336963101097531));
#10046=CARTESIAN_POINT('',(-0.0836922348850518,0.002,-0.00333364327054836));
#10047=CARTESIAN_POINT('',(-0.0839564839402012,0.002,-0.0028385596470208));
#10048=CARTESIAN_POINT('',(-0.0840694287434205,0.002,-0.00230751371770226));
#10049=CARTESIAN_POINT('',(-0.0840695014566295,0.002,-0.00230753203175287));
#10050=CARTESIAN_POINT('',(-0.0839564839402012,0.002,-0.0028385596470208));
#10051=CARTESIAN_POINT('',(-0.0839823676269423,0.002,-0.0022855859040961));
#10052=CARTESIAN_POINT('',(-0.0840721801254047,0.002,-0.00228098884597529));
#10053=CARTESIAN_POINT('',(-0.0840721801254047,0.002,-0.0022809888459753));
#10054=CARTESIAN_POINT('',(-0.0839823676269423,0.002,-0.0022855859040961));
#10055=CARTESIAN_POINT('',(-0.083980768364259,0.002,-0.00227847417733877));
#10056=CARTESIAN_POINT('',(-0.083980768364259,0.002,-0.00227847417733877));
#10057=CARTESIAN_POINT('',(-0.0851996981923645,0.002,-0.00313837676102121));
#10058=CARTESIAN_POINT('',(-0.0872717464909455,0.002,-0.00228658022066527));
#10059=CARTESIAN_POINT('',(-0.087268025570592,0.002,-0.00218676545535141));
#10060=CARTESIAN_POINT('',(-0.087268030062887,0.002,-0.00218674798917729));
#10061=CARTESIAN_POINT('',(-0.0872717464909455,0.002,-0.00228658022066527));
#10062=CARTESIAN_POINT('',(-0.0873417104246277,0.00200000025,-0.00221576571816817));
#10063=CARTESIAN_POINT('',(-0.0873417477239661,0.002,-0.00221572039581309));
#10064=CARTESIAN_POINT('',(-0.0872688138292578,0.002,-0.0023371788614564));
#10065=CARTESIAN_POINT('',(-0.0871419380993617,0.002,-0.00225494304565835));
#10066=CARTESIAN_POINT('',(-0.0871421709003189,0.00200000025,-0.00225509393800514));
#10067=CARTESIAN_POINT('',(-0.0872688138292578,0.002,-0.0023371788614564));
#10068=CARTESIAN_POINT('',(-0.0866162313789226,0.002,-0.0029870307247073));
#10069=CARTESIAN_POINT('',(-0.0860905246584836,0.002,-0.00371911840375626));
#10070=CARTESIAN_POINT('',(-0.0860907166495045,0.002,-0.00371922907034985));
#10071=CARTESIAN_POINT('',(-0.0866162313789226,0.002,-0.0029870307247073));
#10072=CARTESIAN_POINT('',(-0.0862748415124457,0.002,-0.00382536148884219));
#10073=CARTESIAN_POINT('',(-0.0860642393224616,0.002,-0.00380331362070158));
#10074=CARTESIAN_POINT('',(-0.086064024856802,0.002,-0.00380326413835245));
#10075=CARTESIAN_POINT('',(-0.0862748415124457,0.002,-0.00382536148884219));
#10076=CARTESIAN_POINT('',(-0.0861630885244346,0.002,-0.00380587838452236));
#10077=CARTESIAN_POINT('',(-0.0860917567836096,0.002,-0.00387416081544825));
#10078=CARTESIAN_POINT('',(-0.0860917108283618,0.002,-0.00387420539728105));
#10079=CARTESIAN_POINT('',(-0.0861630885244346,0.002,-0.00380587838452236));
#10080=CARTESIAN_POINT('',(-0.0861597349174396,0.002,-0.00380796431992654));
#10081=CARTESIAN_POINT('',(-0.08616404145767,0.002,-0.00390311575590993));
#10082=CARTESIAN_POINT('',(-0.086164036108101,0.00200000025,-0.00390299755913325));
#10083=CARTESIAN_POINT('',(-0.0861597349174396,0.002,-0.00380796431992654));
#10084=CARTESIAN_POINT('',(-0.0865938477724664,0.002,-0.00390311575590993));
#10085=CARTESIAN_POINT('',(-0.0870236540872629,0.002,-0.00390311575590993));
#10086=CARTESIAN_POINT('',(-0.087023658657888,0.002,-0.0039032748062198));
#10087=CARTESIAN_POINT('',(-0.0865938477724664,0.002,-0.00390311575590993));
#10088=CARTESIAN_POINT('',(-0.087019219222518,0.002,-0.00374878968356139));
#10089=CARTESIAN_POINT('',(-0.0871314737208139,0.002,-0.00385524858189847));
#10090=CARTESIAN_POINT('',(-0.0871314737208138,0.002,-0.00385524858189743));
#10091=CARTESIAN_POINT('',(-0.087019219222518,0.002,-0.00374878968356139));
#10092=CARTESIAN_POINT('',(-0.0870393699404405,0.002,-0.00374665832555318));
#10093=CARTESIAN_POINT('',(-0.0871813661033946,0.002,-0.00375074294865767));
#10094=CARTESIAN_POINT('',(-0.0871814155163929,0.002,-0.00375074104801792));
#10095=CARTESIAN_POINT('',(-0.0870393699404405,0.002,-0.00374665832555318));
#10096=CARTESIAN_POINT('',(-0.0870862146673821,0.002,-0.00374643640844313));
#10097=CARTESIAN_POINT('',(-0.0871525923438348,0.002,-0.00367845609066663));
#10098=CARTESIAN_POINT('',(-0.0871525923438348,0.002,-0.00367845609066663));
#10099=CARTESIAN_POINT('',(-0.0870862146673821,0.002,-0.00374643640844313));
#10100=CARTESIAN_POINT('',(-0.0870828063395164,0.002,-0.00375368312817717));
#10101=CARTESIAN_POINT('',(-0.0870786890095589,0.002,-0.00365094081344931));
#10102=CARTESIAN_POINT('',(-0.0870786932724998,0.00200000025,-0.00365104718928537));
#10103=CARTESIAN_POINT('',(-0.0870828063395164,0.002,-0.00375368312817717));
#10104=CARTESIAN_POINT('',(-0.0867501223092845,0.002,-0.00365094081344931));
#10105=CARTESIAN_POINT('',(-0.08642155560901,0.002,-0.00365094081344931));
#10106=CARTESIAN_POINT('',(-0.08642155560901,0.002,-0.00365094081344931));
#10107=CARTESIAN_POINT('',(-0.0867501223092845,0.002,-0.00365094081344931));
#10108=CARTESIAN_POINT('',(-0.0868776472598285,0.002,-0.00301475354004296));
#10109=CARTESIAN_POINT('',(-0.0873337389106469,0.002,-0.00237856626663661));
#10110=CARTESIAN_POINT('',(-0.0873335142202819,0.002,-0.00237839260299352));
#10111=CARTESIAN_POINT('',(-0.0868776472598285,0.002,-0.00301475354004296));
#10112=CARTESIAN_POINT('',(-0.0871862876660878,0.002,-0.00226460089786998));
#10113=CARTESIAN_POINT('',(-0.0873707026644278,0.002,-0.00228122838168031));
#10114=CARTESIAN_POINT('',(-0.0873710142419467,0.002,-0.00228127714400791));
#10115=CARTESIAN_POINT('',(-0.0871862876660878,0.002,-0.00226460089786998));
#10116=CARTESIAN_POINT('',(-0.0872805319309038,0.002,-0.00228237257497276));
#10117=CARTESIAN_POINT('',(-0.0872805319309038,0.002,-0.00228237257497276));
#10118=CARTESIAN_POINT('',(-0.0851996981923645,0.002,-0.00313837676102121));
#10119=CARTESIAN_POINT('',(-0.0860658924021671,0.002,-0.00228704351982721));
#10120=CARTESIAN_POINT('',(-0.0860617750722095,0.002,-0.00218430120509935));
#10121=CARTESIAN_POINT('',(-0.0860617802764992,0.002,-0.00218434554910669));
#10122=CARTESIAN_POINT('',(-0.0860658924021671,0.002,-0.00228704351982721));
#10123=CARTESIAN_POINT('',(-0.0861355395837403,0.002,-0.00221177288800983));
#10124=CARTESIAN_POINT('',(-0.0861354972255836,0.002,-0.00221181866624734));
#10125=CARTESIAN_POINT('',(-0.0860633291411591,0.002,-0.00233430797291492));
#10126=CARTESIAN_POINT('',(-0.0859640262188933,0.002,-0.00222169977836194));
#10127=CARTESIAN_POINT('',(-0.0859640262188933,0.002,-0.00222169977836198));
#10128=CARTESIAN_POINT('',(-0.0860633291411591,0.002,-0.00233430797291492));
#10129=CARTESIAN_POINT('',(-0.086055548906285,0.002,-0.00234056924917497));
#10130=CARTESIAN_POINT('',(-0.0859094022649573,0.002,-0.00230751371770226));
#10131=CARTESIAN_POINT('',(-0.0859093130677724,0.00200000025,-0.00230749354303162));
#10132=CARTESIAN_POINT('',(-0.086055548906285,0.002,-0.00234056924917497));
#10133=CARTESIAN_POINT('',(-0.0858699742609243,0.002,-0.00250075200830116));
#10134=CARTESIAN_POINT('',(-0.0858305462568914,0.002,-0.00269399029890006));
#10135=CARTESIAN_POINT('',(-0.0858306996186752,0.002,-0.00269402627339891));
#10136=CARTESIAN_POINT('',(-0.0858699742609243,0.002,-0.00250075200830116));
#10137=CARTESIAN_POINT('',(-0.0850375679762268,0.002,-0.00250797918493101));
#10138=CARTESIAN_POINT('',(-0.0856674950318802,0.002,-0.00302543195780188));
#10139=CARTESIAN_POINT('',(-0.0856673434473019,0.002,-0.00302530837160742));
#10140=CARTESIAN_POINT('',(-0.0850375679762268,0.002,-0.00250797918493101));
#10141=CARTESIAN_POINT('',(-0.0849237120644013,0.002,-0.00239220858856145));
#10142=CARTESIAN_POINT('',(-0.0854915064930457,0.002,-0.00318684034931169));
#10143=CARTESIAN_POINT('',(-0.0854915064930457,0.002,-0.00318684034931169));
#10144=CARTESIAN_POINT('',(-0.0849237120644013,0.002,-0.00239220858856145));
#10145=CARTESIAN_POINT('',(-0.0853126429955839,0.002,-0.00325378581449261));
#10146=CARTESIAN_POINT('',(-0.0853126429955839,0.0025,-0.00325378581449261));
#10147=CARTESIAN_POINT('',(-0.0853687731402141,0.002,-0.00325378581449261));
#10148=CARTESIAN_POINT('',(-0.0853687731402141,0.0025,-0.00325378581449261));
#10149=CARTESIAN_POINT('',(-0.0854283943060347,0.002,-0.0032314706594323));
#10150=CARTESIAN_POINT('',(-0.0854283943060347,0.0025,-0.0032314706594323));
#10151=CARTESIAN_POINT('',(-0.0854915064930457,0.002,-0.00318684034931169));
#10152=CARTESIAN_POINT('',(-0.0854915064930457,0.0025,-0.00318684034931169));
#10153=CARTESIAN_POINT('',(-0.0853126429955839,0.002,-0.00325378581449261));
#10154=CARTESIAN_POINT('',(-0.0853126429955839,0.002,-0.00325378581449261));
#10155=CARTESIAN_POINT('',(-0.0853126429955839,0.002,-0.00325378581449261));
#10156=CARTESIAN_POINT('',(-0.0853968382125292,0.002,-0.00325378581449261));
#10157=CARTESIAN_POINT('',(-0.0854915064930457,0.002,-0.00318684034931169));
#10158=CARTESIAN_POINT('',(-0.0853038549354403,0.002,-0.00316710245471619));
#10159=CARTESIAN_POINT('',(-0.0852403583215235,0.002,-0.00322503622821859));
#10160=CARTESIAN_POINT('',(-0.0852400808246333,0.002,-0.00322526902846926));
#10161=CARTESIAN_POINT('',(-0.0853038549354403,0.002,-0.00316710245471619));
#10162=CARTESIAN_POINT('',(-0.0853692182442632,0.002,-0.00314787204802847));
#10163=CARTESIAN_POINT('',(-0.085218180069255,0.002,-0.00313550180239381));
#10164=CARTESIAN_POINT('',(-0.0852183602575665,0.002,-0.00313552278491976));
#10165=CARTESIAN_POINT('',(-0.0853692182442632,0.002,-0.00314787204802847));
#10166=CARTESIAN_POINT('',(-0.0858758353105155,0.002,-0.00315883340527729));
#10167=CARTESIAN_POINT('',(-0.085233786987518,0.002,-0.0030122892897909));
#10168=CARTESIAN_POINT('',(-0.0852338955199044,0.00200000025,-0.00301231406173096));
#10169=CARTESIAN_POINT('',(-0.0858758353105155,0.002,-0.00315883340527729));
#10170=CARTESIAN_POINT('',(-0.0853087412660181,0.002,-0.00265990150374658));
#10171=CARTESIAN_POINT('',(-0.0853836955445182,0.002,-0.00230751371770226));
#10172=CARTESIAN_POINT('',(-0.085383759480035,0.002,-0.00230752746388883));
#10173=CARTESIAN_POINT('',(-0.0853087412660181,0.002,-0.00265990150374658));
#10174=CARTESIAN_POINT('',(-0.0852817900828998,0.002,-0.00228560396305576));
#10175=CARTESIAN_POINT('',(-0.0853860423446695,0.002,-0.00228075528336056));
#10176=CARTESIAN_POINT('',(-0.0853860423446695,0.002,-0.00228075528336054));
#10177=CARTESIAN_POINT('',(-0.0852817900828998,0.002,-0.00228560396305576));
#10178=CARTESIAN_POINT('',(-0.0852946244569833,0.002,-0.00227847417733739));
#10179=CARTESIAN_POINT('',(-0.0853572048543086,0.002,-0.00221181866624734));
#10180=CARTESIAN_POINT('',(-0.0853572423294554,0.002,-0.00221177844116104));
#10181=CARTESIAN_POINT('',(-0.0852946244569833,0.002,-0.00227847417733739));
#10182=CARTESIAN_POINT('',(-0.0852877947658287,0.002,-0.00228647015107222));
#10183=CARTESIAN_POINT('',(-0.0852838934093098,0.002,-0.00218430120509935));
#10184=CARTESIAN_POINT('',(-0.0852838988607665,0.002,-0.00218436829358556));
#10185=CARTESIAN_POINT('',(-0.0852877947658287,0.002,-0.00228647015107222));
#10186=CARTESIAN_POINT('',(-0.0852843470921173,0.002,-0.00233303415213528));
#10187=CARTESIAN_POINT('',(-0.0851877876494796,0.002,-0.00221962212537885));
#10188=CARTESIAN_POINT('',(-0.0851878366190196,0.002,-0.0022196799570998));
#10189=CARTESIAN_POINT('',(-0.0852843470921173,0.002,-0.00233303415213528));
#10190=CARTESIAN_POINT('',(-0.0852872095370251,0.002,-0.00234615489391731));
#10191=CARTESIAN_POINT('',(-0.085131199002646,0.002,-0.00230708749723772));
#10192=CARTESIAN_POINT('',(-0.085131199002646,0.002,-0.00230708749723772));
#10193=CARTESIAN_POINT('',(-0.0852872095370251,0.002,-0.00234615489391731));
#10194=CARTESIAN_POINT('',(-0.085079976700952,0.002,-0.00255209055521903));
#10195=CARTESIAN_POINT('',(-0.0850288435082218,0.002,-0.0027966673927358));
#10196=CARTESIAN_POINT('',(-0.0850288113609364,0.002,-0.00279666010136283));
#10197=CARTESIAN_POINT('',(-0.085079976700952,0.002,-0.00255209055521903));
#10198=CARTESIAN_POINT('',(-0.0843449779563438,0.002,-0.00264155884329048));
#10199=CARTESIAN_POINT('',(-0.0849300681439518,0.002,-0.00302789620805394));
#10200=CARTESIAN_POINT('',(-0.0849299498270362,0.002,-0.00302782157303666));
#10201=CARTESIAN_POINT('',(-0.0843449779563438,0.002,-0.00264155884329048));
#10202=CARTESIAN_POINT('',(-0.0844334313749863,0.002,-0.00271224333096165));
#10203=CARTESIAN_POINT('',(-0.0847711240026941,0.002,-0.00319341168331718));
#10204=CARTESIAN_POINT('',(-0.0847709693864531,0.002,-0.00319321850016435));
#10205=CARTESIAN_POINT('',(-0.0844334313749863,0.002,-0.00271224333096165));
#10206=CARTESIAN_POINT('',(-0.0845855956417322,0.002,-0.0029499456781701));
#10207=CARTESIAN_POINT('',(-0.0846054031732432,0.002,-0.00325378581449261));
#10208=CARTESIAN_POINT('',(-0.0846053978750507,0.002,-0.00325386586206187));
#10209=CARTESIAN_POINT('',(-0.0845855956417322,0.002,-0.0029499456781701));
#10210=CARTESIAN_POINT('',(-0.0845959286410842,0.002,-0.0031563217104912));
#10211=CARTESIAN_POINT('',(-0.0845253150400513,0.002,-0.00322236662377886));
#10212=CARTESIAN_POINT('',(-0.0845250235594851,0.002,-0.00322262166802316));
#10213=CARTESIAN_POINT('',(-0.0845959286410842,0.002,-0.0031563217104912));
#10214=CARTESIAN_POINT('',(-0.0846594150252281,0.002,-0.00313835934109077));
#10215=CARTESIAN_POINT('',(-0.0845002618291553,0.002,-0.00312523409301023));
#10216=CARTESIAN_POINT('',(-0.0845006019939093,0.002,-0.00312528952777783));
#10217=CARTESIAN_POINT('',(-0.0846594150252281,0.002,-0.00313835934109077));
#10218=CARTESIAN_POINT('',(-0.0849847671210317,0.002,-0.00312426176053262));
#10219=CARTESIAN_POINT('',(-0.0845135033969139,0.002,-0.00301182432541963));
#10220=CARTESIAN_POINT('',(-0.0845135033969139,0.002,-0.00301182432541963));
#10221=CARTESIAN_POINT('',(-0.0849847671210317,0.002,-0.00312426176053262));
#10222=CARTESIAN_POINT('',(-0.0845883587756664,0.002,-0.00265990150374658));
#10223=CARTESIAN_POINT('',(-0.0846633130541665,0.002,-0.00230751371770226));
#10224=CARTESIAN_POINT('',(-0.0846633857673755,0.002,-0.00230753203175287));
#10225=CARTESIAN_POINT('',(-0.0845883587756664,0.002,-0.00265990150374658));
#10226=CARTESIAN_POINT('',(-0.0845762519376885,0.002,-0.00228558590409612));
#10227=CARTESIAN_POINT('',(-0.0846660644361509,0.002,-0.00228098884597874));
#10228=CARTESIAN_POINT('',(-0.0846660644361508,0.002,-0.00228098884597874));
#10229=CARTESIAN_POINT('',(-0.0845762519376885,0.002,-0.00228558590409612));
#10230=CARTESIAN_POINT('',(-0.0845746526750006,0.002,-0.00227847417734059));
#10231=CARTESIAN_POINT('',(-0.0846372330723322,0.002,-0.00221181866624734));
#10232=CARTESIAN_POINT('',(-0.0846372754913784,0.002,-0.00221177294432594));
#10233=CARTESIAN_POINT('',(-0.0845746526750006,0.002,-0.00227847417734059));
#10234=CARTESIAN_POINT('',(-0.0845676282489052,0.002,-0.00228704351984742));
#10235=CARTESIAN_POINT('',(-0.0845635109189582,0.002,-0.00218430120509935));
#10236=CARTESIAN_POINT('',(-0.0845635129744573,0.002,-0.00218429111691566));
#10237=CARTESIAN_POINT('',(-0.0845676282489052,0.002,-0.00228704351984742));
#10238=CARTESIAN_POINT('',(-0.0845673997327385,0.002,-0.00233627498673019));
#10239=CARTESIAN_POINT('',(-0.0844676500261788,0.002,-0.00222124440061872));
#10240=CARTESIAN_POINT('',(-0.0844676482571121,0.002,-0.00222124570053732));
#10241=CARTESIAN_POINT('',(-0.0845673997327385,0.002,-0.00233627498673019));
#10242=CARTESIAN_POINT('',(-0.084555405964783,0.002,-0.0023407461140682));
#10243=CARTESIAN_POINT('',(-0.0844111381117059,0.002,-0.00230751371770226));
#10244=CARTESIAN_POINT('',(-0.0844110326112345,0.00200000025,-0.00230748941545192));
#10245=CARTESIAN_POINT('',(-0.084555405964783,0.002,-0.0023407461140682));
#10246=CARTESIAN_POINT('',(-0.0843374159583318,0.002,-0.00265189269042739));
#10247=CARTESIAN_POINT('',(-0.0842636938049578,0.002,-0.00299627166315253));
#10248=CARTESIAN_POINT('',(-0.0842637071586224,0.002,-0.00299627464093364));
#10249=CARTESIAN_POINT('',(-0.0843374159583318,0.002,-0.00265189269042739));
#10250=CARTESIAN_POINT('',(-0.0851185737568363,0.002,-0.00318690438120212));
#10251=CARTESIAN_POINT('',(-0.0842427476778153,0.002,-0.00318560822418566));
#10252=CARTESIAN_POINT('',(-0.0842427476778153,0.002,-0.00318560822418566));
#10253=CARTESIAN_POINT('',(-0.0851185737568363,0.002,-0.00318690438120212));
#10254=CARTESIAN_POINT('',(-0.0843123627474359,0.002,-0.00341827451881748));
#10255=CARTESIAN_POINT('',(-0.0843123627474359,0.0025,-0.00341827451881748));
#10256=CARTESIAN_POINT('',(-0.0842659527010222,0.002,-0.00336666216631605));
#10257=CARTESIAN_POINT('',(-0.0842659527010222,0.0025,-0.00336666216631605));
#10258=CARTESIAN_POINT('',(-0.0842427476778153,0.002,-0.0032891067347721));
#10259=CARTESIAN_POINT('',(-0.0842427476778153,0.0025,-0.0032891067347721));
#10260=CARTESIAN_POINT('',(-0.0842427476778153,0.002,-0.00318560822418566));
#10261=CARTESIAN_POINT('',(-0.0842427476778153,0.0025,-0.00318560822418566));
#10262=CARTESIAN_POINT('',(-0.0843123627474359,0.002,-0.00341827451881748));
#10263=CARTESIAN_POINT('',(-0.0843123627474359,0.002,-0.00341827451881748));
#10264=CARTESIAN_POINT('',(-0.0843123627474359,0.002,-0.00341827451881748));
#10265=CARTESIAN_POINT('',(-0.0842427476778153,0.002,-0.00334085599006533));
#10266=CARTESIAN_POINT('',(-0.0842427476778153,0.002,-0.00318560822418566));
#10267=CARTESIAN_POINT('',(-0.0845109402469143,0.002,-0.00349569304756965));
#10268=CARTESIAN_POINT('',(-0.0845109402469143,0.0025,-0.00349569304756965));
#10269=CARTESIAN_POINT('',(-0.0844249652936758,0.002,-0.00349569304756965));
#10270=CARTESIAN_POINT('',(-0.0844249652936758,0.0025,-0.00349569304756965));
#10271=CARTESIAN_POINT('',(-0.0843587727938496,0.002,-0.00346988687131893));
#10272=CARTESIAN_POINT('',(-0.0843587727938496,0.0025,-0.00346988687131893));
#10273=CARTESIAN_POINT('',(-0.0843123627474359,0.002,-0.00341827451881748));
#10274=CARTESIAN_POINT('',(-0.0843123627474359,0.0025,-0.00341827451881748));
#10275=CARTESIAN_POINT('',(-0.0845109402469143,0.002,-0.00349569304756965));
#10276=CARTESIAN_POINT('',(-0.0845109402469143,0.002,-0.00349569304756965));
#10277=CARTESIAN_POINT('',(-0.0845109402469143,0.002,-0.00349569304756965));
#10278=CARTESIAN_POINT('',(-0.0843819778170565,0.002,-0.00349569304756965));
#10279=CARTESIAN_POINT('',(-0.0843123627474359,0.002,-0.00341827451881748));
#10280=CARTESIAN_POINT('',(-0.0849733978775505,0.002,-0.00324351810510903));
#10281=CARTESIAN_POINT('',(-0.0849733978775505,0.0025,-0.00324351810510903));
#10282=CARTESIAN_POINT('',(-0.0848263642791777,0.002,-0.00341163473341611));
#10283=CARTESIAN_POINT('',(-0.0848263642791777,0.0025,-0.00341163473341611));
#10284=CARTESIAN_POINT('',(-0.0846722117356323,0.002,-0.00349569304756965));
#10285=CARTESIAN_POINT('',(-0.0846722117356323,0.0025,-0.00349569304756965));
#10286=CARTESIAN_POINT('',(-0.0845109402469143,0.002,-0.00349569304756965));
#10287=CARTESIAN_POINT('',(-0.0845109402469143,0.0025,-0.00349569304756965));
#10288=CARTESIAN_POINT('',(-0.0849733978775505,0.002,-0.00324351810510903));
#10289=CARTESIAN_POINT('',(-0.0849733978775505,0.002,-0.00324351810510903));
#10290=CARTESIAN_POINT('',(-0.0849733978775505,0.002,-0.00324351810510903));
#10291=CARTESIAN_POINT('',(-0.0847528474799913,0.002,-0.00349569304756965));
#10292=CARTESIAN_POINT('',(-0.0845109402469143,0.002,-0.00349569304756965));
#10293=CARTESIAN_POINT('',(-0.0850485575102383,0.002,-0.0034326493119545));
#10294=CARTESIAN_POINT('',(-0.0850485575102383,0.0025,-0.0034326493119545));
#10295=CARTESIAN_POINT('',(-0.0850039272001177,0.002,-0.00339062015487773));
#10296=CARTESIAN_POINT('',(-0.0850039272001177,0.0025,-0.00339062015487773));
#10297=CARTESIAN_POINT('',(-0.0849788739892218,0.002,-0.00332757641926257));
#10298=CARTESIAN_POINT('',(-0.0849788739892218,0.0025,-0.00332757641926257));
#10299=CARTESIAN_POINT('',(-0.0849733978775505,0.002,-0.00324351810510903));
#10300=CARTESIAN_POINT('',(-0.0849733978775505,0.0025,-0.00324351810510903));
#10301=CARTESIAN_POINT('',(-0.0850485575102383,0.002,-0.0034326493119545));
#10302=CARTESIAN_POINT('',(-0.0850485575102383,0.002,-0.0034326493119545));
#10303=CARTESIAN_POINT('',(-0.0850485575102383,0.002,-0.0034326493119545));
#10304=CARTESIAN_POINT('',(-0.0849816120450574,0.002,-0.00336960557633934));
#10305=CARTESIAN_POINT('',(-0.0849733978775505,0.002,-0.00324351810510903));
#10306=CARTESIAN_POINT('',(-0.0852113329386132,0.002,-0.00325092779004288));
#10307=CARTESIAN_POINT('',(-0.0852231085697591,0.002,-0.00349569304756965));
#10308=CARTESIAN_POINT('',(-0.0852231085697591,0.002,-0.00349569304756965));
#10309=CARTESIAN_POINT('',(-0.0852113329386132,0.002,-0.00325092779004288));
#10310=CARTESIAN_POINT('',(-0.0857225299541762,0.002,-0.00318560822418566));
#10311=CARTESIAN_POINT('',(-0.0857225299541762,0.0025,-0.00318560822418566));
#10312=CARTESIAN_POINT('',(-0.0855683774106308,0.002,-0.00339233143977499));
#10313=CARTESIAN_POINT('',(-0.0855683774106308,0.0025,-0.00339233143977499));
#10314=CARTESIAN_POINT('',(-0.0854019036158251,0.002,-0.00349569304756965));
#10315=CARTESIAN_POINT('',(-0.0854019036158251,0.0025,-0.00349569304756965));
#10316=CARTESIAN_POINT('',(-0.0852231085697591,0.002,-0.00349569304756965));
#10317=CARTESIAN_POINT('',(-0.0852231085697591,0.0025,-0.00349569304756965));
#10318=CARTESIAN_POINT('',(-0.0857225299541762,0.002,-0.00318560822418566));
#10319=CARTESIAN_POINT('',(-0.0857225299541762,0.002,-0.00318560822418566));
#10320=CARTESIAN_POINT('',(-0.0857225299541762,0.002,-0.00318560822418566));
#10321=CARTESIAN_POINT('',(-0.0854913011388581,0.002,-0.00349569304756965));
#10322=CARTESIAN_POINT('',(-0.0852231085697591,0.002,-0.00349569304756965));
#10323=CARTESIAN_POINT('',(-0.0857028159521597,0.002,-0.0032776069002625));
#10324=CARTESIAN_POINT('',(-0.0856831019501433,0.002,-0.00336960557633933));
#10325=CARTESIAN_POINT('',(-0.0856832064224414,0.002,-0.00336963127631307));
#10326=CARTESIAN_POINT('',(-0.0857028159521597,0.002,-0.0032776069002625));
#10327=CARTESIAN_POINT('',(-0.0857842821454882,0.002,-0.00339449569945366));
#10328=CARTESIAN_POINT('',(-0.0857017891812214,0.002,-0.00345770252285042));
#10329=CARTESIAN_POINT('',(-0.0857017439392831,0.002,-0.0034577371787861));
#10330=CARTESIAN_POINT('',(-0.0857842821454882,0.002,-0.00339449569945366));
#10331=CARTESIAN_POINT('',(-0.0857781535392472,0.002,-0.0033992214933286));
#10332=CARTESIAN_POINT('',(-0.085783314793727,0.002,-0.00349569304756965));
#10333=CARTESIAN_POINT('',(-0.0857833090442197,0.002,-0.00349567620205139));
#10334=CARTESIAN_POINT('',(-0.0857781535392472,0.002,-0.0033992214933286));
#10335=CARTESIAN_POINT('',(-0.085778695324797,0.002,-0.00334697233012498));
#10336=CARTESIAN_POINT('',(-0.085878308439928,0.002,-0.00345787214610558));
#10337=CARTESIAN_POINT('',(-0.0858783084399278,0.002,-0.0034578721461055));
#10338=CARTESIAN_POINT('',(-0.085778695324797,0.002,-0.00334697233012498));
#10339=CARTESIAN_POINT('',(-0.0857843833490308,0.002,-0.00333364327053653));
#10340=CARTESIAN_POINT('',(-0.0859356876009792,0.002,-0.00336960557633934));
#10341=CARTESIAN_POINT('',(-0.0859357946121538,0.00200000025,-0.00336963101097541));
#10342=CARTESIAN_POINT('',(-0.0857843833490308,0.002,-0.00333364327053653));
#10343=CARTESIAN_POINT('',(-0.0860486324041986,0.002,-0.0028385596470208));
#10344=CARTESIAN_POINT('',(-0.0861615772074179,0.002,-0.00230751371770226));
#10345=CARTESIAN_POINT('',(-0.0861616499206269,0.002,-0.00230753203175287));
#10346=CARTESIAN_POINT('',(-0.0860486324041986,0.002,-0.0028385596470208));
#10347=CARTESIAN_POINT('',(-0.0860745160909396,0.002,-0.00228558590409613));
#10348=CARTESIAN_POINT('',(-0.0861643285894022,0.002,-0.00228098884597863));
#10349=CARTESIAN_POINT('',(-0.0861643285894022,0.002,-0.00228098884597864));
#10350=CARTESIAN_POINT('',(-0.0860745160909396,0.002,-0.00228558590409613));
#10351=CARTESIAN_POINT('',(-0.086072916828252,0.002,-0.00227847417734059));
#10352=CARTESIAN_POINT('',(-0.086072916828252,0.002,-0.00227847417734059));
#10353=CARTESIAN_POINT('',(-0.0851996981923645,0.002,-0.00313837676102121));
#10354=CARTESIAN_POINT('',(-0.0883333726784232,0.002,-0.00230189810571123));
#10355=CARTESIAN_POINT('',(-0.0883272424706017,0.002,-0.00219990812336238));
#10356=CARTESIAN_POINT('',(-0.0883272531046588,0.00200000025,-0.00220008504514457));
#10357=CARTESIAN_POINT('',(-0.0883333726784232,0.002,-0.00230189810571123));
#10358=CARTESIAN_POINT('',(-0.0884024957106207,0.002,-0.00222732459607003));
#10359=CARTESIAN_POINT('',(-0.0884024021032895,0.002,-0.00222742558451037));
#10360=CARTESIAN_POINT('',(-0.0880670587148219,0.002,-0.00219990812336238));
#10361=CARTESIAN_POINT('',(-0.0878068749590421,0.002,-0.00219990812336238));
#10362=CARTESIAN_POINT('',(-0.0878068673067854,0.002,-0.00219971327605522));
#10363=CARTESIAN_POINT('',(-0.0880670587148219,0.002,-0.00219990812336238));
#10364=CARTESIAN_POINT('',(-0.0878129047772354,0.002,-0.00235344372447077));
#10365=CARTESIAN_POINT('',(-0.0877019389691419,0.002,-0.0022459074614008));
#10366=CARTESIAN_POINT('',(-0.0877021140851224,0.002,-0.00224607154837959));
#10367=CARTESIAN_POINT('',(-0.0878129047772354,0.002,-0.00235344372447077));
#10368=CARTESIAN_POINT('',(-0.087795356635034,0.002,-0.00235506872781851));
#10369=CARTESIAN_POINT('',(-0.0876520379015378,0.002,-0.00235515588924205));
#10370=CARTESIAN_POINT('',(-0.0876520744532131,0.002,-0.00235515931874418));
#10371=CARTESIAN_POINT('',(-0.087795356635034,0.002,-0.00235506872781851));
#10372=CARTESIAN_POINT('',(-0.0877460458768152,0.002,-0.0023583399704678));
#10373=CARTESIAN_POINT('',(-0.0876795553626857,0.002,-0.00242456560467502));
#10374=CARTESIAN_POINT('',(-0.0876794011873899,0.002,-0.00242473810140546));
#10375=CARTESIAN_POINT('',(-0.0877460458768152,0.002,-0.0023583399704678));
#10376=CARTESIAN_POINT('',(-0.0877512158813229,0.002,-0.00234244397002766));
#10377=CARTESIAN_POINT('',(-0.0877596434958776,0.002,-0.00245208306582301));
#10378=CARTESIAN_POINT('',(-0.0877596240236216,0.00200000025,-0.00245182974140671));
#10379=CARTESIAN_POINT('',(-0.0877512158813229,0.002,-0.00234244397002766));
#10380=CARTESIAN_POINT('',(-0.0878161158974873,0.002,-0.00245208306582301));
#10381=CARTESIAN_POINT('',(-0.087872588299097,0.002,-0.00245208306582301));
#10382=CARTESIAN_POINT('',(-0.087872588299097,0.002,-0.00245208306582301));
#10383=CARTESIAN_POINT('',(-0.0878161158974873,0.002,-0.00245208306582301));
#10384=CARTESIAN_POINT('',(-0.087718778012531,0.002,-0.00313960888614724));
#10385=CARTESIAN_POINT('',(-0.087564967725965,0.002,-0.00382713470647147));
#10386=CARTESIAN_POINT('',(-0.0875650784836165,0.002,-0.00382716838726371));
#10387=CARTESIAN_POINT('',(-0.087718778012531,0.002,-0.00313960888614724));
#10388=CARTESIAN_POINT('',(-0.0876320761025118,0.002,-0.00384754199442333));
#10389=CARTESIAN_POINT('',(-0.0875836549570431,0.002,-0.00389798190121814));
#10390=CARTESIAN_POINT('',(-0.0875835299833201,0.002,-0.00389812084783973));
#10391=CARTESIAN_POINT('',(-0.0876320761025118,0.002,-0.00384754199442333));
#10392=CARTESIAN_POINT('',(-0.0876575697405865,0.002,-0.00381592593108865));
#10393=CARTESIAN_POINT('',(-0.0876651805695487,0.002,-0.00392693684167983));
#10394=CARTESIAN_POINT('',(-0.08766519969493,0.002,-0.00392709016420929));
#10395=CARTESIAN_POINT('',(-0.0876575697405865,0.002,-0.00381592593108865));
#10396=CARTESIAN_POINT('',(-0.08764896827319,0.002,-0.00374943023773003));
#10397=CARTESIAN_POINT('',(-0.0877727861638886,0.002,-0.00387970537851538));
#10398=CARTESIAN_POINT('',(-0.0877725368138781,0.00200000025,-0.00387944302460564));
#10399=CARTESIAN_POINT('',(-0.08764896827319,0.002,-0.00374943023773003));
#10400=CARTESIAN_POINT('',(-0.0879567835160423,0.002,-0.0037166541535042));
#10401=CARTESIAN_POINT('',(-0.088140780868196,0.002,-0.00355360292849302));
#10402=CARTESIAN_POINT('',(-0.0881408137291613,0.002,-0.00355363853905349));
#10403=CARTESIAN_POINT('',(-0.0879567835160423,0.002,-0.0037166541535042));
#10404=CARTESIAN_POINT('',(-0.0880139940458421,0.002,-0.00341620739661557));
#10405=CARTESIAN_POINT('',(-0.0881787713929152,0.002,-0.00350493398601486));
#10406=CARTESIAN_POINT('',(-0.0881787109315255,0.002,-0.00350489986767411));
#10407=CARTESIAN_POINT('',(-0.0880139940458421,0.002,-0.00341620739661557));
#10408=CARTESIAN_POINT('',(-0.0880760950166181,0.002,-0.00344276685773491));
#10409=CARTESIAN_POINT('',(-0.0881958157904919,0.002,-0.00344599733415314));
#10410=CARTESIAN_POINT('',(-0.0881957823262685,0.002,-0.00344599505095842));
#10411=CARTESIAN_POINT('',(-0.0880760950166181,0.002,-0.00344276685773491));
#10412=CARTESIAN_POINT('',(-0.0880956081231246,0.002,-0.00344221832654002));
#10413=CARTESIAN_POINT('',(-0.0881671329162574,0.002,-0.00337220988105969));
#10414=CARTESIAN_POINT('',(-0.0881671303596451,0.002,-0.00337220734175707));
#10415=CARTESIAN_POINT('',(-0.0880956081231246,0.002,-0.00344221832654002));
#10416=CARTESIAN_POINT('',(-0.088097355456897,0.002,-0.00344245788035499));
#10417=CARTESIAN_POINT('',(-0.0880935494050315,0.002,-0.00334332024031738));
#10418=CARTESIAN_POINT('',(-0.0880933530365417,0.002,-0.00334340653543808));
#10419=CARTESIAN_POINT('',(-0.088097355456897,0.002,-0.00344245788035499));
#10420=CARTESIAN_POINT('',(-0.0880931488735997,0.002,-0.00349485797044198));
#10421=CARTESIAN_POINT('',(-0.0879937472698232,0.002,-0.00338028399409826));
#10422=CARTESIAN_POINT('',(-0.0879937870596353,0.00200000025,-0.00338032985731194));
#10423=CARTESIAN_POINT('',(-0.0880931488735997,0.002,-0.00349485797044198));
#10424=CARTESIAN_POINT('',(-0.0879397391184656,0.002,-0.00342628333213667));
#10425=CARTESIAN_POINT('',(-0.0878857309671079,0.002,-0.0034722826701751));
#10426=CARTESIAN_POINT('',(-0.0878857309671079,0.002,-0.0034722826701751));
#10427=CARTESIAN_POINT('',(-0.0879397391184656,0.002,-0.00342628333213667));
#10428=CARTESIAN_POINT('',(-0.088001345374767,0.002,-0.00296218286799905));
#10429=CARTESIAN_POINT('',(-0.0881169597824261,0.002,-0.00245208306582301));
#10430=CARTESIAN_POINT('',(-0.0881169597824261,0.002,-0.00245208306582301));
#10431=CARTESIAN_POINT('',(-0.088001345374767,0.002,-0.00296218286799905));
#10432=CARTESIAN_POINT('',(-0.0881958157904919,0.002,-0.00245208306582301));
#10433=CARTESIAN_POINT('',(-0.0882746717985578,0.002,-0.00245208306582301));
#10434=CARTESIAN_POINT('',(-0.0882746723323981,0.002,-0.00245215452852002));
#10435=CARTESIAN_POINT('',(-0.0881958157904919,0.002,-0.00245208306582301));
#10436=CARTESIAN_POINT('',(-0.0882735640749437,0.002,-0.00230379729731395));
#10437=CARTESIAN_POINT('',(-0.0883825997612447,0.002,-0.00240451236919937));
#10438=CARTESIAN_POINT('',(-0.0883825997612446,0.002,-0.00240451236919925));
#10439=CARTESIAN_POINT('',(-0.0882735640749437,0.002,-0.00230379729731395));
#10440=CARTESIAN_POINT('',(-0.0882820623270001,0.002,-0.00229587139446769));
#10441=CARTESIAN_POINT('',(-0.0884299195644375,0.002,-0.00229724600831869));
#10442=CARTESIAN_POINT('',(-0.0884299127074905,0.002,-0.00229724258137161));
#10443=CARTESIAN_POINT('',(-0.0882820623270001,0.002,-0.00229587139446769));
#10444=CARTESIAN_POINT('',(-0.0883353773207839,0.002,-0.00229383968597619));
#10445=CARTESIAN_POINT('',(-0.0883353773207839,0.002,-0.00229383968597619));
#10446=CARTESIAN_POINT('',(-0.0851996981923645,0.002,-0.00313837676102121));
#10447=MECHANICAL_DESIGN_GEOMETRIC_PRESENTATION_REPRESENTATION('',(#5494),
#10448);
#10448=(
GEOMETRIC_REPRESENTATION_CONTEXT(3)
GLOBAL_UNCERTAINTY_ASSIGNED_CONTEXT((#10449))
GLOBAL_UNIT_ASSIGNED_CONTEXT((#10452,#10451,#10450))
REPRESENTATION_CONTEXT('Part 1','TOP_LEVEL_ASSEMBLY_PART')
);
#10449=UNCERTAINTY_MEASURE_WITH_UNIT(LENGTH_MEASURE(4.E-5),#10452,
'DISTANCE_ACCURACY_VALUE','Maximum Tolerance applied to model');
#10450=(
NAMED_UNIT(*)
SI_UNIT($,.STERADIAN.)
SOLID_ANGLE_UNIT()
);
#10451=(
NAMED_UNIT(*)
PLANE_ANGLE_UNIT()
SI_UNIT($,.RADIAN.)
);
#10452=(
LENGTH_UNIT()
NAMED_UNIT(*)
SI_UNIT($,.METRE.)
);
#10453=PRODUCT_DEFINITION_SHAPE('','',#10454);
#10454=PRODUCT_DEFINITION('','',#10456,#10455);
#10455=PRODUCT_DEFINITION_CONTEXT('',#10462,'design');
#10456=PRODUCT_DEFINITION_FORMATION_WITH_SPECIFIED_SOURCE('','',#10458,
 .NOT_KNOWN.);
#10457=PRODUCT_RELATED_PRODUCT_CATEGORY('','',(#10458));
#10458=PRODUCT('Part 1','Part 1','Part 1',(#10460));
#10459=PRODUCT_CATEGORY('','');
#10460=PRODUCT_CONTEXT('',#10462,'mechanical');
#10461=APPLICATION_PROTOCOL_DEFINITION('international standard',
'ap242_managed_model_based_3d_engineering',2020,#10462);
#10462=APPLICATION_CONTEXT('managed model based 3d engineering');
ENDSEC;
END-ISO-10303-21;
