ISO-10303-21;
HEADER;
/* Generated by software containing ST-Developer
 * from STEP Tools, Inc. (www.steptools.com) 
 */
/* OPTION: using custom renumber hook */

FILE_DESCRIPTION(
/* description */ ('STEP AP242 Edition 2',
'CAx-IF Rec.Pracs.---Representation and Presentation of Product Manufa
cturing Information (PMI)---4.0---2014-10-13',
'CAx-IF Rec.Pracs.---3D Tessellated Geometry---0.4---2014-09-14','2;1',
'CAx-IF Rec.Pracs.---User Defined Attributes---1.5---2016-08-15'),
/* implementation_level */ '2;1');

FILE_NAME(
/* name */ '6a635ee49e1a4840496c91ba',
/* time_stamp */ '2026-07-24T12:47:33Z',
/* author */ (''),
/* organization */ (''),
/* preprocessor_version */ 'ST-DEVELOPER v20',
/* originating_system */ 'ONSHAPE BY PTC INC, 1.218',
/* authorisation */ '  ');

FILE_SCHEMA (('AP242_MANAGED_MODEL_BASED_3D_ENGINEERING_MIM_LF { 1 0 10303 442 3 1 4 }'));
ENDSEC;

DATA;
#10=(
BOUNDED_CURVE()
B_SPLINE_CURVE(2,(#1500,#1501,#1502,#1503,#1504,#1505,#1506,#1507,#1508,
#1509,#1510,#1511,#1512,#1513,#1514,#1515,#1516,#1517,#1518,#1519,#1520,
#1521,#1522,#1523,#1524,#1525,#1526,#1527,#1528,#1529,#1530,#1531,#1532,
#1533,#1534,#1535,#1536,#1537,#1538,#1539,#1540,#1541,#1542,#1543,#1544,
#1545,#1546,#1547,#1548,#1549,#1550,#1551,#1552,#1553,#1554,#1555,#1556,
#1557,#1558,#1559,#1560),.UNSPECIFIED.,.F.,.F.)
B_SPLINE_CURVE_WITH_KNOTS((3,2,2,2,2,2,2,2,2,2,2,2,2,2,2,2,2,2,2,2,2,2,
2,2,2,2,2,2,2,2,3),(0.,0.0333333333333333,0.0666666666666667,0.1,0.133333333333333,
0.166666666666667,0.2,0.233333333333334,0.266666666666666,0.3,0.333333333333334,
0.366666666666666,0.4,0.433333333333334,0.466666666666667,0.5,0.533333333333333,
0.566666666666667,0.6,0.633333333333333,0.666666666666667,0.7,0.733333333333333,
0.766666666666667,0.8,0.833333333333333,0.866666666666667,0.9,0.933333333333333,
0.966666666666667,1.),.PIECEWISE_BEZIER_KNOTS.)
CURVE()
GEOMETRIC_REPRESENTATION_ITEM()
RATIONAL_B_SPLINE_CURVE((1.,0.866025403784439,1.,0.866025403784439,1.,0.866025403784439,
1.,0.866025403784439,1.,0.866025403784439,1.,0.866025403784439,1.,0.866025403784439,
1.,0.866025403784439,1.,0.866025403784439,1.,0.866025403784439,1.,0.866025403784439,
1.,0.866025403784439,1.,0.866025403784439,1.,0.866025403784439,1.,0.866025403784439,
1.,0.866025403784439,1.,0.866025403784439,1.,0.866025403784439,1.,0.866025403784439,
1.,0.866025403784439,1.,0.866025403784439,1.,0.866025403784439,1.,0.866025403784439,
1.,0.866025403784439,1.,0.866025403784439,1.,0.866025403784439,1.,0.866025403784439,
1.,0.866025403784439,1.,0.866025403784439,1.,0.866025403784439,1.))
REPRESENTATION_ITEM('')
);
#11=(
BOUNDED_CURVE()
B_SPLINE_CURVE(2,(#1567,#1568,#1569,#1570,#1571,#1572,#1573,#1574,#1575,
#1576,#1577,#1578,#1579,#1580,#1581,#1582,#1583,#1584,#1585,#1586,#1587,
#1588,#1589,#1590,#1591,#1592,#1593,#1594,#1595,#1596,#1597,#1598,#1599,
#1600,#1601,#1602,#1603,#1604,#1605,#1606,#1607,#1608,#1609,#1610,#1611,
#1612,#1613,#1614,#1615,#1616,#1617,#1618,#1619,#1620,#1621,#1622,#1623,
#1624,#1625,#1626,#1627),.UNSPECIFIED.,.F.,.F.)
B_SPLINE_CURVE_WITH_KNOTS((3,2,2,2,2,2,2,2,2,2,2,2,2,2,2,2,2,2,2,2,2,2,
2,2,2,2,2,2,2,2,3),(0.,0.0333333333333333,0.0666666666666667,0.1,0.133333333333333,
0.166666666666667,0.2,0.233333333333334,0.266666666666666,0.3,0.333333333333334,
0.366666666666666,0.4,0.433333333333334,0.466666666666667,0.5,0.533333333333333,
0.566666666666667,0.6,0.633333333333333,0.666666666666667,0.7,0.733333333333333,
0.766666666666667,0.8,0.833333333333333,0.866666666666667,0.9,0.933333333333333,
0.966666666666667,1.),.UNSPECIFIED.)
CURVE()
GEOMETRIC_REPRESENTATION_ITEM()
RATIONAL_B_SPLINE_CURVE((1.,0.866025403784439,1.,0.866025403784439,1.,0.866025403784439,
1.,0.866025403784439,1.,0.866025403784439,1.,0.866025403784439,1.,0.866025403784439,
1.,0.866025403784439,1.,0.866025403784439,1.,0.866025403784439,1.,0.866025403784439,
1.,0.866025403784439,1.,0.866025403784439,1.,0.866025403784439,1.,0.866025403784439,
1.,0.866025403784439,1.,0.866025403784439,1.,0.866025403784439,1.,0.866025403784439,
1.,0.866025403784439,1.,0.866025403784439,1.,0.866025403784439,1.,0.866025403784439,
1.,0.866025403784439,1.,0.866025403784439,1.,0.866025403784439,1.,0.866025403784439,
1.,0.866025403784439,1.,0.866025403784439,1.,0.866025403784439,1.))
REPRESENTATION_ITEM('')
);
#12=(
BOUNDED_CURVE()
B_SPLINE_CURVE(2,(#1636,#1637,#1638,#1639,#1640,#1641,#1642,#1643,#1644,
#1645,#1646,#1647,#1648,#1649,#1650,#1651,#1652,#1653,#1654,#1655,#1656,
#1657,#1658,#1659,#1660,#1661,#1662,#1663,#1664,#1665,#1666,#1667,#1668,
#1669,#1670,#1671,#1672,#1673,#1674,#1675,#1676,#1677,#1678,#1679,#1680,
#1681,#1682,#1683,#1684,#1685,#1686,#1687,#1688,#1689,#1690,#1691,#1692,
#1693,#1694,#1695,#1696),.UNSPECIFIED.,.F.,.F.)
B_SPLINE_CURVE_WITH_KNOTS((3,2,2,2,2,2,2,2,2,2,2,2,2,2,2,2,2,2,2,2,2,2,
2,2,2,2,2,2,2,2,3),(0.,0.0333333333333333,0.0666666666666667,0.1,0.133333333333333,
0.166666666666667,0.2,0.233333333333334,0.266666666666666,0.3,0.333333333333334,
0.366666666666666,0.4,0.433333333333334,0.466666666666667,0.5,0.533333333333333,
0.566666666666667,0.6,0.633333333333333,0.666666666666667,0.7,0.733333333333333,
0.766666666666667,0.8,0.833333333333333,0.866666666666667,0.9,0.933333333333333,
0.966666666666667,1.),.UNSPECIFIED.)
CURVE()
GEOMETRIC_REPRESENTATION_ITEM()
RATIONAL_B_SPLINE_CURVE((1.,0.866025403784439,1.,0.866025403784439,1.,0.866025403784439,
1.,0.866025403784439,1.,0.866025403784439,1.,0.866025403784439,1.,0.866025403784439,
1.,0.866025403784439,1.,0.866025403784439,1.,0.866025403784439,1.,0.866025403784439,
1.,0.866025403784439,1.,0.866025403784439,1.,0.866025403784439,1.,0.866025403784439,
1.,0.866025403784439,1.,0.866025403784439,1.,0.866025403784439,1.,0.866025403784439,
1.,0.866025403784439,1.,0.866025403784439,1.,0.866025403784439,1.,0.866025403784439,
1.,0.866025403784439,1.,0.866025403784439,1.,0.866025403784439,1.,0.866025403784439,
1.,0.866025403784439,1.,0.866025403784439,1.,0.866025403784439,1.))
REPRESENTATION_ITEM('')
);
#13=(
BOUNDED_CURVE()
B_SPLINE_CURVE(2,(#1841,#1842,#1843,#1844,#1845,#1846,#1847,#1848,#1849,
#1850,#1851,#1852,#1853,#1854,#1855,#1856,#1857,#1858,#1859,#1860,#1861,
#1862,#1863,#1864,#1865,#1866,#1867,#1868,#1869,#1870,#1871,#1872,#1873,
#1874,#1875,#1876,#1877,#1878,#1879,#1880,#1881,#1882,#1883,#1884,#1885,
#1886,#1887,#1888,#1889,#1890,#1891,#1892,#1893,#1894,#1895,#1896,#1897,
#1898,#1899,#1900,#1901),.UNSPECIFIED.,.F.,.F.)
B_SPLINE_CURVE_WITH_KNOTS((3,2,2,2,2,2,2,2,2,2,2,2,2,2,2,2,2,2,2,2,2,2,
2,2,2,2,2,2,2,2,3),(0.,0.0333333333333333,0.0666666666666667,0.1,0.133333333333333,
0.166666666666667,0.2,0.233333333333334,0.266666666666666,0.3,0.333333333333334,
0.366666666666666,0.4,0.433333333333334,0.466666666666667,0.5,0.533333333333333,
0.566666666666667,0.6,0.633333333333333,0.666666666666667,0.7,0.733333333333333,
0.766666666666667,0.8,0.833333333333333,0.866666666666667,0.9,0.933333333333333,
0.966666666666667,1.),.UNSPECIFIED.)
CURVE()
GEOMETRIC_REPRESENTATION_ITEM()
RATIONAL_B_SPLINE_CURVE((1.,0.866025403784439,1.,0.866025403784439,1.,0.866025403784439,
1.,0.866025403784439,1.,0.866025403784439,1.,0.866025403784439,1.,0.866025403784439,
1.,0.866025403784439,1.,0.866025403784439,1.,0.866025403784439,1.,0.866025403784439,
1.,0.866025403784439,1.,0.866025403784439,1.,0.866025403784439,1.,0.866025403784439,
1.,0.866025403784439,1.,0.866025403784439,1.,0.866025403784439,1.,0.866025403784439,
1.,0.866025403784439,1.,0.866025403784439,1.,0.866025403784439,1.,0.866025403784439,
1.,0.866025403784439,1.,0.866025403784439,1.,0.866025403784439,1.,0.866025403784439,
1.,0.866025403784439,1.,0.866025403784439,1.,0.866025403784439,1.))
REPRESENTATION_ITEM('')
);
#14=(
BOUNDED_CURVE()
B_SPLINE_CURVE(2,(#1902,#1903,#1904,#1905,#1906,#1907,#1908,#1909,#1910,
#1911,#1912,#1913,#1914,#1915,#1916,#1917,#1918,#1919,#1920,#1921,#1922,
#1923,#1924,#1925,#1926,#1927,#1928,#1929,#1930,#1931,#1932,#1933,#1934,
#1935,#1936,#1937,#1938,#1939,#1940,#1941,#1942,#1943,#1944,#1945,#1946,
#1947,#1948,#1949,#1950,#1951,#1952,#1953,#1954,#1955,#1956,#1957,#1958,
#1959,#1960,#1961,#1962),.UNSPECIFIED.,.F.,.F.)
B_SPLINE_CURVE_WITH_KNOTS((3,2,2,2,2,2,2,2,2,2,2,2,2,2,2,2,2,2,2,2,2,2,
2,2,2,2,2,2,2,2,3),(0.,0.0333333333333333,0.0666666666666667,0.1,0.133333333333333,
0.166666666666667,0.2,0.233333333333334,0.266666666666666,0.3,0.333333333333334,
0.366666666666666,0.4,0.433333333333334,0.466666666666667,0.5,0.533333333333333,
0.566666666666667,0.6,0.633333333333333,0.666666666666667,0.7,0.733333333333333,
0.766666666666667,0.8,0.833333333333333,0.866666666666667,0.9,0.933333333333333,
0.966666666666667,1.),.UNSPECIFIED.)
CURVE()
GEOMETRIC_REPRESENTATION_ITEM()
RATIONAL_B_SPLINE_CURVE((1.,0.866025403784439,1.,0.866025403784439,1.,0.866025403784439,
1.,0.866025403784439,1.,0.866025403784439,1.,0.866025403784439,1.,0.866025403784439,
1.,0.866025403784439,1.,0.866025403784439,1.,0.866025403784439,1.,0.866025403784439,
1.,0.866025403784439,1.,0.866025403784439,1.,0.866025403784439,1.,0.866025403784439,
1.,0.866025403784439,1.,0.866025403784439,1.,0.866025403784439,1.,0.866025403784439,
1.,0.866025403784439,1.,0.866025403784439,1.,0.866025403784439,1.,0.866025403784439,
1.,0.866025403784439,1.,0.866025403784439,1.,0.866025403784439,1.,0.866025403784439,
1.,0.866025403784439,1.,0.866025403784439,1.,0.866025403784439,1.))
REPRESENTATION_ITEM('')
);
#15=(
BOUNDED_CURVE()
B_SPLINE_CURVE(2,(#2207,#2208,#2209,#2210,#2211,#2212,#2213,#2214,#2215,
#2216,#2217,#2218,#2219,#2220,#2221,#2222,#2223,#2224,#2225,#2226,#2227,
#2228,#2229,#2230,#2231,#2232,#2233,#2234,#2235,#2236,#2237,#2238,#2239,
#2240,#2241,#2242,#2243,#2244,#2245,#2246,#2247,#2248,#2249,#2250,#2251,
#2252,#2253,#2254,#2255,#2256,#2257,#2258,#2259,#2260,#2261,#2262,#2263,
#2264,#2265,#2266,#2267),.UNSPECIFIED.,.F.,.F.)
B_SPLINE_CURVE_WITH_KNOTS((3,2,2,2,2,2,2,2,2,2,2,2,2,2,2,2,2,2,2,2,2,2,
2,2,2,2,2,2,2,2,3),(0.,0.0333333333333333,0.0666666666666667,0.1,0.133333333333333,
0.166666666666667,0.2,0.233333333333334,0.266666666666666,0.3,0.333333333333334,
0.366666666666666,0.4,0.433333333333334,0.466666666666667,0.5,0.533333333333333,
0.566666666666667,0.6,0.633333333333333,0.666666666666667,0.7,0.733333333333333,
0.766666666666667,0.8,0.833333333333333,0.866666666666667,0.9,0.933333333333333,
0.966666666666667,1.),.UNSPECIFIED.)
CURVE()
GEOMETRIC_REPRESENTATION_ITEM()
RATIONAL_B_SPLINE_CURVE((1.,0.866025403784439,1.,0.866025403784439,1.,0.866025403784439,
1.,0.866025403784439,1.,0.866025403784439,1.,0.866025403784439,1.,0.866025403784439,
1.,0.866025403784439,1.,0.866025403784439,1.,0.866025403784439,1.,0.866025403784439,
1.,0.866025403784439,1.,0.866025403784439,1.,0.866025403784439,1.,0.866025403784439,
1.,0.866025403784439,1.,0.866025403784439,1.,0.866025403784439,1.,0.866025403784439,
1.,0.866025403784439,1.,0.866025403784439,1.,0.866025403784439,1.,0.866025403784439,
1.,0.866025403784439,1.,0.866025403784439,1.,0.866025403784439,1.,0.866025403784439,
1.,0.866025403784439,1.,0.866025403784439,1.,0.866025403784439,1.))
REPRESENTATION_ITEM('')
);
#16=(
BOUNDED_SURFACE()
B_SPLINE_SURFACE(1,2,((#1378,#1379,#1380,#1381,#1382,#1383,#1384,#1385,
#1386,#1387,#1388,#1389,#1390,#1391,#1392,#1393,#1394,#1395,#1396,#1397,
#1398,#1399,#1400,#1401,#1402,#1403,#1404,#1405,#1406,#1407,#1408,#1409,
#1410,#1411,#1412,#1413,#1414,#1415,#1416,#1417,#1418,#1419,#1420,#1421,
#1422,#1423,#1424,#1425,#1426,#1427,#1428,#1429,#1430,#1431,#1432,#1433,
#1434,#1435,#1436,#1437,#1438),(#1439,#1440,#1441,#1442,#1443,#1444,#1445,
#1446,#1447,#1448,#1449,#1450,#1451,#1452,#1453,#1454,#1455,#1456,#1457,
#1458,#1459,#1460,#1461,#1462,#1463,#1464,#1465,#1466,#1467,#1468,#1469,
#1470,#1471,#1472,#1473,#1474,#1475,#1476,#1477,#1478,#1479,#1480,#1481,
#1482,#1483,#1484,#1485,#1486,#1487,#1488,#1489,#1490,#1491,#1492,#1493,
#1494,#1495,#1496,#1497,#1498,#1499)),.UNSPECIFIED.,.F.,.F.,.F.)
B_SPLINE_SURFACE_WITH_KNOTS((2,2),(3,2,2,2,2,2,2,2,2,2,2,2,2,2,2,2,2,2,
2,2,2,2,2,2,2,2,2,2,2,2,3),(0.,0.983345686892332),(0.0093316661126794,0.0333333333333333,
0.0666666666666667,0.1,0.133333333333333,0.166666666666667,0.2,0.233333333333334,
0.266666666666666,0.3,0.333333333333334,0.366666666666666,0.4,0.433333333333334,
0.466666666666667,0.5,0.533333333333333,0.566666666666667,0.6,0.633333333333333,
0.666666666666667,0.7,0.733333333333333,0.766666666666667,0.8,0.833333333333333,
0.866666666666667,0.9,0.933333333333333,0.966666666666667,0.992404933627624),
 .PIECEWISE_BEZIER_KNOTS.)
GEOMETRIC_REPRESENTATION_ITEM()
RATIONAL_B_SPLINE_SURFACE(((0.945987340317851,0.903531589768379,1.,0.866025403784439,
1.,0.866025403784439,1.,0.866025403784439,1.,0.866025403784439,1.,0.866025403784439,
1.,0.866025403784439,1.,0.866025403784439,1.,0.866025403784439,1.,0.866025403784439,
1.,0.866025403784439,1.,0.866025403784439,1.,0.866025403784439,1.,0.866025403784439,
1.,0.866025403784439,1.,0.866025403784439,1.,0.866025403784439,1.,0.866025403784439,
1.,0.866025403784439,1.,0.866025403784439,1.,0.866025403784439,1.,0.866025403784439,
1.,0.866025403784439,1.,0.866025403784439,1.,0.866025403784439,1.,0.866025403784439,
1.,0.866025403784439,1.,0.866025403784439,1.,0.866025403784439,1.,0.896551782298522,
0.952858235227197),(0.945987340317851,0.903531589768379,1.,0.866025403784439,
1.,0.866025403784439,1.,0.866025403784439,1.,0.866025403784439,1.,0.866025403784439,
1.,0.866025403784439,1.,0.866025403784439,1.,0.866025403784439,1.,0.866025403784439,
1.,0.866025403784439,1.,0.866025403784439,1.,0.866025403784439,1.,0.866025403784439,
1.,0.866025403784439,1.,0.866025403784439,1.,0.866025403784439,1.,0.866025403784439,
1.,0.866025403784439,1.,0.866025403784439,1.,0.866025403784439,1.,0.866025403784439,
1.,0.866025403784439,1.,0.866025403784439,1.,0.866025403784439,1.,0.866025403784439,
1.,0.866025403784439,1.,0.866025403784439,1.,0.866025403784439,1.,0.896551782298522,
0.952858235227197)))
REPRESENTATION_ITEM('')
SURFACE()
);
#17=(
BOUNDED_SURFACE()
B_SPLINE_SURFACE(1,2,((#1719,#1720,#1721,#1722,#1723,#1724,#1725,#1726,
#1727,#1728,#1729,#1730,#1731,#1732,#1733,#1734,#1735,#1736,#1737,#1738,
#1739,#1740,#1741,#1742,#1743,#1744,#1745,#1746,#1747,#1748,#1749,#1750,
#1751,#1752,#1753,#1754,#1755,#1756,#1757,#1758,#1759,#1760,#1761,#1762,
#1763,#1764,#1765,#1766,#1767,#1768,#1769,#1770,#1771,#1772,#1773,#1774,
#1775,#1776,#1777,#1778,#1779),(#1780,#1781,#1782,#1783,#1784,#1785,#1786,
#1787,#1788,#1789,#1790,#1791,#1792,#1793,#1794,#1795,#1796,#1797,#1798,
#1799,#1800,#1801,#1802,#1803,#1804,#1805,#1806,#1807,#1808,#1809,#1810,
#1811,#1812,#1813,#1814,#1815,#1816,#1817,#1818,#1819,#1820,#1821,#1822,
#1823,#1824,#1825,#1826,#1827,#1828,#1829,#1830,#1831,#1832,#1833,#1834,
#1835,#1836,#1837,#1838,#1839,#1840)),.UNSPECIFIED.,.F.,.F.,.F.)
B_SPLINE_SURFACE_WITH_KNOTS((2,2),(3,2,2,2,2,2,2,2,2,2,2,2,2,2,2,2,2,2,
2,2,2,2,2,2,2,2,2,2,2,2,3),(0.,1.),(0.00873320544120548,0.0333333333333333,
0.0666666666666667,0.1,0.133333333333333,0.166666666666667,0.2,0.233333333333334,
0.266666666666666,0.3,0.333333333333334,0.366666666666666,0.4,0.433333333333334,
0.466666666666667,0.5,0.533333333333333,0.566666666666667,0.6,0.633333333333333,
0.666666666666667,0.7,0.733333333333333,0.766666666666667,0.8,0.833333333333333,
0.866666666666667,0.9,0.933333333333333,0.966666666666667,0.992926271575304),
 .PIECEWISE_BEZIER_KNOTS.)
GEOMETRIC_REPRESENTATION_ITEM()
RATIONAL_B_SPLINE_SURFACE(((0.948190905307732,0.90112623396403,1.,0.866025403784439,
1.,0.866025403784439,1.,0.866025403784439,1.,0.866025403784439,1.,0.866025403784439,
1.,0.866025403784439,1.,0.866025403784439,1.,0.866025403784439,1.,0.866025403784439,
1.,0.866025403784439,1.,0.866025403784439,1.,0.866025403784439,1.,0.866025403784439,
1.,0.866025403784439,1.,0.866025403784439,1.,0.866025403784439,1.,0.866025403784439,
1.,0.866025403784439,1.,0.866025403784439,1.,0.866025403784439,1.,0.866025403784439,
1.,0.866025403784439,1.,0.866025403784439,1.,0.866025403784439,1.,0.866025403784439,
1.,0.866025403784439,1.,0.866025403784439,1.,0.866025403784439,1.,0.894456401067554,
0.955204794651211),(0.948190905307732,0.90112623396403,1.,0.866025403784439,
1.,0.866025403784439,1.,0.866025403784439,1.,0.866025403784439,1.,0.866025403784439,
1.,0.866025403784439,1.,0.866025403784439,1.,0.866025403784439,1.,0.866025403784439,
1.,0.866025403784439,1.,0.866025403784439,1.,0.866025403784439,1.,0.866025403784439,
1.,0.866025403784439,1.,0.866025403784439,1.,0.866025403784439,1.,0.866025403784439,
1.,0.866025403784439,1.,0.866025403784439,1.,0.866025403784439,1.,0.866025403784439,
1.,0.866025403784439,1.,0.866025403784439,1.,0.866025403784439,1.,0.866025403784439,
1.,0.866025403784439,1.,0.866025403784439,1.,0.866025403784439,1.,0.894456401067554,
0.955204794651211)))
REPRESENTATION_ITEM('')
SURFACE()
);
#18=(
BOUNDED_SURFACE()
B_SPLINE_SURFACE(1,2,((#1963,#1964,#1965,#1966,#1967,#1968,#1969,#1970,
#1971,#1972,#1973,#1974,#1975,#1976,#1977,#1978,#1979,#1980,#1981,#1982,
#1983,#1984,#1985,#1986,#1987,#1988,#1989,#1990,#1991,#1992,#1993,#1994,
#1995,#1996,#1997,#1998,#1999,#2000,#2001,#2002,#2003,#2004,#2005,#2006,
#2007,#2008,#2009,#2010,#2011,#2012,#2013,#2014,#2015,#2016,#2017,#2018,
#2019,#2020,#2021,#2022,#2023),(#2024,#2025,#2026,#2027,#2028,#2029,#2030,
#2031,#2032,#2033,#2034,#2035,#2036,#2037,#2038,#2039,#2040,#2041,#2042,
#2043,#2044,#2045,#2046,#2047,#2048,#2049,#2050,#2051,#2052,#2053,#2054,
#2055,#2056,#2057,#2058,#2059,#2060,#2061,#2062,#2063,#2064,#2065,#2066,
#2067,#2068,#2069,#2070,#2071,#2072,#2073,#2074,#2075,#2076,#2077,#2078,
#2079,#2080,#2081,#2082,#2083,#2084)),.UNSPECIFIED.,.F.,.F.,.F.)
B_SPLINE_SURFACE_WITH_KNOTS((2,2),(3,2,2,2,2,2,2,2,2,2,2,2,2,2,2,2,2,2,
2,2,2,2,2,2,2,2,2,2,2,2,3),(0.,1.),(0.00913675352485591,0.0333333333333333,
0.0666666666666667,0.1,0.133333333333333,0.166666666666667,0.2,0.233333333333334,
0.266666666666666,0.3,0.333333333333334,0.366666666666666,0.4,0.433333333333334,
0.466666666666667,0.5,0.533333333333333,0.566666666666667,0.6,0.633333333333333,
0.666666666666667,0.7,0.733333333333333,0.766666666666667,0.8,0.833333333333333,
0.866666666666667,0.9,0.933333333333333,0.966666666666667,0.992574572608025),
 .PIECEWISE_BEZIER_KNOTS.)
GEOMETRIC_REPRESENTATION_ITEM()
RATIONAL_B_SPLINE_SURFACE(((0.946686050772519,0.902748189710849,1.,0.866025403784439,
1.,0.866025403784439,1.,0.866025403784439,1.,0.866025403784439,1.,0.866025403784439,
1.,0.866025403784439,1.,0.866025403784439,1.,0.866025403784439,1.,0.866025403784439,
1.,0.866025403784439,1.,0.866025403784439,1.,0.866025403784439,1.,0.866025403784439,
1.,0.866025403784439,1.,0.866025403784439,1.,0.866025403784439,1.,0.866025403784439,
1.,0.866025403784439,1.,0.866025403784439,1.,0.866025403784439,1.,0.866025403784439,
1.,0.866025403784439,1.,0.866025403784439,1.,0.866025403784439,1.,0.866025403784439,
1.,0.866025403784439,1.,0.866025403784439,1.,0.866025403784439,1.,0.895869962881475,
0.953607398203162),(0.946686050772519,0.902748189710849,1.,0.866025403784439,
1.,0.866025403784439,1.,0.866025403784439,1.,0.866025403784439,1.,0.866025403784439,
1.,0.866025403784439,1.,0.866025403784439,1.,0.866025403784439,1.,0.866025403784439,
1.,0.866025403784439,1.,0.866025403784439,1.,0.866025403784439,1.,0.866025403784439,
1.,0.866025403784439,1.,0.866025403784439,1.,0.866025403784439,1.,0.866025403784439,
1.,0.866025403784439,1.,0.866025403784439,1.,0.866025403784439,1.,0.866025403784439,
1.,0.866025403784439,1.,0.866025403784439,1.,0.866025403784439,1.,0.866025403784439,
1.,0.866025403784439,1.,0.866025403784439,1.,0.866025403784439,1.,0.895869962881475,
0.953607398203162)))
REPRESENTATION_ITEM('')
SURFACE()
);
#19=(
BOUNDED_SURFACE()
B_SPLINE_SURFACE(1,2,((#2085,#2086,#2087,#2088,#2089,#2090,#2091,#2092,
#2093,#2094,#2095,#2096,#2097,#2098,#2099,#2100,#2101,#2102,#2103,#2104,
#2105,#2106,#2107,#2108,#2109,#2110,#2111,#2112,#2113,#2114,#2115,#2116,
#2117,#2118,#2119,#2120,#2121,#2122,#2123,#2124,#2125,#2126,#2127,#2128,
#2129,#2130,#2131,#2132,#2133,#2134,#2135,#2136,#2137,#2138,#2139,#2140,
#2141,#2142,#2143,#2144,#2145),(#2146,#2147,#2148,#2149,#2150,#2151,#2152,
#2153,#2154,#2155,#2156,#2157,#2158,#2159,#2160,#2161,#2162,#2163,#2164,
#2165,#2166,#2167,#2168,#2169,#2170,#2171,#2172,#2173,#2174,#2175,#2176,
#2177,#2178,#2179,#2180,#2181,#2182,#2183,#2184,#2185,#2186,#2187,#2188,
#2189,#2190,#2191,#2192,#2193,#2194,#2195,#2196,#2197,#2198,#2199,#2200,
#2201,#2202,#2203,#2204,#2205,#2206)),.UNSPECIFIED.,.F.,.F.,.F.)
B_SPLINE_SURFACE_WITH_KNOTS((2,2),(3,2,2,2,2,2,2,2,2,2,2,2,2,2,2,2,2,2,
2,2,2,2,2,2,2,2,2,2,2,2,3),(0.,1.),(0.00873320544120548,0.0333333333333333,
0.0666666666666667,0.1,0.133333333333333,0.166666666666667,0.2,0.233333333333334,
0.266666666666666,0.3,0.333333333333334,0.366666666666666,0.4,0.433333333333334,
0.466666666666667,0.5,0.533333333333333,0.566666666666667,0.6,0.633333333333333,
0.666666666666667,0.7,0.733333333333333,0.766666666666667,0.8,0.833333333333333,
0.866666666666667,0.9,0.933333333333333,0.966666666666667,0.992926271575304),
 .PIECEWISE_BEZIER_KNOTS.)
GEOMETRIC_REPRESENTATION_ITEM()
RATIONAL_B_SPLINE_SURFACE(((0.948190905307732,0.90112623396403,1.,0.866025403784439,
1.,0.866025403784439,1.,0.866025403784439,1.,0.866025403784439,1.,0.866025403784439,
1.,0.866025403784439,1.,0.866025403784439,1.,0.866025403784439,1.,0.866025403784439,
1.,0.866025403784439,1.,0.866025403784439,1.,0.866025403784439,1.,0.866025403784439,
1.,0.866025403784439,1.,0.866025403784439,1.,0.866025403784439,1.,0.866025403784439,
1.,0.866025403784439,1.,0.866025403784439,1.,0.866025403784439,1.,0.866025403784439,
1.,0.866025403784439,1.,0.866025403784439,1.,0.866025403784439,1.,0.866025403784439,
1.,0.866025403784439,1.,0.866025403784439,1.,0.866025403784439,1.,0.894456401067554,
0.955204794651211),(0.948190905307732,0.90112623396403,1.,0.866025403784439,
1.,0.866025403784439,1.,0.866025403784439,1.,0.866025403784439,1.,0.866025403784439,
1.,0.866025403784439,1.,0.866025403784439,1.,0.866025403784439,1.,0.866025403784439,
1.,0.866025403784439,1.,0.866025403784439,1.,0.866025403784439,1.,0.866025403784439,
1.,0.866025403784439,1.,0.866025403784439,1.,0.866025403784439,1.,0.866025403784439,
1.,0.866025403784439,1.,0.866025403784439,1.,0.866025403784439,1.,0.866025403784439,
1.,0.866025403784439,1.,0.866025403784439,1.,0.866025403784439,1.,0.866025403784439,
1.,0.866025403784439,1.,0.866025403784439,1.,0.866025403784439,1.,0.894456401067554,
0.955204794651211)))
REPRESENTATION_ITEM('')
SURFACE()
);
#20=B_SPLINE_CURVE_WITH_KNOTS('',3,(#1357,#1358,#1359,#1360),
 .UNSPECIFIED.,.F.,.F.,(4,4),(0.010006095788549,0.0127441132260732),
 .UNSPECIFIED.);
#21=B_SPLINE_CURVE_WITH_KNOTS('',3,(#1362,#1363,#1364,#1365),
 .UNSPECIFIED.,.F.,.F.,(4,4),(0.00208113844814143,0.00260561332560915),
 .UNSPECIFIED.);
#22=B_SPLINE_CURVE_WITH_KNOTS('',3,(#1369,#1370,#1371,#1372),
 .UNSPECIFIED.,.F.,.F.,(4,4),(0.,0.000418643806776645),.UNSPECIFIED.);
#23=B_SPLINE_CURVE_WITH_KNOTS('',3,(#1374,#1375,#1376,#1377),
 .UNSPECIFIED.,.F.,.F.,(4,4),(0.0103185351889927,0.0131870938520001),
 .UNSPECIFIED.);
#24=B_SPLINE_CURVE_WITH_KNOTS('',3,(#1562,#1563,#1564,#1565),
 .UNSPECIFIED.,.F.,.F.,(4,4),(0.00988032855383266,0.0125135045199043),
 .UNSPECIFIED.);
#25=B_SPLINE_CURVE_WITH_KNOTS('',3,(#1703,#1704,#1705,#1706),
 .UNSPECIFIED.,.F.,.F.,(4,4),(0.0102042270445125,0.0129714980621706),
 .UNSPECIFIED.);
#26=B_SPLINE_CURVE_WITH_KNOTS('',3,(#1708,#1709,#1710,#1711),
 .UNSPECIFIED.,.F.,.F.,(4,4),(0.00157122443961585,0.00196496937601079),
 .UNSPECIFIED.);
#27=B_SPLINE_CURVE_WITH_KNOTS('',3,(#1715,#1716,#1717,#1718),
 .UNSPECIFIED.,.F.,.F.,(4,4),(0.00214071033108387,0.00268275224912013),
 .UNSPECIFIED.);
#28=DRAUGHTING_PRE_DEFINED_COLOUR('red');
#29=CONTEXT_DEPENDENT_SHAPE_REPRESENTATION(#35,#2319);
#30=CONTEXT_DEPENDENT_SHAPE_REPRESENTATION(#36,#2321);
#31=CONTEXT_DEPENDENT_SHAPE_REPRESENTATION(#37,#2323);
#32=NEXT_ASSEMBLY_USAGE_OCCURRENCE('NAUO1','Part 1','Part 1',#2324,#2325,
'');
#33=NEXT_ASSEMBLY_USAGE_OCCURRENCE('NAUO2','Part 3','Part 3',#2324,#2326,
'');
#34=NEXT_ASSEMBLY_USAGE_OCCURRENCE('NAUO3','Part 4','Part 4',#2324,#2327,
'');
#35=(
REPRESENTATION_RELATIONSHIP(' ',' ',#896,#895)
REPRESENTATION_RELATIONSHIP_WITH_TRANSFORMATION(#38)
SHAPE_REPRESENTATION_RELATIONSHIP()
);
#36=(
REPRESENTATION_RELATIONSHIP(' ',' ',#897,#895)
REPRESENTATION_RELATIONSHIP_WITH_TRANSFORMATION(#39)
SHAPE_REPRESENTATION_RELATIONSHIP()
);
#37=(
REPRESENTATION_RELATIONSHIP(' ',' ',#898,#895)
REPRESENTATION_RELATIONSHIP_WITH_TRANSFORMATION(#40)
SHAPE_REPRESENTATION_RELATIONSHIP()
);
#38=ITEM_DEFINED_TRANSFORMATION(' ',' ',#899,#946);
#39=ITEM_DEFINED_TRANSFORMATION(' ',' ',#899,#963);
#40=ITEM_DEFINED_TRANSFORMATION(' ',' ',#899,#970);
#41=SHAPE_REPRESENTATION_RELATIONSHIP('','',#896,#44);
#42=SHAPE_REPRESENTATION_RELATIONSHIP('','',#897,#45);
#43=SHAPE_REPRESENTATION_RELATIONSHIP('','',#898,#46);
#44=ADVANCED_BREP_SHAPE_REPRESENTATION('',(#888),#2307);
#45=ADVANCED_BREP_SHAPE_REPRESENTATION('',(#889),#2308);
#46=ADVANCED_BREP_SHAPE_REPRESENTATION('',(#890),#2309);
#47=CIRCLE('',#903,0.0125);
#48=CIRCLE('',#904,0.0125);
#49=CIRCLE('',#906,0.00819508474227149);
#50=CIRCLE('',#907,0.00819508474227147);
#51=CIRCLE('',#912,0.0125);
#52=CIRCLE('',#913,0.0125);
#53=CIRCLE('',#917,0.00918581851020153);
#54=CIRCLE('',#918,0.00918581851020153);
#55=CIRCLE('',#921,0.025);
#56=CIRCLE('',#922,0.025);
#57=CIRCLE('',#931,0.0125);
#58=CIRCLE('',#932,0.0125);
#59=CIRCLE('',#936,0.00815985639801607);
#60=CIRCLE('',#937,0.00815985639801607);
#61=CIRCLE('',#939,0.00819508474227149);
#62=CIRCLE('',#940,0.00819508474227147);
#63=CIRCLE('',#949,0.0035);
#64=CIRCLE('',#950,0.00742645467768757);
#65=CIRCLE('',#952,0.00742645467768757);
#66=CIRCLE('',#954,0.0035);
#67=CIRCLE('',#958,0.0035);
#68=CIRCLE('',#961,0.0035);
#69=CYLINDRICAL_SURFACE('',#902,0.0125);
#70=CYLINDRICAL_SURFACE('',#905,0.00819508474227147);
#71=CYLINDRICAL_SURFACE('',#911,0.0125);
#72=CYLINDRICAL_SURFACE('',#916,0.00918581851020153);
#73=CYLINDRICAL_SURFACE('',#920,0.025);
#74=CYLINDRICAL_SURFACE('',#930,0.0125);
#75=CYLINDRICAL_SURFACE('',#935,0.00815985639801607);
#76=CYLINDRICAL_SURFACE('',#938,0.00819508474227147);
#77=CYLINDRICAL_SURFACE('',#951,0.00742645467768757);
#78=CYLINDRICAL_SURFACE('',#956,0.0101248687053784);
#79=CYLINDRICAL_SURFACE('',#957,0.0035);
#80=CYLINDRICAL_SURFACE('',#960,0.0035);
#81=ORIENTED_EDGE('',*,*,#307,.F.);
#82=ORIENTED_EDGE('',*,*,#308,.T.);
#83=ORIENTED_EDGE('',*,*,#309,.T.);
#84=ORIENTED_EDGE('',*,*,#310,.F.);
#85=ORIENTED_EDGE('',*,*,#311,.F.);
#86=ORIENTED_EDGE('',*,*,#312,.T.);
#87=ORIENTED_EDGE('',*,*,#313,.T.);
#88=ORIENTED_EDGE('',*,*,#314,.F.);
#89=ORIENTED_EDGE('',*,*,#315,.F.);
#90=ORIENTED_EDGE('',*,*,#307,.T.);
#91=ORIENTED_EDGE('',*,*,#316,.T.);
#92=ORIENTED_EDGE('',*,*,#313,.F.);
#93=ORIENTED_EDGE('',*,*,#309,.F.);
#94=ORIENTED_EDGE('',*,*,#317,.T.);
#95=ORIENTED_EDGE('',*,*,#311,.T.);
#96=ORIENTED_EDGE('',*,*,#318,.F.);
#97=ORIENTED_EDGE('',*,*,#319,.F.);
#98=ORIENTED_EDGE('',*,*,#320,.F.);
#99=ORIENTED_EDGE('',*,*,#321,.T.);
#100=ORIENTED_EDGE('',*,*,#322,.T.);
#101=ORIENTED_EDGE('',*,*,#323,.T.);
#102=ORIENTED_EDGE('',*,*,#324,.F.);
#103=ORIENTED_EDGE('',*,*,#325,.F.);
#104=ORIENTED_EDGE('',*,*,#320,.T.);
#105=ORIENTED_EDGE('',*,*,#326,.T.);
#106=ORIENTED_EDGE('',*,*,#327,.F.);
#107=ORIENTED_EDGE('',*,*,#328,.F.);
#108=ORIENTED_EDGE('',*,*,#324,.T.);
#109=ORIENTED_EDGE('',*,*,#329,.F.);
#110=ORIENTED_EDGE('',*,*,#330,.F.);
#111=ORIENTED_EDGE('',*,*,#331,.T.);
#112=ORIENTED_EDGE('',*,*,#332,.T.);
#113=ORIENTED_EDGE('',*,*,#333,.F.);
#114=ORIENTED_EDGE('',*,*,#334,.F.);
#115=ORIENTED_EDGE('',*,*,#335,.T.);
#116=ORIENTED_EDGE('',*,*,#330,.T.);
#117=ORIENTED_EDGE('',*,*,#336,.T.);
#118=ORIENTED_EDGE('',*,*,#337,.F.);
#119=ORIENTED_EDGE('',*,*,#338,.F.);
#120=ORIENTED_EDGE('',*,*,#334,.T.);
#121=ORIENTED_EDGE('',*,*,#339,.T.);
#122=ORIENTED_EDGE('',*,*,#340,.F.);
#123=ORIENTED_EDGE('',*,*,#341,.F.);
#124=ORIENTED_EDGE('',*,*,#337,.T.);
#125=ORIENTED_EDGE('',*,*,#342,.F.);
#126=ORIENTED_EDGE('',*,*,#343,.F.);
#127=ORIENTED_EDGE('',*,*,#344,.T.);
#128=ORIENTED_EDGE('',*,*,#340,.T.);
#129=ORIENTED_EDGE('',*,*,#345,.T.);
#130=ORIENTED_EDGE('',*,*,#346,.F.);
#131=ORIENTED_EDGE('',*,*,#347,.F.);
#132=ORIENTED_EDGE('',*,*,#343,.T.);
#133=ORIENTED_EDGE('',*,*,#348,.T.);
#134=ORIENTED_EDGE('',*,*,#349,.F.);
#135=ORIENTED_EDGE('',*,*,#350,.F.);
#136=ORIENTED_EDGE('',*,*,#346,.T.);
#137=ORIENTED_EDGE('',*,*,#351,.T.);
#138=ORIENTED_EDGE('',*,*,#352,.F.);
#139=ORIENTED_EDGE('',*,*,#353,.F.);
#140=ORIENTED_EDGE('',*,*,#349,.T.);
#141=ORIENTED_EDGE('',*,*,#354,.T.);
#142=ORIENTED_EDGE('',*,*,#355,.F.);
#143=ORIENTED_EDGE('',*,*,#356,.F.);
#144=ORIENTED_EDGE('',*,*,#352,.T.);
#145=ORIENTED_EDGE('',*,*,#357,.T.);
#146=ORIENTED_EDGE('',*,*,#358,.F.);
#147=ORIENTED_EDGE('',*,*,#359,.F.);
#148=ORIENTED_EDGE('',*,*,#355,.T.);
#149=ORIENTED_EDGE('',*,*,#360,.T.);
#150=ORIENTED_EDGE('',*,*,#361,.F.);
#151=ORIENTED_EDGE('',*,*,#362,.F.);
#152=ORIENTED_EDGE('',*,*,#358,.T.);
#153=ORIENTED_EDGE('',*,*,#363,.T.);
#154=ORIENTED_EDGE('',*,*,#364,.F.);
#155=ORIENTED_EDGE('',*,*,#365,.F.);
#156=ORIENTED_EDGE('',*,*,#361,.T.);
#157=ORIENTED_EDGE('',*,*,#366,.F.);
#158=ORIENTED_EDGE('',*,*,#367,.F.);
#159=ORIENTED_EDGE('',*,*,#368,.T.);
#160=ORIENTED_EDGE('',*,*,#369,.T.);
#161=ORIENTED_EDGE('',*,*,#367,.T.);
#162=ORIENTED_EDGE('',*,*,#370,.T.);
#163=ORIENTED_EDGE('',*,*,#371,.F.);
#164=ORIENTED_EDGE('',*,*,#372,.F.);
#165=ORIENTED_EDGE('',*,*,#373,.F.);
#166=ORIENTED_EDGE('',*,*,#374,.F.);
#167=ORIENTED_EDGE('',*,*,#375,.T.);
#168=ORIENTED_EDGE('',*,*,#371,.T.);
#169=ORIENTED_EDGE('',*,*,#376,.T.);
#170=ORIENTED_EDGE('',*,*,#332,.F.);
#171=ORIENTED_EDGE('',*,*,#377,.F.);
#172=ORIENTED_EDGE('',*,*,#364,.T.);
#173=ORIENTED_EDGE('',*,*,#378,.T.);
#174=ORIENTED_EDGE('',*,*,#379,.F.);
#175=ORIENTED_EDGE('',*,*,#380,.F.);
#176=ORIENTED_EDGE('',*,*,#369,.F.);
#177=ORIENTED_EDGE('',*,*,#381,.T.);
#178=ORIENTED_EDGE('',*,*,#374,.T.);
#179=ORIENTED_EDGE('',*,*,#382,.F.);
#180=ORIENTED_EDGE('',*,*,#322,.F.);
#181=ORIENTED_EDGE('',*,*,#383,.T.);
#182=ORIENTED_EDGE('',*,*,#327,.T.);
#183=ORIENTED_EDGE('',*,*,#372,.T.);
#184=ORIENTED_EDGE('',*,*,#375,.F.);
#185=ORIENTED_EDGE('',*,*,#381,.F.);
#186=ORIENTED_EDGE('',*,*,#368,.F.);
#187=ORIENTED_EDGE('',*,*,#377,.T.);
#188=ORIENTED_EDGE('',*,*,#331,.F.);
#189=ORIENTED_EDGE('',*,*,#335,.F.);
#190=ORIENTED_EDGE('',*,*,#338,.T.);
#191=ORIENTED_EDGE('',*,*,#341,.T.);
#192=ORIENTED_EDGE('',*,*,#344,.F.);
#193=ORIENTED_EDGE('',*,*,#347,.T.);
#194=ORIENTED_EDGE('',*,*,#350,.T.);
#195=ORIENTED_EDGE('',*,*,#353,.T.);
#196=ORIENTED_EDGE('',*,*,#356,.T.);
#197=ORIENTED_EDGE('',*,*,#359,.T.);
#198=ORIENTED_EDGE('',*,*,#362,.T.);
#199=ORIENTED_EDGE('',*,*,#365,.T.);
#200=ORIENTED_EDGE('',*,*,#378,.F.);
#201=ORIENTED_EDGE('',*,*,#321,.F.);
#202=ORIENTED_EDGE('',*,*,#325,.T.);
#203=ORIENTED_EDGE('',*,*,#328,.T.);
#204=ORIENTED_EDGE('',*,*,#383,.F.);
#205=ORIENTED_EDGE('',*,*,#314,.T.);
#206=ORIENTED_EDGE('',*,*,#316,.F.);
#207=ORIENTED_EDGE('',*,*,#310,.T.);
#208=ORIENTED_EDGE('',*,*,#318,.T.);
#209=ORIENTED_EDGE('',*,*,#329,.T.);
#210=ORIENTED_EDGE('',*,*,#376,.F.);
#211=ORIENTED_EDGE('',*,*,#363,.F.);
#212=ORIENTED_EDGE('',*,*,#360,.F.);
#213=ORIENTED_EDGE('',*,*,#357,.F.);
#214=ORIENTED_EDGE('',*,*,#354,.F.);
#215=ORIENTED_EDGE('',*,*,#351,.F.);
#216=ORIENTED_EDGE('',*,*,#348,.F.);
#217=ORIENTED_EDGE('',*,*,#345,.F.);
#218=ORIENTED_EDGE('',*,*,#342,.T.);
#219=ORIENTED_EDGE('',*,*,#339,.F.);
#220=ORIENTED_EDGE('',*,*,#336,.F.);
#221=ORIENTED_EDGE('',*,*,#333,.T.);
#222=ORIENTED_EDGE('',*,*,#379,.T.);
#223=ORIENTED_EDGE('',*,*,#319,.T.);
#224=ORIENTED_EDGE('',*,*,#382,.T.);
#225=ORIENTED_EDGE('',*,*,#326,.F.);
#226=ORIENTED_EDGE('',*,*,#323,.F.);
#227=ORIENTED_EDGE('',*,*,#370,.F.);
#228=ORIENTED_EDGE('',*,*,#366,.T.);
#229=ORIENTED_EDGE('',*,*,#380,.T.);
#230=ORIENTED_EDGE('',*,*,#373,.T.);
#231=ORIENTED_EDGE('',*,*,#315,.T.);
#232=ORIENTED_EDGE('',*,*,#312,.F.);
#233=ORIENTED_EDGE('',*,*,#317,.F.);
#234=ORIENTED_EDGE('',*,*,#308,.F.);
#235=ORIENTED_EDGE('',*,*,#384,.F.);
#236=ORIENTED_EDGE('',*,*,#385,.F.);
#237=ORIENTED_EDGE('',*,*,#386,.F.);
#238=ORIENTED_EDGE('',*,*,#387,.F.);
#239=ORIENTED_EDGE('',*,*,#388,.F.);
#240=ORIENTED_EDGE('',*,*,#389,.F.);
#241=ORIENTED_EDGE('',*,*,#385,.T.);
#242=ORIENTED_EDGE('',*,*,#390,.F.);
#243=ORIENTED_EDGE('',*,*,#391,.F.);
#244=ORIENTED_EDGE('',*,*,#392,.F.);
#245=ORIENTED_EDGE('',*,*,#393,.F.);
#246=ORIENTED_EDGE('',*,*,#394,.F.);
#247=ORIENTED_EDGE('',*,*,#395,.T.);
#248=ORIENTED_EDGE('',*,*,#394,.T.);
#249=ORIENTED_EDGE('',*,*,#390,.T.);
#250=ORIENTED_EDGE('',*,*,#384,.T.);
#251=ORIENTED_EDGE('',*,*,#396,.T.);
#252=ORIENTED_EDGE('',*,*,#397,.T.);
#253=ORIENTED_EDGE('',*,*,#398,.F.);
#254=ORIENTED_EDGE('',*,*,#395,.F.);
#255=ORIENTED_EDGE('',*,*,#397,.F.);
#256=ORIENTED_EDGE('',*,*,#399,.T.);
#257=ORIENTED_EDGE('',*,*,#400,.T.);
#258=ORIENTED_EDGE('',*,*,#401,.T.);
#259=ORIENTED_EDGE('',*,*,#402,.T.);
#260=ORIENTED_EDGE('',*,*,#391,.T.);
#261=ORIENTED_EDGE('',*,*,#400,.F.);
#262=ORIENTED_EDGE('',*,*,#403,.F.);
#263=ORIENTED_EDGE('',*,*,#388,.T.);
#264=ORIENTED_EDGE('',*,*,#404,.T.);
#265=ORIENTED_EDGE('',*,*,#403,.T.);
#266=ORIENTED_EDGE('',*,*,#399,.F.);
#267=ORIENTED_EDGE('',*,*,#396,.F.);
#268=ORIENTED_EDGE('',*,*,#389,.T.);
#269=ORIENTED_EDGE('',*,*,#392,.T.);
#270=ORIENTED_EDGE('',*,*,#402,.F.);
#271=ORIENTED_EDGE('',*,*,#405,.F.);
#272=ORIENTED_EDGE('',*,*,#386,.T.);
#273=ORIENTED_EDGE('',*,*,#405,.T.);
#274=ORIENTED_EDGE('',*,*,#401,.F.);
#275=ORIENTED_EDGE('',*,*,#404,.F.);
#276=ORIENTED_EDGE('',*,*,#387,.T.);
#277=ORIENTED_EDGE('',*,*,#406,.F.);
#278=ORIENTED_EDGE('',*,*,#393,.T.);
#279=ORIENTED_EDGE('',*,*,#406,.T.);
#280=ORIENTED_EDGE('',*,*,#407,.F.);
#281=ORIENTED_EDGE('',*,*,#398,.T.);
#282=ORIENTED_EDGE('',*,*,#407,.T.);
#283=ORIENTED_EDGE('',*,*,#408,.F.);
#284=ORIENTED_EDGE('',*,*,#409,.F.);
#285=ORIENTED_EDGE('',*,*,#410,.T.);
#286=ORIENTED_EDGE('',*,*,#411,.T.);
#287=ORIENTED_EDGE('',*,*,#412,.F.);
#288=ORIENTED_EDGE('',*,*,#413,.F.);
#289=ORIENTED_EDGE('',*,*,#414,.T.);
#290=ORIENTED_EDGE('',*,*,#409,.T.);
#291=ORIENTED_EDGE('',*,*,#415,.F.);
#292=ORIENTED_EDGE('',*,*,#416,.F.);
#293=ORIENTED_EDGE('',*,*,#417,.T.);
#294=ORIENTED_EDGE('',*,*,#413,.T.);
#295=ORIENTED_EDGE('',*,*,#418,.F.);
#296=ORIENTED_EDGE('',*,*,#411,.F.);
#297=ORIENTED_EDGE('',*,*,#419,.T.);
#298=ORIENTED_EDGE('',*,*,#416,.T.);
#299=ORIENTED_EDGE('',*,*,#410,.F.);
#300=ORIENTED_EDGE('',*,*,#414,.F.);
#301=ORIENTED_EDGE('',*,*,#417,.F.);
#302=ORIENTED_EDGE('',*,*,#419,.F.);
#303=ORIENTED_EDGE('',*,*,#408,.T.);
#304=ORIENTED_EDGE('',*,*,#418,.T.);
#305=ORIENTED_EDGE('',*,*,#415,.T.);
#306=ORIENTED_EDGE('',*,*,#412,.T.);
#307=EDGE_CURVE('',#420,#421,#498,.T.);
#308=EDGE_CURVE('',#420,#422,#499,.T.);
#309=EDGE_CURVE('',#422,#423,#500,.T.);
#310=EDGE_CURVE('',#421,#423,#501,.T.);
#311=EDGE_CURVE('',#424,#425,#502,.T.);
#312=EDGE_CURVE('',#424,#426,#503,.T.);
#313=EDGE_CURVE('',#426,#427,#504,.T.);
#314=EDGE_CURVE('',#425,#427,#505,.T.);
#315=EDGE_CURVE('',#420,#426,#47,.T.);
#316=EDGE_CURVE('',#421,#427,#48,.T.);
#317=EDGE_CURVE('',#422,#424,#49,.T.);
#318=EDGE_CURVE('',#423,#425,#50,.T.);
#319=EDGE_CURVE('',#428,#429,#506,.T.);
#320=EDGE_CURVE('',#430,#428,#507,.T.);
#321=EDGE_CURVE('',#430,#431,#508,.T.);
#322=EDGE_CURVE('',#431,#429,#509,.T.);
#323=EDGE_CURVE('',#428,#432,#510,.T.);
#324=EDGE_CURVE('',#433,#432,#511,.T.);
#325=EDGE_CURVE('',#430,#433,#512,.T.);
#326=EDGE_CURVE('',#432,#434,#513,.T.);
#327=EDGE_CURVE('',#435,#434,#514,.T.);
#328=EDGE_CURVE('',#433,#435,#515,.T.);
#329=EDGE_CURVE('',#436,#437,#51,.T.);
#330=EDGE_CURVE('',#438,#436,#516,.T.);
#331=EDGE_CURVE('',#438,#439,#52,.T.);
#332=EDGE_CURVE('',#439,#437,#517,.T.);
#333=EDGE_CURVE('',#440,#436,#518,.T.);
#334=EDGE_CURVE('',#441,#440,#519,.T.);
#335=EDGE_CURVE('',#441,#438,#520,.T.);
#336=EDGE_CURVE('',#440,#442,#521,.T.);
#337=EDGE_CURVE('',#443,#442,#522,.T.);
#338=EDGE_CURVE('',#441,#443,#523,.T.);
#339=EDGE_CURVE('',#442,#444,#53,.T.);
#340=EDGE_CURVE('',#445,#444,#524,.T.);
#341=EDGE_CURVE('',#443,#445,#54,.T.);
#342=EDGE_CURVE('',#446,#444,#525,.T.);
#343=EDGE_CURVE('',#447,#446,#526,.T.);
#344=EDGE_CURVE('',#447,#445,#527,.T.);
#345=EDGE_CURVE('',#446,#448,#55,.T.);
#346=EDGE_CURVE('',#449,#448,#528,.T.);
#347=EDGE_CURVE('',#447,#449,#56,.T.);
#348=EDGE_CURVE('',#448,#450,#529,.T.);
#349=EDGE_CURVE('',#451,#450,#530,.T.);
#350=EDGE_CURVE('',#449,#451,#531,.T.);
#351=EDGE_CURVE('',#450,#452,#532,.T.);
#352=EDGE_CURVE('',#453,#452,#533,.T.);
#353=EDGE_CURVE('',#451,#453,#534,.T.);
#354=EDGE_CURVE('',#452,#454,#535,.T.);
#355=EDGE_CURVE('',#455,#454,#536,.T.);
#356=EDGE_CURVE('',#453,#455,#537,.T.);
#357=EDGE_CURVE('',#454,#456,#538,.T.);
#358=EDGE_CURVE('',#457,#456,#539,.T.);
#359=EDGE_CURVE('',#455,#457,#540,.T.);
#360=EDGE_CURVE('',#456,#458,#541,.T.);
#361=EDGE_CURVE('',#459,#458,#542,.T.);
#362=EDGE_CURVE('',#457,#459,#543,.T.);
#363=EDGE_CURVE('',#458,#460,#544,.T.);
#364=EDGE_CURVE('',#461,#460,#545,.T.);
#365=EDGE_CURVE('',#459,#461,#546,.T.);
#366=EDGE_CURVE('',#462,#463,#547,.T.);
#367=EDGE_CURVE('',#464,#462,#548,.T.);
#368=EDGE_CURVE('',#464,#465,#549,.T.);
#369=EDGE_CURVE('',#465,#463,#550,.T.);
#370=EDGE_CURVE('',#462,#466,#57,.T.);
#371=EDGE_CURVE('',#467,#466,#551,.T.);
#372=EDGE_CURVE('',#464,#467,#58,.T.);
#373=EDGE_CURVE('',#468,#466,#552,.T.);
#374=EDGE_CURVE('',#469,#468,#553,.T.);
#375=EDGE_CURVE('',#469,#467,#554,.T.);
#376=EDGE_CURVE('',#460,#437,#555,.T.);
#377=EDGE_CURVE('',#461,#439,#556,.T.);
#378=EDGE_CURVE('',#470,#470,#59,.T.);
#379=EDGE_CURVE('',#471,#471,#60,.T.);
#380=EDGE_CURVE('',#463,#468,#61,.T.);
#381=EDGE_CURVE('',#465,#469,#62,.T.);
#382=EDGE_CURVE('',#429,#434,#557,.T.);
#383=EDGE_CURVE('',#431,#435,#558,.T.);
#384=EDGE_CURVE('',#472,#473,#559,.T.);
#385=EDGE_CURVE('',#474,#472,#20,.T.);
#386=EDGE_CURVE('',#475,#474,#21,.T.);
#387=EDGE_CURVE('',#476,#475,#560,.F.);
#388=EDGE_CURVE('',#477,#476,#22,.T.);
#389=EDGE_CURVE('',#473,#477,#23,.F.);
#390=EDGE_CURVE('',#478,#472,#10,.F.);
#391=EDGE_CURVE('',#479,#478,#24,.T.);
#392=EDGE_CURVE('',#474,#479,#11,.T.);
#393=EDGE_CURVE('',#480,#480,#63,.T.);
#394=EDGE_CURVE('',#481,#481,#64,.F.);
#395=EDGE_CURVE('',#482,#482,#65,.T.);
#396=EDGE_CURVE('',#473,#483,#12,.T.);
#397=EDGE_CURVE('',#483,#478,#561,.F.);
#398=EDGE_CURVE('',#484,#484,#66,.T.);
#399=EDGE_CURVE('',#483,#485,#25,.F.);
#400=EDGE_CURVE('',#485,#486,#26,.F.);
#401=EDGE_CURVE('',#486,#487,#562,.F.);
#402=EDGE_CURVE('',#487,#479,#27,.T.);
#403=EDGE_CURVE('',#477,#485,#13,.T.);
#404=EDGE_CURVE('',#476,#486,#14,.T.);
#405=EDGE_CURVE('',#475,#487,#15,.T.);
#406=EDGE_CURVE('',#488,#488,#67,.T.);
#407=EDGE_CURVE('',#489,#489,#68,.T.);
#408=EDGE_CURVE('',#490,#491,#563,.T.);
#409=EDGE_CURVE('',#492,#490,#564,.T.);
#410=EDGE_CURVE('',#492,#493,#565,.T.);
#411=EDGE_CURVE('',#493,#491,#566,.T.);
#412=EDGE_CURVE('',#494,#490,#567,.T.);
#413=EDGE_CURVE('',#495,#494,#568,.T.);
#414=EDGE_CURVE('',#495,#492,#569,.T.);
#415=EDGE_CURVE('',#496,#494,#570,.T.);
#416=EDGE_CURVE('',#497,#496,#571,.T.);
#417=EDGE_CURVE('',#497,#495,#572,.T.);
#418=EDGE_CURVE('',#491,#496,#573,.T.);
#419=EDGE_CURVE('',#493,#497,#574,.T.);
#420=VERTEX_POINT('',#1195);
#421=VERTEX_POINT('',#1196);
#422=VERTEX_POINT('',#1198);
#423=VERTEX_POINT('',#1200);
#424=VERTEX_POINT('',#1204);
#425=VERTEX_POINT('',#1205);
#426=VERTEX_POINT('',#1207);
#427=VERTEX_POINT('',#1209);
#428=VERTEX_POINT('',#1219);
#429=VERTEX_POINT('',#1220);
#430=VERTEX_POINT('',#1222);
#431=VERTEX_POINT('',#1224);
#432=VERTEX_POINT('',#1228);
#433=VERTEX_POINT('',#1230);
#434=VERTEX_POINT('',#1234);
#435=VERTEX_POINT('',#1236);
#436=VERTEX_POINT('',#1240);
#437=VERTEX_POINT('',#1241);
#438=VERTEX_POINT('',#1243);
#439=VERTEX_POINT('',#1245);
#440=VERTEX_POINT('',#1249);
#441=VERTEX_POINT('',#1251);
#442=VERTEX_POINT('',#1255);
#443=VERTEX_POINT('',#1257);
#444=VERTEX_POINT('',#1261);
#445=VERTEX_POINT('',#1263);
#446=VERTEX_POINT('',#1267);
#447=VERTEX_POINT('',#1269);
#448=VERTEX_POINT('',#1273);
#449=VERTEX_POINT('',#1275);
#450=VERTEX_POINT('',#1279);
#451=VERTEX_POINT('',#1281);
#452=VERTEX_POINT('',#1285);
#453=VERTEX_POINT('',#1287);
#454=VERTEX_POINT('',#1291);
#455=VERTEX_POINT('',#1293);
#456=VERTEX_POINT('',#1297);
#457=VERTEX_POINT('',#1299);
#458=VERTEX_POINT('',#1303);
#459=VERTEX_POINT('',#1305);
#460=VERTEX_POINT('',#1309);
#461=VERTEX_POINT('',#1311);
#462=VERTEX_POINT('',#1315);
#463=VERTEX_POINT('',#1316);
#464=VERTEX_POINT('',#1318);
#465=VERTEX_POINT('',#1320);
#466=VERTEX_POINT('',#1324);
#467=VERTEX_POINT('',#1326);
#468=VERTEX_POINT('',#1330);
#469=VERTEX_POINT('',#1332);
#470=VERTEX_POINT('',#1339);
#471=VERTEX_POINT('',#1341);
#472=VERTEX_POINT('',#1355);
#473=VERTEX_POINT('',#1356);
#474=VERTEX_POINT('',#1361);
#475=VERTEX_POINT('',#1366);
#476=VERTEX_POINT('',#1368);
#477=VERTEX_POINT('',#1373);
#478=VERTEX_POINT('',#1561);
#479=VERTEX_POINT('',#1566);
#480=VERTEX_POINT('',#1630);
#481=VERTEX_POINT('',#1632);
#482=VERTEX_POINT('',#1635);
#483=VERTEX_POINT('',#1697);
#484=VERTEX_POINT('',#1701);
#485=VERTEX_POINT('',#1707);
#486=VERTEX_POINT('',#1712);
#487=VERTEX_POINT('',#1714);
#488=VERTEX_POINT('',#2271);
#489=VERTEX_POINT('',#2275);
#490=VERTEX_POINT('',#2280);
#491=VERTEX_POINT('',#2281);
#492=VERTEX_POINT('',#2283);
#493=VERTEX_POINT('',#2285);
#494=VERTEX_POINT('',#2289);
#495=VERTEX_POINT('',#2291);
#496=VERTEX_POINT('',#2295);
#497=VERTEX_POINT('',#2297);
#498=LINE('',#1194,#575);
#499=LINE('',#1197,#576);
#500=LINE('',#1199,#577);
#501=LINE('',#1201,#578);
#502=LINE('',#1203,#579);
#503=LINE('',#1206,#580);
#504=LINE('',#1208,#581);
#505=LINE('',#1210,#582);
#506=LINE('',#1218,#583);
#507=LINE('',#1221,#584);
#508=LINE('',#1223,#585);
#509=LINE('',#1225,#586);
#510=LINE('',#1227,#587);
#511=LINE('',#1229,#588);
#512=LINE('',#1231,#589);
#513=LINE('',#1233,#590);
#514=LINE('',#1235,#591);
#515=LINE('',#1237,#592);
#516=LINE('',#1242,#593);
#517=LINE('',#1246,#594);
#518=LINE('',#1248,#595);
#519=LINE('',#1250,#596);
#520=LINE('',#1252,#597);
#521=LINE('',#1254,#598);
#522=LINE('',#1256,#599);
#523=LINE('',#1258,#600);
#524=LINE('',#1262,#601);
#525=LINE('',#1266,#602);
#526=LINE('',#1268,#603);
#527=LINE('',#1270,#604);
#528=LINE('',#1274,#605);
#529=LINE('',#1278,#606);
#530=LINE('',#1280,#607);
#531=LINE('',#1282,#608);
#532=LINE('',#1284,#609);
#533=LINE('',#1286,#610);
#534=LINE('',#1288,#611);
#535=LINE('',#1290,#612);
#536=LINE('',#1292,#613);
#537=LINE('',#1294,#614);
#538=LINE('',#1296,#615);
#539=LINE('',#1298,#616);
#540=LINE('',#1300,#617);
#541=LINE('',#1302,#618);
#542=LINE('',#1304,#619);
#543=LINE('',#1306,#620);
#544=LINE('',#1308,#621);
#545=LINE('',#1310,#622);
#546=LINE('',#1312,#623);
#547=LINE('',#1314,#624);
#548=LINE('',#1317,#625);
#549=LINE('',#1319,#626);
#550=LINE('',#1321,#627);
#551=LINE('',#1325,#628);
#552=LINE('',#1329,#629);
#553=LINE('',#1331,#630);
#554=LINE('',#1333,#631);
#555=LINE('',#1335,#632);
#556=LINE('',#1336,#633);
#557=LINE('',#1346,#634);
#558=LINE('',#1347,#635);
#559=LINE('',#1354,#636);
#560=LINE('',#1367,#637);
#561=LINE('',#1698,#638);
#562=LINE('',#1713,#639);
#563=LINE('',#2279,#640);
#564=LINE('',#2282,#641);
#565=LINE('',#2284,#642);
#566=LINE('',#2286,#643);
#567=LINE('',#2288,#644);
#568=LINE('',#2290,#645);
#569=LINE('',#2292,#646);
#570=LINE('',#2294,#647);
#571=LINE('',#2296,#648);
#572=LINE('',#2298,#649);
#573=LINE('',#2300,#650);
#574=LINE('',#2301,#651);
#575=VECTOR('',#975,1.);
#576=VECTOR('',#976,1.);
#577=VECTOR('',#977,1.);
#578=VECTOR('',#978,1.);
#579=VECTOR('',#981,1.);
#580=VECTOR('',#982,1.);
#581=VECTOR('',#983,1.);
#582=VECTOR('',#984,1.);
#583=VECTOR('',#999,1.);
#584=VECTOR('',#1000,1.);
#585=VECTOR('',#1001,1.);
#586=VECTOR('',#1002,1.);
#587=VECTOR('',#1005,1.);
#588=VECTOR('',#1006,1.);
#589=VECTOR('',#1007,1.);
#590=VECTOR('',#1010,1.);
#591=VECTOR('',#1011,1.);
#592=VECTOR('',#1012,1.);
#593=VECTOR('',#1017,1.);
#594=VECTOR('',#1020,1.);
#595=VECTOR('',#1023,1.);
#596=VECTOR('',#1024,1.);
#597=VECTOR('',#1025,1.);
#598=VECTOR('',#1028,1.);
#599=VECTOR('',#1029,1.);
#600=VECTOR('',#1030,1.);
#601=VECTOR('',#1035,1.);
#602=VECTOR('',#1040,1.);
#603=VECTOR('',#1041,1.);
#604=VECTOR('',#1042,1.);
#605=VECTOR('',#1047,1.);
#606=VECTOR('',#1052,1.);
#607=VECTOR('',#1053,1.);
#608=VECTOR('',#1054,1.);
#609=VECTOR('',#1057,1.);
#610=VECTOR('',#1058,1.);
#611=VECTOR('',#1059,1.);
#612=VECTOR('',#1062,1.);
#613=VECTOR('',#1063,1.);
#614=VECTOR('',#1064,1.);
#615=VECTOR('',#1067,1.);
#616=VECTOR('',#1068,1.);
#617=VECTOR('',#1069,1.);
#618=VECTOR('',#1072,1.);
#619=VECTOR('',#1073,1.);
#620=VECTOR('',#1074,1.);
#621=VECTOR('',#1077,1.);
#622=VECTOR('',#1078,1.);
#623=VECTOR('',#1079,1.);
#624=VECTOR('',#1082,1.);
#625=VECTOR('',#1083,1.);
#626=VECTOR('',#1084,1.);
#627=VECTOR('',#1085,1.);
#628=VECTOR('',#1090,1.);
#629=VECTOR('',#1095,1.);
#630=VECTOR('',#1096,1.);
#631=VECTOR('',#1097,1.);
#632=VECTOR('',#1100,1.);
#633=VECTOR('',#1101,1.);
#634=VECTOR('',#1116,1.);
#635=VECTOR('',#1117,1.);
#636=VECTOR('',#1130,1.);
#637=VECTOR('',#1131,1.);
#638=VECTOR('',#1142,1.);
#639=VECTOR('',#1149,1.);
#640=VECTOR('',#1168,1.);
#641=VECTOR('',#1169,1.);
#642=VECTOR('',#1170,1.);
#643=VECTOR('',#1171,1.);
#644=VECTOR('',#1174,1.);
#645=VECTOR('',#1175,1.);
#646=VECTOR('',#1176,1.);
#647=VECTOR('',#1179,1.);
#648=VECTOR('',#1180,1.);
#649=VECTOR('',#1181,1.);
#650=VECTOR('',#1184,1.);
#651=VECTOR('',#1185,1.);
#652=EDGE_LOOP('',(#81,#82,#83,#84));
#653=EDGE_LOOP('',(#85,#86,#87,#88));
#654=EDGE_LOOP('',(#89,#90,#91,#92));
#655=EDGE_LOOP('',(#93,#94,#95,#96));
#656=EDGE_LOOP('',(#97,#98,#99,#100));
#657=EDGE_LOOP('',(#101,#102,#103,#104));
#658=EDGE_LOOP('',(#105,#106,#107,#108));
#659=EDGE_LOOP('',(#109,#110,#111,#112));
#660=EDGE_LOOP('',(#113,#114,#115,#116));
#661=EDGE_LOOP('',(#117,#118,#119,#120));
#662=EDGE_LOOP('',(#121,#122,#123,#124));
#663=EDGE_LOOP('',(#125,#126,#127,#128));
#664=EDGE_LOOP('',(#129,#130,#131,#132));
#665=EDGE_LOOP('',(#133,#134,#135,#136));
#666=EDGE_LOOP('',(#137,#138,#139,#140));
#667=EDGE_LOOP('',(#141,#142,#143,#144));
#668=EDGE_LOOP('',(#145,#146,#147,#148));
#669=EDGE_LOOP('',(#149,#150,#151,#152));
#670=EDGE_LOOP('',(#153,#154,#155,#156));
#671=EDGE_LOOP('',(#157,#158,#159,#160));
#672=EDGE_LOOP('',(#161,#162,#163,#164));
#673=EDGE_LOOP('',(#165,#166,#167,#168));
#674=EDGE_LOOP('',(#169,#170,#171,#172));
#675=EDGE_LOOP('',(#173));
#676=EDGE_LOOP('',(#174));
#677=EDGE_LOOP('',(#175,#176,#177,#178));
#678=EDGE_LOOP('',(#179,#180,#181,#182));
#679=EDGE_LOOP('',(#183,#184,#185,#186));
#680=EDGE_LOOP('',(#187,#188,#189,#190,#191,#192,#193,#194,#195,#196,#197,
#198,#199));
#681=EDGE_LOOP('',(#200));
#682=EDGE_LOOP('',(#201,#202,#203,#204));
#683=EDGE_LOOP('',(#205,#206,#207,#208));
#684=EDGE_LOOP('',(#209,#210,#211,#212,#213,#214,#215,#216,#217,#218,#219,
#220,#221));
#685=EDGE_LOOP('',(#222));
#686=EDGE_LOOP('',(#223,#224,#225,#226));
#687=EDGE_LOOP('',(#227,#228,#229,#230));
#688=EDGE_LOOP('',(#231,#232,#233,#234));
#689=EDGE_LOOP('',(#235,#236,#237,#238,#239,#240));
#690=EDGE_LOOP('',(#241,#242,#243,#244));
#691=EDGE_LOOP('',(#245));
#692=EDGE_LOOP('',(#246));
#693=EDGE_LOOP('',(#247));
#694=EDGE_LOOP('',(#248));
#695=EDGE_LOOP('',(#249,#250,#251,#252));
#696=EDGE_LOOP('',(#253));
#697=EDGE_LOOP('',(#254));
#698=EDGE_LOOP('',(#255,#256,#257,#258,#259,#260));
#699=EDGE_LOOP('',(#261,#262,#263,#264));
#700=EDGE_LOOP('',(#265,#266,#267,#268));
#701=EDGE_LOOP('',(#269,#270,#271,#272));
#702=EDGE_LOOP('',(#273,#274,#275,#276));
#703=EDGE_LOOP('',(#277));
#704=EDGE_LOOP('',(#278));
#705=EDGE_LOOP('',(#279));
#706=EDGE_LOOP('',(#280));
#707=EDGE_LOOP('',(#281));
#708=EDGE_LOOP('',(#282));
#709=EDGE_LOOP('',(#283,#284,#285,#286));
#710=EDGE_LOOP('',(#287,#288,#289,#290));
#711=EDGE_LOOP('',(#291,#292,#293,#294));
#712=EDGE_LOOP('',(#295,#296,#297,#298));
#713=EDGE_LOOP('',(#299,#300,#301,#302));
#714=EDGE_LOOP('',(#303,#304,#305,#306));
#715=FACE_BOUND('',#652,.T.);
#716=FACE_BOUND('',#653,.T.);
#717=FACE_BOUND('',#654,.T.);
#718=FACE_BOUND('',#655,.T.);
#719=FACE_BOUND('',#656,.T.);
#720=FACE_BOUND('',#657,.T.);
#721=FACE_BOUND('',#658,.T.);
#722=FACE_BOUND('',#659,.T.);
#723=FACE_BOUND('',#660,.T.);
#724=FACE_BOUND('',#661,.T.);
#725=FACE_BOUND('',#662,.T.);
#726=FACE_BOUND('',#663,.T.);
#727=FACE_BOUND('',#664,.T.);
#728=FACE_BOUND('',#665,.T.);
#729=FACE_BOUND('',#666,.T.);
#730=FACE_BOUND('',#667,.T.);
#731=FACE_BOUND('',#668,.T.);
#732=FACE_BOUND('',#669,.T.);
#733=FACE_BOUND('',#670,.T.);
#734=FACE_BOUND('',#671,.T.);
#735=FACE_BOUND('',#672,.T.);
#736=FACE_BOUND('',#673,.T.);
#737=FACE_BOUND('',#674,.T.);
#738=FACE_BOUND('',#675,.T.);
#739=FACE_BOUND('',#676,.T.);
#740=FACE_BOUND('',#677,.T.);
#741=FACE_BOUND('',#678,.T.);
#742=FACE_BOUND('',#679,.T.);
#743=FACE_BOUND('',#680,.T.);
#744=FACE_BOUND('',#681,.T.);
#745=FACE_BOUND('',#682,.T.);
#746=FACE_BOUND('',#683,.T.);
#747=FACE_BOUND('',#684,.T.);
#748=FACE_BOUND('',#685,.T.);
#749=FACE_BOUND('',#686,.T.);
#750=FACE_BOUND('',#687,.T.);
#751=FACE_BOUND('',#688,.T.);
#752=FACE_BOUND('',#689,.T.);
#753=FACE_BOUND('',#690,.T.);
#754=FACE_BOUND('',#691,.T.);
#755=FACE_BOUND('',#692,.T.);
#756=FACE_BOUND('',#693,.T.);
#757=FACE_BOUND('',#694,.T.);
#758=FACE_BOUND('',#695,.T.);
#759=FACE_BOUND('',#696,.T.);
#760=FACE_BOUND('',#697,.T.);
#761=FACE_BOUND('',#698,.T.);
#762=FACE_BOUND('',#699,.T.);
#763=FACE_BOUND('',#700,.T.);
#764=FACE_BOUND('',#701,.T.);
#765=FACE_BOUND('',#702,.T.);
#766=FACE_BOUND('',#703,.T.);
#767=FACE_BOUND('',#704,.T.);
#768=FACE_BOUND('',#705,.T.);
#769=FACE_BOUND('',#706,.T.);
#770=FACE_BOUND('',#707,.T.);
#771=FACE_BOUND('',#708,.T.);
#772=FACE_BOUND('',#709,.T.);
#773=FACE_BOUND('',#710,.T.);
#774=FACE_BOUND('',#711,.T.);
#775=FACE_BOUND('',#712,.T.);
#776=FACE_BOUND('',#713,.T.);
#777=FACE_BOUND('',#714,.T.);
#778=PLANE('',#900);
#779=PLANE('',#901);
#780=PLANE('',#908);
#781=PLANE('',#909);
#782=PLANE('',#910);
#783=PLANE('',#914);
#784=PLANE('',#915);
#785=PLANE('',#919);
#786=PLANE('',#923);
#787=PLANE('',#924);
#788=PLANE('',#925);
#789=PLANE('',#926);
#790=PLANE('',#927);
#791=PLANE('',#928);
#792=PLANE('',#929);
#793=PLANE('',#933);
#794=PLANE('',#934);
#795=PLANE('',#941);
#796=PLANE('',#942);
#797=PLANE('',#943);
#798=PLANE('',#944);
#799=PLANE('',#945);
#800=PLANE('',#947);
#801=PLANE('',#948);
#802=PLANE('',#953);
#803=PLANE('',#955);
#804=PLANE('',#959);
#805=PLANE('',#962);
#806=PLANE('',#964);
#807=PLANE('',#965);
#808=PLANE('',#966);
#809=PLANE('',#967);
#810=PLANE('',#968);
#811=PLANE('',#969);
#812=ADVANCED_FACE('',(#715),#778,.T.);
#813=ADVANCED_FACE('',(#716),#779,.T.);
#814=ADVANCED_FACE('',(#717),#69,.T.);
#815=ADVANCED_FACE('',(#718),#70,.F.);
#816=ADVANCED_FACE('',(#719),#780,.T.);
#817=ADVANCED_FACE('',(#720),#781,.F.);
#818=ADVANCED_FACE('',(#721),#782,.F.);
#819=ADVANCED_FACE('',(#722),#71,.T.);
#820=ADVANCED_FACE('',(#723),#783,.T.);
#821=ADVANCED_FACE('',(#724),#784,.F.);
#822=ADVANCED_FACE('',(#725),#72,.T.);
#823=ADVANCED_FACE('',(#726),#785,.T.);
#824=ADVANCED_FACE('',(#727),#73,.T.);
#825=ADVANCED_FACE('',(#728),#786,.F.);
#826=ADVANCED_FACE('',(#729),#787,.F.);
#827=ADVANCED_FACE('',(#730),#788,.F.);
#828=ADVANCED_FACE('',(#731),#789,.F.);
#829=ADVANCED_FACE('',(#732),#790,.F.);
#830=ADVANCED_FACE('',(#733),#791,.F.);
#831=ADVANCED_FACE('',(#734),#792,.T.);
#832=ADVANCED_FACE('',(#735),#74,.T.);
#833=ADVANCED_FACE('',(#736),#793,.T.);
#834=ADVANCED_FACE('',(#737),#794,.F.);
#835=ADVANCED_FACE('',(#738,#739),#75,.F.);
#836=ADVANCED_FACE('',(#740),#76,.F.);
#837=ADVANCED_FACE('',(#741),#795,.T.);
#838=ADVANCED_FACE('',(#742,#743,#744,#745),#796,.T.);
#839=ADVANCED_FACE('',(#746,#747,#748,#749),#797,.F.);
#840=ADVANCED_FACE('',(#750),#798,.T.);
#841=ADVANCED_FACE('',(#751),#799,.F.);
#842=ADVANCED_FACE('',(#752),#800,.F.);
#843=ADVANCED_FACE('',(#753),#16,.T.);
#844=ADVANCED_FACE('',(#754,#755),#801,.T.);
#845=ADVANCED_FACE('',(#756,#757,#758),#77,.T.);
#846=ADVANCED_FACE('',(#759,#760),#802,.F.);
#847=ADVANCED_FACE('',(#761),#803,.T.);
#848=ADVANCED_FACE('',(#762),#17,.T.);
#849=ADVANCED_FACE('',(#763),#18,.T.);
#850=ADVANCED_FACE('',(#764),#19,.T.);
#851=ADVANCED_FACE('',(#765),#78,.T.);
#852=ADVANCED_FACE('',(#766,#767),#79,.T.);
#853=ADVANCED_FACE('',(#768),#804,.T.);
#854=ADVANCED_FACE('',(#769,#770),#80,.T.);
#855=ADVANCED_FACE('',(#771),#805,.T.);
#856=ADVANCED_FACE('',(#772),#806,.T.);
#857=ADVANCED_FACE('',(#773),#807,.T.);
#858=ADVANCED_FACE('',(#774),#808,.T.);
#859=ADVANCED_FACE('',(#775),#809,.T.);
#860=ADVANCED_FACE('',(#776),#810,.T.);
#861=ADVANCED_FACE('',(#777),#811,.F.);
#862=CLOSED_SHELL('',(#812,#813,#814,#815,#816,#817,#818,#819,#820,#821,
#822,#823,#824,#825,#826,#827,#828,#829,#830,#831,#832,#833,#834,#835,#836,
#837,#838,#839,#840,#841));
#863=CLOSED_SHELL('',(#842,#843,#844,#845,#846,#847,#848,#849,#850,#851,
#852,#853,#854,#855));
#864=CLOSED_SHELL('',(#856,#857,#858,#859,#860,#861));
#865=STYLED_ITEM('',(#868),#888);
#866=STYLED_ITEM('',(#869),#889);
#867=STYLED_ITEM('',(#870),#890);
#868=PRESENTATION_STYLE_ASSIGNMENT((#871));
#869=PRESENTATION_STYLE_ASSIGNMENT((#872));
#870=PRESENTATION_STYLE_ASSIGNMENT((#873));
#871=SURFACE_STYLE_USAGE(.BOTH.,#874);
#872=SURFACE_STYLE_USAGE(.BOTH.,#875);
#873=SURFACE_STYLE_USAGE(.BOTH.,#876);
#874=SURFACE_SIDE_STYLE('',(#877));
#875=SURFACE_SIDE_STYLE('',(#878));
#876=SURFACE_SIDE_STYLE('',(#879));
#877=SURFACE_STYLE_FILL_AREA(#880);
#878=SURFACE_STYLE_FILL_AREA(#881);
#879=SURFACE_STYLE_FILL_AREA(#882);
#880=FILL_AREA_STYLE('',(#883));
#881=FILL_AREA_STYLE('',(#884));
#882=FILL_AREA_STYLE('',(#885));
#883=FILL_AREA_STYLE_COLOUR('',#886);
#884=FILL_AREA_STYLE_COLOUR('',#28);
#885=FILL_AREA_STYLE_COLOUR('',#887);
#886=COLOUR_RGB('',0.43921568627451,0.474509803921569,0.501960784313726);
#887=COLOUR_RGB('',0.262745098039216,0.282352941176471,0.301960784313725);
#888=MANIFOLD_SOLID_BREP('Part 1',#862);
#889=MANIFOLD_SOLID_BREP('Part 3',#863);
#890=MANIFOLD_SOLID_BREP('Part 4',#864);
#891=SHAPE_DEFINITION_REPRESENTATION(#2317,#895);
#892=SHAPE_DEFINITION_REPRESENTATION(#2318,#896);
#893=SHAPE_DEFINITION_REPRESENTATION(#2320,#897);
#894=SHAPE_DEFINITION_REPRESENTATION(#2322,#898);
#895=SHAPE_REPRESENTATION('Assembly 1',(#899,#946,#963,#970),#2306);
#896=SHAPE_REPRESENTATION('Part 1',(#899),#2307);
#897=SHAPE_REPRESENTATION('Part 3',(#899),#2308);
#898=SHAPE_REPRESENTATION('Part 4',(#899),#2309);
#899=AXIS2_PLACEMENT_3D('',#1192,#971,#972);
#900=AXIS2_PLACEMENT_3D('',#1193,#973,#974);
#901=AXIS2_PLACEMENT_3D('',#1202,#979,#980);
#902=AXIS2_PLACEMENT_3D('',#1211,#985,#986);
#903=AXIS2_PLACEMENT_3D('',#1212,#987,#988);
#904=AXIS2_PLACEMENT_3D('',#1213,#989,#990);
#905=AXIS2_PLACEMENT_3D('',#1214,#991,#992);
#906=AXIS2_PLACEMENT_3D('',#1215,#993,#994);
#907=AXIS2_PLACEMENT_3D('',#1216,#995,#996);
#908=AXIS2_PLACEMENT_3D('',#1217,#997,#998);
#909=AXIS2_PLACEMENT_3D('',#1226,#1003,#1004);
#910=AXIS2_PLACEMENT_3D('',#1232,#1008,#1009);
#911=AXIS2_PLACEMENT_3D('',#1238,#1013,#1014);
#912=AXIS2_PLACEMENT_3D('',#1239,#1015,#1016);
#913=AXIS2_PLACEMENT_3D('',#1244,#1018,#1019);
#914=AXIS2_PLACEMENT_3D('',#1247,#1021,#1022);
#915=AXIS2_PLACEMENT_3D('',#1253,#1026,#1027);
#916=AXIS2_PLACEMENT_3D('',#1259,#1031,#1032);
#917=AXIS2_PLACEMENT_3D('',#1260,#1033,#1034);
#918=AXIS2_PLACEMENT_3D('',#1264,#1036,#1037);
#919=AXIS2_PLACEMENT_3D('',#1265,#1038,#1039);
#920=AXIS2_PLACEMENT_3D('',#1271,#1043,#1044);
#921=AXIS2_PLACEMENT_3D('',#1272,#1045,#1046);
#922=AXIS2_PLACEMENT_3D('',#1276,#1048,#1049);
#923=AXIS2_PLACEMENT_3D('',#1277,#1050,#1051);
#924=AXIS2_PLACEMENT_3D('',#1283,#1055,#1056);
#925=AXIS2_PLACEMENT_3D('',#1289,#1060,#1061);
#926=AXIS2_PLACEMENT_3D('',#1295,#1065,#1066);
#927=AXIS2_PLACEMENT_3D('',#1301,#1070,#1071);
#928=AXIS2_PLACEMENT_3D('',#1307,#1075,#1076);
#929=AXIS2_PLACEMENT_3D('',#1313,#1080,#1081);
#930=AXIS2_PLACEMENT_3D('',#1322,#1086,#1087);
#931=AXIS2_PLACEMENT_3D('',#1323,#1088,#1089);
#932=AXIS2_PLACEMENT_3D('',#1327,#1091,#1092);
#933=AXIS2_PLACEMENT_3D('',#1328,#1093,#1094);
#934=AXIS2_PLACEMENT_3D('',#1334,#1098,#1099);
#935=AXIS2_PLACEMENT_3D('',#1337,#1102,#1103);
#936=AXIS2_PLACEMENT_3D('',#1338,#1104,#1105);
#937=AXIS2_PLACEMENT_3D('',#1340,#1106,#1107);
#938=AXIS2_PLACEMENT_3D('',#1342,#1108,#1109);
#939=AXIS2_PLACEMENT_3D('',#1343,#1110,#1111);
#940=AXIS2_PLACEMENT_3D('',#1344,#1112,#1113);
#941=AXIS2_PLACEMENT_3D('',#1345,#1114,#1115);
#942=AXIS2_PLACEMENT_3D('',#1348,#1118,#1119);
#943=AXIS2_PLACEMENT_3D('',#1349,#1120,#1121);
#944=AXIS2_PLACEMENT_3D('',#1350,#1122,#1123);
#945=AXIS2_PLACEMENT_3D('',#1351,#1124,#1125);
#946=AXIS2_PLACEMENT_3D('',#1352,#1126,#1127);
#947=AXIS2_PLACEMENT_3D('',#1353,#1128,#1129);
#948=AXIS2_PLACEMENT_3D('',#1628,#1132,#1133);
#949=AXIS2_PLACEMENT_3D('',#1629,#1134,#1135);
#950=AXIS2_PLACEMENT_3D('',#1631,#1136,#1137);
#951=AXIS2_PLACEMENT_3D('',#1633,#1138,#1139);
#952=AXIS2_PLACEMENT_3D('',#1634,#1140,#1141);
#953=AXIS2_PLACEMENT_3D('',#1699,#1143,#1144);
#954=AXIS2_PLACEMENT_3D('',#1700,#1145,#1146);
#955=AXIS2_PLACEMENT_3D('',#1702,#1147,#1148);
#956=AXIS2_PLACEMENT_3D('',#2268,#1150,#1151);
#957=AXIS2_PLACEMENT_3D('',#2269,#1152,#1153);
#958=AXIS2_PLACEMENT_3D('',#2270,#1154,#1155);
#959=AXIS2_PLACEMENT_3D('',#2272,#1156,#1157);
#960=AXIS2_PLACEMENT_3D('',#2273,#1158,#1159);
#961=AXIS2_PLACEMENT_3D('',#2274,#1160,#1161);
#962=AXIS2_PLACEMENT_3D('',#2276,#1162,#1163);
#963=AXIS2_PLACEMENT_3D('',#2277,#1164,#1165);
#964=AXIS2_PLACEMENT_3D('',#2278,#1166,#1167);
#965=AXIS2_PLACEMENT_3D('',#2287,#1172,#1173);
#966=AXIS2_PLACEMENT_3D('',#2293,#1177,#1178);
#967=AXIS2_PLACEMENT_3D('',#2299,#1182,#1183);
#968=AXIS2_PLACEMENT_3D('',#2302,#1186,#1187);
#969=AXIS2_PLACEMENT_3D('',#2303,#1188,#1189);
#970=AXIS2_PLACEMENT_3D('',#2304,#1190,#1191);
#971=DIRECTION('',(0.,0.,1.));
#972=DIRECTION('',(1.,0.,0.));
#973=DIRECTION('',(1.18721851973503E-16,0.,1.));
#974=DIRECTION('',(1.,0.,-1.18721851973503E-16));
#975=DIRECTION('',(0.,-1.,0.));
#976=DIRECTION('',(-1.,0.,1.18721851973503E-16));
#977=DIRECTION('',(0.,-1.,0.));
#978=DIRECTION('',(-1.,0.,1.18721851973503E-16));
#979=DIRECTION('',(-5.96234644339316E-17,0.,-1.));
#980=DIRECTION('',(-1.,0.,5.96234644339316E-17));
#981=DIRECTION('',(0.,-1.,0.));
#982=DIRECTION('',(1.,0.,-5.96234644339316E-17));
#983=DIRECTION('',(0.,-1.,0.));
#984=DIRECTION('',(1.,0.,-5.96234644339316E-17));
#985=DIRECTION('',(0.,-1.,0.));
#986=DIRECTION('',(-1.,0.,0.));
#987=DIRECTION('',(0.,1.,0.));
#988=DIRECTION('',(1.,0.,0.));
#989=DIRECTION('',(0.,1.,0.));
#990=DIRECTION('',(1.,0.,0.));
#991=DIRECTION('',(0.,-1.,0.));
#992=DIRECTION('',(-1.,0.,0.));
#993=DIRECTION('',(0.,1.,0.));
#994=DIRECTION('',(1.,0.,0.));
#995=DIRECTION('',(0.,1.,0.));
#996=DIRECTION('',(1.,0.,0.));
#997=DIRECTION('',(1.,0.,0.));
#998=DIRECTION('',(0.,-1.,0.));
#999=DIRECTION('',(0.,0.,1.));
#1000=DIRECTION('',(0.,-1.,0.));
#1001=DIRECTION('',(0.,0.,1.));
#1002=DIRECTION('',(0.,-1.,0.));
#1003=DIRECTION('',(0.,0.,-1.));
#1004=DIRECTION('',(0.,1.,0.));
#1005=DIRECTION('',(1.,0.,0.));
#1006=DIRECTION('',(0.,-1.,0.));
#1007=DIRECTION('',(1.,0.,0.));
#1008=DIRECTION('',(1.,0.,0.));
#1009=DIRECTION('',(0.,-1.,0.));
#1010=DIRECTION('',(0.,0.,1.));
#1011=DIRECTION('',(0.,-1.,0.));
#1012=DIRECTION('',(0.,0.,1.));
#1013=DIRECTION('',(0.,-1.,0.));
#1014=DIRECTION('',(-1.,0.,0.));
#1015=DIRECTION('',(0.,-1.,0.));
#1016=DIRECTION('',(1.,0.,0.));
#1017=DIRECTION('',(0.,-1.,0.));
#1018=DIRECTION('',(0.,-1.,0.));
#1019=DIRECTION('',(1.,0.,0.));
#1020=DIRECTION('',(0.,-1.,0.));
#1021=DIRECTION('',(0.,0.,-1.));
#1022=DIRECTION('',(0.,1.,0.));
#1023=DIRECTION('',(1.,0.,0.));
#1024=DIRECTION('',(0.,-1.,0.));
#1025=DIRECTION('',(1.,0.,0.));
#1026=DIRECTION('',(-0.908123571344666,0.,0.418702255986531));
#1027=DIRECTION('',(0.418702255986531,0.,0.908123571344666));
#1028=DIRECTION('',(-0.418702255986531,0.,-0.908123571344666));
#1029=DIRECTION('',(0.,-1.,0.));
#1030=DIRECTION('',(-0.418702255986531,0.,-0.908123571344666));
#1031=DIRECTION('',(0.,-1.,0.));
#1032=DIRECTION('',(-1.,0.,0.));
#1033=DIRECTION('',(0.,1.,0.));
#1034=DIRECTION('',(1.,0.,0.));
#1035=DIRECTION('',(0.,-1.,0.));
#1036=DIRECTION('',(0.,1.,0.));
#1037=DIRECTION('',(1.,0.,0.));
#1038=DIRECTION('',(0.158715500905544,0.,-0.987324358948113));
#1039=DIRECTION('',(-0.987324358948113,0.,-0.158715500905544));
#1040=DIRECTION('',(0.987324358948113,0.,0.158715500905544));
#1041=DIRECTION('',(0.,-1.,0.));
#1042=DIRECTION('',(0.987324358948113,0.,0.158715500905544));
#1043=DIRECTION('',(0.,-1.,0.));
#1044=DIRECTION('',(-1.,0.,0.));
#1045=DIRECTION('',(0.,1.,0.));
#1046=DIRECTION('',(1.,0.,0.));
#1047=DIRECTION('',(0.,-1.,0.));
#1048=DIRECTION('',(0.,1.,0.));
#1049=DIRECTION('',(1.,0.,0.));
#1050=DIRECTION('',(0.524235785873725,0.,0.851573156463587));
#1051=DIRECTION('',(0.851573156463587,0.,-0.524235785873725));
#1052=DIRECTION('',(-0.851573156463587,0.,0.524235785873725));
#1053=DIRECTION('',(0.,-1.,0.));
#1054=DIRECTION('',(-0.851573156463587,0.,0.524235785873725));
#1055=DIRECTION('',(0.00678676712392652,0.,-0.999976969630804));
#1056=DIRECTION('',(-0.999976969630804,0.,-0.00678676712392652));
#1057=DIRECTION('',(0.999976969630804,0.,0.00678676712392652));
#1058=DIRECTION('',(0.,-1.,0.));
#1059=DIRECTION('',(0.999976969630804,0.,0.00678676712392652));
#1060=DIRECTION('',(0.999850492553127,0.,-0.0172914007896606));
#1061=DIRECTION('',(-0.0172914007896606,0.,-0.999850492553128));
#1062=DIRECTION('',(0.0172914007896606,0.,0.999850492553127));
#1063=DIRECTION('',(0.,-1.,0.));
#1064=DIRECTION('',(0.0172914007896606,0.,0.999850492553127));
#1065=DIRECTION('',(1.,0.,0.));
#1066=DIRECTION('',(0.,-1.,0.));
#1067=DIRECTION('',(0.,0.,1.));
#1068=DIRECTION('',(0.,-1.,0.));
#1069=DIRECTION('',(0.,0.,1.));
#1070=DIRECTION('',(0.,0.,-1.));
#1071=DIRECTION('',(0.,1.,0.));
#1072=DIRECTION('',(1.,0.,0.));
#1073=DIRECTION('',(0.,-1.,0.));
#1074=DIRECTION('',(1.,0.,0.));
#1075=DIRECTION('',(-0.999997379475505,0.,-0.00228933224369972));
#1076=DIRECTION('',(-0.00228933224369972,0.,0.999997379475505));
#1077=DIRECTION('',(0.00228933224369972,0.,-0.999997379475505));
#1078=DIRECTION('',(0.,-1.,0.));
#1079=DIRECTION('',(0.00228933224369972,0.,-0.999997379475505));
#1080=DIRECTION('',(1.18721851973503E-16,0.,1.));
#1081=DIRECTION('',(1.,0.,-1.18721851973503E-16));
#1082=DIRECTION('',(-1.,0.,1.18721851973503E-16));
#1083=DIRECTION('',(0.,-1.,0.));
#1084=DIRECTION('',(-1.,0.,1.18721851973503E-16));
#1085=DIRECTION('',(0.,-1.,0.));
#1086=DIRECTION('',(0.,-1.,0.));
#1087=DIRECTION('',(-1.,0.,0.));
#1088=DIRECTION('',(0.,1.,0.));
#1089=DIRECTION('',(1.,0.,0.));
#1090=DIRECTION('',(0.,-1.,0.));
#1091=DIRECTION('',(0.,1.,0.));
#1092=DIRECTION('',(1.,0.,0.));
#1093=DIRECTION('',(-5.96234644339316E-17,0.,-1.));
#1094=DIRECTION('',(-1.,0.,5.96234644339316E-17));
#1095=DIRECTION('',(1.,0.,-5.96234644339316E-17));
#1096=DIRECTION('',(0.,-1.,0.));
#1097=DIRECTION('',(1.,0.,-5.96234644339316E-17));
#1098=DIRECTION('',(0.,0.,-1.));
#1099=DIRECTION('',(0.,1.,0.));
#1100=DIRECTION('',(1.,0.,0.));
#1101=DIRECTION('',(1.,0.,0.));
#1102=DIRECTION('',(0.,-1.,0.));
#1103=DIRECTION('',(-1.,0.,0.));
#1104=DIRECTION('',(0.,1.,0.));
#1105=DIRECTION('',(1.,0.,0.));
#1106=DIRECTION('',(0.,1.,0.));
#1107=DIRECTION('',(1.,0.,0.));
#1108=DIRECTION('',(0.,-1.,0.));
#1109=DIRECTION('',(-1.,0.,0.));
#1110=DIRECTION('',(0.,1.,0.));
#1111=DIRECTION('',(1.,0.,0.));
#1112=DIRECTION('',(0.,1.,0.));
#1113=DIRECTION('',(1.,0.,0.));
#1114=DIRECTION('',(0.,0.,-1.));
#1115=DIRECTION('',(0.,1.,0.));
#1116=DIRECTION('',(1.,0.,0.));
#1117=DIRECTION('',(1.,0.,0.));
#1118=DIRECTION('',(0.,1.,0.));
#1119=DIRECTION('',(1.,0.,0.));
#1120=DIRECTION('',(0.,1.,0.));
#1121=DIRECTION('',(1.,0.,0.));
#1122=DIRECTION('',(0.,1.,0.));
#1123=DIRECTION('',(1.,0.,0.));
#1124=DIRECTION('',(0.,1.,0.));
#1125=DIRECTION('',(1.,0.,0.));
#1126=DIRECTION('',(0.,0.,1.));
#1127=DIRECTION('',(1.,0.,0.));
#1128=DIRECTION('',(0.,1.,0.));
#1129=DIRECTION('',(1.,0.,0.));
#1130=DIRECTION('',(0.,0.,1.));
#1131=DIRECTION('',(0.,0.,1.));
#1132=DIRECTION('',(0.,0.,-1.));
#1133=DIRECTION('',(-1.,0.,0.));
#1134=DIRECTION('',(0.,0.,-1.));
#1135=DIRECTION('',(0.,1.,0.));
#1136=DIRECTION('',(0.,0.,-1.));
#1137=DIRECTION('',(0.,1.,0.));
#1138=DIRECTION('',(0.,0.,1.));
#1139=DIRECTION('',(0.,-1.,0.));
#1140=DIRECTION('',(0.,0.,-1.));
#1141=DIRECTION('',(0.,1.,0.));
#1142=DIRECTION('',(0.,0.,1.));
#1143=DIRECTION('',(0.,0.,-1.));
#1144=DIRECTION('',(-1.,0.,0.));
#1145=DIRECTION('',(0.,0.,1.));
#1146=DIRECTION('',(0.,-1.,0.));
#1147=DIRECTION('',(0.,1.,0.));
#1148=DIRECTION('',(1.,0.,0.));
#1149=DIRECTION('',(0.,0.,1.));
#1150=DIRECTION('',(0.,0.,1.));
#1151=DIRECTION('',(0.,-1.,0.));
#1152=DIRECTION('',(0.,0.,1.));
#1153=DIRECTION('',(0.,-1.,0.));
#1154=DIRECTION('',(0.,0.,-1.));
#1155=DIRECTION('',(0.,1.,0.));
#1156=DIRECTION('',(0.,0.,-1.));
#1157=DIRECTION('',(-1.,0.,0.));
#1158=DIRECTION('',(0.,0.,-1.));
#1159=DIRECTION('',(0.,1.,0.));
#1160=DIRECTION('',(0.,0.,1.));
#1161=DIRECTION('',(0.,-1.,0.));
#1162=DIRECTION('',(0.,0.,1.));
#1163=DIRECTION('',(1.,0.,0.));
#1164=DIRECTION('',(-4.64508074213413E-16,-8.98275447179342E-17,1.));
#1165=DIRECTION('',(0.981810296999543,0.189864532511126,4.7311387508665E-16));
#1166=DIRECTION('',(1.,0.,0.));
#1167=DIRECTION('',(0.,-1.,0.));
#1168=DIRECTION('',(0.,0.,1.));
#1169=DIRECTION('',(0.,-1.,0.));
#1170=DIRECTION('',(0.,0.,1.));
#1171=DIRECTION('',(0.,-1.,0.));
#1172=DIRECTION('',(0.,0.,-1.));
#1173=DIRECTION('',(0.,1.,0.));
#1174=DIRECTION('',(1.,0.,0.));
#1175=DIRECTION('',(0.,-1.,0.));
#1176=DIRECTION('',(1.,0.,0.));
#1177=DIRECTION('',(-0.734489923613692,0.,0.678619593078444));
#1178=DIRECTION('',(0.678619593078444,0.,0.734489923613692));
#1179=DIRECTION('',(-0.678619593078444,0.,-0.734489923613692));
#1180=DIRECTION('',(0.,-1.,0.));
#1181=DIRECTION('',(-0.678619593078444,0.,-0.734489923613692));
#1182=DIRECTION('',(0.,0.,1.));
#1183=DIRECTION('',(0.,-1.,0.));
#1184=DIRECTION('',(-1.,0.,0.));
#1185=DIRECTION('',(-1.,0.,0.));
#1186=DIRECTION('',(0.,1.,0.));
#1187=DIRECTION('',(1.,0.,0.));
#1188=DIRECTION('',(0.,1.,0.));
#1189=DIRECTION('',(1.,0.,0.));
#1190=DIRECTION('',(0.,0.,1.));
#1191=DIRECTION('',(1.,0.,0.));
#1192=CARTESIAN_POINT('',(0.,0.,0.));
#1193=CARTESIAN_POINT('',(-0.00278796107609697,0.005,-0.00849124188463002));
#1194=CARTESIAN_POINT('',(0.055658683653265,0.005,-0.00849124188463003));
#1195=CARTESIAN_POINT('',(0.055658683653265,-0.0025,-0.00849124188463003));
#1196=CARTESIAN_POINT('',(0.055658683653265,-0.005,-0.00849124188463003));
#1197=CARTESIAN_POINT('',(-0.00278796107609697,-0.0025,-0.00849124188463002));
#1198=CARTESIAN_POINT('',(-0.061234605805459,-0.0025,-0.00849124188463002));
#1199=CARTESIAN_POINT('',(-0.061234605805459,0.005,-0.00849124188463002));
#1200=CARTESIAN_POINT('',(-0.061234605805459,-0.005,-0.00849124188463002));
#1201=CARTESIAN_POINT('',(-0.00278796107609697,-0.005,-0.00849124188463002));
#1202=CARTESIAN_POINT('',(-0.00304531766373936,0.005,0.00789892759991293));
#1203=CARTESIAN_POINT('',(-0.061234605805459,0.005,0.00789892759991293));
#1204=CARTESIAN_POINT('',(-0.061234605805459,-0.0025,0.00789892759991293));
#1205=CARTESIAN_POINT('',(-0.061234605805459,-0.005,0.00789892759991293));
#1206=CARTESIAN_POINT('',(-0.00304531766373936,-0.0025,0.00789892759991293));
#1207=CARTESIAN_POINT('',(0.0551439704779803,-0.0025,0.00789892759991292));
#1208=CARTESIAN_POINT('',(0.0551439704779803,0.005,0.00789892759991292));
#1209=CARTESIAN_POINT('',(0.0551439704779803,-0.005,0.00789892759991292));
#1210=CARTESIAN_POINT('',(-0.00304531766373936,-0.005,0.00789892759991293));
#1211=CARTESIAN_POINT('',(0.0648319497704506,0.005,-2.73867824704878E-17));
#1212=CARTESIAN_POINT('',(0.0648319497704506,-0.0025,-2.73867824704878E-17));
#1213=CARTESIAN_POINT('',(0.0648319497704506,-0.005,-2.73867824704878E-17));
#1214=CARTESIAN_POINT('',(-0.061234605805459,0.005,-0.000296157142358541));
#1215=CARTESIAN_POINT('',(-0.061234605805459,-0.0025,-0.000296157142358512));
#1216=CARTESIAN_POINT('',(-0.061234605805459,-0.005,-0.000296157142358541));
#1217=CARTESIAN_POINT('',(-0.100972533226013,0.005,0.00499127559855884));
#1218=CARTESIAN_POINT('',(-0.100972533226013,-0.005,0.00499127559855884));
#1219=CARTESIAN_POINT('',(-0.100972533226013,-0.005,-0.0150087244014411));
#1220=CARTESIAN_POINT('',(-0.100972533226013,-0.005,0.0249912755985588));
#1221=CARTESIAN_POINT('',(-0.100972533226013,0.005,-0.0150087244014411));
#1222=CARTESIAN_POINT('',(-0.100972533226013,0.005,-0.0150087244014411));
#1223=CARTESIAN_POINT('',(-0.100972533226013,0.005,0.00499127559855884));
#1224=CARTESIAN_POINT('',(-0.100972533226013,0.005,0.0249912755985588));
#1225=CARTESIAN_POINT('',(-0.100972533226013,0.005,0.0249912755985588));
#1226=CARTESIAN_POINT('',(-0.0909725332260132,0.005,-0.0150087244014411));
#1227=CARTESIAN_POINT('',(-0.0909725332260132,-0.005,-0.0150087244014411));
#1228=CARTESIAN_POINT('',(-0.0809725332260132,-0.005,-0.0150087244014411));
#1229=CARTESIAN_POINT('',(-0.0809725332260132,0.005,-0.0150087244014411));
#1230=CARTESIAN_POINT('',(-0.0809725332260132,0.005,-0.0150087244014411));
#1231=CARTESIAN_POINT('',(-0.0909725332260132,0.005,-0.0150087244014411));
#1232=CARTESIAN_POINT('',(-0.0809725332260132,0.005,0.00499127559855884));
#1233=CARTESIAN_POINT('',(-0.0809725332260132,-0.005,0.00499127559855884));
#1234=CARTESIAN_POINT('',(-0.0809725332260132,-0.005,0.0249912755985588));
#1235=CARTESIAN_POINT('',(-0.0809725332260132,0.005,0.0249912755985588));
#1236=CARTESIAN_POINT('',(-0.0809725332260132,0.005,0.0249912755985588));
#1237=CARTESIAN_POINT('',(-0.0809725332260132,0.005,0.00499127559855884));
#1238=CARTESIAN_POINT('',(0.0648319497704506,0.005,-3.82702124733548E-19));
#1239=CARTESIAN_POINT('',(0.0648319497704506,-0.005,-3.82702124733548E-19));
#1240=CARTESIAN_POINT('',(0.0648319497704506,-0.005,-0.0125));
#1241=CARTESIAN_POINT('',(0.0648319497704506,-0.005,0.0125));
#1242=CARTESIAN_POINT('',(0.0648319497704506,0.005,-0.0125));
#1243=CARTESIAN_POINT('',(0.0648319497704506,0.005,-0.0125));
#1244=CARTESIAN_POINT('',(0.0648319497704506,0.005,-3.82702124733548E-19));
#1245=CARTESIAN_POINT('',(0.0648319497704506,0.005,0.0125));
#1246=CARTESIAN_POINT('',(0.0648319497704506,0.005,0.0125));
#1247=CARTESIAN_POINT('',(-0.00513494162631982,0.005,-0.0125));
#1248=CARTESIAN_POINT('',(-0.00513494162631982,-0.005,-0.0125));
#1249=CARTESIAN_POINT('',(-0.0751018330230902,-0.005,-0.0125));
#1250=CARTESIAN_POINT('',(-0.0751018330230902,0.005,-0.0125));
#1251=CARTESIAN_POINT('',(-0.0751018330230902,0.005,-0.0125));
#1252=CARTESIAN_POINT('',(-0.00513494162631982,0.005,-0.0125));
#1253=CARTESIAN_POINT('',(-0.0778703175007543,0.005,-0.0185045676256148));
#1254=CARTESIAN_POINT('',(-0.0778703175007543,-0.005,-0.0185045676256148));
#1255=CARTESIAN_POINT('',(-0.0806388019784184,-0.005,-0.0245091352512296));
#1256=CARTESIAN_POINT('',(-0.0806388019784184,0.005,-0.0245091352512296));
#1257=CARTESIAN_POINT('',(-0.0806388019784184,0.005,-0.0245091352512296));
#1258=CARTESIAN_POINT('',(-0.0778703175007543,0.005,-0.0185045676256148));
#1259=CARTESIAN_POINT('',(-0.0889806602896266,0.005,-0.0206630123179254));
#1260=CARTESIAN_POINT('',(-0.0889806602896266,-0.005,-0.0206630123179254));
#1261=CARTESIAN_POINT('',(-0.0866543081961597,-0.005,-0.0295493697066187));
#1262=CARTESIAN_POINT('',(-0.0866543081961597,0.005,-0.0295493697066187));
#1263=CARTESIAN_POINT('',(-0.0866543081961597,0.005,-0.0295493697066187));
#1264=CARTESIAN_POINT('',(-0.0889806602896266,0.005,-0.0206630123179254));
#1265=CARTESIAN_POINT('',(-0.100292577388404,0.005,-0.0317417644416556));
#1266=CARTESIAN_POINT('',(-0.100292577388404,-0.005,-0.0317417644416556));
#1267=CARTESIAN_POINT('',(-0.113930846580648,-0.005,-0.0339341591766927));
#1268=CARTESIAN_POINT('',(-0.113930846580648,0.005,-0.0339341591766927));
#1269=CARTESIAN_POINT('',(-0.113930846580648,0.005,-0.0339341591766927));
#1270=CARTESIAN_POINT('',(-0.100292577388404,0.005,-0.0317417644416556));
#1271=CARTESIAN_POINT('',(-0.120591510620844,0.005,-0.00983777864882839));
#1272=CARTESIAN_POINT('',(-0.120591510620844,-0.005,-0.00983777864882839));
#1273=CARTESIAN_POINT('',(-0.133697405267687,-0.005,-0.031127107560418));
#1274=CARTESIAN_POINT('',(-0.133697405267687,0.005,-0.031127107560418));
#1275=CARTESIAN_POINT('',(-0.133697405267687,0.005,-0.031127107560418));
#1276=CARTESIAN_POINT('',(-0.120591510620844,0.005,-0.00983777864882839));
#1277=CARTESIAN_POINT('',(-0.146147027877949,0.005,-0.0234630124167599));
#1278=CARTESIAN_POINT('',(-0.146147027877949,-0.005,-0.0234630124167599));
#1279=CARTESIAN_POINT('',(-0.158596650488212,-0.005,-0.0157989172731017));
#1280=CARTESIAN_POINT('',(-0.158596650488212,0.005,-0.0157989172731017));
#1281=CARTESIAN_POINT('',(-0.158596650488212,0.005,-0.0157989172731017));
#1282=CARTESIAN_POINT('',(-0.146147027877949,0.005,-0.0234630124167599));
#1283=CARTESIAN_POINT('',(-0.134189827059174,0.005,-0.0156332700313364));
#1284=CARTESIAN_POINT('',(-0.134189827059174,-0.005,-0.0156332700313364));
#1285=CARTESIAN_POINT('',(-0.109783003630136,-0.005,-0.0154676227895717));
#1286=CARTESIAN_POINT('',(-0.109783003630136,0.005,-0.0154676227895717));
#1287=CARTESIAN_POINT('',(-0.109783003630136,0.005,-0.0154676227895717));
#1288=CARTESIAN_POINT('',(-0.134189827059174,0.005,-0.0156332700313364));
#1289=CARTESIAN_POINT('',(-0.109709227798874,0.005,-0.0112016409803113));
#1290=CARTESIAN_POINT('',(-0.109709227798874,-0.005,-0.0112016409803113));
#1291=CARTESIAN_POINT('',(-0.109635451967613,-0.005,-0.00693565917105091));
#1292=CARTESIAN_POINT('',(-0.109635451967613,0.005,-0.00693565917105091));
#1293=CARTESIAN_POINT('',(-0.109635451967613,0.005,-0.00693565917105091));
#1294=CARTESIAN_POINT('',(-0.109709227798874,0.005,-0.0112016409803113));
#1295=CARTESIAN_POINT('',(-0.109635451967613,0.005,-0.00109775449566847));
#1296=CARTESIAN_POINT('',(-0.109635451967613,-0.005,-0.00109775449566847));
#1297=CARTESIAN_POINT('',(-0.109635451967613,-0.005,0.0332674339289364));
#1298=CARTESIAN_POINT('',(-0.109635451967613,0.005,0.0332674339289364));
#1299=CARTESIAN_POINT('',(-0.109635451967613,0.005,0.0332674339289364));
#1300=CARTESIAN_POINT('',(-0.109635451967613,0.005,-0.00109775449566847));
#1301=CARTESIAN_POINT('',(-0.0923924143357023,0.005,0.0332674339289364));
#1302=CARTESIAN_POINT('',(-0.0923924143357023,-0.005,0.0332674339289364));
#1303=CARTESIAN_POINT('',(-0.075149376703792,-0.005,0.0332674339289364));
#1304=CARTESIAN_POINT('',(-0.075149376703792,0.005,0.0332674339289364));
#1305=CARTESIAN_POINT('',(-0.075149376703792,0.005,0.0332674339289364));
#1306=CARTESIAN_POINT('',(-0.0923924143357023,0.005,0.0332674339289364));
#1307=CARTESIAN_POINT('',(-0.0751256048634411,0.005,0.0228837169644683));
#1308=CARTESIAN_POINT('',(-0.0751256048634411,-0.005,0.0228837169644683));
#1309=CARTESIAN_POINT('',(-0.0751018330230902,-0.005,0.0125));
#1310=CARTESIAN_POINT('',(-0.0751018330230902,0.005,0.0125));
#1311=CARTESIAN_POINT('',(-0.0751018330230902,0.005,0.0125));
#1312=CARTESIAN_POINT('',(-0.0751256048634411,0.005,0.0228837169644683));
#1313=CARTESIAN_POINT('',(-0.00278796107609697,0.005,-0.00849124188463002));
#1314=CARTESIAN_POINT('',(-0.00278796107609697,0.0025,-0.00849124188463002));
#1315=CARTESIAN_POINT('',(0.055658683653265,0.0025,-0.00849124188463003));
#1316=CARTESIAN_POINT('',(-0.061234605805459,0.0025,-0.00849124188463002));
#1317=CARTESIAN_POINT('',(0.055658683653265,0.005,-0.00849124188463003));
#1318=CARTESIAN_POINT('',(0.055658683653265,0.005,-0.00849124188463003));
#1319=CARTESIAN_POINT('',(-0.00278796107609697,0.005,-0.00849124188463002));
#1320=CARTESIAN_POINT('',(-0.061234605805459,0.005,-0.00849124188463002));
#1321=CARTESIAN_POINT('',(-0.061234605805459,0.005,-0.00849124188463002));
#1322=CARTESIAN_POINT('',(0.0648319497704506,0.005,-2.73867824704878E-17));
#1323=CARTESIAN_POINT('',(0.0648319497704506,0.0025,-2.73867824704878E-17));
#1324=CARTESIAN_POINT('',(0.0551439704779803,0.0025,0.00789892759991292));
#1325=CARTESIAN_POINT('',(0.0551439704779803,0.005,0.00789892759991292));
#1326=CARTESIAN_POINT('',(0.0551439704779803,0.005,0.00789892759991292));
#1327=CARTESIAN_POINT('',(0.0648319497704506,0.005,-2.73867824704878E-17));
#1328=CARTESIAN_POINT('',(-0.00304531766373936,0.005,0.00789892759991293));
#1329=CARTESIAN_POINT('',(-0.00304531766373936,0.0025,0.00789892759991293));
#1330=CARTESIAN_POINT('',(-0.061234605805459,0.0025,0.00789892759991293));
#1331=CARTESIAN_POINT('',(-0.061234605805459,0.005,0.00789892759991293));
#1332=CARTESIAN_POINT('',(-0.061234605805459,0.005,0.00789892759991293));
#1333=CARTESIAN_POINT('',(-0.00304531766373936,0.005,0.00789892759991293));
#1334=CARTESIAN_POINT('',(-0.00513494162631982,0.005,0.0125));
#1335=CARTESIAN_POINT('',(-0.00513494162631982,-0.005,0.0125));
#1336=CARTESIAN_POINT('',(-0.00513494162631982,0.005,0.0125));
#1337=CARTESIAN_POINT('',(0.0648319497704506,0.005,-4.99647100966622E-19));
#1338=CARTESIAN_POINT('',(0.0648319497704506,0.005,-4.99647100966622E-19));
#1339=CARTESIAN_POINT('',(0.0729918061684667,0.005,-4.99647100966622E-19));
#1340=CARTESIAN_POINT('',(0.0648319497704506,-0.005,-4.99647100966622E-19));
#1341=CARTESIAN_POINT('',(0.0729918061684667,-0.005,-4.99647100966622E-19));
#1342=CARTESIAN_POINT('',(-0.061234605805459,0.005,-0.000296157142358541));
#1343=CARTESIAN_POINT('',(-0.061234605805459,0.0025,-0.000296157142358512));
#1344=CARTESIAN_POINT('',(-0.061234605805459,0.005,-0.000296157142358541));
#1345=CARTESIAN_POINT('',(-0.0909725332260132,0.005,0.0249912755985588));
#1346=CARTESIAN_POINT('',(-0.0909725332260132,-0.005,0.0249912755985588));
#1347=CARTESIAN_POINT('',(-0.0909725332260132,0.005,0.0249912755985588));
#1348=CARTESIAN_POINT('',(-0.0406323503588807,0.005,-0.0253565189304502));
#1349=CARTESIAN_POINT('',(-0.0406323503588807,-0.005,-0.0253565189304502));
#1350=CARTESIAN_POINT('',(-0.0406323503588807,0.0025,-0.0253565189304502));
#1351=CARTESIAN_POINT('',(-0.0406323503588807,-0.0025,-0.0253565189304502));
#1352=CARTESIAN_POINT('',(0.00887213897220072,-0.00394711871837469,-0.00100894422338587));
#1353=CARTESIAN_POINT('',(-0.0261481534769073,0.00446,-0.119003252076472));
#1354=CARTESIAN_POINT('',(-0.0287032742689027,0.00446,-0.118980471789837));
#1355=CARTESIAN_POINT('',(-0.0287032742689027,0.00446,-0.118935579852061));
#1356=CARTESIAN_POINT('',(-0.0287032742689027,0.00446,-0.11767631624822));
#1357=CARTESIAN_POINT('',(-0.0259724762700485,0.00445999999999994,-0.119132415924533));
#1358=CARTESIAN_POINT('',(-0.0268838162230799,0.00445999999999994,-0.119082580010003));
#1359=CARTESIAN_POINT('',(-0.0277946067474558,0.00446,-0.11902068538158));
#1360=CARTESIAN_POINT('',(-0.0287032742689027,0.00446,-0.118935579852061));
#1361=CARTESIAN_POINT('',(-0.0259724762700485,0.00445999999999979,-0.119132415924533));
#1362=CARTESIAN_POINT('',(-0.0255517107729688,0.00446,-0.118819306479098));
#1363=CARTESIAN_POINT('',(-0.0256915821120221,0.00446,-0.118924190882085));
#1364=CARTESIAN_POINT('',(-0.0258318221257597,0.00446,-0.119028583728177));
#1365=CARTESIAN_POINT('',(-0.0259724762700485,0.00446,-0.119132415924533));
#1366=CARTESIAN_POINT('',(-0.0255517107729687,0.00446,-0.118819306479098));
#1367=CARTESIAN_POINT('',(-0.0255517107729687,0.00446,-0.118980471789837));
#1368=CARTESIAN_POINT('',(-0.0255517107729687,0.00446,-0.118132219896914));
#1369=CARTESIAN_POINT('',(-0.0258388834906486,0.00445999999999969,-0.117827598094303));
#1370=CARTESIAN_POINT('',(-0.0257430687374246,0.00445999999999969,-0.117929053322746));
#1371=CARTESIAN_POINT('',(-0.0256473470959557,0.00446,-0.11803059645525));
#1372=CARTESIAN_POINT('',(-0.0255517107729687,0.00446,-0.118132219896914));
#1373=CARTESIAN_POINT('',(-0.0258388834906486,0.00445999999999969,-0.117827598094303));
#1374=CARTESIAN_POINT('',(-0.0258388834906487,0.00445999999999989,-0.117827598094303));
#1375=CARTESIAN_POINT('',(-0.0267945443369021,0.00445999999999989,-0.117795033574183));
#1376=CARTESIAN_POINT('',(-0.0277499040566586,0.00446000000000001,-0.117749131756321));
#1377=CARTESIAN_POINT('',(-0.0287032742689027,0.00446000000000001,-0.11767631624822));
#1378=CARTESIAN_POINT('',(-0.0252962849114873,0.00277682251036324,-0.119347318927292));
#1379=CARTESIAN_POINT('',(-0.026402749321464,0.0065004927273061,-0.118895195940241));
#1380=CARTESIAN_POINT('',(-0.0297668966920944,0.00844278411733312,-0.118492602449124));
#1381=CARTESIAN_POINT('',(-0.0346413403749466,0.0112570454897775,-0.11790926911579));
#1382=CARTESIAN_POINT('',(-0.0395157840577988,0.00844278411733313,-0.117325935782457));
#1383=CARTESIAN_POINT('',(-0.044390227740651,0.00562852274488875,-0.116742602449124));
#1384=CARTESIAN_POINT('',(-0.0443902277406509,2.10337276577008E-18,-0.11615926911579));
#1385=CARTESIAN_POINT('',(-0.044390227740651,-0.00562852274488874,-0.115575935782457));
#1386=CARTESIAN_POINT('',(-0.0395157840577988,-0.00844278411733312,-0.114992602449124));
#1387=CARTESIAN_POINT('',(-0.0346413403749466,-0.0112570454897775,-0.11440926911579));
#1388=CARTESIAN_POINT('',(-0.0297668966920944,-0.00844278411733313,-0.113825935782457));
#1389=CARTESIAN_POINT('',(-0.0248924530092423,-0.00562852274488875,-0.113242602449124));
#1390=CARTESIAN_POINT('',(-0.0248924530092422,0.,-0.11265926911579));
#1391=CARTESIAN_POINT('',(-0.0248924530092423,0.00562852274488875,-0.112075935782457));
#1392=CARTESIAN_POINT('',(-0.0297668966920944,0.00844278411733312,-0.111492602449124));
#1393=CARTESIAN_POINT('',(-0.0346413403749466,0.0112570454897775,-0.11090926911579));
#1394=CARTESIAN_POINT('',(-0.0395157840577988,0.00844278411733313,-0.110325935782457));
#1395=CARTESIAN_POINT('',(-0.044390227740651,0.00562852274488875,-0.109742602449124));
#1396=CARTESIAN_POINT('',(-0.0443902277406509,2.10337276577008E-18,-0.10915926911579));
#1397=CARTESIAN_POINT('',(-0.044390227740651,-0.00562852274488874,-0.108575935782457));
#1398=CARTESIAN_POINT('',(-0.0395157840577988,-0.00844278411733312,-0.107992602449124));
#1399=CARTESIAN_POINT('',(-0.0346413403749466,-0.0112570454897775,-0.10740926911579));
#1400=CARTESIAN_POINT('',(-0.0297668966920944,-0.00844278411733313,-0.106825935782457));
#1401=CARTESIAN_POINT('',(-0.0248924530092423,-0.00562852274488875,-0.106242602449124));
#1402=CARTESIAN_POINT('',(-0.0248924530092422,0.,-0.10565926911579));
#1403=CARTESIAN_POINT('',(-0.0248924530092423,0.00562852274488875,-0.105075935782457));
#1404=CARTESIAN_POINT('',(-0.0297668966920944,0.00844278411733312,-0.104492602449124));
#1405=CARTESIAN_POINT('',(-0.0346413403749466,0.0112570454897775,-0.10390926911579));
#1406=CARTESIAN_POINT('',(-0.0395157840577988,0.00844278411733313,-0.103325935782457));
#1407=CARTESIAN_POINT('',(-0.044390227740651,0.00562852274488875,-0.102742602449124));
#1408=CARTESIAN_POINT('',(-0.0443902277406509,2.10337276577008E-18,-0.10215926911579));
#1409=CARTESIAN_POINT('',(-0.044390227740651,-0.00562852274488874,-0.101575935782457));
#1410=CARTESIAN_POINT('',(-0.0395157840577988,-0.00844278411733312,-0.100992602449124));
#1411=CARTESIAN_POINT('',(-0.0346413403749466,-0.0112570454897775,-0.10040926911579));
#1412=CARTESIAN_POINT('',(-0.0297668966920944,-0.00844278411733313,-0.0998259357824571));
#1413=CARTESIAN_POINT('',(-0.0248924530092423,-0.00562852274488875,-0.0992426024491237));
#1414=CARTESIAN_POINT('',(-0.0248924530092422,0.,-0.0986592691157904));
#1415=CARTESIAN_POINT('',(-0.0248924530092423,0.00562852274488875,-0.0980759357824571));
#1416=CARTESIAN_POINT('',(-0.0297668966920944,0.00844278411733312,-0.0974926024491237));
#1417=CARTESIAN_POINT('',(-0.0346413403749466,0.0112570454897775,-0.0969092691157903));
#1418=CARTESIAN_POINT('',(-0.0395157840577988,0.00844278411733313,-0.0963259357824571));
#1419=CARTESIAN_POINT('',(-0.044390227740651,0.00562852274488875,-0.0957426024491237));
#1420=CARTESIAN_POINT('',(-0.0443902277406509,2.10337276577008E-18,-0.0951592691157904));
#1421=CARTESIAN_POINT('',(-0.044390227740651,-0.00562852274488874,-0.094575935782457));
#1422=CARTESIAN_POINT('',(-0.0395157840577988,-0.00844278411733312,-0.0939926024491237));
#1423=CARTESIAN_POINT('',(-0.0346413403749466,-0.0112570454897775,-0.0934092691157904));
#1424=CARTESIAN_POINT('',(-0.0297668966920944,-0.00844278411733313,-0.0928259357824571));
#1425=CARTESIAN_POINT('',(-0.0248924530092423,-0.00562852274488875,-0.0922426024491237));
#1426=CARTESIAN_POINT('',(-0.0248924530092422,0.,-0.0916592691157904));
#1427=CARTESIAN_POINT('',(-0.0248924530092423,0.00562852274488875,-0.0910759357824571));
#1428=CARTESIAN_POINT('',(-0.0297668966920944,0.00844278411733312,-0.0904926024491237));
#1429=CARTESIAN_POINT('',(-0.0346413403749466,0.0112570454897775,-0.0899092691157904));
#1430=CARTESIAN_POINT('',(-0.0395157840577988,0.00844278411733313,-0.0893259357824571));
#1431=CARTESIAN_POINT('',(-0.044390227740651,0.00562852274488875,-0.0887426024491237));
#1432=CARTESIAN_POINT('',(-0.0443902277406509,2.10337276577008E-18,-0.0881592691157904));
#1433=CARTESIAN_POINT('',(-0.044390227740651,-0.00562852274488874,-0.0875759357824571));
#1434=CARTESIAN_POINT('',(-0.0395157840577988,-0.00844278411733312,-0.0869926024491237));
#1435=CARTESIAN_POINT('',(-0.0346413403749466,-0.0112570454897775,-0.0864092691157904));
#1436=CARTESIAN_POINT('',(-0.0297668966920944,-0.00844278411733313,-0.0858259357824571));
#1437=CARTESIAN_POINT('',(-0.0261312567469836,-0.00634374641634685,-0.0853908522927366));
#1438=CARTESIAN_POINT('',(-0.0251580373236312,-0.00226003719130934,-0.0849093881276623));
#1439=CARTESIAN_POINT('',(-0.0275225145790921,0.00211531282982519,-0.119347318927292));
#1440=CARTESIAN_POINT('',(-0.0283653910515471,0.00495191018328976,-0.118895195940241));
#1441=CARTESIAN_POINT('',(-0.0309281130361028,0.00643149841093119,-0.118492602449124));
#1442=CARTESIAN_POINT('',(-0.0346413403749466,0.00857533121457492,-0.11790926911579));
#1443=CARTESIAN_POINT('',(-0.0383545677137904,0.00643149841093119,-0.117325935782457));
#1444=CARTESIAN_POINT('',(-0.0420677950526341,0.00428766560728746,-0.116742602449124));
#1445=CARTESIAN_POINT('',(-0.0420677950526341,1.81895679000859E-18,-0.11615926911579));
#1446=CARTESIAN_POINT('',(-0.0420677950526341,-0.00428766560728746,-0.115575935782457));
#1447=CARTESIAN_POINT('',(-0.0383545677137904,-0.00643149841093119,-0.114992602449124));
#1448=CARTESIAN_POINT('',(-0.0346413403749466,-0.00857533121457492,-0.11440926911579));
#1449=CARTESIAN_POINT('',(-0.0309281130361028,-0.0064314984109312,-0.113825935782457));
#1450=CARTESIAN_POINT('',(-0.027214885697259,-0.00428766560728746,-0.113242602449124));
#1451=CARTESIAN_POINT('',(-0.0272148856972591,0.,-0.11265926911579));
#1452=CARTESIAN_POINT('',(-0.027214885697259,0.00428766560728746,-0.112075935782457));
#1453=CARTESIAN_POINT('',(-0.0309281130361028,0.00643149841093119,-0.111492602449124));
#1454=CARTESIAN_POINT('',(-0.0346413403749466,0.00857533121457492,-0.11090926911579));
#1455=CARTESIAN_POINT('',(-0.0383545677137904,0.00643149841093119,-0.110325935782457));
#1456=CARTESIAN_POINT('',(-0.0420677950526341,0.00428766560728746,-0.109742602449124));
#1457=CARTESIAN_POINT('',(-0.0420677950526341,1.81895679000859E-18,-0.10915926911579));
#1458=CARTESIAN_POINT('',(-0.0420677950526341,-0.00428766560728746,-0.108575935782457));
#1459=CARTESIAN_POINT('',(-0.0383545677137904,-0.00643149841093119,-0.107992602449124));
#1460=CARTESIAN_POINT('',(-0.0346413403749466,-0.00857533121457492,-0.10740926911579));
#1461=CARTESIAN_POINT('',(-0.0309281130361028,-0.0064314984109312,-0.106825935782457));
#1462=CARTESIAN_POINT('',(-0.027214885697259,-0.00428766560728746,-0.106242602449124));
#1463=CARTESIAN_POINT('',(-0.0272148856972591,0.,-0.10565926911579));
#1464=CARTESIAN_POINT('',(-0.027214885697259,0.00428766560728746,-0.105075935782457));
#1465=CARTESIAN_POINT('',(-0.0309281130361028,0.00643149841093119,-0.104492602449124));
#1466=CARTESIAN_POINT('',(-0.0346413403749466,0.00857533121457492,-0.10390926911579));
#1467=CARTESIAN_POINT('',(-0.0383545677137904,0.00643149841093119,-0.103325935782457));
#1468=CARTESIAN_POINT('',(-0.0420677950526341,0.00428766560728746,-0.102742602449124));
#1469=CARTESIAN_POINT('',(-0.0420677950526341,1.81895679000859E-18,-0.10215926911579));
#1470=CARTESIAN_POINT('',(-0.0420677950526341,-0.00428766560728746,-0.101575935782457));
#1471=CARTESIAN_POINT('',(-0.0383545677137904,-0.00643149841093119,-0.100992602449124));
#1472=CARTESIAN_POINT('',(-0.0346413403749466,-0.00857533121457492,-0.10040926911579));
#1473=CARTESIAN_POINT('',(-0.0309281130361028,-0.0064314984109312,-0.0998259357824571));
#1474=CARTESIAN_POINT('',(-0.027214885697259,-0.00428766560728746,-0.0992426024491237));
#1475=CARTESIAN_POINT('',(-0.0272148856972591,0.,-0.0986592691157904));
#1476=CARTESIAN_POINT('',(-0.027214885697259,0.00428766560728746,-0.0980759357824571));
#1477=CARTESIAN_POINT('',(-0.0309281130361028,0.00643149841093119,-0.0974926024491237));
#1478=CARTESIAN_POINT('',(-0.0346413403749466,0.00857533121457492,-0.0969092691157903));
#1479=CARTESIAN_POINT('',(-0.0383545677137904,0.00643149841093119,-0.0963259357824571));
#1480=CARTESIAN_POINT('',(-0.0420677950526341,0.00428766560728746,-0.0957426024491237));
#1481=CARTESIAN_POINT('',(-0.0420677950526341,1.81895679000859E-18,-0.0951592691157904));
#1482=CARTESIAN_POINT('',(-0.0420677950526341,-0.00428766560728746,-0.094575935782457));
#1483=CARTESIAN_POINT('',(-0.0383545677137904,-0.00643149841093119,-0.0939926024491237));
#1484=CARTESIAN_POINT('',(-0.0346413403749466,-0.00857533121457492,-0.0934092691157904));
#1485=CARTESIAN_POINT('',(-0.0309281130361028,-0.0064314984109312,-0.0928259357824571));
#1486=CARTESIAN_POINT('',(-0.027214885697259,-0.00428766560728746,-0.0922426024491237));
#1487=CARTESIAN_POINT('',(-0.0272148856972591,0.,-0.0916592691157904));
#1488=CARTESIAN_POINT('',(-0.027214885697259,0.00428766560728746,-0.0910759357824571));
#1489=CARTESIAN_POINT('',(-0.0309281130361028,0.00643149841093119,-0.0904926024491237));
#1490=CARTESIAN_POINT('',(-0.0346413403749466,0.00857533121457492,-0.0899092691157904));
#1491=CARTESIAN_POINT('',(-0.0383545677137904,0.00643149841093119,-0.0893259357824571));
#1492=CARTESIAN_POINT('',(-0.0420677950526341,0.00428766560728746,-0.0887426024491237));
#1493=CARTESIAN_POINT('',(-0.0420677950526341,1.81895679000859E-18,-0.0881592691157904));
#1494=CARTESIAN_POINT('',(-0.0420677950526341,-0.00428766560728746,-0.0875759357824571));
#1495=CARTESIAN_POINT('',(-0.0383545677137904,-0.00643149841093119,-0.0869926024491237));
#1496=CARTESIAN_POINT('',(-0.0346413403749466,-0.00857533121457492,-0.0864092691157904));
#1497=CARTESIAN_POINT('',(-0.0309281130361028,-0.0064314984109312,-0.0858259357824571));
#1498=CARTESIAN_POINT('',(-0.0281585749068863,-0.00483250482649708,-0.0853908522927366));
#1499=CARTESIAN_POINT('',(-0.02741720107951,-0.00172163890519361,-0.0849093881276623));
#1500=CARTESIAN_POINT('',(-0.0272148856972591,0.,-0.11965926911579));
#1501=CARTESIAN_POINT('',(-0.027214885697259,0.00428766560728747,-0.119075935782457));
#1502=CARTESIAN_POINT('',(-0.0309281130361028,0.00643149841093121,-0.118492602449124));
#1503=CARTESIAN_POINT('',(-0.0346413403749466,0.00857533121457494,-0.11790926911579));
#1504=CARTESIAN_POINT('',(-0.0383545677137904,0.00643149841093121,-0.117325935782457));
#1505=CARTESIAN_POINT('',(-0.0420677950526341,0.00428766560728747,-0.116742602449124));
#1506=CARTESIAN_POINT('',(-0.0420677950526341,1.8189567900086E-18,-0.11615926911579));
#1507=CARTESIAN_POINT('',(-0.0420677950526341,-0.00428766560728747,-0.115575935782457));
#1508=CARTESIAN_POINT('',(-0.0383545677137904,-0.0064314984109312,-0.114992602449124));
#1509=CARTESIAN_POINT('',(-0.0346413403749466,-0.00857533121457494,-0.11440926911579));
#1510=CARTESIAN_POINT('',(-0.0309281130361028,-0.00643149841093121,-0.113825935782457));
#1511=CARTESIAN_POINT('',(-0.027214885697259,-0.00428766560728747,-0.113242602449124));
#1512=CARTESIAN_POINT('',(-0.0272148856972591,0.,-0.11265926911579));
#1513=CARTESIAN_POINT('',(-0.027214885697259,0.00428766560728747,-0.112075935782457));
#1514=CARTESIAN_POINT('',(-0.0309281130361028,0.00643149841093121,-0.111492602449124));
#1515=CARTESIAN_POINT('',(-0.0346413403749466,0.00857533121457494,-0.11090926911579));
#1516=CARTESIAN_POINT('',(-0.0383545677137904,0.00643149841093121,-0.110325935782457));
#1517=CARTESIAN_POINT('',(-0.0420677950526341,0.00428766560728747,-0.109742602449124));
#1518=CARTESIAN_POINT('',(-0.0420677950526341,1.8189567900086E-18,-0.10915926911579));
#1519=CARTESIAN_POINT('',(-0.0420677950526341,-0.00428766560728747,-0.108575935782457));
#1520=CARTESIAN_POINT('',(-0.0383545677137904,-0.0064314984109312,-0.107992602449124));
#1521=CARTESIAN_POINT('',(-0.0346413403749466,-0.00857533121457494,-0.10740926911579));
#1522=CARTESIAN_POINT('',(-0.0309281130361028,-0.00643149841093121,-0.106825935782457));
#1523=CARTESIAN_POINT('',(-0.027214885697259,-0.00428766560728747,-0.106242602449124));
#1524=CARTESIAN_POINT('',(-0.0272148856972591,0.,-0.10565926911579));
#1525=CARTESIAN_POINT('',(-0.027214885697259,0.00428766560728747,-0.105075935782457));
#1526=CARTESIAN_POINT('',(-0.0309281130361028,0.00643149841093121,-0.104492602449124));
#1527=CARTESIAN_POINT('',(-0.0346413403749466,0.00857533121457494,-0.10390926911579));
#1528=CARTESIAN_POINT('',(-0.0383545677137904,0.00643149841093121,-0.103325935782457));
#1529=CARTESIAN_POINT('',(-0.0420677950526341,0.00428766560728747,-0.102742602449124));
#1530=CARTESIAN_POINT('',(-0.0420677950526341,1.8189567900086E-18,-0.10215926911579));
#1531=CARTESIAN_POINT('',(-0.0420677950526341,-0.00428766560728747,-0.101575935782457));
#1532=CARTESIAN_POINT('',(-0.0383545677137904,-0.0064314984109312,-0.100992602449124));
#1533=CARTESIAN_POINT('',(-0.0346413403749466,-0.00857533121457494,-0.10040926911579));
#1534=CARTESIAN_POINT('',(-0.0309281130361028,-0.00643149841093121,-0.0998259357824571));
#1535=CARTESIAN_POINT('',(-0.027214885697259,-0.00428766560728747,-0.0992426024491237));
#1536=CARTESIAN_POINT('',(-0.0272148856972591,0.,-0.0986592691157904));
#1537=CARTESIAN_POINT('',(-0.027214885697259,0.00428766560728747,-0.0980759357824571));
#1538=CARTESIAN_POINT('',(-0.0309281130361028,0.00643149841093121,-0.0974926024491237));
#1539=CARTESIAN_POINT('',(-0.0346413403749466,0.00857533121457494,-0.0969092691157903));
#1540=CARTESIAN_POINT('',(-0.0383545677137904,0.00643149841093121,-0.0963259357824571));
#1541=CARTESIAN_POINT('',(-0.0420677950526341,0.00428766560728747,-0.0957426024491237));
#1542=CARTESIAN_POINT('',(-0.0420677950526341,1.8189567900086E-18,-0.0951592691157904));
#1543=CARTESIAN_POINT('',(-0.0420677950526341,-0.00428766560728747,-0.094575935782457));
#1544=CARTESIAN_POINT('',(-0.0383545677137904,-0.0064314984109312,-0.0939926024491237));
#1545=CARTESIAN_POINT('',(-0.0346413403749466,-0.00857533121457494,-0.0934092691157904));
#1546=CARTESIAN_POINT('',(-0.0309281130361028,-0.00643149841093121,-0.0928259357824571));
#1547=CARTESIAN_POINT('',(-0.027214885697259,-0.00428766560728747,-0.0922426024491237));
#1548=CARTESIAN_POINT('',(-0.0272148856972591,0.,-0.0916592691157904));
#1549=CARTESIAN_POINT('',(-0.027214885697259,0.00428766560728747,-0.0910759357824571));
#1550=CARTESIAN_POINT('',(-0.0309281130361028,0.00643149841093121,-0.0904926024491237));
#1551=CARTESIAN_POINT('',(-0.0346413403749466,0.00857533121457494,-0.0899092691157904));
#1552=CARTESIAN_POINT('',(-0.0383545677137904,0.00643149841093121,-0.0893259357824571));
#1553=CARTESIAN_POINT('',(-0.0420677950526341,0.00428766560728747,-0.0887426024491237));
#1554=CARTESIAN_POINT('',(-0.0420677950526341,1.8189567900086E-18,-0.0881592691157904));
#1555=CARTESIAN_POINT('',(-0.0420677950526341,-0.00428766560728747,-0.0875759357824571));
#1556=CARTESIAN_POINT('',(-0.0383545677137904,-0.0064314984109312,-0.0869926024491237));
#1557=CARTESIAN_POINT('',(-0.0346413403749466,-0.00857533121457494,-0.0864092691157904));
#1558=CARTESIAN_POINT('',(-0.0309281130361028,-0.00643149841093121,-0.0858259357824571));
#1559=CARTESIAN_POINT('',(-0.027214885697259,-0.00428766560728747,-0.0852426024491238));
#1560=CARTESIAN_POINT('',(-0.0272148856972591,0.,-0.0846592691157904));
#1561=CARTESIAN_POINT('',(-0.0283650891785915,-0.00396999999999987,-0.0852897305175195));
#1562=CARTESIAN_POINT('',(-0.025737414001195,-0.00396999999999998,-0.0851212741362825));
#1563=CARTESIAN_POINT('',(-0.0266141268023569,-0.00396999999999998,-0.085163767711943));
#1564=CARTESIAN_POINT('',(-0.0274904528529276,-0.00397,-0.0852163387904389));
#1565=CARTESIAN_POINT('',(-0.0283650891785915,-0.00397,-0.0852897305175195));
#1566=CARTESIAN_POINT('',(-0.025737414001195,-0.00397000000000005,-0.0851212741362825));
#1567=CARTESIAN_POINT('',(-0.0248924530092422,0.,-0.11965926911579));
#1568=CARTESIAN_POINT('',(-0.0248924530092423,0.00562852274488875,-0.119075935782457));
#1569=CARTESIAN_POINT('',(-0.0297668966920944,0.00844278411733312,-0.118492602449124));
#1570=CARTESIAN_POINT('',(-0.0346413403749466,0.0112570454897775,-0.11790926911579));
#1571=CARTESIAN_POINT('',(-0.0395157840577988,0.00844278411733313,-0.117325935782457));
#1572=CARTESIAN_POINT('',(-0.044390227740651,0.00562852274488875,-0.116742602449124));
#1573=CARTESIAN_POINT('',(-0.0443902277406509,2.10337276577008E-18,-0.11615926911579));
#1574=CARTESIAN_POINT('',(-0.044390227740651,-0.00562852274488874,-0.115575935782457));
#1575=CARTESIAN_POINT('',(-0.0395157840577988,-0.00844278411733312,-0.114992602449124));
#1576=CARTESIAN_POINT('',(-0.0346413403749466,-0.0112570454897775,-0.11440926911579));
#1577=CARTESIAN_POINT('',(-0.0297668966920944,-0.00844278411733313,-0.113825935782457));
#1578=CARTESIAN_POINT('',(-0.0248924530092423,-0.00562852274488875,-0.113242602449124));
#1579=CARTESIAN_POINT('',(-0.0248924530092422,-2.38778874153158E-18,-0.11265926911579));
#1580=CARTESIAN_POINT('',(-0.0248924530092422,0.00562852274488874,-0.112075935782457));
#1581=CARTESIAN_POINT('',(-0.0297668966920944,0.00844278411733312,-0.111492602449124));
#1582=CARTESIAN_POINT('',(-0.0346413403749466,0.0112570454897775,-0.11090926911579));
#1583=CARTESIAN_POINT('',(-0.0395157840577988,0.00844278411733313,-0.110325935782457));
#1584=CARTESIAN_POINT('',(-0.044390227740651,0.00562852274488876,-0.109742602449124));
#1585=CARTESIAN_POINT('',(-0.0443902277406509,4.49116150730167E-18,-0.10915926911579));
#1586=CARTESIAN_POINT('',(-0.044390227740651,-0.00562852274488874,-0.108575935782457));
#1587=CARTESIAN_POINT('',(-0.0395157840577988,-0.00844278411733312,-0.107992602449124));
#1588=CARTESIAN_POINT('',(-0.0346413403749466,-0.0112570454897775,-0.10740926911579));
#1589=CARTESIAN_POINT('',(-0.0297668966920944,-0.00844278411733313,-0.106825935782457));
#1590=CARTESIAN_POINT('',(-0.0248924530092423,-0.00562852274488876,-0.106242602449124));
#1591=CARTESIAN_POINT('',(-0.0248924530092422,-4.77557748306316E-18,-0.10565926911579));
#1592=CARTESIAN_POINT('',(-0.0248924530092422,0.00562852274488874,-0.105075935782457));
#1593=CARTESIAN_POINT('',(-0.0297668966920944,0.00844278411733312,-0.104492602449124));
#1594=CARTESIAN_POINT('',(-0.0346413403749466,0.0112570454897775,-0.10390926911579));
#1595=CARTESIAN_POINT('',(-0.0395157840577988,0.00844278411733313,-0.103325935782457));
#1596=CARTESIAN_POINT('',(-0.0443902277406509,0.00562852274488876,-0.102742602449124));
#1597=CARTESIAN_POINT('',(-0.0443902277406509,2.41964529974448E-17,-0.10215926911579));
#1598=CARTESIAN_POINT('',(-0.044390227740651,-0.00562852274488874,-0.101575935782457));
#1599=CARTESIAN_POINT('',(-0.0395157840577988,-0.00844278411733312,-0.100992602449124));
#1600=CARTESIAN_POINT('',(-0.0346413403749466,-0.0112570454897775,-0.10040926911579));
#1601=CARTESIAN_POINT('',(-0.0297668966920944,-0.00844278411733314,-0.0998259357824571));
#1602=CARTESIAN_POINT('',(-0.0248924530092423,-0.00562852274488879,-0.0992426024491237));
#1603=CARTESIAN_POINT('',(-0.0248924530092422,-7.16336622459475E-18,-0.0986592691157904));
#1604=CARTESIAN_POINT('',(-0.0248924530092422,0.00562852274488874,-0.0980759357824571));
#1605=CARTESIAN_POINT('',(-0.0297668966920944,0.00844278411733312,-0.0974926024491237));
#1606=CARTESIAN_POINT('',(-0.0346413403749466,0.0112570454897775,-0.0969092691157903));
#1607=CARTESIAN_POINT('',(-0.0395157840577988,0.00844278411733314,-0.0963259357824571));
#1608=CARTESIAN_POINT('',(-0.0443902277406509,0.00562852274488879,-0.0957426024491237));
#1609=CARTESIAN_POINT('',(-0.0443902277406509,9.26673899036483E-18,-0.0951592691157904));
#1610=CARTESIAN_POINT('',(-0.044390227740651,-0.00562852274488873,-0.094575935782457));
#1611=CARTESIAN_POINT('',(-0.0395157840577988,-0.00844278411733312,-0.0939926024491237));
#1612=CARTESIAN_POINT('',(-0.0346413403749466,-0.0112570454897775,-0.0934092691157904));
#1613=CARTESIAN_POINT('',(-0.0297668966920944,-0.00844278411733314,-0.0928259357824571));
#1614=CARTESIAN_POINT('',(-0.0248924530092423,-0.00562852274488879,-0.0922426024491237));
#1615=CARTESIAN_POINT('',(-0.0248924530092422,-9.55115496612633E-18,-0.0916592691157904));
#1616=CARTESIAN_POINT('',(-0.0248924530092422,0.00562852274488873,-0.0910759357824571));
#1617=CARTESIAN_POINT('',(-0.0297668966920944,0.00844278411733312,-0.0904926024491237));
#1618=CARTESIAN_POINT('',(-0.0346413403749466,0.0112570454897775,-0.0899092691157904));
#1619=CARTESIAN_POINT('',(-0.0395157840577988,0.00844278411733314,-0.0893259357824571));
#1620=CARTESIAN_POINT('',(-0.0443902277406509,0.00562852274488879,-0.0887426024491237));
#1621=CARTESIAN_POINT('',(-0.0443902277406509,4.62895332291197E-17,-0.0881592691157904));
#1622=CARTESIAN_POINT('',(-0.044390227740651,-0.00562852274488873,-0.0875759357824571));
#1623=CARTESIAN_POINT('',(-0.0395157840577988,-0.00844278411733311,-0.0869926024491237));
#1624=CARTESIAN_POINT('',(-0.0346413403749466,-0.0112570454897775,-0.0864092691157904));
#1625=CARTESIAN_POINT('',(-0.0297668966920944,-0.00844278411733314,-0.0858259357824571));
#1626=CARTESIAN_POINT('',(-0.0248924530092423,-0.00562852274488879,-0.0852426024491238));
#1627=CARTESIAN_POINT('',(-0.0248924530092422,-4.65739492048812E-17,-0.0846592691157904));
#1628=CARTESIAN_POINT('',(-0.0346413403749466,0.,-0.118980471789837));
#1629=CARTESIAN_POINT('',(-0.0346413403749466,6.69052387352935E-19,-0.118980471789837));
#1630=CARTESIAN_POINT('',(-0.0346413403749466,0.0035,-0.118980471789837));
#1631=CARTESIAN_POINT('',(-0.0346413403749466,4.54739197502148E-19,-0.118980471789837));
#1632=CARTESIAN_POINT('',(-0.0406645455470741,-0.00434433292165826,-0.118980471789837));
#1633=CARTESIAN_POINT('',(-0.0346413403749466,4.54739197502148E-19,-0.118980471789837));
#1634=CARTESIAN_POINT('',(-0.0346413403749466,4.54739197502148E-19,-0.0839804717898369));
#1635=CARTESIAN_POINT('',(-0.0346413403749466,0.00742645467768757,-0.0839804717898369));
#1636=CARTESIAN_POINT('',(-0.0272148856972591,0.,-0.11840000551195));
#1637=CARTESIAN_POINT('',(-0.027214885697259,0.00428766560728747,-0.117816672178616));
#1638=CARTESIAN_POINT('',(-0.0309281130361028,0.00643149841093121,-0.117233338845283));
#1639=CARTESIAN_POINT('',(-0.0346413403749466,0.00857533121457494,-0.11665000551195));
#1640=CARTESIAN_POINT('',(-0.0383545677137904,0.00643149841093121,-0.116066672178616));
#1641=CARTESIAN_POINT('',(-0.0420677950526341,0.00428766560728747,-0.115483338845283));
#1642=CARTESIAN_POINT('',(-0.0420677950526341,1.8189567900086E-18,-0.11490000551195));
#1643=CARTESIAN_POINT('',(-0.0420677950526341,-0.00428766560728747,-0.114316672178616));
#1644=CARTESIAN_POINT('',(-0.0383545677137904,-0.0064314984109312,-0.113733338845283));
#1645=CARTESIAN_POINT('',(-0.0346413403749466,-0.00857533121457494,-0.11315000551195));
#1646=CARTESIAN_POINT('',(-0.0309281130361028,-0.00643149841093121,-0.112566672178616));
#1647=CARTESIAN_POINT('',(-0.027214885697259,-0.00428766560728747,-0.111983338845283));
#1648=CARTESIAN_POINT('',(-0.0272148856972591,-1.8189567900086E-18,-0.11140000551195));
#1649=CARTESIAN_POINT('',(-0.027214885697259,0.00428766560728746,-0.110816672178616));
#1650=CARTESIAN_POINT('',(-0.0309281130361028,0.00643149841093121,-0.110233338845283));
#1651=CARTESIAN_POINT('',(-0.0346413403749466,0.00857533121457494,-0.10965000551195));
#1652=CARTESIAN_POINT('',(-0.0383545677137904,0.00643149841093121,-0.109066672178616));
#1653=CARTESIAN_POINT('',(-0.0420677950526341,0.00428766560728748,-0.108483338845283));
#1654=CARTESIAN_POINT('',(-0.0420677950526341,3.63791358001718E-18,-0.10790000551195));
#1655=CARTESIAN_POINT('',(-0.0420677950526341,-0.00428766560728746,-0.107316672178616));
#1656=CARTESIAN_POINT('',(-0.0383545677137904,-0.0064314984109312,-0.106733338845283));
#1657=CARTESIAN_POINT('',(-0.0346413403749466,-0.00857533121457494,-0.10615000551195));
#1658=CARTESIAN_POINT('',(-0.0309281130361028,-0.00643149841093121,-0.105566672178616));
#1659=CARTESIAN_POINT('',(-0.027214885697259,-0.00428766560728748,-0.104983338845283));
#1660=CARTESIAN_POINT('',(-0.0272148856972591,-3.63791358001718E-18,-0.10440000551195));
#1661=CARTESIAN_POINT('',(-0.027214885697259,0.00428766560728746,-0.103816672178616));
#1662=CARTESIAN_POINT('',(-0.0309281130361028,0.0064314984109312,-0.103233338845283));
#1663=CARTESIAN_POINT('',(-0.0346413403749466,0.00857533121457494,-0.10265000551195));
#1664=CARTESIAN_POINT('',(-0.0383545677137904,0.00643149841093121,-0.102066672178616));
#1665=CARTESIAN_POINT('',(-0.0420677950526341,0.00428766560728748,-0.101483338845283));
#1666=CARTESIAN_POINT('',(-0.0420677950526341,1.8648903929232E-17,-0.10090000551195));
#1667=CARTESIAN_POINT('',(-0.0420677950526341,-0.00428766560728746,-0.100316672178616));
#1668=CARTESIAN_POINT('',(-0.0383545677137904,-0.0064314984109312,-0.0997333388452831));
#1669=CARTESIAN_POINT('',(-0.0346413403749466,-0.00857533121457494,-0.0991500055119497));
#1670=CARTESIAN_POINT('',(-0.0309281130361029,-0.00643149841093122,-0.0985666721786164));
#1671=CARTESIAN_POINT('',(-0.027214885697259,-0.0042876656072875,-0.0979833388452831));
#1672=CARTESIAN_POINT('',(-0.0272148856972591,-5.45687037002578E-18,-0.0974000055119497));
#1673=CARTESIAN_POINT('',(-0.027214885697259,0.00428766560728746,-0.0968166721786164));
#1674=CARTESIAN_POINT('',(-0.0309281130361028,0.0064314984109312,-0.0962333388452831));
#1675=CARTESIAN_POINT('',(-0.0346413403749466,0.00857533121457494,-0.0956500055119498));
#1676=CARTESIAN_POINT('',(-0.0383545677137904,0.00643149841093122,-0.0950666721786164));
#1677=CARTESIAN_POINT('',(-0.0420677950526341,0.0042876656072875,-0.094483338845283));
#1678=CARTESIAN_POINT('',(-0.0420677950526341,7.27582716003437E-18,-0.0939000055119497));
#1679=CARTESIAN_POINT('',(-0.0420677950526341,-0.00428766560728746,-0.0933166721786164));
#1680=CARTESIAN_POINT('',(-0.0383545677137904,-0.0064314984109312,-0.0927333388452831));
#1681=CARTESIAN_POINT('',(-0.0346413403749466,-0.00857533121457494,-0.0921500055119497));
#1682=CARTESIAN_POINT('',(-0.0309281130361029,-0.00643149841093122,-0.0915666721786164));
#1683=CARTESIAN_POINT('',(-0.027214885697259,-0.0042876656072875,-0.0909833388452831));
#1684=CARTESIAN_POINT('',(-0.0272148856972591,-7.27582716003437E-18,-0.0904000055119497));
#1685=CARTESIAN_POINT('',(-0.027214885697259,0.00428766560728746,-0.0898166721786165));
#1686=CARTESIAN_POINT('',(-0.0309281130361028,0.0064314984109312,-0.0892333388452831));
#1687=CARTESIAN_POINT('',(-0.0346413403749466,0.00857533121457494,-0.0886500055119497));
#1688=CARTESIAN_POINT('',(-0.0383545677137904,0.00643149841093122,-0.0880666721786164));
#1689=CARTESIAN_POINT('',(-0.0420677950526341,0.0042876656072875,-0.0874833388452831));
#1690=CARTESIAN_POINT('',(-0.0420677950526341,3.54788510684555E-17,-0.0869000055119498));
#1691=CARTESIAN_POINT('',(-0.0420677950526341,-0.00428766560728746,-0.0863166721786164));
#1692=CARTESIAN_POINT('',(-0.0383545677137904,-0.0064314984109312,-0.0857333388452831));
#1693=CARTESIAN_POINT('',(-0.0346413403749466,-0.00857533121457494,-0.0851500055119498));
#1694=CARTESIAN_POINT('',(-0.0309281130361029,-0.00643149841093122,-0.0845666721786164));
#1695=CARTESIAN_POINT('',(-0.027214885697259,-0.0042876656072875,-0.083983338845283));
#1696=CARTESIAN_POINT('',(-0.0272148856972591,-3.54788510684555E-17,-0.0834000055119498));
#1697=CARTESIAN_POINT('',(-0.0283650891785809,-0.00396999999999622,-0.0840304669136772));
#1698=CARTESIAN_POINT('',(-0.0283650891785917,-0.00397,-0.118980471789837));
#1699=CARTESIAN_POINT('',(-0.0346413403749466,0.,-0.0839804717898369));
#1700=CARTESIAN_POINT('',(-0.0346413403749466,6.69052387352935E-19,-0.0839804717898369));
#1701=CARTESIAN_POINT('',(-0.0346413403749466,-0.0035,-0.0839804717898369));
#1702=CARTESIAN_POINT('',(-0.0261481534769073,-0.00397,-0.0840032520764717));
#1703=CARTESIAN_POINT('',(-0.0256072965849308,-0.00396999999999992,-0.0838030111616565));
#1704=CARTESIAN_POINT('',(-0.0265276668461724,-0.00396999999999992,-0.0838647389803825));
#1705=CARTESIAN_POINT('',(-0.0274474612568694,-0.00396999999999999,-0.083936705365521));
#1706=CARTESIAN_POINT('',(-0.0283650891785808,-0.00396999999999999,-0.0840304669136777));
#1707=CARTESIAN_POINT('',(-0.0256072965849309,-0.00397,-0.0838030111616565));
#1708=CARTESIAN_POINT('',(-0.0253272614456508,-0.00396999999999998,-0.0840798084835025));
#1709=CARTESIAN_POINT('',(-0.0254204359655327,-0.00396999999999998,-0.0839873704015577));
#1710=CARTESIAN_POINT('',(-0.0255137762488087,-0.00397000000000016,-0.0838950993581291));
#1711=CARTESIAN_POINT('',(-0.0256072965849309,-0.00397000000000016,-0.0838030111616565));
#1712=CARTESIAN_POINT('',(-0.0253272614456508,-0.00397000000000005,-0.0840798084835025));
#1713=CARTESIAN_POINT('',(-0.0253272614456508,-0.00397,-0.118980471789837));
#1714=CARTESIAN_POINT('',(-0.0253272614456508,-0.00397000000000005,-0.0847668950656863));
#1715=CARTESIAN_POINT('',(-0.0253272614456508,-0.00396999999999998,-0.0847668950656863));
#1716=CARTESIAN_POINT('',(-0.025463904073476,-0.00396999999999998,-0.0848851080635028));
#1717=CARTESIAN_POINT('',(-0.0256006183317496,-0.00397000000000003,-0.0850032382721));
#1718=CARTESIAN_POINT('',(-0.025737414001195,-0.00397000000000003,-0.0851212741362825));
#1719=CARTESIAN_POINT('',(-0.0251306512216709,0.00263090080194725,-0.11805674478145));
#1720=CARTESIAN_POINT('',(-0.0262079780227347,0.00652543012582987,-0.117594301608449));
#1721=CARTESIAN_POINT('',(-0.0297074056570991,0.00854582561253982,-0.117180568370486));
#1722=CARTESIAN_POINT('',(-0.0346413403749466,0.0113944341500531,-0.116597235037153));
#1723=CARTESIAN_POINT('',(-0.0395752750927941,0.00854582561253982,-0.11601390170382));
#1724=CARTESIAN_POINT('',(-0.0445092098106415,0.00569721707502655,-0.115430568370486));
#1725=CARTESIAN_POINT('',(-0.0445092098106415,2.11794386688707E-18,-0.114847235037153));
#1726=CARTESIAN_POINT('',(-0.0445092098106415,-0.00569721707502654,-0.11426390170382));
#1727=CARTESIAN_POINT('',(-0.0395752750927941,-0.00854582561253982,-0.113680568370486));
#1728=CARTESIAN_POINT('',(-0.0346413403749466,-0.0113944341500531,-0.113097235037153));
#1729=CARTESIAN_POINT('',(-0.0297074056570991,-0.00854582561253982,-0.11251390170382));
#1730=CARTESIAN_POINT('',(-0.0247734709392517,-0.00569721707502655,-0.111930568370486));
#1731=CARTESIAN_POINT('',(-0.0247734709392517,0.,-0.111347235037153));
#1732=CARTESIAN_POINT('',(-0.0247734709392517,0.00569721707502654,-0.11076390170382));
#1733=CARTESIAN_POINT('',(-0.0297074056570991,0.00854582561253982,-0.110180568370486));
#1734=CARTESIAN_POINT('',(-0.0346413403749466,0.0113944341500531,-0.109597235037153));
#1735=CARTESIAN_POINT('',(-0.0395752750927941,0.00854582561253982,-0.10901390170382));
#1736=CARTESIAN_POINT('',(-0.0445092098106415,0.00569721707502655,-0.108430568370486));
#1737=CARTESIAN_POINT('',(-0.0445092098106415,2.11794386688707E-18,-0.107847235037153));
#1738=CARTESIAN_POINT('',(-0.0445092098106415,-0.00569721707502654,-0.10726390170382));
#1739=CARTESIAN_POINT('',(-0.0395752750927941,-0.00854582561253982,-0.106680568370486));
#1740=CARTESIAN_POINT('',(-0.0346413403749466,-0.0113944341500531,-0.106097235037153));
#1741=CARTESIAN_POINT('',(-0.0297074056570991,-0.00854582561253982,-0.10551390170382));
#1742=CARTESIAN_POINT('',(-0.0247734709392517,-0.00569721707502655,-0.104930568370486));
#1743=CARTESIAN_POINT('',(-0.0247734709392517,0.,-0.104347235037153));
#1744=CARTESIAN_POINT('',(-0.0247734709392517,0.00569721707502654,-0.10376390170382));
#1745=CARTESIAN_POINT('',(-0.0297074056570991,0.00854582561253982,-0.103180568370486));
#1746=CARTESIAN_POINT('',(-0.0346413403749466,0.0113944341500531,-0.102597235037153));
#1747=CARTESIAN_POINT('',(-0.0395752750927941,0.00854582561253982,-0.10201390170382));
#1748=CARTESIAN_POINT('',(-0.0445092098106415,0.00569721707502655,-0.101430568370486));
#1749=CARTESIAN_POINT('',(-0.0445092098106415,2.11794386688707E-18,-0.100847235037153));
#1750=CARTESIAN_POINT('',(-0.0445092098106415,-0.00569721707502654,-0.10026390170382));
#1751=CARTESIAN_POINT('',(-0.0395752750927941,-0.00854582561253982,-0.0996805683704863));
#1752=CARTESIAN_POINT('',(-0.0346413403749466,-0.0113944341500531,-0.099097235037153));
#1753=CARTESIAN_POINT('',(-0.0297074056570991,-0.00854582561253982,-0.0985139017038197));
#1754=CARTESIAN_POINT('',(-0.0247734709392517,-0.00569721707502655,-0.0979305683704863));
#1755=CARTESIAN_POINT('',(-0.0247734709392517,0.,-0.097347235037153));
#1756=CARTESIAN_POINT('',(-0.0247734709392517,0.00569721707502654,-0.0967639017038197));
#1757=CARTESIAN_POINT('',(-0.0297074056570991,0.00854582561253982,-0.0961805683704863));
#1758=CARTESIAN_POINT('',(-0.0346413403749466,0.0113944341500531,-0.095597235037153));
#1759=CARTESIAN_POINT('',(-0.0395752750927941,0.00854582561253982,-0.0950139017038197));
#1760=CARTESIAN_POINT('',(-0.0445092098106415,0.00569721707502655,-0.0944305683704863));
#1761=CARTESIAN_POINT('',(-0.0445092098106415,2.11794386688707E-18,-0.093847235037153));
#1762=CARTESIAN_POINT('',(-0.0445092098106415,-0.00569721707502654,-0.0932639017038196));
#1763=CARTESIAN_POINT('',(-0.0395752750927941,-0.00854582561253982,-0.0926805683704863));
#1764=CARTESIAN_POINT('',(-0.0346413403749466,-0.0113944341500531,-0.092097235037153));
#1765=CARTESIAN_POINT('',(-0.0297074056570991,-0.00854582561253982,-0.0915139017038197));
#1766=CARTESIAN_POINT('',(-0.0247734709392517,-0.00569721707502655,-0.0909305683704863));
#1767=CARTESIAN_POINT('',(-0.0247734709392517,0.,-0.090347235037153));
#1768=CARTESIAN_POINT('',(-0.0247734709392517,0.00569721707502654,-0.0897639017038196));
#1769=CARTESIAN_POINT('',(-0.0297074056570991,0.00854582561253982,-0.0891805683704863));
#1770=CARTESIAN_POINT('',(-0.0346413403749466,0.0113944341500531,-0.088597235037153));
#1771=CARTESIAN_POINT('',(-0.0395752750927941,0.00854582561253982,-0.0880139017038197));
#1772=CARTESIAN_POINT('',(-0.0445092098106415,0.00569721707502655,-0.0874305683704863));
#1773=CARTESIAN_POINT('',(-0.0445092098106415,2.11794386688707E-18,-0.086847235037153));
#1774=CARTESIAN_POINT('',(-0.0445092098106415,-0.00569721707502654,-0.0862639017038197));
#1775=CARTESIAN_POINT('',(-0.0395752750927941,-0.00854582561253982,-0.0856805683704863));
#1776=CARTESIAN_POINT('',(-0.0346413403749466,-0.0113944341500531,-0.085097235037153));
#1777=CARTESIAN_POINT('',(-0.0297074056570991,-0.00854582561253982,-0.0845139017038197));
#1778=CARTESIAN_POINT('',(-0.0259440583782004,-0.00637305604801358,-0.084068965554837));
#1779=CARTESIAN_POINT('',(-0.025006085115924,-0.00212995382424133,-0.0835790700945679));
#1780=CARTESIAN_POINT('',(-0.0248829543725682,0.00269942010990085,-0.118346438243042));
#1781=CARTESIAN_POINT('',(-0.0259883391250355,0.0066953787441854,-0.117883995070041));
#1782=CARTESIAN_POINT('',(-0.0295789060222573,0.0087683935088398,-0.117470261832078));
#1783=CARTESIAN_POINT('',(-0.0346413403749466,0.0116911913451197,-0.116886928498745));
#1784=CARTESIAN_POINT('',(-0.0397037747276358,0.0087683935088398,-0.116303595165412));
#1785=CARTESIAN_POINT('',(-0.044766209080325,0.00584559567255987,-0.115720261832078));
#1786=CARTESIAN_POINT('',(-0.0447662090803251,2.14941720018719E-18,-0.115136928498745));
#1787=CARTESIAN_POINT('',(-0.044766209080325,-0.00584559567255986,-0.114553595165412));
#1788=CARTESIAN_POINT('',(-0.0397037747276359,-0.00876839350883979,-0.113970261832078));
#1789=CARTESIAN_POINT('',(-0.0346413403749466,-0.0116911913451197,-0.113386928498745));
#1790=CARTESIAN_POINT('',(-0.0295789060222574,-0.0087683935088398,-0.112803595165412));
#1791=CARTESIAN_POINT('',(-0.0245164716695681,-0.00584559567255987,-0.112220261832078));
#1792=CARTESIAN_POINT('',(-0.0245164716695681,0.,-0.111636928498745));
#1793=CARTESIAN_POINT('',(-0.0245164716695681,0.00584559567255986,-0.111053595165412));
#1794=CARTESIAN_POINT('',(-0.0295789060222573,0.0087683935088398,-0.110470261832078));
#1795=CARTESIAN_POINT('',(-0.0346413403749466,0.0116911913451197,-0.109886928498745));
#1796=CARTESIAN_POINT('',(-0.0397037747276358,0.0087683935088398,-0.109303595165412));
#1797=CARTESIAN_POINT('',(-0.044766209080325,0.00584559567255987,-0.108720261832078));
#1798=CARTESIAN_POINT('',(-0.0447662090803251,2.14941720018719E-18,-0.108136928498745));
#1799=CARTESIAN_POINT('',(-0.044766209080325,-0.00584559567255986,-0.107553595165412));
#1800=CARTESIAN_POINT('',(-0.0397037747276359,-0.00876839350883979,-0.106970261832078));
#1801=CARTESIAN_POINT('',(-0.0346413403749466,-0.0116911913451197,-0.106386928498745));
#1802=CARTESIAN_POINT('',(-0.0295789060222574,-0.0087683935088398,-0.105803595165412));
#1803=CARTESIAN_POINT('',(-0.0245164716695681,-0.00584559567255987,-0.105220261832078));
#1804=CARTESIAN_POINT('',(-0.0245164716695681,0.,-0.104636928498745));
#1805=CARTESIAN_POINT('',(-0.0245164716695681,0.00584559567255986,-0.104053595165412));
#1806=CARTESIAN_POINT('',(-0.0295789060222573,0.0087683935088398,-0.103470261832078));
#1807=CARTESIAN_POINT('',(-0.0346413403749466,0.0116911913451197,-0.102886928498745));
#1808=CARTESIAN_POINT('',(-0.0397037747276358,0.0087683935088398,-0.102303595165412));
#1809=CARTESIAN_POINT('',(-0.044766209080325,0.00584559567255987,-0.101720261832078));
#1810=CARTESIAN_POINT('',(-0.0447662090803251,2.14941720018719E-18,-0.101136928498745));
#1811=CARTESIAN_POINT('',(-0.044766209080325,-0.00584559567255986,-0.100553595165412));
#1812=CARTESIAN_POINT('',(-0.0397037747276359,-0.00876839350883979,-0.0999702618320783));
#1813=CARTESIAN_POINT('',(-0.0346413403749466,-0.0116911913451197,-0.0993869284987449));
#1814=CARTESIAN_POINT('',(-0.0295789060222574,-0.0087683935088398,-0.0988035951654116));
#1815=CARTESIAN_POINT('',(-0.0245164716695681,-0.00584559567255987,-0.0982202618320783));
#1816=CARTESIAN_POINT('',(-0.0245164716695681,0.,-0.097636928498745));
#1817=CARTESIAN_POINT('',(-0.0245164716695681,0.00584559567255986,-0.0970535951654117));
#1818=CARTESIAN_POINT('',(-0.0295789060222573,0.0087683935088398,-0.0964702618320783));
#1819=CARTESIAN_POINT('',(-0.0346413403749466,0.0116911913451197,-0.0958869284987449));
#1820=CARTESIAN_POINT('',(-0.0397037747276358,0.0087683935088398,-0.0953035951654116));
#1821=CARTESIAN_POINT('',(-0.044766209080325,0.00584559567255987,-0.0947202618320783));
#1822=CARTESIAN_POINT('',(-0.0447662090803251,2.14941720018719E-18,-0.094136928498745));
#1823=CARTESIAN_POINT('',(-0.044766209080325,-0.00584559567255986,-0.0935535951654116));
#1824=CARTESIAN_POINT('',(-0.0397037747276359,-0.00876839350883979,-0.0929702618320783));
#1825=CARTESIAN_POINT('',(-0.0346413403749466,-0.0116911913451197,-0.092386928498745));
#1826=CARTESIAN_POINT('',(-0.0295789060222574,-0.0087683935088398,-0.0918035951654116));
#1827=CARTESIAN_POINT('',(-0.0245164716695681,-0.00584559567255987,-0.0912202618320782));
#1828=CARTESIAN_POINT('',(-0.0245164716695681,0.,-0.090636928498745));
#1829=CARTESIAN_POINT('',(-0.0245164716695681,0.00584559567255986,-0.0900535951654116));
#1830=CARTESIAN_POINT('',(-0.0295789060222573,0.0087683935088398,-0.0894702618320783));
#1831=CARTESIAN_POINT('',(-0.0346413403749466,0.0116911913451197,-0.088886928498745));
#1832=CARTESIAN_POINT('',(-0.0397037747276358,0.0087683935088398,-0.0883035951654116));
#1833=CARTESIAN_POINT('',(-0.044766209080325,0.00584559567255987,-0.0877202618320783));
#1834=CARTESIAN_POINT('',(-0.0447662090803251,2.14941720018719E-18,-0.087136928498745));
#1835=CARTESIAN_POINT('',(-0.044766209080325,-0.00584559567255986,-0.0865535951654117));
#1836=CARTESIAN_POINT('',(-0.0397037747276359,-0.00876839350883979,-0.0859702618320783));
#1837=CARTESIAN_POINT('',(-0.0346413403749466,-0.0116911913451197,-0.0853869284987449));
#1838=CARTESIAN_POINT('',(-0.0295789060222574,-0.0087683935088398,-0.0848035951654116));
#1839=CARTESIAN_POINT('',(-0.025717545944492,-0.00653903622850391,-0.0843586590164289));
#1840=CARTESIAN_POINT('',(-0.024755144061128,-0.00218542644483657,-0.0838687635561598));
#1841=CARTESIAN_POINT('',(-0.0247734709392517,0.,-0.118347235037153));
#1842=CARTESIAN_POINT('',(-0.0247734709392517,0.00569721707502654,-0.11776390170382));
#1843=CARTESIAN_POINT('',(-0.0297074056570991,0.00854582561253982,-0.117180568370486));
#1844=CARTESIAN_POINT('',(-0.0346413403749466,0.0113944341500531,-0.116597235037153));
#1845=CARTESIAN_POINT('',(-0.0395752750927941,0.00854582561253982,-0.11601390170382));
#1846=CARTESIAN_POINT('',(-0.0445092098106415,0.00569721707502655,-0.115430568370486));
#1847=CARTESIAN_POINT('',(-0.0445092098106415,2.11794386688707E-18,-0.114847235037153));
#1848=CARTESIAN_POINT('',(-0.0445092098106415,-0.00569721707502654,-0.11426390170382));
#1849=CARTESIAN_POINT('',(-0.0395752750927941,-0.00854582561253982,-0.113680568370486));
#1850=CARTESIAN_POINT('',(-0.0346413403749466,-0.0113944341500531,-0.113097235037153));
#1851=CARTESIAN_POINT('',(-0.0297074056570991,-0.00854582561253983,-0.11251390170382));
#1852=CARTESIAN_POINT('',(-0.0247734709392517,-0.00569721707502655,-0.111930568370486));
#1853=CARTESIAN_POINT('',(-0.0247734709392517,-2.41693094376556E-18,-0.111347235037153));
#1854=CARTESIAN_POINT('',(-0.0247734709392517,0.00569721707502654,-0.11076390170382));
#1855=CARTESIAN_POINT('',(-0.0297074056570991,0.00854582561253982,-0.110180568370486));
#1856=CARTESIAN_POINT('',(-0.0346413403749466,0.0113944341500531,-0.109597235037153));
#1857=CARTESIAN_POINT('',(-0.0395752750927941,0.00854582561253983,-0.10901390170382));
#1858=CARTESIAN_POINT('',(-0.0445092098106415,0.00569721707502656,-0.108430568370486));
#1859=CARTESIAN_POINT('',(-0.0445092098106415,4.53487481065263E-18,-0.107847235037153));
#1860=CARTESIAN_POINT('',(-0.0445092098106415,-0.00569721707502654,-0.10726390170382));
#1861=CARTESIAN_POINT('',(-0.0395752750927941,-0.00854582561253981,-0.106680568370486));
#1862=CARTESIAN_POINT('',(-0.0346413403749466,-0.0113944341500531,-0.106097235037153));
#1863=CARTESIAN_POINT('',(-0.0297074056570991,-0.00854582561253983,-0.10551390170382));
#1864=CARTESIAN_POINT('',(-0.0247734709392517,-0.00569721707502656,-0.104930568370486));
#1865=CARTESIAN_POINT('',(-0.0247734709392517,-4.83386188753112E-18,-0.104347235037153));
#1866=CARTESIAN_POINT('',(-0.0247734709392517,0.00569721707502654,-0.10376390170382));
#1867=CARTESIAN_POINT('',(-0.0297074056570991,0.00854582561253981,-0.103180568370486));
#1868=CARTESIAN_POINT('',(-0.0346413403749466,0.0113944341500531,-0.102597235037153));
#1869=CARTESIAN_POINT('',(-0.0395752750927941,0.00854582561253983,-0.10201390170382));
#1870=CARTESIAN_POINT('',(-0.0445092098106415,0.00569721707502656,-0.101430568370486));
#1871=CARTESIAN_POINT('',(-0.0445092098106415,2.44806631168235E-17,-0.100847235037153));
#1872=CARTESIAN_POINT('',(-0.0445092098106415,-0.00569721707502653,-0.10026390170382));
#1873=CARTESIAN_POINT('',(-0.0395752750927941,-0.00854582561253981,-0.0996805683704863));
#1874=CARTESIAN_POINT('',(-0.0346413403749466,-0.0113944341500531,-0.099097235037153));
#1875=CARTESIAN_POINT('',(-0.0297074056570991,-0.00854582561253984,-0.0985139017038197));
#1876=CARTESIAN_POINT('',(-0.0247734709392517,-0.00569721707502659,-0.0979305683704863));
#1877=CARTESIAN_POINT('',(-0.0247734709392517,-7.25079283129668E-18,-0.097347235037153));
#1878=CARTESIAN_POINT('',(-0.0247734709392517,0.00569721707502653,-0.0967639017038197));
#1879=CARTESIAN_POINT('',(-0.0297074056570991,0.00854582561253981,-0.0961805683704863));
#1880=CARTESIAN_POINT('',(-0.0346413403749466,0.0113944341500531,-0.095597235037153));
#1881=CARTESIAN_POINT('',(-0.0395752750927941,0.00854582561253984,-0.0950139017038197));
#1882=CARTESIAN_POINT('',(-0.0445092098106415,0.00569721707502659,-0.0944305683704863));
#1883=CARTESIAN_POINT('',(-0.0445092098106415,9.36873669818375E-18,-0.093847235037153));
#1884=CARTESIAN_POINT('',(-0.0445092098106415,-0.00569721707502653,-0.0932639017038196));
#1885=CARTESIAN_POINT('',(-0.0395752750927941,-0.00854582561253981,-0.0926805683704863));
#1886=CARTESIAN_POINT('',(-0.0346413403749466,-0.0113944341500531,-0.092097235037153));
#1887=CARTESIAN_POINT('',(-0.0297074056570991,-0.00854582561253984,-0.0915139017038197));
#1888=CARTESIAN_POINT('',(-0.0247734709392517,-0.00569721707502659,-0.0909305683704863));
#1889=CARTESIAN_POINT('',(-0.0247734709392517,-9.66772377506223E-18,-0.090347235037153));
#1890=CARTESIAN_POINT('',(-0.0247734709392516,0.00569721707502653,-0.0897639017038196));
#1891=CARTESIAN_POINT('',(-0.0297074056570991,0.00854582561253981,-0.0891805683704863));
#1892=CARTESIAN_POINT('',(-0.0346413403749466,0.0113944341500531,-0.088597235037153));
#1893=CARTESIAN_POINT('',(-0.0395752750927941,0.00854582561253984,-0.0880139017038197));
#1894=CARTESIAN_POINT('',(-0.0445092098106415,0.00569721707502659,-0.0874305683704863));
#1895=CARTESIAN_POINT('',(-0.0445092098106415,4.68433823667601E-17,-0.086847235037153));
#1896=CARTESIAN_POINT('',(-0.0445092098106415,-0.00569721707502653,-0.0862639017038197));
#1897=CARTESIAN_POINT('',(-0.0395752750927941,-0.00854582561253981,-0.0856805683704863));
#1898=CARTESIAN_POINT('',(-0.0346413403749466,-0.0113944341500531,-0.085097235037153));
#1899=CARTESIAN_POINT('',(-0.0297074056570991,-0.00854582561253984,-0.0845139017038197));
#1900=CARTESIAN_POINT('',(-0.0247734709392517,-0.00569721707502659,-0.0839305683704863));
#1901=CARTESIAN_POINT('',(-0.0247734709392517,-4.71423694436386E-17,-0.083347235037153));
#1902=CARTESIAN_POINT('',(-0.0245164716695681,0.,-0.118636928498745));
#1903=CARTESIAN_POINT('',(-0.0245164716695681,0.00584559567255987,-0.118053595165412));
#1904=CARTESIAN_POINT('',(-0.0295789060222573,0.0087683935088398,-0.117470261832078));
#1905=CARTESIAN_POINT('',(-0.0346413403749466,0.0116911913451197,-0.116886928498745));
#1906=CARTESIAN_POINT('',(-0.0397037747276358,0.0087683935088398,-0.116303595165412));
#1907=CARTESIAN_POINT('',(-0.044766209080325,0.00584559567255987,-0.115720261832078));
#1908=CARTESIAN_POINT('',(-0.0447662090803251,2.14941720018719E-18,-0.115136928498745));
#1909=CARTESIAN_POINT('',(-0.044766209080325,-0.00584559567255986,-0.114553595165412));
#1910=CARTESIAN_POINT('',(-0.0397037747276359,-0.0087683935088398,-0.113970261832078));
#1911=CARTESIAN_POINT('',(-0.0346413403749466,-0.0116911913451197,-0.113386928498745));
#1912=CARTESIAN_POINT('',(-0.0295789060222574,-0.00876839350883981,-0.112803595165412));
#1913=CARTESIAN_POINT('',(-0.0245164716695681,-0.00584559567255987,-0.112220261832078));
#1914=CARTESIAN_POINT('',(-0.0245164716695681,-2.47987761036578E-18,-0.111636928498745));
#1915=CARTESIAN_POINT('',(-0.0245164716695681,0.00584559567255986,-0.111053595165412));
#1916=CARTESIAN_POINT('',(-0.0295789060222573,0.0087683935088398,-0.110470261832078));
#1917=CARTESIAN_POINT('',(-0.0346413403749466,0.0116911913451197,-0.109886928498745));
#1918=CARTESIAN_POINT('',(-0.0397037747276358,0.00876839350883981,-0.109303595165412));
#1919=CARTESIAN_POINT('',(-0.044766209080325,0.00584559567255988,-0.108720261832078));
#1920=CARTESIAN_POINT('',(-0.0447662090803251,4.62929481055298E-18,-0.108136928498745));
#1921=CARTESIAN_POINT('',(-0.044766209080325,-0.00584559567255986,-0.107553595165412));
#1922=CARTESIAN_POINT('',(-0.0397037747276359,-0.00876839350883979,-0.106970261832078));
#1923=CARTESIAN_POINT('',(-0.0346413403749466,-0.0116911913451197,-0.106386928498745));
#1924=CARTESIAN_POINT('',(-0.0295789060222574,-0.00876839350883981,-0.105803595165412));
#1925=CARTESIAN_POINT('',(-0.0245164716695681,-0.00584559567255988,-0.105220261832078));
#1926=CARTESIAN_POINT('',(-0.0245164716695681,-4.95975522073157E-18,-0.104636928498745));
#1927=CARTESIAN_POINT('',(-0.0245164716695681,0.00584559567255986,-0.104053595165412));
#1928=CARTESIAN_POINT('',(-0.0295789060222573,0.00876839350883979,-0.103470261832078));
#1929=CARTESIAN_POINT('',(-0.0346413403749466,0.0116911913451197,-0.102886928498745));
#1930=CARTESIAN_POINT('',(-0.0397037747276358,0.00876839350883981,-0.102303595165412));
#1931=CARTESIAN_POINT('',(-0.044766209080325,0.00584559567255988,-0.101720261832078));
#1932=CARTESIAN_POINT('',(-0.0447662090803251,2.50945521937473E-17,-0.101136928498745));
#1933=CARTESIAN_POINT('',(-0.044766209080325,-0.00584559567255986,-0.100553595165412));
#1934=CARTESIAN_POINT('',(-0.0397037747276359,-0.00876839350883979,-0.0999702618320783));
#1935=CARTESIAN_POINT('',(-0.0346413403749466,-0.0116911913451197,-0.0993869284987449));
#1936=CARTESIAN_POINT('',(-0.0295789060222574,-0.00876839350883982,-0.0988035951654116));
#1937=CARTESIAN_POINT('',(-0.0245164716695681,-0.0058455956725599,-0.0982202618320783));
#1938=CARTESIAN_POINT('',(-0.0245164716695681,-7.43963283109736E-18,-0.097636928498745));
#1939=CARTESIAN_POINT('',(-0.0245164716695681,0.00584559567255986,-0.0970535951654117));
#1940=CARTESIAN_POINT('',(-0.0295789060222573,0.00876839350883979,-0.0964702618320783));
#1941=CARTESIAN_POINT('',(-0.0346413403749466,0.0116911913451197,-0.0958869284987449));
#1942=CARTESIAN_POINT('',(-0.0397037747276358,0.00876839350883982,-0.0953035951654116));
#1943=CARTESIAN_POINT('',(-0.044766209080325,0.0058455956725599,-0.0947202618320783));
#1944=CARTESIAN_POINT('',(-0.0447662090803251,9.58905003128454E-18,-0.094136928498745));
#1945=CARTESIAN_POINT('',(-0.044766209080325,-0.00584559567255985,-0.0935535951654116));
#1946=CARTESIAN_POINT('',(-0.0397037747276359,-0.00876839350883979,-0.0929702618320783));
#1947=CARTESIAN_POINT('',(-0.0346413403749466,-0.0116911913451197,-0.092386928498745));
#1948=CARTESIAN_POINT('',(-0.0295789060222574,-0.00876839350883982,-0.0918035951654116));
#1949=CARTESIAN_POINT('',(-0.0245164716695681,-0.0058455956725599,-0.0912202618320782));
#1950=CARTESIAN_POINT('',(-0.0245164716695681,-9.91951044146314E-18,-0.090636928498745));
#1951=CARTESIAN_POINT('',(-0.0245164716695681,0.00584559567255985,-0.0900535951654116));
#1952=CARTESIAN_POINT('',(-0.0295789060222573,0.00876839350883979,-0.0894702618320783));
#1953=CARTESIAN_POINT('',(-0.0346413403749466,0.0116911913451197,-0.088886928498745));
#1954=CARTESIAN_POINT('',(-0.0397037747276358,0.00876839350883982,-0.0883035951654116));
#1955=CARTESIAN_POINT('',(-0.044766209080325,0.0058455956725599,-0.0877202618320783));
#1956=CARTESIAN_POINT('',(-0.0447662090803251,4.80396871873075E-17,-0.087136928498745));
#1957=CARTESIAN_POINT('',(-0.044766209080325,-0.00584559567255985,-0.0865535951654117));
#1958=CARTESIAN_POINT('',(-0.0397037747276359,-0.00876839350883979,-0.0859702618320783));
#1959=CARTESIAN_POINT('',(-0.0346413403749466,-0.0116911913451197,-0.0853869284987449));
#1960=CARTESIAN_POINT('',(-0.0295789060222574,-0.00876839350883982,-0.0848035951654116));
#1961=CARTESIAN_POINT('',(-0.0245164716695681,-0.0058455956725599,-0.0842202618320782));
#1962=CARTESIAN_POINT('',(-0.0245164716695681,-4.83701475974861E-17,-0.083636928498745));
#1963=CARTESIAN_POINT('',(-0.0275095801017156,0.00207128570818016,-0.118095061154295));
#1964=CARTESIAN_POINT('',(-0.0283423377385965,0.00493860034685203,-0.117639553920715));
#1965=CARTESIAN_POINT('',(-0.0309281130361028,0.00643149841093121,-0.117233338845283));
#1966=CARTESIAN_POINT('',(-0.0346413403749466,0.00857533121457494,-0.11665000551195));
#1967=CARTESIAN_POINT('',(-0.0383545677137904,0.00643149841093121,-0.116066672178616));
#1968=CARTESIAN_POINT('',(-0.0420677950526341,0.00428766560728747,-0.115483338845283));
#1969=CARTESIAN_POINT('',(-0.0420677950526341,1.8189567900086E-18,-0.11490000551195));
#1970=CARTESIAN_POINT('',(-0.0420677950526341,-0.00428766560728747,-0.114316672178616));
#1971=CARTESIAN_POINT('',(-0.0383545677137904,-0.0064314984109312,-0.113733338845283));
#1972=CARTESIAN_POINT('',(-0.0346413403749466,-0.00857533121457494,-0.11315000551195));
#1973=CARTESIAN_POINT('',(-0.0309281130361028,-0.00643149841093121,-0.112566672178616));
#1974=CARTESIAN_POINT('',(-0.027214885697259,-0.00428766560728747,-0.111983338845283));
#1975=CARTESIAN_POINT('',(-0.0272148856972591,0.,-0.11140000551195));
#1976=CARTESIAN_POINT('',(-0.027214885697259,0.00428766560728747,-0.110816672178616));
#1977=CARTESIAN_POINT('',(-0.0309281130361028,0.00643149841093121,-0.110233338845283));
#1978=CARTESIAN_POINT('',(-0.0346413403749466,0.00857533121457494,-0.10965000551195));
#1979=CARTESIAN_POINT('',(-0.0383545677137904,0.00643149841093121,-0.109066672178616));
#1980=CARTESIAN_POINT('',(-0.0420677950526341,0.00428766560728747,-0.108483338845283));
#1981=CARTESIAN_POINT('',(-0.0420677950526341,1.8189567900086E-18,-0.10790000551195));
#1982=CARTESIAN_POINT('',(-0.0420677950526341,-0.00428766560728747,-0.107316672178616));
#1983=CARTESIAN_POINT('',(-0.0383545677137904,-0.0064314984109312,-0.106733338845283));
#1984=CARTESIAN_POINT('',(-0.0346413403749466,-0.00857533121457494,-0.10615000551195));
#1985=CARTESIAN_POINT('',(-0.0309281130361028,-0.00643149841093121,-0.105566672178616));
#1986=CARTESIAN_POINT('',(-0.027214885697259,-0.00428766560728747,-0.104983338845283));
#1987=CARTESIAN_POINT('',(-0.0272148856972591,0.,-0.10440000551195));
#1988=CARTESIAN_POINT('',(-0.027214885697259,0.00428766560728747,-0.103816672178616));
#1989=CARTESIAN_POINT('',(-0.0309281130361028,0.00643149841093121,-0.103233338845283));
#1990=CARTESIAN_POINT('',(-0.0346413403749466,0.00857533121457494,-0.10265000551195));
#1991=CARTESIAN_POINT('',(-0.0383545677137904,0.00643149841093121,-0.102066672178616));
#1992=CARTESIAN_POINT('',(-0.0420677950526341,0.00428766560728747,-0.101483338845283));
#1993=CARTESIAN_POINT('',(-0.0420677950526341,1.8189567900086E-18,-0.10090000551195));
#1994=CARTESIAN_POINT('',(-0.0420677950526341,-0.00428766560728747,-0.100316672178616));
#1995=CARTESIAN_POINT('',(-0.0383545677137904,-0.0064314984109312,-0.0997333388452831));
#1996=CARTESIAN_POINT('',(-0.0346413403749466,-0.00857533121457494,-0.0991500055119497));
#1997=CARTESIAN_POINT('',(-0.0309281130361028,-0.00643149841093121,-0.0985666721786164));
#1998=CARTESIAN_POINT('',(-0.027214885697259,-0.00428766560728747,-0.0979833388452831));
#1999=CARTESIAN_POINT('',(-0.0272148856972591,0.,-0.0974000055119497));
#2000=CARTESIAN_POINT('',(-0.027214885697259,0.00428766560728747,-0.0968166721786164));
#2001=CARTESIAN_POINT('',(-0.0309281130361028,0.00643149841093121,-0.0962333388452831));
#2002=CARTESIAN_POINT('',(-0.0346413403749466,0.00857533121457494,-0.0956500055119498));
#2003=CARTESIAN_POINT('',(-0.0383545677137904,0.00643149841093121,-0.0950666721786164));
#2004=CARTESIAN_POINT('',(-0.0420677950526341,0.00428766560728747,-0.094483338845283));
#2005=CARTESIAN_POINT('',(-0.0420677950526341,1.8189567900086E-18,-0.0939000055119497));
#2006=CARTESIAN_POINT('',(-0.0420677950526341,-0.00428766560728747,-0.0933166721786164));
#2007=CARTESIAN_POINT('',(-0.0383545677137904,-0.0064314984109312,-0.0927333388452831));
#2008=CARTESIAN_POINT('',(-0.0346413403749466,-0.00857533121457494,-0.0921500055119497));
#2009=CARTESIAN_POINT('',(-0.0309281130361028,-0.00643149841093121,-0.0915666721786164));
#2010=CARTESIAN_POINT('',(-0.027214885697259,-0.00428766560728747,-0.0909833388452831));
#2011=CARTESIAN_POINT('',(-0.0272148856972591,0.,-0.0904000055119497));
#2012=CARTESIAN_POINT('',(-0.027214885697259,0.00428766560728747,-0.0898166721786165));
#2013=CARTESIAN_POINT('',(-0.0309281130361028,0.00643149841093121,-0.0892333388452831));
#2014=CARTESIAN_POINT('',(-0.0346413403749466,0.00857533121457494,-0.0886500055119497));
#2015=CARTESIAN_POINT('',(-0.0383545677137904,0.00643149841093121,-0.0880666721786164));
#2016=CARTESIAN_POINT('',(-0.0420677950526341,0.00428766560728747,-0.0874833388452831));
#2017=CARTESIAN_POINT('',(-0.0420677950526341,1.8189567900086E-18,-0.0869000055119498));
#2018=CARTESIAN_POINT('',(-0.0420677950526341,-0.00428766560728747,-0.0863166721786164));
#2019=CARTESIAN_POINT('',(-0.0383545677137904,-0.0064314984109312,-0.0857333388452831));
#2020=CARTESIAN_POINT('',(-0.0346413403749466,-0.00857533121457494,-0.0851500055119498));
#2021=CARTESIAN_POINT('',(-0.0309281130361028,-0.00643149841093121,-0.0845666721786164));
#2022=CARTESIAN_POINT('',(-0.0281381993857479,-0.00482074101388298,-0.0841283877750871));
#2023=CARTESIAN_POINT('',(-0.0274081124914535,-0.00168304588921553,-0.0836441600855297));
#2024=CARTESIAN_POINT('',(-0.0251650448507365,0.00275221189913826,-0.118042290679498));
#2025=CARTESIAN_POINT('',(-0.0262715679480911,0.00656214378635217,-0.117586783445918));
#2026=CARTESIAN_POINT('',(-0.0297074056570991,0.00854582561253982,-0.117180568370486));
#2027=CARTESIAN_POINT('',(-0.0346413403749466,0.0113944341500531,-0.116597235037153));
#2028=CARTESIAN_POINT('',(-0.0395752750927941,0.00854582561253982,-0.11601390170382));
#2029=CARTESIAN_POINT('',(-0.0445092098106415,0.00569721707502655,-0.115430568370486));
#2030=CARTESIAN_POINT('',(-0.0445092098106415,2.11794386688707E-18,-0.114847235037153));
#2031=CARTESIAN_POINT('',(-0.0445092098106415,-0.00569721707502654,-0.11426390170382));
#2032=CARTESIAN_POINT('',(-0.0395752750927941,-0.00854582561253982,-0.113680568370486));
#2033=CARTESIAN_POINT('',(-0.0346413403749466,-0.0113944341500531,-0.113097235037153));
#2034=CARTESIAN_POINT('',(-0.0297074056570991,-0.00854582561253983,-0.11251390170382));
#2035=CARTESIAN_POINT('',(-0.0247734709392517,-0.00569721707502655,-0.111930568370486));
#2036=CARTESIAN_POINT('',(-0.0247734709392517,0.,-0.111347235037153));
#2037=CARTESIAN_POINT('',(-0.0247734709392517,0.00569721707502654,-0.11076390170382));
#2038=CARTESIAN_POINT('',(-0.0297074056570991,0.00854582561253982,-0.110180568370486));
#2039=CARTESIAN_POINT('',(-0.0346413403749466,0.0113944341500531,-0.109597235037153));
#2040=CARTESIAN_POINT('',(-0.0395752750927941,0.00854582561253982,-0.10901390170382));
#2041=CARTESIAN_POINT('',(-0.0445092098106415,0.00569721707502655,-0.108430568370486));
#2042=CARTESIAN_POINT('',(-0.0445092098106415,2.11794386688707E-18,-0.107847235037153));
#2043=CARTESIAN_POINT('',(-0.0445092098106415,-0.00569721707502654,-0.10726390170382));
#2044=CARTESIAN_POINT('',(-0.0395752750927941,-0.00854582561253982,-0.106680568370486));
#2045=CARTESIAN_POINT('',(-0.0346413403749466,-0.0113944341500531,-0.106097235037153));
#2046=CARTESIAN_POINT('',(-0.0297074056570991,-0.00854582561253983,-0.10551390170382));
#2047=CARTESIAN_POINT('',(-0.0247734709392517,-0.00569721707502655,-0.104930568370486));
#2048=CARTESIAN_POINT('',(-0.0247734709392517,0.,-0.104347235037153));
#2049=CARTESIAN_POINT('',(-0.0247734709392517,0.00569721707502654,-0.10376390170382));
#2050=CARTESIAN_POINT('',(-0.0297074056570991,0.00854582561253982,-0.103180568370486));
#2051=CARTESIAN_POINT('',(-0.0346413403749466,0.0113944341500531,-0.102597235037153));
#2052=CARTESIAN_POINT('',(-0.0395752750927941,0.00854582561253982,-0.10201390170382));
#2053=CARTESIAN_POINT('',(-0.0445092098106415,0.00569721707502655,-0.101430568370486));
#2054=CARTESIAN_POINT('',(-0.0445092098106415,2.11794386688707E-18,-0.100847235037153));
#2055=CARTESIAN_POINT('',(-0.0445092098106415,-0.00569721707502654,-0.10026390170382));
#2056=CARTESIAN_POINT('',(-0.0395752750927941,-0.00854582561253982,-0.0996805683704863));
#2057=CARTESIAN_POINT('',(-0.0346413403749466,-0.0113944341500531,-0.099097235037153));
#2058=CARTESIAN_POINT('',(-0.0297074056570991,-0.00854582561253983,-0.0985139017038197));
#2059=CARTESIAN_POINT('',(-0.0247734709392517,-0.00569721707502655,-0.0979305683704863));
#2060=CARTESIAN_POINT('',(-0.0247734709392517,0.,-0.097347235037153));
#2061=CARTESIAN_POINT('',(-0.0247734709392517,0.00569721707502654,-0.0967639017038197));
#2062=CARTESIAN_POINT('',(-0.0297074056570991,0.00854582561253982,-0.0961805683704863));
#2063=CARTESIAN_POINT('',(-0.0346413403749466,0.0113944341500531,-0.095597235037153));
#2064=CARTESIAN_POINT('',(-0.0395752750927941,0.00854582561253982,-0.0950139017038197));
#2065=CARTESIAN_POINT('',(-0.0445092098106415,0.00569721707502655,-0.0944305683704863));
#2066=CARTESIAN_POINT('',(-0.0445092098106415,2.11794386688707E-18,-0.093847235037153));
#2067=CARTESIAN_POINT('',(-0.0445092098106415,-0.00569721707502654,-0.0932639017038196));
#2068=CARTESIAN_POINT('',(-0.0395752750927941,-0.00854582561253982,-0.0926805683704863));
#2069=CARTESIAN_POINT('',(-0.0346413403749466,-0.0113944341500531,-0.092097235037153));
#2070=CARTESIAN_POINT('',(-0.0297074056570991,-0.00854582561253983,-0.0915139017038197));
#2071=CARTESIAN_POINT('',(-0.0247734709392517,-0.00569721707502655,-0.0909305683704863));
#2072=CARTESIAN_POINT('',(-0.0247734709392517,0.,-0.090347235037153));
#2073=CARTESIAN_POINT('',(-0.0247734709392517,0.00569721707502654,-0.0897639017038196));
#2074=CARTESIAN_POINT('',(-0.0297074056570991,0.00854582561253982,-0.0891805683704863));
#2075=CARTESIAN_POINT('',(-0.0346413403749466,0.0113944341500531,-0.088597235037153));
#2076=CARTESIAN_POINT('',(-0.0395752750927941,0.00854582561253982,-0.0880139017038197));
#2077=CARTESIAN_POINT('',(-0.0445092098106415,0.00569721707502655,-0.0874305683704863));
#2078=CARTESIAN_POINT('',(-0.0445092098106415,2.11794386688707E-18,-0.086847235037153));
#2079=CARTESIAN_POINT('',(-0.0445092098106415,-0.00569721707502654,-0.0862639017038197));
#2080=CARTESIAN_POINT('',(-0.0395752750927941,-0.00854582561253982,-0.0856805683704863));
#2081=CARTESIAN_POINT('',(-0.0346413403749466,-0.0113944341500531,-0.085097235037153));
#2082=CARTESIAN_POINT('',(-0.0297074056570991,-0.00854582561253983,-0.0845139017038197));
#2083=CARTESIAN_POINT('',(-0.0260003199973321,-0.00640553870896432,-0.0840756173002904));
#2084=CARTESIAN_POINT('',(-0.0250302202037853,-0.00223633992394246,-0.083591389610733));
#2085=CARTESIAN_POINT('',(-0.0248829543725682,0.00269942010990085,-0.119033524825226));
#2086=CARTESIAN_POINT('',(-0.0259883391250355,0.00669537874418541,-0.118571081652225));
#2087=CARTESIAN_POINT('',(-0.0295789060222573,0.0087683935088398,-0.118157348414262));
#2088=CARTESIAN_POINT('',(-0.0346413403749466,0.0116911913451197,-0.117574015080929));
#2089=CARTESIAN_POINT('',(-0.0397037747276358,0.0087683935088398,-0.116990681747595));
#2090=CARTESIAN_POINT('',(-0.044766209080325,0.00584559567255987,-0.116407348414262));
#2091=CARTESIAN_POINT('',(-0.0447662090803251,2.14941720018719E-18,-0.115824015080929));
#2092=CARTESIAN_POINT('',(-0.044766209080325,-0.00584559567255986,-0.115240681747595));
#2093=CARTESIAN_POINT('',(-0.0397037747276359,-0.0087683935088398,-0.114657348414262));
#2094=CARTESIAN_POINT('',(-0.0346413403749466,-0.0116911913451197,-0.114074015080929));
#2095=CARTESIAN_POINT('',(-0.0295789060222574,-0.00876839350883981,-0.113490681747595));
#2096=CARTESIAN_POINT('',(-0.0245164716695681,-0.00584559567255987,-0.112907348414262));
#2097=CARTESIAN_POINT('',(-0.0245164716695681,0.,-0.112324015080929));
#2098=CARTESIAN_POINT('',(-0.0245164716695681,0.00584559567255987,-0.111740681747595));
#2099=CARTESIAN_POINT('',(-0.0295789060222573,0.0087683935088398,-0.111157348414262));
#2100=CARTESIAN_POINT('',(-0.0346413403749466,0.0116911913451197,-0.110574015080929));
#2101=CARTESIAN_POINT('',(-0.0397037747276358,0.0087683935088398,-0.109990681747595));
#2102=CARTESIAN_POINT('',(-0.044766209080325,0.00584559567255987,-0.109407348414262));
#2103=CARTESIAN_POINT('',(-0.0447662090803251,2.14941720018719E-18,-0.108824015080929));
#2104=CARTESIAN_POINT('',(-0.044766209080325,-0.00584559567255986,-0.108240681747595));
#2105=CARTESIAN_POINT('',(-0.0397037747276359,-0.0087683935088398,-0.107657348414262));
#2106=CARTESIAN_POINT('',(-0.0346413403749466,-0.0116911913451197,-0.107074015080929));
#2107=CARTESIAN_POINT('',(-0.0295789060222574,-0.00876839350883981,-0.106490681747595));
#2108=CARTESIAN_POINT('',(-0.0245164716695681,-0.00584559567255987,-0.105907348414262));
#2109=CARTESIAN_POINT('',(-0.0245164716695681,0.,-0.105324015080929));
#2110=CARTESIAN_POINT('',(-0.0245164716695681,0.00584559567255987,-0.104740681747595));
#2111=CARTESIAN_POINT('',(-0.0295789060222573,0.0087683935088398,-0.104157348414262));
#2112=CARTESIAN_POINT('',(-0.0346413403749466,0.0116911913451197,-0.103574015080929));
#2113=CARTESIAN_POINT('',(-0.0397037747276358,0.0087683935088398,-0.102990681747595));
#2114=CARTESIAN_POINT('',(-0.044766209080325,0.00584559567255987,-0.102407348414262));
#2115=CARTESIAN_POINT('',(-0.0447662090803251,2.14941720018719E-18,-0.101824015080929));
#2116=CARTESIAN_POINT('',(-0.044766209080325,-0.00584559567255986,-0.101240681747595));
#2117=CARTESIAN_POINT('',(-0.0397037747276359,-0.0087683935088398,-0.100657348414262));
#2118=CARTESIAN_POINT('',(-0.0346413403749466,-0.0116911913451197,-0.100074015080929));
#2119=CARTESIAN_POINT('',(-0.0295789060222574,-0.00876839350883981,-0.0994906817475955));
#2120=CARTESIAN_POINT('',(-0.0245164716695681,-0.00584559567255987,-0.0989073484142622));
#2121=CARTESIAN_POINT('',(-0.0245164716695681,0.,-0.0983240150809288));
#2122=CARTESIAN_POINT('',(-0.0245164716695681,0.00584559567255987,-0.0977406817475955));
#2123=CARTESIAN_POINT('',(-0.0295789060222573,0.0087683935088398,-0.0971573484142622));
#2124=CARTESIAN_POINT('',(-0.0346413403749466,0.0116911913451197,-0.0965740150809288));
#2125=CARTESIAN_POINT('',(-0.0397037747276358,0.0087683935088398,-0.0959906817475955));
#2126=CARTESIAN_POINT('',(-0.044766209080325,0.00584559567255987,-0.0954073484142621));
#2127=CARTESIAN_POINT('',(-0.0447662090803251,2.14941720018719E-18,-0.0948240150809288));
#2128=CARTESIAN_POINT('',(-0.044766209080325,-0.00584559567255986,-0.0942406817475955));
#2129=CARTESIAN_POINT('',(-0.0397037747276359,-0.0087683935088398,-0.0936573484142622));
#2130=CARTESIAN_POINT('',(-0.0346413403749466,-0.0116911913451197,-0.0930740150809288));
#2131=CARTESIAN_POINT('',(-0.0295789060222574,-0.00876839350883981,-0.0924906817475955));
#2132=CARTESIAN_POINT('',(-0.0245164716695681,-0.00584559567255987,-0.0919073484142622));
#2133=CARTESIAN_POINT('',(-0.0245164716695681,0.,-0.0913240150809288));
#2134=CARTESIAN_POINT('',(-0.0245164716695681,0.00584559567255987,-0.0907406817475954));
#2135=CARTESIAN_POINT('',(-0.0295789060222573,0.0087683935088398,-0.0901573484142622));
#2136=CARTESIAN_POINT('',(-0.0346413403749466,0.0116911913451197,-0.0895740150809288));
#2137=CARTESIAN_POINT('',(-0.0397037747276358,0.0087683935088398,-0.0889906817475955));
#2138=CARTESIAN_POINT('',(-0.044766209080325,0.00584559567255987,-0.0884073484142621));
#2139=CARTESIAN_POINT('',(-0.0447662090803251,2.14941720018719E-18,-0.0878240150809288));
#2140=CARTESIAN_POINT('',(-0.044766209080325,-0.00584559567255986,-0.0872406817475955));
#2141=CARTESIAN_POINT('',(-0.0397037747276359,-0.0087683935088398,-0.0866573484142622));
#2142=CARTESIAN_POINT('',(-0.0346413403749466,-0.0116911913451197,-0.0860740150809289));
#2143=CARTESIAN_POINT('',(-0.0295789060222574,-0.00876839350883981,-0.0854906817475955));
#2144=CARTESIAN_POINT('',(-0.025717545944492,-0.00653903622850391,-0.0850457455986128));
#2145=CARTESIAN_POINT('',(-0.024755144061128,-0.00218542644483657,-0.0845558501383436));
#2146=CARTESIAN_POINT('',(-0.0252453265819266,0.00259917865306847,-0.119368778860087));
#2147=CARTESIAN_POINT('',(-0.02630966348951,0.00644674959716969,-0.118906335687087));
#2148=CARTESIAN_POINT('',(-0.0297668966920944,0.00844278411733312,-0.118492602449124));
#2149=CARTESIAN_POINT('',(-0.0346413403749466,0.0112570454897775,-0.11790926911579));
#2150=CARTESIAN_POINT('',(-0.0395157840577988,0.00844278411733313,-0.117325935782457));
#2151=CARTESIAN_POINT('',(-0.044390227740651,0.00562852274488875,-0.116742602449124));
#2152=CARTESIAN_POINT('',(-0.0443902277406509,2.10337276577008E-18,-0.11615926911579));
#2153=CARTESIAN_POINT('',(-0.044390227740651,-0.00562852274488874,-0.115575935782457));
#2154=CARTESIAN_POINT('',(-0.0395157840577988,-0.00844278411733312,-0.114992602449124));
#2155=CARTESIAN_POINT('',(-0.0346413403749466,-0.0112570454897775,-0.11440926911579));
#2156=CARTESIAN_POINT('',(-0.0297668966920944,-0.00844278411733313,-0.113825935782457));
#2157=CARTESIAN_POINT('',(-0.0248924530092423,-0.00562852274488875,-0.113242602449124));
#2158=CARTESIAN_POINT('',(-0.0248924530092422,0.,-0.11265926911579));
#2159=CARTESIAN_POINT('',(-0.0248924530092423,0.00562852274488875,-0.112075935782457));
#2160=CARTESIAN_POINT('',(-0.0297668966920944,0.00844278411733312,-0.111492602449124));
#2161=CARTESIAN_POINT('',(-0.0346413403749466,0.0112570454897775,-0.11090926911579));
#2162=CARTESIAN_POINT('',(-0.0395157840577988,0.00844278411733313,-0.110325935782457));
#2163=CARTESIAN_POINT('',(-0.044390227740651,0.00562852274488875,-0.109742602449124));
#2164=CARTESIAN_POINT('',(-0.0443902277406509,2.10337276577008E-18,-0.10915926911579));
#2165=CARTESIAN_POINT('',(-0.044390227740651,-0.00562852274488874,-0.108575935782457));
#2166=CARTESIAN_POINT('',(-0.0395157840577988,-0.00844278411733312,-0.107992602449124));
#2167=CARTESIAN_POINT('',(-0.0346413403749466,-0.0112570454897775,-0.10740926911579));
#2168=CARTESIAN_POINT('',(-0.0297668966920944,-0.00844278411733313,-0.106825935782457));
#2169=CARTESIAN_POINT('',(-0.0248924530092423,-0.00562852274488875,-0.106242602449124));
#2170=CARTESIAN_POINT('',(-0.0248924530092422,0.,-0.10565926911579));
#2171=CARTESIAN_POINT('',(-0.0248924530092423,0.00562852274488875,-0.105075935782457));
#2172=CARTESIAN_POINT('',(-0.0297668966920944,0.00844278411733312,-0.104492602449124));
#2173=CARTESIAN_POINT('',(-0.0346413403749466,0.0112570454897775,-0.10390926911579));
#2174=CARTESIAN_POINT('',(-0.0395157840577988,0.00844278411733313,-0.103325935782457));
#2175=CARTESIAN_POINT('',(-0.044390227740651,0.00562852274488875,-0.102742602449124));
#2176=CARTESIAN_POINT('',(-0.0443902277406509,2.10337276577008E-18,-0.10215926911579));
#2177=CARTESIAN_POINT('',(-0.044390227740651,-0.00562852274488874,-0.101575935782457));
#2178=CARTESIAN_POINT('',(-0.0395157840577988,-0.00844278411733312,-0.100992602449124));
#2179=CARTESIAN_POINT('',(-0.0346413403749466,-0.0112570454897775,-0.10040926911579));
#2180=CARTESIAN_POINT('',(-0.0297668966920944,-0.00844278411733313,-0.0998259357824571));
#2181=CARTESIAN_POINT('',(-0.0248924530092423,-0.00562852274488875,-0.0992426024491237));
#2182=CARTESIAN_POINT('',(-0.0248924530092422,0.,-0.0986592691157904));
#2183=CARTESIAN_POINT('',(-0.0248924530092423,0.00562852274488875,-0.0980759357824571));
#2184=CARTESIAN_POINT('',(-0.0297668966920944,0.00844278411733312,-0.0974926024491237));
#2185=CARTESIAN_POINT('',(-0.0346413403749466,0.0112570454897775,-0.0969092691157903));
#2186=CARTESIAN_POINT('',(-0.0395157840577988,0.00844278411733313,-0.0963259357824571));
#2187=CARTESIAN_POINT('',(-0.044390227740651,0.00562852274488875,-0.0957426024491237));
#2188=CARTESIAN_POINT('',(-0.0443902277406509,2.10337276577008E-18,-0.0951592691157904));
#2189=CARTESIAN_POINT('',(-0.044390227740651,-0.00562852274488874,-0.094575935782457));
#2190=CARTESIAN_POINT('',(-0.0395157840577988,-0.00844278411733312,-0.0939926024491237));
#2191=CARTESIAN_POINT('',(-0.0346413403749466,-0.0112570454897775,-0.0934092691157904));
#2192=CARTESIAN_POINT('',(-0.0297668966920944,-0.00844278411733313,-0.0928259357824571));
#2193=CARTESIAN_POINT('',(-0.0248924530092423,-0.00562852274488875,-0.0922426024491237));
#2194=CARTESIAN_POINT('',(-0.0248924530092422,0.,-0.0916592691157904));
#2195=CARTESIAN_POINT('',(-0.0248924530092423,0.00562852274488875,-0.0910759357824571));
#2196=CARTESIAN_POINT('',(-0.0297668966920944,0.00844278411733312,-0.0904926024491237));
#2197=CARTESIAN_POINT('',(-0.0346413403749466,0.0112570454897775,-0.0899092691157904));
#2198=CARTESIAN_POINT('',(-0.0395157840577988,0.00844278411733313,-0.0893259357824571));
#2199=CARTESIAN_POINT('',(-0.044390227740651,0.00562852274488875,-0.0887426024491237));
#2200=CARTESIAN_POINT('',(-0.0443902277406509,2.10337276577008E-18,-0.0881592691157904));
#2201=CARTESIAN_POINT('',(-0.044390227740651,-0.00562852274488874,-0.0875759357824571));
#2202=CARTESIAN_POINT('',(-0.0395157840577988,-0.00844278411733312,-0.0869926024491237));
#2203=CARTESIAN_POINT('',(-0.0346413403749466,-0.0112570454897775,-0.0864092691157904));
#2204=CARTESIAN_POINT('',(-0.0297668966920944,-0.00844278411733313,-0.0858259357824571));
#2205=CARTESIAN_POINT('',(-0.0260489260623553,-0.00629621277341413,-0.0853809996334744));
#2206=CARTESIAN_POINT('',(-0.025122262434957,-0.00210427185543904,-0.0848911041732052));
#2207=CARTESIAN_POINT('',(-0.0245164716695681,0.,-0.119324015080929));
#2208=CARTESIAN_POINT('',(-0.0245164716695681,0.00584559567255987,-0.118740681747596));
#2209=CARTESIAN_POINT('',(-0.0295789060222573,0.0087683935088398,-0.118157348414262));
#2210=CARTESIAN_POINT('',(-0.0346413403749466,0.0116911913451197,-0.117574015080929));
#2211=CARTESIAN_POINT('',(-0.0397037747276358,0.0087683935088398,-0.116990681747595));
#2212=CARTESIAN_POINT('',(-0.044766209080325,0.00584559567255987,-0.116407348414262));
#2213=CARTESIAN_POINT('',(-0.0447662090803251,2.14941720018719E-18,-0.115824015080929));
#2214=CARTESIAN_POINT('',(-0.044766209080325,-0.00584559567255986,-0.115240681747595));
#2215=CARTESIAN_POINT('',(-0.0397037747276359,-0.0087683935088398,-0.114657348414262));
#2216=CARTESIAN_POINT('',(-0.0346413403749466,-0.0116911913451197,-0.114074015080929));
#2217=CARTESIAN_POINT('',(-0.0295789060222574,-0.00876839350883981,-0.113490681747595));
#2218=CARTESIAN_POINT('',(-0.0245164716695681,-0.00584559567255987,-0.112907348414262));
#2219=CARTESIAN_POINT('',(-0.0245164716695681,-2.47987761036578E-18,-0.112324015080929));
#2220=CARTESIAN_POINT('',(-0.0245164716695681,0.00584559567255986,-0.111740681747595));
#2221=CARTESIAN_POINT('',(-0.0295789060222573,0.0087683935088398,-0.111157348414262));
#2222=CARTESIAN_POINT('',(-0.0346413403749466,0.0116911913451197,-0.110574015080929));
#2223=CARTESIAN_POINT('',(-0.0397037747276358,0.00876839350883981,-0.109990681747595));
#2224=CARTESIAN_POINT('',(-0.044766209080325,0.00584559567255988,-0.109407348414262));
#2225=CARTESIAN_POINT('',(-0.0447662090803251,4.62929481055298E-18,-0.108824015080929));
#2226=CARTESIAN_POINT('',(-0.044766209080325,-0.00584559567255986,-0.108240681747595));
#2227=CARTESIAN_POINT('',(-0.0397037747276359,-0.00876839350883979,-0.107657348414262));
#2228=CARTESIAN_POINT('',(-0.0346413403749466,-0.0116911913451197,-0.107074015080929));
#2229=CARTESIAN_POINT('',(-0.0295789060222574,-0.00876839350883981,-0.106490681747595));
#2230=CARTESIAN_POINT('',(-0.0245164716695681,-0.00584559567255988,-0.105907348414262));
#2231=CARTESIAN_POINT('',(-0.0245164716695681,-4.95975522073157E-18,-0.105324015080929));
#2232=CARTESIAN_POINT('',(-0.0245164716695681,0.00584559567255986,-0.104740681747595));
#2233=CARTESIAN_POINT('',(-0.0295789060222573,0.00876839350883979,-0.104157348414262));
#2234=CARTESIAN_POINT('',(-0.0346413403749466,0.0116911913451197,-0.103574015080929));
#2235=CARTESIAN_POINT('',(-0.0397037747276358,0.00876839350883981,-0.102990681747595));
#2236=CARTESIAN_POINT('',(-0.044766209080325,0.00584559567255988,-0.102407348414262));
#2237=CARTESIAN_POINT('',(-0.0447662090803251,2.50945521937473E-17,-0.101824015080929));
#2238=CARTESIAN_POINT('',(-0.044766209080325,-0.00584559567255986,-0.101240681747595));
#2239=CARTESIAN_POINT('',(-0.0397037747276359,-0.00876839350883979,-0.100657348414262));
#2240=CARTESIAN_POINT('',(-0.0346413403749466,-0.0116911913451197,-0.100074015080929));
#2241=CARTESIAN_POINT('',(-0.0295789060222574,-0.00876839350883982,-0.0994906817475955));
#2242=CARTESIAN_POINT('',(-0.0245164716695681,-0.0058455956725599,-0.0989073484142622));
#2243=CARTESIAN_POINT('',(-0.0245164716695681,-7.43963283109736E-18,-0.0983240150809288));
#2244=CARTESIAN_POINT('',(-0.0245164716695681,0.00584559567255986,-0.0977406817475955));
#2245=CARTESIAN_POINT('',(-0.0295789060222573,0.00876839350883979,-0.0971573484142622));
#2246=CARTESIAN_POINT('',(-0.0346413403749466,0.0116911913451197,-0.0965740150809288));
#2247=CARTESIAN_POINT('',(-0.0397037747276358,0.00876839350883982,-0.0959906817475955));
#2248=CARTESIAN_POINT('',(-0.044766209080325,0.0058455956725599,-0.0954073484142621));
#2249=CARTESIAN_POINT('',(-0.0447662090803251,9.58905003128454E-18,-0.0948240150809288));
#2250=CARTESIAN_POINT('',(-0.044766209080325,-0.00584559567255985,-0.0942406817475955));
#2251=CARTESIAN_POINT('',(-0.0397037747276359,-0.00876839350883979,-0.0936573484142622));
#2252=CARTESIAN_POINT('',(-0.0346413403749466,-0.0116911913451197,-0.0930740150809288));
#2253=CARTESIAN_POINT('',(-0.0295789060222574,-0.00876839350883982,-0.0924906817475955));
#2254=CARTESIAN_POINT('',(-0.0245164716695681,-0.0058455956725599,-0.0919073484142622));
#2255=CARTESIAN_POINT('',(-0.0245164716695681,-9.91951044146314E-18,-0.0913240150809288));
#2256=CARTESIAN_POINT('',(-0.0245164716695681,0.00584559567255985,-0.0907406817475954));
#2257=CARTESIAN_POINT('',(-0.0295789060222573,0.00876839350883979,-0.0901573484142622));
#2258=CARTESIAN_POINT('',(-0.0346413403749466,0.0116911913451197,-0.0895740150809288));
#2259=CARTESIAN_POINT('',(-0.0397037747276358,0.00876839350883982,-0.0889906817475955));
#2260=CARTESIAN_POINT('',(-0.044766209080325,0.0058455956725599,-0.0884073484142621));
#2261=CARTESIAN_POINT('',(-0.0447662090803251,4.80396871873075E-17,-0.0878240150809288));
#2262=CARTESIAN_POINT('',(-0.044766209080325,-0.00584559567255985,-0.0872406817475955));
#2263=CARTESIAN_POINT('',(-0.0397037747276359,-0.00876839350883979,-0.0866573484142622));
#2264=CARTESIAN_POINT('',(-0.0346413403749466,-0.0116911913451197,-0.0860740150809289));
#2265=CARTESIAN_POINT('',(-0.0295789060222574,-0.00876839350883982,-0.0854906817475955));
#2266=CARTESIAN_POINT('',(-0.0245164716695681,-0.0058455956725599,-0.0849073484142621));
#2267=CARTESIAN_POINT('',(-0.0245164716695681,-4.83701475974861E-17,-0.0843240150809288));
#2268=CARTESIAN_POINT('',(-0.0346413403749466,4.54739197502148E-19,-0.118980471789837));
#2269=CARTESIAN_POINT('',(-0.0346413403749466,6.69052387352935E-19,-0.121480471789837));
#2270=CARTESIAN_POINT('',(-0.0346413403749466,6.69052387352935E-19,-0.121480471789837));
#2271=CARTESIAN_POINT('',(-0.0346413403749466,0.0035,-0.121480471789837));
#2272=CARTESIAN_POINT('',(-0.0346413403749466,8.67361737988404E-19,-0.121480471789837));
#2273=CARTESIAN_POINT('',(-0.0346413403749466,6.69052387352935E-19,-0.0814804717898369));
#2274=CARTESIAN_POINT('',(-0.0346413403749466,6.69052387352935E-19,-0.0814804717898369));
#2275=CARTESIAN_POINT('',(-0.0346413403749466,-0.0035,-0.0814804717898369));
#2276=CARTESIAN_POINT('',(-0.0346413403749466,8.67361737988404E-19,-0.0814804717898369));
#2277=CARTESIAN_POINT('',(-0.048089169571824,0.00263004317747332,0.10546280316501));
#2278=CARTESIAN_POINT('',(-0.109635451967613,0.005,0.011278556426987));
#2279=CARTESIAN_POINT('',(-0.109635451967613,-0.005,0.011278556426987));
#2280=CARTESIAN_POINT('',(-0.109635451967613,-0.005,0.00474015017971396));
#2281=CARTESIAN_POINT('',(-0.109635451967613,-0.005,0.0178169626742601));
#2282=CARTESIAN_POINT('',(-0.109635451967613,0.005,0.00474015017971396));
#2283=CARTESIAN_POINT('',(-0.109635451967613,0.005,0.00474015017971396));
#2284=CARTESIAN_POINT('',(-0.109635451967613,0.005,0.011278556426987));
#2285=CARTESIAN_POINT('',(-0.109635451967613,0.005,0.0178169626742601));
#2286=CARTESIAN_POINT('',(-0.109635451967613,0.005,0.0178169626742601));
#2287=CARTESIAN_POINT('',(-0.134116051227912,0.005,0.00474015017971396));
#2288=CARTESIAN_POINT('',(-0.134116051227912,-0.005,0.00474015017971396));
#2289=CARTESIAN_POINT('',(-0.158596650488212,-0.005,0.00474015017971396));
#2290=CARTESIAN_POINT('',(-0.158596650488212,0.005,0.00474015017971396));
#2291=CARTESIAN_POINT('',(-0.158596650488212,0.005,0.00474015017971396));
#2292=CARTESIAN_POINT('',(-0.134116051227912,0.005,0.00474015017971396));
#2293=CARTESIAN_POINT('',(-0.152555600169814,0.005,0.011278556426987));
#2294=CARTESIAN_POINT('',(-0.152555600169814,-0.005,0.011278556426987));
#2295=CARTESIAN_POINT('',(-0.146514549851418,-0.005,0.0178169626742601));
#2296=CARTESIAN_POINT('',(-0.146514549851418,0.005,0.0178169626742601));
#2297=CARTESIAN_POINT('',(-0.146514549851418,0.005,0.0178169626742601));
#2298=CARTESIAN_POINT('',(-0.152555600169814,0.005,0.011278556426987));
#2299=CARTESIAN_POINT('',(-0.128075000909515,0.005,0.0178169626742601));
#2300=CARTESIAN_POINT('',(-0.128075000909515,-0.005,0.0178169626742601));
#2301=CARTESIAN_POINT('',(-0.128075000909515,0.005,0.0178169626742601));
#2302=CARTESIAN_POINT('',(-0.0406323503588807,0.005,-0.0253565189304502));
#2303=CARTESIAN_POINT('',(-0.0406323503588807,-0.005,-0.0253565189304502));
#2304=CARTESIAN_POINT('',(0.00887213897220072,-0.00394711871837469,0.00163844774100474));
#2305=MECHANICAL_DESIGN_GEOMETRIC_PRESENTATION_REPRESENTATION('',(#865,
#866,#867),#2306);
#2306=(
GEOMETRIC_REPRESENTATION_CONTEXT(3)
GLOBAL_UNCERTAINTY_ASSIGNED_CONTEXT((#2310))
GLOBAL_UNIT_ASSIGNED_CONTEXT((#2316,#2315,#2314))
REPRESENTATION_CONTEXT('Assembly 1','TOP_LEVEL_ASSEMBLY_PART')
);
#2307=(
GEOMETRIC_REPRESENTATION_CONTEXT(3)
GLOBAL_UNCERTAINTY_ASSIGNED_CONTEXT((#2311))
GLOBAL_UNIT_ASSIGNED_CONTEXT((#2316,#2315,#2314))
REPRESENTATION_CONTEXT('Part 1','COMPONENT_PART')
);
#2308=(
GEOMETRIC_REPRESENTATION_CONTEXT(3)
GLOBAL_UNCERTAINTY_ASSIGNED_CONTEXT((#2312))
GLOBAL_UNIT_ASSIGNED_CONTEXT((#2316,#2315,#2314))
REPRESENTATION_CONTEXT('Part 3','COMPONENT_PART')
);
#2309=(
GEOMETRIC_REPRESENTATION_CONTEXT(3)
GLOBAL_UNCERTAINTY_ASSIGNED_CONTEXT((#2313))
GLOBAL_UNIT_ASSIGNED_CONTEXT((#2316,#2315,#2314))
REPRESENTATION_CONTEXT('Part 4','COMPONENT_PART')
);
#2310=UNCERTAINTY_MEASURE_WITH_UNIT(LENGTH_MEASURE(1.E-8),#2316,
'DISTANCE_ACCURACY_VALUE','Maximum Tolerance applied to model');
#2311=UNCERTAINTY_MEASURE_WITH_UNIT(LENGTH_MEASURE(1.E-8),#2316,
'DISTANCE_ACCURACY_VALUE','Maximum Tolerance applied to model');
#2312=UNCERTAINTY_MEASURE_WITH_UNIT(LENGTH_MEASURE(2.E-5),#2316,
'DISTANCE_ACCURACY_VALUE','Maximum Tolerance applied to model');
#2313=UNCERTAINTY_MEASURE_WITH_UNIT(LENGTH_MEASURE(1.E-8),#2316,
'DISTANCE_ACCURACY_VALUE','Maximum Tolerance applied to model');
#2314=(
NAMED_UNIT(*)
SI_UNIT($,.STERADIAN.)
SOLID_ANGLE_UNIT()
);
#2315=(
NAMED_UNIT(*)
PLANE_ANGLE_UNIT()
SI_UNIT($,.RADIAN.)
);
#2316=(
LENGTH_UNIT()
NAMED_UNIT(*)
SI_UNIT($,.METRE.)
);
#2317=PRODUCT_DEFINITION_SHAPE('','',#2324);
#2318=PRODUCT_DEFINITION_SHAPE('','',#2325);
#2319=PRODUCT_DEFINITION_SHAPE(' ','NAUO PRDDFN',#32);
#2320=PRODUCT_DEFINITION_SHAPE('','',#2326);
#2321=PRODUCT_DEFINITION_SHAPE(' ','NAUO PRDDFN',#33);
#2322=PRODUCT_DEFINITION_SHAPE('','',#2327);
#2323=PRODUCT_DEFINITION_SHAPE(' ','NAUO PRDDFN',#34);
#2324=PRODUCT_DEFINITION('','',#2332,#2328);
#2325=PRODUCT_DEFINITION('','',#2333,#2329);
#2326=PRODUCT_DEFINITION('','',#2334,#2330);
#2327=PRODUCT_DEFINITION('','',#2335,#2331);
#2328=PRODUCT_DEFINITION_CONTEXT('',#2353,'design');
#2329=PRODUCT_DEFINITION_CONTEXT('',#2353,'design');
#2330=PRODUCT_DEFINITION_CONTEXT('',#2353,'design');
#2331=PRODUCT_DEFINITION_CONTEXT('',#2353,'design');
#2332=PRODUCT_DEFINITION_FORMATION_WITH_SPECIFIED_SOURCE('','',#2340,
 .NOT_KNOWN.);
#2333=PRODUCT_DEFINITION_FORMATION_WITH_SPECIFIED_SOURCE('','',#2341,
 .NOT_KNOWN.);
#2334=PRODUCT_DEFINITION_FORMATION_WITH_SPECIFIED_SOURCE('','',#2342,
 .NOT_KNOWN.);
#2335=PRODUCT_DEFINITION_FORMATION_WITH_SPECIFIED_SOURCE('','',#2343,
 .NOT_KNOWN.);
#2336=PRODUCT_RELATED_PRODUCT_CATEGORY('','',(#2340));
#2337=PRODUCT_RELATED_PRODUCT_CATEGORY('','',(#2341));
#2338=PRODUCT_RELATED_PRODUCT_CATEGORY('','',(#2342));
#2339=PRODUCT_RELATED_PRODUCT_CATEGORY('','',(#2343));
#2340=PRODUCT('Assembly 1','Assembly 1','Assembly 1',(#2348));
#2341=PRODUCT('Part 1','Part 1','Part 1',(#2349));
#2342=PRODUCT('Part 3','Part 3','Part 3',(#2350));
#2343=PRODUCT('Part 4','Part 4','Part 4',(#2351));
#2344=PRODUCT_CATEGORY('','');
#2345=PRODUCT_CATEGORY('','');
#2346=PRODUCT_CATEGORY('','');
#2347=PRODUCT_CATEGORY('','');
#2348=PRODUCT_CONTEXT('',#2353,'mechanical');
#2349=PRODUCT_CONTEXT('',#2353,'mechanical');
#2350=PRODUCT_CONTEXT('',#2353,'mechanical');
#2351=PRODUCT_CONTEXT('',#2353,'mechanical');
#2352=APPLICATION_PROTOCOL_DEFINITION('international standard',
'ap242_managed_model_based_3d_engineering',2020,#2353);
#2353=APPLICATION_CONTEXT('managed model based 3d engineering');
ENDSEC;
END-ISO-10303-21;
